ISO-10303-21;
HEADER;
FILE_DESCRIPTION (( 'STEP AP214' ),
    '1' );
FILE_NAME ('Button d19 terminal block.STEP',
    '2025-05-27T10:12:08',
    ( 'Пользователь Windows' ),
    ( '' ),
    'SwSTEP 2.0',
    'SolidWorks 2024',
    '' );
FILE_SCHEMA (( 'AUTOMOTIVE_DESIGN' ));
ENDSEC;

DATA;
#1 =( NAMED_UNIT ( * ) PLANE_ANGLE_UNIT ( ) SI_UNIT ( $, .RADIAN. ) );
#2 = ORIENTED_EDGE ( 'NONE', *, *, #334, .T. ) ;
#3 =( LENGTH_UNIT ( ) NAMED_UNIT ( * ) SI_UNIT ( .MILLI., .METRE. ) );
#4 = CARTESIAN_POINT ( 'NONE',  ( 0.08762078301915704470, -0.5162715607969636800, -20.60000000000000142 ) ) ;
#5 = DIRECTION ( 'NONE',  ( 0.000000000000000000, -1.000000000000000000, -0.000000000000000000 ) ) ;
#6 =( LENGTH_UNIT ( ) NAMED_UNIT ( * ) SI_UNIT ( .MILLI., .METRE. ) );
#7 = DIRECTION ( 'NONE',  ( 1.000000000000000000, -0.000000000000000000, 0.000000000000000000 ) ) ;
#8 = CARTESIAN_POINT ( 'NONE',  ( -0.8848914793353974684, -0.01004501148917113541, -20.60000000000000142 ) ) ;
#9 = DIRECTION ( 'NONE',  ( 1.000000000000000000, -3.422125580184494708E-16, 0.000000000000000000 ) ) ;
#10 = DIRECTION ( 'NONE',  ( 0.000000000000000000, 0.000000000000000000, -1.000000000000000000 ) ) ;
#11 = CARTESIAN_POINT ( 'NONE',  ( 5.066991263610191254, -0.6433302629182148236, -20.40000000000000213 ) ) ;
#12 =( GEOMETRIC_REPRESENTATION_CONTEXT ( 3 ) GLOBAL_UNCERTAINTY_ASSIGNED_CONTEXT ( ( #7065 ) ) GLOBAL_UNIT_ASSIGNED_CONTEXT ( ( #5081, #1603, #4212 ) ) REPRESENTATION_CONTEXT ( 'NONE', 'WORKASPACE' ) );
#13 = ORIENTED_EDGE ( 'NONE', *, *, #7647, .F. ) ;
#14 = CARTESIAN_POINT ( 'NONE',  ( -2.600000000000000533, 0.7999999999999984901, -18.59999999999999787 ) ) ;
#15 = DIRECTION ( 'NONE',  ( -1.355252715606880789E-16, 1.000000000000000000, 0.000000000000000000 ) ) ;
#16 = ORIENTED_EDGE ( 'NONE', *, *, #4536, .F. ) ;
#17 = CARTESIAN_POINT ( 'NONE',  ( -4.336808689942017736E-16, 2.399999999999998579, -18.59999999999999787 ) ) ;
#18 =( GEOMETRIC_REPRESENTATION_CONTEXT ( 3 ) GLOBAL_UNCERTAINTY_ASSIGNED_CONTEXT ( ( #8353 ) ) GLOBAL_UNIT_ASSIGNED_CONTEXT ( ( #2631, #1680, #4301 ) ) REPRESENTATION_CONTEXT ( 'NONE', 'WORKASPACE' ) );
#19 = CARTESIAN_POINT ( 'NONE',  ( -5.434532892455458786, -0.7223015049956648115, -20.40000000000000213 ) ) ;
#20 = CARTESIAN_POINT ( 'NONE',  ( -4.786196853494418590, 0.6218543391601795145, -20.60000000000000142 ) ) ;
#21 = FACE_OUTER_BOUND ( 'NONE', #3244, .T. ) ;
#22 = DIRECTION ( 'NONE',  ( -0.000000000000000000, -0.000000000000000000, -1.000000000000000000 ) ) ;
#23 = CARTESIAN_POINT ( 'NONE',  ( -7.869140320336472705, -4.813878188659971080, -20.60000000000000142 ) ) ;
#24 = SURFACE_SIDE_STYLE ('',( #969 ) ) ;
#25 = ORIENTED_EDGE ( 'NONE', *, *, #9618, .T. ) ;
#26 = VECTOR ( 'NONE', #7925, 1000.000000000000000 ) ;
#27 = ADVANCED_FACE ( 'NONE', ( #7978 ), #429, .F. ) ;
#28 =( NAMED_UNIT ( * ) PLANE_ANGLE_UNIT ( ) SI_UNIT ( $, .RADIAN. ) );
#29 = B_SPLINE_CURVE_WITH_KNOTS ( 'NONE', 3,
 ( #9894, #5808, #7479, #9100, #769, #6673, #9735, #2477, #1725, #1574, #4998 ),
 .UNSPECIFIED., .F., .F.,
 ( 4, 1, 1, 1, 1, 1, 1, 1, 4 ),
 ( 0.000000000000000000, 0.1205930384578621367, 0.2411393832574639240, 0.3617290870536218894, 0.4838562937925873775, 0.6083316884723447560, 0.7354918421289449171, 0.8655566908362639644, 1.000000000000000000 ),
 .UNSPECIFIED. ) ;
#30 = EDGE_LOOP ( 'NONE', ( #3084, #10488, #1385, #1952 ) ) ;
#31 = DIRECTION ( 'NONE',  ( -0.1709236235844706908, 0.9852842812613800128, 0.000000000000000000 ) ) ;
#32 = VECTOR ( 'NONE', #9907, 1000.000000000000000 ) ;
#33 = DIRECTION ( 'NONE',  ( -0.000000000000000000, -0.000000000000000000, 1.000000000000000000 ) ) ;
#34 = CARTESIAN_POINT ( 'NONE',  ( -4.358976156162452931, -0.4214244115432351223, -20.40000000000000568 ) ) ;
#35 = EDGE_LOOP ( 'NONE', ( #1113, #9837, #478, #1201 ) ) ;
#36 = EDGE_CURVE ( 'NONE', #2905, #8035, #5212, .T. ) ;
#37 = PRESENTATION_LAYER_ASSIGNMENT (  '', '', ( #7063 ) ) ;
#38 = EDGE_CURVE ( 'NONE', #4053, #7794, #8791, .T. ) ;
#39 = CARTESIAN_POINT ( 'NONE',  ( -0.8702614796089305216, 0.1422854179071438852, -20.39999999999999503 ) ) ;
#40 = ORIENTED_EDGE ( 'NONE', *, *, #4894, .T. ) ;
#41 = CYLINDRICAL_SURFACE ( 'NONE', #3324, 0.1999999999999987899 ) ;
#42 = CARTESIAN_POINT ( 'NONE',  ( -5.500182337965475732, -0.7171791466795186532, -20.40000000000000568 ) ) ;
#43 = CARTESIAN_POINT ( 'NONE',  ( -0.5226755702444884077, 0.6413348586406990570, -20.40000000000000213 ) ) ;
#44 = VERTEX_POINT ( 'NONE', #4477 ) ;
#45 = DIRECTION ( 'NONE',  ( -0.000000000000000000, 1.000000000000000000, 0.000000000000000000 ) ) ;
#46 = FILL_AREA_STYLE_COLOUR ( '', #2070 ) ;
#47 =( NAMED_UNIT ( * ) SI_UNIT ( $, .STERADIAN. ) SOLID_ANGLE_UNIT ( ) );
#48 = CARTESIAN_POINT ( 'NONE',  ( 5.172472684685431865, 0.4653832460872163734, -20.60000000000000497 ) ) ;
#49 = SURFACE_STYLE_FILL_AREA ( #4914 ) ;
#50 = ORIENTED_EDGE ( 'NONE', *, *, #2629, .T. ) ;
#51 = VERTEX_POINT ( 'NONE', #10249 ) ;
#52 = EDGE_CURVE ( 'NONE', #3408, #10320, #2158, .T. ) ;
#53 = CARTESIAN_POINT ( 'NONE',  ( 5.048197674459546036, -0.6273834663167744408, -20.60000000000000142 ) ) ;
#54 = AXIS2_PLACEMENT_3D ( 'NONE', #6063, #7743, #3702 ) ;
#55 = CARTESIAN_POINT ( 'NONE',  ( -0.3869207001146183211, -0.8976261803203399170, -20.60000000000000497 ) ) ;
#56 = ORIENTED_EDGE ( 'NONE', *, *, #4547, .F. ) ;
#57 = FILL_AREA_STYLE_COLOUR ( '', #5639 ) ;
#58 = CARTESIAN_POINT ( 'NONE',  ( 2.600000000000000533, 3.999999999999998224, -18.59999999999999787 ) ) ;
#59 = CARTESIAN_POINT ( 'NONE',  ( 0.5661028388464206529, -0.2572041023982621910, -20.60000000000000142 ) ) ;
#60 = CARTESIAN_POINT ( 'NONE',  ( 5.466696424174545044, -0.8758663848790336770, -20.59999999999999787 ) ) ;
#61 = MECHANICAL_DESIGN_GEOMETRIC_PRESENTATION_REPRESENTATION (  '', ( #4331 ), #1081 ) ;
#62 = ORIENTED_EDGE ( 'NONE', *, *, #6845, .T. ) ;
#63 = EDGE_CURVE ( 'NONE', #998, #8034, #6358, .T. ) ;
#64 = FACE_OUTER_BOUND ( 'NONE', #4797, .T. ) ;
#65 = LINE ( 'NONE', #713, #821 ) ;
#66 = ORIENTED_EDGE ( 'NONE', *, *, #9215, .T. ) ;
#67 = DIRECTION ( 'NONE',  ( -1.000000000000000000, 0.000000000000000000, 0.000000000000000000 ) ) ;
#68 = FILL_AREA_STYLE ('',( #5749 ) ) ;
#69 = DIRECTION ( 'NONE',  ( 0.000000000000000000, 0.000000000000000000, 1.000000000000000000 ) ) ;
#70 = VECTOR ( 'NONE', #4872, 1000.000000000000000 ) ;
#71 = VERTEX_POINT ( 'NONE', #6190 ) ;
#72 = CARTESIAN_POINT ( 'NONE',  ( 1.081788705238269088, 0.2988887745583485023, -20.40000000000000213 ) ) ;
#73 = VECTOR ( 'NONE', #2723, 1000.000000000000000 ) ;
#74 = ORIENTED_EDGE ( 'NONE', *, *, #232, .F. ) ;
#75 = CARTESIAN_POINT ( 'NONE',  ( -5.216571559042785466, -0.8579084494446655995, -20.60000000000000497 ) ) ;
#76 = DIRECTION ( 'NONE',  ( -0.000000000000000000, 0.000000000000000000, 1.000000000000000000 ) ) ;
#77 =( GEOMETRIC_REPRESENTATION_CONTEXT ( 3 ) GLOBAL_UNCERTAINTY_ASSIGNED_CONTEXT ( ( #10426 ) ) GLOBAL_UNIT_ASSIGNED_CONTEXT ( ( #4258, #8398, #2543 ) ) REPRESENTATION_CONTEXT ( 'NONE', 'WORKASPACE' ) );
#78 = DIRECTION ( 'NONE',  ( 0.000000000000000000, 0.000000000000000000, -1.000000000000000000 ) ) ;
#79 = CARTESIAN_POINT ( 'NONE',  ( -0.3981828754392935932, -0.7223015049956645894, -20.40000000000000213 ) ) ;
#80 = EDGE_CURVE ( 'NONE', #10522, #3581, #7766, .T. ) ;
#81 = FACE_OUTER_BOUND ( 'NONE', #1541, .T. ) ;
#82 =( GEOMETRIC_REPRESENTATION_CONTEXT ( 3 ) GLOBAL_UNCERTAINTY_ASSIGNED_CONTEXT ( ( #3614 ) ) GLOBAL_UNIT_ASSIGNED_CONTEXT ( ( #8265, #4981, #2560 ) ) REPRESENTATION_CONTEXT ( 'NONE', 'WORKASPACE' ) );
#83 = CARTESIAN_POINT ( 'NONE',  ( -3.887353509338574487, 0.03713437162771186795, -20.40000000000000213 ) ) ;
#84 = PLANE ( 'NONE',  #2201 ) ;
#85 = STYLED_ITEM ( 'NONE', ( #7597 ), #297 ) ;
#86 = ORIENTED_EDGE ( 'NONE', *, *, #3284, .F. ) ;
#87 = CARTESIAN_POINT ( 'NONE',  ( -0.5300001659706566892, 0.4655575693260628478, -20.40000000000000568 ) ) ;
#88 = ORIENTED_EDGE ( 'NONE', *, *, #4536, .T. ) ;
#89 = DIRECTION ( 'NONE',  ( -1.000000000000000000, 0.000000000000000000, 0.000000000000000000 ) ) ;
#90 = CARTESIAN_POINT ( 'NONE',  ( 3.400000000000000355, 3.199999999999998401, -8.799999999999998934 ) ) ;
#91 = CARTESIAN_POINT ( 'NONE',  ( -3.400000000000000355, 3.199999999999998401, -8.799999999999998934 ) ) ;
#92 = CARTESIAN_POINT ( 'NONE',  ( 4.049999999999999822, 2.399999999999998579, -20.60000000000000142 ) ) ;
#93 = ADVANCED_FACE ( 'NONE', ( #7020 ), #9484, .F. ) ;
#94 = UNCERTAINTY_MEASURE_WITH_UNIT (LENGTH_MEASURE( 1.000000000000000082E-05 ), #4476, 'distance_accuracy_value', 'NONE');
#95 = CARTESIAN_POINT ( 'NONE',  ( -3.887353509338574487, 0.03713437162771186795, -20.60000000000000142 ) ) ;
#96 = ADVANCED_FACE ( 'NONE', ( #10361 ), #5446, .T. ) ;
#97 = FACE_OUTER_BOUND ( 'NONE', #7851, .T. ) ;
#98 = CARTESIAN_POINT ( 'NONE',  ( 2.400000000000000355, -5.199999999999997513, -18.59999999999999787 ) ) ;
#99 = CARTESIAN_POINT ( 'NONE',  ( -0.8141044096172369571, 0.5421735837692379656, -20.60000000000000142 ) ) ;
#100 = VERTEX_POINT ( 'NONE', #4641 ) ;
#101 = VERTEX_POINT ( 'NONE', #7922 ) ;
#102 = FACE_OUTER_BOUND ( 'NONE', #9580, .T. ) ;
#103 = LINE ( 'NONE', #3457, #10483 ) ;
#104 = ORIENTED_EDGE ( 'NONE', *, *, #10184, .F. ) ;
#105 = CARTESIAN_POINT ( 'NONE',  ( -2.399999999999999911, 8.399999999999998579, -18.59999999999999787 ) ) ;
#106 = CARTESIAN_POINT ( 'NONE',  ( -6.599999999999999645, 1.599999999999998757, -8.799999999999998934 ) ) ;
#107 = EDGE_CURVE ( 'NONE', #1929, #7756, #576, .T. ) ;
#108 = DIRECTION ( 'NONE',  ( 1.000000000000000000, -3.422125580184494708E-16, 0.000000000000000000 ) ) ;
#109 = LINE ( 'NONE', #955, #6992 ) ;
#110 = EDGE_CURVE ( 'NONE', #5801, #5959, #2054, .T. ) ;
#111 =( LENGTH_UNIT ( ) NAMED_UNIT ( * ) SI_UNIT ( .MILLI., .METRE. ) );
#112 = ORIENTED_EDGE ( 'NONE', *, *, #8510, .T. ) ;
#113 = PRESENTATION_STYLE_ASSIGNMENT (( #8268 ) ) ;
#114 = FACE_OUTER_BOUND ( 'NONE', #1307, .T. ) ;
#115 = CARTESIAN_POINT ( 'NONE',  ( -0.2000294663483845048, 0.2995126183809586617, -20.40000000000000213 ) ) ;
#116 = ORIENTED_EDGE ( 'NONE', *, *, #6518, .F. ) ;
#117 = CARTESIAN_POINT ( 'NONE',  ( 3.400000000000000355, 3.199999999999998401, -2.000000000000000000 ) ) ;
#118 = CARTESIAN_POINT ( 'NONE',  ( -4.475421691156756587, -0.2572041023982621910, -20.40000000000000213 ) ) ;
#119 = LINE ( 'NONE', #9841, #826 ) ;
#120 = CARTESIAN_POINT ( 'NONE',  ( 1.500000000000000000, -9.375835069691863310, -2.000000000000000000 ) ) ;
#121 = CARTESIAN_POINT ( 'NONE',  ( -1.599999999999999867, -5.999999999999997335, -2.000000000000000000 ) ) ;
#122 = AXIS2_PLACEMENT_3D ( 'NONE', #7963, #617, #2951 ) ;
#123 = DIRECTION ( 'NONE',  ( 0.000000000000000000, 0.000000000000000000, 1.000000000000000000 ) ) ;
#124 = EDGE_CURVE ( 'NONE', #376, #832, #4363, .T. ) ;
#125 = FACE_OUTER_BOUND ( 'NONE', #2139, .T. ) ;
#126 = CARTESIAN_POINT ( 'NONE',  ( -2.399999999999999911, 5.199999999999997513, -20.60000000000000142 ) ) ;
#127 = PLANE ( 'NONE',  #5595 ) ;
#128 = ORIENTED_EDGE ( 'NONE', *, *, #1176, .F. ) ;
#129 = AXIS2_PLACEMENT_3D ( 'NONE', #2887, #5523, #3059 ) ;
#130 = MECHANICAL_DESIGN_GEOMETRIC_PRESENTATION_REPRESENTATION (  '', ( #470 ), #5603 ) ;
#131 = ORIENTED_EDGE ( 'NONE', *, *, #9526, .T. ) ;
#132 = DIRECTION ( 'NONE',  ( 0.1684197129968813822, -0.9857153748796089188, 0.000000000000000000 ) ) ;
#133 = CARTESIAN_POINT ( 'NONE',  ( -5.214979971624624788, 0.5105542056909710968, -20.40000000000000924 ) ) ;
#134 = CARTESIAN_POINT ( 'NONE',  ( 0.6825483738407247536, -0.4214244115432347892, -20.60000000000000142 ) ) ;
#135 = PLANE ( 'NONE',  #5075 ) ;
#136 = AXIS2_PLACEMENT_3D ( 'NONE', #5257, #10225, #8550 ) ;
#137 = CARTESIAN_POINT ( 'NONE',  ( -4.412089627088423782, -0.6226459935238829457, -20.40000000000000568 ) ) ;
#138 = VERTEX_POINT ( 'NONE', #10418 ) ;
#139 = CARTESIAN_POINT ( 'NONE',  ( -0.6910405076410236491, 0.4167098010172696210, -20.59999999999999787 ) ) ;
#140 = ORIENTED_EDGE ( 'NONE', *, *, #3088, .F. ) ;
#141 = DIRECTION ( 'NONE',  ( 0.000000000000000000, -0.000000000000000000, -1.000000000000000000 ) ) ;
#142 = EDGE_CURVE ( 'NONE', #9895, #100, #7296, .T. ) ;
#143 = LINE ( 'NONE', #90, #512 ) ;
#144 = AXIS2_PLACEMENT_3D ( 'NONE', #9877, #3209, #1497 ) ;
#145 = MECHANICAL_DESIGN_GEOMETRIC_PRESENTATION_REPRESENTATION (  '', ( #1331 ), #6824 ) ;
#146 =( GEOMETRIC_REPRESENTATION_CONTEXT ( 3 ) GLOBAL_UNCERTAINTY_ASSIGNED_CONTEXT ( ( #4705 ) ) GLOBAL_UNIT_ASSIGNED_CONTEXT ( ( #8090, #7291, #8960 ) ) REPRESENTATION_CONTEXT ( 'NONE', 'WORKASPACE' ) );
#147 = CARTESIAN_POINT ( 'NONE',  ( -0.8664159599228445918, -0.2067160809960320589, -20.60000000000000497 ) ) ;
#148 = CARTESIAN_POINT ( 'NONE',  ( 1.154171020664602754, 0.03713437162771186795, -20.60000000000000142 ) ) ;
#149 = CARTESIAN_POINT ( 'NONE',  ( 3.200000000000000178, 9.013878188659973034, -2.200000000000000622 ) ) ;
#150 = CARTESIAN_POINT ( 'NONE',  ( 7.869140320336472705, -4.813878188659971080, -20.40000000000000213 ) ) ;
#151 = CARTESIAN_POINT ( 'NONE',  ( 4.487652461702019480, 1.599999999999998979, -8.799999999999998934 ) ) ;
#152 = FILL_AREA_STYLE ('',( #4102 ) ) ;
#153 = AXIS2_PLACEMENT_3D ( 'NONE', #9518, #7900, #3706 ) ;
#154 = CARTESIAN_POINT ( 'NONE',  ( 0.8473528388464207639, 0.05661489110823133414, -20.60000000000000142 ) ) ;
#155 = EDGE_LOOP ( 'NONE', ( #505, #196, #6024, #593 ) ) ;
#156 = FILL_AREA_STYLE_COLOUR ( '', #3933 ) ;
#157 = ORIENTED_EDGE ( 'NONE', *, *, #3464, .F. ) ;
#158 = EDGE_CURVE ( 'NONE', #8257, #1729, #2188, .T. ) ;
#159 = CARTESIAN_POINT ( 'NONE',  ( -0.8702614796089305216, 0.1422854179071438852, -20.39999999999999503 ) ) ;
#160 = VECTOR ( 'NONE', #4871, 1000.000000000000000 ) ;
#161 = VERTEX_POINT ( 'NONE', #9810 ) ;
#162 = LINE ( 'NONE', #7406, #70 ) ;
#163 = CARTESIAN_POINT ( 'NONE',  ( 5.569904444396411414, 0.4583054439134071067, -20.39999999999999503 ) ) ;
#164 = CARTESIAN_POINT ( 'NONE',  ( 5.326575524288593932, -0.8972021658161308810, -20.39999999999999858 ) ) ;
#165 = CARTESIAN_POINT ( 'NONE',  ( 1.600000000000000089, -5.799999999999998046, -0.2000000000000000111 ) ) ;
#166 = CARTESIAN_POINT ( 'NONE',  ( -0.3752474099805118701, -0.8973562296836248287, -20.60000000000000497 ) ) ;
#167 = ORIENTED_EDGE ( 'NONE', *, *, #10354, .F. ) ;
#168 = VECTOR ( 'NONE', #9778, 1000.000000000000000 ) ;
#169 = ADVANCED_FACE ( 'NONE', ( #8302 ), #2549, .F. ) ;
#170 = CARTESIAN_POINT ( 'NONE',  ( 1.215960793391875239, 0.6218543391601795145, -20.40000000000000213 ) ) ;
#171 = EDGE_CURVE ( 'NONE', #497, #5276, #5775, .T. ) ;
#172 = ORIENTED_EDGE ( 'NONE', *, *, #5811, .F. ) ;
#173 = SURFACE_STYLE_FILL_AREA ( #4233 ) ;
#174 = LINE ( 'NONE', #864, #10277 ) ;
#175 = PLANE ( 'NONE',  #8450 ) ;
#176 = MECHANICAL_DESIGN_GEOMETRIC_PRESENTATION_REPRESENTATION (  '', ( #4963 ), #5300 ) ;
#177 = CARTESIAN_POINT ( 'NONE',  ( -5.512347538297980520, 3.199999999999997957, -8.799999999999998934 ) ) ;
#178 = CARTESIAN_POINT ( 'NONE',  ( 2.400000000000000355, -5.199999999999997513, -20.60000000000000142 ) ) ;
#179 = ORIENTED_EDGE ( 'NONE', *, *, #4612, .F. ) ;
#180 = B_SPLINE_CURVE_WITH_KNOTS ( 'NONE', 3,
 ( #3599, #1237, #4512, #2788, #1982, #10342, #8556, #7798, #450, #3707, #8443, #4674, #615, #1516, #3929, #7106, #8013, #2146, #5483 ),
 .UNSPECIFIED., .F., .F.,
 ( 4, 1, 1, 1, 1, 1, 1, 1, 1, 1, 1, 1, 1, 1, 1, 1, 4 ),
 ( 0.000000000000000000, 0.08007677343384532465, 0.1562784586802825060, 0.2293194353395051344, 0.2991753128987474919, 0.3662018488666233251, 0.4310867541704904160, 0.4937298118219858867, 0.5550858740706317018, 0.6145530382533342939, 0.6722652138031808278, 0.7281941688403907875, 0.7828833412258556779, 0.8373717222310076425, 0.8910895228912365518, 0.9453955957931418075, 1.000000000000000000 ),
 .UNSPECIFIED. ) ;
#181 = DIRECTION ( 'NONE',  ( -1.084202172485504434E-16, 1.000000000000000000, 0.000000000000000000 ) ) ;
#182 =( GEOMETRIC_REPRESENTATION_CONTEXT ( 3 ) GLOBAL_UNCERTAINTY_ASSIGNED_CONTEXT ( ( #6635 ) ) GLOBAL_UNIT_ASSIGNED_CONTEXT ( ( #1299, #8567, #1246 ) ) REPRESENTATION_CONTEXT ( 'NONE', 'WORKASPACE' ) );
#183 = ADVANCED_FACE ( 'NONE', ( #8354 ), #3452, .T. ) ;
#184 = EDGE_LOOP ( 'NONE', ( #5689, #9623, #74, #4430 ) ) ;
#185 = FILL_AREA_STYLE_COLOUR ( '', #7413 ) ;
#186 = CARTESIAN_POINT ( 'NONE',  ( -3.199999999999999734, 5.213878188659972324, -20.40000000000000213 ) ) ;
#187 = CARTESIAN_POINT ( 'NONE',  ( 4.687648056808252583, 0.1738023911082314521, -20.40000000000000213 ) ) ;
#188 = DIRECTION ( 'NONE',  ( -0.000000000000000000, -0.000000000000000000, -1.000000000000000000 ) ) ;
#189 = CARTESIAN_POINT ( 'NONE',  ( -4.336808689942017736E-16, 2.399999999999998579, -8.799999999999998934 ) ) ;
#190 = AXIS2_PLACEMENT_3D ( 'NONE', #2049, #3562, #1950 ) ;
#191 = LINE ( 'NONE', #8446, #10385 ) ;
#192 = DIRECTION ( 'NONE',  ( -0.000000000000000000, -0.000000000000000000, -1.000000000000000000 ) ) ;
#193 = ORIENTED_EDGE ( 'NONE', *, *, #5016, .F. ) ;
#194 = CARTESIAN_POINT ( 'NONE',  ( 5.153962991873187960, 0.4660101833160235074, -20.40000000000000213 ) ) ;
#195 = EDGE_CURVE ( 'NONE', #5496, #8388, #5926, .T. ) ;
#196 = ORIENTED_EDGE ( 'NONE', *, *, #7322, .T. ) ;
#197 = DIRECTION ( 'NONE',  ( 0.000000000000000000, -0.000000000000000000, -1.000000000000000000 ) ) ;
#198 = VECTOR ( 'NONE', #2126, 1000.000000000000000 ) ;
#199 = PRESENTATION_STYLE_ASSIGNMENT (( #5876 ) ) ;
#200 = UNCERTAINTY_MEASURE_WITH_UNIT (LENGTH_MEASURE( 1.000000000000000082E-05 ), #8469, 'distance_accuracy_value', 'NONE');
#201 = CARTESIAN_POINT ( 'NONE',  ( 1.123465541723523531, 0.2279366525938678056, -20.59999999999999432 ) ) ;
#202 = CARTESIAN_POINT ( 'NONE',  ( 4.910188729429862953, 0.3441510379375898321, -20.60000000000000142 ) ) ;
#203 = CARTESIAN_POINT ( 'NONE',  ( 5.661301304949469149, -0.2366927504085228617, -20.40000000000000568 ) ) ;
#204 = CARTESIAN_POINT ( 'NONE',  ( -0.9836874245701544561, 0.3123479977148628239, -20.39999999999999147 ) ) ;
#205 = CARTESIAN_POINT ( 'NONE',  ( -0.2716801181439501001, 0.3723418494999423678, -20.40000000000000213 ) ) ;
#206 = CARTESIAN_POINT ( 'NONE',  ( -0.05091048096561143210, -0.01427628887426045205, -20.59999999999999432 ) ) ;
#207 = ORIENTED_EDGE ( 'NONE', *, *, #794, .T. ) ;
#208 = VERTEX_POINT ( 'NONE', #992 ) ;
#209 = B_SPLINE_SURFACE_WITH_KNOTS ( 'NONE', 3, 1, ( 
 ( #6353, #5242 ),
 ( #5998, #166 ),
 ( #3576, #8527 ),
 ( #9995, #372 ),
 ( #2614, #5513 ),
 ( #4490, #6205 ),
 ( #2123, #5164 ),
 ( #1184, #343 ),
 ( #2682, #979 ),
 ( #1130, #8444 ),
 ( #395, #6019 ),
 ( #10122, #6947 ),
 ( #1080, #6729 ),
 ( #9203, #5216 ),
 ( #7640, #4359 ),
 ( #7588, #291 ),
 ( #8341, #10233 ),
 ( #8499, #2840 ),
 ( #3601, #3440 ),
 ( #3546, #9415 ),
 ( #3493, #8559 ),
 ( #1984, #10018 ),
 ( #5066, #4458 ),
 ( #4252, #6068 ),
 ( #7748, #3659 ),
 ( #4305, #6833 ),
 ( #2634, #10174 ) ),
 .UNSPECIFIED., .F., .F., .F.,
 ( 4, 1, 1, 1, 1, 1, 1, 1, 1, 1, 1, 1, 1, 1, 1, 1, 1, 1, 1, 1, 1, 1, 1, 1, 4 ),
 ( 2, 2 ),
 ( 0.000000000000000000, 0.03786750941410618743, 0.07522974099211679477, 0.1116986872555678911, 0.1480143800936102039, 0.1837089632848837584, 0.2198332992550518228, 0.2560384872409124934, 0.2926674377743135325, 0.3296611864713219764, 0.3672877001204332137, 0.4056834604000009170, 0.4446281194314295471, 0.4852389659793892029, 0.5267674492456497770, 0.5698321703868837185, 0.6145742407773475691, 0.6602505343857363318, 0.7064724434595945901, 0.7529024076958235057, 0.8002367229667074477, 0.8487740561981981235, 0.8978373322265307266, 0.9483170958788843530, 1.000000000000000000 ),
 ( 0.000000000000000000, 1.000000000000000000 ),
 .UNSPECIFIED. ) ;
#210 = MECHANICAL_DESIGN_GEOMETRIC_PRESENTATION_REPRESENTATION (  '', ( #3445 ), #8974 ) ;
#211 = CARTESIAN_POINT ( 'NONE',  ( -0.6256762815556007329, 0.4486372251317649607, -20.40000000000001279 ) ) ;
#212 = LINE ( 'NONE', #7354, #3922 ) ;
#213 = CARTESIAN_POINT ( 'NONE',  ( 5.522462767994945843, 0.2502059252102579179, -20.60000000000000142 ) ) ;
#214 = CARTESIAN_POINT ( 'NONE',  ( 1.600000000000000089, 1.599999999999998535, -8.799999999999998934 ) ) ;
#215 = DIRECTION ( 'NONE',  ( 0.000000000000000000, 1.000000000000000000, 0.000000000000000000 ) ) ;
#216 = DIRECTION ( 'NONE',  ( -1.000000000000000000, 0.000000000000000000, 0.000000000000000000 ) ) ;
#217 = CARTESIAN_POINT ( 'NONE',  ( 5.656007723570773749, -0.3674315766491683122, -20.59999999999999432 ) ) ;
#218 = EDGE_CURVE ( 'NONE', #3027, #5143, #6740, .T. ) ;
#219 = ORIENTED_EDGE ( 'NONE', *, *, #7190, .T. ) ;
#220 = CARTESIAN_POINT ( 'NONE',  ( -0.07736307024448839387, 0.4148738196796599165, -20.60000000000000142 ) ) ;
#221 = CARTESIAN_POINT ( 'NONE',  ( 5.569904444396411414, 0.4583054439134071067, -20.59999999999999432 ) ) ;
#222 = ORIENTED_EDGE ( 'NONE', *, *, #5920, .T. ) ;
#223 = CARTESIAN_POINT ( 'NONE',  ( -1.039872243885678671, -0.08854938548006492660, -20.39999999999998792 ) ) ;
#224 = AXIS2_PLACEMENT_3D ( 'NONE', #8175, #5751, #3380 ) ;
#225 = SURFACE_STYLE_FILL_AREA ( #68 ) ;
#226 = DIRECTION ( 'NONE',  ( 0.000000000000000000, -1.000000000000000000, 0.000000000000000000 ) ) ;
#227 = CARTESIAN_POINT ( 'NONE',  ( 5.086037372385533217, -0.8470450198920065343, -20.39999999999999858 ) ) ;
#228 =( LENGTH_UNIT ( ) NAMED_UNIT ( * ) SI_UNIT ( .MILLI., .METRE. ) );
#229 = EDGE_CURVE ( 'NONE', #770, #9263, #8250, .T. ) ;
#230 = B_SPLINE_CURVE_WITH_KNOTS ( 'NONE', 3,
 ( #5176, #7556, #4315, #8462, #9271, #4374, #206, #3455, #6746, #7602, #7652 ),
 .UNSPECIFIED., .F., .F.,
 ( 4, 1, 1, 1, 1, 1, 1, 1, 4 ),
 ( 0.000000000000000000, 0.1130382405186284578, 0.2268404180405754755, 0.3435134447753773190, 0.4632912482352091743, 0.5883233236855425208, 0.7189887064317974641, 0.8559391458492382476, 1.000000000000000000 ),
 .UNSPECIFIED. ) ;
#231 = CARTESIAN_POINT ( 'NONE',  ( 2.400000000000000355, 0.7999999999999984901, -18.59999999999999787 ) ) ;
#232 = EDGE_CURVE ( 'NONE', #887, #6204, #789, .T. ) ;
#233 = VECTOR ( 'NONE', #8992, 1000.000000000000000 ) ;
#234 = ORIENTED_EDGE ( 'NONE', *, *, #2988, .F. ) ;
#235 = VECTOR ( 'NONE', #5037, 1000.000000000000000 ) ;
#236 = DIRECTION ( 'NONE',  ( 0.000000000000000000, 0.000000000000000000, 1.000000000000000000 ) ) ;
#237 = ORIENTED_EDGE ( 'NONE', *, *, #1547, .F. ) ;
#238 = CARTESIAN_POINT ( 'NONE',  ( 5.817518186678381831, -0.2590304010995608253, -20.60000000000000142 ) ) ;
#239 = CARTESIAN_POINT ( 'NONE',  ( 5.027823582225761534, -0.6092229834339061290, -20.39999999999999858 ) ) ;
#240 = AXIS2_PLACEMENT_3D ( 'NONE', #6579, #9867, #6634 ) ;
#241 = MECHANICAL_DESIGN_GEOMETRIC_PRESENTATION_REPRESENTATION (  '', ( #9491 ), #8995 ) ;
#242 = CARTESIAN_POINT ( 'NONE',  ( -5.576984191156757475, 0.4660101833160233964, -20.40000000000000213 ) ) ;
#243 = ORIENTED_EDGE ( 'NONE', *, *, #7638, .F. ) ;
#244 = CARTESIAN_POINT ( 'NONE',  ( -4.627917632715198515, 0.6218543391601795145, -20.40000000000000213 ) ) ;
#245 = MECHANICAL_DESIGN_GEOMETRIC_PRESENTATION_REPRESENTATION (  '', ( #8997 ), #9495 ) ;
#246 = CARTESIAN_POINT ( 'NONE',  ( -5.438307657226765457, -0.8971984803182561086, -20.60000000000000497 ) ) ;
#247 = ADVANCED_FACE ( 'NONE', ( #10027 ), #1746, .T. ) ;
#248 = PLANE ( 'NONE',  #10577 ) ;
#249 = B_SPLINE_CURVE_WITH_KNOTS ( 'NONE', 3,
 ( #5227, #255, #1143, #8511, #6790, #993, #4265, #202, #4370, #7704, #5979, #6742, #10028, #302, #9212, #352, #3616, #6896, #3559 ),
 .UNSPECIFIED., .F., .F.,
 ( 4, 1, 1, 1, 1, 1, 1, 1, 1, 1, 1, 1, 1, 1, 1, 1, 4 ),
 ( 0.000000000000000000, 0.07876611155594497038, 0.1534445156028387824, 0.2241603356639676192, 0.2914272589649345990, 0.3553918477408114507, 0.4164453581887087030, 0.4750373929085570102, 0.5320913459039197102, 0.5882633588390880908, 0.6437330848151301410, 0.6991218818446867100, 0.7556262354857282704, 0.8133023725605884602, 0.8727141935158483355, 0.9349979736873287317, 1.000000000000000000 ),
 .UNSPECIFIED. ) ;
#250 = CARTESIAN_POINT ( 'NONE',  ( -5.147525415367888435, -0.5757666422255161010, -20.60000000000000853 ) ) ;
#251 = PRESENTATION_LAYER_ASSIGNMENT (  '', '', ( #4007 ) ) ;
#252 = VERTEX_POINT ( 'NONE', #3352 ) ;
#253 =( GEOMETRIC_REPRESENTATION_CONTEXT ( 3 ) GLOBAL_UNCERTAINTY_ASSIGNED_CONTEXT ( ( #1038 ) ) GLOBAL_UNIT_ASSIGNED_CONTEXT ( ( #6379, #3968, #8114 ) ) REPRESENTATION_CONTEXT ( 'NONE', 'WORKASPACE' ) );
#254 = EDGE_CURVE ( 'NONE', #1373, #7404, #9918, .T. ) ;
#255 = CARTESIAN_POINT ( 'NONE',  ( 4.845654913866971114, 0.1669384525872935898, -20.60000000000000142 ) ) ;
#256 = VECTOR ( 'NONE', #4306, 1000.000000000000000 ) ;
#257 = CARTESIAN_POINT ( 'NONE',  ( 5.660565335837497436, -0.1889796156272137706, -20.39999999999999858 ) ) ;
#258 = DIRECTION ( 'NONE',  ( -1.000000000000000000, 6.776263578034403945E-17, 0.000000000000000000 ) ) ;
#259 = CARTESIAN_POINT ( 'NONE',  ( 0.7024664752100571175, -0.3573461478528076052, -20.60000000000000142 ) ) ;
#260 = AXIS2_PLACEMENT_3D ( 'NONE', #7986, #1380, #2230 ) ;
#261 = CARTESIAN_POINT ( 'NONE',  ( -5.638387099520696388, 0.4616429746300296233, -20.60000000000000142 ) ) ;
#262 = ORIENTED_EDGE ( 'NONE', *, *, #632, .T. ) ;
#263 = MECHANICAL_DESIGN_GEOMETRIC_PRESENTATION_REPRESENTATION (  '', ( #3497 ), #2663 ) ;
#264 = LINE ( 'NONE', #3460, #9565 ) ;
#265 = ORIENTED_EDGE ( 'NONE', *, *, #10016, .T. ) ;
#266 = FILL_AREA_STYLE_COLOUR ( '', #3237 ) ;
#267 = CARTESIAN_POINT ( 'NONE',  ( 5.653641285307315911, -0.1187229465368598302, -20.60000000000000497 ) ) ;
#268 = DIRECTION ( 'NONE',  ( -0.000000000000000000, -0.000000000000000000, -1.000000000000000000 ) ) ;
#269 = CARTESIAN_POINT ( 'NONE',  ( 5.636719940757845215, -0.4612445190241208914, -20.39999999999999503 ) ) ;
#270 = DIRECTION ( 'NONE',  ( 0.000000000000000000, -1.000000000000000000, 0.000000000000000000 ) ) ;
#271 = ORIENTED_EDGE ( 'NONE', *, *, #9670, .T. ) ;
#272 = ORIENTED_EDGE ( 'NONE', *, *, #4308, .T. ) ;
#273 = DIRECTION ( 'NONE',  ( 0.000000000000000000, 1.000000000000000000, 0.000000000000000000 ) ) ;
#274 = CARTESIAN_POINT ( 'NONE',  ( -5.589887446687798800, 0.6410154094368485378, -20.60000000000000497 ) ) ;
#275 = CARTESIAN_POINT ( 'NONE',  ( 4.336808689942017736E-16, 6.799999999999997158, -8.799999999999998934 ) ) ;
#276 = ORIENTED_EDGE ( 'NONE', *, *, #2898, .T. ) ;
#277 = EDGE_CURVE ( 'NONE', #9762, #9418, #946, .T. ) ;
#278 = CARTESIAN_POINT ( 'NONE',  ( -4.923453647268900113, -0.08275624155219758749, -20.60000000000000497 ) ) ;
#279 = PRESENTATION_STYLE_ASSIGNMENT (( #9244 ) ) ;
#280 = LINE ( 'NONE', #6819, #73 ) ;
#281 = FACE_OUTER_BOUND ( 'NONE', #751, .T. ) ;
#282 = DIRECTION ( 'NONE',  ( 1.000000000000000000, 0.000000000000000000, 0.000000000000000000 ) ) ;
#283 = ORIENTED_EDGE ( 'NONE', *, *, #2325, .T. ) ;
#284 = DIRECTION ( 'NONE',  ( -1.000000000000000000, 0.000000000000000000, 0.000000000000000000 ) ) ;
#285 = VERTEX_POINT ( 'NONE', #7501 ) ;
#286 = EDGE_CURVE ( 'NONE', #8233, #6750, #8198, .T. ) ;
#287 = CARTESIAN_POINT ( 'NONE',  ( -4.966736973246100639, -0.5930504990623137740, -20.60000000000000497 ) ) ;
#288 = DIRECTION ( 'NONE',  ( 1.000000000000000000, 0.000000000000000000, -4.339432501869630892E-10 ) ) ;
#289 = DIRECTION ( 'NONE',  ( 1.000000000000000000, 0.000000000000000000, 0.000000000000000000 ) ) ;
#290 = ORIENTED_EDGE ( 'NONE', *, *, #1988, .F. ) ;
#291 = CARTESIAN_POINT ( 'NONE',  ( 0.01726911433703082199, -0.6660959624456901373, -20.60000000000000497 ) ) ;
#292 = SURFACE_SIDE_STYLE ('',( #3661 ) ) ;
#293 = FACE_OUTER_BOUND ( 'NONE', #9815, .T. ) ;
#294 = ORIENTED_EDGE ( 'NONE', *, *, #8294, .F. ) ;
#295 = ORIENTED_EDGE ( 'NONE', *, *, #6050, .T. ) ;
#296 = EDGE_CURVE ( 'NONE', #9418, #5882, #9333, .T. ) ;
#297 = ADVANCED_FACE ( 'NONE', ( #8509, #5226 ), #461, .T. ) ;
#298 = AXIS2_PLACEMENT_3D ( 'NONE', #558, #1288, #10398 ) ;
#299 = CIRCLE ( 'NONE', #9559, 0.9500000000000000666 ) ;
#300 = SURFACE_SIDE_STYLE ('',( #4366 ) ) ;
#301 = UNCERTAINTY_MEASURE_WITH_UNIT (LENGTH_MEASURE( 1.000000000000000082E-05 ), #228, 'distance_accuracy_value', 'NONE');
#302 = CARTESIAN_POINT ( 'NONE',  ( 5.037099216634858045, 0.4470269715203448180, -20.60000000000000497 ) ) ;
#303 = CARTESIAN_POINT ( 'NONE',  ( -1.040270957397572804, -0.0009983467830054345779, -20.40000000000000213 ) ) ;
#304 = ORIENTED_EDGE ( 'NONE', *, *, #8858, .T. ) ;
#305 = VECTOR ( 'NONE', #1028, 1000.000000000000000 ) ;
#306 = CIRCLE ( 'NONE', #3899, 0.1999999999999987899 ) ;
#307 = CARTESIAN_POINT ( 'NONE',  ( -5.881079103961504906, 0.1915168545886668794, -20.60000000000000497 ) ) ;
#308 = ORIENTED_EDGE ( 'NONE', *, *, #8532, .T. ) ;
#309 = ADVANCED_FACE ( 'NONE', ( #3615 ), #2801, .F. ) ;
#310 = LINE ( 'NONE', #2515, #1890 ) ;
#311 = CARTESIAN_POINT ( 'NONE',  ( -0.7506077167398194083, 0.3685700111848581595, -20.40000000000000568 ) ) ;
#312 = VERTEX_POINT ( 'NONE', #9365 ) ;
#313 = CARTESIAN_POINT ( 'NONE',  ( 4.858865413023407243, 0.2268333742110247297, -20.60000000000000142 ) ) ;
#314 = AXIS2_PLACEMENT_3D ( 'NONE', #1332, #4395, #10158 ) ;
#315 = LINE ( 'NONE', #7772, #7933 ) ;
#316 = CARTESIAN_POINT ( 'NONE',  ( 2.799999999999999822, -9.213878188659972324, -2.000000000000000000 ) ) ;
#317 = CARTESIAN_POINT ( 'NONE',  ( 5.783154756018999088, -0.5352559026976154710, -20.60000000000000497 ) ) ;
#318 = AXIS2_PLACEMENT_3D ( 'NONE', #5793, #9085, #10 ) ;
#319 = APPLICATION_CONTEXT ( 'automotive_design' ) ;
#320 = VERTEX_POINT ( 'NONE', #10299 ) ;
#321 = ORIENTED_EDGE ( 'NONE', *, *, #2619, .F. ) ;
#322 =( GEOMETRIC_REPRESENTATION_CONTEXT ( 3 ) GLOBAL_UNCERTAINTY_ASSIGNED_CONTEXT ( ( #421 ) ) GLOBAL_UNIT_ASSIGNED_CONTEXT ( ( #8555, #7746, #2033 ) ) REPRESENTATION_CONTEXT ( 'NONE', 'WORKASPACE' ) );
#323 = ORIENTED_EDGE ( 'NONE', *, *, #107, .T. ) ;
#324 = CARTESIAN_POINT ( 'NONE',  ( -0.8591092625723081300, 0.1876666301893220867, -20.59999999999999787 ) ) ;
#325 = CARTESIAN_POINT ( 'NONE',  ( 8.069140320336472882, 4.813878188659971080, -20.40000000000000213 ) ) ;
#326 = CARTESIAN_POINT ( 'NONE',  ( 0.04923182088670009782, 0.2019795457305459674, -20.60000000000000497 ) ) ;
#327 = CARTESIAN_POINT ( 'NONE',  ( -1.040735635179553142, -0.02648169980085948033, -20.40000000000000213 ) ) ;
#328 = PRODUCT ( 'Button d19 terminal block', 'Button d19 terminal block', '', ( #4313 ) ) ;
#329 = CARTESIAN_POINT ( 'NONE',  ( 1.600000000000000089, 3.199999999999998401, -2.000000000000000000 ) ) ;
#330 = B_SPLINE_CURVE_WITH_KNOTS ( 'NONE', 3,
 ( #4387, #6921, #5299, #10209, #7668, #9498, #9331, #9389, #535, #2016, #8588 ),
 .UNSPECIFIED., .F., .F.,
 ( 4, 1, 1, 1, 1, 1, 1, 1, 4 ),
 ( 0.000000000000000000, 0.1177275761199063908, 0.2337686221826863475, 0.3509645643764757739, 0.4701001219487968008, 0.5935383012539022785, 0.7220435396388097393, 0.8569583974415002636, 1.000000000000000000 ),
 .UNSPECIFIED. ) ;
#331 = CARTESIAN_POINT ( 'NONE',  ( -5.418547777051202274, 0.4365324966872952128, -20.39999999999999858 ) ) ;
#332 = CIRCLE ( 'NONE', #7191, 0.2000000000000000944 ) ;
#333 = ORIENTED_EDGE ( 'NONE', *, *, #3103, .T. ) ;
#334 = EDGE_CURVE ( 'NONE', #5754, #7404, #2967, .T. ) ;
#335 = CYLINDRICAL_SURFACE ( 'NONE', #10517, 0.1999999999999996503 ) ;
#336 = DIRECTION ( 'NONE',  ( -0.000000000000000000, -0.000000000000000000, -1.000000000000000000 ) ) ;
#337 = EDGE_LOOP ( 'NONE', ( #10062, #9009, #1874, #9328 ) ) ;
#338 = AXIS2_PLACEMENT_3D ( 'NONE', #4934, #9947, #4116 ) ;
#339 = CARTESIAN_POINT ( 'NONE',  ( -0.7695198960532110277, -0.4680387674344435034, -20.39999999999999503 ) ) ;
#340 = CARTESIAN_POINT ( 'NONE',  ( -5.574244743104808997, 0.6413348586406988350, -20.40000000000000213 ) ) ;
#341 = CARTESIAN_POINT ( 'NONE',  ( -4.419110814533379283, -0.6510758556450154666, -20.40000000000000213 ) ) ;
#342 = ORIENTED_EDGE ( 'NONE', *, *, #8212, .T. ) ;
#343 = CARTESIAN_POINT ( 'NONE',  ( -0.1895103601308366914, -0.8556149185391274115, -20.60000000000001208 ) ) ;
#344 = PRESENTATION_STYLE_ASSIGNMENT (( #5323 ) ) ;
#345 = EDGE_CURVE ( 'NONE', #8771, #3167, #939, .T. ) ;
#346 = CARTESIAN_POINT ( 'NONE',  ( -5.069525955943576356, -0.2793335903977448020, -20.40000000000000213 ) ) ;
#347 = CARTESIAN_POINT ( 'NONE',  ( -5.895129689940453943, 0.5191142932847806479, -20.39999999999999858 ) ) ;
#348 = ORIENTED_EDGE ( 'NONE', *, *, #10123, .T. ) ;
#349 = CARTESIAN_POINT ( 'NONE',  ( 0.6735500791061610482, -0.8781456608398205965, -20.40000000000000213 ) ) ;
#350 = STYLED_ITEM ( 'NONE', ( #8507 ), #7038 ) ;
#351 = DIRECTION ( 'NONE',  ( -0.000000000000000000, 0.000000000000000000, -1.000000000000000000 ) ) ;
#352 = CARTESIAN_POINT ( 'NONE',  ( 5.092560083509247271, 0.4616429746300297898, -20.60000000000000142 ) ) ;
#353 = CARTESIAN_POINT ( 'NONE',  ( -0.3869207001146183211, -0.8976261803203399170, -20.40000000000000213 ) ) ;
#354 = EDGE_CURVE ( 'NONE', #3412, #9924, #9426, .T. ) ;
#355 = B_SPLINE_CURVE_WITH_KNOTS ( 'NONE', 3,
 ( #831, #8767, #2191, #7951, #3113, #6271, #2938, #9510, #2081, #4503, #7213, #6333, #2140, #442, #5474, #1397, #5421, #4614, #660 ),
 .UNSPECIFIED., .F., .F.,
 ( 4, 1, 1, 1, 1, 1, 1, 1, 1, 1, 1, 1, 1, 1, 1, 1, 4 ),
 ( 0.000000000000000000, 0.07876611155594497038, 0.1534445156028387824, 0.2241603356639676192, 0.2914272589649345990, 0.3553918477408114507, 0.4164453581887087030, 0.4750373929085570102, 0.5320913459039197102, 0.5882633588390880908, 0.6437330848151301410, 0.6991218818446867100, 0.7556262354857282704, 0.8133023725605884602, 0.8727141935158483355, 0.9349979736873287317, 1.000000000000000000 ),
 .UNSPECIFIED. ) ;
#356 = EDGE_CURVE ( 'NONE', #477, #3475, #3884, .T. ) ;
#357 = ORIENTED_EDGE ( 'NONE', *, *, #7994, .T. ) ;
#358 = VECTOR ( 'NONE', #3242, 1000.000000000000000 ) ;
#359 = CARTESIAN_POINT ( 'NONE',  ( -5.887454970377536512, 0.1543218716277116598, -20.60000000000000142 ) ) ;
#360 = VERTEX_POINT ( 'NONE', #7859 ) ;
#361 = LINE ( 'NONE', #117, #9793 ) ;
#362 = CARTESIAN_POINT ( 'NONE',  ( -0.5175010572574754164, 0.4660101833160236184, -20.40000000000000213 ) ) ;
#363 = ORIENTED_EDGE ( 'NONE', *, *, #2918, .F. ) ;
#364 = FILL_AREA_STYLE ('',( #266 ) ) ;
#365 = CARTESIAN_POINT ( 'NONE',  ( 4.988107757121413854, 0.4225712336686435755, -20.60000000000001208 ) ) ;
#366 = CARTESIAN_POINT ( 'NONE',  ( 1.112900401559039798, 0.3128797459651008750, -20.40000000000001279 ) ) ;
#367 = CARTESIAN_POINT ( 'NONE',  ( -5.703123600804183901, -0.6092229834339062400, -20.60000000000000142 ) ) ;
#368 =( LENGTH_UNIT ( ) NAMED_UNIT ( * ) SI_UNIT ( .MILLI., .METRE. ) );
#369 = CARTESIAN_POINT ( 'NONE',  ( 2.400000000000000355, 0.7999999999999984901, -20.60000000000000142 ) ) ;
#370 = VERTEX_POINT ( 'NONE', #8784 ) ;
#371 = EDGE_CURVE ( 'NONE', #9175, #8035, #9528, .T. ) ;
#372 = CARTESIAN_POINT ( 'NONE',  ( -0.3177162697746929720, -0.8936346066552310896, -20.60000000000002274 ) ) ;
#373 = ORIENTED_EDGE ( 'NONE', *, *, #7194, .F. ) ;
#374 = CARTESIAN_POINT ( 'NONE',  ( -5.789591753194301305, 0.5942353826887670776, -20.60000000000000853 ) ) ;
#375 = STYLED_ITEM ( 'NONE', ( #8251 ), #2217 ) ;
#376 = VERTEX_POINT ( 'NONE', #3018 ) ;
#377 = CARTESIAN_POINT ( 'NONE',  ( 5.658041306947525939, 0.3427806668329123618, -20.59999999999999787 ) ) ;
#378 = CARTESIAN_POINT ( 'NONE',  ( -1.035208431929194761, -0.1496152106112793034, -20.60000000000001918 ) ) ;
#379 = CARTESIAN_POINT ( 'NONE',  ( 0.1166519752454061587, -0.05520670090562213028, -20.59999999999999787 ) ) ;
#380 = SURFACE_STYLE_USAGE ( .BOTH. , #5359 ) ;
#381 = DIRECTION ( 'NONE',  ( -1.000000000000000000, 0.000000000000000000, -0.000000000000000000 ) ) ;
#382 = CARTESIAN_POINT ( 'NONE',  ( 5.416274291953265596, -0.8885613797709186468, -20.39999999999999858 ) ) ;
#383 = CARTESIAN_POINT ( 'NONE',  ( -5.147313344159556436, 0.1376018571404508395, -20.40000000000000568 ) ) ;
#384 = EDGE_CURVE ( 'NONE', #7480, #8209, #7066, .T. ) ;
#385 = ORIENTED_EDGE ( 'NONE', *, *, #6646, .T. ) ;
#386 = FACE_OUTER_BOUND ( 'NONE', #1726, .T. ) ;
#387 = FACE_OUTER_BOUND ( 'NONE', #5558, .T. ) ;
#388 = ORIENTED_EDGE ( 'NONE', *, *, #5675, .T. ) ;
#389 = CARTESIAN_POINT ( 'NONE',  ( 5.601933406486576672, -0.8075195407979794959, -20.59999999999999787 ) ) ;
#390 =( NAMED_UNIT ( * ) SI_UNIT ( $, .STERADIAN. ) SOLID_ANGLE_UNIT ( ) );
#391 = CARTESIAN_POINT ( 'NONE',  ( -0.2791352691545085363, 0.5857528595128671522, -20.40000000000000568 ) ) ;
#392 = CARTESIAN_POINT ( 'NONE',  ( -5.537568821019248411, 0.6404690672067864243, -20.40000000000000568 ) ) ;
#393 = CARTESIAN_POINT ( 'NONE',  ( -4.378236695741902551, -0.4910329885073128620, -20.60000000000000142 ) ) ;
#394 = ORIENTED_EDGE ( 'NONE', *, *, #9298, .F. ) ;
#395 = CARTESIAN_POINT ( 'NONE',  ( -0.1029045356021820873, -0.8024666683736527695, -20.40000000000000568 ) ) ;
#396 = CARTESIAN_POINT ( 'NONE',  ( -5.070381847192443558, -0.1889796156272138261, -20.59999999999999787 ) ) ;
#397 = CARTESIAN_POINT ( 'NONE',  ( -5.602197528759372602, -0.8652495233485464343, -20.60000000000000142 ) ) ;
#398 = CIRCLE ( 'NONE', #10176, 0.4000000000000001887 ) ;
#399 = CARTESIAN_POINT ( 'NONE',  ( 4.805450049133005663, 0.4868496915272264580, -20.60000000000000142 ) ) ;
#400 = VERTEX_POINT ( 'NONE', #8024 ) ;
#401 = CARTESIAN_POINT ( 'NONE',  ( -5.434532892455458786, -0.7223015049956648115, -20.40000000000000213 ) ) ;
#402 = ORIENTED_EDGE ( 'NONE', *, *, #1986, .T. ) ;
#403 = FILL_AREA_STYLE ('',( #2211 ) ) ;
#404 = ADVANCED_FACE ( 'NONE', ( #10355 ), #2304, .T. ) ;
#405 = DIRECTION ( 'NONE',  ( 0.000000000000000000, 0.000000000000000000, -1.000000000000000000 ) ) ;
#406 = VECTOR ( 'NONE', #8963, 1000.000000000000000 ) ;
#407 =( LENGTH_UNIT ( ) NAMED_UNIT ( * ) SI_UNIT ( .MILLI., .METRE. ) );
#408 = CIRCLE ( 'NONE', #5886, 0.9500000000000000666 ) ;
#409 = CARTESIAN_POINT ( 'NONE',  ( -6.043299126221691964, 0.1738023911082313411, -20.40000000000000213 ) ) ;
#410 = CARTESIAN_POINT ( 'NONE',  ( 0.000000000000000000, 0.000000000000000000, -8.799999999999998934 ) ) ;
#411 = ORIENTED_EDGE ( 'NONE', *, *, #2176, .F. ) ;
#412 = CARTESIAN_POINT ( 'NONE',  ( -7.869140320336472705, 4.813878188659971080, -2.200000000000000622 ) ) ;
#413 = VECTOR ( 'NONE', #7630, 1000.000000000000000 ) ;
#414 = CARTESIAN_POINT ( 'NONE',  ( -5.088200321581027197, -0.05089621815075775352, -20.60000000000000142 ) ) ;
#415 = EDGE_CURVE ( 'NONE', #8971, #3701, #5389, .T. ) ;
#416 = ADVANCED_FACE ( 'NONE', ( #6351 ), #625, .F. ) ;
#417 = ORIENTED_EDGE ( 'NONE', *, *, #8953, .F. ) ;
#418 = AXIS2_PLACEMENT_3D ( 'NONE', #7861, #8290, #7435 ) ;
#419 = CARTESIAN_POINT ( 'NONE',  ( 5.122716585361161812, 0.4653456735530941413, -20.60000000000000497 ) ) ;
#420 = CARTESIAN_POINT ( 'NONE',  ( 1.148338677074147496, 0.07069349544887806869, -20.40000000000000568 ) ) ;
#421 = UNCERTAINTY_MEASURE_WITH_UNIT (LENGTH_MEASURE( 1.000000000000000082E-05 ), #8555, 'distance_accuracy_value', 'NONE');
#422 = CARTESIAN_POINT ( 'NONE',  ( 4.687648056808252583, 0.1738023911082314521, -20.60000000000000142 ) ) ;
#423 = CARTESIAN_POINT ( 'NONE',  ( -0.4677551986173218990, -0.8917452788370139327, -20.39999999999999858 ) ) ;
#424 = CARTESIAN_POINT ( 'NONE',  ( 5.799025921446848919, -0.4730855009535426259, -20.60000000000000142 ) ) ;
#425 = ORIENTED_EDGE ( 'NONE', *, *, #3553, .T. ) ;
#426 = PRESENTATION_LAYER_ASSIGNMENT (  '', '', ( #9329 ) ) ;
#427 = ORIENTED_EDGE ( 'NONE', *, *, #7510, .F. ) ;
#428 = DIRECTION ( 'NONE',  ( -1.000000000000000000, 0.000000000000000000, 0.000000000000000000 ) ) ;
#429 = TOROIDAL_SURFACE ( 'NONE', #6419, 0.4000000000000000222, 0.2000000000000000111 ) ;
#430 = CARTESIAN_POINT ( 'NONE',  ( -6.013673806623195617, 0.3260879807271639397, -20.60000000000000497 ) ) ;
#431 = EDGE_CURVE ( 'NONE', #9861, #3551, #3775, .T. ) ;
#432 = ADVANCED_FACE ( 'NONE', ( #1301 ), #8081, .T. ) ;
#433 = CARTESIAN_POINT ( 'NONE',  ( -3.935750424922990209, 0.3926538521471922838, -20.60000000000000142 ) ) ;
#434 = LINE ( 'NONE', #10054, #5278 ) ;
#435 = CARTESIAN_POINT ( 'NONE',  ( -0.02775923693720732527, 0.3496284955083938661, -20.40000000000000924 ) ) ;
#436 = CARTESIAN_POINT ( 'NONE',  ( 0.000000000000000000, 0.000000000000000000, -18.59999999999999787 ) ) ;
#437 = DIRECTION ( 'NONE',  ( 1.000000000000000000, 0.000000000000000000, 0.000000000000000000 ) ) ;
#438 = LINE ( 'NONE', #3749, #9680 ) ;
#439 = FACE_OUTER_BOUND ( 'NONE', #7257, .T. ) ;
#440 = CARTESIAN_POINT ( 'NONE',  ( -0.9279760839238437864, 0.4186246102469154962, -20.59999999999999787 ) ) ;
#441 = VERTEX_POINT ( 'NONE', #5819 ) ;
#442 = CARTESIAN_POINT ( 'NONE',  ( -5.693847966395087390, 0.4470269715203447625, -20.40000000000000568 ) ) ;
#443 = DIRECTION ( 'NONE',  ( -1.084202172485504434E-16, -1.000000000000000000, 0.000000000000000000 ) ) ;
#444 = CARTESIAN_POINT ( 'NONE',  ( -1.600000000000000089, 3.199999999999998401, -2.000000000000000000 ) ) ;
#445 = ORIENTED_EDGE ( 'NONE', *, *, #2783, .F. ) ;
#446 = CARTESIAN_POINT ( 'NONE',  ( -4.913428996351562716, -0.2590304010995609363, -20.39999999999999858 ) ) ;
#447 = EDGE_CURVE ( 'NONE', #3475, #2740, #6620, .T. ) ;
#448 = CARTESIAN_POINT ( 'NONE',  ( -0.8558541792411740179, -0.2534774874328540872, -20.59999999999999787 ) ) ;
#449 = CARTESIAN_POINT ( 'NONE',  ( -5.431814138713285445, 0.6243921008024785335, -20.39999999999999858 ) ) ;
#450 = CARTESIAN_POINT ( 'NONE',  ( -5.804862136208440049, -0.7320333844812964008, -20.60000000000000142 ) ) ;
#451 = CARTESIAN_POINT ( 'NONE',  ( -1.500000000000000000, -9.213878188659972324, -2.000000000000000000 ) ) ;
#452 = CARTESIAN_POINT ( 'NONE',  ( -5.088200321581027197, -0.05089621815075775352, -20.40000000000000213 ) ) ;
#453 = CARTESIAN_POINT ( 'NONE',  ( -5.727264620965359931, -0.7978038327330176926, -20.40000000000000213 ) ) ;
#454 = SURFACE_STYLE_USAGE ( .BOTH. , #7802 ) ;
#455 = ORIENTED_EDGE ( 'NONE', *, *, #8778, .F. ) ;
#456 = VECTOR ( 'NONE', #6567, 1000.000000000000000 ) ;
#457 = CARTESIAN_POINT ( 'NONE',  ( -5.826706443611321617, 0.5727900671557801804, -20.39999999999999503 ) ) ;
#458 = ORIENTED_EDGE ( 'NONE', *, *, #2030, .F. ) ;
#459 = LINE ( 'NONE', #3611, #703 ) ;
#460 = COLOUR_RGB ( '',1.000000000000000000, 1.000000000000000000, 1.000000000000000000 ) ;
#461 = PLANE ( 'NONE',  #7116 ) ;
#462 =( NAMED_UNIT ( * ) PLANE_ANGLE_UNIT ( ) SI_UNIT ( $, .RADIAN. ) );
#463 = CARTESIAN_POINT ( 'NONE',  ( -0.3614692611031775638, -0.7209142875376257642, -20.60000000000000142 ) ) ;
#464 = CARTESIAN_POINT ( 'NONE',  ( -3.400000000000000355, 1.599999999999998535, 0.000000000000000000 ) ) ;
#465 = EDGE_CURVE ( 'NONE', #3346, #3060, #6267, .T. ) ;
#466 = CARTESIAN_POINT ( 'NONE',  ( -5.836005863204755784, 0.3184732660519269398, -20.59999999999999787 ) ) ;
#467 = ORIENTED_EDGE ( 'NONE', *, *, #8980, .T. ) ;
#468 = CARTESIAN_POINT ( 'NONE',  ( -3.000000000000000000, -8.813878188659971968, -20.40000000000000213 ) ) ;
#469 = STYLED_ITEM ( 'NONE', ( #5940 ), #1204 ) ;
#470 = STYLED_ITEM ( 'NONE', ( #4340 ), #3906 ) ;
#471 = CARTESIAN_POINT ( 'NONE',  ( -5.123174099406454296, 0.07722465112509981078, -20.59999999999999432 ) ) ;
#472 = CARTESIAN_POINT ( 'NONE',  ( -5.861906702433651084, 0.2598732465356545229, -20.60000000000000142 ) ) ;
#473 = ORIENTED_EDGE ( 'NONE', *, *, #9728, .F. ) ;
#474 = CARTESIAN_POINT ( 'NONE',  ( 7.400000000000000355, 0.7999999999999987121, -18.59999999999999787 ) ) ;
#475 = FILL_AREA_STYLE ('',( #4541 ) ) ;
#476 = CARTESIAN_POINT ( 'NONE',  ( 5.083984634993700347, -0.6568877140137278081, -20.60000000000000142 ) ) ;
#477 = VERTEX_POINT ( 'NONE', #7329 ) ;
#478 = ORIENTED_EDGE ( 'NONE', *, *, #1563, .T. ) ;
#479 = EDGE_CURVE ( 'NONE', #10036, #1014, #3290, .T. ) ;
#480 = CARTESIAN_POINT ( 'NONE',  ( 3.199999999999999734, -5.013878188659972146, -20.40000000000000213 ) ) ;
#481 = CARTESIAN_POINT ( 'NONE',  ( -5.996968774178680128, 0.3710146627365671912, -20.60000000000000142 ) ) ;
#482 = AXIS2_PLACEMENT_3D ( 'NONE', #10486, #4594, #8633 ) ;
#483 = CIRCLE ( 'NONE', #9566, 0.2000000000000000944 ) ;
#484 = SURFACE_STYLE_FILL_AREA ( #2932 ) ;
#485 = LINE ( 'NONE', #7037, #10188 ) ;
#486 = CARTESIAN_POINT ( 'NONE',  ( 5.292639525803182643, -0.8971984803182561086, -20.40000000000000568 ) ) ;
#487 = CARTESIAN_POINT ( 'NONE',  ( -0.2117798615202355073, 0.3127127402008628709, -20.60000000000000142 ) ) ;
#488 = CARTESIAN_POINT ( 'NONE',  ( 5.678038640506489543, -0.7366198866981864546, -20.40000000000000924 ) ) ;
#489 = CARTESIAN_POINT ( 'NONE',  ( -0.8547129730933746838, 0.5059743257089652779, -20.60000000000000497 ) ) ;
#490 = B_SPLINE_SURFACE_WITH_KNOTS ( 'NONE', 3, 1, ( 
 ( #7336, #1370 ),
 ( #4642, #514 ),
 ( #4524, #1302 ),
 ( #8677, #10301 ),
 ( #3777, #8735 ),
 ( #7915, #7067 ),
 ( #2852, #3722 ),
 ( #7760, #9478 ),
 ( #10356, #5492 ),
 ( #7013, #571 ),
 ( #6137, #2963 ),
 ( #6294, #6188 ),
 ( #4689, #6237 ),
 ( #7860, #626 ),
 ( #9427, #9529 ),
 ( #1363, #2101 ),
 ( #3886, #4634 ),
 ( #3081, #3831 ),
 ( #9583, #8785 ) ),
 .UNSPECIFIED., .F., .F., .F.,
 ( 4, 1, 1, 1, 1, 1, 1, 1, 1, 1, 1, 1, 1, 1, 1, 1, 4 ),
 ( 2, 2 ),
 ( 0.000000000000000000, 0.07040813273187943033, 0.1385315568307198264, 0.2051931111868492141, 0.2698979902991168744, 0.3331965786051242495, 0.3953098162645778402, 0.4561724639254360336, 0.5166274028946397090, 0.5759267578935649556, 0.6355239129868467396, 0.6947320381548272028, 0.7542906315131783224, 0.8144587552179252121, 0.8749740206680791665, 0.9370589671679419030, 0.9999999999999998890 ),
 ( 0.000000000000000000, 1.000000000000000000 ),
 .UNSPECIFIED. ) ;
#491 = ORIENTED_EDGE ( 'NONE', *, *, #2955, .T. ) ;
#492 = EDGE_CURVE ( 'NONE', #1268, #8231, #1785, .T. ) ;
#493 = ADVANCED_FACE ( 'NONE', ( #8239 ), #135, .F. ) ;
#494 =( NAMED_UNIT ( * ) SI_UNIT ( $, .STERADIAN. ) SOLID_ANGLE_UNIT ( ) );
#495 = LINE ( 'NONE', #6058, #5977 ) ;
#496 = CARTESIAN_POINT ( 'NONE',  ( -0.02879288598015550260, -0.3072438019053845837, -20.39999999999999858 ) ) ;
#497 = VERTEX_POINT ( 'NONE', #7434 ) ;
#498 = LINE ( 'NONE', #8606, #8070 ) ;
#499 = SURFACE_SIDE_STYLE ('',( #10172 ) ) ;
#500 = PLANE ( 'NONE',  #7445 ) ;
#501 = CIRCLE ( 'NONE', #8386, 0.1999999999999987899 ) ;
#502 = FACE_OUTER_BOUND ( 'NONE', #7140, .T. ) ;
#503 = CARTESIAN_POINT ( 'NONE',  ( -5.147313344159556436, 0.1376018571404508395, -20.40000000000000568 ) ) ;
#504 = SPHERICAL_SURFACE ( 'NONE', #5729, 0.2000000000000000111 ) ;
#505 = ORIENTED_EDGE ( 'NONE', *, *, #1358, .F. ) ;
#506 = ADVANCED_FACE ( 'NONE', ( #9053 ), #8343, .F. ) ;
#507 = DIRECTION ( 'NONE',  ( 0.000000000000000000, 1.000000000000000000, -0.000000000000000000 ) ) ;
#508 = CIRCLE ( 'NONE', #10473, 0.2000000000000000944 ) ;
#509 = CARTESIAN_POINT ( 'NONE',  ( -5.976604040267229578, 0.4127276919653002363, -20.40000000000000213 ) ) ;
#510 = EDGE_LOOP ( 'NONE', ( #5997, #2430, #8293, #8478 ) ) ;
#511 = DIRECTION ( 'NONE',  ( 0.000000000000000000, -1.000000000000000000, 0.000000000000000000 ) ) ;
#512 = VECTOR ( 'NONE', #1895, 1000.000000000000000 ) ;
#513 = UNCERTAINTY_MEASURE_WITH_UNIT (LENGTH_MEASURE( 1.000000000000000082E-05 ), #10633, 'distance_accuracy_value', 'NONE');
#514 = CARTESIAN_POINT ( 'NONE',  ( -5.094850311147568256, 0.3755738448920898365, -20.60000000000000142 ) ) ;
#515 = CARTESIAN_POINT ( 'NONE',  ( -0.06988951610561722205, -0.4884423965068691587, -20.59999999999999432 ) ) ;
#516 = SURFACE_STYLE_FILL_AREA ( #1474 ) ;
#517 = ADVANCED_FACE ( 'NONE', ( #81 ), #6717, .T. ) ;
#518 = ORIENTED_EDGE ( 'NONE', *, *, #7053, .T. ) ;
#519 = CARTESIAN_POINT ( 'NONE',  ( 0.7649681413146076636, -0.1695019059663379624, -20.59999999999999787 ) ) ;
#520 = DIRECTION ( 'NONE',  ( 1.000000000000000000, -0.000000000000000000, 0.000000000000000000 ) ) ;
#521 = CARTESIAN_POINT ( 'NONE',  ( 5.168983426836389228, 0.6410449470948366146, -20.60000000000000142 ) ) ;
#522 = PRESENTATION_LAYER_ASSIGNMENT (  '', '', ( #350 ) ) ;
#523 = CARTESIAN_POINT ( 'NONE',  ( -5.175948588335111289, 0.1953874005409766967, -20.60000000000000142 ) ) ;
#524 = PLANE ( 'NONE',  #9737 ) ;
#525 = ORIENTED_EDGE ( 'NONE', *, *, #948, .F. ) ;
#526 = LINE ( 'NONE', #8796, #8818 ) ;
#527 = CARTESIAN_POINT ( 'NONE',  ( -0.8270983427133937749, -0.3440435977300242976, -20.40000000000000213 ) ) ;
#528 = UNCERTAINTY_MEASURE_WITH_UNIT (LENGTH_MEASURE( 1.000000000000000082E-05 ), #4742, 'distance_accuracy_value', 'NONE');
#529 = FACE_OUTER_BOUND ( 'NONE', #6853, .T. ) ;
#530 = CARTESIAN_POINT ( 'NONE',  ( -5.010139925855979115, 0.2298173490877513381, -20.40000000000000213 ) ) ;
#531 = FACE_OUTER_BOUND ( 'NONE', #10276, .T. ) ;
#532 = VECTOR ( 'NONE', #6606, 1000.000000000000000 ) ;
#533 = VERTEX_POINT ( 'NONE', #2684 ) ;
#534 = ORIENTED_EDGE ( 'NONE', *, *, #8616, .T. ) ;
#535 = CARTESIAN_POINT ( 'NONE',  ( -0.2346130666255627772, 0.3383630340438485429, -20.60000000000000497 ) ) ;
#536 = CARTESIAN_POINT ( 'NONE',  ( -0.1305626304659722181, -0.8227889769007590282, -20.40000000000000213 ) ) ;
#537 = AXIS2_PLACEMENT_3D ( 'NONE', #2429, #9005, #1633 ) ;
#538 = FACE_BOUND ( 'NONE', #7452, .T. ) ;
#539 = EDGE_CURVE ( 'NONE', #3824, #1373, #7846, .T. ) ;
#540 = CARTESIAN_POINT ( 'NONE',  ( 0.6224137154697974017, -0.6510758556450154666, -20.40000000000000213 ) ) ;
#541 = CARTESIAN_POINT ( 'NONE',  ( -0.8270983427133937749, -0.3440435977300242976, -20.60000000000000142 ) ) ;
#542 = FACE_OUTER_BOUND ( 'NONE', #10451, .T. ) ;
#543 = CARTESIAN_POINT ( 'NONE',  ( -5.020077755258004260, -0.6935695485282540318, -20.40000000000000924 ) ) ;
#544 = ORIENTED_EDGE ( 'NONE', *, *, #10337, .T. ) ;
#545 = STYLED_ITEM ( 'NONE', ( #5286 ), #8423 ) ;
#546 = CARTESIAN_POINT ( 'NONE',  ( 7.400000000000000355, 3.999999999999998224, -18.59999999999999787 ) ) ;
#547 = DIRECTION ( 'NONE',  ( -0.000000000000000000, -0.000000000000000000, 1.000000000000000000 ) ) ;
#548 = DIRECTION ( 'NONE',  ( -1.084202172485504434E-16, -1.000000000000000000, 0.000000000000000000 ) ) ;
#549 = ORIENTED_EDGE ( 'NONE', *, *, #875, .F. ) ;
#550 = FILL_AREA_STYLE ('',( #7840 ) ) ;
#551 = LINE ( 'NONE', #10339, #7381 ) ;
#552 = DIRECTION ( 'NONE',  ( 1.000000000000000000, 0.000000000000000000, 0.000000000000000000 ) ) ;
#553 = AXIS2_PLACEMENT_3D ( 'NONE', #4574, #1524, #4798 ) ;
#554 = CARTESIAN_POINT ( 'NONE',  ( 1.105774105080187031, 0.3926538521471922838, -20.40000000000000213 ) ) ;
#555 = CARTESIAN_POINT ( 'NONE',  ( -1.599999999999999867, 5.999999999999997335, -8.799999999999998934 ) ) ;
#556 = ADVANCED_FACE ( 'NONE', ( #7641 ), #4461, .T. ) ;
#557 = ADVANCED_FACE ( 'NONE', ( #8613 ), #1241, .F. ) ;
#558 = CARTESIAN_POINT ( 'NONE',  ( 2.799999999999999822, 8.813878188659971968, -20.40000000000000213 ) ) ;
#559 = DIRECTION ( 'NONE',  ( 0.000000000000000000, 0.000000000000000000, -1.000000000000000000 ) ) ;
#560 = DIRECTION ( 'NONE',  ( -1.000000000000000000, 0.000000000000000000, 0.000000000000000000 ) ) ;
#561 = CARTESIAN_POINT ( 'NONE',  ( -0.3963258318865777174, 0.6287675877935189339, -20.60000000000000142 ) ) ;
#562 = ORIENTED_EDGE ( 'NONE', *, *, #9236, .F. ) ;
#563 = B_SPLINE_CURVE_WITH_KNOTS ( 'NONE', 3,
 ( #8938, #1713, #3474, #2862, #4230, #7522, #10306, #6191, #5047, #9486, #8684 ),
 .UNSPECIFIED., .F., .F.,
 ( 4, 1, 1, 1, 1, 1, 1, 1, 4 ),
 ( 0.000000000000000000, 0.1130382405186284578, 0.2268404180405754755, 0.3435134447753773190, 0.4632912482352091743, 0.5883233236855425208, 0.7189887064317974641, 0.8559391458492382476, 1.000000000000000000 ),
 .UNSPECIFIED. ) ;
#564 = COLOUR_RGB ( '',1.000000000000000000, 1.000000000000000000, 1.000000000000000000 ) ;
#565 = CARTESIAN_POINT ( 'NONE',  ( 5.307980849016044722, -0.8976261803203400280, -20.60000000000000142 ) ) ;
#566 = CARTESIAN_POINT ( 'NONE',  ( -7.869140320336472705, 0.000000000000000000, -20.40000000000000213 ) ) ;
#567 = ORIENTED_EDGE ( 'NONE', *, *, #8651, .F. ) ;
#568 = FILL_AREA_STYLE_COLOUR ( '', #7916 ) ;
#569 = EDGE_CURVE ( 'NONE', #5343, #7335, #959, .T. ) ;
#570 = CIRCLE ( 'NONE', #6559, 9.999999999999998224 ) ;
#571 = CARTESIAN_POINT ( 'NONE',  ( -5.302627576442109358, 0.5724995180032266262, -20.60000000000000497 ) ) ;
#572 = CARTESIAN_POINT ( 'NONE',  ( 2.600000000000000533, 0.7999999999999987121, -20.60000000000000142 ) ) ;
#573 = COLOUR_RGB ( '',1.000000000000000000, 1.000000000000000000, 1.000000000000000000 ) ;
#574 = EDGE_LOOP ( 'NONE', ( #7482, #8403, #10194, #4521 ) ) ;
#575 = LINE ( 'NONE', #1306, #9424 ) ;
#576 = LINE ( 'NONE', #2861, #10583 ) ;
#577 = CIRCLE ( 'NONE', #9485, 0.9500000000000002887 ) ;
#578 = CARTESIAN_POINT ( 'NONE',  ( -5.950000000000000178, 2.399999999999998579, -20.60000000000000142 ) ) ;
#579 = VERTEX_POINT ( 'NONE', #4793 ) ;
#580 = ADVANCED_FACE ( 'NONE', ( #2204, #7165 ), #4679, .T. ) ;
#581 = ORIENTED_EDGE ( 'NONE', *, *, #7639, .T. ) ;
#582 = B_SPLINE_SURFACE_WITH_KNOTS ( 'NONE', 3, 1, ( 
 ( #6081, #6246 ),
 ( #3023, #8088 ),
 ( #6302, #2332 ),
 ( #5498, #4640 ),
 ( #7921, #8682 ),
 ( #9534, #519 ),
 ( #3783, #8790 ),
 ( #3835, #7071 ),
 ( #2157, #7127 ),
 ( #10592, #9588 ),
 ( #2106, #5608 ) ),
 .UNSPECIFIED., .F., .F., .F.,
 ( 4, 1, 1, 1, 1, 1, 1, 1, 4 ),
 ( 2, 2 ),
 ( 0.000000000000000000, 0.1473311512453900074, 0.2878417253961133571, 0.4226040141878718570, 0.5507844049688579435, 0.6725789076994169724, 0.7877904733471090548, 0.8972933363546499175, 1.000000000000000000 ),
 ( 0.000000000000000000, 1.000000000000000000 ),
 .UNSPECIFIED. ) ;
#583 = VECTOR ( 'NONE', #8261, 1000.000000000000000 ) ;
#584 = TOROIDAL_SURFACE ( 'NONE', #10564, 0.4000000000000000222, 0.2000000000000000111 ) ;
#585 = CARTESIAN_POINT ( 'NONE',  ( -0.8848914793353974684, -0.01004501148917113541, -20.40000000000000213 ) ) ;
#586 = CARTESIAN_POINT ( 'NONE',  ( -0.9499999999999996225, 6.799999999999997158, -20.60000000000000142 ) ) ;
#587 = CARTESIAN_POINT ( 'NONE',  ( 0.000000000000000000, 8.813878188659971968, -20.40000000000000213 ) ) ;
#588 = PRESENTATION_STYLE_ASSIGNMENT (( #7875 ) ) ;
#589 = DIRECTION ( 'NONE',  ( -1.000000000000000000, -1.084202172485504434E-16, 0.000000000000000000 ) ) ;
#590 = AXIS2_PLACEMENT_3D ( 'NONE', #9269, #1900, #5175 ) ;
#591 = CARTESIAN_POINT ( 'NONE',  ( -0.9500000000000000666, -6.799999999999997158, -20.60000000000000142 ) ) ;
#592 = ORIENTED_EDGE ( 'NONE', *, *, #2830, .T. ) ;
#593 = ORIENTED_EDGE ( 'NONE', *, *, #8426, .F. ) ;
#594 = CARTESIAN_POINT ( 'NONE',  ( 4.733978408851261754, 0.3710146627365673577, -20.39999999999999858 ) ) ;
#595 = DIRECTION ( 'NONE',  ( 0.000000000000000000, 1.000000000000000000, 0.000000000000000000 ) ) ;
#596 = AXIS2_PLACEMENT_3D ( 'NONE', #3228, #8887, #3176 ) ;
#597 = CARTESIAN_POINT ( 'NONE',  ( 0.1280955336516154952, -0.2489857582424179205, -20.40000000000000213 ) ) ;
#598 = ORIENTED_EDGE ( 'NONE', *, *, #6324, .T. ) ;
#599 = DIRECTION ( 'NONE',  ( 1.000000000000000000, 0.000000000000000000, -0.000000000000000000 ) ) ;
#600 = CARTESIAN_POINT ( 'NONE',  ( -3.893185852929029522, 0.07069349544887802705, -20.59999999999999787 ) ) ;
#601 = PRESENTATION_STYLE_ASSIGNMENT (( #10500 ) ) ;
#602 = COLOUR_RGB ( '',0.4980392156862745168, 0.4980392156862745168, 0.4980392156862745168 ) ;
#603 = LINE ( 'NONE', #1451, #7619 ) ;
#604 = AXIS2_PLACEMENT_3D ( 'NONE', #149, #9124, #4264 ) ;
#605 = ORIENTED_EDGE ( 'NONE', *, *, #4561, .T. ) ;
#606 = B_SPLINE_CURVE_WITH_KNOTS ( 'NONE', 3,
 ( #9055, #4902, #830, #4197, #6568, #7489, #6460, #5762, #883, #4087, #2428 ),
 .UNSPECIFIED., .F., .F.,
 ( 4, 1, 1, 1, 1, 1, 1, 1, 4 ),
 ( 0.000000000000000000, 0.1473311512453896743, 0.2878417253961127464, 0.4226040141878716905, 0.5507844049688578325, 0.6725789076994169724, 0.7877904733471088328, 0.8972933363546494734, 0.9999999999999998890 ),
 .UNSPECIFIED. ) ;
#607 = CARTESIAN_POINT ( 'NONE',  ( -1.500000000000000000, -9.213878188659972324, -8.799999999999998934 ) ) ;
#608 = ADVANCED_FACE ( 'NONE', ( #3874 ), #10460, .F. ) ;
#609 = CARTESIAN_POINT ( 'NONE',  ( 5.661674030834227267, -0.2608566998008596260, -20.40000000000000568 ) ) ;
#610 = PRESENTATION_LAYER_ASSIGNMENT (  '', '', ( #1796 ) ) ;
#611 = ORIENTED_EDGE ( 'NONE', *, *, #356, .T. ) ;
#612 = CARTESIAN_POINT ( 'NONE',  ( 5.216718646359365330, -0.8900366848736641634, -20.40000000000000924 ) ) ;
#613 = FACE_OUTER_BOUND ( 'NONE', #5012, .T. ) ;
#614 = CARTESIAN_POINT ( 'NONE',  ( 0.7649681413146076636, -0.1695019059663379624, -20.39999999999999858 ) ) ;
#615 = CARTESIAN_POINT ( 'NONE',  ( -5.644909810644410442, -0.8470450198920066454, -20.59999999999999787 ) ) ;
#616 = DIRECTION ( 'NONE',  ( -0.000000000000000000, 1.000000000000000000, -0.000000000000000000 ) ) ;
#617 = DIRECTION ( 'NONE',  ( -0.000000000000000000, 0.000000000000000000, -1.000000000000000000 ) ) ;
#618 = CARTESIAN_POINT ( 'NONE',  ( -0.06086667514498257658, 0.3931756448781862923, -20.39999999999999858 ) ) ;
#619 = ORIENTED_EDGE ( 'NONE', *, *, #1915, .F. ) ;
#620 = EDGE_CURVE ( 'NONE', #8615, #3408, #1352, .T. ) ;
#621 = CARTESIAN_POINT ( 'NONE',  ( 3.199999999999999734, 5.213878188659972324, -2.200000000000000622 ) ) ;
#622 = CARTESIAN_POINT ( 'NONE',  ( 5.021939961259967333, 0.6246930461076857233, -20.60000000000000853 ) ) ;
#623 = ORIENTED_EDGE ( 'NONE', *, *, #7904, .T. ) ;
#624 = DIRECTION ( 'NONE',  ( -0.000000000000000000, -1.000000000000000000, -0.000000000000000000 ) ) ;
#625 = PLANE ( 'NONE',  #3012 ) ;
#626 = CARTESIAN_POINT ( 'NONE',  ( -5.431814138713285445, 0.6243921008024785335, -20.59999999999999787 ) ) ;
#627 = DIRECTION ( 'NONE',  ( -0.9852842812613799017, -0.1709236235844714125, 0.000000000000000000 ) ) ;
#628 = PRESENTATION_STYLE_ASSIGNMENT (( #7974 ) ) ;
#629 = DIRECTION ( 'NONE',  ( -1.000000000000000000, 0.000000000000000000, 0.000000000000000000 ) ) ;
#630 = VERTEX_POINT ( 'NONE', #6343 ) ;
#631 = EDGE_CURVE ( 'NONE', #4598, #10335, #8667, .T. ) ;
#632 = EDGE_CURVE ( 'NONE', #5612, #8591, #4567, .T. ) ;
#633 = DIRECTION ( 'NONE',  ( -0.000000000000000000, -0.000000000000000000, -1.000000000000000000 ) ) ;
#634 = DIRECTION ( 'NONE',  ( -0.000000000000000000, -0.000000000000000000, -1.000000000000000000 ) ) ;
#635 = DIRECTION ( 'NONE',  ( 0.000000000000000000, 0.000000000000000000, -1.000000000000000000 ) ) ;
#636 = ORIENTED_EDGE ( 'NONE', *, *, #492, .F. ) ;
#637 = DIRECTION ( 'NONE',  ( 1.000000000000000000, 0.000000000000000000, 0.000000000000000000 ) ) ;
#638 = STYLED_ITEM ( 'NONE', ( #344 ), #556 ) ;
#639 = VERTEX_POINT ( 'NONE', #3127 ) ;
#640 = SURFACE_STYLE_USAGE ( .BOTH. , #2060 ) ;
#641 = CARTESIAN_POINT ( 'NONE',  ( -0.07736307024448839387, 0.4148738196796599165, -20.60000000000000142 ) ) ;
#642 = UNCERTAINTY_MEASURE_WITH_UNIT (LENGTH_MEASURE( 1.000000000000000082E-05 ), #2047, 'distance_accuracy_value', 'NONE');
#643 = DIRECTION ( 'NONE',  ( -0.000000000000000000, -0.000000000000000000, 1.000000000000000000 ) ) ;
#644 = DIRECTION ( 'NONE',  ( 0.000000000000000000, 0.000000000000000000, -1.000000000000000000 ) ) ;
#645 = CARTESIAN_POINT ( 'NONE',  ( -4.955868910029174401, 0.08053288735248977093, -20.40000000000000213 ) ) ;
#646 = PRESENTATION_STYLE_ASSIGNMENT (( #6203 ) ) ;
#647 = ORIENTED_EDGE ( 'NONE', *, *, #6987, .F. ) ;
#648 = EDGE_CURVE ( 'NONE', #665, #8764, #9631, .T. ) ;
#649 = CARTESIAN_POINT ( 'NONE',  ( 4.974111046036405526, -0.5471836062522977828, -20.60000000000000142 ) ) ;
#650 = COLOUR_RGB ( '',0.6941176470588235059, 0.09803921568627450844, 0.09803921568627450844 ) ;
#651 = CARTESIAN_POINT ( 'NONE',  ( -1.600000000000000089, 7.599999999999996980, -8.799999999999998934 ) ) ;
#652 = DIRECTION ( 'NONE',  ( 0.000000000000000000, 0.000000000000000000, -1.000000000000000000 ) ) ;
#653 = DIRECTION ( 'NONE',  ( 0.000000000000000000, 1.000000000000000000, 0.000000000000000000 ) ) ;
#654 = MECHANICAL_DESIGN_GEOMETRIC_PRESENTATION_REPRESENTATION (  '', ( #469 ), #3026 ) ;
#655 = DIRECTION ( 'NONE',  ( -0.9922778767136675171, -0.1240347345892091335, 0.000000000000000000 ) ) ;
#656 = AXIS2_PLACEMENT_3D ( 'NONE', #7923, #7239, #635 ) ;
#657 = CARTESIAN_POINT ( 'NONE',  ( 5.512347538297980520, 3.199999999999997957, -8.799999999999998934 ) ) ;
#658 = SURFACE_STYLE_USAGE ( .BOTH. , #2186 ) ;
#659 = ORIENTED_EDGE ( 'NONE', *, *, #5992, .F. ) ;
#660 = CARTESIAN_POINT ( 'NONE',  ( -5.576984191156757475, 0.4660101833160233964, -20.40000000000000213 ) ) ;
#661 = SURFACE_STYLE_FILL_AREA ( #3062 ) ;
#662 = DIRECTION ( 'NONE',  ( -1.000000000000000000, 0.000000000000000000, 0.000000000000000000 ) ) ;
#663 = CIRCLE ( 'NONE', #144, 0.9500000000000000666 ) ;
#664 = AXIS2_PLACEMENT_3D ( 'NONE', #5162, #78, #3390 ) ;
#665 = VERTEX_POINT ( 'NONE', #2259 ) ;
#666 = ORIENTED_EDGE ( 'NONE', *, *, #2513, .T. ) ;
#667 = CARTESIAN_POINT ( 'NONE',  ( 4.926085046821500946, -0.7320333844812962898, -20.60000000000000142 ) ) ;
#668 = CARTESIAN_POINT ( 'NONE',  ( 5.515967211405321535, 0.5105542056909713189, -20.40000000000000924 ) ) ;
#669 = CARTESIAN_POINT ( 'NONE',  ( 3.199999999999999734, 5.213878188659972324, -20.40000000000000213 ) ) ;
#670 = CARTESIAN_POINT ( 'NONE',  ( -3.199999999999999734, 5.013878188659972146, -20.40000000000000213 ) ) ;
#671 = CARTESIAN_POINT ( 'NONE',  ( -2.799999999999999378, -5.213878188659972324, -20.60000000000000142 ) ) ;
#672 = MECHANICAL_DESIGN_GEOMETRIC_PRESENTATION_REPRESENTATION (  '', ( #3556 ), #2369 ) ;
#673 = CARTESIAN_POINT ( 'NONE',  ( 1.600000000000000089, -5.999999999999997335, -8.799999999999998934 ) ) ;
#674 = MECHANICAL_DESIGN_GEOMETRIC_PRESENTATION_REPRESENTATION (  '', ( #7011 ), #10278 ) ;
#675 = VECTOR ( 'NONE', #6266, 1000.000000000000000 ) ;
#676 = ORIENTED_EDGE ( 'NONE', *, *, #7907, .T. ) ;
#677 = DIRECTION ( 'NONE',  ( 0.000000000000000000, -0.000000000000000000, 1.000000000000000000 ) ) ;
#678 = B_SPLINE_SURFACE_WITH_KNOTS ( 'NONE', 3, 1, ( 
 ( #3580, #6864 ),
 ( #5354, #2767 ),
 ( #4546, #7825 ),
 ( #1327, #7088 ),
 ( #9764, #8105 ),
 ( #2399, #7200 ),
 ( #2990, #3800 ),
 ( #3102, #8808 ),
 ( #748, #3856 ),
 ( #8973, #7993 ),
 ( #6374, #2348 ) ),
 .UNSPECIFIED., .F., .F., .F.,
 ( 4, 1, 1, 1, 1, 1, 1, 1, 4 ),
 ( 2, 2 ),
 ( 0.000000000000000000, 0.1376898960779014969, 0.2703472686760570731, 0.3984851857688636034, 0.5233538608675942783, 0.6449881229334322175, 0.7646871457456997367, 0.8826050126123293760, 1.000000000000000000 ),
 ( 0.000000000000000000, 1.000000000000000000 ),
 .UNSPECIFIED. ) ;
#679 = ORIENTED_EDGE ( 'NONE', *, *, #1202, .F. ) ;
#680 = VECTOR ( 'NONE', #10041, 1000.000000000000000 ) ;
#681 = EDGE_CURVE ( 'NONE', #5651, #6664, #5591, .T. ) ;
#682 = FILL_AREA_STYLE_COLOUR ( '', #3879 ) ;
#683 = DIRECTION ( 'NONE',  ( -0.9403445970902174489, 0.3402235128900363836, 0.000000000000000000 ) ) ;
#684 = VECTOR ( 'NONE', #9447, 1000.000000000000000 ) ;
#685 = SURFACE_SIDE_STYLE ('',( #516 ) ) ;
#686 = CARTESIAN_POINT ( 'NONE',  ( -7.869140320336472705, -4.813878188659970192, -2.000000000000000000 ) ) ;
#687 = ORIENTED_EDGE ( 'NONE', *, *, #6183, .T. ) ;
#688 = EDGE_LOOP ( 'NONE', ( #5974, #4189, #8116, #1523 ) ) ;
#689 = CARTESIAN_POINT ( 'NONE',  ( 5.156702439925135550, 0.6413348586406989460, -20.40000000000000213 ) ) ;
#690 = VERTEX_POINT ( 'NONE', #7222 ) ;
#691 = CARTESIAN_POINT ( 'NONE',  ( -5.663955919419753293, -0.6433302629182148236, -20.60000000000000142 ) ) ;
#692 = LINE ( 'NONE', #2389, #9219 ) ;
#693 = VERTEX_POINT ( 'NONE', #6394 ) ;
#694 =( BOUNDED_CURVE ( )  B_SPLINE_CURVE ( 3, ( #1165, #6207, #6975, #4437 ),
 .UNSPECIFIED., .F., .T. ) 
 B_SPLINE_CURVE_WITH_KNOTS ( ( 4, 4 ),
 ( 4.712388980384689674, 6.283185307179586232 ),
 .UNSPECIFIED. ) 
 CURVE ( )  GEOMETRIC_REPRESENTATION_ITEM ( )  RATIONAL_B_SPLINE_CURVE ( ( 1.000000000000000000, 0.8047378541243649375, 0.8047378541243649375, 1.000000000000000000 ) ) 
 REPRESENTATION_ITEM ( '' )  );
#695 = EDGE_CURVE ( 'NONE', #2942, #1253, #8338, .T. ) ;
#696 = CARTESIAN_POINT ( 'NONE',  ( 5.296414290574485761, -0.7223015049956647005, -20.40000000000000213 ) ) ;
#697 = EDGE_CURVE ( 'NONE', #4269, #2739, #8888, .T. ) ;
#698 = SURFACE_SIDE_STYLE ('',( #8042 ) ) ;
#699 = PLANE ( 'NONE',  #5218 ) ;
#700 = DIRECTION ( 'NONE',  ( 0.000000000000000000, 0.000000000000000000, 1.000000000000000000 ) ) ;
#701 = ORIENTED_EDGE ( 'NONE', *, *, #3420, .T. ) ;
#702 = EDGE_LOOP ( 'NONE', ( #6809, #5718, #6221, #3356 ) ) ;
#703 = VECTOR ( 'NONE', #9475, 1000.000000000000000 ) ;
#704 = CARTESIAN_POINT ( 'NONE',  ( 0.1278488674430453276, -0.2649218014728412229, -20.39999999999999503 ) ) ;
#705 = CARTESIAN_POINT ( 'NONE',  ( -0.8643090391435507280, -0.6247438079113800669, -20.60000000000000497 ) ) ;
#706 = ORIENTED_EDGE ( 'NONE', *, *, #6507, .F. ) ;
#707 = CARTESIAN_POINT ( 'NONE',  ( 3.199999999999999734, 5.213878188659972324, -2.200000000000000622 ) ) ;
#708 = EDGE_CURVE ( 'NONE', #5867, #6903, #7057, .T. ) ;
#709 = SURFACE_SIDE_STYLE ('',( #4778 ) ) ;
#710 = CARTESIAN_POINT ( 'NONE',  ( -5.089681139739189675, -0.7743727589100393160, -20.39999999999999858 ) ) ;
#711 = FILL_AREA_STYLE_COLOUR ( '', #9045 ) ;
#712 = ORIENTED_EDGE ( 'NONE', *, *, #4561, .F. ) ;
#713 = CARTESIAN_POINT ( 'NONE',  ( 1.600000000000000089, -7.599999999999996980, -8.799999999999998934 ) ) ;
#714 = ORIENTED_EDGE ( 'NONE', *, *, #2769, .F. ) ;
#715 = CARTESIAN_POINT ( 'NONE',  ( 4.726609095769291891, -0.3716521543463141564, -20.60000000000000142 ) ) ;
#716 =( NAMED_UNIT ( * ) PLANE_ANGLE_UNIT ( ) SI_UNIT ( $, .RADIAN. ) );
#717 = SURFACE_SIDE_STYLE ('',( #4790 ) ) ;
#718 = CARTESIAN_POINT ( 'NONE',  ( -3.000000000000000000, -9.013878188659973034, -8.799999999999998934 ) ) ;
#719 =( NAMED_UNIT ( * ) PLANE_ANGLE_UNIT ( ) SI_UNIT ( $, .RADIAN. ) );
#720 = SURFACE_STYLE_FILL_AREA ( #8774 ) ;
#721 = CARTESIAN_POINT ( 'NONE',  ( -4.532341334013899825, -0.8781456608398205965, -20.40000000000000213 ) ) ;
#722 = ORIENTED_EDGE ( 'NONE', *, *, #8552, .F. ) ;
#723 = DIRECTION ( 'NONE',  ( -0.000000000000000000, -0.000000000000000000, -1.000000000000000000 ) ) ;
#724 = ORIENTED_EDGE ( 'NONE', *, *, #5078, .F. ) ;
#725 = DIRECTION ( 'NONE',  ( 0.000000000000000000, 1.000000000000000000, 0.000000000000000000 ) ) ;
#726 =( NAMED_UNIT ( * ) SI_UNIT ( $, .STERADIAN. ) SOLID_ANGLE_UNIT ( ) );
#727 = CARTESIAN_POINT ( 'NONE',  ( -3.989930619728184524, 0.6218543391601795145, -20.40000000000000213 ) ) ;
#728 = CARTESIAN_POINT ( 'NONE',  ( -5.000000000000000000, 2.399999999999998579, -20.60000000000000142 ) ) ;
#729 = CARTESIAN_POINT ( 'NONE',  ( -4.339058054793120789, -0.3573461478528076607, -20.60000000000000497 ) ) ;
#730 = ORIENTED_EDGE ( 'NONE', *, *, #10184, .T. ) ;
#731 = DIRECTION ( 'NONE',  ( 1.000000000000000000, 0.000000000000000000, 0.000000000000000000 ) ) ;
#732 = VERTEX_POINT ( 'NONE', #870 ) ;
#733 = DIRECTION ( 'NONE',  ( 0.000000000000000000, 0.000000000000000000, -1.000000000000000000 ) ) ;
#734 = ADVANCED_FACE ( 'NONE', ( #4127 ), #127, .T. ) ;
#735 =( GEOMETRIC_REPRESENTATION_CONTEXT ( 3 ) GLOBAL_UNCERTAINTY_ASSIGNED_CONTEXT ( ( #10314 ) ) GLOBAL_UNIT_ASSIGNED_CONTEXT ( ( #9253, #10338, #5426 ) ) REPRESENTATION_CONTEXT ( 'NONE', 'WORKASPACE' ) );
#736 = DIRECTION ( 'NONE',  ( 0.000000000000000000, 0.000000000000000000, -1.000000000000000000 ) ) ;
#737 = CARTESIAN_POINT ( 'NONE',  ( -0.5118710920886524463, -0.7025274610903318173, -20.60000000000000142 ) ) ;
#738 = ORIENTED_EDGE ( 'NONE', *, *, #6988, .T. ) ;
#739 = LINE ( 'NONE', #1542, #406 ) ;
#740 = UNCERTAINTY_MEASURE_WITH_UNIT (LENGTH_MEASURE( 1.000000000000000082E-05 ), #5602, 'distance_accuracy_value', 'NONE');
#741 = CARTESIAN_POINT ( 'NONE',  ( -5.780034947324608652, -0.5126563009605300536, -20.39999999999999858 ) ) ;
#742 = CARTESIAN_POINT ( 'NONE',  ( -1.500000000000000000, -9.375835069691863310, -8.799999999999998934 ) ) ;
#743 = CARTESIAN_POINT ( 'NONE',  ( 0.000000000000000000, 0.000000000000000000, 8.000000000000000000 ) ) ;
#744 = VERTEX_POINT ( 'NONE', #2523 ) ;
#745 =( GEOMETRIC_REPRESENTATION_CONTEXT ( 3 ) GLOBAL_UNCERTAINTY_ASSIGNED_CONTEXT ( ( #10651 ) ) GLOBAL_UNIT_ASSIGNED_CONTEXT ( ( #3109, #6377, #8058 ) ) REPRESENTATION_CONTEXT ( 'NONE', 'WORKASPACE' ) );
#746 = EDGE_LOOP ( 'NONE', ( #6274, #2383, #6658, #962, #8683, #1395 ) ) ;
#747 = CARTESIAN_POINT ( 'NONE',  ( 4.687648056808252583, 0.1738023911082314521, -20.39999999999999858 ) ) ;
#748 = CARTESIAN_POINT ( 'NONE',  ( 5.686146752743108657, 0.2995535025555787767, -20.39999999999999858 ) ) ;
#749 = ADVANCED_FACE ( 'NONE', ( #2370 ), #5858, .T. ) ;
#750 = CARTESIAN_POINT ( 'NONE',  ( -0.6239723417772108371, -0.8398538706790126263, -20.60000000000000853 ) ) ;
#751 = EDGE_LOOP ( 'NONE', ( #8658, #8656, #7879, #4818, #9817, #5593 ) ) ;
#752 = COLOUR_RGB ( '',1.000000000000000000, 1.000000000000000000, 1.000000000000000000 ) ;
#753 = CARTESIAN_POINT ( 'NONE',  ( -3.933456030854580288, 0.3669696504612116050, -20.60000000000000497 ) ) ;
#754 = CARTESIAN_POINT ( 'NONE',  ( -4.913428996351562716, -0.2590304010995609363, -20.40000000000000213 ) ) ;
#755 = PRESENTATION_STYLE_ASSIGNMENT (( #8112 ) ) ;
#756 = CARTESIAN_POINT ( 'NONE',  ( -5.789591753194301305, 0.5942353826887670776, -20.40000000000000924 ) ) ;
#757 = CARTESIAN_POINT ( 'NONE',  ( 5.363014896929350073, -0.8963712385588653575, -20.60000000000000497 ) ) ;
#758 = CARTESIAN_POINT ( 'NONE',  ( -1.500000000000000000, 9.096720901134592197, -2.000000000000000444 ) ) ;
#759 = SURFACE_STYLE_FILL_AREA ( #6602 ) ;
#760 = MECHANICAL_DESIGN_GEOMETRIC_PRESENTATION_REPRESENTATION (  '', ( #2624 ), #3999 ) ;
#761 = EDGE_LOOP ( 'NONE', ( #619, #6044, #3772, #2919 ) ) ;
#762 = CARTESIAN_POINT ( 'NONE',  ( 4.950912235705338560, -0.5126563009605302756, -20.40000000000000924 ) ) ;
#763 = EDGE_CURVE ( 'NONE', #1373, #5801, #29, .T. ) ;
#764 = LINE ( 'NONE', #4986, #1676 ) ;
#765 = EDGE_CURVE ( 'NONE', #5959, #5478, #8346, .T. ) ;
#766 = EDGE_LOOP ( 'NONE', ( #2445, #6909, #2730, #10010 ) ) ;
#767 = STYLED_ITEM ( 'NONE', ( #10578 ), #9831 ) ;
#768 = DIRECTION ( 'NONE',  ( 0.000000000000000000, 0.000000000000000000, -1.000000000000000000 ) ) ;
#769 = CARTESIAN_POINT ( 'NONE',  ( -5.756836136993540798, -0.5471836062522981159, -20.40000000000000568 ) ) ;
#770 = VERTEX_POINT ( 'NONE', #3646 ) ;
#771 = VECTOR ( 'NONE', #2301, 1000.000000000000000 ) ;
#772 = DIRECTION ( 'NONE',  ( 0.000000000000000000, 0.000000000000000000, -1.000000000000000000 ) ) ;
#773 = EDGE_CURVE ( 'NONE', #6560, #1059, #4348, .T. ) ;
#774 = AXIS2_PLACEMENT_3D ( 'NONE', #3186, #6405, #3830 ) ;
#775 = ORIENTED_EDGE ( 'NONE', *, *, #4272, .T. ) ;
#776 =( NAMED_UNIT ( * ) PLANE_ANGLE_UNIT ( ) SI_UNIT ( $, .RADIAN. ) );
#777 = CARTESIAN_POINT ( 'NONE',  ( -0.05427222629045287683, -0.4472033534691811640, -20.40000000000000924 ) ) ;
#778 = SURFACE_STYLE_FILL_AREA ( #9692 ) ;
#779 = AXIS2_PLACEMENT_3D ( 'NONE', #743, #7029, #9658 ) ;
#780 = CARTESIAN_POINT ( 'NONE',  ( 1.600000000000000089, 7.599999999999996980, -8.799999999999998934 ) ) ;
#781 = PLANE ( 'NONE',  #10199 ) ;
#782 = CYLINDRICAL_SURFACE ( 'NONE', #6866, 0.2000000000000000944 ) ;
#783 = ORIENTED_EDGE ( 'NONE', *, *, #7113, .T. ) ;
#784 = CARTESIAN_POINT ( 'NONE',  ( -0.8591092625723081300, 0.1876666301893220867, -20.39999999999999858 ) ) ;
#785 = ORIENTED_EDGE ( 'NONE', *, *, #9878, .F. ) ;
#786 = CARTESIAN_POINT ( 'NONE',  ( -5.108919635424213013, -0.5027786375701197574, -20.60000000000000142 ) ) ;
#787 = ORIENTED_EDGE ( 'NONE', *, *, #7008, .F. ) ;
#788 = DIRECTION ( 'NONE',  ( -0.000000000000000000, -0.000000000000000000, 1.000000000000000000 ) ) ;
#789 = LINE ( 'NONE', #6528, #3668 ) ;
#790 = SURFACE_STYLE_USAGE ( .BOTH. , #6637 ) ;
#791 = DIRECTION ( 'NONE',  ( 0.000000000000000000, 0.000000000000000000, 1.000000000000000000 ) ) ;
#792 = CARTESIAN_POINT ( 'NONE',  ( 5.262089485800903077, 0.4539091782053207846, -20.60000000000000497 ) ) ;
#793 = DIRECTION ( 'NONE',  ( 0.000000000000000000, 1.000000000000000000, 0.000000000000000000 ) ) ;
#794 = EDGE_CURVE ( 'NONE', #3768, #1820, #9402, .T. ) ;
#795 = ORIENTED_EDGE ( 'NONE', *, *, #8620, .T. ) ;
#796 = VERTEX_POINT ( 'NONE', #7632 ) ;
#797 = CARTESIAN_POINT ( 'NONE',  ( -1.500000000000000000, 9.375835069691863310, -8.799999999999998934 ) ) ;
#798 = SURFACE_STYLE_USAGE ( .BOTH. , #4921 ) ;
#799 = STYLED_ITEM ( 'NONE', ( #3989 ), #432 ) ;
#800 = CARTESIAN_POINT ( 'NONE',  ( -0.7698017970894794892, -0.7361227846714787360, -20.60000000000000497 ) ) ;
#801 = VERTEX_POINT ( 'NONE', #5309 ) ;
#802 = LINE ( 'NONE', #8976, #3399 ) ;
#803 =( NAMED_UNIT ( * ) SI_UNIT ( $, .STERADIAN. ) SOLID_ANGLE_UNIT ( ) );
#804 = CARTESIAN_POINT ( 'NONE',  ( 5.363014896929350073, -0.8963712385588653575, -20.40000000000000213 ) ) ;
#805 = DIRECTION ( 'NONE',  ( 0.000000000000000000, 0.000000000000000000, 1.000000000000000000 ) ) ;
#806 = EDGE_CURVE ( 'NONE', #6347, #8525, #3883, .T. ) ;
#807 = ORIENTED_EDGE ( 'NONE', *, *, #2698, .T. ) ;
#808 = DIRECTION ( 'NONE',  ( -0.000000000000000000, -0.000000000000000000, 1.000000000000000000 ) ) ;
#809 = CARTESIAN_POINT ( 'NONE',  ( -6.043299126221691964, 0.1738023911082313411, -20.60000000000000142 ) ) ;
#810 = CARTESIAN_POINT ( 'NONE',  ( -0.02933223892871770697, -0.1721172489457868382, -20.59999999999999787 ) ) ;
#811 = ORIENTED_EDGE ( 'NONE', *, *, #9607, .F. ) ;
#812 = CARTESIAN_POINT ( 'NONE',  ( 5.365404479117920289, 0.6026686602435101792, -20.59999999999999787 ) ) ;
#813 = CIRCLE ( 'NONE', #1495, 0.1999999999999987899 ) ;
#814 = CARTESIAN_POINT ( 'NONE',  ( -4.475421691156756587, -0.2572041023982621910, -20.60000000000000142 ) ) ;
#815 = CARTESIAN_POINT ( 'NONE',  ( 0.7024664752100571175, -0.3573461478528076052, -20.40000000000000213 ) ) ;
#816 = SURFACE_STYLE_USAGE ( .BOTH. , #6716 ) ;
#817 = PRESENTATION_STYLE_ASSIGNMENT (( #9846 ) ) ;
#818 = EDGE_CURVE ( 'NONE', #6270, #6516, #4295, .T. ) ;
#819 = EDGE_CURVE ( 'NONE', #8280, #8903, #7325, .T. ) ;
#820 = ORIENTED_EDGE ( 'NONE', *, *, #3151, .F. ) ;
#821 = VECTOR ( 'NONE', #6661, 1000.000000000000000 ) ;
#822 = DIRECTION ( 'NONE',  ( -0.000000000000000000, -0.000000000000000000, -1.000000000000000000 ) ) ;
#823 = ORIENTED_EDGE ( 'NONE', *, *, #2441, .T. ) ;
#824 = CARTESIAN_POINT ( 'NONE',  ( -0.1111803651749209143, -0.5629379953945153892, -20.60000000000000142 ) ) ;
#825 = LINE ( 'NONE', #4083, #4153 ) ;
#826 = VECTOR ( 'NONE', #4992, 1000.000000000000000 ) ;
#827 = COLOUR_RGB ( '',1.000000000000000000, 1.000000000000000000, 1.000000000000000000 ) ;
#828 = SURFACE_STYLE_FILL_AREA ( #6513 ) ;
#829 = EDGE_CURVE ( 'NONE', #8178, #7252, #7695, .T. ) ;
#830 = CARTESIAN_POINT ( 'NONE',  ( -4.216339857261896640, -0.003025269870173122929, -20.39999999999999858 ) ) ;
#831 = CARTESIAN_POINT ( 'NONE',  ( -5.887454970377536512, 0.1543218716277116598, -20.40000000000000213 ) ) ;
#832 = VERTEX_POINT ( 'NONE', #6217 ) ;
#833 = ORIENTED_EDGE ( 'NONE', *, *, #2632, .T. ) ;
#834 = CARTESIAN_POINT ( 'NONE',  ( -5.044800430286835002, 0.2995535025555786102, -20.39999999999999858 ) ) ;
#835 = CARTESIAN_POINT ( 'NONE',  ( -5.646962548036243312, -0.6568877140137276971, -20.60000000000000142 ) ) ;
#836 = VERTEX_POINT ( 'NONE', #2187 ) ;
#837 = CARTESIAN_POINT ( 'NONE',  ( -0.4312959114781154679, 0.4565170011010725726, -20.40000000000000213 ) ) ;
#838 = UNCERTAINTY_MEASURE_WITH_UNIT (LENGTH_MEASURE( 1.000000000000000082E-05 ), #5588, 'distance_accuracy_value', 'NONE');
#839 = DIRECTION ( 'NONE',  ( 0.000000000000000000, 0.000000000000000000, -1.000000000000000000 ) ) ;
#840 = FACE_OUTER_BOUND ( 'NONE', #2431, .T. ) ;
#841 = EDGE_CURVE ( 'NONE', #6234, #7603, #9367, .T. ) ;
#842 = SURFACE_SIDE_STYLE ('',( #6694 ) ) ;
#843 = ORIENTED_EDGE ( 'NONE', *, *, #9591, .T. ) ;
#844 = ORIENTED_EDGE ( 'NONE', *, *, #195, .T. ) ;
#845 = DIRECTION ( 'NONE',  ( -1.000000000000000000, 3.422125580184494708E-16, 0.000000000000000000 ) ) ;
#846 = CIRCLE ( 'NONE', #7539, 0.2000000000000000944 ) ;
#847 = CARTESIAN_POINT ( 'NONE',  ( -0.4677551986173218990, -0.8917452788370139327, -20.60000000000000142 ) ) ;
#848 = ORIENTED_EDGE ( 'NONE', *, *, #1791, .T. ) ;
#849 = CARTESIAN_POINT ( 'NONE',  ( 0.1238774904677965999, -0.3429367502142879331, -20.60000000000000853 ) ) ;
#850 = CARTESIAN_POINT ( 'NONE',  ( 1.105774105080187031, 0.3926538521471922838, -20.40000000000000213 ) ) ;
#851 = LINE ( 'NONE', #6488, #7942 ) ;
#852 = FILL_AREA_STYLE_COLOUR ( '', #4918 ) ;
#853 = CARTESIAN_POINT ( 'NONE',  ( 5.678038640506489543, -0.7366198866981864546, -20.60000000000000853 ) ) ;
#854 = FACE_OUTER_BOUND ( 'NONE', #5625, .T. ) ;
#855 = DIRECTION ( 'NONE',  ( 0.000000000000000000, 0.000000000000000000, -1.000000000000000000 ) ) ;
#856 =( LENGTH_UNIT ( ) NAMED_UNIT ( * ) SI_UNIT ( .MILLI., .METRE. ) );
#857 = PRESENTATION_LAYER_ASSIGNMENT (  '', '', ( #4963 ) ) ;
#858 = ORIENTED_EDGE ( 'NONE', *, *, #819, .F. ) ;
#859 = FACE_OUTER_BOUND ( 'NONE', #4436, .T. ) ;
#860 = SURFACE_STYLE_FILL_AREA ( #3974 ) ;
#861 = ORIENTED_EDGE ( 'NONE', *, *, #1264, .T. ) ;
#862 = EDGE_CURVE ( 'NONE', #7251, #5098, #5770, .T. ) ;
#863 = CARTESIAN_POINT ( 'NONE',  ( -5.289571678805270238, -0.6940666626739249168, -20.40000000000000213 ) ) ;
#864 = CARTESIAN_POINT ( 'NONE',  ( -6.599999999999999645, 1.599999999999998757, 0.000000000000000000 ) ) ;
#865 = CARTESIAN_POINT ( 'NONE',  ( 5.661421227086369079, -0.2793335903977447465, -20.60000000000000853 ) ) ;
#866 = FILL_AREA_STYLE ('',( #3428 ) ) ;
#867 = DIRECTION ( 'NONE',  ( 0.1709236235844706908, -0.9852842812613800128, 0.000000000000000000 ) ) ;
#868 = LINE ( 'NONE', #968, #3486 ) ;
#869 = DIRECTION ( 'NONE',  ( 0.000000000000000000, -1.000000000000000000, 0.000000000000000000 ) ) ;
#870 = CARTESIAN_POINT ( 'NONE',  ( 1.051593910274992050, 0.6218543391601795145, -20.40000000000000213 ) ) ;
#871 = ORIENTED_EDGE ( 'NONE', *, *, #8878, .T. ) ;
#872 = MECHANICAL_DESIGN_GEOMETRIC_PRESENTATION_REPRESENTATION (  '', ( #2907 ), #7225 ) ;
#873 =( NAMED_UNIT ( * ) SI_UNIT ( $, .STERADIAN. ) SOLID_ANGLE_UNIT ( ) );
#874 = ORIENTED_EDGE ( 'NONE', *, *, #5989, .T. ) ;
#875 = EDGE_CURVE ( 'NONE', #6318, #1100, #10384, .T. ) ;
#876 = CARTESIAN_POINT ( 'NONE',  ( -5.404371658741352391, -0.8972021658161308810, -20.60000000000000142 ) ) ;
#877 = CARTESIAN_POINT ( 'NONE',  ( 4.974111046036405526, -0.5471836062522977828, -20.60000000000000142 ) ) ;
#878 = ADVANCED_FACE ( 'NONE', ( #2997 ), #1823, .T. ) ;
#879 = CARTESIAN_POINT ( 'NONE',  ( -4.913428996351562716, -0.2590304010995609363, -20.40000000000000213 ) ) ;
#880 = DIRECTION ( 'NONE',  ( -0.000000000000000000, -0.000000000000000000, -1.000000000000000000 ) ) ;
#881 = AXIS2_PLACEMENT_3D ( 'NONE', #1976, #4449, #7739 ) ;
#882 = DIRECTION ( 'NONE',  ( 0.000000000000000000, -0.000000000000000000, 1.000000000000000000 ) ) ;
#883 = CARTESIAN_POINT ( 'NONE',  ( -4.325087241791853998, -0.3134729148494546092, -20.40000000000000213 ) ) ;
#884 = CARTESIAN_POINT ( 'NONE',  ( 3.199999999999999734, -5.213878188659972324, -20.40000000000000213 ) ) ;
#885 = ORIENTED_EDGE ( 'NONE', *, *, #5335, .F. ) ;
#886 = VECTOR ( 'NONE', #3400, 1000.000000000000000 ) ;
#887 = VERTEX_POINT ( 'NONE', #1613 ) ;
#888 = CARTESIAN_POINT ( 'NONE',  ( -1.600000000000000089, -7.599999999999996980, -8.799999999999998934 ) ) ;
#889 = EDGE_CURVE ( 'NONE', #7234, #4335, #10562, .T. ) ;
#890 = ADVANCED_FACE ( 'NONE', ( #6492 ), #3270, .F. ) ;
#891 = CARTESIAN_POINT ( 'NONE',  ( -5.069525955943576356, -0.2793335903977448020, -20.60000000000000142 ) ) ;
#892 = SURFACE_STYLE_USAGE ( .BOTH. , #4856 ) ;
#893 = VECTOR ( 'NONE', #9690, 1000.000000000000000 ) ;
#894 = DIRECTION ( 'NONE',  ( 0.000000000000000000, 0.000000000000000000, 1.000000000000000000 ) ) ;
#895 = LINE ( 'NONE', #7248, #6291 ) ;
#896 =( NAMED_UNIT ( * ) SI_UNIT ( $, .STERADIAN. ) SOLID_ANGLE_UNIT ( ) );
#897 = CARTESIAN_POINT ( 'NONE',  ( -0.6781613180752364967, 0.6171738985007979572, -20.59999999999999432 ) ) ;
#898 = VERTEX_POINT ( 'NONE', #4780 ) ;
#899 = ORIENTED_EDGE ( 'NONE', *, *, #3491, .T. ) ;
#900 =( GEOMETRIC_REPRESENTATION_CONTEXT ( 3 ) GLOBAL_UNCERTAINTY_ASSIGNED_CONTEXT ( ( #2115 ) ) GLOBAL_UNIT_ASSIGNED_CONTEXT ( ( #10632, #6510, #9795 ) ) REPRESENTATION_CONTEXT ( 'NONE', 'WORKASPACE' ) );
#901 = EDGE_CURVE ( 'NONE', #3384, #2768, #5637, .T. ) ;
#902 = CARTESIAN_POINT ( 'NONE',  ( -0.9441519570692775698, -0.4850507880231258451, -20.59999999999999787 ) ) ;
#903 = ORIENTED_EDGE ( 'NONE', *, *, #8062, .F. ) ;
#904 = VECTOR ( 'NONE', #3006, 1000.000000000000000 ) ;
#905 = FILL_AREA_STYLE ('',( #57 ) ) ;
#906 = CARTESIAN_POINT ( 'NONE',  ( -4.475421691156756587, -0.2572041023982621910, -20.40000000000000213 ) ) ;
#907 = B_SPLINE_SURFACE_WITH_KNOTS ( 'NONE', 3, 1, ( 
 ( #5186, #10146 ),
 ( #2759, #6039 ),
 ( #7721, #367 ),
 ( #10256, #3630 ),
 ( #9326, #6914 ),
 ( #741, #10370 ),
 ( #3200, #7299 ),
 ( #5455, #8746 ),
 ( #6472, #3793 ),
 ( #4814, #8799 ),
 ( #9758, #7080 ) ),
 .UNSPECIFIED., .F., .F., .F.,
 ( 4, 1, 1, 1, 1, 1, 1, 1, 4 ),
 ( 2, 2 ),
 ( 0.000000000000000000, 0.1205930384578621367, 0.2411393832574639240, 0.3617290870536218894, 0.4838562937925873775, 0.6083316884723447560, 0.7354918421289449171, 0.8655566908362639644, 1.000000000000000000 ),
 ( 0.000000000000000000, 1.000000000000000000 ),
 .UNSPECIFIED. ) ;
#908 = CARTESIAN_POINT ( 'NONE',  ( -7.869140320336472705, 5.013878188659970370, -20.40000000000000213 ) ) ;
#909 = SURFACE_STYLE_USAGE ( .BOTH. , #1559 ) ;
#910 = DIRECTION ( 'NONE',  ( 0.000000000000000000, 0.000000000000000000, -1.000000000000000000 ) ) ;
#911 = AXIS2_PLACEMENT_3D ( 'NONE', #10145, #9229, #1958 ) ;
#912 =( LENGTH_UNIT ( ) NAMED_UNIT ( * ) SI_UNIT ( .MILLI., .METRE. ) );
#913 = EDGE_LOOP ( 'NONE', ( #357, #193, #1110, #8982 ) ) ;
#914 = AXIS2_PLACEMENT_3D ( 'NONE', #7205, #653, #9668 ) ;
#915 = CARTESIAN_POINT ( 'NONE',  ( -4.194171691156756587, 0.05661489110823133414, -20.40000000000000213 ) ) ;
#916 =( NAMED_UNIT ( * ) SI_UNIT ( $, .STERADIAN. ) SOLID_ANGLE_UNIT ( ) );
#917 = VERTEX_POINT ( 'NONE', #1657 ) ;
#918 = AXIS2_PLACEMENT_3D ( 'NONE', #5127, #8402, #1042 ) ;
#919 = CARTESIAN_POINT ( 'NONE',  ( -1.500000000000000000, 9.375835069691863310, -2.000000000000000000 ) ) ;
#920 = CARTESIAN_POINT ( 'NONE',  ( -5.421628391060912655, -0.7219590972643672444, -20.40000000000000213 ) ) ;
#921 = SURFACE_SIDE_STYLE ('',( #225 ) ) ;
#922 = DIRECTION ( 'NONE',  ( -1.000000000000000000, 0.000000000000000000, 0.000000000000000000 ) ) ;
#923 = MECHANICAL_DESIGN_GEOMETRIC_PRESENTATION_REPRESENTATION (  '', ( #7095 ), #3655 ) ;
#924 = CARTESIAN_POINT ( 'NONE',  ( 5.775078273000771922, 0.08053288735248986807, -20.40000000000000213 ) ) ;
#925 = CARTESIAN_POINT ( 'NONE',  ( 7.869140320336472705, -5.213878188659970547, -2.000000000000000000 ) ) ;
#926 = CARTESIAN_POINT ( 'NONE',  ( -5.840627355218292571, -0.6927569321758291210, -20.40000000000000213 ) ) ;
#927 = ORIENTED_EDGE ( 'NONE', *, *, #5327, .T. ) ;
#928 = ADVANCED_FACE ( 'NONE', ( #5739 ), #4932, .T. ) ;
#929 = MECHANICAL_DESIGN_GEOMETRIC_PRESENTATION_REPRESENTATION (  '', ( #10196 ), #8299 ) ;
#930 = ORIENTED_EDGE ( 'NONE', *, *, #3187, .F. ) ;
#931 = DIRECTION ( 'NONE',  ( -1.000000000000000000, 0.000000000000000000, 0.000000000000000000 ) ) ;
#932 = CIRCLE ( 'NONE', #9323, 0.9500000000000000666 ) ;
#933 =( NAMED_UNIT ( * ) SI_UNIT ( $, .STERADIAN. ) SOLID_ANGLE_UNIT ( ) );
#934 = CARTESIAN_POINT ( 'NONE',  ( 0.000000000000000000, -6.799999999999997158, -8.799999999999998934 ) ) ;
#935 = CARTESIAN_POINT ( 'NONE',  ( -5.959890521470039282, -0.4946572093757611865, -20.60000000000000497 ) ) ;
#936 = MECHANICAL_DESIGN_GEOMETRIC_PRESENTATION_REPRESENTATION (  '', ( #9329 ), #9003 ) ;
#937 = FACE_OUTER_BOUND ( 'NONE', #4655, .T. ) ;
#938 = ADVANCED_FACE ( 'NONE', ( #8737 ), #209, .T. ) ;
#939 = CIRCLE ( 'NONE', #8661, 9.799999999999997158 ) ;
#940 = ORIENTED_EDGE ( 'NONE', *, *, #569, .F. ) ;
#941 =( NAMED_UNIT ( * ) SI_UNIT ( $, .STERADIAN. ) SOLID_ANGLE_UNIT ( ) );
#942 = ORIENTED_EDGE ( 'NONE', *, *, #1480, .F. ) ;
#943 = DIRECTION ( 'NONE',  ( 0.000000000000000000, 1.000000000000000000, 0.000000000000000000 ) ) ;
#944 = VECTOR ( 'NONE', #6586, 1000.000000000000000 ) ;
#945 = DIRECTION ( 'NONE',  ( -0.000000000000000000, -0.000000000000000000, 1.000000000000000000 ) ) ;
#946 = LINE ( 'NONE', #2440, #6591 ) ;
#947 = FILL_AREA_STYLE_COLOUR ( '', #752 ) ;
#948 = EDGE_CURVE ( 'NONE', #5098, #9780, #1030, .T. ) ;
#949 = EDGE_CURVE ( 'NONE', #9791, #4654, #9257, .T. ) ;
#950 = EDGE_LOOP ( 'NONE', ( #8604, #4581, #5071, #8489 ) ) ;
#951 = CARTESIAN_POINT ( 'NONE',  ( -2.400000000000000355, 3.999999999999998224, -18.59999999999999787 ) ) ;
#952 = ORIENTED_EDGE ( 'NONE', *, *, #6988, .F. ) ;
#953 = FILL_AREA_STYLE ('',( #9136 ) ) ;
#954 = CARTESIAN_POINT ( 'NONE',  ( -5.000000000000000000, 2.399999999999998579, -8.799999999999998934 ) ) ;
#955 = CARTESIAN_POINT ( 'NONE',  ( -3.726943606741171866, -0.8781456608398205965, -20.60000000000000142 ) ) ;
#956 = SURFACE_STYLE_FILL_AREA ( #3268 ) ;
#957 = EDGE_CURVE ( 'NONE', #5882, #2291, #3369, .T. ) ;
#958 = VERTEX_POINT ( 'NONE', #2735 ) ;
#959 = CIRCLE ( 'NONE', #1979, 0.9500000000000000666 ) ;
#960 = DIRECTION ( 'NONE',  ( 0.000000000000000000, 1.000000000000000000, -0.000000000000000000 ) ) ;
#961 = CARTESIAN_POINT ( 'NONE',  ( 0.5974801113033417765, -0.4540927025679674101, -20.39999999999999503 ) ) ;
#962 = ORIENTED_EDGE ( 'NONE', *, *, #2688, .F. ) ;
#963 = CARTESIAN_POINT ( 'NONE',  ( 5.000000000000000000, 2.399999999999998579, -8.799999999999998934 ) ) ;
#964 = PLANE ( 'NONE',  #973 ) ;
#965 = CARTESIAN_POINT ( 'NONE',  ( 5.334739981349609472, -0.7212845720334762900, -20.60000000000000497 ) ) ;
#966 = DIRECTION ( 'NONE',  ( 0.000000000000000000, 0.000000000000000000, 1.000000000000000000 ) ) ;
#967 = AXIS2_PLACEMENT_3D ( 'NONE', #5578, #627, #9531 ) ;
#968 = CARTESIAN_POINT ( 'NONE',  ( 3.000000000000000000, -9.013878188659973034, -20.40000000000000213 ) ) ;
#969 = SURFACE_STYLE_FILL_AREA ( #8278 ) ;
#970 = PLANE ( 'NONE',  #4996 ) ;
#971 = EDGE_LOOP ( 'NONE', ( #9319, #567 ) ) ;
#972 = VECTOR ( 'NONE', #7465, 1000.000000000000000 ) ;
#973 = AXIS2_PLACEMENT_3D ( 'NONE', #6003, #9242, #6052 ) ;
#974 = EDGE_LOOP ( 'NONE', ( #8506, #8103, #8880, #9335, #2652 ) ) ;
#975 = CARTESIAN_POINT ( 'NONE',  ( -2.799999999999998934, 3.035766082959411429E-16, -20.40000000000000213 ) ) ;
#976 = CARTESIAN_POINT ( 'NONE',  ( 4.999858656002059476, -0.5792644667924343738, -20.40000000000000213 ) ) ;
#977 = DIRECTION ( 'NONE',  ( -0.000000000000000000, -0.000000000000000000, -1.000000000000000000 ) ) ;
#978 = CARTESIAN_POINT ( 'NONE',  ( 0.6224137154697974017, -0.6510758556450154666, -20.60000000000000142 ) ) ;
#979 = CARTESIAN_POINT ( 'NONE',  ( -0.1595286469070875957, -0.8404170112012695482, -20.60000000000000853 ) ) ;
#980 = VECTOR ( 'NONE', #7928, 1000.000000000000000 ) ;
#981 = DIRECTION ( 'NONE',  ( 0.000000000000000000, 1.000000000000000000, 0.000000000000000000 ) ) ;
#982 = CIRCLE ( 'NONE', #3043, 0.2000000000000000944 ) ;
#983 = CARTESIAN_POINT ( 'NONE',  ( 4.687648056808252583, 0.1738023911082314521, -20.60000000000000142 ) ) ;
#984 = DIRECTION ( 'NONE',  ( -0.1726266455515552689, 0.9849873305000514945, 0.000000000000000000 ) ) ;
#985 = ORIENTED_EDGE ( 'NONE', *, *, #7365, .F. ) ;
#986 = ORIENTED_EDGE ( 'NONE', *, *, #1549, .F. ) ;
#987 = DIRECTION ( 'NONE',  ( 0.000000000000000000, 1.000000000000000000, 0.000000000000000000 ) ) ;
#988 = AXIS2_PLACEMENT_3D ( 'NONE', #9099, #1724, #4997 ) ;
#989 = EDGE_CURVE ( 'NONE', #7133, #8439, #1493, .T. ) ;
#990 = B_SPLINE_CURVE_WITH_KNOTS ( 'NONE', 3,
 ( #689, #2159, #6248, #4807, #3837, #6464, #3995, #2387, #10533, #7129, #1588, #8853, #5447, #3025, #6304, #5662, #3944, #8139, #1427 ),
 .UNSPECIFIED., .F., .F.,
 ( 4, 1, 1, 1, 1, 1, 1, 1, 1, 1, 1, 1, 1, 1, 1, 1, 4 ),
 ( 0.000000000000000000, 0.06376393918693079588, 0.1254996419628037485, 0.1853201548928869735, 0.2440665310031925050, 0.3018714708099726751, 0.3600659918691173078, 0.4185026823197829371, 0.4780536029192654635, 0.5383458409363679475, 0.5988379080389254483, 0.6601493054241064362, 0.7232466713826743998, 0.7877963753377784650, 0.8553687404545246009, 0.9262049282472267775, 1.000000000000000000 ),
 .UNSPECIFIED. ) ;
#991 = SURFACE_STYLE_USAGE ( .BOTH. , #3660 ) ;
#992 = CARTESIAN_POINT ( 'NONE',  ( -5.086927372974939132, 0.3643462222770624259, -20.60000000000000142 ) ) ;
#993 = CARTESIAN_POINT ( 'NONE',  ( 4.881286571056183021, 0.2903465198267523584, -20.59999999999999787 ) ) ;
#994 = CARTESIAN_POINT ( 'NONE',  ( -1.032263784733008283, 0.1209721952235524173, -20.60000000000000142 ) ) ;
#995 = DIRECTION ( 'NONE',  ( 1.000000000000000000, 3.422125580184494708E-16, 0.000000000000000000 ) ) ;
#996 = ORIENTED_EDGE ( 'NONE', *, *, #3828, .T. ) ;
#997 =( NAMED_UNIT ( * ) PLANE_ANGLE_UNIT ( ) SI_UNIT ( $, .RADIAN. ) );
#998 = VERTEX_POINT ( 'NONE', #244 ) ;
#999 = B_SPLINE_SURFACE_WITH_KNOTS ( 'NONE', 3, 1, ( 
 ( #5837, #9439 ),
 ( #6755, #6854 ),
 ( #2005, #7611 ),
 ( #2866, #313 ),
 ( #10142, #1051 ),
 ( #5235, #1861 ),
 ( #2756, #8519 ),
 ( #7718, #1102 ),
 ( #3678, #1957 ),
 ( #10201, #4380 ),
 ( #2811, #9324 ),
 ( #1156, #365 ),
 ( #4431, #10095 ),
 ( #5139, #4277 ),
 ( #5292, #2705 ),
 ( #3626, #6912 ),
 ( #6086, #419 ),
 ( #8580, #9227 ),
 ( #4481, #7770 ) ),
 .UNSPECIFIED., .F., .F., .F.,
 ( 4, 1, 1, 1, 1, 1, 1, 1, 1, 1, 1, 1, 1, 1, 1, 1, 4 ),
 ( 2, 2 ),
 ( 0.000000000000000000, 0.07876611155594497038, 0.1534445156028387824, 0.2241603356639676192, 0.2914272589649345990, 0.3553918477408114507, 0.4164453581887087030, 0.4750373929085570102, 0.5320913459039197102, 0.5882633588390880908, 0.6437330848151301410, 0.6991218818446867100, 0.7556262354857282704, 0.8133023725605884602, 0.8727141935158483355, 0.9349979736873287317, 1.000000000000000000 ),
 ( 0.000000000000000000, 1.000000000000000000 ),
 .UNSPECIFIED. ) ;
#1000 = EDGE_CURVE ( 'NONE', #6072, #10386, #1889, .T. ) ;
#1001 =( GEOMETRIC_REPRESENTATION_CONTEXT ( 3 ) GLOBAL_UNCERTAINTY_ASSIGNED_CONTEXT ( ( #6841 ) ) GLOBAL_UNIT_ASSIGNED_CONTEXT ( ( #9934, #9135, #7511 ) ) REPRESENTATION_CONTEXT ( 'NONE', 'WORKASPACE' ) );
#1002 = EDGE_CURVE ( 'NONE', #71, #2843, #10071, .T. ) ;
#1003 = ORIENTED_EDGE ( 'NONE', *, *, #7113, .F. ) ;
#1004 = CARTESIAN_POINT ( 'NONE',  ( -0.1595286469070875957, -0.8404170112012695482, -20.60000000000000142 ) ) ;
#1005 = CARTESIAN_POINT ( 'NONE',  ( 1.500000000000000000, -9.213878188659972324, -2.000000000000000000 ) ) ;
#1006 = CARTESIAN_POINT ( 'NONE',  ( 5.543433486683485789, 0.4855796791425562309, -20.39999999999999858 ) ) ;
#1007 = CARTESIAN_POINT ( 'NONE',  ( -0.4004293676925241297, -0.8973549276926005014, -20.60000000000000497 ) ) ;
#1008 = CARTESIAN_POINT ( 'NONE',  ( 5.656007723570773749, -0.3674315766491683122, -20.39999999999999147 ) ) ;
#1009 = DIRECTION ( 'NONE',  ( -0.000000000000000000, 0.000000000000000000, -1.000000000000000000 ) ) ;
#1010 = ORIENTED_EDGE ( 'NONE', *, *, #4601, .F. ) ;
#1011 = MECHANICAL_DESIGN_GEOMETRIC_PRESENTATION_REPRESENTATION (  '', ( #6501 ), #2715 ) ;
#1012 = CARTESIAN_POINT ( 'NONE',  ( -4.310377690170786202, -0.2679127727811389525, -20.60000000000000497 ) ) ;
#1013 = DIRECTION ( 'NONE',  ( 1.000000000000000000, -0.000000000000000000, -0.000000000000000000 ) ) ;
#1014 = VERTEX_POINT ( 'NONE', #10286 ) ;
#1015 = ADVANCED_FACE ( 'NONE', ( #502 ), #2035, .F. ) ;
#1016 = CARTESIAN_POINT ( 'NONE',  ( 5.794433330450069697, 0.0007362267868383628924, -20.59999999999999787 ) ) ;
#1017 =( NAMED_UNIT ( * ) PLANE_ANGLE_UNIT ( ) SI_UNIT ( $, .RADIAN. ) );
#1018 = LINE ( 'NONE', #120, #1340 ) ;
#1019 = CARTESIAN_POINT ( 'NONE',  ( -7.869140320336472705, -4.813878188659971080, -20.40000000000000213 ) ) ;
#1020 = STYLED_ITEM ( 'NONE', ( #7401 ), #6731 ) ;
#1021 =( NAMED_UNIT ( * ) PLANE_ANGLE_UNIT ( ) SI_UNIT ( $, .RADIAN. ) );
#1022 = EDGE_LOOP ( 'NONE', ( #8923, #8962, #9651, #4009 ) ) ;
#1023 = DIRECTION ( 'NONE',  ( 0.000000000000000000, 0.000000000000000000, -1.000000000000000000 ) ) ;
#1024 =( GEOMETRIC_REPRESENTATION_CONTEXT ( 3 ) GLOBAL_UNCERTAINTY_ASSIGNED_CONTEXT ( ( #1695 ) ) GLOBAL_UNIT_ASSIGNED_CONTEXT ( ( #9410, #2144, #390 ) ) REPRESENTATION_CONTEXT ( 'NONE', 'WORKASPACE' ) );
#1025 = ORIENTED_EDGE ( 'NONE', *, *, #1343, .T. ) ;
#1026 = PRESENTATION_STYLE_ASSIGNMENT (( #4355 ) ) ;
#1027 = EDGE_CURVE ( 'NONE', #6560, #3555, #8890, .T. ) ;
#1028 = DIRECTION ( 'NONE',  ( -0.000000000000000000, -0.000000000000000000, -1.000000000000000000 ) ) ;
#1029 = CARTESIAN_POINT ( 'NONE',  ( 0.7024664752100571175, -0.3573461478528076052, -20.60000000000000142 ) ) ;
#1030 = LINE ( 'NONE', #9354, #4041 ) ;
#1031 = VECTOR ( 'NONE', #4232, 1000.000000000000000 ) ;
#1032 = CARTESIAN_POINT ( 'NONE',  ( -5.644909810644410442, -0.8470450198920066454, -20.59999999999999787 ) ) ;
#1033 = CARTESIAN_POINT ( 'NONE',  ( 3.199999999999999734, -4.813878188659972857, -20.60000000000000142 ) ) ;
#1034 = PLANE ( 'NONE',  #1245 ) ;
#1035 = ORIENTED_EDGE ( 'NONE', *, *, #1154, .F. ) ;
#1036 = CARTESIAN_POINT ( 'NONE',  ( -5.086927372974939132, 0.3643462222770624259, -20.60000000000000142 ) ) ;
#1037 = VECTOR ( 'NONE', #3591, 1000.000000000000000 ) ;
#1038 = UNCERTAINTY_MEASURE_WITH_UNIT (LENGTH_MEASURE( 1.000000000000000082E-05 ), #6379, 'distance_accuracy_value', 'NONE');
#1039 = CARTESIAN_POINT ( 'NONE',  ( -1.700000000000000178, -9.213878188659972324, -8.799999999999998934 ) ) ;
#1040 = DIRECTION ( 'NONE',  ( 1.000000000000000000, 0.000000000000000000, 0.000000000000000000 ) ) ;
#1041 = CARTESIAN_POINT ( 'NONE',  ( 5.486368153526858471, 0.3003652051878971108, -20.60000000000000142 ) ) ;
#1042 = DIRECTION ( 'NONE',  ( 1.355252715606880789E-16, 1.000000000000000000, 0.000000000000000000 ) ) ;
#1043 = MECHANICAL_DESIGN_GEOMETRIC_PRESENTATION_REPRESENTATION (  '', ( #1396 ), #2747 ) ;
#1044 = VERTEX_POINT ( 'NONE', #9772 ) ;
#1045 = EDGE_CURVE ( 'NONE', #6247, #161, #1238, .T. ) ;
#1046 = CARTESIAN_POINT ( 'NONE',  ( -5.742839425908534245, 0.4225712336686434090, -20.40000000000001279 ) ) ;
#1047 = ORIENTED_EDGE ( 'NONE', *, *, #6766, .T. ) ;
#1048 = DIRECTION ( 'NONE',  ( -0.000000000000000000, -0.000000000000000000, 1.000000000000000000 ) ) ;
#1049 = EDGE_LOOP ( 'NONE', ( #8653, #2375, #7198, #1079 ) ) ;
#1050 = CARTESIAN_POINT ( 'NONE',  ( -5.434532892455458786, -0.7223015049956648115, -20.60000000000000142 ) ) ;
#1051 = CARTESIAN_POINT ( 'NONE',  ( 4.869040480596291687, 0.2598732465356546339, -20.60000000000000142 ) ) ;
#1052 = LINE ( 'NONE', #6087, #4671 ) ;
#1053 = DIRECTION ( 'NONE',  ( 1.000000000000000000, 0.000000000000000000, 0.000000000000000000 ) ) ;
#1054 = CARTESIAN_POINT ( 'NONE',  ( -0.4274337324492069601, -0.8968126828813756113, -20.60000000000000497 ) ) ;
#1055 = ORIENTED_EDGE ( 'NONE', *, *, #5911, .F. ) ;
#1056 = ORIENTED_EDGE ( 'NONE', *, *, #1733, .F. ) ;
#1057 = EDGE_CURVE ( 'NONE', #5676, #4627, #5258, .T. ) ;
#1058 = SURFACE_STYLE_FILL_AREA ( #4985 ) ;
#1059 = VERTEX_POINT ( 'NONE', #8979 ) ;
#1060 = CARTESIAN_POINT ( 'NONE',  ( -0.8790680928106461289, 0.09414066708032572950, -20.60000000000001208 ) ) ;
#1061 = FILL_AREA_STYLE_COLOUR ( '', #7523 ) ;
#1062 = CIRCLE ( 'NONE', #2434, 0.9500000000000002887 ) ;
#1063 = CARTESIAN_POINT ( 'NONE',  ( 5.656007723570773749, -0.3674315766491683122, -20.59999999999999076 ) ) ;
#1064 = DIRECTION ( 'NONE',  ( -1.000000000000000000, 0.000000000000000000, 0.000000000000000000 ) ) ;
#1065 = CARTESIAN_POINT ( 'NONE',  ( 5.486368153526858471, 0.3003652051878971108, -20.40000000000000213 ) ) ;
#1066 = CARTESIAN_POINT ( 'NONE',  ( 5.817166836650710771, -0.2845146258561070396, -20.40000000000000568 ) ) ;
#1067 = CARTESIAN_POINT ( 'NONE',  ( -5.069273152195719945, -0.2608566998008597371, -20.40000000000000568 ) ) ;
#1068 = EDGE_LOOP ( 'NONE', ( #243, #5524 ) ) ;
#1069 = EDGE_CURVE ( 'NONE', #8525, #9767, #8184, .T. ) ;
#1070 = B_SPLINE_SURFACE_WITH_KNOTS ( 'NONE', 3, 1, ( 
 ( #8181, #4081 ),
 ( #8234, #876 ),
 ( #3287, #4246 ),
 ( #6561, #9853 ),
 ( #4952, #4131 ),
 ( #7428, #75 ),
 ( #3340, #9899 ),
 ( #9106, #1730 ),
 ( #5004, #8284 ),
 ( #4407, #10228 ),
 ( #1075, #1978 ),
 ( #7795, #1930 ),
 ( #1884, #287 ),
 ( #3542, #6828 ),
 ( #5159, #10119 ),
 ( #4354, #7687 ),
 ( #6116, #7636 ),
 ( #8605, #2731 ),
 ( #446, #3595 ) ),
 .UNSPECIFIED., .F., .F., .F.,
 ( 4, 1, 1, 1, 1, 1, 1, 1, 1, 1, 1, 1, 1, 1, 1, 1, 4 ),
 ( 2, 2 ),
 ( 0.000000000000000000, 0.06034176438934250875, 0.1182497680736599721, 0.1743376375533122469, 0.2288557001995815132, 0.2833648048174767786, 0.3378191339087432965, 0.3932413523772343433, 0.4500854667029099421, 0.5085937818794614707, 0.5685919726708194011, 0.6310814720443834736, 0.6968149473540716787, 0.7657656907541723346, 0.8392023722346616532, 0.9172829815521875707, 1.000000000000000000 ),
 ( 0.000000000000000000, 1.000000000000000000 ),
 .UNSPECIFIED. ) ;
#1071 = EDGE_CURVE ( 'NONE', #6560, #1193, #2160, .T. ) ;
#1072 = VECTOR ( 'NONE', #6213, 1000.000000000000000 ) ;
#1073 = CARTESIAN_POINT ( 'NONE',  ( -5.367932286100596251, -0.8963712385588652465, -20.60000000000000497 ) ) ;
#1074 = VERTEX_POINT ( 'NONE', #4873 ) ;
#1075 = CARTESIAN_POINT ( 'NONE',  ( -5.020077755258004260, -0.6935695485282540318, -20.40000000000000568 ) ) ;
#1076 = CARTESIAN_POINT ( 'NONE',  ( -3.199999999999999734, 5.213878188659972324, -20.60000000000000142 ) ) ;
#1077 = FACE_OUTER_BOUND ( 'NONE', #3541, .T. ) ;
#1078 = SURFACE_STYLE_FILL_AREA ( #1183 ) ;
#1079 = ORIENTED_EDGE ( 'NONE', *, *, #8700, .T. ) ;
#1080 = CARTESIAN_POINT ( 'NONE',  ( -0.05077958471667796958, -0.7553163571010336197, -20.39999999999999858 ) ) ;
#1081 =( GEOMETRIC_REPRESENTATION_CONTEXT ( 3 ) GLOBAL_UNCERTAINTY_ASSIGNED_CONTEXT ( ( #7079 ) ) GLOBAL_UNIT_ASSIGNED_CONTEXT ( ( #2710, #10319, #2985 ) ) REPRESENTATION_CONTEXT ( 'NONE', 'WORKASPACE' ) );
#1082 = CARTESIAN_POINT ( 'NONE',  ( -5.591620955596504849, -0.6893738113348041319, -20.39999999999999858 ) ) ;
#1083 = CARTESIAN_POINT ( 'NONE',  ( 4.726609095769291891, -0.3716521543463141564, -20.40000000000000213 ) ) ;
#1084 = ORIENTED_EDGE ( 'NONE', *, *, #4426, .F. ) ;
#1085 = CARTESIAN_POINT ( 'NONE',  ( -5.257676488562776029, -0.6774171461613891498, -20.60000000000000853 ) ) ;
#1086 = COLOUR_RGB ( '',1.000000000000000000, 1.000000000000000000, 1.000000000000000000 ) ;
#1087 =( NAMED_UNIT ( * ) PLANE_ANGLE_UNIT ( ) SI_UNIT ( $, .RADIAN. ) );
#1088 = VECTOR ( 'NONE', #3496, 1000.000000000000000 ) ;
#1089 = VERTEX_POINT ( 'NONE', #7001 ) ;
#1090 = CARTESIAN_POINT ( 'NONE',  ( -1.599999999999999867, -5.799999999999998046, -0.2000000000000000111 ) ) ;
#1091 = VECTOR ( 'NONE', #8634, 1000.000000000000000 ) ;
#1092 = VECTOR ( 'NONE', #1425, 1000.000000000000000 ) ;
#1093 = CARTESIAN_POINT ( 'NONE',  ( 5.554998594694836811, 0.1953874005409768355, -20.40000000000000213 ) ) ;
#1094 = FACE_OUTER_BOUND ( 'NONE', #5231, .T. ) ;
#1095 = SURFACE_SIDE_STYLE ('',( #1199 ) ) ;
#1096 = DIRECTION ( 'NONE',  ( -1.000000000000000000, 0.000000000000000000, 0.000000000000000000 ) ) ;
#1097 = EDGE_LOOP ( 'NONE', ( #8324, #8102, #3275, #4173 ) ) ;
#1098 = STYLED_ITEM ( 'NONE', ( #9980 ), #10634 ) ;
#1099 = PRESENTATION_STYLE_ASSIGNMENT (( #6959 ) ) ;
#1100 = VERTEX_POINT ( 'NONE', #5633 ) ;
#1101 = ORIENTED_EDGE ( 'NONE', *, *, #5466, .F. ) ;
#1102 = CARTESIAN_POINT ( 'NONE',  ( 4.910188729429862953, 0.3441510379375898321, -20.60000000000000142 ) ) ;
#1103 = EDGE_CURVE ( 'NONE', #8840, #2703, #4826, .T. ) ;
#1104 = CARTESIAN_POINT ( 'NONE',  ( 1.105774105080187031, 0.3926538521471922838, -20.40000000000000213 ) ) ;
#1105 = LINE ( 'NONE', #7773, #9384 ) ;
#1106 = CARTESIAN_POINT ( 'NONE',  ( -0.8344309045692396287, -0.6649935870222206669, -20.59999999999999432 ) ) ;
#1107 = CARTESIAN_POINT ( 'NONE',  ( 5.817518186678381831, -0.2590304010995608253, -20.60000000000000142 ) ) ;
#1108 = CARTESIAN_POINT ( 'NONE',  ( -3.400000000000000355, 1.599999999999998535, -8.799999999999998934 ) ) ;
#1109 = EDGE_LOOP ( 'NONE', ( #104, #3607, #6344, #5848, #8410 ) ) ;
#1110 = ORIENTED_EDGE ( 'NONE', *, *, #10273, .F. ) ;
#1111 = CARTESIAN_POINT ( 'NONE',  ( 0.6224137154697974017, -0.6510758556450154666, -20.60000000000000142 ) ) ;
#1112 = CARTESIAN_POINT ( 'NONE',  ( -5.620675282634381986, 0.6403866722349169649, -20.60000000000000497 ) ) ;
#1113 = ORIENTED_EDGE ( 'NONE', *, *, #8622, .F. ) ;
#1114 = CARTESIAN_POINT ( 'NONE',  ( -5.072905876082416832, 0.3427806668329122508, -20.59999999999999787 ) ) ;
#1115 = CARTESIAN_POINT ( 'NONE',  ( -1.017007742270513493, -0.2673950068878415687, -20.39999999999999858 ) ) ;
#1116 = EDGE_CURVE ( 'NONE', #3327, #8591, #2854, .T. ) ;
#1117 = CARTESIAN_POINT ( 'NONE',  ( 5.447338287547710323, 0.3448151994480306848, -20.40000000000000213 ) ) ;
#1118 = CARTESIAN_POINT ( 'NONE',  ( 5.644019810055005415, 0.3643462222770625369, -20.40000000000000213 ) ) ;
#1119 = LINE ( 'NONE', #5255, #8374 ) ;
#1120 = ORIENTED_EDGE ( 'NONE', *, *, #8062, .T. ) ;
#1121 = CARTESIAN_POINT ( 'NONE',  ( 7.869140320336472705, 4.813878188659971080, -2.200000000000000622 ) ) ;
#1122 = CARTESIAN_POINT ( 'NONE',  ( -5.052908542523458557, -0.7366198866981864546, -20.59999999999999787 ) ) ;
#1123 = ORIENTED_EDGE ( 'NONE', *, *, #8270, .T. ) ;
#1124 = PLANE ( 'NONE',  #5834 ) ;
#1125 = CARTESIAN_POINT ( 'NONE',  ( -0.8846662068083009922, -0.02689491587713456131, -20.60000000000000142 ) ) ;
#1126 = LINE ( 'NONE', #8496, #8031 ) ;
#1127 = CARTESIAN_POINT ( 'NONE',  ( -4.345450900130518157, -0.3779124870668759129, -20.40000000000000568 ) ) ;
#1128 = ADVANCED_FACE ( 'NONE', ( #8160 ), #8611, .F. ) ;
#1129 = EDGE_CURVE ( 'NONE', #4766, #1638, #8855, .T. ) ;
#1130 = CARTESIAN_POINT ( 'NONE',  ( -0.1305626304659722181, -0.8227889769007590282, -20.40000000000000213 ) ) ;
#1131 = CARTESIAN_POINT ( 'NONE',  ( -5.558856259683329526, -0.8801249901000536280, -20.39999999999999503 ) ) ;
#1132 = CARTESIAN_POINT ( 'NONE',  ( 4.778231214447146158, 0.4513562701014059986, -20.59999999999999432 ) ) ;
#1133 = ORIENTED_EDGE ( 'NONE', *, *, #36, .F. ) ;
#1134 = VECTOR ( 'NONE', #8599, 1000.000000000000227 ) ;
#1135 = CARTESIAN_POINT ( 'NONE',  ( -5.323499884582465036, -0.7064996948634456597, -20.40000000000000568 ) ) ;
#1136 = CARTESIAN_POINT ( 'NONE',  ( -6.013673806623195617, 0.3260879807271639397, -20.60000000000000497 ) ) ;
#1137 = EDGE_LOOP ( 'NONE', ( #6861, #8629, #3921, #5350 ) ) ;
#1138 = CARTESIAN_POINT ( 'NONE',  ( -7.869140320336472705, -5.013878188659970370, -2.200000000000000622 ) ) ;
#1139 = COLOUR_RGB ( '',1.000000000000000000, 1.000000000000000000, 1.000000000000000000 ) ;
#1140 = EDGE_CURVE ( 'NONE', #8034, #1870, #8370, .T. ) ;
#1141 = VECTOR ( 'NONE', #2207, 1000.000000000000000 ) ;
#1142 = UNCERTAINTY_MEASURE_WITH_UNIT (LENGTH_MEASURE( 1.000000000000000082E-05 ), #7458, 'distance_accuracy_value', 'NONE');
#1143 = CARTESIAN_POINT ( 'NONE',  ( 4.849868079068439641, 0.1915168545886669904, -20.60000000000000497 ) ) ;
#1144 = FACE_OUTER_BOUND ( 'NONE', #8120, .T. ) ;
#1145 = DIRECTION ( 'NONE',  ( 1.000000000000000000, -0.000000000000000000, 0.000000000000000000 ) ) ;
#1146 = VECTOR ( 'NONE', #1182, 1000.000000000000000 ) ;
#1147 = AXIS2_PLACEMENT_3D ( 'NONE', #8442, #5007, #4302 ) ;
#1148 = SURFACE_STYLE_FILL_AREA ( #10416 ) ;
#1149 = VECTOR ( 'NONE', #15, 1000.000000000000000 ) ;
#1150 = CARTESIAN_POINT ( 'NONE',  ( -5.693847966395087390, 0.4470269715203447625, -20.40000000000000568 ) ) ;
#1151 = ORIENTED_EDGE ( 'NONE', *, *, #3503, .T. ) ;
#1152 = CARTESIAN_POINT ( 'NONE',  ( -4.427387773856752418, -0.5856853274837436896, -20.59999999999999787 ) ) ;
#1153 = CARTESIAN_POINT ( 'NONE',  ( 0.6224137154697974017, -0.6510758556450154666, -20.40000000000000213 ) ) ;
#1154 = EDGE_CURVE ( 'NONE', #1438, #630, #9992, .T. ) ;
#1155 = ORIENTED_EDGE ( 'NONE', *, *, #3362, .T. ) ;
#1156 = CARTESIAN_POINT ( 'NONE',  ( 4.988107757121413854, 0.4225712336686435755, -20.40000000000001279 ) ) ;
#1157 = VECTOR ( 'NONE', #3378, 1000.000000000000000 ) ;
#1158 = PRESENTATION_LAYER_ASSIGNMENT (  '', '', ( #7011 ) ) ;
#1159 = CARTESIAN_POINT ( 'NONE',  ( 0.1166519752454061587, -0.05520670090562213028, -20.59999999999999787 ) ) ;
#1160 = CARTESIAN_POINT ( 'NONE',  ( -2.600000000000000533, 3.999999999999998224, -18.59999999999999787 ) ) ;
#1161 = CARTESIAN_POINT ( 'NONE',  ( -0.4274337324492069601, -0.8968126828813756113, -20.39999999999999858 ) ) ;
#1162 = CARTESIAN_POINT ( 'NONE',  ( 5.636719940757845215, -0.4612445190241208914, -20.59999999999999787 ) ) ;
#1163 = ORIENTED_EDGE ( 'NONE', *, *, #6382, .T. ) ;
#1164 = EDGE_LOOP ( 'NONE', ( #1893, #9723, #10151, #4254 ) ) ;
#1165 = CARTESIAN_POINT ( 'NONE',  ( 1.700000000000000178, 9.013878188659973034, -9.000000000000000000 ) ) ;
#1166 = FILL_AREA_STYLE_COLOUR ( '', #4610 ) ;
#1167 = VECTOR ( 'NONE', #6937, 1000.000000000000000 ) ;
#1168 = ORIENTED_EDGE ( 'NONE', *, *, #7143, .T. ) ;
#1169 = CARTESIAN_POINT ( 'NONE',  ( 5.750834235010211515, 0.1570485001312083018, -20.60000000000000142 ) ) ;
#1170 = CARTESIAN_POINT ( 'NONE',  ( -0.4677551986173218990, -0.8917452788370139327, -20.40000000000000213 ) ) ;
#1171 = PLANE ( 'NONE',  #7958 ) ;
#1172 = PRESENTATION_LAYER_ASSIGNMENT (  '', '', ( #6501 ) ) ;
#1173 = VERTEX_POINT ( 'NONE', #9138 ) ;
#1174 = DIRECTION ( 'NONE',  ( 1.000000000000000000, 0.000000000000000000, 0.000000000000000000 ) ) ;
#1175 = FACE_OUTER_BOUND ( 'NONE', #4088, .T. ) ;
#1176 = EDGE_CURVE ( 'NONE', #6686, #3358, #9739, .T. ) ;
#1177 = CYLINDRICAL_SURFACE ( 'NONE', #5099, 0.1999999999999996503 ) ;
#1178 = ORIENTED_EDGE ( 'NONE', *, *, #384, .F. ) ;
#1179 = CARTESIAN_POINT ( 'NONE',  ( 5.559604209943875830, -0.8355450963236156214, -20.60000000000000497 ) ) ;
#1180 = CARTESIAN_POINT ( 'NONE',  ( -3.569273152195717280, -0.8781456608398205965, -20.60000000000000142 ) ) ;
#1181 = VECTOR ( 'NONE', #7560, 1000.000000000000000 ) ;
#1182 = DIRECTION ( 'NONE',  ( 1.000000000000000000, 0.000000000000000000, 0.000000000000000000 ) ) ;
#1183 = FILL_AREA_STYLE ('',( #9352 ) ) ;
#1184 = CARTESIAN_POINT ( 'NONE',  ( -0.1895103601308366914, -0.8556149185391274115, -20.40000000000000568 ) ) ;
#1185 = CARTESIAN_POINT ( 'NONE',  ( -5.468857697229044135, 0.4539091782053207846, -20.60000000000000497 ) ) ;
#1186 = CARTESIAN_POINT ( 'NONE',  ( 1.500000000000000000, 9.213878188659972324, -2.000000000000000000 ) ) ;
#1187 = VERTEX_POINT ( 'NONE', #5735 ) ;
#1188 =( GEOMETRIC_REPRESENTATION_CONTEXT ( 3 ) GLOBAL_UNCERTAINTY_ASSIGNED_CONTEXT ( ( #513 ) ) GLOBAL_UNIT_ASSIGNED_CONTEXT ( ( #10633, #4686, #9001 ) ) REPRESENTATION_CONTEXT ( 'NONE', 'WORKASPACE' ) );
#1189 = CARTESIAN_POINT ( 'NONE',  ( -5.070017231593901386, -0.3152398873612113905, -20.59999999999999787 ) ) ;
#1190 = EDGE_CURVE ( 'NONE', #4038, #10464, #5841, .T. ) ;
#1191 = EDGE_CURVE ( 'NONE', #5276, #7282, #109, .T. ) ;
#1192 = CARTESIAN_POINT ( 'NONE',  ( -5.665834605886736597, 0.6344933463427815390, -20.39999999999999503 ) ) ;
#1193 = VERTEX_POINT ( 'NONE', #3466 ) ;
#1194 = CARTESIAN_POINT ( 'NONE',  ( -0.02774862219254034881, -0.2562909530476126796, -20.40000000000000213 ) ) ;
#1195 = CIRCLE ( 'NONE', #10499, 0.4000000000000001887 ) ;
#1196 = DIRECTION ( 'NONE',  ( -1.000000000000000000, 0.000000000000000000, 0.000000000000000000 ) ) ;
#1197 = SURFACE_STYLE_USAGE ( .BOTH. , #6955 ) ;
#1198 = CARTESIAN_POINT ( 'NONE',  ( -1.039365682573264227, 0.04864774954570685872, -20.40000000000000568 ) ) ;
#1199 = SURFACE_STYLE_FILL_AREA ( #3508 ) ;
#1200 = FACE_OUTER_BOUND ( 'NONE', #10178, .T. ) ;
#1201 = ORIENTED_EDGE ( 'NONE', *, *, #1988, .T. ) ;
#1202 = EDGE_CURVE ( 'NONE', #796, #7480, #4169, .T. ) ;
#1203 = PRESENTATION_LAYER_ASSIGNMENT (  '', '', ( #5491 ) ) ;
#1204 = ADVANCED_FACE ( 'NONE', ( #4980 ), #8214, .F. ) ;
#1205 = DIRECTION ( 'NONE',  ( -0.000000000000000000, -0.000000000000000000, -1.000000000000000000 ) ) ;
#1206 = ORIENTED_EDGE ( 'NONE', *, *, #10432, .T. ) ;
#1207 = DIRECTION ( 'NONE',  ( -0.3398311366538648848, -0.9404864691001897370, 0.000000000000000000 ) ) ;
#1208 = LINE ( 'NONE', #2917, #1836 ) ;
#1209 = VERTEX_POINT ( 'NONE', #1213 ) ;
#1210 =( NAMED_UNIT ( * ) PLANE_ANGLE_UNIT ( ) SI_UNIT ( $, .RADIAN. ) );
#1211 = COLOUR_RGB ( '',1.000000000000000000, 1.000000000000000000, 1.000000000000000000 ) ;
#1212 = CARTESIAN_POINT ( 'NONE',  ( -1.500000000000000000, 9.213878188659972324, -8.799999999999998934 ) ) ;
#1213 = CARTESIAN_POINT ( 'NONE',  ( 4.487652461702019480, 3.199999999999997957, -8.799999999999998934 ) ) ;
#1214 = CARTESIAN_POINT ( 'NONE',  ( -0.9195089211874521995, -0.5347598319746195150, -20.40000000000000213 ) ) ;
#1215 = CARTESIAN_POINT ( 'NONE',  ( 5.153962991873187960, 0.4660101833160235074, -20.40000000000000213 ) ) ;
#1216 = ORIENTED_EDGE ( 'NONE', *, *, #10411, .F. ) ;
#1217 = ORIENTED_EDGE ( 'NONE', *, *, #8766, .F. ) ;
#1218 = EDGE_CURVE ( 'NONE', #1618, #477, #1959, .T. ) ;
#1219 = AXIS2_PLACEMENT_3D ( 'NONE', #3890, #8847, #6408 ) ;
#1220 = VERTEX_POINT ( 'NONE', #422 ) ;
#1221 = CARTESIAN_POINT ( 'NONE',  ( -3.943520586815386864, 0.3622782971212067382, -20.59999999999999787 ) ) ;
#1222 = CARTESIAN_POINT ( 'NONE',  ( 0.6224137154697974017, -0.6510758556450154666, -20.40000000000000213 ) ) ;
#1223 = CARTESIAN_POINT ( 'NONE',  ( 0.1261195583590265512, -0.1505694363903766764, -20.40000000000000213 ) ) ;
#1224 = LINE ( 'NONE', #1276, #5699 ) ;
#1225 = FACE_OUTER_BOUND ( 'NONE', #4042, .T. ) ;
#1226 = DIRECTION ( 'NONE',  ( -1.000000000000000000, 0.000000000000000000, 0.000000000000000000 ) ) ;
#1227 = CARTESIAN_POINT ( 'NONE',  ( -0.9582493615752640803, 0.3676084172281290918, -20.60000000000000497 ) ) ;
#1228 = ORIENTED_EDGE ( 'NONE', *, *, #4420, .F. ) ;
#1229 = B_SPLINE_CURVE_WITH_KNOTS ( 'NONE', 3,
 ( #2706, #4482, #5990, #1159, #3951, #9542, #2285, #7246, #8745, #10425, #641 ),
 .UNSPECIFIED., .F., .F.,
 ( 4, 1, 1, 1, 1, 1, 1, 1, 4 ),
 ( 0.000000000000000000, 0.1409754907900344634, 0.2756587093978892233, 0.4052540319038684391, 0.5296609519050451409, 0.6505885197244337670, 0.7685867380843193208, 0.8846940504466468402, 1.000000000000000000 ),
 .UNSPECIFIED. ) ;
#1230 = DIRECTION ( 'NONE',  ( 1.355252715606880789E-16, 1.000000000000000000, 0.000000000000000000 ) ) ;
#1231 = FACE_OUTER_BOUND ( 'NONE', #7990, .T. ) ;
#1232 = ORIENTED_EDGE ( 'NONE', *, *, #2249, .T. ) ;
#1233 = CARTESIAN_POINT ( 'NONE',  ( 4.726609095769291891, -0.3716521543463141564, -20.40000000000000213 ) ) ;
#1234 = CARTESIAN_POINT ( 'NONE',  ( -8.069140320336472882, 5.013878188659970370, -8.799999999999998934 ) ) ;
#1235 = CARTESIAN_POINT ( 'NONE',  ( -0.8558541792411740179, -0.2534774874328540872, -20.39999999999999503 ) ) ;
#1236 = CARTESIAN_POINT ( 'NONE',  ( -5.466190826809977032, 0.6319399841552814090, -20.40000000000000213 ) ) ;
#1237 = CARTESIAN_POINT ( 'NONE',  ( -5.997367686402063747, -0.3930413005237483048, -20.59999999999999787 ) ) ;
#1238 = LINE ( 'NONE', #6489, #2676 ) ;
#1239 =( NAMED_UNIT ( * ) SI_UNIT ( $, .STERADIAN. ) SOLID_ANGLE_UNIT ( ) );
#1240 = EDGE_CURVE ( 'NONE', #9649, #1209, #6112, .T. ) ;
#1241 = CYLINDRICAL_SURFACE ( 'NONE', #8874, 0.2000000000000000944 ) ;
#1242 = VECTOR ( 'NONE', #1390, 1000.000000000000000 ) ;
#1243 = FACE_OUTER_BOUND ( 'NONE', #2107, .T. ) ;
#1244 = ORIENTED_EDGE ( 'NONE', *, *, #5031, .F. ) ;
#1245 = AXIS2_PLACEMENT_3D ( 'NONE', #10128, #2844, #3608 ) ;
#1246 =( NAMED_UNIT ( * ) SI_UNIT ( $, .STERADIAN. ) SOLID_ANGLE_UNIT ( ) );
#1247 = MECHANICAL_DESIGN_GEOMETRIC_PRESENTATION_REPRESENTATION (  '', ( #10555 ), #4165 ) ;
#1248 = EDGE_CURVE ( 'NONE', #4199, #7364, #4539, .T. ) ;
#1249 = B_SPLINE_CURVE_WITH_KNOTS ( 'NONE', 3,
 ( #6859, #9234, #3633, #3520, #2012, #6092, #10205, #5296, #476, #6916, #7662 ),
 .UNSPECIFIED., .F., .F.,
 ( 4, 1, 1, 1, 1, 1, 1, 1, 4 ),
 ( 0.000000000000000000, 0.1296557814912655815, 0.2555985868018951224, 0.3796600106850502865, 0.5029810975798847394, 0.6250355794434985235, 0.7478154355860373581, 0.8723066895331665904, 1.000000000000000000 ),
 .UNSPECIFIED. ) ;
#1250 = AXIS2_PLACEMENT_3D ( 'NONE', #8145, #7500, #8096 ) ;
#1251 = VECTOR ( 'NONE', #6017, 1000.000000000000114 ) ;
#1252 = PLANE ( 'NONE',  #418 ) ;
#1253 = VERTEX_POINT ( 'NONE', #316 ) ;
#1254 = CARTESIAN_POINT ( 'NONE',  ( -5.608230597668785400, 0.4653456735530940858, -20.40000000000000568 ) ) ;
#1255 = DIRECTION ( 'NONE',  ( -0.9922778767136675171, -0.1240347345892091335, 0.000000000000000000 ) ) ;
#1256 = CARTESIAN_POINT ( 'NONE',  ( -5.070381847192443558, -0.1889796156272138261, -20.59999999999999787 ) ) ;
#1257 = STYLED_ITEM ( 'NONE', ( #6342 ), #8964 ) ;
#1258 = CARTESIAN_POINT ( 'NONE',  ( 1.600000000000000089, -5.799999999999998046, 0.000000000000000000 ) ) ;
#1259 = ORIENTED_EDGE ( 'NONE', *, *, #7280, .T. ) ;
#1260 = EDGE_CURVE ( 'NONE', #1209, #10104, #6285, .T. ) ;
#1261 = CARTESIAN_POINT ( 'NONE',  ( -0.6505565864050685265, -0.6202176644286487850, -20.40000000000000924 ) ) ;
#1262 = UNCERTAINTY_MEASURE_WITH_UNIT (LENGTH_MEASURE( 1.000000000000000082E-05 ), #4736, 'distance_accuracy_value', 'NONE');
#1263 = DIRECTION ( 'NONE',  ( -1.000000000000000000, 0.000000000000000000, 0.000000000000000000 ) ) ;
#1264 = EDGE_CURVE ( 'NONE', #1924, #2026, #1105, .T. ) ;
#1265 = DIRECTION ( 'NONE',  ( -0.000000000000000000, -0.000000000000000000, -1.000000000000000000 ) ) ;
#1266 = SURFACE_SIDE_STYLE ('',( #7930 ) ) ;
#1267 = CARTESIAN_POINT ( 'NONE',  ( -0.5123475382979796322, -7.599999999999996980, -8.799999999999998934 ) ) ;
#1268 = VERTEX_POINT ( 'NONE', #1160 ) ;
#1269 = CIRCLE ( 'NONE', #5555, 0.2000000000000000944 ) ;
#1270 = ORIENTED_EDGE ( 'NONE', *, *, #9288, .T. ) ;
#1271 = COLOUR_RGB ( '',0.007843137254901960675, 0.2392156862745097867, 0.8235294117647058432 ) ;
#1272 = CARTESIAN_POINT ( 'NONE',  ( -0.5226755702444884077, 0.6413348586406990570, -20.60000000000000142 ) ) ;
#1273 = FILL_AREA_STYLE_COLOUR ( '', #650 ) ;
#1274 = PRESENTATION_STYLE_ASSIGNMENT (( #5358 ) ) ;
#1275 = CARTESIAN_POINT ( 'NONE',  ( -0.4004293676925241297, -0.8973549276926005014, -20.40000000000000213 ) ) ;
#1276 = CARTESIAN_POINT ( 'NONE',  ( 2.400000000000000355, 0.7999999999999984901, -20.60000000000000142 ) ) ;
#1277 = EDGE_CURVE ( 'NONE', #5496, #4958, #10099, .T. ) ;
#1278 = CARTESIAN_POINT ( 'NONE',  ( 1.600000000000000089, -5.999999999999997335, -2.000000000000000000 ) ) ;
#1279 = CARTESIAN_POINT ( 'NONE',  ( 2.799999999999999822, -8.813878188659971968, -20.40000000000000213 ) ) ;
#1280 = ORIENTED_EDGE ( 'NONE', *, *, #3151, .T. ) ;
#1281 = CARTESIAN_POINT ( 'NONE',  ( 2.999999999999999556, -5.013878188659972146, -2.200000000000000622 ) ) ;
#1282 = ORIENTED_EDGE ( 'NONE', *, *, #9558, .F. ) ;
#1283 = VERTEX_POINT ( 'NONE', #6152 ) ;
#1284 = CARTESIAN_POINT ( 'NONE',  ( 4.964096708873926289, -0.7669157757051496827, -20.60000000000000497 ) ) ;
#1285 = CARTESIAN_POINT ( 'NONE',  ( 5.003682562064584616, -0.7978038327330175816, -20.60000000000000142 ) ) ;
#1286 = CARTESIAN_POINT ( 'NONE',  ( -2.799999999999999822, 9.213878188659972324, -2.200000000000000178 ) ) ;
#1287 =( NAMED_UNIT ( * ) PLANE_ANGLE_UNIT ( ) SI_UNIT ( $, .RADIAN. ) );
#1288 = DIRECTION ( 'NONE',  ( 0.000000000000000000, -1.000000000000000000, -0.000000000000000000 ) ) ;
#1289 = CARTESIAN_POINT ( 'NONE',  ( 5.156702439925135550, 0.6413348586406989460, -20.60000000000000142 ) ) ;
#1290 = PRESENTATION_STYLE_ASSIGNMENT (( #2317 ) ) ;
#1291 = CARTESIAN_POINT ( 'NONE',  ( -0.07736307024448839387, 0.4148738196796599165, -20.60000000000000142 ) ) ;
#1292 = ORIENTED_EDGE ( 'NONE', *, *, #6646, .F. ) ;
#1293 = PLANE ( 'NONE',  #8009 ) ;
#1294 = STYLED_ITEM ( 'NONE', ( #9857 ), #517 ) ;
#1295 = CARTESIAN_POINT ( 'NONE',  ( -6.043299126221691964, 0.1738023911082313411, -20.60000000000000142 ) ) ;
#1296 = VERTEX_POINT ( 'NONE', #4484 ) ;
#1297 = PRODUCT_RELATED_PRODUCT_CATEGORY ( 'part', '', ( #328 ) ) ;
#1298 = LINE ( 'NONE', #2321, #10348 ) ;
#1299 =( LENGTH_UNIT ( ) NAMED_UNIT ( * ) SI_UNIT ( .MILLI., .METRE. ) );
#1300 =( GEOMETRIC_REPRESENTATION_CONTEXT ( 3 ) GLOBAL_UNCERTAINTY_ASSIGNED_CONTEXT ( ( #3199 ) ) GLOBAL_UNIT_ASSIGNED_CONTEXT ( ( #5376, #4623, #803 ) ) REPRESENTATION_CONTEXT ( 'NONE', 'WORKASPACE' ) );
#1301 = FACE_OUTER_BOUND ( 'NONE', #3193, .T. ) ;
#1302 = CARTESIAN_POINT ( 'NONE',  ( -5.110439092118475912, 0.3976647593932680080, -20.60000000000000853 ) ) ;
#1303 = FACE_OUTER_BOUND ( 'NONE', #4984, .T. ) ;
#1304 = ORIENTED_EDGE ( 'NONE', *, *, #3857, .T. ) ;
#1305 = CARTESIAN_POINT ( 'NONE',  ( -0.8848914793353974684, -0.01004501148917113541, -20.40000000000000213 ) ) ;
#1306 = CARTESIAN_POINT ( 'NONE',  ( -4.786196853494418590, 0.6218543391601795145, -20.40000000000000213 ) ) ;
#1307 = EDGE_LOOP ( 'NONE', ( #1699, #10545, #425, #4857 ) ) ;
#1308 = CARTESIAN_POINT ( 'NONE',  ( 0.5766048442060391910, -0.3231029193546714473, -20.40000000000000213 ) ) ;
#1309 = EDGE_CURVE ( 'NONE', #10489, #10593, #9379, .T. ) ;
#1310 = VECTOR ( 'NONE', #10598, 1000.000000000000000 ) ;
#1311 = AXIS2_PLACEMENT_3D ( 'NONE', #4191, #4892, #6675 ) ;
#1312 = PRESENTATION_STYLE_ASSIGNMENT (( #5341 ) ) ;
#1313 =( NAMED_UNIT ( * ) SI_UNIT ( $, .STERADIAN. ) SOLID_ANGLE_UNIT ( ) );
#1314 = EDGE_LOOP ( 'NONE', ( #6879, #4119, #8077, #4158 ) ) ;
#1315 = CARTESIAN_POINT ( 'NONE',  ( 0.6428464948296740422, -0.5683404060495109711, -20.59999999999999787 ) ) ;
#1316 = CARTESIAN_POINT ( 'NONE',  ( -0.7014629538487631155, -0.5678380621065634015, -20.40000000000000568 ) ) ;
#1317 =( NAMED_UNIT ( * ) SI_UNIT ( $, .STERADIAN. ) SOLID_ANGLE_UNIT ( ) );
#1318 = FILL_AREA_STYLE_COLOUR ( '', #7169 ) ;
#1319 = CARTESIAN_POINT ( 'NONE',  ( 8.069140320336472882, 4.813878188659971080, -8.799999999999998934 ) ) ;
#1320 = MECHANICAL_DESIGN_GEOMETRIC_PRESENTATION_REPRESENTATION (  '', ( #2683 ), #6290 ) ;
#1321 = AXIS2_PLACEMENT_3D ( 'NONE', #10258, #3795, #5348 ) ;
#1322 = EDGE_LOOP ( 'NONE', ( #1693, #8854, #5659, #2764 ) ) ;
#1323 = PRESENTATION_LAYER_ASSIGNMENT (  '', '', ( #7175 ) ) ;
#1324 = ORIENTED_EDGE ( 'NONE', *, *, #4967, .F. ) ;
#1325 = PLANE ( 'NONE',  #3991 ) ;
#1326 = CARTESIAN_POINT ( 'NONE',  ( 1.600000000000000089, 7.599999999999996980, -8.799999999999998934 ) ) ;
#1327 = CARTESIAN_POINT ( 'NONE',  ( 5.807493535761044434, -0.08275624155219746259, -20.40000000000000568 ) ) ;
#1328 = ADVANCED_FACE ( 'NONE', ( #6969 ), #907, .T. ) ;
#1329 = EDGE_CURVE ( 'NONE', #5501, #8257, #3148, .T. ) ;
#1330 = AXIS2_PLACEMENT_3D ( 'NONE', #1404, #7959, #3068 ) ;
#1331 = STYLED_ITEM ( 'NONE', ( #2323 ), #5353 ) ;
#1332 = CARTESIAN_POINT ( 'NONE',  ( 0.2553276765087583722, 0.6218543391601795145, -20.40000000000000213 ) ) ;
#1333 = CARTESIAN_POINT ( 'NONE',  ( -2.400000000000000355, 0.7999999999999984901, -20.60000000000000142 ) ) ;
#1334 = CARTESIAN_POINT ( 'NONE',  ( -4.475421691156756587, -0.2572041023982621910, -20.60000000000000142 ) ) ;
#1335 = FILL_AREA_STYLE_COLOUR ( '', #2469 ) ;
#1336 = DIRECTION ( 'NONE',  ( 1.355252715606880789E-16, 1.000000000000000000, -0.000000000000000000 ) ) ;
#1337 = CARTESIAN_POINT ( 'NONE',  ( -0.7712163851358813105, 0.5729052140411333705, -20.60000000000000142 ) ) ;
#1338 = B_SPLINE_SURFACE_WITH_KNOTS ( 'NONE', 3, 1, ( 
 ( #2622, #8538 ),
 ( #2073, #4495 ),
 ( #1223, #2719 ),
 ( #1968, #379 ),
 ( #3640, #6928 ),
 ( #2131, #2772 ),
 ( #7783, #326 ),
 ( #10218, #6100 ),
 ( #435, #6053 ),
 ( #5412, #3803 ),
 ( #6979, #6005 ) ),
 .UNSPECIFIED., .F., .F., .F.,
 ( 4, 1, 1, 1, 1, 1, 1, 1, 4 ),
 ( 2, 2 ),
 ( 0.000000000000000000, 0.1409754907900344634, 0.2756587093978892233, 0.4052540319038684391, 0.5296609519050451409, 0.6505885197244337670, 0.7685867380843193208, 0.8846940504466468402, 1.000000000000000000 ),
 ( 0.000000000000000000, 1.000000000000000000 ),
 .UNSPECIFIED. ) ;
#1339 = EDGE_LOOP ( 'NONE', ( #8075, #9688, #10615, #1366 ) ) ;
#1340 = VECTOR ( 'NONE', #2572, 1000.000000000000000 ) ;
#1341 = FILL_AREA_STYLE ('',( #8654 ) ) ;
#1342 = PLANE ( 'NONE',  #8891 ) ;
#1343 = EDGE_CURVE ( 'NONE', #1296, #4531, #1996, .T. ) ;
#1344 = ORIENTED_EDGE ( 'NONE', *, *, #5658, .T. ) ;
#1345 = VERTEX_POINT ( 'NONE', #2229 ) ;
#1346 = CARTESIAN_POINT ( 'NONE',  ( 4.890319827811654640, -0.6927569321758288989, -20.60000000000000142 ) ) ;
#1347 = PRESENTATION_STYLE_ASSIGNMENT (( #3760 ) ) ;
#1348 = DIRECTION ( 'NONE',  ( -0.000000000000000000, -0.000000000000000000, -1.000000000000000000 ) ) ;
#1349 = CARTESIAN_POINT ( 'NONE',  ( -0.7259606046403692670, 0.5981724133349639594, -20.40000000000000213 ) ) ;
#1350 = DIRECTION ( 'NONE',  ( 1.000000000000000000, -0.000000000000000000, -0.000000000000000000 ) ) ;
#1351 = CARTESIAN_POINT ( 'NONE',  ( -5.103338197044060109, 0.01447209865829743314, -20.40000000000000568 ) ) ;
#1352 = LINE ( 'NONE', #8833, #2328 ) ;
#1353 = FACE_OUTER_BOUND ( 'NONE', #5845, .T. ) ;
#1354 = ORIENTED_EDGE ( 'NONE', *, *, #8719, .F. ) ;
#1355 = CARTESIAN_POINT ( 'NONE',  ( 0.5661028388464206529, -0.2572041023982621910, -20.40000000000000213 ) ) ;
#1356 = DIRECTION ( 'NONE',  ( 0.000000000000000000, 0.000000000000000000, 1.000000000000000000 ) ) ;
#1357 = CYLINDRICAL_SURFACE ( 'NONE', #10332, 0.1999999999999987899 ) ;
#1358 = EDGE_CURVE ( 'NONE', #5266, #3839, #8524, .T. ) ;
#1359 = EDGE_LOOP ( 'NONE', ( #9958, #8467, #1055, #10496 ) ) ;
#1360 = CARTESIAN_POINT ( 'NONE',  ( -5.069273152195719945, -0.2608566998008597371, -20.40000000000000568 ) ) ;
#1361 = AXIS2_PLACEMENT_3D ( 'NONE', #1701, #845, #9929 ) ;
#1362 = FILL_AREA_STYLE ('',( #682 ) ) ;
#1363 = CARTESIAN_POINT ( 'NONE',  ( -5.501440013925588346, 0.6375778765869609677, -20.40000000000000213 ) ) ;
#1364 =( NAMED_UNIT ( * ) PLANE_ANGLE_UNIT ( ) SI_UNIT ( $, .RADIAN. ) );
#1365 = LINE ( 'NONE', #6296, #4304 ) ;
#1366 = ORIENTED_EDGE ( 'NONE', *, *, #1647, .T. ) ;
#1367 = B_SPLINE_CURVE_WITH_KNOTS ( 'NONE', 3,
 ( #8645, #4343, #6930, #8597, #10220, #2824, #7629, #3481, #2722, #6103, #9246, #4497, #227, #5956, #6007, #1920, #10327, #486, #2352 ),
 .UNSPECIFIED., .F., .F.,
 ( 4, 1, 1, 1, 1, 1, 1, 1, 1, 1, 1, 1, 1, 1, 1, 1, 4 ),
 ( 0.000000000000000000, 0.08007677343384532465, 0.1562784586802825060, 0.2293194353395051344, 0.2991753128987476584, 0.3662018488666233251, 0.4310867541704904160, 0.4937298118219858867, 0.5550858740706317018, 0.6145530382533342939, 0.6722652138031808278, 0.7281941688403907875, 0.7828833412258556779, 0.8373717222310076425, 0.8910895228912365518, 0.9453955957931418075, 1.000000000000000000 ),
 .UNSPECIFIED. ) ;
#1368 = CARTESIAN_POINT ( 'NONE',  ( 5.000000000000000000, 2.399999999999998579, -20.60000000000000142 ) ) ;
#1369 = DIRECTION ( 'NONE',  ( 0.000000000000000000, 0.000000000000000000, 1.000000000000000000 ) ) ;
#1370 = CARTESIAN_POINT ( 'NONE',  ( -5.086927372974939132, 0.3643462222770624259, -20.60000000000000142 ) ) ;
#1371 = CARTESIAN_POINT ( 'NONE',  ( -8.069140320336472882, 5.013878188659970370, -2.200000000000000622 ) ) ;
#1372 = CARTESIAN_POINT ( 'NONE',  ( -5.820758453600080706, 0.3441510379375897211, -20.60000000000000142 ) ) ;
#1373 = VERTEX_POINT ( 'NONE', #7247 ) ;
#1374 = CARTESIAN_POINT ( 'NONE',  ( 1.105774105080187253, 0.3926538521471923393, -20.60000000000000497 ) ) ;
#1375 = CARTESIAN_POINT ( 'NONE',  ( -0.6233743153633118927, -0.6417691078282518058, -20.39999999999999858 ) ) ;
#1376 = UNCERTAINTY_MEASURE_WITH_UNIT (LENGTH_MEASURE( 1.000000000000000082E-05 ), #7675, 'distance_accuracy_value', 'NONE');
#1377 = LINE ( 'NONE', #5668, #980 ) ;
#1378 = DIRECTION ( 'NONE',  ( 0.000000000000000000, -0.000000000000000000, -1.000000000000000000 ) ) ;
#1379 = CARTESIAN_POINT ( 'NONE',  ( 5.473270694467168518, -0.6774171461613889278, -20.60000000000000142 ) ) ;
#1380 = DIRECTION ( 'NONE',  ( 0.000000000000000000, 1.000000000000000000, 0.000000000000000000 ) ) ;
#1381 = CARTESIAN_POINT ( 'NONE',  ( -2.799999999999998934, -3.035766082959411429E-16, -20.40000000000000213 ) ) ;
#1382 = EDGE_CURVE ( 'NONE', #6951, #2828, #1377, .T. ) ;
#1383 = VECTOR ( 'NONE', #9487, 1000.000000000000000 ) ;
#1384 = ORIENTED_EDGE ( 'NONE', *, *, #8018, .F. ) ;
#1385 = ORIENTED_EDGE ( 'NONE', *, *, #9792, .T. ) ;
#1386 = CARTESIAN_POINT ( 'NONE',  ( 0.05612063967974190853, -0.5949772778561925879, -20.40000000000000568 ) ) ;
#1387 = VECTOR ( 'NONE', #808, 1000.000000000000000 ) ;
#1388 = CARTESIAN_POINT ( 'NONE',  ( 1.500000000000000000, 9.375835069691863310, -8.799999999999998934 ) ) ;
#1389 = CARTESIAN_POINT ( 'NONE',  ( -3.918058988279653931, 0.2279366525938678889, -20.60000000000000497 ) ) ;
#1390 = DIRECTION ( 'NONE',  ( -0.000000000000000000, -0.000000000000000000, -1.000000000000000000 ) ) ;
#1391 = LINE ( 'NONE', #7946, #771 ) ;
#1392 = EDGE_CURVE ( 'NONE', #4269, #9087, #6252, .T. ) ;
#1393 = CARTESIAN_POINT ( 'NONE',  ( -1.020804020586596472, 0.1890509280178577500, -20.60000000000000142 ) ) ;
#1394 = AXIS2_PLACEMENT_3D ( 'NONE', #6473, #4912, #10599 ) ;
#1395 = ORIENTED_EDGE ( 'NONE', *, *, #2753, .F. ) ;
#1396 = STYLED_ITEM ( 'NONE', ( #4527 ), #8408 ) ;
#1397 = CARTESIAN_POINT ( 'NONE',  ( -5.638387099520696388, 0.4616429746300296233, -20.40000000000000213 ) ) ;
#1398 = CARTESIAN_POINT ( 'NONE',  ( 4.895374619918377412, -0.3954357944268942493, -20.40000000000000213 ) ) ;
#1399 = DIRECTION ( 'NONE',  ( 1.000000000000000000, 0.000000000000000000, 0.000000000000000000 ) ) ;
#1400 = VERTEX_POINT ( 'NONE', #8965 ) ;
#1401 = EDGE_LOOP ( 'NONE', ( #5325, #8728, #1431, #2233, #7657, #2276, #3512, #6725, #833, #3672, #9587, #8908, #10116, #2615, #6414 ) ) ;
#1402 = CARTESIAN_POINT ( 'NONE',  ( 4.856870110001569429, -0.6494766575937690467, -20.60000000000000142 ) ) ;
#1403 = CARTESIAN_POINT ( 'NONE',  ( -2.400000000000000355, 3.999999999999998224, -18.59999999999999787 ) ) ;
#1404 = CARTESIAN_POINT ( 'NONE',  ( 0.000000000000000000, -6.799999999999997158, -20.60000000000000142 ) ) ;
#1405 = CARTESIAN_POINT ( 'NONE',  ( 0.7070229116079889131, -0.3430373459431884098, -20.39999999999999858 ) ) ;
#1406 = CARTESIAN_POINT ( 'NONE',  ( -4.367974450897015970, -0.8781456608398205965, -20.60000000000000142 ) ) ;
#1407 = DIRECTION ( 'NONE',  ( -3.422125580184494708E-16, 1.000000000000000000, 0.000000000000000000 ) ) ;
#1408 = EDGE_CURVE ( 'NONE', #2972, #4199, #10485, .T. ) ;
#1409 = EDGE_CURVE ( 'NONE', #7391, #3153, #5507, .T. ) ;
#1410 = FILL_AREA_STYLE ('',( #10463 ) ) ;
#1411 = ORIENTED_EDGE ( 'NONE', *, *, #2020, .F. ) ;
#1412 = AXIS2_PLACEMENT_3D ( 'NONE', #4943, #10004, #867 ) ;
#1413 = PRESENTATION_STYLE_ASSIGNMENT (( #6399 ) ) ;
#1414 = ORIENTED_EDGE ( 'NONE', *, *, #3433, .F. ) ;
#1415 = CARTESIAN_POINT ( 'NONE',  ( -2.400000000000000355, -8.399999999999998579, -18.59999999999999787 ) ) ;
#1416 = CARTESIAN_POINT ( 'NONE',  ( -0.3254256239114279303, -0.7152113911769666377, -20.60000000000001208 ) ) ;
#1417 = VECTOR ( 'NONE', #1908, 1000.000000000000000 ) ;
#1418 = EDGE_CURVE ( 'NONE', #1587, #370, #9208, .T. ) ;
#1419 = FACE_BOUND ( 'NONE', #6359, .T. ) ;
#1420 = PRESENTATION_STYLE_ASSIGNMENT (( #8786 ) ) ;
#1421 = COLOUR_RGB ( '',1.000000000000000000, 1.000000000000000000, 1.000000000000000000 ) ;
#1422 = CARTESIAN_POINT ( 'NONE',  ( -4.419110814533379283, -0.6510758556450154666, -20.60000000000000142 ) ) ;
#1423 = EDGE_LOOP ( 'NONE', ( #7838, #843, #2330, #4618, #5712, #7895, #5297, #3092, #9388, #2194, #2423, #9048, #4457, #8136, #6892, #6170, #7470, #647, #3590, #222, #4164, #9736, #874, #10537, #1880, #2059, #1964, #1123 ) ) ;
#1424 = DIRECTION ( 'NONE',  ( 1.000000000000000000, 0.000000000000000000, 0.000000000000000000 ) ) ;
#1425 = DIRECTION ( 'NONE',  ( 0.000000000000000000, -1.000000000000000000, 0.000000000000000000 ) ) ;
#1426 = AXIS2_PLACEMENT_3D ( 'NONE', #1381, #8921, #8101 ) ;
#1427 = CARTESIAN_POINT ( 'NONE',  ( 4.687648056808252583, 0.1738023911082314521, -20.40000000000000213 ) ) ;
#1428 = ORIENTED_EDGE ( 'NONE', *, *, #948, .T. ) ;
#1429 = CARTESIAN_POINT ( 'NONE',  ( 1.215960793391875239, 0.6218543391601795145, -20.60000000000000142 ) ) ;
#1430 = SURFACE_STYLE_USAGE ( .BOTH. , #3900 ) ;
#1431 = ORIENTED_EDGE ( 'NONE', *, *, #3891, .T. ) ;
#1432 = DIRECTION ( 'NONE',  ( -1.000000000000000000, -0.000000000000000000, -0.000000000000000000 ) ) ;
#1433 = FACE_OUTER_BOUND ( 'NONE', #7123, .T. ) ;
#1434 = DIRECTION ( 'NONE',  ( -0.000000000000000000, -0.000000000000000000, 1.000000000000000000 ) ) ;
#1435 = CARTESIAN_POINT ( 'NONE',  ( 5.296414290574485761, -0.7223015049956647005, -20.60000000000000142 ) ) ;
#1436 = LINE ( 'NONE', #6255, #4190 ) ;
#1437 = FILL_AREA_STYLE ('',( #10544 ) ) ;
#1438 = VERTEX_POINT ( 'NONE', #10427 ) ;
#1439 = ORIENTED_EDGE ( 'NONE', *, *, #6862, .T. ) ;
#1440 = FILL_AREA_STYLE ('',( #3743 ) ) ;
#1441 = VECTOR ( 'NONE', #616, 1000.000000000000000 ) ;
#1442 = CARTESIAN_POINT ( 'NONE',  ( 0.1003917568653981268, -0.4750147920860562367, -20.40000000000000213 ) ) ;
#1443 = EDGE_CURVE ( 'NONE', #6795, #898, #4649, .T. ) ;
#1444 = DIRECTION ( 'NONE',  ( 0.000000000000000000, 0.000000000000000000, -1.000000000000000000 ) ) ;
#1445 = ORIENTED_EDGE ( 'NONE', *, *, #1129, .T. ) ;
#1446 = FACE_OUTER_BOUND ( 'NONE', #1766, .T. ) ;
#1447 = CARTESIAN_POINT ( 'NONE',  ( -1.003200742533592038, -0.3240452820170604542, -20.60000000000000853 ) ) ;
#1448 = CARTESIAN_POINT ( 'NONE',  ( 7.869140320336472705, -4.813878188659971080, -20.40000000000000213 ) ) ;
#1449 = FACE_BOUND ( 'NONE', #9497, .T. ) ;
#1450 = SURFACE_STYLE_FILL_AREA ( #2994 ) ;
#1451 = CARTESIAN_POINT ( 'NONE',  ( 2.400000000000000355, 8.399999999999998579, -18.59999999999999787 ) ) ;
#1452 = CARTESIAN_POINT ( 'NONE',  ( -1.004897491132743070, 0.2529124083832828829, -20.60000000000000853 ) ) ;
#1453 = ORIENTED_EDGE ( 'NONE', *, *, #7827, .T. ) ;
#1454 =( NAMED_UNIT ( * ) PLANE_ANGLE_UNIT ( ) SI_UNIT ( $, .RADIAN. ) );
#1455 = CARTESIAN_POINT ( 'NONE',  ( 4.882453251613447343, -0.3521716348657945583, -20.40000000000000213 ) ) ;
#1456 = DIRECTION ( 'NONE',  ( 0.000000000000000000, 0.000000000000000000, -1.000000000000000000 ) ) ;
#1457 = ORIENTED_EDGE ( 'NONE', *, *, #3828, .F. ) ;
#1458 = VERTEX_POINT ( 'NONE', #6422 ) ;
#1459 = EDGE_CURVE ( 'NONE', #4516, #6234, #4450, .T. ) ;
#1460 = CARTESIAN_POINT ( 'NONE',  ( 4.771056661559908818, -0.4946572093757611865, -20.40000000000000924 ) ) ;
#1461 =( LENGTH_UNIT ( ) NAMED_UNIT ( * ) SI_UNIT ( .MILLI., .METRE. ) );
#1462 = CARTESIAN_POINT ( 'NONE',  ( 0.5123475382979809645, -5.999999999999997335, -8.799999999999998934 ) ) ;
#1463 = CARTESIAN_POINT ( 'NONE',  ( -0.5763242777639629999, 0.6398029995973137929, -20.40000000000000924 ) ) ;
#1464 = CARTESIAN_POINT ( 'NONE',  ( -0.5123475382979806314, 3.199999999999998401, -8.799999999999998934 ) ) ;
#1465 = CARTESIAN_POINT ( 'NONE',  ( -0.2791352691545085363, 0.5857528595128671522, -20.60000000000000497 ) ) ;
#1466 = ORIENTED_EDGE ( 'NONE', *, *, #1329, .F. ) ;
#1467 = CARTESIAN_POINT ( 'NONE',  ( 4.941355429835645907, 0.5942353826887671886, -20.60000000000001208 ) ) ;
#1468 = EDGE_LOOP ( 'NONE', ( #2865, #6287, #3867, #7130 ) ) ;
#1469 = ADVANCED_FACE ( 'NONE', ( #9705 ), #8592, .F. ) ;
#1470 = CARTESIAN_POINT ( 'NONE',  ( 5.058386693171889270, -0.6364654660346258375, -20.40000000000000213 ) ) ;
#1471 = ADVANCED_FACE ( 'NONE', ( #8809 ), #2880, .F. ) ;
#1472 = FILL_AREA_STYLE_COLOUR ( '', #8144 ) ;
#1473 = LINE ( 'NONE', #10409, #4680 ) ;
#1474 = FILL_AREA_STYLE ('',( #9695 ) ) ;
#1475 = CARTESIAN_POINT ( 'NONE',  ( 1.600000000000000089, -7.599999999999996980, 0.000000000000000000 ) ) ;
#1476 = VERTEX_POINT ( 'NONE', #9026 ) ;
#1477 = FILL_AREA_STYLE ('',( #4695 ) ) ;
#1478 = ORIENTED_EDGE ( 'NONE', *, *, #4392, .T. ) ;
#1479 = FILL_AREA_STYLE_COLOUR ( '', #3725 ) ;
#1480 = EDGE_CURVE ( 'NONE', #4241, #9762, #663, .T. ) ;
#1481 = ORIENTED_EDGE ( 'NONE', *, *, #4535, .T. ) ;
#1482 =( NAMED_UNIT ( * ) PLANE_ANGLE_UNIT ( ) SI_UNIT ( $, .RADIAN. ) );
#1483 = VECTOR ( 'NONE', #5379, 1000.000000000000000 ) ;
#1484 = EDGE_LOOP ( 'NONE', ( #5702, #4783, #1244, #10640 ) ) ;
#1485 = SURFACE_SIDE_STYLE ('',( #9652 ) ) ;
#1486 = DIRECTION ( 'NONE',  ( 1.000000000000000000, 0.000000000000000000, 0.000000000000000000 ) ) ;
#1487 = UNCERTAINTY_MEASURE_WITH_UNIT (LENGTH_MEASURE( 1.000000000000000082E-05 ), #9517, 'distance_accuracy_value', 'NONE');
#1488 = CARTESIAN_POINT ( 'NONE',  ( 5.371996046325935303, -0.7157029552997900002, -20.39999999999999147 ) ) ;
#1489 = CARTESIAN_POINT ( 'NONE',  ( -0.3869207001146183211, -0.8976261803203399170, -20.40000000000000213 ) ) ;
#1490 = CARTESIAN_POINT ( 'NONE',  ( 7.869140320336472705, -5.013878188659970370, -8.799999999999998934 ) ) ;
#1491 = ORIENTED_EDGE ( 'NONE', *, *, #6323, .F. ) ;
#1492 = EDGE_LOOP ( 'NONE', ( #2595, #4480, #9250, #4693 ) ) ;
#1493 = CIRCLE ( 'NONE', #10613, 0.2000000000000000944 ) ;
#1494 = VECTOR ( 'NONE', #4982, 1000.000000000000000 ) ;
#1495 = AXIS2_PLACEMENT_3D ( 'NONE', #8642, #7147, #9665 ) ;
#1496 = CARTESIAN_POINT ( 'NONE',  ( 0.08762078301915704470, -0.5162715607969636800, -20.40000000000000213 ) ) ;
#1497 = DIRECTION ( 'NONE',  ( -1.000000000000000000, 0.000000000000000000, 0.000000000000000000 ) ) ;
#1498 = ORIENTED_EDGE ( 'NONE', *, *, #1248, .T. ) ;
#1499 = PLANE ( 'NONE',  #10620 ) ;
#1500 = FACE_BOUND ( 'NONE', #6674, .T. ) ;
#1501 = PRESENTATION_LAYER_ASSIGNMENT (  '', '', ( #5435 ) ) ;
#1502 = LINE ( 'NONE', #5574, #1072 ) ;
#1503 = COLOUR_RGB ( '',1.000000000000000000, 1.000000000000000000, 1.000000000000000000 ) ;
#1504 = LINE ( 'NONE', #3807, #9858 ) ;
#1505 = CARTESIAN_POINT ( 'NONE',  ( -5.171342973086066053, -0.8355450963236156214, -20.40000000000000568 ) ) ;
#1506 = VERTEX_POINT ( 'NONE', #3960 ) ;
#1507 = DIRECTION ( 'NONE',  ( -0.000000000000000000, -0.000000000000000000, -1.000000000000000000 ) ) ;
#1508 = CARTESIAN_POINT ( 'NONE',  ( -0.03716120472850435036, -0.09087523719971767056, -20.60000000000000497 ) ) ;
#1509 =( GEOMETRIC_REPRESENTATION_CONTEXT ( 3 ) GLOBAL_UNCERTAINTY_ASSIGNED_CONTEXT ( ( #3952 ) ) GLOBAL_UNIT_ASSIGNED_CONTEXT ( ( #2111, #7870, #1313 ) ) REPRESENTATION_CONTEXT ( 'NONE', 'WORKASPACE' ) );
#1510 = COLOUR_RGB ( '',0.6941176470588235059, 0.09803921568627450844, 0.09803921568627450844 ) ;
#1511 = VECTOR ( 'NONE', #9401, 1000.000000000000000 ) ;
#1512 = ORIENTED_EDGE ( 'NONE', *, *, #2988, .T. ) ;
#1513 = SURFACE_SIDE_STYLE ('',( #4788 ) ) ;
#1514 = CARTESIAN_POINT ( 'NONE',  ( 5.636096871882377179, 0.3755738448920899475, -20.60000000000000142 ) ) ;
#1515 = CARTESIAN_POINT ( 'NONE',  ( -3.000000000000000000, -9.013878188659973034, -2.200000000000000622 ) ) ;
#1516 = CARTESIAN_POINT ( 'NONE',  ( -5.602197528759372602, -0.8652495233485464343, -20.60000000000000142 ) ) ;
#1517 = CYLINDRICAL_SURFACE ( 'NONE', #4344, 0.1999999999999996503 ) ;
#1518 = DIRECTION ( 'NONE',  ( 0.000000000000000000, 0.000000000000000000, -1.000000000000000000 ) ) ;
#1519 = STYLED_ITEM ( 'NONE', ( #4291 ), #5822 ) ;
#1520 = ORIENTED_EDGE ( 'NONE', *, *, #7100, .T. ) ;
#1521 = EDGE_CURVE ( 'NONE', #2121, #630, #7674, .T. ) ;
#1522 = DIRECTION ( 'NONE',  ( -0.000000000000000000, 0.000000000000000000, 1.000000000000000000 ) ) ;
#1523 = ORIENTED_EDGE ( 'NONE', *, *, #2696, .T. ) ;
#1524 = DIRECTION ( 'NONE',  ( 0.000000000000000000, 0.000000000000000000, -1.000000000000000000 ) ) ;
#1525 = CARTESIAN_POINT ( 'NONE',  ( -0.02879288598015550260, -0.3072438019053845837, -20.39999999999999858 ) ) ;
#1526 =( GEOMETRIC_REPRESENTATION_CONTEXT ( 3 ) GLOBAL_UNCERTAINTY_ASSIGNED_CONTEXT ( ( #3504 ) ) GLOBAL_UNIT_ASSIGNED_CONTEXT ( ( #8056, #2182, #9716 ) ) REPRESENTATION_CONTEXT ( 'NONE', 'WORKASPACE' ) );
#1527 = SURFACE_STYLE_USAGE ( .BOTH. , #10471 ) ;
#1528 = CARTESIAN_POINT ( 'NONE',  ( -1.600000000000000311, 1.599999999999998535, 0.000000000000000000 ) ) ;
#1529 = PRESENTATION_STYLE_ASSIGNMENT (( #5605 ) ) ;
#1530 = ADVANCED_FACE ( 'NONE', ( #2400 ), #9820, .F. ) ;
#1531 = AXIS2_PLACEMENT_3D ( 'NONE', #8602, #2778, #443 ) ;
#1532 =( NAMED_UNIT ( * ) SI_UNIT ( $, .STERADIAN. ) SOLID_ANGLE_UNIT ( ) );
#1533 = EDGE_CURVE ( 'NONE', #7252, #10033, #8436, .T. ) ;
#1534 = DIRECTION ( 'NONE',  ( -0.000000000000000000, -0.000000000000000000, -1.000000000000000000 ) ) ;
#1535 = ORIENTED_EDGE ( 'NONE', *, *, #6171, .F. ) ;
#1536 = CARTESIAN_POINT ( 'NONE',  ( -0.9499999999999996225, 6.799999999999997158, -18.59999999999999787 ) ) ;
#1537 = EDGE_LOOP ( 'NONE', ( #7753, #775, #7889, #2552 ) ) ;
#1538 = DIRECTION ( 'NONE',  ( 1.000000000000000000, -3.422125580184494708E-16, 0.000000000000000000 ) ) ;
#1539 = CARTESIAN_POINT ( 'NONE',  ( -5.719200096800054922, 0.4361173406631484450, -20.59999999999999432 ) ) ;
#1540 = VECTOR ( 'NONE', #1424, 1000.000000000000000 ) ;
#1541 = EDGE_LOOP ( 'NONE', ( #4005, #7324, #9648, #66 ) ) ;
#1542 = CARTESIAN_POINT ( 'NONE',  ( 0.2553276765087583722, 0.6218543391601795145, -20.40000000000000213 ) ) ;
#1543 = DIRECTION ( 'NONE',  ( -0.000000000000000000, 1.000000000000000000, -0.000000000000000000 ) ) ;
#1544 = DIRECTION ( 'NONE',  ( -0.000000000000000000, -0.000000000000000000, -1.000000000000000000 ) ) ;
#1545 = LINE ( 'NONE', #1490, #8844 ) ;
#1546 =( LENGTH_UNIT ( ) NAMED_UNIT ( * ) SI_UNIT ( .MILLI., .METRE. ) );
#1547 = EDGE_CURVE ( 'NONE', #4334, #5860, #3051, .T. ) ;
#1548 = ORIENTED_EDGE ( 'NONE', *, *, #7854, .F. ) ;
#1549 = EDGE_CURVE ( 'NONE', #6624, #2480, #264, .T. ) ;
#1550 = VERTEX_POINT ( 'NONE', #10038 ) ;
#1551 = CARTESIAN_POINT ( 'NONE',  ( 4.733978408851261754, 0.3710146627365673577, -20.60000000000000497 ) ) ;
#1552 = DIRECTION ( 'NONE',  ( -1.000000000000000000, 6.776263578034401480E-17, 0.000000000000000000 ) ) ;
#1553 = CARTESIAN_POINT ( 'NONE',  ( -0.6617977797540954832, -0.8187338479111432310, -20.59999999999999787 ) ) ;
#1554 = CARTESIAN_POINT ( 'NONE',  ( -5.512347538297980520, 1.599999999999998979, -8.799999999999998934 ) ) ;
#1555 = CARTESIAN_POINT ( 'NONE',  ( 2.799999999999999822, -9.213878188659972324, -2.200000000000000178 ) ) ;
#1556 = DIRECTION ( 'NONE',  ( -1.000000000000000000, 0.000000000000000000, -0.000000000000000000 ) ) ;
#1557 = AXIS2_PLACEMENT_3D ( 'NONE', #6900, #10191, #2804 ) ;
#1558 = CARTESIAN_POINT ( 'NONE',  ( -5.589887446687798800, 0.6410154094368485378, -20.40000000000000568 ) ) ;
#1559 = SURFACE_SIDE_STYLE ('',( #8932 ) ) ;
#1560 = DIRECTION ( 'NONE',  ( 0.000000000000000000, -1.000000000000000000, 0.000000000000000000 ) ) ;
#1561 = CARTESIAN_POINT ( 'NONE',  ( -4.966736973246100639, -0.5930504990623137740, -20.40000000000000568 ) ) ;
#1562 = DIRECTION ( 'NONE',  ( 1.000000000000000000, -3.422125580184494708E-16, 0.000000000000000000 ) ) ;
#1563 = EDGE_CURVE ( 'NONE', #3446, #9348, #4730, .T. ) ;
#1564 = ORIENTED_EDGE ( 'NONE', *, *, #6598, .F. ) ;
#1565 = CARTESIAN_POINT ( 'NONE',  ( 5.027823582225761534, -0.6092229834339061290, -20.40000000000000213 ) ) ;
#1566 = STYLED_ITEM ( 'NONE', ( #3636 ), #8227 ) ;
#1567 = ORIENTED_EDGE ( 'NONE', *, *, #9946, .T. ) ;
#1568 = FILL_AREA_STYLE ('',( #2310 ) ) ;
#1569 = DIRECTION ( 'NONE',  ( 0.000000000000000000, 0.000000000000000000, -1.000000000000000000 ) ) ;
#1570 = DIRECTION ( 'NONE',  ( 0.000000000000000000, -0.000000000000000000, -1.000000000000000000 ) ) ;
#1571 = SURFACE_STYLE_FILL_AREA ( #10457 ) ;
#1572 = CARTESIAN_POINT ( 'NONE',  ( 1.314580923262005152, -0.8781456608398205965, -20.40000000000000213 ) ) ;
#1573 = VECTOR ( 'NONE', #5072, 1000.000000000000000 ) ;
#1574 = CARTESIAN_POINT ( 'NONE',  ( -5.844139538320139771, -0.3667512949503004549, -20.40000000000000213 ) ) ;
#1575 = ORIENTED_EDGE ( 'NONE', *, *, #2489, .F. ) ;
#1576 = APPLICATION_CONTEXT ( 'automotive_design' ) ;
#1577 = CARTESIAN_POINT ( 'NONE',  ( 0.000000000000000000, -6.799999999999997158, -8.799999999999998934 ) ) ;
#1578 = VERTEX_POINT ( 'NONE', #10091 ) ;
#1579 = SURFACE_SIDE_STYLE ('',( #7118 ) ) ;
#1580 = CARTESIAN_POINT ( 'NONE',  ( -0.1651984277938322032, -0.6250615261837192405, -20.60000000000000142 ) ) ;
#1581 = EDGE_CURVE ( 'NONE', #836, #8363, #9987, .T. ) ;
#1582 = CARTESIAN_POINT ( 'NONE',  ( -5.874077073028373341, -0.6494766575937690467, -20.40000000000000568 ) ) ;
#1583 = DIRECTION ( 'NONE',  ( 3.422125580184494708E-16, 1.000000000000000000, 0.000000000000000000 ) ) ;
#1584 = DIRECTION ( 'NONE',  ( 1.000000000000000000, 0.000000000000000000, 0.000000000000000000 ) ) ;
#1585 = CARTESIAN_POINT ( 'NONE',  ( -1.500000000000000000, 9.213878188659972324, -8.799999999999998934 ) ) ;
#1586 = ORIENTED_EDGE ( 'NONE', *, *, #6136, .F. ) ;
#1587 = VERTEX_POINT ( 'NONE', #9224 ) ;
#1588 = CARTESIAN_POINT ( 'NONE',  ( 4.805450049133005663, 0.4868496915272264580, -20.40000000000000213 ) ) ;
#1589 = AXIS2_PLACEMENT_3D ( 'NONE', #7528, #6718, #437 ) ;
#1590 = CARTESIAN_POINT ( 'NONE',  ( -0.3981828754392936487, -0.7223015049956647005, -20.60000000000000497 ) ) ;
#1591 = EDGE_CURVE ( 'NONE', #1014, #693, #4215, .T. ) ;
#1592 = ORIENTED_EDGE ( 'NONE', *, *, #7877, .T. ) ;
#1593 = CARTESIAN_POINT ( 'NONE',  ( -0.2117798615202355073, 0.3127127402008628709, -20.40000000000000213 ) ) ;
#1594 = UNCERTAINTY_MEASURE_WITH_UNIT (LENGTH_MEASURE( 1.000000000000000082E-05 ), #5181, 'distance_accuracy_value', 'NONE');
#1595 = CARTESIAN_POINT ( 'NONE',  ( 5.647883108410786335, -0.4160628737687755430, -20.40000000000000568 ) ) ;
#1596 = CARTESIAN_POINT ( 'NONE',  ( -3.199999999999999734, -5.013878188659972146, -2.000000000000000000 ) ) ;
#1597 = AXIS2_PLACEMENT_3D ( 'NONE', #9040, #9194, #966 ) ;
#1598 = CARTESIAN_POINT ( 'NONE',  ( -0.7712163851358813105, 0.5729052140411333705, -20.60000000000000142 ) ) ;
#1599 = ORIENTED_EDGE ( 'NONE', *, *, #9591, .F. ) ;
#1600 =( GEOMETRIC_REPRESENTATION_CONTEXT ( 3 ) GLOBAL_UNCERTAINTY_ASSIGNED_CONTEXT ( ( #8690 ) ) GLOBAL_UNIT_ASSIGNED_CONTEXT ( ( #6, #1653, #4381 ) ) REPRESENTATION_CONTEXT ( 'NONE', 'WORKASPACE' ) );
#1601 = EDGE_LOOP ( 'NONE', ( #172, #1888, #9601, #9615, #2478, #942 ) ) ;
#1602 = CARTESIAN_POINT ( 'NONE',  ( -0.5175010572574754164, 0.4660101833160236184, -20.40000000000000213 ) ) ;
#1603 =( NAMED_UNIT ( * ) PLANE_ANGLE_UNIT ( ) SI_UNIT ( $, .RADIAN. ) );
#1604 = PRODUCT_DEFINITION_SHAPE ( 'NONE', 'NONE',  #5112 ) ;
#1605 = CIRCLE ( 'NONE', #4684, 0.9500000000000000666 ) ;
#1606 = CARTESIAN_POINT ( 'NONE',  ( -7.400000000000000355, 3.999999999999998224, -18.59999999999999787 ) ) ;
#1607 = ADVANCED_FACE ( 'NONE', ( #3513 ), #5887, .F. ) ;
#1608 = EDGE_CURVE ( 'NONE', #3358, #9700, #4320, .T. ) ;
#1609 = CARTESIAN_POINT ( 'NONE',  ( -7.869140320336472705, -4.813878188659971080, -20.40000000000000213 ) ) ;
#1610 = CARTESIAN_POINT ( 'NONE',  ( 8.269140320336473948, -4.813878188659971080, -2.200000000000000622 ) ) ;
#1611 = DIRECTION ( 'NONE',  ( -1.000000000000000000, 0.000000000000000000, 0.000000000000000000 ) ) ;
#1612 = CARTESIAN_POINT ( 'NONE',  ( -0.8842178456495477512, -0.06043137393367140758, -20.59999999999999787 ) ) ;
#1613 = CARTESIAN_POINT ( 'NONE',  ( 2.400000000000000355, -8.399999999999998579, -18.59999999999999787 ) ) ;
#1614 = B_SPLINE_SURFACE_WITH_KNOTS ( 'NONE', 3, 1, ( 
 ( #1470, #10064 ),
 ( #1782, #6727 ),
 ( #239, #9158 ),
 ( #976, #1731 ),
 ( #6678, #877 ),
 ( #9900, #5110 ),
 ( #9200, #8390 ),
 ( #10012, #7484 ),
 ( #2532, #4132 ),
 ( #6779, #3389 ),
 ( #1831, #3489 ) ),
 .UNSPECIFIED., .F., .F., .F.,
 ( 4, 1, 1, 1, 1, 1, 1, 1, 4 ),
 ( 2, 2 ),
 ( 0.000000000000000000, 0.1205930384578621506, 0.2411393832574634799, 0.3617290870536214453, 0.4838562937925872665, 0.6083316884723446449, 0.7354918421289449171, 0.8655566908362638534, 1.000000000000000000 ),
 ( 0.000000000000000000, 1.000000000000000000 ),
 .UNSPECIFIED. ) ;
#1615 = AXIS2_PLACEMENT_3D ( 'NONE', #1797, #5074, #1985 ) ;
#1616 = EDGE_LOOP ( 'NONE', ( #6109, #7172, #7146, #6074 ) ) ;
#1617 = DIRECTION ( 'NONE',  ( -0.000000000000000000, -0.000000000000000000, 1.000000000000000000 ) ) ;
#1618 = VERTEX_POINT ( 'NONE', #4699 ) ;
#1619 = CARTESIAN_POINT ( 'NONE',  ( 5.229507169104357089, 0.6375778765869610787, -20.40000000000000213 ) ) ;
#1620 = EDGE_CURVE ( 'NONE', #7865, #8089, #1208, .T. ) ;
#1621 = CARTESIAN_POINT ( 'NONE',  ( -5.358951136704008356, -0.7157029552997903332, -20.40000000000000568 ) ) ;
#1622 = CARTESIAN_POINT ( 'NONE',  ( -5.844139538320139771, -0.3667512949503004549, -20.60000000000000142 ) ) ;
#1623 = CARTESIAN_POINT ( 'NONE',  ( -4.043797757092089995, 0.02188056858256886769, -20.60000000000000497 ) ) ;
#1624 = CYLINDRICAL_SURFACE ( 'NONE', #6036, 9.000000000000000000 ) ;
#1625 = TOROIDAL_SURFACE ( 'NONE', #2464, 0.4000000000000000222, 0.2000000000000000111 ) ;
#1626 = DIRECTION ( 'NONE',  ( 0.000000000000000000, 1.000000000000000000, 0.000000000000000000 ) ) ;
#1627 = EDGE_LOOP ( 'NONE', ( #6308, #1535, #10580, #3128 ) ) ;
#1628 = ORIENTED_EDGE ( 'NONE', *, *, #9196, .F. ) ;
#1629 = CARTESIAN_POINT ( 'NONE',  ( -0.02774862219254034881, -0.2562909530476126796, -20.60000000000000142 ) ) ;
#1630 = ADVANCED_FACE ( 'NONE', ( #8794, #4479 ), #524, .T. ) ;
#1631 =( NAMED_UNIT ( * ) SI_UNIT ( $, .STERADIAN. ) SOLID_ANGLE_UNIT ( ) );
#1632 = DIRECTION ( 'NONE',  ( -1.000000000000000000, 3.422125580184494708E-16, 0.000000000000000000 ) ) ;
#1633 = DIRECTION ( 'NONE',  ( -1.000000000000000000, 0.000000000000000000, 0.000000000000000000 ) ) ;
#1634 = ORIENTED_EDGE ( 'NONE', *, *, #8212, .F. ) ;
#1635 = CARTESIAN_POINT ( 'NONE',  ( -0.8250918810479914711, 0.2693058411712756506, -20.59999999999999432 ) ) ;
#1636 = ORIENTED_EDGE ( 'NONE', *, *, #5221, .F. ) ;
#1637 = CARTESIAN_POINT ( 'NONE',  ( -0.5956390072244778233, -0.6605082053940024567, -20.60000000000000142 ) ) ;
#1638 = VERTEX_POINT ( 'NONE', #5342 ) ;
#1639 = CARTESIAN_POINT ( 'NONE',  ( -8.269140320336473948, -4.813878188659970192, -2.200000000000000178 ) ) ;
#1640 = CARTESIAN_POINT ( 'NONE',  ( -4.336808689942017736E-16, 2.399999999999998579, -8.799999999999998934 ) ) ;
#1641 = CARTESIAN_POINT ( 'NONE',  ( 1.600000000000000089, 5.999999999999997335, 0.000000000000000000 ) ) ;
#1642 = DIRECTION ( 'NONE',  ( 0.000000000000000000, 1.000000000000000000, -0.000000000000000000 ) ) ;
#1643 =( NAMED_UNIT ( * ) PLANE_ANGLE_UNIT ( ) SI_UNIT ( $, .RADIAN. ) );
#1644 = ORIENTED_EDGE ( 'NONE', *, *, #1409, .T. ) ;
#1645 = CARTESIAN_POINT ( 'NONE',  ( -3.400000000000000355, 1.599999999999998535, -2.000000000000000000 ) ) ;
#1646 = ORIENTED_EDGE ( 'NONE', *, *, #1218, .T. ) ;
#1647 = EDGE_CURVE ( 'NONE', #7417, #2121, #10422, .T. ) ;
#1648 = CARTESIAN_POINT ( 'NONE',  ( 1.600000000000000089, -5.999999999999997335, -8.799999999999998934 ) ) ;
#1649 = AXIS2_PLACEMENT_3D ( 'NONE', #3393, #1684, #5865 ) ;
#1650 = CARTESIAN_POINT ( 'NONE',  ( -4.257349435969168816, -0.1166265932603347821, -20.60000000000000142 ) ) ;
#1651 = DIRECTION ( 'NONE',  ( -0.000000000000000000, 1.000000000000000000, -0.000000000000000000 ) ) ;
#1652 = CARTESIAN_POINT ( 'NONE',  ( -3.887353509338574487, 0.03713437162771186795, -20.40000000000000213 ) ) ;
#1653 =( NAMED_UNIT ( * ) PLANE_ANGLE_UNIT ( ) SI_UNIT ( $, .RADIAN. ) );
#1654 = CARTESIAN_POINT ( 'NONE',  ( 5.299133044316658214, 0.6243921008024786445, -20.39999999999999858 ) ) ;
#1655 = CARTESIAN_POINT ( 'NONE',  ( 3.199999999999999734, -5.213878188659972324, -2.200000000000000622 ) ) ;
#1656 =( GEOMETRIC_REPRESENTATION_CONTEXT ( 3 ) GLOBAL_UNCERTAINTY_ASSIGNED_CONTEXT ( ( #5667 ) ) GLOBAL_UNIT_ASSIGNED_CONTEXT ( ( #6505, #9848, #7276 ) ) REPRESENTATION_CONTEXT ( 'NONE', 'WORKASPACE' ) );
#1657 = CARTESIAN_POINT ( 'NONE',  ( 1.051593910274992050, 0.6218543391601795145, -20.60000000000000142 ) ) ;
#1658 = EDGE_LOOP ( 'NONE', ( #549, #9044, #10165, #5450 ) ) ;
#1659 = EDGE_CURVE ( 'NONE', #4670, #5882, #6147, .T. ) ;
#1660 = ADVANCED_FACE ( 'NONE', ( #2003, #10253 ), #9537, .T. ) ;
#1661 = LINE ( 'NONE', #9724, #1387 ) ;
#1662 = CARTESIAN_POINT ( 'NONE',  ( -0.3963258318865777174, 0.6287675877935189339, -20.60000000000000142 ) ) ;
#1663 = CARTESIAN_POINT ( 'NONE',  ( -8.069140320336472882, 4.813878188659971080, -8.799999999999998934 ) ) ;
#1664 = EDGE_LOOP ( 'NONE', ( #4141, #10240, #7742 ) ) ;
#1665 = CARTESIAN_POINT ( 'NONE',  ( 0.000000000000000000, -6.799999999999997158, -18.59999999999999787 ) ) ;
#1666 =( GEOMETRIC_REPRESENTATION_CONTEXT ( 3 ) GLOBAL_UNCERTAINTY_ASSIGNED_CONTEXT ( ( #2228 ) ) GLOBAL_UNIT_ASSIGNED_CONTEXT ( ( #4029, #28, #8179 ) ) REPRESENTATION_CONTEXT ( 'NONE', 'WORKASPACE' ) );
#1667 =( NAMED_UNIT ( * ) PLANE_ANGLE_UNIT ( ) SI_UNIT ( $, .RADIAN. ) );
#1668 = DIRECTION ( 'NONE',  ( 1.000000000000000000, 0.000000000000000000, -0.000000000000000000 ) ) ;
#1669 = DIRECTION ( 'NONE',  ( 0.3402235128900362726, 0.9403445970902173379, 0.000000000000000000 ) ) ;
#1670 =( NAMED_UNIT ( * ) PLANE_ANGLE_UNIT ( ) SI_UNIT ( $, .RADIAN. ) );
#1671 = CYLINDRICAL_SURFACE ( 'NONE', #988, 0.2000000000000000944 ) ;
#1672 = ORIENTED_EDGE ( 'NONE', *, *, #6766, .F. ) ;
#1673 = VECTOR ( 'NONE', #1048, 1000.000000000000000 ) ;
#1674 = VECTOR ( 'NONE', #9707, 1000.000000000000000 ) ;
#1675 = EDGE_CURVE ( 'NONE', #8946, #2150, #10309, .T. ) ;
#1676 = VECTOR ( 'NONE', #5847, 1000.000000000000000 ) ;
#1677 = SURFACE_STYLE_FILL_AREA ( #9155 ) ;
#1678 = ORIENTED_EDGE ( 'NONE', *, *, #9520, .F. ) ;
#1679 = DIRECTION ( 'NONE',  ( 1.000000000000000000, -1.084202172485504804E-16, 0.000000000000000000 ) ) ;
#1680 =( NAMED_UNIT ( * ) PLANE_ANGLE_UNIT ( ) SI_UNIT ( $, .RADIAN. ) );
#1681 = DIRECTION ( 'NONE',  ( -1.000000000000000000, 0.000000000000000000, 0.000000000000000000 ) ) ;
#1682 = PRESENTATION_LAYER_ASSIGNMENT (  '', '', ( #4066 ) ) ;
#1683 = AXIS2_PLACEMENT_3D ( 'NONE', #8012, #3928, #5587 ) ;
#1684 = DIRECTION ( 'NONE',  ( 0.000000000000000000, 0.000000000000000000, -1.000000000000000000 ) ) ;
#1685 = DIRECTION ( 'NONE',  ( 6.776263578034403945E-17, 1.000000000000000000, 0.000000000000000000 ) ) ;
#1686 = EDGE_CURVE ( 'NONE', #1458, #7728, #6194, .T. ) ;
#1687 = ORIENTED_EDGE ( 'NONE', *, *, #9855, .T. ) ;
#1688 = CARTESIAN_POINT ( 'NONE',  ( -5.574244743104809885, 0.6413348586406989460, -20.60000000000000497 ) ) ;
#1689 = FILL_AREA_STYLE_COLOUR ( '', #9249 ) ;
#1690 = ORIENTED_EDGE ( 'NONE', *, *, #7774, .T. ) ;
#1691 = CARTESIAN_POINT ( 'NONE',  ( -5.467745923810293007, -0.7218055195118801004, -20.59999999999999432 ) ) ;
#1692 = LINE ( 'NONE', #3143, #8715 ) ;
#1693 = ORIENTED_EDGE ( 'NONE', *, *, #1116, .T. ) ;
#1694 = CARTESIAN_POINT ( 'NONE',  ( 1.148338677074147496, 0.07069349544887806869, -20.40000000000000213 ) ) ;
#1695 = UNCERTAINTY_MEASURE_WITH_UNIT (LENGTH_MEASURE( 1.000000000000000082E-05 ), #9410, 'distance_accuracy_value', 'NONE');
#1696 = DIRECTION ( 'NONE',  ( 1.000000000000000000, 0.000000000000000000, 0.000000000000000000 ) ) ;
#1697 = FACE_OUTER_BOUND ( 'NONE', #7507, .T. ) ;
#1698 = ORIENTED_EDGE ( 'NONE', *, *, #9545, .F. ) ;
#1699 = ORIENTED_EDGE ( 'NONE', *, *, #1521, .F. ) ;
#1700 = DIRECTION ( 'NONE',  ( 0.000000000000000000, 0.000000000000000000, -1.000000000000000000 ) ) ;
#1701 = CARTESIAN_POINT ( 'NONE',  ( 1.647369568930549616E-15, 4.813878188659973745, -20.40000000000000213 ) ) ;
#1702 = CARTESIAN_POINT ( 'NONE',  ( -4.339058054793120789, -0.3573461478528076607, -20.60000000000000497 ) ) ;
#1703 = ORIENTED_EDGE ( 'NONE', *, *, #1803, .T. ) ;
#1704 = DIRECTION ( 'NONE',  ( -0.000000000000000000, -1.000000000000000000, -0.000000000000000000 ) ) ;
#1705 = CARTESIAN_POINT ( 'NONE',  ( 1.081788705238269088, 0.2988887745583485023, -20.40000000000000213 ) ) ;
#1706 = LINE ( 'NONE', #3211, #7767 ) ;
#1707 = DIRECTION ( 'NONE',  ( -1.000000000000000000, 0.000000000000000000, 0.000000000000000000 ) ) ;
#1708 = FACE_OUTER_BOUND ( 'NONE', #6874, .T. ) ;
#1709 = STYLED_ITEM ( 'NONE', ( #1099 ), #6777 ) ;
#1710 = EDGE_LOOP ( 'NONE', ( #6685, #10657, #8531 ) ) ;
#1711 = FILL_AREA_STYLE ('',( #3323 ) ) ;
#1712 = CARTESIAN_POINT ( 'NONE',  ( -4.237916715180696237, -0.06092787787667027638, -20.60000000000000497 ) ) ;
#1713 = CARTESIAN_POINT ( 'NONE',  ( -0.1861425914324525421, 0.2819350179215769359, -20.39999999999999858 ) ) ;
#1714 = ORIENTED_EDGE ( 'NONE', *, *, #2324, .F. ) ;
#1715 = CARTESIAN_POINT ( 'NONE',  ( -3.000000000000000000, 8.813878188659971968, -2.200000000000000622 ) ) ;
#1716 = PRESENTATION_LAYER_ASSIGNMENT (  '', '', ( #5305 ) ) ;
#1717 = CARTESIAN_POINT ( 'NONE',  ( -5.126439561567349479, -0.5410812290118284240, -20.39999999999999858 ) ) ;
#1718 = CARTESIAN_POINT ( 'NONE',  ( -5.800635470022655227, -0.4756846635750474617, -20.59999999999999787 ) ) ;
#1719 = CARTESIAN_POINT ( 'NONE',  ( 5.503814291024903937, -0.6576316023481861839, -20.60000000000001208 ) ) ;
#1720 = LINE ( 'NONE', #9149, #9152 ) ;
#1721 = EDGE_CURVE ( 'NONE', #1100, #9714, #6764, .T. ) ;
#1722 = DIRECTION ( 'NONE',  ( -1.000000000000000000, 0.000000000000000000, 0.000000000000000000 ) ) ;
#1723 = CARTESIAN_POINT ( 'NONE',  ( 5.807493535761044434, -0.08275624155219746259, -20.40000000000000568 ) ) ;
#1724 = DIRECTION ( 'NONE',  ( 0.000000000000000000, -1.000000000000000000, 0.000000000000000000 ) ) ;
#1725 = CARTESIAN_POINT ( 'NONE',  ( -5.835572563111566247, -0.3954357944268944713, -20.40000000000000213 ) ) ;
#1726 = EDGE_LOOP ( 'NONE', ( #1815, #2846, #9550, #6776 ) ) ;
#1727 = AXIS2_PLACEMENT_3D ( 'NONE', #17, #8223, #8325 ) ;
#1728 = CARTESIAN_POINT ( 'NONE',  ( 0.9855427739113558072, -0.01582829070995042664, -20.40000000000000213 ) ) ;
#1729 = VERTEX_POINT ( 'NONE', #8961 ) ;
#1730 = CARTESIAN_POINT ( 'NONE',  ( -5.129013776543369652, -0.8075195407979798290, -20.60000000000000142 ) ) ;
#1731 = CARTESIAN_POINT ( 'NONE',  ( 4.999858656002059476, -0.5792644667924343738, -20.60000000000000497 ) ) ;
#1732 = DIRECTION ( 'NONE',  ( 1.000000000000000000, 0.000000000000000000, 0.000000000000000000 ) ) ;
#1733 = EDGE_CURVE ( 'NONE', #7335, #6935, #1692, .T. ) ;
#1734 = PRESENTATION_LAYER_ASSIGNMENT (  '', '', ( #7905 ) ) ;
#1735 = EDGE_CURVE ( 'NONE', #9283, #6624, #692, .T. ) ;
#1736 = CARTESIAN_POINT ( 'NONE',  ( -5.997367686402063747, -0.3930413005237483048, -20.39999999999999858 ) ) ;
#1737 = DIRECTION ( 'NONE',  ( 0.000000000000000000, -1.000000000000000000, -0.000000000000000000 ) ) ;
#1738 = ORIENTED_EDGE ( 'NONE', *, *, #6446, .F. ) ;
#1739 =( GEOMETRIC_REPRESENTATION_CONTEXT ( 3 ) GLOBAL_UNCERTAINTY_ASSIGNED_CONTEXT ( ( #8249 ) ) GLOBAL_UNIT_ASSIGNED_CONTEXT ( ( #9430, #2052, #8572 ) ) REPRESENTATION_CONTEXT ( 'NONE', 'WORKASPACE' ) );
#1740 = VERTEX_POINT ( 'NONE', #5664 ) ;
#1741 = CARTESIAN_POINT ( 'NONE',  ( -5.072905876082416832, 0.3427806668329122508, -20.39999999999999858 ) ) ;
#1742 = DIRECTION ( 'NONE',  ( -1.000000000000000000, 1.355252715606880789E-16, -0.000000000000000000 ) ) ;
#1743 =( LENGTH_UNIT ( ) NAMED_UNIT ( * ) SI_UNIT ( .MILLI., .METRE. ) );
#1744 = ADVANCED_FACE ( 'NONE', ( #9702 ), #10481, .F. ) ;
#1745 = CARTESIAN_POINT ( 'NONE',  ( 0.000000000000000000, -9.213878188659972324, -2.000000000000000000 ) ) ;
#1746 = SPHERICAL_SURFACE ( 'NONE', #2638, 0.2000000000000000111 ) ;
#1747 = DIRECTION ( 'NONE',  ( 1.000000000000000000, 0.000000000000000000, 0.000000000000000000 ) ) ;
#1748 = DIRECTION ( 'NONE',  ( 0.000000000000000000, -0.000000000000000000, 1.000000000000000000 ) ) ;
#1749 = CARTESIAN_POINT ( 'NONE',  ( 0.7841750940340092013, -0.1166265932603349348, -20.60000000000000142 ) ) ;
#1750 = VERTEX_POINT ( 'NONE', #8857 ) ;
#1751 = FACE_OUTER_BOUND ( 'NONE', #3363, .T. ) ;
#1752 = CARTESIAN_POINT ( 'NONE',  ( -0.8790680928106461289, 0.09414066708032572950, -20.40000000000001279 ) ) ;
#1753 = B_SPLINE_CURVE_WITH_KNOTS ( 'NONE', 3,
 ( #6588, #10032, #2649, #9217, #9875, #1853, #9926 ),
 .UNSPECIFIED., .F., .F.,
 ( 4, 1, 1, 1, 4 ),
 ( 0.000000000000000000, 0.2791363699042692659, 0.5391301766373391979, 0.7791563003888082317, 0.9999999999999998890 ),
 .UNSPECIFIED. ) ;
#1754 = ORIENTED_EDGE ( 'NONE', *, *, #3320, .F. ) ;
#1755 = DIRECTION ( 'NONE',  ( 0.000000000000000000, 1.000000000000000000, 0.000000000000000000 ) ) ;
#1756 = DIRECTION ( 'NONE',  ( 0.000000000000000000, 0.000000000000000000, -1.000000000000000000 ) ) ;
#1757 = CYLINDRICAL_SURFACE ( 'NONE', #6751, 0.2000000000000000944 ) ;
#1758 = B_SPLINE_SURFACE_WITH_KNOTS ( 'NONE', 3, 1, ( 
 ( #115, #8066 ),
 ( #8271, #5743 ),
 ( #9035, #4178 ),
 ( #4935, #8170 ),
 ( #3218, #7269 ),
 ( #9779, #2411 ),
 ( #4881, #2512 ),
 ( #7363, #1508 ),
 ( #3372, #810 ),
 ( #4064, #9726 ),
 ( #8221, #7416 ) ),
 .UNSPECIFIED., .F., .F., .F.,
 ( 4, 1, 1, 1, 1, 1, 1, 1, 4 ),
 ( 2, 2 ),
 ( 0.000000000000000000, 0.1130382405186284578, 0.2268404180405754755, 0.3435134447753773190, 0.4632912482352091743, 0.5883233236855425208, 0.7189887064317974641, 0.8559391458492382476, 1.000000000000000000 ),
 ( 0.000000000000000000, 1.000000000000000000 ),
 .UNSPECIFIED. ) ;
#1759 = CARTESIAN_POINT ( 'NONE',  ( -1.599999999999999867, 5.999999999999997335, -2.000000000000000000 ) ) ;
#1760 = CARTESIAN_POINT ( 'NONE',  ( 5.595827031504922999, 0.4292348702572857944, -20.40000000000000924 ) ) ;
#1761 = CARTESIAN_POINT ( 'NONE',  ( 5.601933406486576672, -0.8075195407979794959, -20.39999999999999503 ) ) ;
#1762 = CIRCLE ( 'NONE', #1926, 0.9500000000000002887 ) ;
#1763 = ORIENTED_EDGE ( 'NONE', *, *, #5236, .F. ) ;
#1764 = MECHANICAL_DESIGN_GEOMETRIC_PRESENTATION_REPRESENTATION (  '', ( #3972 ), #9835 ) ;
#1765 = CARTESIAN_POINT ( 'NONE',  ( 5.487739339529797533, 0.5335092441243761696, -20.60000000000000142 ) ) ;
#1766 = EDGE_LOOP ( 'NONE', ( #10519, #6462, #4904, #294 ) ) ;
#1767 = AXIS2_PLACEMENT_3D ( 'NONE', #6317, #4597, #9600 ) ;
#1768 = CARTESIAN_POINT ( 'NONE',  ( 7.400000000000000355, 0.7999999999999987121, -20.60000000000000142 ) ) ;
#1769 = DIRECTION ( 'NONE',  ( -0.1684197129968813822, 0.9857153748796089188, 0.000000000000000000 ) ) ;
#1770 = CARTESIAN_POINT ( 'NONE',  ( -5.756836136993540798, -0.5471836062522981159, -20.60000000000000497 ) ) ;
#1771 = CARTESIAN_POINT ( 'NONE',  ( 5.407447298447481288, -0.7064996948634455487, -20.60000000000000497 ) ) ;
#1772 = DIRECTION ( 'NONE',  ( 0.000000000000000000, 0.000000000000000000, -1.000000000000000000 ) ) ;
#1773 = AXIS2_PLACEMENT_3D ( 'NONE', #5666, #3302, #8301 ) ;
#1774 = CARTESIAN_POINT ( 'NONE',  ( -2.999999999999999556, 5.213878188659972324, -20.40000000000000213 ) ) ;
#1775 = CARTESIAN_POINT ( 'NONE',  ( -5.558856259683329526, -0.8801249901000536280, -20.39999999999999503 ) ) ;
#1776 = VERTEX_POINT ( 'NONE', #43 ) ;
#1777 = ADVANCED_FACE ( 'NONE', ( #2334 ), #4325, .T. ) ;
#1778 = SURFACE_SIDE_STYLE ('',( #1677 ) ) ;
#1779 = COLOUR_RGB ( '',1.000000000000000000, 1.000000000000000000, 1.000000000000000000 ) ;
#1780 = ORIENTED_EDGE ( 'NONE', *, *, #6722, .T. ) ;
#1781 = CYLINDRICAL_SURFACE ( 'NONE', #2256, 0.2000000000000000944 ) ;
#1782 = CARTESIAN_POINT ( 'NONE',  ( 5.048197674459546036, -0.6273834663167744408, -20.39999999999999858 ) ) ;
#1783 = CARTESIAN_POINT ( 'NONE',  ( -5.302627576442109358, 0.5724995180032266262, -20.40000000000000568 ) ) ;
#1784 = CARTESIAN_POINT ( 'NONE',  ( -2.400000000000000355, 0.7999999999999984901, -18.59999999999999787 ) ) ;
#1785 = LINE ( 'NONE', #5655, #456 ) ;
#1786 = AXIS2_PLACEMENT_3D ( 'NONE', #9884, #9031, #7467 ) ;
#1787 = CARTESIAN_POINT ( 'NONE',  ( 4.703473685220139977, 0.2782162287069387951, -20.60000000000000853 ) ) ;
#1788 = VECTOR ( 'NONE', #9172, 1000.000000000000000 ) ;
#1789 = ORIENTED_EDGE ( 'NONE', *, *, #9084, .F. ) ;
#1790 = EDGE_CURVE ( 'NONE', #3384, #1776, #10643, .T. ) ;
#1791 = EDGE_CURVE ( 'NONE', #4638, #8764, #6123, .T. ) ;
#1792 = CARTESIAN_POINT ( 'NONE',  ( -0.6256762815556007329, 0.4486372251317649607, -20.40000000000001279 ) ) ;
#1793 = ORIENTED_EDGE ( 'NONE', *, *, #4392, .F. ) ;
#1794 = CARTESIAN_POINT ( 'NONE',  ( -4.955868910029174401, 0.08053288735248977093, -20.60000000000000142 ) ) ;
#1795 = CARTESIAN_POINT ( 'NONE',  ( 1.600000000000000089, -7.599999999999996980, -2.000000000000000000 ) ) ;
#1796 = STYLED_ITEM ( 'NONE', ( #4046 ), #10647 ) ;
#1797 = CARTESIAN_POINT ( 'NONE',  ( 5.000000000000000000, 2.399999999999998579, -8.799999999999998934 ) ) ;
#1798 = UNCERTAINTY_MEASURE_WITH_UNIT (LENGTH_MEASURE( 1.000000000000000082E-05 ), #3295, 'distance_accuracy_value', 'NONE');
#1799 = LINE ( 'NONE', #2647, #10097 ) ;
#1800 = CARTESIAN_POINT ( 'NONE',  ( 5.153962991873187960, 0.4660101833160235074, -20.40000000000000213 ) ) ;
#1801 =( LENGTH_UNIT ( ) NAMED_UNIT ( * ) SI_UNIT ( .MILLI., .METRE. ) );
#1802 = ORIENTED_EDGE ( 'NONE', *, *, #6025, .T. ) ;
#1803 = EDGE_CURVE ( 'NONE', #5674, #4598, #3656, .T. ) ;
#1804 = CARTESIAN_POINT ( 'NONE',  ( 4.882453251613447343, -0.3521716348657945583, -20.60000000000000142 ) ) ;
#1805 = ORIENTED_EDGE ( 'NONE', *, *, #6050, .F. ) ;
#1806 = DIRECTION ( 'NONE',  ( 0.000000000000000000, -0.000000000000000000, 1.000000000000000000 ) ) ;
#1807 = ORIENTED_EDGE ( 'NONE', *, *, #4159, .F. ) ;
#1808 = DIRECTION ( 'NONE',  ( 0.000000000000000000, -0.000000000000000000, -1.000000000000000000 ) ) ;
#1809 = CARTESIAN_POINT ( 'NONE',  ( 1.053487259029771472, 0.2005298033677747616, -20.40000000000000568 ) ) ;
#1810 = DIRECTION ( 'NONE',  ( -1.000000000000000000, 0.000000000000000000, 0.000000000000000000 ) ) ;
#1811 = CARTESIAN_POINT ( 'NONE',  ( 5.193378362010697025, 0.6404690672067865354, -20.40000000000000568 ) ) ;
#1812 = CARTESIAN_POINT ( 'NONE',  ( -0.6988398471418756364, -0.7943172663267167311, -20.60000000000000142 ) ) ;
#1813 =( NAMED_UNIT ( * ) PLANE_ANGLE_UNIT ( ) SI_UNIT ( $, .RADIAN. ) );
#1814 = PLANE ( 'NONE',  #2636 ) ;
#1815 = ORIENTED_EDGE ( 'NONE', *, *, #9112, .T. ) ;
#1816 =( GEOMETRIC_REPRESENTATION_CONTEXT ( 3 ) GLOBAL_UNCERTAINTY_ASSIGNED_CONTEXT ( ( #7298 ) ) GLOBAL_UNIT_ASSIGNED_CONTEXT ( ( #6070, #3605, #2792 ) ) REPRESENTATION_CONTEXT ( 'NONE', 'WORKASPACE' ) );
#1817 = ADVANCED_FACE ( 'NONE', ( #1933 ), #10230, .T. ) ;
#1818 = DIRECTION ( 'NONE',  ( -0.000000000000000000, -0.000000000000000000, -1.000000000000000000 ) ) ;
#1819 = CARTESIAN_POINT ( 'NONE',  ( 5.264756356219967515, 0.6319399841552814090, -20.60000000000000142 ) ) ;
#1820 = VERTEX_POINT ( 'NONE', #3870 ) ;
#1821 = FACE_OUTER_BOUND ( 'NONE', #9676, .T. ) ;
#1822 = SURFACE_STYLE_FILL_AREA ( #9193 ) ;
#1823 = B_SPLINE_SURFACE_WITH_KNOTS ( 'NONE', 3, 1, ( 
 ( #2137, #7210 ),
 ( #3863, #10504 ),
 ( #9455, #5419 ),
 ( #8710, #3319 ),
 ( #7359, #9941 ),
 ( #4983, #8935 ),
 ( #8164, #4014 ),
 ( #7313, #8060 ),
 ( #2407, #2507 ),
 ( #11, #2460 ),
 ( #7412, #9086 ) ),
 .UNSPECIFIED., .F., .F., .F.,
 ( 4, 1, 1, 1, 1, 1, 1, 1, 4 ),
 ( 2, 2 ),
 ( 0.000000000000000000, 0.1296557814912655815, 0.2555985868018951224, 0.3796600106850502865, 0.5029810975798847394, 0.6250355794434985235, 0.7478154355860373581, 0.8723066895331665904, 1.000000000000000000 ),
 ( 0.000000000000000000, 1.000000000000000000 ),
 .UNSPECIFIED. ) ;
#1824 = PRESENTATION_LAYER_ASSIGNMENT (  '', '', ( #6451 ) ) ;
#1825 = ORIENTED_EDGE ( 'NONE', *, *, #2908, .T. ) ;
#1826 = CARTESIAN_POINT ( 'NONE',  ( -1.500000000000000000, 9.213878188659972324, -9.000000000000000000 ) ) ;
#1827 = AXIS2_PLACEMENT_3D ( 'NONE', #4060, #7357, #8931 ) ;
#1828 = AXIS2_PLACEMENT_3D ( 'NONE', #4931, #3215, #7468 ) ;
#1829 = ORIENTED_EDGE ( 'NONE', *, *, #7176, .F. ) ;
#1830 = SURFACE_STYLE_FILL_AREA ( #2630 ) ;
#1831 = CARTESIAN_POINT ( 'NONE',  ( 4.882453251613447343, -0.3521716348657945583, -20.39999999999999858 ) ) ;
#1832 = PLANE ( 'NONE',  #1147 ) ;
#1833 = LINE ( 'NONE', #4303, #6563 ) ;
#1834 = DIRECTION ( 'NONE',  ( -1.000000000000000000, 0.000000000000000000, 0.000000000000000000 ) ) ;
#1835 = ADVANCED_FACE ( 'NONE', ( #8071 ), #4673, .F. ) ;
#1836 = VECTOR ( 'NONE', #637, 1000.000000000000000 ) ;
#1837 = CARTESIAN_POINT ( 'NONE',  ( -5.646962548036243312, -0.6568877140137276971, -20.40000000000000213 ) ) ;
#1838 =( GEOMETRIC_REPRESENTATION_CONTEXT ( 3 ) GLOBAL_UNCERTAINTY_ASSIGNED_CONTEXT ( ( #4910 ) ) GLOBAL_UNIT_ASSIGNED_CONTEXT ( ( #9836, #4021, #916 ) ) REPRESENTATION_CONTEXT ( 'NONE', 'WORKASPACE' ) );
#1839 = DIRECTION ( 'NONE',  ( -1.000000000000000000, 0.000000000000000000, 0.000000000000000000 ) ) ;
#1840 = CARTESIAN_POINT ( 'NONE',  ( -0.5175010572574754164, 0.4660101833160236184, -20.40000000000000213 ) ) ;
#1841 = ORIENTED_EDGE ( 'NONE', *, *, #6580, .F. ) ;
#1842 = DIRECTION ( 'NONE',  ( 0.000000000000000000, -4.336808689942043768E-15, -1.000000000000000000 ) ) ;
#1843 = STYLED_ITEM ( 'NONE', ( #8692 ), #2153 ) ;
#1844 = VECTOR ( 'NONE', #1544, 1000.000000000000000 ) ;
#1845 = STYLED_ITEM ( 'NONE', ( #8762 ), #5019 ) ;
#1846 = ADVANCED_FACE ( 'NONE', ( #5529 ), #5642, .F. ) ;
#1847 = DIRECTION ( 'NONE',  ( 1.000000000000000000, 0.000000000000000000, 0.000000000000000000 ) ) ;
#1848 = CARTESIAN_POINT ( 'NONE',  ( -4.627917632715198515, 0.6218543391601795145, -20.60000000000000142 ) ) ;
#1849 = CARTESIAN_POINT ( 'NONE',  ( 5.583633838870388111, 0.1376018571404509228, -20.40000000000000568 ) ) ;
#1850 = CARTESIAN_POINT ( 'NONE',  ( -1.500000000000000000, -9.213878188659972324, -2.000000000000000000 ) ) ;
#1851 = VECTOR ( 'NONE', #5200, 1000.000000000000000 ) ;
#1852 = SURFACE_STYLE_FILL_AREA ( #5929 ) ;
#1853 = CARTESIAN_POINT ( 'NONE',  ( 1.098003943187790599, 0.3622782971212067937, -20.60000000000000142 ) ) ;
#1854 = VERTEX_POINT ( 'NONE', #6442 ) ;
#1855 = CARTESIAN_POINT ( 'NONE',  ( -5.861906702433651084, 0.2598732465356545229, -20.40000000000000213 ) ) ;
#1856 = ORIENTED_EDGE ( 'NONE', *, *, #4854, .F. ) ;
#1857 = CARTESIAN_POINT ( 'NONE',  ( 0.6960736298726594162, -0.3779124870668758018, -20.40000000000000568 ) ) ;
#1858 = CIRCLE ( 'NONE', #7361, 0.9500000000000002887 ) ;
#1859 = ORIENTED_EDGE ( 'NONE', *, *, #1129, .F. ) ;
#1860 = CARTESIAN_POINT ( 'NONE',  ( 1.051593910274992050, 0.6218543391601795145, -20.40000000000000213 ) ) ;
#1861 = CARTESIAN_POINT ( 'NONE',  ( 4.881286571056183021, 0.2903465198267523584, -20.59999999999999787 ) ) ;
#1862 = ADVANCED_FACE ( 'NONE', ( #3122 ), #3983, .T. ) ;
#1863 = CARTESIAN_POINT ( 'NONE',  ( -2.399999999999999911, 8.399999999999998579, -20.60000000000000142 ) ) ;
#1864 = ADVANCED_FACE ( 'NONE', ( #8941 ), #9147, .T. ) ;
#1865 = SPHERICAL_SURFACE ( 'NONE', #482, 0.2000000000000000111 ) ;
#1866 = CARTESIAN_POINT ( 'NONE',  ( 5.660929951436042273, -0.3152398873612114460, -20.40000000000001279 ) ) ;
#1867 =( NAMED_UNIT ( * ) PLANE_ANGLE_UNIT ( ) SI_UNIT ( $, .RADIAN. ) );
#1868 = SURFACE_STYLE_USAGE ( .BOTH. , #9235 ) ;
#1869 = CARTESIAN_POINT ( 'NONE',  ( -0.3897243583847868065, 0.4433147812488007489, -20.40000000000000568 ) ) ;
#1870 = VERTEX_POINT ( 'NONE', #20 ) ;
#1871 = CIRCLE ( 'NONE', #7201, 0.1999999999999996503 ) ;
#1872 =( NAMED_UNIT ( * ) PLANE_ANGLE_UNIT ( ) SI_UNIT ( $, .RADIAN. ) );
#1873 = CARTESIAN_POINT ( 'NONE',  ( 0.6224137154697974017, -0.6510758556450154666, -20.40000000000000213 ) ) ;
#1874 = ORIENTED_EDGE ( 'NONE', *, *, #8426, .T. ) ;
#1875 = CARTESIAN_POINT ( 'NONE',  ( -0.8848914793353974684, -0.01004501148917113541, -20.60000000000000142 ) ) ;
#1876 = LINE ( 'NONE', #5152, #2697 ) ;
#1877 = CARTESIAN_POINT ( 'NONE',  ( -3.935750424922991098, 0.3926538521471923393, -20.60000000000000497 ) ) ;
#1878 = VECTOR ( 'NONE', #9075, 1000.000000000000000 ) ;
#1879 = EDGE_CURVE ( 'NONE', #3992, #998, #2470, .T. ) ;
#1880 = ORIENTED_EDGE ( 'NONE', *, *, #6788, .T. ) ;
#1881 = FACE_OUTER_BOUND ( 'NONE', #5503, .T. ) ;
#1882 = COLOUR_RGB ( '',0.007843137254901960675, 0.2392156862745097867, 0.8235294117647058432 ) ;
#1883 = ORIENTED_EDGE ( 'NONE', *, *, #1103, .F. ) ;
#1884 = CARTESIAN_POINT ( 'NONE',  ( -4.966736973246100639, -0.5930504990623137740, -20.40000000000000213 ) ) ;
#1885 = CARTESIAN_POINT ( 'NONE',  ( -3.988037270973405768, 0.2005298033677748171, -20.40000000000000213 ) ) ;
#1886 = DIRECTION ( 'NONE',  ( -1.000000000000000000, 0.000000000000000000, 0.000000000000000000 ) ) ;
#1887 = DIRECTION ( 'NONE',  ( -0.000000000000000000, 1.000000000000000000, -0.000000000000000000 ) ) ;
#1888 = ORIENTED_EDGE ( 'NONE', *, *, #5093, .T. ) ;
#1889 = LINE ( 'NONE', #5115, #7498 ) ;
#1890 = VECTOR ( 'NONE', #6852, 1000.000000000000000 ) ;
#1891 = CARTESIAN_POINT ( 'NONE',  ( -5.874077073028373341, -0.6494766575937690467, -20.60000000000000497 ) ) ;
#1892 = CARTESIAN_POINT ( 'NONE',  ( 4.980748474267411297, 0.6113100570507273845, -20.60000000000000497 ) ) ;
#1893 = ORIENTED_EDGE ( 'NONE', *, *, #5812, .F. ) ;
#1894 =( BOUNDED_CURVE ( )  B_SPLINE_CURVE ( 3, ( #3882, #8782, #7173, #6235 ),
 .UNSPECIFIED., .F., .F. ) 
 B_SPLINE_CURVE_WITH_KNOTS ( ( 4, 4 ),
 ( 3.141592653589793116, 4.712388980384689674 ),
 .UNSPECIFIED. ) 
 CURVE ( )  GEOMETRIC_REPRESENTATION_ITEM ( )  RATIONAL_B_SPLINE_CURVE ( ( 1.000000000000000000, 0.8047378541243649375, 0.8047378541243649375, 1.000000000000000000 ) ) 
 REPRESENTATION_ITEM ( '' )  );
#1895 = DIRECTION ( 'NONE',  ( 1.000000000000000000, 0.000000000000000000, 0.000000000000000000 ) ) ;
#1896 = VECTOR ( 'NONE', #7265, 1000.000000000000227 ) ;
#1897 = UNCERTAINTY_MEASURE_WITH_UNIT (LENGTH_MEASURE( 1.000000000000000082E-05 ), #7163, 'distance_accuracy_value', 'NONE');
#1898 = DIRECTION ( 'NONE',  ( 0.000000000000000000, 0.000000000000000000, -1.000000000000000000 ) ) ;
#1899 = CARTESIAN_POINT ( 'NONE',  ( 5.486368153526858471, 0.3003652051878971108, -20.40000000000000213 ) ) ;
#1900 = DIRECTION ( 'NONE',  ( -0.000000000000000000, -0.000000000000000000, 1.000000000000000000 ) ) ;
#1901 = CARTESIAN_POINT ( 'NONE',  ( 0.7164372882113215768, -0.3134729148494545536, -20.60000000000000497 ) ) ;
#1902 = ORIENTED_EDGE ( 'NONE', *, *, #6786, .T. ) ;
#1903 =( NAMED_UNIT ( * ) SI_UNIT ( $, .STERADIAN. ) SOLID_ANGLE_UNIT ( ) );
#1904 = EDGE_LOOP ( 'NONE', ( #2029, #2252, #2386, #706 ) ) ;
#1905 = EDGE_CURVE ( 'NONE', #3167, #8771, #8905, .T. ) ;
#1906 = VERTEX_POINT ( 'NONE', #2519 ) ;
#1907 = CARTESIAN_POINT ( 'NONE',  ( 5.661301304949469149, -0.2366927504085228617, -20.60000000000000497 ) ) ;
#1908 = DIRECTION ( 'NONE',  ( -1.000000000000000000, -6.776263578034403945E-17, 0.000000000000000000 ) ) ;
#1909 = CARTESIAN_POINT ( 'NONE',  ( -0.5855216977777770726, -0.8574371100678065405, -20.60000000000000142 ) ) ;
#1910 = CARTESIAN_POINT ( 'NONE',  ( 5.739594710451982884, -0.6456856532442476482, -20.40000000000000213 ) ) ;
#1911 = CARTESIAN_POINT ( 'NONE',  ( 5.092560083509247271, 0.4616429746300297898, -20.40000000000000213 ) ) ;
#1912 = ORIENTED_EDGE ( 'NONE', *, *, #1408, .T. ) ;
#1913 = VERTEX_POINT ( 'NONE', #3278 ) ;
#1914 = CARTESIAN_POINT ( 'NONE',  ( -6.043299126221691964, 0.1738023911082313411, -20.60000000000000142 ) ) ;
#1915 = EDGE_CURVE ( 'NONE', #6753, #2480, #174, .T. ) ;
#1916 = EDGE_CURVE ( 'NONE', #7404, #5825, #5874, .T. ) ;
#1917 = ORIENTED_EDGE ( 'NONE', *, *, #1309, .F. ) ;
#1918 = CARTESIAN_POINT ( 'NONE',  ( -0.8035127727500437356, 0.3059506212002296999, -20.60000000000000497 ) ) ;
#1919 =( NAMED_UNIT ( * ) SI_UNIT ( $, .STERADIAN. ) SOLID_ANGLE_UNIT ( ) );
#1920 = CARTESIAN_POINT ( 'NONE',  ( 5.216718646359365330, -0.8900366848736641634, -20.40000000000000924 ) ) ;
#1921 = CARTESIAN_POINT ( 'NONE',  ( 5.817518186678381831, -0.2590304010995608253, -20.40000000000000213 ) ) ;
#1922 = PLANE ( 'NONE',  #2692 ) ;
#1923 = AXIS2_PLACEMENT_3D ( 'NONE', #8276, #226, #5806 ) ;
#1924 = VERTEX_POINT ( 'NONE', #4886 ) ;
#1925 = CARTESIAN_POINT ( 'NONE',  ( -2.400000000000000355, -8.399999999999998579, -18.59999999999999787 ) ) ;
#1926 = AXIS2_PLACEMENT_3D ( 'NONE', #954, #9184, #8213 ) ;
#1927 = CARTESIAN_POINT ( 'NONE',  ( 2.799999999999998934, 3.035766082959411429E-16, -20.40000000000000213 ) ) ;
#1928 = EDGE_CURVE ( 'NONE', #3446, #6835, #4121, .T. ) ;
#1929 = VERTEX_POINT ( 'NONE', #3426 ) ;
#1930 = CARTESIAN_POINT ( 'NONE',  ( -4.991352472577962551, -0.6456856532442476482, -20.59999999999999432 ) ) ;
#1931 = CARTESIAN_POINT ( 'NONE',  ( 5.262040696736883127, -0.8963454170541660382, -20.60000000000000497 ) ) ;
#1932 = PRESENTATION_LAYER_ASSIGNMENT (  '', '', ( #2624 ) ) ;
#1933 = FACE_OUTER_BOUND ( 'NONE', #4016, .T. ) ;
#1934 = CIRCLE ( 'NONE', #4162, 9.599999999999994316 ) ;
#1935 = CARTESIAN_POINT ( 'NONE',  ( -5.086927372974939132, 0.3643462222770624259, -20.40000000000000213 ) ) ;
#1936 = DIRECTION ( 'NONE',  ( 0.000000000000000000, 0.000000000000000000, -1.000000000000000000 ) ) ;
#1937 = FILL_AREA_STYLE_COLOUR ( '', #8508 ) ;
#1938 = SURFACE_SIDE_STYLE ('',( #6021 ) ) ;
#1939 = B_SPLINE_SURFACE_WITH_KNOTS ( 'NONE', 3, 1, ( 
 ( #1800, #5076 ),
 ( #8357, #48 ),
 ( #7300, #4862 ),
 ( #10600, #792 ),
 ( #10655, #6026 ),
 ( #6791, #2694 ),
 ( #9314, #9213 ),
 ( #4266, #7599 ),
 ( #1899, #1041 ),
 ( #8460, #2853 ),
 ( #1093, #7761 ),
 ( #1849, #3560 ),
 ( #9268, #5126 ),
 ( #6743, #6843 ),
 ( #5332, #4371 ),
 ( #7650, #10243 ),
 ( #257, #1948 ),
 ( #203, #5228 ),
 ( #3617, #7705 ) ),
 .UNSPECIFIED., .F., .F., .F.,
 ( 4, 1, 1, 1, 1, 1, 1, 1, 1, 1, 1, 1, 1, 1, 1, 1, 4 ),
 ( 2, 2 ),
 ( 0.000000000000000000, 0.05644607958989826535, 0.1109687992651581939, 0.1646179365722187926, 0.2184747872706094551, 0.2732587896269459971, 0.3302817479930586497, 0.3899268243526004540, 0.4533382698853492543, 0.5185888434239767086, 0.5842136173929078913, 0.6499215817368689807, 0.7167940935509916622, 0.7848281234544678409, 0.8544522929293442148, 0.9262884854674499069, 1.000000000000000000 ),
 ( 0.000000000000000000, 1.000000000000000000 ),
 .UNSPECIFIED. ) ;
#1940 = CARTESIAN_POINT ( 'NONE',  ( -5.094227242272099332, -0.4612445190241213355, -20.60000000000000853 ) ) ;
#1941 = CIRCLE ( 'NONE', #3664, 0.9500000000000002887 ) ;
#1942 = CARTESIAN_POINT ( 'NONE',  ( -5.861881176092964552, 0.5476112400182272522, -20.60000000000000497 ) ) ;
#1943 = ORIENTED_EDGE ( 'NONE', *, *, #5448, .F. ) ;
#1944 = CIRCLE ( 'NONE', #2300, 0.2000000000000000111 ) ;
#1945 = FILL_AREA_STYLE_COLOUR ( '', #573 ) ;
#1946 = DIRECTION ( 'NONE',  ( -1.000000000000000000, 0.000000000000000000, 0.000000000000000000 ) ) ;
#1947 = VECTOR ( 'NONE', #9869, 1000.000000000000000 ) ;
#1948 = CARTESIAN_POINT ( 'NONE',  ( 5.660565335837497436, -0.1889796156272137706, -20.59999999999999787 ) ) ;
#1949 = DIRECTION ( 'NONE',  ( -0.000000000000000000, -0.000000000000000000, -1.000000000000000000 ) ) ;
#1950 = DIRECTION ( 'NONE',  ( 0.000000000000000000, 0.000000000000000000, -1.000000000000000000 ) ) ;
#1951 = CARTESIAN_POINT ( 'NONE',  ( -5.666926822646943585, 0.4555761227225635923, -20.60000000000000142 ) ) ;
#1952 = ORIENTED_EDGE ( 'NONE', *, *, #1248, .F. ) ;
#1953 = CARTESIAN_POINT ( 'NONE',  ( -5.522085817304754229, 0.4641507340686526484, -20.60000000000000497 ) ) ;
#1954 = CARTESIAN_POINT ( 'NONE',  ( -0.8436649645076821358, 0.2299959572633510085, -20.40000000000000568 ) ) ;
#1955 = VERTEX_POINT ( 'NONE', #2415 ) ;
#1956 =( NAMED_UNIT ( * ) SI_UNIT ( $, .STERADIAN. ) SOLID_ANGLE_UNIT ( ) );
#1957 = CARTESIAN_POINT ( 'NONE',  ( 4.926947992718040403, 0.3675105918138279470, -20.60000000000000497 ) ) ;
#1958 = DIRECTION ( 'NONE',  ( 0.000000000000000000, 0.000000000000000000, 1.000000000000000000 ) ) ;
#1959 = LINE ( 'NONE', #5294, #3539 ) ;
#1960 = CARTESIAN_POINT ( 'NONE',  ( 5.809562266388016205, -0.4059306549068089631, -20.59999999999999787 ) ) ;
#1961 = CARTESIAN_POINT ( 'NONE',  ( 4.881286571056183021, 0.2903465198267523584, -20.39999999999999858 ) ) ;
#1962 = ADVANCED_FACE ( 'NONE', ( #7420 ), #10000, .F. ) ;
#1963 = ORIENTED_EDGE ( 'NONE', *, *, #7540, .T. ) ;
#1964 = ORIENTED_EDGE ( 'NONE', *, *, #8294, .T. ) ;
#1965 = CARTESIAN_POINT ( 'NONE',  ( 0.000000000000000000, 0.000000000000000000, 6.713295847694284113 ) ) ;
#1966 = ORIENTED_EDGE ( 'NONE', *, *, #3613, .F. ) ;
#1967 = CARTESIAN_POINT ( 'NONE',  ( -0.7216128592065546021, 0.3947657277073619575, -20.59999999999999432 ) ) ;
#1968 = CARTESIAN_POINT ( 'NONE',  ( 0.1166519752454061587, -0.05520670090562213028, -20.39999999999999858 ) ) ;
#1969 = DIRECTION ( 'NONE',  ( -1.000000000000000000, -0.000000000000000000, 0.000000000000000000 ) ) ;
#1970 = CARTESIAN_POINT ( 'NONE',  ( 5.262089485800903077, 0.4539091782053207846, -20.40000000000000568 ) ) ;
#1971 = CARTESIAN_POINT ( 'NONE',  ( 3.199999999999999289, 3.469446951953613203E-16, -2.000000000000000000 ) ) ;
#1972 = EDGE_CURVE ( 'NONE', #3798, #4405, #119, .T. ) ;
#1973 = CARTESIAN_POINT ( 'NONE',  ( -5.208484415034997816, 0.2502059252102578069, -20.40000000000000213 ) ) ;
#1974 = EDGE_CURVE ( 'NONE', #2808, #887, #5199, .T. ) ;
#1975 = ORIENTED_EDGE ( 'NONE', *, *, #9412, .F. ) ;
#1976 = CARTESIAN_POINT ( 'NONE',  ( 3.199999999999999734, -5.213878188659972324, -20.60000000000000142 ) ) ;
#1977 = ORIENTED_EDGE ( 'NONE', *, *, #3246, .T. ) ;
#1978 = CARTESIAN_POINT ( 'NONE',  ( -5.020077755258004260, -0.6935695485282540318, -20.60000000000000853 ) ) ;
#1979 = AXIS2_PLACEMENT_3D ( 'NONE', #2900, #1518, #10518 ) ;
#1980 = CARTESIAN_POINT ( 'NONE',  ( -0.09264564753622919757, 0.4328445107293468208, -20.39999999999999858 ) ) ;
#1981 = CARTESIAN_POINT ( 'NONE',  ( -5.333654890277879979, 0.5887764220608343591, -20.40000000000000568 ) ) ;
#1982 = CARTESIAN_POINT ( 'NONE',  ( -5.933834685058972269, -0.5504493902215692458, -20.59999999999999076 ) ) ;
#1983 = ORIENTED_EDGE ( 'NONE', *, *, #3115, .F. ) ;
#1984 = CARTESIAN_POINT ( 'NONE',  ( 0.1101471155947785358, -0.4322158561459681358, -20.40000000000000568 ) ) ;
#1985 = DIRECTION ( 'NONE',  ( -1.000000000000000000, 0.000000000000000000, 0.000000000000000000 ) ) ;
#1986 = EDGE_CURVE ( 'NONE', #4516, #252, #3639, .T. ) ;
#1987 = CARTESIAN_POINT ( 'NONE',  ( -5.686362850125873614, -0.8241775207355100941, -20.40000000000000568 ) ) ;
#1988 = EDGE_CURVE ( 'NONE', #9348, #320, #5151, .T. ) ;
#1989 = EDGE_LOOP ( 'NONE', ( #712, #4757, #6035, #3398, #10366 ) ) ;
#1990 = PRESENTATION_LAYER_ASSIGNMENT (  '', '', ( #3885 ) ) ;
#1991 = CARTESIAN_POINT ( 'NONE',  ( -5.421628391060912655, -0.7219590972643672444, -20.40000000000000213 ) ) ;
#1992 = VECTOR ( 'NONE', #9909, 1000.000000000000000 ) ;
#1993 = CARTESIAN_POINT ( 'NONE',  ( -6.037440720132212668, 0.2270606048642994645, -20.39999999999999147 ) ) ;
#1994 = ORIENTED_EDGE ( 'NONE', *, *, #6873, .F. ) ;
#1995 = CARTESIAN_POINT ( 'NONE',  ( 7.400000000000000355, 3.999999999999998224, -18.59999999999999787 ) ) ;
#1996 = CIRCLE ( 'NONE', #6643, 0.2000000000000005107 ) ;
#1997 = EDGE_CURVE ( 'NONE', #8820, #208, #8186, .T. ) ;
#1998 = CARTESIAN_POINT ( 'NONE',  ( -0.03408593858057885895, -0.3564896355670357786, -20.60000000000000142 ) ) ;
#1999 = SURFACE_STYLE_USAGE ( .BOTH. , #6301 ) ;
#2000 = SURFACE_STYLE_FILL_AREA ( #7808 ) ;
#2001 = ORIENTED_EDGE ( 'NONE', *, *, #3553, .F. ) ;
#2002 = DIRECTION ( 'NONE',  ( -0.000000000000000000, -0.000000000000000000, -1.000000000000000000 ) ) ;
#2003 = FACE_BOUND ( 'NONE', #1423, .T. ) ;
#2004 = ORIENTED_EDGE ( 'NONE', *, *, #4882, .F. ) ;
#2005 = CARTESIAN_POINT ( 'NONE',  ( 4.849868079068439641, 0.1915168545886669904, -20.40000000000000568 ) ) ;
#2006 = DIRECTION ( 'NONE',  ( -0.000000000000000000, -0.000000000000000000, -1.000000000000000000 ) ) ;
#2007 = UNCERTAINTY_MEASURE_WITH_UNIT (LENGTH_MEASURE( 1.000000000000000082E-05 ), #8123, 'distance_accuracy_value', 'NONE');
#2008 = CARTESIAN_POINT ( 'NONE',  ( 6.599999999999999645, 1.599999999999998757, -8.799999999999998934 ) ) ;
#2009 = CARTESIAN_POINT ( 'NONE',  ( -0.5468470031980191548, -0.8722229297209759258, -20.60000000000000853 ) ) ;
#2010 = CARTESIAN_POINT ( 'NONE',  ( 5.816483830275178235, -0.3340546475250057989, -20.60000000000000497 ) ) ;
#2011 =( GEOMETRIC_REPRESENTATION_CONTEXT ( 3 ) GLOBAL_UNCERTAINTY_ASSIGNED_CONTEXT ( ( #6527 ) ) GLOBAL_UNIT_ASSIGNED_CONTEXT ( ( #912, #4171, #5738 ) ) REPRESENTATION_CONTEXT ( 'NONE', 'WORKASPACE' ) );
#2012 = CARTESIAN_POINT ( 'NONE',  ( 5.199242867025302139, -0.7106669225390468414, -20.59999999999999787 ) ) ;
#2013 = CARTESIAN_POINT ( 'NONE',  ( -0.4740891476257200199, 0.4643078822574841502, -20.39999999999999503 ) ) ;
#2014 = EDGE_LOOP ( 'NONE', ( #6713, #10505, #9117, #7102, #7965 ) ) ;
#2015 = ORIENTED_EDGE ( 'NONE', *, *, #7330, .T. ) ;
#2016 = CARTESIAN_POINT ( 'NONE',  ( -0.2117798615202355073, 0.3127127402008628709, -20.60000000000000142 ) ) ;
#2017 = CARTESIAN_POINT ( 'NONE',  ( 1.600000000000000089, 1.599999999999998535, 0.000000000000000000 ) ) ;
#2018 = CIRCLE ( 'NONE', #9413, 0.1999999999999987899 ) ;
#2019 = EDGE_LOOP ( 'NONE', ( #9592, #3625, #6369, #8565 ) ) ;
#2020 = EDGE_CURVE ( 'NONE', #6939, #9924, #9573, .T. ) ;
#2021 = CARTESIAN_POINT ( 'NONE',  ( -4.020265311158486732, 0.09471229587822985185, -20.60000000000000142 ) ) ;
#2022 = DIRECTION ( 'NONE',  ( -0.000000000000000000, -0.000000000000000000, -1.000000000000000000 ) ) ;
#2023 = CARTESIAN_POINT ( 'NONE',  ( -0.7351844224904415803, -0.7670472137182573480, -20.39999999999999858 ) ) ;
#2024 = SPHERICAL_SURFACE ( 'NONE', #2943, 0.2000000000000000111 ) ;
#2025 = DIRECTION ( 'NONE',  ( -1.000000000000000000, 0.000000000000000000, 0.000000000000000000 ) ) ;
#2026 = VERTEX_POINT ( 'NONE', #325 ) ;
#2027 = CARTESIAN_POINT ( 'NONE',  ( -5.086927372974939132, 0.3643462222770624259, -20.40000000000000213 ) ) ;
#2028 = DIRECTION ( 'NONE',  ( -1.000000000000000000, -3.422125580184494708E-16, 0.000000000000000000 ) ) ;
#2029 = ORIENTED_EDGE ( 'NONE', *, *, #7684, .T. ) ;
#2030 = EDGE_CURVE ( 'NONE', #1776, #8178, #434, .T. ) ;
#2031 = CARTESIAN_POINT ( 'NONE',  ( 5.809562266388016205, -0.4059306549068089631, -20.59999999999999787 ) ) ;
#2032 = CARTESIAN_POINT ( 'NONE',  ( -0.7014629538487631155, -0.5678380621065634015, -20.60000000000000497 ) ) ;
#2033 =( NAMED_UNIT ( * ) SI_UNIT ( $, .STERADIAN. ) SOLID_ANGLE_UNIT ( ) );
#2034 = FACE_OUTER_BOUND ( 'NONE', #7085, .T. ) ;
#2035 = CYLINDRICAL_SURFACE ( 'NONE', #9730, 0.9500000000000000666 ) ;
#2036 = CARTESIAN_POINT ( 'NONE',  ( -5.418547777051202274, 0.4365324966872952128, -20.39999999999999858 ) ) ;
#2037 = DIRECTION ( 'NONE',  ( -0.1668642885082855798, 0.9859798726244990430, 0.000000000000000000 ) ) ;
#2038 = CARTESIAN_POINT ( 'NONE',  ( 0.1166519752454061587, -0.05520670090562213028, -20.39999999999999858 ) ) ;
#2039 = EDGE_LOOP ( 'NONE', ( #2751, #3622, #234, #1883 ) ) ;
#2040 = CIRCLE ( 'NONE', #3418, 0.1999999999999987899 ) ;
#2041 = CARTESIAN_POINT ( 'NONE',  ( -5.750198708762534139, 0.6113100570507272735, -20.40000000000000213 ) ) ;
#2042 = ORIENTED_EDGE ( 'NONE', *, *, #1382, .F. ) ;
#2043 = ADVANCED_FACE ( 'NONE', ( #1821 ), #9913, .T. ) ;
#2044 = SURFACE_STYLE_USAGE ( .BOTH. , #6075 ) ;
#2045 = ADVANCED_FACE ( 'NONE', ( #5941 ), #8372, .F. ) ;
#2046 = VECTOR ( 'NONE', #2002, 1000.000000000000000 ) ;
#2047 =( LENGTH_UNIT ( ) NAMED_UNIT ( * ) SI_UNIT ( .MILLI., .METRE. ) );
#2048 = CARTESIAN_POINT ( 'NONE',  ( -3.400000000000000355, 1.599999999999998535, -8.799999999999998934 ) ) ;
#2049 = CARTESIAN_POINT ( 'NONE',  ( 3.400000000000000355, 1.599999999999998535, -2.000000000000000000 ) ) ;
#2050 = EDGE_LOOP ( 'NONE', ( #2780, #9077, #3610, #6603 ) ) ;
#2051 = VECTOR ( 'NONE', #3138, 1000.000000000000000 ) ;
#2052 =( NAMED_UNIT ( * ) PLANE_ANGLE_UNIT ( ) SI_UNIT ( $, .RADIAN. ) );
#2053 = CARTESIAN_POINT ( 'NONE',  ( -5.885292269162972545, 0.1669384525872934788, -20.60000000000000142 ) ) ;
#2054 = LINE ( 'NONE', #8625, #8839 ) ;
#2055 = CARTESIAN_POINT ( 'NONE',  ( 5.365404479117920289, 0.6026686602435101792, -20.59999999999999787 ) ) ;
#2056 = ADVANCED_FACE ( 'NONE', ( #4328 ), #1865, .T. ) ;
#2057 = LINE ( 'NONE', #4643, #10508 ) ;
#2058 = CARTESIAN_POINT ( 'NONE',  ( -5.885292269162972545, 0.1669384525872934788, -20.60000000000000142 ) ) ;
#2059 = ORIENTED_EDGE ( 'NONE', *, *, #7826, .F. ) ;
#2060 = SURFACE_SIDE_STYLE ('',( #7982 ) ) ;
#2061 = CARTESIAN_POINT ( 'NONE',  ( -0.5956390072244778233, -0.6605082053940024567, -20.40000000000000213 ) ) ;
#2062 = CARTESIAN_POINT ( 'NONE',  ( 4.687648056808252583, 0.1738023911082314521, -20.40000000000000213 ) ) ;
#2063 = PLANE ( 'NONE',  #2526 ) ;
#2064 = CARTESIAN_POINT ( 'NONE',  ( 5.143400286429328006, 0.4657855488164471258, -20.40000000000000568 ) ) ;
#2065 = EDGE_LOOP ( 'NONE', ( #8321, #9462, #9509, #7414 ) ) ;
#2066 = ORIENTED_EDGE ( 'NONE', *, *, #7540, .F. ) ;
#2067 = CARTESIAN_POINT ( 'NONE',  ( -3.199999999999999734, -4.813878188659972857, -20.60000000000000142 ) ) ;
#2068 =( NAMED_UNIT ( * ) SI_UNIT ( $, .STERADIAN. ) SOLID_ANGLE_UNIT ( ) );
#2069 =( NAMED_UNIT ( * ) SI_UNIT ( $, .STERADIAN. ) SOLID_ANGLE_UNIT ( ) );
#2070 = COLOUR_RGB ( '',1.000000000000000000, 1.000000000000000000, 1.000000000000000000 ) ;
#2071 = ADVANCED_FACE ( 'NONE', ( #9231 ), #7929, .F. ) ;
#2072 = CARTESIAN_POINT ( 'NONE',  ( -0.6256762815556007329, 0.4486372251317649607, -20.60000000000001208 ) ) ;
#2073 = CARTESIAN_POINT ( 'NONE',  ( 0.1274269277461568262, -0.2156848691925428163, -20.40000000000000568 ) ) ;
#2074 = CARTESIAN_POINT ( 'NONE',  ( -0.8926733166850231438, -0.5813520114808786721, -20.39999999999999858 ) ) ;
#2075 = DIRECTION ( 'NONE',  ( 1.000000000000000000, 0.000000000000000000, 0.000000000000000000 ) ) ;
#2076 = CARTESIAN_POINT ( 'NONE',  ( -0.6763657214353605562, -0.5953249168514125333, -20.60000000000000142 ) ) ;
#2077 = CARTESIAN_POINT ( 'NONE',  ( 5.326575524288593932, -0.8972021658161308810, -20.40000000000000213 ) ) ;
#2078 = CARTESIAN_POINT ( 'NONE',  ( 1.600000000000000089, -5.999999999999997335, -2.000000000000000000 ) ) ;
#2079 = FILL_AREA_STYLE ('',( #4500 ) ) ;
#2080 = ORIENTED_EDGE ( 'NONE', *, *, #8980, .F. ) ;
#2081 = CARTESIAN_POINT ( 'NONE',  ( -5.803999190311906808, 0.3675105918138278915, -20.40000000000000568 ) ) ;
#2082 = CARTESIAN_POINT ( 'NONE',  ( -0.05427222629045287683, -0.4472033534691811640, -20.40000000000000924 ) ) ;
#2083 = ORIENTED_EDGE ( 'NONE', *, *, #7379, .T. ) ;
#2084 = CARTESIAN_POINT ( 'NONE',  ( -4.419110814533379283, -0.6510758556450154666, -20.60000000000000142 ) ) ;
#2085 = CARTESIAN_POINT ( 'NONE',  ( -0.8842178456495477512, -0.06043137393367140758, -20.39999999999999503 ) ) ;
#2086 = LINE ( 'NONE', #6175, #6300 ) ;
#2087 =( LENGTH_UNIT ( ) NAMED_UNIT ( * ) SI_UNIT ( .MILLI., .METRE. ) );
#2088 = CARTESIAN_POINT ( 'NONE',  ( 2.999999999999999556, -5.013878188659972146, -20.40000000000000213 ) ) ;
#2089 = VECTOR ( 'NONE', #4824, 1000.000000000000000 ) ;
#2090 = CARTESIAN_POINT ( 'NONE',  ( -5.175948588335111289, 0.1953874005409766967, -20.60000000000000142 ) ) ;
#2091 = DIRECTION ( 'NONE',  ( -0.000000000000000000, -0.000000000000000000, -1.000000000000000000 ) ) ;
#2092 = CARTESIAN_POINT ( 'NONE',  ( 0.5661028388464206529, -0.2572041023982621910, -20.40000000000000213 ) ) ;
#2093 = ORIENTED_EDGE ( 'NONE', *, *, #9359, .T. ) ;
#2094 = EDGE_CURVE ( 'NONE', #1074, #10036, #2177, .T. ) ;
#2095 = CARTESIAN_POINT ( 'NONE',  ( -6.027473497809805458, 0.2782162287069386841, -20.60000000000000853 ) ) ;
#2096 = AXIS2_PLACEMENT_3D ( 'NONE', #1639, #45, #894 ) ;
#2097 = ORIENTED_EDGE ( 'NONE', *, *, #4785, .F. ) ;
#2098 = CARTESIAN_POINT ( 'NONE',  ( 7.400000000000000355, 0.7999999999999987121, -20.60000000000000142 ) ) ;
#2099 = COLOUR_RGB ( '',1.000000000000000000, 1.000000000000000000, 1.000000000000000000 ) ;
#2100 = CARTESIAN_POINT ( 'NONE',  ( -5.591620955596504849, -0.6893738113348041319, -20.59999999999999787 ) ) ;
#2101 = CARTESIAN_POINT ( 'NONE',  ( -5.501440013925588346, 0.6375778765869609677, -20.60000000000000142 ) ) ;
#2102 = AXIS2_PLACEMENT_3D ( 'NONE', #1610, #9935, #6487 ) ;
#2103 = SURFACE_SIDE_STYLE ('',( #8025 ) ) ;
#2104 = ADVANCED_FACE ( 'NONE', ( #4650 ), #2924, .F. ) ;
#2105 = ADVANCED_FACE ( 'NONE', ( #2287 ), #5403, .T. ) ;
#2106 = CARTESIAN_POINT ( 'NONE',  ( 0.7024664752100571175, -0.3573461478528076052, -20.40000000000000213 ) ) ;
#2107 = EDGE_LOOP ( 'NONE', ( #4299, #8222, #3283, #9535 ) ) ;
#2108 = CARTESIAN_POINT ( 'NONE',  ( 1.600000000000000089, 3.199999999999998401, 0.000000000000000000 ) ) ;
#2109 = COLOUR_RGB ( '',0.7490196078431372584, 0.9490196078431372140, 1.000000000000000000 ) ;
#2110 = LINE ( 'NONE', #6306, #9272 ) ;
#2111 =( LENGTH_UNIT ( ) NAMED_UNIT ( * ) SI_UNIT ( .MILLI., .METRE. ) );
#2112 = EDGE_LOOP ( 'NONE', ( #8937, #5527, #8435, #9832 ) ) ;
#2113 = CARTESIAN_POINT ( 'NONE',  ( 1.123465541723523531, 0.2279366525938678056, -20.59999999999999432 ) ) ;
#2114 = CARTESIAN_POINT ( 'NONE',  ( -0.6763657214353605562, -0.5953249168514125333, -20.40000000000000213 ) ) ;
#2115 = UNCERTAINTY_MEASURE_WITH_UNIT (LENGTH_MEASURE( 1.000000000000000082E-05 ), #10632, 'distance_accuracy_value', 'NONE');
#2116 = SURFACE_STYLE_USAGE ( .BOTH. , #9281 ) ;
#2117 = CARTESIAN_POINT ( 'NONE',  ( 0.2553276765087583722, 0.6218543391601795145, -20.40000000000000213 ) ) ;
#2118 = CARTESIAN_POINT ( 'NONE',  ( 5.309318791969034557, -0.7219590972643672444, -20.40000000000000213 ) ) ;
#2119 = CARTESIAN_POINT ( 'NONE',  ( -6.599999999999999645, 1.599999999999998757, -2.000000000000000000 ) ) ;
#2120 = PLANE ( 'NONE',  #8635 ) ;
#2121 = VERTEX_POINT ( 'NONE', #10371 ) ;
#2122 = EDGE_CURVE ( 'NONE', #3581, #8085, #9546, .T. ) ;
#2123 = CARTESIAN_POINT ( 'NONE',  ( -0.2201161466793137289, -0.8688390483977970202, -20.40000000000000213 ) ) ;
#2124 = ORIENTED_EDGE ( 'NONE', *, *, #1591, .F. ) ;
#2125 = FACE_OUTER_BOUND ( 'NONE', #9178, .T. ) ;
#2126 = DIRECTION ( 'NONE',  ( 0.000000000000000000, -1.000000000000000000, 0.000000000000000000 ) ) ;
#2127 =( GEOMETRIC_REPRESENTATION_CONTEXT ( 3 ) GLOBAL_UNCERTAINTY_ASSIGNED_CONTEXT ( ( #6199 ) ) GLOBAL_UNIT_ASSIGNED_CONTEXT ( ( #7649, #9267, #6187 ) ) REPRESENTATION_CONTEXT ( 'NONE', 'WORKASPACE' ) );
#2128 = CARTESIAN_POINT ( 'NONE',  ( -5.976604040267229578, 0.4127276919653002363, -20.60000000000000497 ) ) ;
#2129 = COLOUR_RGB ( '',1.000000000000000000, 1.000000000000000000, 1.000000000000000000 ) ;
#2130 = CARTESIAN_POINT ( 'NONE',  ( -0.9671078873272894727, -0.4332004087953719718, -20.60000000000000497 ) ) ;
#2131 = CARTESIAN_POINT ( 'NONE',  ( 0.07807250684920952200, 0.1210216313398552734, -20.39999999999999503 ) ) ;
#2132 = FACE_BOUND ( 'NONE', #10331, .T. ) ;
#2133 = CARTESIAN_POINT ( 'NONE',  ( 2.799999999999999822, 9.013878188659973034, -8.799999999999998934 ) ) ;
#2134 = CARTESIAN_POINT ( 'NONE',  ( -0.2000294663483845048, 0.2995126183809586617, -20.60000000000000142 ) ) ;
#2135 = CARTESIAN_POINT ( 'NONE',  ( 5.514375623987163522, -0.8579084494446654885, -20.40000000000000568 ) ) ;
#2136 = CARTESIAN_POINT ( 'NONE',  ( -5.422966334013900713, -0.8976261803203401390, -20.40000000000000213 ) ) ;
#2137 = CARTESIAN_POINT ( 'NONE',  ( 5.296414290574485761, -0.7223015049956647005, -20.40000000000000213 ) ) ;
#2138 = EDGE_CURVE ( 'NONE', #4665, #1268, #6365, .T. ) ;
#2139 = EDGE_LOOP ( 'NONE', ( #1564, #7924, #417, #2467, #7669 ) ) ;
#2140 = CARTESIAN_POINT ( 'NONE',  ( -5.719200096800054922, 0.4361173406631484450, -20.39999999999999503 ) ) ;
#2141 = CARTESIAN_POINT ( 'NONE',  ( -1.600000000000000311, 1.599999999999998757, -8.799999999999998934 ) ) ;
#2142 = DIRECTION ( 'NONE',  ( -0.000000000000000000, -0.000000000000000000, 1.000000000000000000 ) ) ;
#2143 = ORIENTED_EDGE ( 'NONE', *, *, #1240, .F. ) ;
#2144 =( NAMED_UNIT ( * ) PLANE_ANGLE_UNIT ( ) SI_UNIT ( $, .RADIAN. ) );
#2145 = CYLINDRICAL_SURFACE ( 'NONE', #6662, 0.2000000000000000944 ) ;
#2146 = CARTESIAN_POINT ( 'NONE',  ( -5.438307657226765457, -0.8971984803182561086, -20.60000000000000497 ) ) ;
#2147 = DIRECTION ( 'NONE',  ( 1.000000000000000000, -0.000000000000000000, -0.000000000000000000 ) ) ;
#2148 =( NAMED_UNIT ( * ) PLANE_ANGLE_UNIT ( ) SI_UNIT ( $, .RADIAN. ) );
#2149 = EDGE_LOOP ( 'NONE', ( #10262, #4908, #605, #3456, #6429, #8939 ) ) ;
#2150 = VERTEX_POINT ( 'NONE', #9655 ) ;
#2151 = CARTESIAN_POINT ( 'NONE',  ( 7.869140320336472705, -5.013878188659970370, -20.60000000000000142 ) ) ;
#2152 = SURFACE_STYLE_FILL_AREA ( #403 ) ;
#2153 = ADVANCED_FACE ( 'NONE', ( #529 ), #3036, .T. ) ;
#2154 =( NAMED_UNIT ( * ) PLANE_ANGLE_UNIT ( ) SI_UNIT ( $, .RADIAN. ) );
#2155 = CARTESIAN_POINT ( 'NONE',  ( -0.5175010572574754164, 0.4660101833160236184, -20.60000000000000142 ) ) ;
#2156 = VERTEX_POINT ( 'NONE', #1435 ) ;
#2157 = CARTESIAN_POINT ( 'NONE',  ( 0.7164372882113215768, -0.3134729148494545536, -20.40000000000000568 ) ) ;
#2158 = LINE ( 'NONE', #3895, #1092 ) ;
#2159 = CARTESIAN_POINT ( 'NONE',  ( 5.141059736342149300, 0.6410154094368486488, -20.40000000000000568 ) ) ;
#2160 = CIRCLE ( 'NONE', #10618, 0.1999999999999987899 ) ;
#2161 = COLOUR_RGB ( '',1.000000000000000000, 1.000000000000000000, 1.000000000000000000 ) ;
#2162 = LINE ( 'NONE', #3841, #1383 ) ;
#2163 = DIRECTION ( 'NONE',  ( -1.000000000000000000, 0.000000000000000000, -0.000000000000000000 ) ) ;
#2164 = ADVANCED_FACE ( 'NONE', ( #6314 ), #5508, .F. ) ;
#2165 = ORIENTED_EDGE ( 'NONE', *, *, #620, .T. ) ;
#2166 = FACE_OUTER_BOUND ( 'NONE', #8407, .T. ) ;
#2167 = CARTESIAN_POINT ( 'NONE',  ( 0.5091831959892778592, -0.8781456608398205965, -20.40000000000000213 ) ) ;
#2168 = DIRECTION ( 'NONE',  ( 1.000000000000000000, 0.000000000000000000, 0.000000000000000000 ) ) ;
#2169 = DIRECTION ( 'NONE',  ( 0.000000000000000000, 0.000000000000000000, 1.000000000000000000 ) ) ;
#2170 = LINE ( 'NONE', #3039, #6043 ) ;
#2171 = ORIENTED_EDGE ( 'NONE', *, *, #1069, .T. ) ;
#2172 = VECTOR ( 'NONE', #1013, 1000.000000000000000 ) ;
#2173 = ORIENTED_EDGE ( 'NONE', *, *, #3920, .T. ) ;
#2174 = DIRECTION ( 'NONE',  ( 0.000000000000000000, -1.000000000000000000, 0.000000000000000000 ) ) ;
#2175 = CARTESIAN_POINT ( 'NONE',  ( -0.1595286469070875957, -0.8404170112012695482, -20.40000000000000213 ) ) ;
#2176 = EDGE_CURVE ( 'NONE', #3310, #10033, #4707, .T. ) ;
#2177 = CIRCLE ( 'NONE', #3724, 0.9500000000000000666 ) ;
#2178 = CIRCLE ( 'NONE', #4583, 0.2000000000000000944 ) ;
#2179 = EDGE_CURVE ( 'NONE', #7234, #7033, #4540, .T. ) ;
#2180 = DIRECTION ( 'NONE',  ( 0.000000000000000000, 1.000000000000000000, 0.000000000000000000 ) ) ;
#2181 = TOROIDAL_SURFACE ( 'NONE', #4767, 9.799999999999997158, 0.2000000000000000111 ) ;
#2182 =( NAMED_UNIT ( * ) PLANE_ANGLE_UNIT ( ) SI_UNIT ( $, .RADIAN. ) );
#2183 = LINE ( 'NONE', #6539, #583 ) ;
#2184 = DIRECTION ( 'NONE',  ( -1.000000000000000000, 0.000000000000000000, 0.000000000000000000 ) ) ;
#2185 = CARTESIAN_POINT ( 'NONE',  ( 3.400000000000000355, 3.199999999999998401, -8.799999999999998934 ) ) ;
#2186 = SURFACE_SIDE_STYLE ('',( #7999 ) ) ;
#2187 = CARTESIAN_POINT ( 'NONE',  ( -3.935750424922990209, 0.3926538521471922838, -20.40000000000000213 ) ) ;
#2188 = B_SPLINE_CURVE_WITH_KNOTS ( 'NONE', 3,
 ( #10652, #5721, #4911, #201, #5830, #2646, #6581 ),
 .UNSPECIFIED., .F., .F.,
 ( 4, 1, 1, 1, 4 ),
 ( 0.000000000000000000, 0.2155144430785324305, 0.4538648226708630884, 0.7153135963517068818, 1.000000000000000000 ),
 .UNSPECIFIED. ) ;
#2189 = ORIENTED_EDGE ( 'NONE', *, *, #3631, .F. ) ;
#2190 = CIRCLE ( 'NONE', #8378, 9.999999999999998224 ) ;
#2191 = CARTESIAN_POINT ( 'NONE',  ( -5.881079103961504906, 0.1915168545886668794, -20.40000000000000568 ) ) ;
#2192 = CARTESIAN_POINT ( 'NONE',  ( -0.1367991617481795208, -0.5958970212638670105, -20.39999999999999503 ) ) ;
#2193 = EDGE_LOOP ( 'NONE', ( #1805, #411, #2333, #795 ) ) ;
#2194 = ORIENTED_EDGE ( 'NONE', *, *, #10288, .F. ) ;
#2195 = CARTESIAN_POINT ( 'NONE',  ( 4.771056661559908818, -0.4946572093757611865, -20.60000000000000853 ) ) ;
#2196 = CARTESIAN_POINT ( 'NONE',  ( 5.168983426836389228, 0.6410449470948366146, -20.60000000000000142 ) ) ;
#2197 = ADVANCED_FACE ( 'NONE', ( #3201, #7343, #9870, #7448, #8098, #4966 ), #8199, .F. ) ;
#2198 = DIRECTION ( 'NONE',  ( -0.3402235128900363281, -0.9403445970902173379, 0.000000000000000000 ) ) ;
#2199 = CARTESIAN_POINT ( 'NONE',  ( -4.055981756091821211, -0.01582829070995042664, -20.40000000000000213 ) ) ;
#2200 = SURFACE_SIDE_STYLE ('',( #1571 ) ) ;
#2201 = AXIS2_PLACEMENT_3D ( 'NONE', #7490, #3395, #984 ) ;
#2202 = CARTESIAN_POINT ( 'NONE',  ( -1.500000000000000000, -9.096720901134592197, -2.000000000000000444 ) ) ;
#2203 = FACE_OUTER_BOUND ( 'NONE', #6085, .T. ) ;
#2204 = FACE_BOUND ( 'NONE', #9287, .T. ) ;
#2205 = CARTESIAN_POINT ( 'NONE',  ( -0.5012316192608409215, 0.6405814236070053180, -20.40000000000000568 ) ) ;
#2206 = EDGE_LOOP ( 'NONE', ( #5073, #701, #5647, #3755 ) ) ;
#2207 = DIRECTION ( 'NONE',  ( -1.000000000000000000, 3.422125580184494708E-16, -0.000000000000000000 ) ) ;
#2208 = VECTOR ( 'NONE', #9563, 1000.000000000000000 ) ;
#2209 = CARTESIAN_POINT ( 'NONE',  ( 5.065112577143206174, 0.6344933463427816500, -20.39999999999999503 ) ) ;
#2210 = EDGE_LOOP ( 'NONE', ( #10139, #4091, #7316, #3487 ) ) ;
#2211 = FILL_AREA_STYLE_COLOUR ( '', #1882 ) ;
#2212 = AXIS2_PLACEMENT_3D ( 'NONE', #8907, #633, #731 ) ;
#2213 =( NAMED_UNIT ( * ) PLANE_ANGLE_UNIT ( ) SI_UNIT ( $, .RADIAN. ) );
#2214 = DIRECTION ( 'NONE',  ( -0.000000000000000000, 0.000000000000000000, 1.000000000000000000 ) ) ;
#2215 = DIRECTION ( 'NONE',  ( -0.000000000000000000, -0.000000000000000000, -1.000000000000000000 ) ) ;
#2216 = ORIENTED_EDGE ( 'NONE', *, *, #7176, .T. ) ;
#2217 = ADVANCED_FACE ( 'NONE', ( #97 ), #5669, .F. ) ;
#2218 = CARTESIAN_POINT ( 'NONE',  ( -0.8035127727500437356, 0.3059506212002296999, -20.40000000000000568 ) ) ;
#2219 = LINE ( 'NONE', #7866, #4444 ) ;
#2220 = DIRECTION ( 'NONE',  ( -1.000000000000000000, 0.000000000000000000, 0.000000000000000000 ) ) ;
#2221 = SURFACE_STYLE_USAGE ( .BOTH. , #5500 ) ;
#2222 = AXIS2_PLACEMENT_3D ( 'NONE', #4559, #5211, #8494 ) ;
#2223 = ORIENTED_EDGE ( 'NONE', *, *, #5031, .T. ) ;
#2224 = CARTESIAN_POINT ( 'NONE',  ( 4.336808689942017736E-16, 6.799999999999997158, -8.799999999999998934 ) ) ;
#2225 = ORIENTED_EDGE ( 'NONE', *, *, #7785, .T. ) ;
#2226 = CARTESIAN_POINT ( 'NONE',  ( 0.6632878342612744671, -0.4910329885073131950, -20.40000000000000568 ) ) ;
#2227 = CARTESIAN_POINT ( 'NONE',  ( -0.4077370175037144939, -0.7221052326611676619, -20.40000000000000568 ) ) ;
#2228 = UNCERTAINTY_MEASURE_WITH_UNIT (LENGTH_MEASURE( 1.000000000000000082E-05 ), #4029, 'distance_accuracy_value', 'NONE');
#2229 = CARTESIAN_POINT ( 'NONE',  ( -5.574244743104808997, 0.6413348586406988350, -20.60000000000000142 ) ) ;
#2230 = DIRECTION ( 'NONE',  ( 1.000000000000000000, 0.000000000000000000, 0.000000000000000000 ) ) ;
#2231 = CIRCLE ( 'NONE', #8404, 0.3999999999999993006 ) ;
#2232 = ORIENTED_EDGE ( 'NONE', *, *, #6976, .T. ) ;
#2233 = ORIENTED_EDGE ( 'NONE', *, *, #9741, .T. ) ;
#2234 = EDGE_CURVE ( 'NONE', #9165, #5744, #3353, .T. ) ;
#2235 = CARTESIAN_POINT ( 'NONE',  ( 3.199999999999999289, -3.469446951953613203E-16, -2.000000000000000000 ) ) ;
#2236 = VECTOR ( 'NONE', #2749, 1000.000000000000000 ) ;
#2237 = CARTESIAN_POINT ( 'NONE',  ( 4.843492212652408035, 0.1543218716277117430, -20.40000000000000213 ) ) ;
#2238 = CARTESIAN_POINT ( 'NONE',  ( -1.003200742533592038, -0.3240452820170604542, -20.40000000000000213 ) ) ;
#2239 = DIRECTION ( 'NONE',  ( -0.000000000000000000, -0.000000000000000000, -1.000000000000000000 ) ) ;
#2240 = DIRECTION ( 'NONE',  ( 0.000000000000000000, -1.000000000000000000, 0.000000000000000000 ) ) ;
#2241 = DIRECTION ( 'NONE',  ( -1.000000000000000000, 0.000000000000000000, 0.000000000000000000 ) ) ;
#2242 = CARTESIAN_POINT ( 'NONE',  ( -0.4077370175037144939, -0.7221052326611676619, -20.60000000000000497 ) ) ;
#2243 = PLANE ( 'NONE',  #5209 ) ;
#2244 = CARTESIAN_POINT ( 'NONE',  ( -1.599999999999999867, -5.999999999999997335, 0.000000000000000000 ) ) ;
#2245 = SURFACE_STYLE_FILL_AREA ( #2079 ) ;
#2246 = EDGE_LOOP ( 'NONE', ( #10405, #10141, #5177, #4731 ) ) ;
#2247 = EDGE_CURVE ( 'NONE', #9674, #10118, #9811, .T. ) ;
#2248 = MECHANICAL_DESIGN_GEOMETRIC_PRESENTATION_REPRESENTATION (  '', ( #6363 ), #4473 ) ;
#2249 = EDGE_CURVE ( 'NONE', #690, #9445, #9986, .T. ) ;
#2250 = CARTESIAN_POINT ( 'NONE',  ( 4.886807644709805665, -0.3667512949503002329, -20.40000000000000213 ) ) ;
#2251 = CARTESIAN_POINT ( 'NONE',  ( -7.869140320336472705, 5.013878188659970370, -2.200000000000000622 ) ) ;
#2252 = ORIENTED_EDGE ( 'NONE', *, *, #2698, .F. ) ;
#2253 = ORIENTED_EDGE ( 'NONE', *, *, #3503, .F. ) ;
#2254 = CARTESIAN_POINT ( 'NONE',  ( 5.487739339529797533, 0.5335092441243761696, -20.40000000000000213 ) ) ;
#2255 = FILL_AREA_STYLE_COLOUR ( '', #3046 ) ;
#2256 = AXIS2_PLACEMENT_3D ( 'NONE', #975, #7483, #1679 ) ;
#2257 = LINE ( 'NONE', #555, #10007 ) ;
#2258 = CARTESIAN_POINT ( 'NONE',  ( -1.599999999999999867, 5.999999999999997335, 0.000000000000000000 ) ) ;
#2259 = CARTESIAN_POINT ( 'NONE',  ( 2.799999999999999822, -8.813878188659971968, -20.60000000000000142 ) ) ;
#2260 = B_SPLINE_CURVE_WITH_KNOTS ( 'NONE', 3,
 ( #8776, #3823, #10401, #2038, #2901, #5324, #7964, #9470, #7006, #618, #6283 ),
 .UNSPECIFIED., .F., .F.,
 ( 4, 1, 1, 1, 1, 1, 1, 1, 4 ),
 ( 0.000000000000000000, 0.1409754907900344634, 0.2756587093978892233, 0.4052540319038684391, 0.5296609519050451409, 0.6505885197244337670, 0.7685867380843193208, 0.8846940504466468402, 1.000000000000000000 ),
 .UNSPECIFIED. ) ;
#2261 = DIRECTION ( 'NONE',  ( 0.000000000000000000, 1.000000000000000000, 0.000000000000000000 ) ) ;
#2262 = ORIENTED_EDGE ( 'NONE', *, *, #1140, .F. ) ;
#2263 = EDGE_CURVE ( 'NONE', #5420, #9748, #9018, .T. ) ;
#2264 = LINE ( 'NONE', #2319, #2508 ) ;
#2265 = CARTESIAN_POINT ( 'NONE',  ( 4.941355429835645907, 0.5942353826887671886, -20.40000000000000568 ) ) ;
#2266 = ORIENTED_EDGE ( 'NONE', *, *, #2179, .T. ) ;
#2267 = FILL_AREA_STYLE ('',( #568 ) ) ;
#2268 = CARTESIAN_POINT ( 'NONE',  ( -0.3981828754392935932, -0.7223015049956645894, -20.40000000000000213 ) ) ;
#2269 = COLOUR_RGB ( '',0.4980392156862745168, 0.4980392156862745168, 0.4980392156862745168 ) ;
#2270 = CARTESIAN_POINT ( 'NONE',  ( -1.600000000000000311, 1.599999999999998757, -2.000000000000000000 ) ) ;
#2271 = FILL_AREA_STYLE ('',( #9479 ) ) ;
#2272 = ADVANCED_FACE ( 'NONE', ( #840 ), #7395, .F. ) ;
#2273 = VECTOR ( 'NONE', #2240, 1000.000000000000000 ) ;
#2274 = DIRECTION ( 'NONE',  ( 1.000000000000000000, 0.000000000000000000, 0.000000000000000000 ) ) ;
#2275 = CIRCLE ( 'NONE', #2786, 0.9500000000000002887 ) ;
#2276 = ORIENTED_EDGE ( 'NONE', *, *, #1521, .T. ) ;
#2277 = SURFACE_SIDE_STYLE ('',( #10360 ) ) ;
#2278 = DIRECTION ( 'NONE',  ( 1.000000000000000000, 0.000000000000000000, 0.000000000000000000 ) ) ;
#2279 = VECTOR ( 'NONE', #5928, 1000.000000000000114 ) ;
#2280 = PRESENTATION_STYLE_ASSIGNMENT (( #2221 ) ) ;
#2281 = EDGE_LOOP ( 'NONE', ( #4878, #9777 ) ) ;
#2282 = CARTESIAN_POINT ( 'NONE',  ( -0.5118710920886524463, -0.7025274610903318173, -20.39999999999999858 ) ) ;
#2283 = ORIENTED_EDGE ( 'NONE', *, *, #7190, .F. ) ;
#2284 = AXIS2_PLACEMENT_3D ( 'NONE', #5683, #9079, #4924 ) ;
#2285 = CARTESIAN_POINT ( 'NONE',  ( 0.04923182088670009782, 0.2019795457305459674, -20.60000000000000497 ) ) ;
#2286 = DIRECTION ( 'NONE',  ( -1.000000000000000000, 0.000000000000000000, 0.000000000000000000 ) ) ;
#2287 = FACE_OUTER_BOUND ( 'NONE', #5609, .T. ) ;
#2288 = CARTESIAN_POINT ( 'NONE',  ( 5.558976093449516931, -0.6065495339966482380, -20.60000000000000853 ) ) ;
#2289 = DIRECTION ( 'NONE',  ( -0.000000000000000000, -0.000000000000000000, -1.000000000000000000 ) ) ;
#2290 = DIRECTION ( 'NONE',  ( -0.000000000000000000, -1.000000000000000000, 0.000000000000000000 ) ) ;
#2291 = VERTEX_POINT ( 'NONE', #10585 ) ;
#2292 = ORIENTED_EDGE ( 'NONE', *, *, #5093, .F. ) ;
#2293 = CARTESIAN_POINT ( 'NONE',  ( 4.911694310060923385, -0.4366939112938670320, -20.60000000000000142 ) ) ;
#2294 = LINE ( 'NONE', #7881, #5481 ) ;
#2295 = VERTEX_POINT ( 'NONE', #7228 ) ;
#2296 = CARTESIAN_POINT ( 'NONE',  ( -6.004338087260653545, -0.3716521543463142674, -20.40000000000000213 ) ) ;
#2297 = FACE_BOUND ( 'NONE', #1401, .T. ) ;
#2298 = EDGE_CURVE ( 'NONE', #6204, #3030, #10523, .T. ) ;
#2299 = LINE ( 'NONE', #1334, #4846 ) ;
#2300 = AXIS2_PLACEMENT_3D ( 'NONE', #165, #3468, #9186 ) ;
#2301 = DIRECTION ( 'NONE',  ( -1.000000000000000000, 6.776263578034403945E-17, 0.000000000000000000 ) ) ;
#2302 = CARTESIAN_POINT ( 'NONE',  ( 1.600000000000000089, -5.999999999999997335, -0.2000000000000000944 ) ) ;
#2303 = CARTESIAN_POINT ( 'NONE',  ( 5.111357988132540164, -0.6741165817585940134, -20.40000000000000213 ) ) ;
#2304 = TOROIDAL_SURFACE ( 'NONE', #10037, 9.799999999999997158, 0.2000000000000000111 ) ;
#2305 = ORIENTED_EDGE ( 'NONE', *, *, #2138, .T. ) ;
#2306 = CARTESIAN_POINT ( 'NONE',  ( -0.02774862219254034881, -0.2562909530476126796, -20.40000000000000213 ) ) ;
#2307 = PRODUCT_DEFINITION_FORMATION_WITH_SPECIFIED_SOURCE ( 'ANY', '', #328, .NOT_KNOWN. ) ;
#2308 = ORIENTED_EDGE ( 'NONE', *, *, #4675, .T. ) ;
#2309 = CARTESIAN_POINT ( 'NONE',  ( 5.262040696736883127, -0.8963454170541660382, -20.60000000000000497 ) ) ;
#2310 = FILL_AREA_STYLE_COLOUR ( '', #8238 ) ;
#2311 = FILL_AREA_STYLE_COLOUR ( '', #9060 ) ;
#2312 = DIRECTION ( 'NONE',  ( -0.000000000000000000, -0.000000000000000000, -1.000000000000000000 ) ) ;
#2313 = FACE_OUTER_BOUND ( 'NONE', #2628, .T. ) ;
#2314 = EDGE_CURVE ( 'NONE', #2703, #9223, #1298, .T. ) ;
#2315 = EDGE_CURVE ( 'NONE', #1578, #5651, #5169, .T. ) ;
#2316 = CARTESIAN_POINT ( 'NONE',  ( 2.999999999999999556, -5.013878188659972146, -8.799999999999998934 ) ) ;
#2317 = SURFACE_STYLE_USAGE ( .BOTH. , #6178 ) ;
#2318 = ORIENTED_EDGE ( 'NONE', *, *, #8575, .T. ) ;
#2319 = CARTESIAN_POINT ( 'NONE',  ( 2.799999999999999822, -9.013878188659973034, -8.799999999999998934 ) ) ;
#2320 = ORIENTED_EDGE ( 'NONE', *, *, #9766, .T. ) ;
#2321 = CARTESIAN_POINT ( 'NONE',  ( 2.999999999999999556, -5.213878188659972324, -2.000000000000000000 ) ) ;
#2322 = CARTESIAN_POINT ( 'NONE',  ( -1.600000000000000089, 3.199999999999998401, -8.799999999999998934 ) ) ;
#2323 = PRESENTATION_STYLE_ASSIGNMENT (( #4898 ) ) ;
#2324 = EDGE_CURVE ( 'NONE', #2986, #1854, #1894, .T. ) ;
#2325 = EDGE_CURVE ( 'NONE', #2905, #3701, #8078, .T. ) ;
#2326 = PRESENTATION_STYLE_ASSIGNMENT (( #6458 ) ) ;
#2327 = CARTESIAN_POINT ( 'NONE',  ( -2.999999999999999556, -5.013878188659972146, -8.799999999999998934 ) ) ;
#2328 = VECTOR ( 'NONE', #2091, 1000.000000000000000 ) ;
#2329 = CARTESIAN_POINT ( 'NONE',  ( -0.02774862219254034881, -0.2562909530476126796, -20.59999999999998010 ) ) ;
#2330 = ORIENTED_EDGE ( 'NONE', *, *, #6186, .F. ) ;
#2331 = CARTESIAN_POINT ( 'NONE',  ( -0.8844924785162914249, 0.007921573735645502309, -20.40000000000000568 ) ) ;
#2332 = CARTESIAN_POINT ( 'NONE',  ( 0.8251846727412802673, -0.003025269870173140276, -20.60000000000000497 ) ) ;
#2333 = ORIENTED_EDGE ( 'NONE', *, *, #6598, .T. ) ;
#2334 = FACE_OUTER_BOUND ( 'NONE', #1627, .T. ) ;
#2335 = PRESENTATION_LAYER_ASSIGNMENT (  '', '', ( #6277 ) ) ;
#2336 = EDGE_CURVE ( 'NONE', #9237, #6149, #10352, .T. ) ;
#2337 = ORIENTED_EDGE ( 'NONE', *, *, #9855, .F. ) ;
#2338 = CARTESIAN_POINT ( 'NONE',  ( -5.576984191156757475, 0.4660101833160233964, -20.40000000000000213 ) ) ;
#2339 = UNCERTAINTY_MEASURE_WITH_UNIT (LENGTH_MEASURE( 1.000000000000000082E-05 ), #8428, 'distance_accuracy_value', 'NONE');
#2340 = CARTESIAN_POINT ( 'NONE',  ( 0.000000000000000000, 0.000000000000000000, 6.713295847694284113 ) ) ;
#2341 = SURFACE_STYLE_USAGE ( .BOTH. , #5024 ) ;
#2342 = LINE ( 'NONE', #1319, #8480 ) ;
#2343 =( NAMED_UNIT ( * ) PLANE_ANGLE_UNIT ( ) SI_UNIT ( $, .RADIAN. ) );
#2344 = ORIENTED_EDGE ( 'NONE', *, *, #5326, .T. ) ;
#2345 = ORIENTED_EDGE ( 'NONE', *, *, #371, .T. ) ;
#2346 = MECHANICAL_DESIGN_GEOMETRIC_PRESENTATION_REPRESENTATION (  '', ( #3531 ), #3019 ) ;
#2347 = CARTESIAN_POINT ( 'NONE',  ( -2.799999999999999822, 9.013878188659973034, -2.200000000000000622 ) ) ;
#2348 = CARTESIAN_POINT ( 'NONE',  ( 5.644019810055005415, 0.3643462222770625369, -20.60000000000000142 ) ) ;
#2349 = CARTESIAN_POINT ( 'NONE',  ( 7.400000000000000355, 3.999999999999998224, -18.59999999999999787 ) ) ;
#2350 = COLOUR_RGB ( '',0.6941176470588235059, 0.09803921568627450844, 0.09803921568627450844 ) ;
#2351 = STYLED_ITEM ( 'NONE', ( #5894 ), #5149 ) ;
#2352 = CARTESIAN_POINT ( 'NONE',  ( 5.307980849016044722, -0.8976261803203400280, -20.40000000000000213 ) ) ;
#2353 = CARTESIAN_POINT ( 'NONE',  ( -0.8803587825609939799, -0.1101877482158503535, -20.60000000000000853 ) ) ;
#2354 = TOROIDAL_SURFACE ( 'NONE', #8194, 0.4000000000000000222, 0.2000000000000000111 ) ;
#2355 = DIRECTION ( 'NONE',  ( 0.000000000000000000, 0.000000000000000000, -1.000000000000000000 ) ) ;
#2356 = ORIENTED_EDGE ( 'NONE', *, *, #9343, .T. ) ;
#2357 =( NAMED_UNIT ( * ) SI_UNIT ( $, .STERADIAN. ) SOLID_ANGLE_UNIT ( ) );
#2358 = ADVANCED_FACE ( 'NONE', ( #8731 ), #6348, .T. ) ;
#2359 = LINE ( 'NONE', #9090, #3377 ) ;
#2360 = AXIS2_PLACEMENT_3D ( 'NONE', #3948, #7339, #5557 ) ;
#2361 = CIRCLE ( 'NONE', #5622, 9.000000000000000000 ) ;
#2362 = AXIS2_PLACEMENT_3D ( 'NONE', #1279, #2724, #7631 ) ;
#2363 = ORIENTED_EDGE ( 'NONE', *, *, #6122, .T. ) ;
#2364 = CARTESIAN_POINT ( 'NONE',  ( 5.595827031504922999, 0.4292348702572857944, -20.40000000000000924 ) ) ;
#2365 =( LENGTH_UNIT ( ) NAMED_UNIT ( * ) SI_UNIT ( .MILLI., .METRE. ) );
#2366 = LINE ( 'NONE', #7369, #3392 ) ;
#2367 = CARTESIAN_POINT ( 'NONE',  ( -0.9279760839238437864, 0.4186246102469154962, -20.39999999999999858 ) ) ;
#2368 = CARTESIAN_POINT ( 'NONE',  ( 1.314580923262005152, -0.8781456608398205965, -20.40000000000000213 ) ) ;
#2369 =( GEOMETRIC_REPRESENTATION_CONTEXT ( 3 ) GLOBAL_UNCERTAINTY_ASSIGNED_CONTEXT ( ( #1376 ) ) GLOBAL_UNIT_ASSIGNED_CONTEXT ( ( #7675, #1017, #4290 ) ) REPRESENTATION_CONTEXT ( 'NONE', 'WORKASPACE' ) );
#2370 = FACE_OUTER_BOUND ( 'NONE', #8267, .T. ) ;
#2371 = COLOUR_RGB ( '',1.000000000000000000, 1.000000000000000000, 1.000000000000000000 ) ;
#2372 = ORIENTED_EDGE ( 'NONE', *, *, #1240, .T. ) ;
#2373 = ADVANCED_FACE ( 'NONE', ( #7537 ), #1781, .T. ) ;
#2374 = FILL_AREA_STYLE_COLOUR ( '', #4920 ) ;
#2375 = ORIENTED_EDGE ( 'NONE', *, *, #6033, .F. ) ;
#2376 = SURFACE_STYLE_USAGE ( .BOTH. , #4031 ) ;
#2377 = CARTESIAN_POINT ( 'NONE',  ( -0.3858881151875265814, -0.7218369496427781140, -20.60000000000000142 ) ) ;
#2378 = CIRCLE ( 'NONE', #2702, 0.2000000000000005107 ) ;
#2379 = CARTESIAN_POINT ( 'NONE',  ( -5.905227277861171409, -0.6020685101100509140, -20.60000000000000853 ) ) ;
#2380 = DIRECTION ( 'NONE',  ( 0.000000000000000000, 0.000000000000000000, -1.000000000000000000 ) ) ;
#2381 = MECHANICAL_DESIGN_GEOMETRIC_PRESENTATION_REPRESENTATION (  '', ( #8391 ), #9088 ) ;
#2382 = CARTESIAN_POINT ( 'NONE',  ( -4.345450900130518157, -0.3779124870668759129, -20.60000000000000497 ) ) ;
#2383 = ORIENTED_EDGE ( 'NONE', *, *, #8651, .T. ) ;
#2384 = ADVANCED_FACE ( 'NONE', ( #5063 ), #1070, .T. ) ;
#2385 = ADVANCED_FACE ( 'NONE', ( #6880 ), #2781, .T. ) ;
#2386 = ORIENTED_EDGE ( 'NONE', *, *, #465, .F. ) ;
#2387 = CARTESIAN_POINT ( 'NONE',  ( 4.904240739418622930, 0.5727900671557801804, -20.39999999999999858 ) ) ;
#2388 = CARTESIAN_POINT ( 'NONE',  ( -5.619589194897407936, -0.6741165817585943465, -20.60000000000000497 ) ) ;
#2389 = CARTESIAN_POINT ( 'NONE',  ( -6.599999999999999645, 1.599999999999998757, -8.799999999999998934 ) ) ;
#2390 = ORIENTED_EDGE ( 'NONE', *, *, #8270, .F. ) ;
#2391 = LINE ( 'NONE', #92, #9845 ) ;
#2392 = CARTESIAN_POINT ( 'NONE',  ( -7.869140320336472705, 4.813878188659971080, -2.200000000000000622 ) ) ;
#2393 = CARTESIAN_POINT ( 'NONE',  ( 0.5091831959892778592, -0.8781456608398205965, -20.60000000000000142 ) ) ;
#2394 = SURFACE_STYLE_USAGE ( .BOTH. , #4100 ) ;
#2395 = CARTESIAN_POINT ( 'NONE',  ( 4.805450049133005663, 0.4868496915272264580, -20.39999999999999858 ) ) ;
#2396 = ORIENTED_EDGE ( 'NONE', *, *, #7053, .F. ) ;
#2397 = AXIS2_PLACEMENT_3D ( 'NONE', #6881, #3703, #2782 ) ;
#2398 = EDGE_CURVE ( 'NONE', #4096, #8002, #6888, .T. ) ;
#2399 = CARTESIAN_POINT ( 'NONE',  ( 5.775078273000771922, 0.08053288735248986807, -20.40000000000000213 ) ) ;
#2400 = FACE_OUTER_BOUND ( 'NONE', #913, .T. ) ;
#2401 = SURFACE_STYLE_FILL_AREA ( #3159 ) ;
#2402 = DIRECTION ( 'NONE',  ( 0.1726266455515552689, -0.9849873305000514945, 0.000000000000000000 ) ) ;
#2403 = DIRECTION ( 'NONE',  ( 0.000000000000000000, 0.000000000000000000, 1.000000000000000000 ) ) ;
#2404 = CARTESIAN_POINT ( 'NONE',  ( 2.799999999999999822, 8.813878188659971968, -20.40000000000000213 ) ) ;
#2405 = CARTESIAN_POINT ( 'NONE',  ( -0.8558541792411740179, -0.2534774874328540872, -20.59999999999999787 ) ) ;
#2406 =( LENGTH_UNIT ( ) NAMED_UNIT ( * ) SI_UNIT ( .MILLI., .METRE. ) );
#2407 = CARTESIAN_POINT ( 'NONE',  ( 5.083984634993700347, -0.6568877140137278081, -20.40000000000000213 ) ) ;
#2408 = ORIENTED_EDGE ( 'NONE', *, *, #9526, .F. ) ;
#2409 = ADVANCED_FACE ( 'NONE', ( #9199 ), #8281, .T. ) ;
#2410 = DIRECTION ( 'NONE',  ( 1.000000000000000000, 0.000000000000000000, -0.000000000000000000 ) ) ;
#2411 = CARTESIAN_POINT ( 'NONE',  ( -0.06963403859844706500, 0.05775851364963312251, -20.60000000000000142 ) ) ;
#2412 = PRESENTATION_LAYER_ASSIGNMENT (  '', '', ( #6177 ) ) ;
#2413 = ORIENTED_EDGE ( 'NONE', *, *, #3421, .F. ) ;
#2414 = CARTESIAN_POINT ( 'NONE',  ( 5.365404479117920289, 0.6026686602435101792, -20.39999999999999858 ) ) ;
#2415 = CARTESIAN_POINT ( 'NONE',  ( 7.869140320336472705, -5.013878188659970370, -2.200000000000000622 ) ) ;
#2416 = CARTESIAN_POINT ( 'NONE',  ( -4.020265311158486732, 0.09471229587822985185, -20.60000000000000142 ) ) ;
#2417 = SURFACE_STYLE_FILL_AREA ( #866 ) ;
#2418 = CARTESIAN_POINT ( 'NONE',  ( -8.069140320336472882, -4.813878188659970192, -8.799999999999998934 ) ) ;
#2419 = LINE ( 'NONE', #3072, #6931 ) ;
#2420 =( LENGTH_UNIT ( ) NAMED_UNIT ( * ) SI_UNIT ( .MILLI., .METRE. ) );
#2421 = CARTESIAN_POINT ( 'NONE',  ( -5.959890521470039282, -0.4946572093757611865, -20.40000000000000568 ) ) ;
#2422 = ORIENTED_EDGE ( 'NONE', *, *, #5989, .F. ) ;
#2423 = ORIENTED_EDGE ( 'NONE', *, *, #8830, .T. ) ;
#2424 = AXIS2_PLACEMENT_3D ( 'NONE', #4816, #9066, #2492 ) ;
#2425 = CARTESIAN_POINT ( 'NONE',  ( -0.2908363504040772374, -0.7048701680291343807, -20.39999999999999503 ) ) ;
#2426 = ADVANCED_FACE ( 'NONE', ( #5584 ), #2521, .T. ) ;
#2427 = VECTOR ( 'NONE', #511, 1000.000000000000000 ) ;
#2428 = CARTESIAN_POINT ( 'NONE',  ( -4.339058054793120789, -0.3573461478528076607, -20.40000000000000568 ) ) ;
#2429 = CARTESIAN_POINT ( 'NONE',  ( 1.700000000000000178, 9.213878188659972324, -8.799999999999998934 ) ) ;
#2430 = ORIENTED_EDGE ( 'NONE', *, *, #7836, .T. ) ;
#2431 = EDGE_LOOP ( 'NONE', ( #7473, #9408, #4725, #7503, #903, #8019, #1859, #4891, #6062, #3231, #9070, #7333 ) ) ;
#2432 = CARTESIAN_POINT ( 'NONE',  ( -4.936513852579873962, 0.0007362267868382540385, -20.39999999999999858 ) ) ;
#2433 = B_SPLINE_SURFACE_WITH_KNOTS ( 'NONE', 3, 1, ( 
 ( #3245, #8297 ),
 ( #4960, #7551 ),
 ( #6522, #9805 ),
 ( #8243, #9118 ),
 ( #2432, #3449 ),
 ( #5714, #1794 ),
 ( #9010, #6687 ),
 ( #5826, #8192 ),
 ( #834, #4090 ),
 ( #1741, #7387 ),
 ( #6574, #9973 ) ),
 .UNSPECIFIED., .F., .F., .F.,
 ( 4, 1, 1, 1, 1, 1, 1, 1, 4 ),
 ( 2, 2 ),
 ( 0.000000000000000000, 0.1376898960779014969, 0.2703472686760570731, 0.3984851857688636034, 0.5233538608675942783, 0.6449881229334322175, 0.7646871457456997367, 0.8826050126123293760, 1.000000000000000000 ),
 ( 0.000000000000000000, 1.000000000000000000 ),
 .UNSPECIFIED. ) ;
#2434 = AXIS2_PLACEMENT_3D ( 'NONE', #9339, #4398, #10057 ) ;
#2435 = DIRECTION ( 'NONE',  ( 0.1240347345892091474, -0.9922778767136676281, 0.000000000000000000 ) ) ;
#2436 = CARTESIAN_POINT ( 'NONE',  ( -0.5679650766118642391, -0.6772330428606009312, -20.60000000000000497 ) ) ;
#2437 = CARTESIAN_POINT ( 'NONE',  ( 1.600000000000000089, -7.599999999999996980, -2.000000000000000000 ) ) ;
#2438 = EDGE_CURVE ( 'NONE', #1729, #2606, #3227, .T. ) ;
#2439 = UNCERTAINTY_MEASURE_WITH_UNIT (LENGTH_MEASURE( 1.000000000000000082E-05 ), #111, 'distance_accuracy_value', 'NONE');
#2440 = CARTESIAN_POINT ( 'NONE',  ( -1.600000000000000089, 3.199999999999998401, -8.799999999999998934 ) ) ;
#2441 = EDGE_CURVE ( 'NONE', #7049, #138, #6502, .T. ) ;
#2442 = DIRECTION ( 'NONE',  ( -1.000000000000000000, 0.000000000000000000, 0.000000000000000000 ) ) ;
#2443 = CARTESIAN_POINT ( 'NONE',  ( 4.948707077278980293, -0.5078950630585731263, -20.40000000000000924 ) ) ;
#2444 = CARTESIAN_POINT ( 'NONE',  ( -0.7259606046403692670, 0.5981724133349639594, -20.60000000000000142 ) ) ;
#2445 = ORIENTED_EDGE ( 'NONE', *, *, #8590, .F. ) ;
#2446 = ORIENTED_EDGE ( 'NONE', *, *, #8079, .T. ) ;
#2447 = DIRECTION ( 'NONE',  ( 1.000000000000000000, 0.000000000000000000, 0.000000000000000000 ) ) ;
#2448 = DIRECTION ( 'NONE',  ( 1.000000000000000000, 0.000000000000000000, 0.000000000000000000 ) ) ;
#2449 = VECTOR ( 'NONE', #2546, 1000.000000000000000 ) ;
#2450 = CARTESIAN_POINT ( 'NONE',  ( -0.5075268614571377679, -0.8835316773425457848, -20.59999999999999787 ) ) ;
#2451 = STYLED_ITEM ( 'NONE', ( #9813 ), #3223 ) ;
#2452 = CARTESIAN_POINT ( 'NONE',  ( -0.3752474099805118701, -0.8973562296836248287, -20.59999999999999787 ) ) ;
#2453 = DIRECTION ( 'NONE',  ( -0.000000000000000000, -0.000000000000000000, -1.000000000000000000 ) ) ;
#2454 = CARTESIAN_POINT ( 'NONE',  ( -1.599999999999999867, -5.999999999999997335, -8.799999999999998934 ) ) ;
#2455 = CARTESIAN_POINT ( 'NONE',  ( -6.027473497809805458, 0.2782162287069386841, -20.40000000000000924 ) ) ;
#2456 = EDGE_CURVE ( 'NONE', #4531, #5180, #5807, .T. ) ;
#2457 = CARTESIAN_POINT ( 'NONE',  ( 7.869140320336472705, 5.213878188659970547, -2.000000000000000000 ) ) ;
#2458 = CARTESIAN_POINT ( 'NONE',  ( 1.600000000000000089, -5.999999999999997335, 0.000000000000000000 ) ) ;
#2459 =( NAMED_UNIT ( * ) PLANE_ANGLE_UNIT ( ) SI_UNIT ( $, .RADIAN. ) );
#2460 = CARTESIAN_POINT ( 'NONE',  ( 5.066991263610191254, -0.6433302629182148236, -20.60000000000000142 ) ) ;
#2461 = STYLED_ITEM ( 'NONE', ( #817 ), #9928 ) ;
#2462 = VERTEX_POINT ( 'NONE', #177 ) ;
#2463 = LINE ( 'NONE', #4019, #1896 ) ;
#2464 = AXIS2_PLACEMENT_3D ( 'NONE', #10236, #7111, #7166 ) ;
#2465 = CARTESIAN_POINT ( 'NONE',  ( -0.2245560706809656137, 0.5534469561450112707, -20.59999999999999787 ) ) ;
#2466 = LINE ( 'NONE', #1663, #5439 ) ;
#2467 = ORIENTED_EDGE ( 'NONE', *, *, #1790, .F. ) ;
#2468 = CYLINDRICAL_SURFACE ( 'NONE', #7894, 0.1999999999999987899 ) ;
#2469 = COLOUR_RGB ( '',1.000000000000000000, 1.000000000000000000, 1.000000000000000000 ) ;
#2470 = LINE ( 'NONE', #8225, #2867 ) ;
#2471 = CARTESIAN_POINT ( 'NONE',  ( 5.622027547605732423, -0.5027786375701198684, -20.60000000000000497 ) ) ;
#2472 = DIRECTION ( 'NONE',  ( -0.000000000000000000, -0.000000000000000000, -1.000000000000000000 ) ) ;
#2473 = DIRECTION ( 'NONE',  ( 1.000000000000000000, 3.422125580184494708E-16, 0.000000000000000000 ) ) ;
#2474 = ADVANCED_FACE ( 'NONE', ( #6670 ), #9787, .F. ) ;
#2475 = VECTOR ( 'NONE', #3558, 1000.000000000000000 ) ;
#2476 = PRESENTATION_STYLE_ASSIGNMENT (( #9150 ) ) ;
#2477 = CARTESIAN_POINT ( 'NONE',  ( -5.819252872969022050, -0.4366939112938671430, -20.40000000000000924 ) ) ;
#2478 = ORIENTED_EDGE ( 'NONE', *, *, #3827, .F. ) ;
#2479 = CARTESIAN_POINT ( 'NONE',  ( 1.021259218844690730, 0.09471229587822987961, -20.40000000000000213 ) ) ;
#2480 = VERTEX_POINT ( 'NONE', #4236 ) ;
#2481 = FILL_AREA_STYLE ('',( #185 ) ) ;
#2482 = CARTESIAN_POINT ( 'NONE',  ( -2.999999999999999556, -5.213878188659972324, -2.200000000000000622 ) ) ;
#2483 = CARTESIAN_POINT ( 'NONE',  ( 0.6632878342612744671, -0.4910329885073131950, -20.60000000000000497 ) ) ;
#2484 = CARTESIAN_POINT ( 'NONE',  ( -4.398678035173504419, -0.5683404060495111931, -20.40000000000000924 ) ) ;
#2485 = ORIENTED_EDGE ( 'NONE', *, *, #569, .T. ) ;
#2486 = CARTESIAN_POINT ( 'NONE',  ( -0.5300001659706566892, 0.4655575693260628478, -20.60000000000000497 ) ) ;
#2487 = ORIENTED_EDGE ( 'NONE', *, *, #5135, .F. ) ;
#2488 = CARTESIAN_POINT ( 'NONE',  ( 7.869140320336472705, 0.000000000000000000, -20.40000000000000213 ) ) ;
#2489 = EDGE_CURVE ( 'NONE', #1059, #5368, #3815, .T. ) ;
#2490 = CARTESIAN_POINT ( 'NONE',  ( -5.358951136704008356, -0.7157029552997903332, -20.60000000000000497 ) ) ;
#2491 = CARTESIAN_POINT ( 'NONE',  ( 0.5091831959892778592, -0.8781456608398205965, -20.60000000000000142 ) ) ;
#2492 = DIRECTION ( 'NONE',  ( -1.000000000000000000, 0.000000000000000000, -0.000000000000000000 ) ) ;
#2493 = DIRECTION ( 'NONE',  ( 0.000000000000000000, -1.000000000000000000, 0.000000000000000000 ) ) ;
#2494 = FILL_AREA_STYLE_COLOUR ( '', #2806 ) ;
#2495 = ORIENTED_EDGE ( 'NONE', *, *, #7388, .F. ) ;
#2496 = LINE ( 'NONE', #4156, #3604 ) ;
#2497 = ORIENTED_EDGE ( 'NONE', *, *, #10482, .T. ) ;
#2498 = ADVANCED_FACE ( 'NONE', ( #9955 ), #5854, .F. ) ;
#2499 = CARTESIAN_POINT ( 'NONE',  ( -4.334501618395189659, -0.3430373459431885208, -20.60000000000000497 ) ) ;
#2500 = ORIENTED_EDGE ( 'NONE', *, *, #2674, .T. ) ;
#2501 = PRESENTATION_STYLE_ASSIGNMENT (( #6594 ) ) ;
#2502 = LINE ( 'NONE', #1652, #3311 ) ;
#2503 = DIRECTION ( 'NONE',  ( -0.000000000000000000, -0.000000000000000000, 1.000000000000000000 ) ) ;
#2504 = CARTESIAN_POINT ( 'NONE',  ( -5.952715968582795725, 0.4513562701014058320, -20.39999999999999503 ) ) ;
#2505 = CARTESIAN_POINT ( 'NONE',  ( 2.600000000000000533, 0.7999999999999987121, -18.59999999999999787 ) ) ;
#2506 = AXIS2_PLACEMENT_3D ( 'NONE', #3165, #9722, #1562 ) ;
#2507 = CARTESIAN_POINT ( 'NONE',  ( 5.083984634993700347, -0.6568877140137278081, -20.60000000000000142 ) ) ;
#2508 = VECTOR ( 'NONE', #7226, 1000.000000000000000 ) ;
#2509 = ORIENTED_EDGE ( 'NONE', *, *, #7972, .T. ) ;
#2510 = CARTESIAN_POINT ( 'NONE',  ( 3.199999999999999734, -5.213878188659972324, -20.40000000000000213 ) ) ;
#2511 = ADVANCED_FACE ( 'NONE', ( #2574 ), #2024, .T. ) ;
#2512 = CARTESIAN_POINT ( 'NONE',  ( -0.05091048096561143210, -0.01427628887426045205, -20.59999999999999432 ) ) ;
#2513 = EDGE_CURVE ( 'NONE', #4738, #2972, #8484, .T. ) ;
#2514 = ORIENTED_EDGE ( 'NONE', *, *, #1418, .T. ) ;
#2515 = CARTESIAN_POINT ( 'NONE',  ( -5.434532892455458786, -0.7223015049956648115, -20.40000000000000213 ) ) ;
#2516 = STYLED_ITEM ( 'NONE', ( #588 ), #5178 ) ;
#2517 = CARTESIAN_POINT ( 'NONE',  ( -5.257676488562776029, -0.6774171461613891498, -20.40000000000000568 ) ) ;
#2518 = MECHANICAL_DESIGN_GEOMETRIC_PRESENTATION_REPRESENTATION (  '', ( #7170 ), #1666 ) ;
#2519 = CARTESIAN_POINT ( 'NONE',  ( -2.399999999999999911, 8.399999999999998579, -18.59999999999999787 ) ) ;
#2520 = FACE_OUTER_BOUND ( 'NONE', #974, .T. ) ;
#2521 = PLANE ( 'NONE',  #1412 ) ;
#2522 =( NAMED_UNIT ( * ) SI_UNIT ( $, .STERADIAN. ) SOLID_ANGLE_UNIT ( ) );
#2523 = CARTESIAN_POINT ( 'NONE',  ( -7.869140320336472705, -5.013878188659970370, -20.40000000000000213 ) ) ;
#2524 = ORIENTED_EDGE ( 'NONE', *, *, #2489, .T. ) ;
#2525 = COLOUR_RGB ( '',1.000000000000000000, 1.000000000000000000, 1.000000000000000000 ) ;
#2526 = AXIS2_PLACEMENT_3D ( 'NONE', #98, #1642, #3955 ) ;
#2527 = CIRCLE ( 'NONE', #3909, 0.9500000000000000666 ) ;
#2528 = CARTESIAN_POINT ( 'NONE',  ( 1.105774105080187031, 0.3926538521471922838, -20.40000000000000213 ) ) ;
#2529 = EDGE_CURVE ( 'NONE', #10320, #9237, #1224, .T. ) ;
#2530 = ORIENTED_EDGE ( 'NONE', *, *, #5536, .F. ) ;
#2531 =( LENGTH_UNIT ( ) NAMED_UNIT ( * ) SI_UNIT ( .MILLI., .METRE. ) );
#2532 = CARTESIAN_POINT ( 'NONE',  ( 4.895374619918377412, -0.3954357944268942493, -20.39999999999999858 ) ) ;
#2533 = CARTESIAN_POINT ( 'NONE',  ( 2.799999999999999822, -8.813878188659971968, -2.200000000000000622 ) ) ;
#2534 = DIRECTION ( 'NONE',  ( -0.000000000000000000, -0.000000000000000000, -1.000000000000000000 ) ) ;
#2535 = VECTOR ( 'NONE', #8862, 1000.000000000000000 ) ;
#2536 = VECTOR ( 'NONE', #7627, 1000.000000000000000 ) ;
#2537 = CIRCLE ( 'NONE', #5961, 0.1999999999999987899 ) ;
#2538 = DIRECTION ( 'NONE',  ( -0.000000000000000000, -1.000000000000000000, -0.000000000000000000 ) ) ;
#2539 = CARTESIAN_POINT ( 'NONE',  ( 1.600000000000000089, 3.199999999999998401, -8.799999999999998934 ) ) ;
#2540 = ORIENTED_EDGE ( 'NONE', *, *, #8778, .T. ) ;
#2541 = VECTOR ( 'NONE', #4040, 1000.000000000000000 ) ;
#2542 = ORIENTED_EDGE ( 'NONE', *, *, #1071, .F. ) ;
#2543 =( NAMED_UNIT ( * ) SI_UNIT ( $, .STERADIAN. ) SOLID_ANGLE_UNIT ( ) );
#2544 = CARTESIAN_POINT ( 'NONE',  ( -3.199999999999999734, -5.213878188659972324, -2.200000000000000178 ) ) ;
#2545 = CARTESIAN_POINT ( 'NONE',  ( -0.3366153831198632762, 0.6104138278623457703, -20.40000000000000213 ) ) ;
#2546 = DIRECTION ( 'NONE',  ( -1.000000000000000000, 0.000000000000000000, 0.000000000000000000 ) ) ;
#2547 =( GEOMETRIC_REPRESENTATION_CONTEXT ( 3 ) GLOBAL_UNCERTAINTY_ASSIGNED_CONTEXT ( ( #4367 ) ) GLOBAL_UNIT_ASSIGNED_CONTEXT ( ( #5195, #4390, #2069 ) ) REPRESENTATION_CONTEXT ( 'NONE', 'WORKASPACE' ) );
#2548 = UNCERTAINTY_MEASURE_WITH_UNIT (LENGTH_MEASURE( 1.000000000000000082E-05 ), #10412, 'distance_accuracy_value', 'NONE');
#2549 = CYLINDRICAL_SURFACE ( 'NONE', #604, 0.2000000000000000944 ) ;
#2550 = CARTESIAN_POINT ( 'NONE',  ( -0.9279760839238437864, 0.4186246102469154962, -20.39999999999999503 ) ) ;
#2551 = LINE ( 'NONE', #5129, #9444 ) ;
#2552 = ORIENTED_EDGE ( 'NONE', *, *, #9621, .F. ) ;
#2553 = CARTESIAN_POINT ( 'NONE',  ( 2.400000000000000355, 5.199999999999997513, -18.59999999999999787 ) ) ;
#2554 = DIRECTION ( 'NONE',  ( -0.000000000000000000, -0.000000000000000000, 1.000000000000000000 ) ) ;
#2555 = ORIENTED_EDGE ( 'NONE', *, *, #7684, .F. ) ;
#2556 = CARTESIAN_POINT ( 'NONE',  ( 5.950000000000000178, 2.399999999999998579, -18.59999999999999787 ) ) ;
#2557 = CARTESIAN_POINT ( 'NONE',  ( 0.5974801113033417765, -0.4540927025679674101, -20.39999999999999503 ) ) ;
#2558 = CARTESIAN_POINT ( 'NONE',  ( 5.487739339529797533, 0.5335092441243761696, -20.40000000000000213 ) ) ;
#2559 = CARTESIAN_POINT ( 'NONE',  ( 5.559604209943875830, -0.8355450963236156214, -20.40000000000000213 ) ) ;
#2560 =( NAMED_UNIT ( * ) SI_UNIT ( $, .STERADIAN. ) SOLID_ANGLE_UNIT ( ) );
#2561 = EDGE_CURVE ( 'NONE', #10593, #9649, #1062, .T. ) ;
#2562 = SURFACE_SIDE_STYLE ('',( #8163 ) ) ;
#2563 = AXIS2_PLACEMENT_3D ( 'NONE', #6629, #5975, #1842 ) ;
#2564 = ORIENTED_EDGE ( 'NONE', *, *, #6894, .T. ) ;
#2565 = CARTESIAN_POINT ( 'NONE',  ( 0.4136068972879791139, 0.6218543391601795145, -20.60000000000000142 ) ) ;
#2566 = PLANE ( 'NONE',  #7505 ) ;
#2567 = ORIENTED_EDGE ( 'NONE', *, *, #3008, .T. ) ;
#2568 = CARTESIAN_POINT ( 'NONE',  ( 2.400000000000000355, 0.7999999999999984901, -18.59999999999999787 ) ) ;
#2569 = VECTOR ( 'NONE', #9145, 1000.000000000000000 ) ;
#2570 = DIRECTION ( 'NONE',  ( -1.000000000000000000, -6.776263578034403945E-17, 0.000000000000000000 ) ) ;
#2571 = CARTESIAN_POINT ( 'NONE',  ( -4.475421691156756587, -0.2572041023982621910, -20.40000000000000213 ) ) ;
#2572 = DIRECTION ( 'NONE',  ( -0.000000000000000000, -1.000000000000000000, -0.000000000000000000 ) ) ;
#2573 = CARTESIAN_POINT ( 'NONE',  ( -3.199999999999999289, -3.469446951953613203E-16, -2.000000000000000000 ) ) ;
#2574 = FACE_OUTER_BOUND ( 'NONE', #6850, .T. ) ;
#2575 = DIRECTION ( 'NONE',  ( 6.303464242767049634E-13, -1.440548461357896418E-11, -1.000000000000000000 ) ) ;
#2576 = EDGE_CURVE ( 'NONE', #7360, #4516, #4059, .T. ) ;
#2577 = CARTESIAN_POINT ( 'NONE',  ( -5.686362850125873614, -0.8241775207355100941, -20.40000000000000568 ) ) ;
#2578 = EDGE_CURVE ( 'NONE', #3683, #7295, #1367, .T. ) ;
#2579 = ORIENTED_EDGE ( 'NONE', *, *, #3579, .F. ) ;
#2580 = COLOUR_RGB ( '',1.000000000000000000, 1.000000000000000000, 1.000000000000000000 ) ;
#2581 = DIRECTION ( 'NONE',  ( 1.000000000000000000, 0.000000000000000000, 0.000000000000000000 ) ) ;
#2582 = ORIENTED_EDGE ( 'NONE', *, *, #4138, .F. ) ;
#2583 = DIRECTION ( 'NONE',  ( 0.000000000000000000, 0.000000000000000000, 1.000000000000000000 ) ) ;
#2584 = CARTESIAN_POINT ( 'NONE',  ( -5.243207843500147014, 0.5335092441243760586, -20.40000000000000213 ) ) ;
#2585 = DIRECTION ( 'NONE',  ( -1.000000000000000000, 0.000000000000000000, 0.000000000000000000 ) ) ;
#2586 = VECTOR ( 'NONE', #10475, 1000.000000000000000 ) ;
#2587 = CARTESIAN_POINT ( 'NONE',  ( -5.983764197451996836, -0.4347845258531026769, -20.59999999999999787 ) ) ;
#2588 = EDGE_CURVE ( 'NONE', #9780, #1400, #570, .T. ) ;
#2589 = CARTESIAN_POINT ( 'NONE',  ( 5.156702439925135550, 0.6413348586406989460, -20.60000000000000142 ) ) ;
#2590 = LINE ( 'NONE', #3698, #8219 ) ;
#2591 = VECTOR ( 'NONE', #5722, 1000.000000000000000 ) ;
#2592 = ORIENTED_EDGE ( 'NONE', *, *, #7972, .F. ) ;
#2593 = COLOUR_RGB ( '',0.007843137254901960675, 0.2392156862745097867, 0.8235294117647058432 ) ;
#2594 = FACE_OUTER_BOUND ( 'NONE', #9932, .T. ) ;
#2595 = ORIENTED_EDGE ( 'NONE', *, *, #6106, .T. ) ;
#2596 = DIRECTION ( 'NONE',  ( -1.000000000000000000, 0.000000000000000000, 0.000000000000000000 ) ) ;
#2597 = CARTESIAN_POINT ( 'NONE',  ( -2.600000000000000533, 3.999999999999998224, -20.60000000000000142 ) ) ;
#2598 = CARTESIAN_POINT ( 'NONE',  ( -0.8846662068083009922, -0.02689491587713456131, -20.39999999999999858 ) ) ;
#2599 = DIRECTION ( 'NONE',  ( 1.000000000000000000, 0.000000000000000000, 0.000000000000000000 ) ) ;
#2600 = CARTESIAN_POINT ( 'NONE',  ( -3.726943606741171866, -0.8781456608398207075, -20.60000000000000142 ) ) ;
#2601 =( NAMED_UNIT ( * ) PLANE_ANGLE_UNIT ( ) SI_UNIT ( $, .RADIAN. ) );
#2602 = CARTESIAN_POINT ( 'NONE',  ( 0.8036078148224815587, -0.06092787787667006821, -20.59999999999999787 ) ) ;
#2603 = ORIENTED_EDGE ( 'NONE', *, *, #6907, .F. ) ;
#2604 = CARTESIAN_POINT ( 'NONE',  ( 4.886807644709805665, -0.3667512949503002329, -20.60000000000000142 ) ) ;
#2605 = EDGE_LOOP ( 'NONE', ( #10467, #2564, #394 ) ) ;
#2606 = VERTEX_POINT ( 'NONE', #4777 ) ;
#2607 =( GEOMETRIC_REPRESENTATION_CONTEXT ( 3 ) GLOBAL_UNCERTAINTY_ASSIGNED_CONTEXT ( ( #7703 ) ) GLOBAL_UNIT_ASSIGNED_CONTEXT ( ( #2087, #1287, #10173 ) ) REPRESENTATION_CONTEXT ( 'NONE', 'WORKASPACE' ) );
#2608 = CARTESIAN_POINT ( 'NONE',  ( -2.600000000000000533, 0.7999999999999984901, -18.59999999999999787 ) ) ;
#2609 = SURFACE_STYLE_USAGE ( .BOTH. , #9989 ) ;
#2610 = CARTESIAN_POINT ( 'NONE',  ( -0.07736307024448839387, 0.4148738196796599165, -20.60000000000000142 ) ) ;
#2611 = CARTESIAN_POINT ( 'NONE',  ( -5.976604040267229578, 0.4127276919653002363, -20.40000000000000568 ) ) ;
#2612 = SURFACE_SIDE_STYLE ('',( #9993 ) ) ;
#2613 = CARTESIAN_POINT ( 'NONE',  ( 9.999999999999998224, 1.224646799147353059E-15, 8.000000000000000000 ) ) ;
#2614 = CARTESIAN_POINT ( 'NONE',  ( -0.2843173928013169038, -0.8872969924675326858, -20.40000000000000213 ) ) ;
#2615 = ORIENTED_EDGE ( 'NONE', *, *, #3961, .T. ) ;
#2616 = CARTESIAN_POINT ( 'NONE',  ( -4.339058054793120789, -0.3573461478528076607, -20.60000000000000497 ) ) ;
#2617 = FACE_OUTER_BOUND ( 'NONE', #4852, .T. ) ;
#2618 = ORIENTED_EDGE ( 'NONE', *, *, #5931, .T. ) ;
#2619 = EDGE_CURVE ( 'NONE', #10059, #497, #8760, .T. ) ;
#2620 = CARTESIAN_POINT ( 'NONE',  ( -3.569273152195717280, -0.8781456608398205965, -20.60000000000000142 ) ) ;
#2621 = CARTESIAN_POINT ( 'NONE',  ( -4.444044418699836463, -0.4540927025679677431, -20.60000000000000497 ) ) ;
#2622 = CARTESIAN_POINT ( 'NONE',  ( 0.1280955336516154952, -0.2489857582424179205, -20.40000000000000213 ) ) ;
#2623 = CARTESIAN_POINT ( 'NONE',  ( -4.367974450897015970, -0.8781456608398205965, -20.40000000000000213 ) ) ;
#2624 = STYLED_ITEM ( 'NONE', ( #8158 ), #9459 ) ;
#2625 = ORIENTED_EDGE ( 'NONE', *, *, #2805, .F. ) ;
#2626 = CARTESIAN_POINT ( 'NONE',  ( 0.000000000000000000, 0.000000000000000000, -8.799999999999998934 ) ) ;
#2627 =( GEOMETRIC_REPRESENTATION_CONTEXT ( 3 ) GLOBAL_UNCERTAINTY_ASSIGNED_CONTEXT ( ( #1897 ) ) GLOBAL_UNIT_ASSIGNED_CONTEXT ( ( #7163, #3930, #8014 ) ) REPRESENTATION_CONTEXT ( 'NONE', 'WORKASPACE' ) );
#2628 = EDGE_LOOP ( 'NONE', ( #1690, #1975, #2487, #4106 ) ) ;
#2629 = EDGE_CURVE ( 'NONE', #1906, #9165, #7092, .T. ) ;
#2630 = FILL_AREA_STYLE ('',( #4507 ) ) ;
#2631 =( LENGTH_UNIT ( ) NAMED_UNIT ( * ) SI_UNIT ( .MILLI., .METRE. ) );
#2632 = EDGE_CURVE ( 'NONE', #9188, #5273, #2299, .T. ) ;
#2633 = LINE ( 'NONE', #6830, #305 ) ;
#2634 = CARTESIAN_POINT ( 'NONE',  ( 0.1280955336516154952, -0.2489857582424179205, -20.40000000000000213 ) ) ;
#2635 = CARTESIAN_POINT ( 'NONE',  ( -5.602197528759372602, -0.8652495233485464343, -20.40000000000000213 ) ) ;
#2636 = AXIS2_PLACEMENT_3D ( 'NONE', #8162, #805, #6707 ) ;
#2637 = CARTESIAN_POINT ( 'NONE',  ( -3.200000000000000178, -9.013878188659973034, -2.200000000000000622 ) ) ;
#2638 = AXIS2_PLACEMENT_3D ( 'NONE', #9211, #7447, #1847 ) ;
#2639 = CARTESIAN_POINT ( 'NONE',  ( -5.227132892005042386, -0.6576316023481859618, -20.60000000000000853 ) ) ;
#2640 = CARTESIAN_POINT ( 'NONE',  ( -0.6592484829084152009, 0.4350274541265376493, -20.40000000000000213 ) ) ;
#2641 = EDGE_LOOP ( 'NONE', ( #3042, #6470, #5461, #7680 ) ) ;
#2642 = EDGE_CURVE ( 'NONE', #10446, #3683, #3748, .T. ) ;
#2643 = DIRECTION ( 'NONE',  ( -1.000000000000000000, 0.000000000000000000, 0.000000000000000000 ) ) ;
#2644 = ADVANCED_FACE ( 'NONE', ( #7040 ), #3966, .F. ) ;
#2645 = UNCERTAINTY_MEASURE_WITH_UNIT (LENGTH_MEASURE( 1.000000000000000082E-05 ), #3146, 'distance_accuracy_value', 'NONE');
#2646 = CARTESIAN_POINT ( 'NONE',  ( 1.148338677074147496, 0.07069349544887806869, -20.60000000000000497 ) ) ;
#2647 = CARTESIAN_POINT ( 'NONE',  ( 8.069140320336472882, 5.013878188659970370, -2.200000000000000622 ) ) ;
#2648 = CYLINDRICAL_SURFACE ( 'NONE', #10185, 0.2000000000000000944 ) ;
#2649 = CARTESIAN_POINT ( 'NONE',  ( 1.021259218844690730, 0.09471229587822987961, -20.60000000000000142 ) ) ;
#2650 = ORIENTED_EDGE ( 'NONE', *, *, #4949, .T. ) ;
#2651 = SURFACE_STYLE_USAGE ( .BOTH. , #9819 ) ;
#2652 = ORIENTED_EDGE ( 'NONE', *, *, #6958, .T. ) ;
#2653 = ADVANCED_FACE ( 'NONE', ( #7261 ), #7150, .T. ) ;
#2654 = CARTESIAN_POINT ( 'NONE',  ( 0.7024664752100571175, -0.3573461478528076052, -20.40000000000000213 ) ) ;
#2655 = ORIENTED_EDGE ( 'NONE', *, *, #7710, .T. ) ;
#2656 = CARTESIAN_POINT ( 'NONE',  ( -0.05077958471667796958, -0.7553163571010336197, -20.59999999999999787 ) ) ;
#2657 = B_SPLINE_CURVE_WITH_KNOTS ( 'NONE', 3,
 ( #5049, #1152, #9889, #7525, #9320 ),
 .UNSPECIFIED., .F., .F.,
 ( 4, 1, 4 ),
 ( 0.000000000000000000, 0.4969163598881329857, 1.000000000000000000 ),
 .UNSPECIFIED. ) ;
#2658 = CARTESIAN_POINT ( 'NONE',  ( 4.687648056808252583, 0.1738023911082314521, -20.40000000000000213 ) ) ;
#2659 = SURFACE_SIDE_STYLE ('',( #8263 ) ) ;
#2660 = CARTESIAN_POINT ( 'NONE',  ( -0.3869207001146183211, -0.8976261803203399170, -20.60000000000000497 ) ) ;
#2661 = FILL_AREA_STYLE_COLOUR ( '', #7966 ) ;
#2662 = EDGE_LOOP ( 'NONE', ( #5641, #8803, #25, #5607 ) ) ;
#2663 =( GEOMETRIC_REPRESENTATION_CONTEXT ( 3 ) GLOBAL_UNCERTAINTY_ASSIGNED_CONTEXT ( ( #740 ) ) GLOBAL_UNIT_ASSIGNED_CONTEXT ( ( #5602, #2154, #726 ) ) REPRESENTATION_CONTEXT ( 'NONE', 'WORKASPACE' ) );
#2664 = PRESENTATION_STYLE_ASSIGNMENT (( #5846 ) ) ;
#2665 = CARTESIAN_POINT ( 'NONE',  ( 5.428319606587837853, 0.5724995180032267372, -20.60000000000000497 ) ) ;
#2666 = VERTEX_POINT ( 'NONE', #3161 ) ;
#2667 = CARTESIAN_POINT ( 'NONE',  ( -4.043797757092089995, 0.02188056858256886769, -20.60000000000000497 ) ) ;
#2668 = CARTESIAN_POINT ( 'NONE',  ( -1.039872243885678671, -0.08854938548006492660, -20.59999999999999432 ) ) ;
#2669 = MECHANICAL_DESIGN_GEOMETRIC_PRESENTATION_REPRESENTATION (  '', ( #8345 ), #6632 ) ;
#2670 = CARTESIAN_POINT ( 'NONE',  ( 5.660565335837497436, -0.1889796156272137706, -20.39999999999999858 ) ) ;
#2671 = DIRECTION ( 'NONE',  ( -1.000000000000000000, 6.776263578034403945E-17, 0.000000000000000000 ) ) ;
#2672 = DIRECTION ( 'NONE',  ( 0.000000000000000000, -1.000000000000000000, 0.000000000000000000 ) ) ;
#2673 = EDGE_LOOP ( 'NONE', ( #10433, #5224, #811, #7561 ) ) ;
#2674 = EDGE_CURVE ( 'NONE', #6247, #5612, #2991, .T. ) ;
#2675 = CARTESIAN_POINT ( 'NONE',  ( -5.171342973086066053, -0.8355450963236156214, -20.60000000000000497 ) ) ;
#2676 = VECTOR ( 'NONE', #1350, 1000.000000000000000 ) ;
#2677 = MECHANICAL_DESIGN_GEOMETRIC_PRESENTATION_REPRESENTATION (  '', ( #3885 ), #2011 ) ;
#2678 = ORIENTED_EDGE ( 'NONE', *, *, #7453, .T. ) ;
#2679 = DIRECTION ( 'NONE',  ( -0.1709236235844706908, 0.9852842812613800128, 0.000000000000000000 ) ) ;
#2680 = DIRECTION ( 'NONE',  ( 0.000000000000000000, 0.000000000000000000, -1.000000000000000000 ) ) ;
#2681 = LINE ( 'NONE', #7844, #1251 ) ;
#2682 = CARTESIAN_POINT ( 'NONE',  ( -0.1595286469070875957, -0.8404170112012695482, -20.40000000000000213 ) ) ;
#2683 = STYLED_ITEM ( 'NONE', ( #9465 ), #1817 ) ;
#2684 = CARTESIAN_POINT ( 'NONE',  ( -0.8848914793353974684, -0.01004501148917113541, -20.60000000000000142 ) ) ;
#2685 = AXIS2_PLACEMENT_3D ( 'NONE', #1927, #181, #7535 ) ;
#2686 = DIRECTION ( 'NONE',  ( -0.000000000000000000, -0.000000000000000000, -1.000000000000000000 ) ) ;
#2687 = ORIENTED_EDGE ( 'NONE', *, *, #3016, .T. ) ;
#2688 = EDGE_CURVE ( 'NONE', #5674, #9703, #9661, .T. ) ;
#2689 = VERTEX_POINT ( 'NONE', #4606 ) ;
#2690 = CARTESIAN_POINT ( 'NONE',  ( -5.135120151525023324, 0.4292348702572857388, -20.60000000000000853 ) ) ;
#2691 = PRESENTATION_LAYER_ASSIGNMENT (  '', '', ( #1843 ) ) ;
#2692 = AXIS2_PLACEMENT_3D ( 'NONE', #8487, #6329, #10561 ) ;
#2693 = SURFACE_STYLE_USAGE ( .BOTH. , #6789 ) ;
#2694 = CARTESIAN_POINT ( 'NONE',  ( 5.360383441208099065, 0.4131696807710521502, -20.60000000000000853 ) ) ;
#2695 = FACE_OUTER_BOUND ( 'NONE', #7769, .T. ) ;
#2696 = EDGE_CURVE ( 'NONE', #770, #2808, #1502, .T. ) ;
#2697 = VECTOR ( 'NONE', #3529, 1000.000000000000000 ) ;
#2698 = EDGE_CURVE ( 'NONE', #3060, #1193, #9504, .T. ) ;
#2699 = ORIENTED_EDGE ( 'NONE', *, *, #9317, .F. ) ;
#2700 = EDGE_LOOP ( 'NONE', ( #2514, #9549, #6994, #3566 ) ) ;
#2701 = CARTESIAN_POINT ( 'NONE',  ( -3.935750424922990209, 0.3926538521471922838, -20.40000000000000213 ) ) ;
#2702 = AXIS2_PLACEMENT_3D ( 'NONE', #7204, #8757, #10380 ) ;
#2703 = VERTEX_POINT ( 'NONE', #7885 ) ;
#2704 = SURFACE_SIDE_STYLE ('',( #3515 ) ) ;
#2705 = CARTESIAN_POINT ( 'NONE',  ( 5.064020360383000074, 0.4555761227225636478, -20.60000000000000142 ) ) ;
#2706 = CARTESIAN_POINT ( 'NONE',  ( 0.1280955336516154952, -0.2489857582424179205, -20.60000000000000142 ) ) ;
#2707 = CARTESIAN_POINT ( 'NONE',  ( -0.7351844224904415803, -0.7670472137182573480, -20.39999999999999503 ) ) ;
#2708 = CARTESIAN_POINT ( 'NONE',  ( 5.661674030834226379, -0.2608566998008595705, -20.60000000000000497 ) ) ;
#2709 = CARTESIAN_POINT ( 'NONE',  ( 5.037099216634858045, 0.4470269715203448180, -20.40000000000000568 ) ) ;
#2710 =( LENGTH_UNIT ( ) NAMED_UNIT ( * ) SI_UNIT ( .MILLI., .METRE. ) );
#2711 = CARTESIAN_POINT ( 'NONE',  ( -0.3098281326754143139, 0.4012247996759403246, -20.60000000000000497 ) ) ;
#2712 = ORIENTED_EDGE ( 'NONE', *, *, #5464, .T. ) ;
#2713 = ADVANCED_FACE ( 'NONE', ( #8816 ), #8453, .T. ) ;
#2714 = ORIENTED_EDGE ( 'NONE', *, *, #5838, .F. ) ;
#2715 =( GEOMETRIC_REPRESENTATION_CONTEXT ( 3 ) GLOBAL_UNCERTAINTY_ASSIGNED_CONTEXT ( ( #8456 ) ) GLOBAL_UNIT_ASSIGNED_CONTEXT ( ( #8269, #1872, #4177 ) ) REPRESENTATION_CONTEXT ( 'NONE', 'WORKASPACE' ) );
#2716 = FILL_AREA_STYLE ('',( #1166 ) ) ;
#2717 = ORIENTED_EDGE ( 'NONE', *, *, #7709, .F. ) ;
#2718 = CARTESIAN_POINT ( 'NONE',  ( 7.400000000000000355, 3.999999999999998224, -20.60000000000000142 ) ) ;
#2719 = CARTESIAN_POINT ( 'NONE',  ( 0.1261195583590265512, -0.1505694363903766764, -20.60000000000000142 ) ) ;
#2720 = FILL_AREA_STYLE_COLOUR ( '', #1421 ) ;
#2721 = VECTOR ( 'NONE', #9177, 1000.000000000000000 ) ;
#2722 = CARTESIAN_POINT ( 'NONE',  ( 4.926085046821500946, -0.7320333844812962898, -20.40000000000000213 ) ) ;
#2723 = DIRECTION ( 'NONE',  ( -0.000000000000000000, -0.000000000000000000, 1.000000000000000000 ) ) ;
#2724 = DIRECTION ( 'NONE',  ( 1.000000000000000000, 0.000000000000000000, 0.000000000000000000 ) ) ;
#2725 = EDGE_CURVE ( 'NONE', #6939, #6965, #4110, .T. ) ;
#2726 = ORIENTED_EDGE ( 'NONE', *, *, #1620, .F. ) ;
#2727 = LINE ( 'NONE', #8490, #1037 ) ;
#2728 = FACE_OUTER_BOUND ( 'NONE', #2039, .T. ) ;
#2729 = MECHANICAL_DESIGN_GEOMETRIC_PRESENTATION_REPRESENTATION (  '', ( #5654 ), #1024 ) ;
#2730 = ORIENTED_EDGE ( 'NONE', *, *, #7939, .T. ) ;
#2731 = CARTESIAN_POINT ( 'NONE',  ( -4.913780346379234665, -0.2845146258561071506, -20.60000000000000497 ) ) ;
#2732 = FILL_AREA_STYLE ('',( #9515 ) ) ;
#2733 = LINE ( 'NONE', #187, #8203 ) ;
#2734 = CARTESIAN_POINT ( 'NONE',  ( -4.398678035173504419, -0.5683404060495111931, -20.60000000000001208 ) ) ;
#2735 = CARTESIAN_POINT ( 'NONE',  ( -4.055981756091821211, -0.01582829070995042664, -20.40000000000000213 ) ) ;
#2736 = VECTOR ( 'NONE', #67, 1000.000000000000000 ) ;
#2737 = CARTESIAN_POINT ( 'NONE',  ( -5.686362850125873614, -0.8241775207355100941, -20.60000000000000497 ) ) ;
#2738 = CARTESIAN_POINT ( 'NONE',  ( 1.582842712474619162, 9.013878188659973034, -2.082842712474619606 ) ) ;
#2739 = VERTEX_POINT ( 'NONE', #9137 ) ;
#2740 = VERTEX_POINT ( 'NONE', #9824 ) ;
#2741 = DIRECTION ( 'NONE',  ( 0.000000000000000000, -0.000000000000000000, 1.000000000000000000 ) ) ;
#2742 = PRESENTATION_LAYER_ASSIGNMENT (  '', '', ( #1566 ) ) ;
#2743 = EDGE_CURVE ( 'NONE', #744, #6347, #7464, .T. ) ;
#2744 = UNCERTAINTY_MEASURE_WITH_UNIT (LENGTH_MEASURE( 1.000000000000000082E-05 ), #4533, 'distance_accuracy_value', 'NONE');
#2745 = FILL_AREA_STYLE_COLOUR ( '', #1271 ) ;
#2746 = DIRECTION ( 'NONE',  ( 6.776263578034401480E-17, 1.000000000000000000, 0.000000000000000000 ) ) ;
#2747 =( GEOMETRIC_REPRESENTATION_CONTEXT ( 3 ) GLOBAL_UNCERTAINTY_ASSIGNED_CONTEXT ( ( #9425 ) ) GLOBAL_UNIT_ASSIGNED_CONTEXT ( ( #9270, #6793, #4474 ) ) REPRESENTATION_CONTEXT ( 'NONE', 'WORKASPACE' ) );
#2748 = FACE_OUTER_BOUND ( 'NONE', #1601, .T. ) ;
#2749 = DIRECTION ( 'NONE',  ( -1.084202172485504434E-16, -1.000000000000000000, -0.000000000000000000 ) ) ;
#2750 = CARTESIAN_POINT ( 'NONE',  ( -5.638387099520696388, 0.4616429746300296233, -20.40000000000000213 ) ) ;
#2751 = ORIENTED_EDGE ( 'NONE', *, *, #7194, .T. ) ;
#2752 = DIRECTION ( 'NONE',  ( 1.000000000000000000, 0.000000000000000000, 0.000000000000000000 ) ) ;
#2753 = EDGE_CURVE ( 'NONE', #7524, #2462, #1762, .T. ) ;
#2754 = EDGE_CURVE ( 'NONE', #6935, #9748, #8978, .T. ) ;
#2755 = ORIENTED_EDGE ( 'NONE', *, *, #8878, .F. ) ;
#2756 = CARTESIAN_POINT ( 'NONE',  ( 4.894941319825187875, 0.3184732660519270508, -20.39999999999999858 ) ) ;
#2757 = CARTESIAN_POINT ( 'NONE',  ( 1.108068499148597619, 0.3669696504612115495, -20.40000000000000568 ) ) ;
#2758 = UNCERTAINTY_MEASURE_WITH_UNIT (LENGTH_MEASURE( 1.000000000000000082E-05 ), #2365, 'distance_accuracy_value', 'NONE');
#2759 = CARTESIAN_POINT ( 'NONE',  ( -5.682749508570398511, -0.6273834663167746628, -20.40000000000000213 ) ) ;
#2760 = CARTESIAN_POINT ( 'NONE',  ( -0.5075268614571377679, -0.8835316773425457848, -20.39999999999999503 ) ) ;
#2761 =( NAMED_UNIT ( * ) SI_UNIT ( $, .STERADIAN. ) SOLID_ANGLE_UNIT ( ) );
#2762 = CARTESIAN_POINT ( 'NONE',  ( 4.845654913866971114, 0.1669384525872935898, -20.40000000000000213 ) ) ;
#2763 = CARTESIAN_POINT ( 'NONE',  ( -0.4312959114781154679, 0.4565170011010725726, -20.60000000000000142 ) ) ;
#2764 = ORIENTED_EDGE ( 'NONE', *, *, #6307, .F. ) ;
#2765 = VECTOR ( 'NONE', #2473, 1000.000000000000000 ) ;
#2766 = ORIENTED_EDGE ( 'NONE', *, *, #7582, .F. ) ;
#2767 = CARTESIAN_POINT ( 'NONE',  ( 5.817022912173973381, -0.2288753676450994146, -20.60000000000000142 ) ) ;
#2768 = VERTEX_POINT ( 'NONE', #2610 ) ;
#2769 = EDGE_CURVE ( 'NONE', #4627, #7693, #7407, .T. ) ;
#2770 = SURFACE_SIDE_STYLE ('',( #173 ) ) ;
#2771 = AXIS2_PLACEMENT_3D ( 'NONE', #6264, #10558, #9557 ) ;
#2772 = CARTESIAN_POINT ( 'NONE',  ( 0.07807250684920952200, 0.1210216313398552734, -20.59999999999999432 ) ) ;
#2773 = SURFACE_STYLE_FILL_AREA ( #6006 ) ;
#2774 = DIRECTION ( 'NONE',  ( -1.000000000000000000, -3.422125580184494708E-16, 0.000000000000000000 ) ) ;
#2775 = CARTESIAN_POINT ( 'NONE',  ( -5.244579029503087853, 0.3003652051878970553, -20.40000000000000213 ) ) ;
#2776 = CIRCLE ( 'NONE', #9833, 0.2000000000000000944 ) ;
#2777 = EDGE_LOOP ( 'NONE', ( #8557, #2408, #4202, #7700, #8669, #7764 ) ) ;
#2778 = DIRECTION ( 'NONE',  ( -1.000000000000000000, 1.084202172485504434E-16, 0.000000000000000000 ) ) ;
#2779 = CYLINDRICAL_SURFACE ( 'NONE', #9738, 0.2000000000000005107 ) ;
#2780 = ORIENTED_EDGE ( 'NONE', *, *, #6186, .T. ) ;
#2781 = CYLINDRICAL_SURFACE ( 'NONE', #54, 0.2000000000000000944 ) ;
#2782 = DIRECTION ( 'NONE',  ( 0.000000000000000000, 0.000000000000000000, 1.000000000000000000 ) ) ;
#2783 = EDGE_CURVE ( 'NONE', #1578, #5651, #9771, .T. ) ;
#2784 = COLOUR_RGB ( '',1.000000000000000000, 1.000000000000000000, 1.000000000000000000 ) ;
#2785 = CARTESIAN_POINT ( 'NONE',  ( -0.8848914793353974684, -0.01004501148917113541, -20.60000000000000142 ) ) ;
#2786 = AXIS2_PLACEMENT_3D ( 'NONE', #5065, #188, #9256 ) ;
#2787 = FILL_AREA_STYLE_COLOUR ( '', #4774 ) ;
#2788 = CARTESIAN_POINT ( 'NONE',  ( -5.959890521470039282, -0.4946572093757611865, -20.60000000000000497 ) ) ;
#2789 = EDGE_LOOP ( 'NONE', ( #2717, #9305, #8427, #9461 ) ) ;
#2790 = DIRECTION ( 'NONE',  ( -1.000000000000000000, 0.000000000000000000, 0.000000000000000000 ) ) ;
#2791 = DIRECTION ( 'NONE',  ( -1.000000000000000000, -0.000000000000000000, -0.000000000000000000 ) ) ;
#2792 =( NAMED_UNIT ( * ) SI_UNIT ( $, .STERADIAN. ) SOLID_ANGLE_UNIT ( ) );
#2793 = CARTESIAN_POINT ( 'NONE',  ( 5.110271900395567002, 0.6403866722349170759, -20.60000000000000497 ) ) ;
#2794 = EDGE_LOOP ( 'NONE', ( #4318, #2712, #10008, #10431 ) ) ;
#2795 = CARTESIAN_POINT ( 'NONE',  ( -5.952715968582795725, 0.4513562701014058320, -20.39999999999999147 ) ) ;
#2796 = STYLED_ITEM ( 'NONE', ( #5219 ), #3715 ) ;
#2797 = VERTEX_POINT ( 'NONE', #3316 ) ;
#2798 = CARTESIAN_POINT ( 'NONE',  ( -2.600000000000000533, 3.999999999999998224, -18.59999999999999787 ) ) ;
#2799 = B_SPLINE_SURFACE_WITH_KNOTS ( 'NONE', 3, 1, ( 
 ( #4834, #6498 ),
 ( #6441, #1514 ),
 ( #9729, #4789 ),
 ( #2364, #8069 ),
 ( #8882, #10393 ),
 ( #9625, #8007 ),
 ( #668, #3927 ),
 ( #2254, #6390 ),
 ( #3976, #7273 ),
 ( #9782, #8826 ),
 ( #5693, #10571 ),
 ( #2414, #812 ),
 ( #3067, #3172 ),
 ( #7161, #8940 ),
 ( #8988, #4023 ),
 ( #1619, #7317 ),
 ( #8172, #3004 ),
 ( #4672, #2196 ),
 ( #5480, #7957 ) ),
 .UNSPECIFIED., .F., .F., .F.,
 ( 4, 1, 1, 1, 1, 1, 1, 1, 1, 1, 1, 1, 1, 1, 1, 1, 4 ),
 ( 2, 2 ),
 ( 0.000000000000000000, 0.07040813273187943033, 0.1385315568307198264, 0.2051931111868492141, 0.2698979902991168744, 0.3331965786051242495, 0.3953098162645778402, 0.4561724639254360336, 0.5166274028946397090, 0.5759267578935649556, 0.6355239129868467396, 0.6947320381548272028, 0.7542906315131783224, 0.8144587552179252121, 0.8749740206680791665, 0.9370589671679419030, 0.9999999999999998890 ),
 ( 0.000000000000000000, 1.000000000000000000 ),
 .UNSPECIFIED. ) ;
#2800 = STYLED_ITEM ( 'NONE', ( #5091 ), #10300 ) ;
#2801 = CYLINDRICAL_SURFACE ( 'NONE', #5559, 0.2000000000000000944 ) ;
#2802 = VECTOR ( 'NONE', #2220, 1000.000000000000000 ) ;
#2803 = DIRECTION ( 'NONE',  ( -1.000000000000000000, 0.000000000000000000, 0.000000000000000000 ) ) ;
#2804 = DIRECTION ( 'NONE',  ( -1.000000000000000000, 0.000000000000000000, 0.000000000000000000 ) ) ;
#2805 = EDGE_CURVE ( 'NONE', #1187, #6480, #8262, .T. ) ;
#2806 = COLOUR_RGB ( '',1.000000000000000000, 1.000000000000000000, 1.000000000000000000 ) ;
#2807 = LINE ( 'NONE', #7604, #3249 ) ;
#2808 = VERTEX_POINT ( 'NONE', #5892 ) ;
#2809 = DIRECTION ( 'NONE',  ( -1.000000000000000000, 0.000000000000000000, 0.000000000000000000 ) ) ;
#2810 = ORIENTED_EDGE ( 'NONE', *, *, #7826, .T. ) ;
#2811 = CARTESIAN_POINT ( 'NONE',  ( 4.966080936034549254, 0.4066452093404373525, -20.39999999999999858 ) ) ;
#2812 = DIRECTION ( 'NONE',  ( 0.000000000000000000, 0.000000000000000000, -1.000000000000000000 ) ) ;
#2813 = FILL_AREA_STYLE_COLOUR ( '', #4403 ) ;
#2814 = CARTESIAN_POINT ( 'NONE',  ( 5.764210209783843908, -0.5930504990623133299, -20.59999999999999787 ) ) ;
#2815 = CARTESIAN_POINT ( 'NONE',  ( 4.849868079068439641, 0.1915168545886669904, -20.40000000000000568 ) ) ;
#2816 = CARTESIAN_POINT ( 'NONE',  ( -0.5175010572574754164, 0.4660101833160236184, -20.60000000000000142 ) ) ;
#2817 = ORIENTED_EDGE ( 'NONE', *, *, #862, .F. ) ;
#2818 = ORIENTED_EDGE ( 'NONE', *, *, #2754, .F. ) ;
#2819 = EDGE_CURVE ( 'NONE', #7097, #6347, #9838, .T. ) ;
#2820 = CARTESIAN_POINT ( 'NONE',  ( -5.895129689940453943, 0.5191142932847806479, -20.60000000000000142 ) ) ;
#2821 = ORIENTED_EDGE ( 'NONE', *, *, #8993, .T. ) ;
#2822 = CARTESIAN_POINT ( 'NONE',  ( -0.8844924785162914249, 0.007921573735645502309, -20.60000000000000497 ) ) ;
#2823 = PRESENTATION_STYLE_ASSIGNMENT (( #380 ) ) ;
#2824 = CARTESIAN_POINT ( 'NONE',  ( 4.825719905168774915, -0.6020685101100505809, -20.40000000000000568 ) ) ;
#2825 = CARTESIAN_POINT ( 'NONE',  ( 5.658041306947525939, 0.3427806668329123618, -20.39999999999999858 ) ) ;
#2826 = CARTESIAN_POINT ( 'NONE',  ( -5.088200321581027197, -0.05089621815075775352, -20.40000000000000213 ) ) ;
#2827 = DIRECTION ( 'NONE',  ( 0.000000000000000000, 0.000000000000000000, -1.000000000000000000 ) ) ;
#2828 = VERTEX_POINT ( 'NONE', #6596 ) ;
#2829 = EDGE_CURVE ( 'NONE', #801, #3060, #851, .T. ) ;
#2830 = EDGE_CURVE ( 'NONE', #3701, #3635, #1706, .T. ) ;
#2831 =( NAMED_UNIT ( * ) SI_UNIT ( $, .STERADIAN. ) SOLID_ANGLE_UNIT ( ) );
#2832 = DIRECTION ( 'NONE',  ( 0.000000000000000000, 0.000000000000000000, 1.000000000000000000 ) ) ;
#2833 = VERTEX_POINT ( 'NONE', #6704 ) ;
#2834 = CARTESIAN_POINT ( 'NONE',  ( 5.783154756018999088, -0.5352559026976154710, -20.60000000000000497 ) ) ;
#2835 = CARTESIAN_POINT ( 'NONE',  ( 4.747182985577946823, -0.4347845258531025103, -20.59999999999999432 ) ) ;
#2836 = VECTOR ( 'NONE', #3822, 1000.000000000000000 ) ;
#2837 = SURFACE_STYLE_FILL_AREA ( #6631 ) ;
#2838 = LINE ( 'NONE', #4562, #9582 ) ;
#2839 = CARTESIAN_POINT ( 'NONE',  ( -3.400000000000000355, 3.199999999999998401, -2.000000000000000000 ) ) ;
#2840 = CARTESIAN_POINT ( 'NONE',  ( 0.05612063967974190853, -0.5949772778561925879, -20.60000000000001208 ) ) ;
#2841 = CARTESIAN_POINT ( 'NONE',  ( -5.522085817304754229, 0.4641507340686526484, -20.60000000000000497 ) ) ;
#2842 = CARTESIAN_POINT ( 'NONE',  ( -5.514228536670582770, -0.8900366848736642744, -20.40000000000000924 ) ) ;
#2843 = VERTEX_POINT ( 'NONE', #908 ) ;
#2844 = DIRECTION ( 'NONE',  ( 0.000000000000000000, 0.000000000000000000, -1.000000000000000000 ) ) ;
#2845 = ADVANCED_FACE ( 'NONE', ( #6540 ), #4168, .F. ) ;
#2846 = ORIENTED_EDGE ( 'NONE', *, *, #7591, .T. ) ;
#2847 = CARTESIAN_POINT ( 'NONE',  ( -5.398252241807156793, 0.6146410278096126056, -20.60000000000000497 ) ) ;
#2848 = COLOUR_RGB ( '',0.007843137254901960675, 0.2392156862745097867, 0.8235294117647058432 ) ;
#2849 =( GEOMETRIC_REPRESENTATION_CONTEXT ( 3 ) GLOBAL_UNCERTAINTY_ASSIGNED_CONTEXT ( ( #9441 ) ) GLOBAL_UNIT_ASSIGNED_CONTEXT ( ( #3386, #5649, #873 ) ) REPRESENTATION_CONTEXT ( 'NONE', 'WORKASPACE' ) );
#2850 = UNCERTAINTY_MEASURE_WITH_UNIT (LENGTH_MEASURE( 1.000000000000000082E-05 ), #9458, 'distance_accuracy_value', 'NONE');
#2851 = DIRECTION ( 'NONE',  ( -1.000000000000000000, 0.000000000000000000, 0.000000000000000000 ) ) ;
#2852 = CARTESIAN_POINT ( 'NONE',  ( -5.214979971624624788, 0.5105542056909710968, -20.40000000000000924 ) ) ;
#2853 = CARTESIAN_POINT ( 'NONE',  ( 5.522462767994945843, 0.2502059252102579179, -20.60000000000000142 ) ) ;
#2854 =( BOUNDED_CURVE ( )  B_SPLINE_CURVE ( 3, ( #451, #2202, #3266, #4012 ),
 .UNSPECIFIED., .F., .F. ) 
 B_SPLINE_CURVE_WITH_KNOTS ( ( 4, 4 ),
 ( 3.141592653589793116, 4.712388980384689674 ),
 .UNSPECIFIED. ) 
 CURVE ( )  GEOMETRIC_REPRESENTATION_ITEM ( )  RATIONAL_B_SPLINE_CURVE ( ( 1.000000000000000000, 0.8047378541243649375, 0.8047378541243649375, 1.000000000000000000 ) ) 
 REPRESENTATION_ITEM ( '' )  );
#2855 = CARTESIAN_POINT ( 'NONE',  ( 2.799999999999998934, -3.035766082959411429E-16, -20.40000000000000213 ) ) ;
#2856 = FACE_OUTER_BOUND ( 'NONE', #6370, .T. ) ;
#2857 =( GEOMETRIC_REPRESENTATION_CONTEXT ( 3 ) GLOBAL_UNCERTAINTY_ASSIGNED_CONTEXT ( ( #6312 ) ) GLOBAL_UNIT_ASSIGNED_CONTEXT ( ( #3312, #1, #7351 ) ) REPRESENTATION_CONTEXT ( 'NONE', 'WORKASPACE' ) );
#2858 = AXIS2_PLACEMENT_3D ( 'NONE', #9871, #2493, #8252 ) ;
#2859 = FACE_OUTER_BOUND ( 'NONE', #9633, .T. ) ;
#2860 = PRESENTATION_LAYER_ASSIGNMENT (  '', '', ( #5280 ) ) ;
#2861 = CARTESIAN_POINT ( 'NONE',  ( -3.400000000000000355, 1.599999999999998535, 0.000000000000000000 ) ) ;
#2862 = CARTESIAN_POINT ( 'NONE',  ( -0.1232558407599520650, 0.1881299603602062387, -20.40000000000000213 ) ) ;
#2863 = CARTESIAN_POINT ( 'NONE',  ( -5.069273152195719057, -0.2608566998008596816, -20.40000000000000213 ) ) ;
#2864 = DIRECTION ( 'NONE',  ( 1.000000000000000000, 0.000000000000000000, 0.000000000000000000 ) ) ;
#2865 = ORIENTED_EDGE ( 'NONE', *, *, #5921, .F. ) ;
#2866 = CARTESIAN_POINT ( 'NONE',  ( 4.858865413023407243, 0.2268333742110247297, -20.40000000000000213 ) ) ;
#2867 = VECTOR ( 'NONE', #9891, 1000.000000000000114 ) ;
#2868 = AXIS2_PLACEMENT_3D ( 'NONE', #718, #4733, #7274 ) ;
#2869 = DIRECTION ( 'NONE',  ( -1.000000000000000000, 0.000000000000000000, 0.000000000000000000 ) ) ;
#2870 = UNCERTAINTY_MEASURE_WITH_UNIT (LENGTH_MEASURE( 1.000000000000000082E-05 ), #9291, 'distance_accuracy_value', 'NONE');
#2871 = SURFACE_STYLE_FILL_AREA ( #3680 ) ;
#2872 = CARTESIAN_POINT ( 'NONE',  ( -0.4004293676925241297, -0.8973549276926005014, -20.39999999999999858 ) ) ;
#2873 = CARTESIAN_POINT ( 'NONE',  ( 5.309318791969034557, -0.7219590972643672444, -20.60000000000000497 ) ) ;
#2874 = SURFACE_STYLE_USAGE ( .BOTH. , #8472 ) ;
#2875 = ORIENTED_EDGE ( 'NONE', *, *, #5326, .F. ) ;
#2876 = ORIENTED_EDGE ( 'NONE', *, *, #5313, .F. ) ;
#2877 = CARTESIAN_POINT ( 'NONE',  ( -0.5012316192608409215, 0.6405814236070053180, -20.60000000000000497 ) ) ;
#2878 = CIRCLE ( 'NONE', #4784, 0.2000000000000000944 ) ;
#2879 = B_SPLINE_CURVE_WITH_KNOTS ( 'NONE', 3,
 ( #1875, #2822, #9450, #1060, #3527, #324, #2881, #5150, #1918, #6767, #10157, #1967, #6816, #10110, #2072, #10053, #5198, #9289, #5248 ),
 .UNSPECIFIED., .F., .F.,
 ( 4, 1, 1, 1, 1, 1, 1, 1, 1, 1, 1, 1, 1, 1, 1, 1, 4 ),
 ( 0.000000000000000000, 0.08022783050535725602, 0.1566769336437181526, 0.2289208361730539765, 0.2985790062842917925, 0.3650704208757883928, 0.4297120984875146266, 0.4924854960366906176, 0.5545487495531916666, 0.6151312054217661363, 0.6728781599213364828, 0.7286988884056070370, 0.7828646508814549598, 0.8362846055194467221, 0.8900472754220956073, 0.9441903014638333147, 1.000000000000000000 ),
 .UNSPECIFIED. ) ;
#2880 = PLANE ( 'NONE',  #3718 ) ;
#2881 = CARTESIAN_POINT ( 'NONE',  ( -0.8436649645076821358, 0.2299959572633510085, -20.60000000000000497 ) ) ;
#2882 = CARTESIAN_POINT ( 'NONE',  ( -0.5175010572574754164, 0.4660101833160236184, -20.40000000000000213 ) ) ;
#2883 = EDGE_CURVE ( 'NONE', #2291, #1618, #6038, .T. ) ;
#2884 = CARTESIAN_POINT ( 'NONE',  ( 5.153962991873187960, 0.4660101833160235074, -20.40000000000000213 ) ) ;
#2885 = CARTESIAN_POINT ( 'NONE',  ( 5.000000000000000000, 2.399999999999998579, -18.59999999999999787 ) ) ;
#2886 = CARTESIAN_POINT ( 'NONE',  ( 0.9855427739113558072, -0.01582829070995042664, -20.60000000000000142 ) ) ;
#2887 = CARTESIAN_POINT ( 'NONE',  ( 0.000000000000000000, 0.000000000000000000, 8.000000000000000000 ) ) ;
#2888 = ORIENTED_EDGE ( 'NONE', *, *, #6242, .T. ) ;
#2889 = CARTESIAN_POINT ( 'NONE',  ( 5.296414290574485761, -0.7223015049956647005, -20.40000000000000213 ) ) ;
#2890 = DIRECTION ( 'NONE',  ( -1.000000000000000000, 0.000000000000000000, 0.000000000000000000 ) ) ;
#2891 = ORIENTED_EDGE ( 'NONE', *, *, #1443, .F. ) ;
#2892 = CARTESIAN_POINT ( 'NONE',  ( 4.733579496627881689, -0.3930413005237482493, -20.59999999999999787 ) ) ;
#2893 = CARTESIAN_POINT ( 'NONE',  ( 4.797112497970969613, -0.5504493902215693568, -20.60000000000000142 ) ) ;
#2894 = SURFACE_STYLE_USAGE ( .BOTH. , #7796 ) ;
#2895 = DIRECTION ( 'NONE',  ( 0.000000000000000000, 0.000000000000000000, -1.000000000000000000 ) ) ;
#2896 = CARTESIAN_POINT ( 'NONE',  ( -4.339058054793120789, -0.3573461478528076052, -20.60000000000000497 ) ) ;
#2897 = EDGE_CURVE ( 'NONE', #6427, #796, #315, .T. ) ;
#2898 = EDGE_CURVE ( 'NONE', #3910, #10489, #6756, .T. ) ;
#2899 = CARTESIAN_POINT ( 'NONE',  ( -5.077305897722630412, -0.1187229465368599829, -20.60000000000000497 ) ) ;
#2900 = CARTESIAN_POINT ( 'NONE',  ( 4.336808689942017736E-16, 6.799999999999997158, -8.799999999999998934 ) ) ;
#2901 = CARTESIAN_POINT ( 'NONE',  ( 0.1006533718851653353, 0.03528813111341271014, -20.40000000000000924 ) ) ;
#2902 = ORIENTED_EDGE ( 'NONE', *, *, #1392, .F. ) ;
#2903 = PLANE ( 'NONE',  #1311 ) ;
#2904 = CARTESIAN_POINT ( 'NONE',  ( -5.925497133896939772, 0.4868496915272263470, -20.60000000000000142 ) ) ;
#2905 = VERTEX_POINT ( 'NONE', #6151 ) ;
#2906 = SURFACE_STYLE_FILL_AREA ( #8619 ) ;
#2907 = STYLED_ITEM ( 'NONE', ( #8121 ), #7302 ) ;
#2908 = EDGE_CURVE ( 'NONE', #8712, #3964, #5088, .T. ) ;
#2909 =( NAMED_UNIT ( * ) SI_UNIT ( $, .STERADIAN. ) SOLID_ANGLE_UNIT ( ) );
#2910 = CARTESIAN_POINT ( 'NONE',  ( -2.399999999999999911, 5.199999999999997513, -18.59999999999999787 ) ) ;
#2911 = CIRCLE ( 'NONE', #4987, 0.4000000000000001887 ) ;
#2912 = CARTESIAN_POINT ( 'NONE',  ( -1.784254592137929128E-15, -5.213878188659973212, -2.000000000000000000 ) ) ;
#2913 = CARTESIAN_POINT ( 'NONE',  ( -5.587546896600618318, 0.4657855488164469038, -20.60000000000000497 ) ) ;
#2914 = DIRECTION ( 'NONE',  ( -1.000000000000000000, 0.000000000000000000, 0.000000000000000000 ) ) ;
#2915 = CARTESIAN_POINT ( 'NONE',  ( 5.595827031504922999, 0.4292348702572857944, -20.60000000000000853 ) ) ;
#2916 = CARTESIAN_POINT ( 'NONE',  ( -5.283608895482233336, 0.3448151994480306293, -20.60000000000000142 ) ) ;
#2917 = CARTESIAN_POINT ( 'NONE',  ( 2.600000000000000533, 3.999999999999998224, -18.59999999999999787 ) ) ;
#2918 = EDGE_CURVE ( 'NONE', #10386, #3798, #5185, .T. ) ;
#2919 = ORIENTED_EDGE ( 'NONE', *, *, #1549, .T. ) ;
#2920 = ADVANCED_BREP_SHAPE_REPRESENTATION ( 'Button d19 terminal block', ( #9831, #3170 ), #4529 ) ;
#2921 = CARTESIAN_POINT ( 'NONE',  ( 1.112900401559039798, 0.3128797459651008750, -20.60000000000001208 ) ) ;
#2922 = CARTESIAN_POINT ( 'NONE',  ( -0.4268269355370860607, -0.7217130652899369503, -20.40000000000000568 ) ) ;
#2923 =( LENGTH_UNIT ( ) NAMED_UNIT ( * ) SI_UNIT ( .MILLI., .METRE. ) );
#2924 = PLANE ( 'NONE',  #8202 ) ;
#2925 = LINE ( 'NONE', #10317, #7664 ) ;
#2926 = DIRECTION ( 'NONE',  ( 0.000000000000000000, 0.000000000000000000, -1.000000000000000000 ) ) ;
#2927 = DIRECTION ( 'NONE',  ( 1.000000000000000000, 0.000000000000000000, -0.000000000000000000 ) ) ;
#2928 = ORIENTED_EDGE ( 'NONE', *, *, #4036, .F. ) ;
#2929 = VERTEX_POINT ( 'NONE', #7719 ) ;
#2930 = LINE ( 'NONE', #7992, #7397 ) ;
#2931 = CARTESIAN_POINT ( 'NONE',  ( 3.000000000000000000, 8.813878188659971968, -8.799999999999998934 ) ) ;
#2932 = FILL_AREA_STYLE ('',( #1273 ) ) ;
#2933 = CARTESIAN_POINT ( 'NONE',  ( 2.999999999999999556, -5.213878188659972324, -2.200000000000000622 ) ) ;
#2934 = CARTESIAN_POINT ( 'NONE',  ( -1.582842712474619162, -9.013878188659973034, -8.882842712474618097 ) ) ;
#2935 = CARTESIAN_POINT ( 'NONE',  ( -0.7695198960532110277, -0.4680387674344435034, -20.59999999999999787 ) ) ;
#2936 = CARTESIAN_POINT ( 'NONE',  ( 5.809562266388016205, -0.4059306549068089631, -20.39999999999999858 ) ) ;
#2937 = ORIENTED_EDGE ( 'NONE', *, *, #3674, .F. ) ;
#2938 = CARTESIAN_POINT ( 'NONE',  ( -5.836005863204755784, 0.3184732660519269398, -20.39999999999999858 ) ) ;
#2939 = CARTESIAN_POINT ( 'NONE',  ( -1.500000000000000000, 9.213878188659972324, -2.000000000000000000 ) ) ;
#2940 = EDGE_CURVE ( 'NONE', #9750, #4228, #398, .T. ) ;
#2941 = ORIENTED_EDGE ( 'NONE', *, *, #2249, .F. ) ;
#2942 = VERTEX_POINT ( 'NONE', #3517 ) ;
#2943 = AXIS2_PLACEMENT_3D ( 'NONE', #5306, #10160, #2075 ) ;
#2944 = CARTESIAN_POINT ( 'NONE',  ( 4.825719905168774915, -0.6020685101100505809, -20.60000000000000497 ) ) ;
#2945 = CARTESIAN_POINT ( 'NONE',  ( 5.216718646359365330, -0.8900366848736641634, -20.60000000000000853 ) ) ;
#2946 = SURFACE_SIDE_STYLE ('',( #10340 ) ) ;
#2947 = CARTESIAN_POINT ( 'NONE',  ( 0.000000000000000000, 0.000000000000000000, 8.000000000000000000 ) ) ;
#2948 = LINE ( 'NONE', #3658, #6225 ) ;
#2949 = SURFACE_STYLE_USAGE ( .BOTH. , #3763 ) ;
#2950 = AXIS2_PLACEMENT_3D ( 'NONE', #121, #7578, #6500 ) ;
#2951 = DIRECTION ( 'NONE',  ( -1.000000000000000000, 0.000000000000000000, 0.000000000000000000 ) ) ;
#2952 = CIRCLE ( 'NONE', #3469, 0.9500000000000002887 ) ;
#2953 = LINE ( 'NONE', #5434, #6233 ) ;
#2954 = ORIENTED_EDGE ( 'NONE', *, *, #2829, .T. ) ;
#2955 = EDGE_CURVE ( 'NONE', #5501, #1458, #8546, .T. ) ;
#2956 = SURFACE_STYLE_USAGE ( .BOTH. , #3770 ) ;
#2957 = CARTESIAN_POINT ( 'NONE',  ( -5.589887446687798800, 0.6410154094368485378, -20.60000000000000497 ) ) ;
#2958 = B_SPLINE_SURFACE_WITH_KNOTS ( 'NONE', 3, 1, ( 
 ( #2199, #3174 ),
 ( #3124, #1623 ),
 ( #8886, #2416 ),
 ( #8991, #5695 ),
 ( #7162, #6553 ),
 ( #5482, #3279 ),
 ( #10514, #4887 ) ),
 .UNSPECIFIED., .F., .F., .F.,
 ( 4, 1, 1, 1, 4 ),
 ( 2, 2 ),
 ( 0.000000000000000000, 0.2791363699042693769, 0.5391301766373391979, 0.7791563003888082317, 0.9999999999999998890 ),
 ( 0.000000000000000000, 1.000000000000000000 ),
 .UNSPECIFIED. ) ;
#2959 = AXIS2_PLACEMENT_3D ( 'NONE', #9823, #4218, #5734 ) ;
#2960 = ORIENTED_EDGE ( 'NONE', *, *, #334, .F. ) ;
#2961 = CARTESIAN_POINT ( 'NONE',  ( -5.466190826809977032, 0.6319399841552814090, -20.60000000000000142 ) ) ;
#2962 = PRESENTATION_LAYER_ASSIGNMENT (  '', '', ( #10555 ) ) ;
#2963 = CARTESIAN_POINT ( 'NONE',  ( -5.333654890277879979, 0.5887764220608343591, -20.60000000000000497 ) ) ;
#2964 = AXIS2_PLACEMENT_3D ( 'NONE', #6281, #7109, #8994 ) ;
#2965 = CARTESIAN_POINT ( 'NONE',  ( -0.2908363504040772374, -0.7048701680291343807, -20.59999999999999432 ) ) ;
#2966 = PRESENTATION_STYLE_ASSIGNMENT (( #4802 ) ) ;
#2967 = B_SPLINE_CURVE_WITH_KNOTS ( 'NONE', 3,
 ( #4469, #3721, #6895, #7012, #9477, #10134, #2100, #10187, #6077, #7759, #6135 ),
 .UNSPECIFIED., .F., .F.,
 ( 4, 1, 1, 1, 1, 1, 1, 1, 4 ),
 ( 0.000000000000000000, 0.1296557814912656093, 0.2555985868018952334, 0.3796600106850503975, 0.5029810975798848505, 0.6250355794434986345, 0.7478154355860374691, 0.8723066895331670345, 1.000000000000000000 ),
 .UNSPECIFIED. ) ;
#2968 = ORIENTED_EDGE ( 'NONE', *, *, #2513, .F. ) ;
#2969 = EDGE_CURVE ( 'NONE', #2689, #10489, #2952, .T. ) ;
#2970 = EDGE_CURVE ( 'NONE', #2462, #5674, #577, .T. ) ;
#2971 = SURFACE_STYLE_USAGE ( .BOTH. , #2277 ) ;
#2972 = VERTEX_POINT ( 'NONE', #1212 ) ;
#2973 = CARTESIAN_POINT ( 'NONE',  ( 1.500000000000000000, 9.213878188659972324, -8.799999999999998934 ) ) ;
#2974 = CIRCLE ( 'NONE', #3840, 0.9500000000000000666 ) ;
#2975 = CARTESIAN_POINT ( 'NONE',  ( 5.058386693171888382, -0.6364654660346257264, -20.40000000000000213 ) ) ;
#2976 = CARTESIAN_POINT ( 'NONE',  ( -5.849660611973759750, 0.2903465198267522474, -20.59999999999999787 ) ) ;
#2977 = ORIENTED_EDGE ( 'NONE', *, *, #4472, .F. ) ;
#2978 = CARTESIAN_POINT ( 'NONE',  ( 1.123465541723523531, 0.2279366525938678056, -20.39999999999999147 ) ) ;
#2979 = CARTESIAN_POINT ( 'NONE',  ( -0.8846662068083009922, -0.02689491587713456131, -20.40000000000000213 ) ) ;
#2980 = UNCERTAINTY_MEASURE_WITH_UNIT (LENGTH_MEASURE( 1.000000000000000082E-05 ), #3606, 'distance_accuracy_value', 'NONE');
#2981 = DIRECTION ( 'NONE',  ( 0.000000000000000000, 0.000000000000000000, -1.000000000000000000 ) ) ;
#2982 = FILL_AREA_STYLE ('',( #5347 ) ) ;
#2983 = FILL_AREA_STYLE ('',( #1318 ) ) ;
#2984 = FACE_OUTER_BOUND ( 'NONE', #3022, .T. ) ;
#2985 =( NAMED_UNIT ( * ) SI_UNIT ( $, .STERADIAN. ) SOLID_ANGLE_UNIT ( ) );
#2986 = VERTEX_POINT ( 'NONE', #1005 ) ;
#2987 = ORIENTED_EDGE ( 'NONE', *, *, #9944, .F. ) ;
#2988 = EDGE_CURVE ( 'NONE', #2703, #400, #8987, .T. ) ;
#2989 = AXIS2_PLACEMENT_3D ( 'NONE', #8739, #1369, #2278 ) ;
#2990 = CARTESIAN_POINT ( 'NONE',  ( 5.750834235010211515, 0.1570485001312083018, -20.40000000000000213 ) ) ;
#2991 =( BOUNDED_CURVE ( )  B_SPLINE_CURVE ( 3, ( #7829, #6434, #2934, #5632 ),
 .UNSPECIFIED., .F., .F. ) 
 B_SPLINE_CURVE_WITH_KNOTS ( ( 4, 4 ),
 ( 0.000000000000000000, 1.570796326794896558 ),
 .UNSPECIFIED. ) 
 CURVE ( )  GEOMETRIC_REPRESENTATION_ITEM ( )  RATIONAL_B_SPLINE_CURVE ( ( 1.000000000000000000, 0.8047378541243649375, 0.8047378541243649375, 1.000000000000000000 ) ) 
 REPRESENTATION_ITEM ( '' )  );
#2992 = CARTESIAN_POINT ( 'NONE',  ( -1.027597929295509971, -0.2092522653785577891, -20.60000000000000142 ) ) ;
#2993 = CARTESIAN_POINT ( 'NONE',  ( -3.918058988279653931, 0.2279366525938678889, -20.40000000000000213 ) ) ;
#2994 = FILL_AREA_STYLE ('',( #10382 ) ) ;
#2995 = CARTESIAN_POINT ( 'NONE',  ( 6.599999999999999645, 3.199999999999998401, -8.799999999999998934 ) ) ;
#2996 =( LENGTH_UNIT ( ) NAMED_UNIT ( * ) SI_UNIT ( .MILLI., .METRE. ) );
#2997 = FACE_OUTER_BOUND ( 'NONE', #2019, .T. ) ;
#2998 = VERTEX_POINT ( 'NONE', #5237 ) ;
#2999 = SURFACE_SIDE_STYLE ('',( #8821 ) ) ;
#3000 = CARTESIAN_POINT ( 'NONE',  ( -0.1111803651749209143, -0.5629379953945153892, -20.40000000000000213 ) ) ;
#3001 = ORIENTED_EDGE ( 'NONE', *, *, #9277, .F. ) ;
#3002 = EDGE_LOOP ( 'NONE', ( #4400, #6765, #5623, #5945 ) ) ;
#3003 = CARTESIAN_POINT ( 'NONE',  ( 5.172090923346611469, -0.8801249901000534059, -20.39999999999999503 ) ) ;
#3004 = CARTESIAN_POINT ( 'NONE',  ( 5.193378362010697025, 0.6404690672067865354, -20.60000000000000497 ) ) ;
#3005 = DIRECTION ( 'NONE',  ( 1.000000000000000000, 0.000000000000000000, 0.000000000000000000 ) ) ;
#3006 = DIRECTION ( 'NONE',  ( -0.000000000000000000, -0.000000000000000000, -1.000000000000000000 ) ) ;
#3007 = CARTESIAN_POINT ( 'NONE',  ( 0.8473528388464207639, 0.05661489110823133414, -20.60000000000000142 ) ) ;
#3008 = EDGE_CURVE ( 'NONE', #8085, #9674, #1052, .T. ) ;
#3009 = CARTESIAN_POINT ( 'NONE',  ( -0.4588030576237439040, 0.6390906925010167994, -20.60000000000000142 ) ) ;
#3010 = ORIENTED_EDGE ( 'NONE', *, *, #4095, .F. ) ;
#3011 = CARTESIAN_POINT ( 'NONE',  ( -1.500000000000000000, -9.375835069691863310, -8.799999999999998934 ) ) ;
#3012 = AXIS2_PLACEMENT_3D ( 'NONE', #7177, #5388, #6293 ) ;
#3013 = VERTEX_POINT ( 'NONE', #3679 ) ;
#3014 = DIRECTION ( 'NONE',  ( 0.000000000000000000, 0.000000000000000000, 1.000000000000000000 ) ) ;
#3015 = CARTESIAN_POINT ( 'NONE',  ( -5.272684723739862633, 0.5538656990518742163, -20.59999999999999787 ) ) ;
#3016 = EDGE_CURVE ( 'NONE', #2808, #3768, #4278, .T. ) ;
#3017 = VECTOR ( 'NONE', #8875, 1000.000000000000000 ) ;
#3018 = CARTESIAN_POINT ( 'NONE',  ( -2.799999999999999822, -9.213878188659972324, -2.000000000000000000 ) ) ;
#3019 =( GEOMETRIC_REPRESENTATION_CONTEXT ( 3 ) GLOBAL_UNCERTAINTY_ASSIGNED_CONTEXT ( ( #3094 ) ) GLOBAL_UNIT_ASSIGNED_CONTEXT ( ( #2406, #2459, #4434 ) ) REPRESENTATION_CONTEXT ( 'NONE', 'WORKASPACE' ) );
#3020 = DIRECTION ( 'NONE',  ( -0.000000000000000000, -0.000000000000000000, 1.000000000000000000 ) ) ;
#3021 = LINE ( 'NONE', #6297, #5322 ) ;
#3022 = EDGE_LOOP ( 'NONE', ( #7533, #8474 ) ) ;
#3023 = CARTESIAN_POINT ( 'NONE',  ( 0.8398476343436135361, 0.03642325222388204803, -20.40000000000000568 ) ) ;
#3024 = CARTESIAN_POINT ( 'NONE',  ( -7.869140320336472705, 4.813878188659971080, -2.000000000000000000 ) ) ;
#3025 = CARTESIAN_POINT ( 'NONE',  ( 4.733978408851261754, 0.3710146627365673577, -20.40000000000000213 ) ) ;
#3026 =( GEOMETRIC_REPRESENTATION_CONTEXT ( 3 ) GLOBAL_UNCERTAINTY_ASSIGNED_CONTEXT ( ( #9016 ) ) GLOBAL_UNIT_ASSIGNED_CONTEXT ( ( #9230, #5140, #8471 ) ) REPRESENTATION_CONTEXT ( 'NONE', 'WORKASPACE' ) );
#3027 = VERTEX_POINT ( 'NONE', #1863 ) ;
#3028 = VECTOR ( 'NONE', #1769, 1000.000000000000227 ) ;
#3029 = CARTESIAN_POINT ( 'NONE',  ( 0.9499999999999996225, 2.399999999999998579, -20.60000000000000142 ) ) ;
#3030 = VERTEX_POINT ( 'NONE', #4326 ) ;
#3031 = FILL_AREA_STYLE_COLOUR ( '', #7437 ) ;
#3032 = EDGE_CURVE ( 'NONE', #3551, #7417, #8520, .T. ) ;
#3033 = CARTESIAN_POINT ( 'NONE',  ( -0.5397816748106128992, -0.6907508437865399475, -20.40000000000000213 ) ) ;
#3034 = CARTESIAN_POINT ( 'NONE',  ( 5.583421767662057000, -0.5757666422255157679, -20.40000000000000213 ) ) ;
#3035 = EDGE_CURVE ( 'NONE', #7737, #2768, #1229, .T. ) ;
#3036 = PLANE ( 'NONE',  #5679 ) ;
#3037 = CARTESIAN_POINT ( 'NONE',  ( 5.532015884582535570, -0.6335162293338469919, -20.39999999999999503 ) ) ;
#3038 = LINE ( 'NONE', #3150, #6428 ) ;
#3039 = CARTESIAN_POINT ( 'NONE',  ( -8.069140320336472882, -5.013878188659970370, -20.40000000000000213 ) ) ;
#3040 = AXIS2_PLACEMENT_3D ( 'NONE', #951, #9181, #1806 ) ;
#3041 = VECTOR ( 'NONE', #7541, 1000.000000000000000 ) ;
#3042 = ORIENTED_EDGE ( 'NONE', *, *, #3908, .F. ) ;
#3043 = AXIS2_PLACEMENT_3D ( 'NONE', #5157, #9197, #8492 ) ;
#3044 = ORIENTED_EDGE ( 'NONE', *, *, #7240, .T. ) ;
#3045 = DIRECTION ( 'NONE',  ( 0.1668642885082857186, -0.9859798726244990430, 0.000000000000000000 ) ) ;
#3046 = COLOUR_RGB ( '',0.2980392156862745057, 0.2980392156862745057, 0.2980392156862745057 ) ;
#3047 = STYLED_ITEM ( 'NONE', ( #10341 ), #5648 ) ;
#3048 = ORIENTED_EDGE ( 'NONE', *, *, #7509, .F. ) ;
#3049 = LINE ( 'NONE', #3106, #6459 ) ;
#3050 = MECHANICAL_DESIGN_GEOMETRIC_PRESENTATION_REPRESENTATION (  '', ( #6825 ), #8548 ) ;
#3051 = B_SPLINE_CURVE_WITH_KNOTS ( 'NONE', 3,
 ( #7508, #8517, #5134, #1752, #159, #6699, #1954, #7608, #4428, #8362, #311, #7715, #9321, #3624, #211, #7562, #8409, #7656, #362 ),
 .UNSPECIFIED., .F., .F.,
 ( 4, 1, 1, 1, 1, 1, 1, 1, 1, 1, 1, 1, 1, 1, 1, 1, 4 ),
 ( 0.000000000000000000, 0.08022783050535725602, 0.1566769336437181526, 0.2289208361730539765, 0.2985790062842917925, 0.3650704208757883928, 0.4297120984875146266, 0.4924854960366906176, 0.5545487495531916666, 0.6151312054217661363, 0.6728781599213364828, 0.7286988884056070370, 0.7828646508814549598, 0.8362846055194467221, 0.8900472754220956073, 0.9441903014638333147, 1.000000000000000000 ),
 .UNSPECIFIED. ) ;
#3052 = LINE ( 'NONE', #3107, #10285 ) ;
#3053 = FACE_OUTER_BOUND ( 'NONE', #5564, .T. ) ;
#3054 = DIRECTION ( 'NONE',  ( -0.000000000000000000, -0.000000000000000000, -1.000000000000000000 ) ) ;
#3055 = EDGE_CURVE ( 'NONE', #8085, #8272, #8860, .T. ) ;
#3056 = CARTESIAN_POINT ( 'NONE',  ( -0.3981828754392935932, -0.7223015049956645894, -20.60000000000000142 ) ) ;
#3057 = SURFACE_SIDE_STYLE ('',( #10560 ) ) ;
#3058 = FACE_OUTER_BOUND ( 'NONE', #8852, .T. ) ;
#3059 = DIRECTION ( 'NONE',  ( 1.000000000000000000, 0.000000000000000000, 0.000000000000000000 ) ) ;
#3060 = VERTEX_POINT ( 'NONE', #5453 ) ;
#3061 = AXIS2_PLACEMENT_3D ( 'NONE', #2608, #5890, #1808 ) ;
#3062 = FILL_AREA_STYLE ('',( #6386 ) ) ;
#3063 = CARTESIAN_POINT ( 'NONE',  ( 0.000000000000000000, 0.000000000000000000, -8.799999999999998934 ) ) ;
#3064 = ORIENTED_EDGE ( 'NONE', *, *, #3891, .F. ) ;
#3065 = VERTEX_POINT ( 'NONE', #10313 ) ;
#3066 = CARTESIAN_POINT ( 'NONE',  ( 5.262040696736883127, -0.8963454170541660382, -20.40000000000000568 ) ) ;
#3067 = CARTESIAN_POINT ( 'NONE',  ( 5.332694941222789531, 0.6146410278096127167, -20.40000000000000568 ) ) ;
#3068 = DIRECTION ( 'NONE',  ( 1.000000000000000000, 0.000000000000000000, 0.000000000000000000 ) ) ;
#3069 = LINE ( 'NONE', #1515, #10461 ) ;
#3070 = CARTESIAN_POINT ( 'NONE',  ( -0.8547129730933746838, 0.5059743257089652779, -20.40000000000000568 ) ) ;
#3071 = AXIS2_PLACEMENT_3D ( 'NONE', #2510, #8220, #8422 ) ;
#3072 = CARTESIAN_POINT ( 'NONE',  ( 1.500000000000000000, -9.213878188659972324, -2.000000000000000000 ) ) ;
#3073 = DIRECTION ( 'NONE',  ( 0.000000000000000000, 0.000000000000000000, -1.000000000000000000 ) ) ;
#3074 = CARTESIAN_POINT ( 'NONE',  ( -0.09264564753622919757, 0.4328445107293468208, -20.59999999999999787 ) ) ;
#3075 = ORIENTED_EDGE ( 'NONE', *, *, #4006, .T. ) ;
#3076 = CARTESIAN_POINT ( 'NONE',  ( 5.141059736342149300, 0.6410154094368486488, -20.40000000000000213 ) ) ;
#3077 = ORIENTED_EDGE ( 'NONE', *, *, #5327, .F. ) ;
#3078 = PRESENTATION_STYLE_ASSIGNMENT (( #5598 ) ) ;
#3079 = CARTESIAN_POINT ( 'NONE',  ( -0.1367991617481795208, -0.5958970212638670105, -20.59999999999999432 ) ) ;
#3080 = VECTOR ( 'NONE', #4260, 1000.000000000000000 ) ;
#3081 = CARTESIAN_POINT ( 'NONE',  ( -5.561963756193556208, 0.6410449470948363926, -20.40000000000000213 ) ) ;
#3082 = LINE ( 'NONE', #8736, #4504 ) ;
#3083 = CARTESIAN_POINT ( 'NONE',  ( 7.869140320336472705, 4.813878188659971080, -2.000000000000000000 ) ) ;
#3084 = ORIENTED_EDGE ( 'NONE', *, *, #1408, .F. ) ;
#3085 = CARTESIAN_POINT ( 'NONE',  ( -0.7781438985713531320, 0.3389456408942408960, -20.59999999999999432 ) ) ;
#3086 =( NAMED_UNIT ( * ) PLANE_ANGLE_UNIT ( ) SI_UNIT ( $, .RADIAN. ) );
#3087 = ORIENTED_EDGE ( 'NONE', *, *, #6720, .F. ) ;
#3088 = EDGE_CURVE ( 'NONE', #8752, #4334, #4948, .T. ) ;
#3089 = VECTOR ( 'NONE', #6184, 1000.000000000000000 ) ;
#3090 = ORIENTED_EDGE ( 'NONE', *, *, #6258, .T. ) ;
#3091 = CARTESIAN_POINT ( 'NONE',  ( -0.4268269355370860607, -0.7217130652899369503, -20.60000000000000497 ) ) ;
#3092 = ORIENTED_EDGE ( 'NONE', *, *, #10060, .T. ) ;
#3093 = CARTESIAN_POINT ( 'NONE',  ( 0.6224137154697974017, -0.6510758556450154666, -20.60000000000000142 ) ) ;
#3094 = UNCERTAINTY_MEASURE_WITH_UNIT (LENGTH_MEASURE( 1.000000000000000082E-05 ), #2406, 'distance_accuracy_value', 'NONE');
#3095 = CARTESIAN_POINT ( 'NONE',  ( 5.407447298447481288, -0.7064996948634455487, -20.40000000000000568 ) ) ;
#3096 = CARTESIAN_POINT ( 'NONE',  ( -7.400000000000000355, 3.999999999999998224, -18.59999999999999787 ) ) ;
#3097 = CARTESIAN_POINT ( 'NONE',  ( -4.913924270855972054, -0.2288753676450995533, -20.40000000000000213 ) ) ;
#3098 = DIRECTION ( 'NONE',  ( 0.000000000000000000, -0.000000000000000000, -1.000000000000000000 ) ) ;
#3099 = ORIENTED_EDGE ( 'NONE', *, *, #7323, .T. ) ;
#3100 = VERTEX_POINT ( 'NONE', #7135 ) ;
#3101 = CARTESIAN_POINT ( 'NONE',  ( 4.689627312217434785, 0.1917956141880401422, -20.39999999999999858 ) ) ;
#3102 = CARTESIAN_POINT ( 'NONE',  ( 5.720807257173968985, 0.2298173490877513936, -20.40000000000000213 ) ) ;
#3103 = EDGE_CURVE ( 'NONE', #7314, #10320, #6311, .T. ) ;
#3104 = ADVANCED_FACE ( 'NONE', ( #1433 ), #4704, .F. ) ;
#3105 = AXIS2_PLACEMENT_3D ( 'NONE', #7034, #6320, #595 ) ;
#3106 = CARTESIAN_POINT ( 'NONE',  ( -6.043299126221691964, 0.1738023911082313411, -20.40000000000000213 ) ) ;
#3107 = CARTESIAN_POINT ( 'NONE',  ( 1.784254592137929128E-15, -5.213878188659973212, -2.000000000000000000 ) ) ;
#3108 = CARTESIAN_POINT ( 'NONE',  ( -3.933456030854580288, 0.3669696504612116050, -20.40000000000000213 ) ) ;
#3109 =( LENGTH_UNIT ( ) NAMED_UNIT ( * ) SI_UNIT ( .MILLI., .METRE. ) );
#3110 = LINE ( 'NONE', #5635, #8836 ) ;
#3111 = CARTESIAN_POINT ( 'NONE',  ( -0.9836874245701544561, 0.3123479977148628239, -20.59999999999999432 ) ) ;
#3112 = VERTEX_POINT ( 'NONE', #3739 ) ;
#3113 = CARTESIAN_POINT ( 'NONE',  ( -5.861906702433651084, 0.2598732465356545229, -20.40000000000000213 ) ) ;
#3114 = DIRECTION ( 'NONE',  ( 0.000000000000000000, 0.000000000000000000, 1.000000000000000000 ) ) ;
#3115 = EDGE_CURVE ( 'NONE', #7295, #4096, #8802, .T. ) ;
#3116 = LINE ( 'NONE', #5423, #5791 ) ;
#3117 = ADVANCED_FACE ( 'NONE', ( #7084 ), #7197, .T. ) ;
#3118 = EDGE_LOOP ( 'NONE', ( #5399, #9800 ) ) ;
#3119 = CARTESIAN_POINT ( 'NONE',  ( 5.086037372385533217, -0.8470450198920065343, -20.59999999999999787 ) ) ;
#3120 = SURFACE_STYLE_FILL_AREA ( #1568 ) ;
#3121 = B_SPLINE_CURVE_WITH_KNOTS ( 'NONE', 3,
 ( #9395, #2667, #2021, #5303, #8594, #1221, #433 ),
 .UNSPECIFIED., .F., .F.,
 ( 4, 1, 1, 1, 4 ),
 ( 0.000000000000000000, 0.2791363699042693769, 0.5391301766373391979, 0.7791563003888082317, 0.9999999999999998890 ),
 .UNSPECIFIED. ) ;
#3122 = FACE_OUTER_BOUND ( 'NONE', #3893, .T. ) ;
#3123 = PRESENTATION_LAYER_ASSIGNMENT (  '', '', ( #6891 ) ) ;
#3124 = CARTESIAN_POINT ( 'NONE',  ( -4.043797757092089995, 0.02188056858256886769, -20.40000000000000568 ) ) ;
#3125 = CARTESIAN_POINT ( 'NONE',  ( -0.8141044096172369571, 0.5421735837692379656, -20.40000000000000213 ) ) ;
#3126 = CARTESIAN_POINT ( 'NONE',  ( -1.500000000000000000, 9.375835069691863310, -2.000000000000000000 ) ) ;
#3127 = CARTESIAN_POINT ( 'NONE',  ( -2.999999999999999556, 5.213878188659972324, -2.200000000000000622 ) ) ;
#3128 = ORIENTED_EDGE ( 'NONE', *, *, #5336, .T. ) ;
#3129 = LINE ( 'NONE', #7114, #1141 ) ;
#3130 = SURFACE_SIDE_STYLE ('',( #8838 ) ) ;
#3131 = EDGE_CURVE ( 'NONE', #71, #7049, #2170, .T. ) ;
#3132 = ORIENTED_EDGE ( 'NONE', *, *, #2456, .T. ) ;
#3133 =( NAMED_UNIT ( * ) PLANE_ANGLE_UNIT ( ) SI_UNIT ( $, .RADIAN. ) );
#3134 = CARTESIAN_POINT ( 'NONE',  ( -0.2253624131450002177, -0.6729670604677725487, -20.60000000000000497 ) ) ;
#3135 = STYLED_ITEM ( 'NONE', ( #755 ), #2845 ) ;
#3136 = CARTESIAN_POINT ( 'NONE',  ( -0.04251171747521963890, -0.4031157413256474809, -20.60000000000000142 ) ) ;
#3137 = MECHANICAL_DESIGN_GEOMETRIC_PRESENTATION_REPRESENTATION (  '', ( #8630 ), #9308 ) ;
#3138 = DIRECTION ( 'NONE',  ( 1.000000000000000000, 0.000000000000000000, 0.000000000000000000 ) ) ;
#3139 = ORIENTED_EDGE ( 'NONE', *, *, #9541, .T. ) ;
#3140 = ORIENTED_EDGE ( 'NONE', *, *, #2908, .F. ) ;
#3141 = VECTOR ( 'NONE', #2214, 1000.000000000000000 ) ;
#3142 = SURFACE_STYLE_FILL_AREA ( #8740 ) ;
#3143 = CARTESIAN_POINT ( 'NONE',  ( 1.600000000000000089, 5.999999999999997335, -8.799999999999998934 ) ) ;
#3144 = ORIENTED_EDGE ( 'NONE', *, *, #371, .F. ) ;
#3145 = MECHANICAL_DESIGN_GEOMETRIC_PRESENTATION_REPRESENTATION (  '', ( #8291 ), #7949 ) ;
#3146 =( LENGTH_UNIT ( ) NAMED_UNIT ( * ) SI_UNIT ( .MILLI., .METRE. ) );
#3147 = CARTESIAN_POINT ( 'NONE',  ( -0.5118710920886524463, -0.7025274610903318173, -20.40000000000000213 ) ) ;
#3148 = LINE ( 'NONE', #7983, #1310 ) ;
#3149 = FILL_AREA_STYLE_COLOUR ( '', #1510 ) ;
#3150 = CARTESIAN_POINT ( 'NONE',  ( 1.472251377807459738, -0.8781456608398205965, -20.40000000000000213 ) ) ;
#3151 = EDGE_CURVE ( 'NONE', #6795, #7391, #8812, .T. ) ;
#3152 = EDGE_LOOP ( 'NONE', ( #4454, #8970, #1678, #2422 ) ) ;
#3153 = VERTEX_POINT ( 'NONE', #7250 ) ;
#3154 = VECTOR ( 'NONE', #10399, 1000.000000000000000 ) ;
#3155 = CARTESIAN_POINT ( 'NONE',  ( 0.01726911433703082199, -0.6660959624456901373, -20.39999999999999858 ) ) ;
#3156 = B_SPLINE_CURVE_WITH_KNOTS ( 'NONE', 3,
 ( #5803, #9093, #4991, #9146, #118 ),
 .UNSPECIFIED., .F., .F.,
 ( 4, 1, 4 ),
 ( 0.000000000000000000, 0.4969163598881329857, 1.000000000000000000 ),
 .UNSPECIFIED. ) ;
#3157 = ORIENTED_EDGE ( 'NONE', *, *, #4475, .T. ) ;
#3158 = CARTESIAN_POINT ( 'NONE',  ( -4.475421691156756587, -0.2572041023982621910, -20.40000000000000213 ) ) ;
#3159 = FILL_AREA_STYLE ('',( #7943 ) ) ;
#3160 = DIRECTION ( 'NONE',  ( -1.000000000000000000, 0.000000000000000000, 0.000000000000000000 ) ) ;
#3161 = CARTESIAN_POINT ( 'NONE',  ( 0.9500000000000000666, -6.799999999999997158, -18.59999999999999787 ) ) ;
#3162 = AXIS2_PLACEMENT_3D ( 'NONE', #7518, #5895, #1009 ) ;
#3163 = ADVANCED_FACE ( 'NONE', ( #531 ), #2120, .F. ) ;
#3164 = PLANE ( 'NONE',  #4067 ) ;
#3165 = CARTESIAN_POINT ( 'NONE',  ( 2.999999999999999556, 5.013878188659972146, -8.799999999999998934 ) ) ;
#3166 = AXIS2_PLACEMENT_3D ( 'NONE', #6303, #7128, #2914 ) ;
#3167 = VERTEX_POINT ( 'NONE', #7987 ) ;
#3168 = CARTESIAN_POINT ( 'NONE',  ( 4.930311713007287544, -0.4756846635750472396, -20.39999999999999858 ) ) ;
#3169 = CARTESIAN_POINT ( 'NONE',  ( -3.400000000000000355, 3.199999999999998845, -8.799999999999998934 ) ) ;
#3170 = AXIS2_PLACEMENT_3D ( 'NONE', #6138, #10083, #5283 ) ;
#3171 = ORIENTED_EDGE ( 'NONE', *, *, #1675, .T. ) ;
#3172 = CARTESIAN_POINT ( 'NONE',  ( 5.332694941222789531, 0.6146410278096127167, -20.60000000000000497 ) ) ;
#3173 =( NAMED_UNIT ( * ) PLANE_ANGLE_UNIT ( ) SI_UNIT ( $, .RADIAN. ) );
#3174 = CARTESIAN_POINT ( 'NONE',  ( -4.055981756091821211, -0.01582829070995042664, -20.60000000000000142 ) ) ;
#3175 = LINE ( 'NONE', #1406, #5897 ) ;
#3176 = DIRECTION ( 'NONE',  ( 1.000000000000000000, 3.422125580184494708E-16, 0.000000000000000000 ) ) ;
#3177 = ADVANCED_FACE ( 'NONE', ( #3957 ), #10375, .T. ) ;
#3178 = CARTESIAN_POINT ( 'NONE',  ( -5.468906486293062308, -0.8963454170541661492, -20.40000000000000568 ) ) ;
#3179 = ADVANCED_FACE ( 'NONE', ( #8045 ), #8750, .T. ) ;
#3180 = ORIENTED_EDGE ( 'NONE', *, *, #5402, .F. ) ;
#3181 = PRESENTATION_STYLE_ASSIGNMENT (( #8232 ) ) ;
#3182 = CARTESIAN_POINT ( 'NONE',  ( 5.156702439925136439, 0.6413348586406990570, -20.40000000000000213 ) ) ;
#3183 = EDGE_LOOP ( 'NONE', ( #7399, #2876, #7617, #4599 ) ) ;
#3184 = CARTESIAN_POINT ( 'NONE',  ( -2.999999999999999556, -5.213878188659972324, -20.40000000000000213 ) ) ;
#3185 = B_SPLINE_CURVE_WITH_KNOTS ( 'NONE', 3,
 ( #4247, #7429, #9254, #1885, #5160, #5005, #3341 ),
 .UNSPECIFIED., .F., .F.,
 ( 4, 1, 1, 1, 4 ),
 ( 0.000000000000000000, 0.2791363699042693769, 0.5391301766373391979, 0.7791563003888082317, 0.9999999999999998890 ),
 .UNSPECIFIED. ) ;
#3186 = CARTESIAN_POINT ( 'NONE',  ( 7.869140320336472705, -4.813878188659971080, -20.40000000000000213 ) ) ;
#3187 = EDGE_CURVE ( 'NONE', #3959, #2998, #4653, .T. ) ;
#3188 = CARTESIAN_POINT ( 'NONE',  ( 3.000000000000000000, 8.813878188659971968, -20.40000000000000213 ) ) ;
#3189 = PRESENTATION_LAYER_ASSIGNMENT (  '', '', ( #8000 ) ) ;
#3190 = LINE ( 'NONE', #1475, #3774 ) ;
#3191 = ORIENTED_EDGE ( 'NONE', *, *, #6798, .T. ) ;
#3192 = CARTESIAN_POINT ( 'NONE',  ( -0.8837132697995018216, 0.04300851879375515441, -20.59999999999999787 ) ) ;
#3193 = EDGE_LOOP ( 'NONE', ( #10109, #6587, #6275, #10052 ) ) ;
#3194 = DIRECTION ( 'NONE',  ( 1.000000000000000000, 0.000000000000000000, 0.000000000000000000 ) ) ;
#3195 = CARTESIAN_POINT ( 'NONE',  ( -5.587546896600618318, 0.4657855488164469038, -20.60000000000000497 ) ) ;
#3196 = COLOUR_RGB ( '',0.2980392156862745057, 0.2980392156862745057, 0.2980392156862745057 ) ;
#3197 = ORIENTED_EDGE ( 'NONE', *, *, #8247, .T. ) ;
#3198 = DIRECTION ( 'NONE',  ( 1.000000000000000000, -0.000000000000000000, -0.000000000000000000 ) ) ;
#3199 = UNCERTAINTY_MEASURE_WITH_UNIT (LENGTH_MEASURE( 1.000000000000000082E-05 ), #5376, 'distance_accuracy_value', 'NONE');
#3200 = CARTESIAN_POINT ( 'NONE',  ( -5.800635470022655227, -0.4756846635750474617, -20.39999999999999858 ) ) ;
#3201 = FACE_BOUND ( 'NONE', #6848, .T. ) ;
#3202 = CARTESIAN_POINT ( 'NONE',  ( 2.600000000000000533, 3.999999999999998224, -20.60000000000000142 ) ) ;
#3203 = CARTESIAN_POINT ( 'NONE',  ( -0.5407647312087940916, 0.6408183495561071696, -20.60000000000000497 ) ) ;
#3204 = ORIENTED_EDGE ( 'NONE', *, *, #5812, .T. ) ;
#3205 = ORIENTED_EDGE ( 'NONE', *, *, #8309, .F. ) ;
#3206 = PRESENTATION_LAYER_ASSIGNMENT (  '', '', ( #10439 ) ) ;
#3207 = CIRCLE ( 'NONE', #4404, 0.2000000000000000944 ) ;
#3208 = LINE ( 'NONE', #651, #6840 ) ;
#3209 = DIRECTION ( 'NONE',  ( 0.000000000000000000, 0.000000000000000000, -1.000000000000000000 ) ) ;
#3210 = VECTOR ( 'NONE', #8577, 1000.000000000000000 ) ;
#3211 = CARTESIAN_POINT ( 'NONE',  ( 2.999999999999999556, -4.813878188659972857, -20.60000000000000142 ) ) ;
#3212 = FILL_AREA_STYLE ('',( #8665 ) ) ;
#3213 = CIRCLE ( 'NONE', #9221, 0.9500000000000000666 ) ;
#3214 = DIRECTION ( 'NONE',  ( 0.9404864691001897370, -0.3398311366538648848, 0.000000000000000000 ) ) ;
#3215 = DIRECTION ( 'NONE',  ( 0.000000000000000000, -1.000000000000000000, 0.000000000000000000 ) ) ;
#3216 = ORIENTED_EDGE ( 'NONE', *, *, #10161, .F. ) ;
#3217 = DIRECTION ( 'NONE',  ( 0.000000000000000000, -1.000000000000000000, -0.000000000000000000 ) ) ;
#3218 = CARTESIAN_POINT ( 'NONE',  ( -0.09374501282120294154, 0.1252671395112092967, -20.40000000000000924 ) ) ;
#3219 =( GEOMETRIC_REPRESENTATION_CONTEXT ( 3 ) GLOBAL_UNCERTAINTY_ASSIGNED_CONTEXT ( ( #2758 ) ) GLOBAL_UNIT_ASSIGNED_CONTEXT ( ( #2365, #3173, #8010 ) ) REPRESENTATION_CONTEXT ( 'NONE', 'WORKASPACE' ) );
#3220 = MECHANICAL_DESIGN_GEOMETRIC_PRESENTATION_REPRESENTATION (  '', ( #8897 ), #9394 ) ;
#3221 = PRESENTATION_LAYER_ASSIGNMENT (  '', '', ( #10462 ) ) ;
#3222 = EDGE_LOOP ( 'NONE', ( #6549, #4537, #783, #7159 ) ) ;
#3223 = ADVANCED_FACE ( 'NONE', ( #5723 ), #9127, .T. ) ;
#3224 = CARTESIAN_POINT ( 'NONE',  ( -4.464919685797138271, -0.3231029193546715583, -20.40000000000000213 ) ) ;
#3225 = PLANE ( 'NONE',  #4419 ) ;
#3226 = CARTESIAN_POINT ( 'NONE',  ( -1.004897491132743070, 0.2529124083832828829, -20.40000000000000924 ) ) ;
#3227 = LINE ( 'NONE', #7478, #8115 ) ;
#3228 = CARTESIAN_POINT ( 'NONE',  ( -2.999999999999999556, 5.013878188659972146, -8.799999999999998934 ) ) ;
#3229 = SURFACE_STYLE_FILL_AREA ( #9043 ) ;
#3230 = CIRCLE ( 'NONE', #5279, 0.2000000000000005107 ) ;
#3231 = ORIENTED_EDGE ( 'NONE', *, *, #5060, .F. ) ;
#3232 = CARTESIAN_POINT ( 'NONE',  ( 4.843492212652408035, 0.1543218716277117430, -20.40000000000000213 ) ) ;
#3233 = FILL_AREA_STYLE_COLOUR ( '', #4647 ) ;
#3234 = ORIENTED_EDGE ( 'NONE', *, *, #2819, .T. ) ;
#3235 = ADVANCED_FACE ( 'NONE', ( #9021 ), #6650, .T. ) ;
#3236 = CARTESIAN_POINT ( 'NONE',  ( -0.08878360448480837608, -0.5270127867887282047, -20.40000000000000213 ) ) ;
#3237 = COLOUR_RGB ( '',1.000000000000000000, 1.000000000000000000, 1.000000000000000000 ) ;
#3238 = ADVANCED_FACE ( 'NONE', ( #1094 ), #10136, .T. ) ;
#3239 = CARTESIAN_POINT ( 'NONE',  ( -1.600000000000000311, 1.599999999999998757, 0.000000000000000000 ) ) ;
#3240 = DIRECTION ( 'NONE',  ( 0.000000000000000000, 0.000000000000000000, -1.000000000000000000 ) ) ;
#3241 = AXIS2_PLACEMENT_3D ( 'NONE', #10616, #3217, #8984 ) ;
#3242 = DIRECTION ( 'NONE',  ( -1.000000000000000000, 0.000000000000000000, 0.000000000000000000 ) ) ;
#3243 = ORIENTED_EDGE ( 'NONE', *, *, #9332, .F. ) ;
#3244 = EDGE_LOOP ( 'NONE', ( #1270, #2524, #1457, #8190 ) ) ;
#3245 = CARTESIAN_POINT ( 'NONE',  ( -4.913428996351562716, -0.2590304010995609363, -20.40000000000000213 ) ) ;
#3246 = EDGE_CURVE ( 'NONE', #1638, #6318, #3561, .T. ) ;
#3247 = CARTESIAN_POINT ( 'NONE',  ( -2.400000000000000355, 3.999999999999998224, -20.60000000000000142 ) ) ;
#3248 = DIRECTION ( 'NONE',  ( 0.000000000000000000, 1.000000000000000000, 0.000000000000000000 ) ) ;
#3249 = VECTOR ( 'NONE', #3671, 1000.000000000000000 ) ;
#3250 = ORIENTED_EDGE ( 'NONE', *, *, #2336, .T. ) ;
#3251 = CARTESIAN_POINT ( 'NONE',  ( 1.600000000000000089, 5.999999999999997335, -8.799999999999998934 ) ) ;
#3252 = FACE_OUTER_BOUND ( 'NONE', #4769, .T. ) ;
#3253 = CARTESIAN_POINT ( 'NONE',  ( 1.600000000000000089, 7.599999999999996980, 0.000000000000000000 ) ) ;
#3254 =( NAMED_UNIT ( * ) PLANE_ANGLE_UNIT ( ) SI_UNIT ( $, .RADIAN. ) );
#3255 = ORIENTED_EDGE ( 'NONE', *, *, #5236, .T. ) ;
#3256 = ORIENTED_EDGE ( 'NONE', *, *, #3292, .T. ) ;
#3257 = VECTOR ( 'NONE', #5544, 1000.000000000000000 ) ;
#3258 = FILL_AREA_STYLE_COLOUR ( '', #4796 ) ;
#3259 = ADVANCED_FACE ( 'NONE', ( #2695 ), #3507, .F. ) ;
#3260 = CARTESIAN_POINT ( 'NONE',  ( -0.7351844224904415803, -0.7670472137182573480, -20.59999999999999787 ) ) ;
#3261 = EDGE_LOOP ( 'NONE', ( #4179, #1586, #10658, #7609 ) ) ;
#3262 = CARTESIAN_POINT ( 'NONE',  ( 0.1101471155947785358, -0.4322158561459681358, -20.60000000000000497 ) ) ;
#3263 = CARTESIAN_POINT ( 'NONE',  ( 1.500000000000000000, -9.213878188659972324, -2.200000000000000622 ) ) ;
#3264 = VECTOR ( 'NONE', #4698, 1000.000000000000000 ) ;
#3265 = CARTESIAN_POINT ( 'NONE',  ( 0.5766048442060391910, -0.3231029193546714473, -20.60000000000000142 ) ) ;
#3266 = CARTESIAN_POINT ( 'NONE',  ( -1.582842712474619162, -9.013878188659973034, -2.082842712474619606 ) ) ;
#3267 = CARTESIAN_POINT ( 'NONE',  ( 5.416274291953265596, -0.8885613797709186468, -20.59999999999999787 ) ) ;
#3268 = FILL_AREA_STYLE ('',( #5843 ) ) ;
#3269 = FILL_AREA_STYLE ('',( #8266 ) ) ;
#3270 = PLANE ( 'NONE',  #2506 ) ;
#3271 = ORIENTED_EDGE ( 'NONE', *, *, #3409, .F. ) ;
#3272 = CARTESIAN_POINT ( 'NONE',  ( -0.1225868111330094129, 0.4680521455670031972, -20.59999999999999787 ) ) ;
#3273 = FILL_AREA_STYLE_COLOUR ( '', #1503 ) ;
#3274 = CIRCLE ( 'NONE', #881, 0.4000000000000001887 ) ;
#3275 = ORIENTED_EDGE ( 'NONE', *, *, #10039, .T. ) ;
#3276 = CARTESIAN_POINT ( 'NONE',  ( 3.400000000000000355, 3.199999999999998401, 0.000000000000000000 ) ) ;
#3277 = CARTESIAN_POINT ( 'NONE',  ( 9.000000000000000000, 1.102182119232617714E-15, 6.713295847694284113 ) ) ;
#3278 = CARTESIAN_POINT ( 'NONE',  ( 4.726609095769291891, -0.3716521543463141564, -20.60000000000000142 ) ) ;
#3279 = CARTESIAN_POINT ( 'NONE',  ( -3.943520586815386864, 0.3622782971212067382, -20.59999999999999787 ) ) ;
#3280 = CARTESIAN_POINT ( 'NONE',  ( 2.600000000000000533, 0.7999999999999987121, -20.60000000000000142 ) ) ;
#3281 = FILL_AREA_STYLE ('',( #5056 ) ) ;
#3282 =( GEOMETRIC_REPRESENTATION_CONTEXT ( 3 ) GLOBAL_UNCERTAINTY_ASSIGNED_CONTEXT ( ( #6954 ) ) GLOBAL_UNIT_ASSIGNED_CONTEXT ( ( #9116, #1087, #941 ) ) REPRESENTATION_CONTEXT ( 'NONE', 'WORKASPACE' ) );
#3283 = ORIENTED_EDGE ( 'NONE', *, *, #10445, .T. ) ;
#3284 = EDGE_CURVE ( 'NONE', #9153, #7282, #10244, .T. ) ;
#3285 = CYLINDRICAL_SURFACE ( 'NONE', #4050, 0.2000000000000005107 ) ;
#3286 = ORIENTED_EDGE ( 'NONE', *, *, #889, .F. ) ;
#3287 = CARTESIAN_POINT ( 'NONE',  ( -5.367932286100596251, -0.8963712385588652465, -20.40000000000000213 ) ) ;
#3288 = CARTESIAN_POINT ( 'NONE',  ( -0.1942573843767255448, -0.6514322127134104523, -20.59999999999999787 ) ) ;
#3289 = CYLINDRICAL_SURFACE ( 'NONE', #8819, 9.999999999999998224 ) ;
#3290 = LINE ( 'NONE', #780, #3524 ) ;
#3291 = DIRECTION ( 'NONE',  ( -1.000000000000000000, 0.000000000000000000, -0.000000000000000000 ) ) ;
#3292 = EDGE_CURVE ( 'NONE', #5744, #8063, #6080, .T. ) ;
#3293 = VERTEX_POINT ( 'NONE', #5229 ) ;
#3294 = B_SPLINE_CURVE_WITH_KNOTS ( 'NONE', 3,
 ( #729, #2382, #6410, #8028, #9586, #3833, #1422 ),
 .UNSPECIFIED., .F., .F.,
 ( 4, 1, 1, 1, 4 ),
 ( 0.000000000000000000, 0.2121774586276825303, 0.4489009667349213584, 0.7114906539182617173, 1.000000000000000000 ),
 .UNSPECIFIED. ) ;
#3295 =( LENGTH_UNIT ( ) NAMED_UNIT ( * ) SI_UNIT ( .MILLI., .METRE. ) );
#3296 = ORIENTED_EDGE ( 'NONE', *, *, #9169, .T. ) ;
#3297 = CARTESIAN_POINT ( 'NONE',  ( -5.434532892455458786, -0.7223015049956648115, -20.40000000000000213 ) ) ;
#3298 = VERTEX_POINT ( 'NONE', #8571 ) ;
#3299 = COLOUR_RGB ( '',1.000000000000000000, 1.000000000000000000, 1.000000000000000000 ) ;
#3300 = CARTESIAN_POINT ( 'NONE',  ( -5.069273152195719945, -0.2608566998008597371, -20.60000000000000497 ) ) ;
#3301 = CARTESIAN_POINT ( 'NONE',  ( -5.693847966395087390, 0.4470269715203447625, -20.60000000000000497 ) ) ;
#3302 = DIRECTION ( 'NONE',  ( -1.000000000000000000, -0.000000000000000000, -0.000000000000000000 ) ) ;
#3303 = VECTOR ( 'NONE', #9843, 1000.000000000000000 ) ;
#3304 = CARTESIAN_POINT ( 'NONE',  ( 7.869140320336472705, -4.813878188659971080, -8.799999999999998934 ) ) ;
#3305 = VECTOR ( 'NONE', #4899, 1000.000000000000000 ) ;
#3306 = SURFACE_SIDE_STYLE ('',( #9981 ) ) ;
#3307 = EDGE_CURVE ( 'NONE', #2295, #4039, #4373, .T. ) ;
#3308 = ORIENTED_EDGE ( 'NONE', *, *, #1218, .F. ) ;
#3309 = ADVANCED_FACE ( 'NONE', ( #1144 ), #2648, .T. ) ;
#3310 = VERTEX_POINT ( 'NONE', #353 ) ;
#3311 = VECTOR ( 'NONE', #2402, 1000.000000000000000 ) ;
#3312 =( LENGTH_UNIT ( ) NAMED_UNIT ( * ) SI_UNIT ( .MILLI., .METRE. ) );
#3313 = EDGE_LOOP ( 'NONE', ( #6617, #321, #9972, #5108 ) ) ;
#3314 = CARTESIAN_POINT ( 'NONE',  ( 0.1003917568653981268, -0.4750147920860562367, -20.60000000000000142 ) ) ;
#3315 = LINE ( 'NONE', #58, #5371 ) ;
#3316 = CARTESIAN_POINT ( 'NONE',  ( 2.400000000000000355, 5.199999999999997513, -20.60000000000000142 ) ) ;
#3317 = CARTESIAN_POINT ( 'NONE',  ( -5.925497133896939772, 0.4868496915272263470, -20.40000000000000213 ) ) ;
#3318 = DIRECTION ( 'NONE',  ( 0.000000000000000000, 1.000000000000000000, 0.000000000000000000 ) ) ;
#3319 = CARTESIAN_POINT ( 'NONE',  ( 5.230764845064470592, -0.7171791466795186532, -20.60000000000000142 ) ) ;
#3320 = EDGE_CURVE ( 'NONE', #8272, #101, #10084, .T. ) ;
#3321 = AXIS2_PLACEMENT_3D ( 'NONE', #7787, #2025, #7831 ) ;
#3322 = ORIENTED_EDGE ( 'NONE', *, *, #5797, .T. ) ;
#3323 = FILL_AREA_STYLE_COLOUR ( '', #8080 ) ;
#3324 = AXIS2_PLACEMENT_3D ( 'NONE', #2488, #943, #4203 ) ;
#3325 = PLANE ( 'NONE',  #338 ) ;
#3326 = CARTESIAN_POINT ( 'NONE',  ( 0.000000000000000000, 0.000000000000000000, -8.799999999999998934 ) ) ;
#3327 = VERTEX_POINT ( 'NONE', #1850 ) ;
#3328 = LINE ( 'NONE', #7366, #1031 ) ;
#3329 = CARTESIAN_POINT ( 'NONE',  ( -5.094227242272099332, -0.4612445190241213355, -20.40000000000000568 ) ) ;
#3330 = VECTOR ( 'NONE', #5254, 1000.000000000000000 ) ;
#3331 =( NAMED_UNIT ( * ) PLANE_ANGLE_UNIT ( ) SI_UNIT ( $, .RADIAN. ) );
#3332 = CARTESIAN_POINT ( 'NONE',  ( -7.400000000000000355, 0.7999999999999984901, -18.59999999999999787 ) ) ;
#3333 = VECTOR ( 'NONE', #2599, 1000.000000000000000 ) ;
#3334 = DIRECTION ( 'NONE',  ( 0.000000000000000000, 1.000000000000000000, -1.440548461357896418E-11 ) ) ;
#3335 = DIRECTION ( 'NONE',  ( 0.000000000000000000, -0.000000000000000000, -1.000000000000000000 ) ) ;
#3336 = ORIENTED_EDGE ( 'NONE', *, *, #3554, .F. ) ;
#3337 = MECHANICAL_DESIGN_GEOMETRIC_PRESENTATION_REPRESENTATION (  '', ( #1098 ), #8151 ) ;
#3338 = CARTESIAN_POINT ( 'NONE',  ( 1.053487259029771472, 0.2005298033677747616, -20.60000000000000497 ) ) ;
#3339 = EDGE_LOOP ( 'NONE', ( #10076, #348 ) ) ;
#3340 = CARTESIAN_POINT ( 'NONE',  ( -5.171342973086066053, -0.8355450963236156214, -20.40000000000000213 ) ) ;
#3341 = CARTESIAN_POINT ( 'NONE',  ( -3.935750424922990209, 0.3926538521471922838, -20.40000000000000213 ) ) ;
#3342 = CARTESIAN_POINT ( 'NONE',  ( -2.799999999999999822, -8.813878188659971968, -2.200000000000000622 ) ) ;
#3343 = DIRECTION ( 'NONE',  ( -1.000000000000000000, 0.000000000000000000, 0.000000000000000000 ) ) ;
#3344 = EDGE_LOOP ( 'NONE', ( #10531, #9156, #1228, #3663 ) ) ;
#3345 = CARTESIAN_POINT ( 'NONE',  ( -0.5909543521425152379, 0.4588716511310003132, -20.59999999999999787 ) ) ;
#3346 = VERTEX_POINT ( 'NONE', #4422 ) ;
#3347 = DIRECTION ( 'NONE',  ( -0.000000000000000000, -0.000000000000000000, -1.000000000000000000 ) ) ;
#3348 = CARTESIAN_POINT ( 'NONE',  ( -5.591620955596504849, -0.6893738113348041319, -20.59999999999999787 ) ) ;
#3349 = CARTESIAN_POINT ( 'NONE',  ( -0.5012316192608409215, 0.6405814236070053180, -20.40000000000000568 ) ) ;
#3350 = ADVANCED_FACE ( 'NONE', ( #9214 ), #7651, .T. ) ;
#3351 = CARTESIAN_POINT ( 'NONE',  ( 1.500000000000000000, -9.013878188659973034, -8.799999999999998934 ) ) ;
#3352 = CARTESIAN_POINT ( 'NONE',  ( 5.661674030834227267, -0.2608566998008596260, -20.60000000000000497 ) ) ;
#3353 = LINE ( 'NONE', #9759, #3789 ) ;
#3354 = SURFACE_STYLE_FILL_AREA ( #8253 ) ;
#3355 = CARTESIAN_POINT ( 'NONE',  ( -0.8547129730933746838, 0.5059743257089652779, -20.40000000000000213 ) ) ;
#3356 = ORIENTED_EDGE ( 'NONE', *, *, #4475, .F. ) ;
#3357 = CARTESIAN_POINT ( 'NONE',  ( 3.199999999999999734, 5.013878188659972146, -2.200000000000000622 ) ) ;
#3358 = VERTEX_POINT ( 'NONE', #4314 ) ;
#3359 = PRESENTATION_STYLE_ASSIGNMENT (( #2651 ) ) ;
#3360 = MECHANICAL_DESIGN_GEOMETRIC_PRESENTATION_REPRESENTATION (  '', ( #8000 ), #7320 ) ;
#3361 = EDGE_CURVE ( 'NONE', #7326, #8840, #5713, .T. ) ;
#3362 = EDGE_CURVE ( 'NONE', #7794, #7911, #7890, .T. ) ;
#3363 = EDGE_LOOP ( 'NONE', ( #6257, #7605, #1120, #3814 ) ) ;
#3364 = PLANE ( 'NONE',  #3061 ) ;
#3365 = CARTESIAN_POINT ( 'NONE',  ( 1.021259218844690730, 0.09471229587822987961, -20.40000000000000213 ) ) ;
#3366 = CARTESIAN_POINT ( 'NONE',  ( 3.199999999999999734, 5.013878188659972146, -2.000000000000000000 ) ) ;
#3367 = CARTESIAN_POINT ( 'NONE',  ( 5.332694941222789531, 0.6146410278096127167, -20.40000000000000568 ) ) ;
#3368 =( NAMED_UNIT ( * ) SI_UNIT ( $, .STERADIAN. ) SOLID_ANGLE_UNIT ( ) );
#3369 = CIRCLE ( 'NONE', #6102, 0.9500000000000000666 ) ;
#3370 = AXIS2_PLACEMENT_3D ( 'NONE', #4142, #7441, #89 ) ;
#3371 = ORIENTED_EDGE ( 'NONE', *, *, #648, .F. ) ;
#3372 = CARTESIAN_POINT ( 'NONE',  ( -0.02933223892871770697, -0.1721172489457868382, -20.39999999999999858 ) ) ;
#3373 = ORIENTED_EDGE ( 'NONE', *, *, #9205, .F. ) ;
#3374 = LINE ( 'NONE', #8576, #5148 ) ;
#3375 = AXIS2_PLACEMENT_3D ( 'NONE', #10540, #8917, #2286 ) ;
#3376 = ADVANCED_FACE ( 'NONE', ( #1303 ), #7069, .T. ) ;
#3377 = VECTOR ( 'NONE', #5640, 1000.000000000000000 ) ;
#3378 = DIRECTION ( 'NONE',  ( -0.000000000000000000, -0.000000000000000000, -1.000000000000000000 ) ) ;
#3379 = CARTESIAN_POINT ( 'NONE',  ( -0.9500000000000005107, 2.399999999999998579, -20.60000000000000142 ) ) ;
#3380 = DIRECTION ( 'NONE',  ( 0.000000000000000000, 0.000000000000000000, -1.000000000000000000 ) ) ;
#3381 = DIRECTION ( 'NONE',  ( 1.000000000000000000, -0.000000000000000000, -0.000000000000000000 ) ) ;
#3382 = FACE_OUTER_BOUND ( 'NONE', #9073, .T. ) ;
#3383 = PRESENTATION_STYLE_ASSIGNMENT (( #6556 ) ) ;
#3384 = VERTEX_POINT ( 'NONE', #6239 ) ;
#3385 = TOROIDAL_SURFACE ( 'NONE', #3915, 0.4000000000000000222, 0.2000000000000000111 ) ;
#3386 =( LENGTH_UNIT ( ) NAMED_UNIT ( * ) SI_UNIT ( .MILLI., .METRE. ) );
#3387 = ORIENTED_EDGE ( 'NONE', *, *, #4675, .F. ) ;
#3388 = SURFACE_STYLE_USAGE ( .BOTH. , #1579 ) ;
#3389 = CARTESIAN_POINT ( 'NONE',  ( 4.886807644709805665, -0.3667512949503002329, -20.60000000000000142 ) ) ;
#3390 = DIRECTION ( 'NONE',  ( -1.000000000000000000, 0.000000000000000000, 0.000000000000000000 ) ) ;
#3391 = CARTESIAN_POINT ( 'NONE',  ( 0.000000000000000000, 0.000000000000000000, 8.000000000000000000 ) ) ;
#3392 = VECTOR ( 'NONE', #2312, 1000.000000000000000 ) ;
#3393 = CARTESIAN_POINT ( 'NONE',  ( 0.000000000000000000, 0.000000000000000000, -8.799999999999998934 ) ) ;
#3394 = CARTESIAN_POINT ( 'NONE',  ( 0.7024664752100571175, -0.3573461478528076052, -20.40000000000000213 ) ) ;
#3395 = DIRECTION ( 'NONE',  ( 0.9849873305000514945, 0.1726266455515552689, -0.000000000000000000 ) ) ;
#3396 = B_SPLINE_SURFACE_WITH_KNOTS ( 'NONE', 3, 1, ( 
 ( #7244, #5560 ),
 ( #10538, #4646 ),
 ( #9540, #3845 ),
 ( #2226, #6251 ),
 ( #4759, #1315 ),
 ( #6420, #5451 ),
 ( #5504, #3093 ) ),
 .UNSPECIFIED., .F., .F., .F.,
 ( 4, 1, 1, 1, 4 ),
 ( 2, 2 ),
 ( 0.000000000000000000, 0.2121774586276831964, 0.4489009667349215249, 0.7114906539182617173, 1.000000000000000000 ),
 ( 0.000000000000000000, 1.000000000000000000 ),
 .UNSPECIFIED. ) ;
#3397 = DIRECTION ( 'NONE',  ( -1.000000000000000000, -3.422125580184494708E-16, 0.000000000000000000 ) ) ;
#3398 = ORIENTED_EDGE ( 'NONE', *, *, #9332, .T. ) ;
#3399 = VECTOR ( 'NONE', #6486, 1000.000000000000000 ) ;
#3400 = DIRECTION ( 'NONE',  ( 1.000000000000000000, 0.000000000000000000, 0.000000000000000000 ) ) ;
#3401 = VERTEX_POINT ( 'NONE', #6407 ) ;
#3402 = CARTESIAN_POINT ( 'NONE',  ( -3.199999999999999734, -5.213878188659972324, -20.40000000000000213 ) ) ;
#3403 = DIRECTION ( 'NONE',  ( 0.000000000000000000, 0.000000000000000000, -1.000000000000000000 ) ) ;
#3404 = DIRECTION ( 'NONE',  ( 0.000000000000000000, -0.000000000000000000, 1.000000000000000000 ) ) ;
#3405 = AXIS2_PLACEMENT_3D ( 'NONE', #1965, #7035, #5246 ) ;
#3406 = DIRECTION ( 'NONE',  ( 1.000000000000000000, -0.000000000000000000, -0.000000000000000000 ) ) ;
#3407 =( NAMED_UNIT ( * ) SI_UNIT ( $, .STERADIAN. ) SOLID_ANGLE_UNIT ( ) );
#3408 = VERTEX_POINT ( 'NONE', #7973 ) ;
#3409 = EDGE_CURVE ( 'NONE', #6270, #796, #1473, .T. ) ;
#3410 = ORIENTED_EDGE ( 'NONE', *, *, #6798, .F. ) ;
#3411 = SURFACE_STYLE_USAGE ( .BOTH. , #5835 ) ;
#3412 = VERTEX_POINT ( 'NONE', #9530 ) ;
#3413 = CARTESIAN_POINT ( 'NONE',  ( 1.600000000000000089, 1.599999999999998535, 0.000000000000000000 ) ) ;
#3414 = FACE_OUTER_BOUND ( 'NONE', #6128, .T. ) ;
#3415 = CARTESIAN_POINT ( 'NONE',  ( -2.999999999999999556, -5.013878188659972146, -20.40000000000000213 ) ) ;
#3416 = CARTESIAN_POINT ( 'NONE',  ( -4.786196853494418590, 0.6218543391601795145, -20.40000000000000213 ) ) ;
#3417 = CARTESIAN_POINT ( 'NONE',  ( 5.641266043290754872, -0.7743727589100394271, -20.40000000000000213 ) ) ;
#3418 = AXIS2_PLACEMENT_3D ( 'NONE', #5757, #9049, #9107 ) ;
#3419 = VERTEX_POINT ( 'NONE', #2155 ) ;
#3420 = EDGE_CURVE ( 'NONE', #9924, #639, #5441, .T. ) ;
#3421 = EDGE_CURVE ( 'NONE', #9322, #7667, #3082, .T. ) ;
#3422 = CARTESIAN_POINT ( 'NONE',  ( -4.325087241791853998, -0.3134729148494546092, -20.60000000000000142 ) ) ;
#3423 = DIRECTION ( 'NONE',  ( 0.000000000000000000, 0.000000000000000000, -1.000000000000000000 ) ) ;
#3424 = ORIENTED_EDGE ( 'NONE', *, *, #9265, .T. ) ;
#3425 = AXIS2_PLACEMENT_3D ( 'NONE', #5832, #7454, #1096 ) ;
#3426 = CARTESIAN_POINT ( 'NONE',  ( -3.400000000000000355, 3.199999999999998401, 0.000000000000000000 ) ) ;
#3427 = CARTESIAN_POINT ( 'NONE',  ( 5.296414290574485761, -0.7223015049956647005, -20.60000000000000142 ) ) ;
#3428 = FILL_AREA_STYLE_COLOUR ( '', #9664 ) ;
#3429 = FILL_AREA_STYLE ('',( #9956 ) ) ;
#3430 = DIRECTION ( 'NONE',  ( 1.000000000000000000, -0.000000000000000000, 0.000000000000000000 ) ) ;
#3431 = EDGE_LOOP ( 'NONE', ( #7633, #8623 ) ) ;
#3432 = ADVANCED_FACE ( 'NONE', ( #5493 ), #7179, .T. ) ;
#3433 = EDGE_CURVE ( 'NONE', #7097, #4638, #7231, .T. ) ;
#3434 = CARTESIAN_POINT ( 'NONE',  ( -4.532341334013899825, -0.8781456608398205965, -20.40000000000000213 ) ) ;
#3435 = EDGE_LOOP ( 'NONE', ( #2810, #6335, #4375, #6477 ) ) ;
#3436 = B_SPLINE_CURVE_WITH_KNOTS ( 'NONE', 3,
 ( #6806, #2762, #2815, #10102, #9443, #1961, #7776, #5349, #4486, #9327, #6154, #10259, #5240, #2709, #9282, #1911, #9382, #2064, #1215 ),
 .UNSPECIFIED., .F., .F.,
 ( 4, 1, 1, 1, 1, 1, 1, 1, 1, 1, 1, 1, 1, 1, 1, 1, 4 ),
 ( 0.000000000000000000, 0.07876611155594497038, 0.1534445156028387824, 0.2241603356639676192, 0.2914272589649345990, 0.3553918477408114507, 0.4164453581887087030, 0.4750373929085570102, 0.5320913459039197102, 0.5882633588390880908, 0.6437330848151301410, 0.6991218818446867100, 0.7556262354857282704, 0.8133023725605884602, 0.8727141935158483355, 0.9349979736873287317, 1.000000000000000000 ),
 .UNSPECIFIED. ) ;
#3437 = DIRECTION ( 'NONE',  ( 0.000000000000000000, -1.000000000000000000, 0.000000000000000000 ) ) ;
#3438 = LINE ( 'NONE', #1784, #6037 ) ;
#3439 = MECHANICAL_DESIGN_GEOMETRIC_PRESENTATION_REPRESENTATION (  '', ( #9286 ), #3282 ) ;
#3440 = CARTESIAN_POINT ( 'NONE',  ( 0.07325551719400695549, -0.5564526217865510826, -20.60000000000000497 ) ) ;
#3441 =( LENGTH_UNIT ( ) NAMED_UNIT ( * ) SI_UNIT ( .MILLI., .METRE. ) );
#3442 = CARTESIAN_POINT ( 'NONE',  ( 1.700000000000000178, 9.013878188659973034, -2.200000000000000622 ) ) ;
#3443 = ADVANCED_FACE ( 'NONE', ( #10302 ), #1252, .F. ) ;
#3444 = CARTESIAN_POINT ( 'NONE',  ( -5.069273152195719057, -0.2608566998008596816, -20.60000000000000497 ) ) ;
#3445 = STYLED_ITEM ( 'NONE', ( #3078 ), #2272 ) ;
#3446 = VERTEX_POINT ( 'NONE', #3394 ) ;
#3447 = CARTESIAN_POINT ( 'NONE',  ( -0.7506077167398194083, 0.3685700111848581595, -20.60000000000000497 ) ) ;
#3448 = ORIENTED_EDGE ( 'NONE', *, *, #2897, .F. ) ;
#3449 = CARTESIAN_POINT ( 'NONE',  ( -4.936513852579873962, 0.0007362267868382540385, -20.59999999999999787 ) ) ;
#3450 = CARTESIAN_POINT ( 'NONE',  ( -2.799999999999999822, 8.813878188659971968, -20.60000000000000142 ) ) ;
#3451 =( LENGTH_UNIT ( ) NAMED_UNIT ( * ) SI_UNIT ( .MILLI., .METRE. ) );
#3452 = PLANE ( 'NONE',  #9180 ) ;
#3453 = CARTESIAN_POINT ( 'NONE',  ( 7.869140320336472705, 5.213878188659970547, -2.200000000000000622 ) ) ;
#3454 = CARTESIAN_POINT ( 'NONE',  ( -1.032263784733008283, 0.1209721952235524173, -20.39999999999999858 ) ) ;
#3455 = CARTESIAN_POINT ( 'NONE',  ( -0.03716120472850435036, -0.09087523719971767056, -20.60000000000000497 ) ) ;
#3456 = ORIENTED_EDGE ( 'NONE', *, *, #1000, .T. ) ;
#3457 = CARTESIAN_POINT ( 'NONE',  ( -6.599999999999999645, 3.199999999999998401, -8.799999999999998934 ) ) ;
#3458 = EDGE_LOOP ( 'NONE', ( #4844, #10130, #9134, #7643 ) ) ;
#3459 =( GEOMETRIC_REPRESENTATION_CONTEXT ( 3 ) GLOBAL_UNCERTAINTY_ASSIGNED_CONTEXT ( ( #3847 ) ) GLOBAL_UNIT_ASSIGNED_CONTEXT ( ( #5369, #8717, #6611 ) ) REPRESENTATION_CONTEXT ( 'NONE', 'WORKASPACE' ) );
#3460 = CARTESIAN_POINT ( 'NONE',  ( -6.599999999999999645, 3.199999999999998401, -2.000000000000000000 ) ) ;
#3461 = ORIENTED_EDGE ( 'NONE', *, *, #6049, .T. ) ;
#3462 = CARTESIAN_POINT ( 'NONE',  ( 1.500000000000000000, -9.013878188659973034, -2.200000000000000622 ) ) ;
#3463 = CARTESIAN_POINT ( 'NONE',  ( 5.583633838870388111, 0.1376018571404509228, -20.60000000000000497 ) ) ;
#3464 = EDGE_CURVE ( 'NONE', #836, #10059, #5205, .T. ) ;
#3465 = DIRECTION ( 'NONE',  ( -1.000000000000000000, 6.776263578034401480E-17, 0.000000000000000000 ) ) ;
#3466 = CARTESIAN_POINT ( 'NONE',  ( 2.799999999999999822, 9.013878188659973034, -20.40000000000000213 ) ) ;
#3467 = CARTESIAN_POINT ( 'NONE',  ( 5.783154756018999088, -0.5352559026976154710, -20.40000000000000213 ) ) ;
#3468 = DIRECTION ( 'NONE',  ( 1.000000000000000000, 0.000000000000000000, 0.000000000000000000 ) ) ;
#3469 = AXIS2_PLACEMENT_3D ( 'NONE', #8369, #9325, #6803 ) ;
#3470 = CARTESIAN_POINT ( 'NONE',  ( -0.4740891476257200199, 0.4643078822574841502, -20.59999999999999432 ) ) ;
#3471 = ORIENTED_EDGE ( 'NONE', *, *, #1675, .F. ) ;
#3472 = CIRCLE ( 'NONE', #2102, 0.2000000000000000944 ) ;
#3473 = CARTESIAN_POINT ( 'NONE',  ( -0.09264564753622919757, 0.4328445107293468208, -20.59999999999999787 ) ) ;
#3474 = CARTESIAN_POINT ( 'NONE',  ( -0.1582749910809763128, 0.2466610237576352394, -20.39999999999999858 ) ) ;
#3475 = VERTEX_POINT ( 'NONE', #1528 ) ;
#3476 = B_SPLINE_CURVE_WITH_KNOTS ( 'NONE', 3,
 ( #3516, #6966, #10255, #6150, #5087, #8365, #7564, #8412, #10042, #213, #5938, #3463, #9279, #5988, #4324, #267, #6802, #1907, #5184 ),
 .UNSPECIFIED., .F., .F.,
 ( 4, 1, 1, 1, 1, 1, 1, 1, 1, 1, 1, 1, 1, 1, 1, 1, 4 ),
 ( 0.000000000000000000, 0.05644607958989826535, 0.1109687992651581939, 0.1646179365722187926, 0.2184747872706094551, 0.2732587896269459971, 0.3302817479930586497, 0.3899268243526004540, 0.4533382698853492543, 0.5185888434239767086, 0.5842136173929078913, 0.6499215817368689807, 0.7167940935509916622, 0.7848281234544678409, 0.8544522929293442148, 0.9262884854674499069, 1.000000000000000000 ),
 .UNSPECIFIED. ) ;
#3477 = DIRECTION ( 'NONE',  ( 0.000000000000000000, 1.000000000000000000, 0.000000000000000000 ) ) ;
#3478 =( NAMED_UNIT ( * ) SI_UNIT ( $, .STERADIAN. ) SOLID_ANGLE_UNIT ( ) );
#3479 = ADVANCED_FACE ( 'NONE', ( #4848 ), #5010, .F. ) ;
#3480 = B_SPLINE_SURFACE_WITH_KNOTS ( 'NONE', 3, 1, ( 
 ( #3731, #1374 ),
 ( #10368, #7026 ),
 ( #10312, #2921 ),
 ( #2978, #2113 ),
 ( #8689, #7392 ),
 ( #1694, #5773 ),
 ( #4964, #148 ) ),
 .UNSPECIFIED., .F., .F., .F.,
 ( 4, 1, 1, 1, 4 ),
 ( 2, 2 ),
 ( 0.000000000000000000, 0.2155144430785324305, 0.4538648226708630884, 0.7153135963517068818, 1.000000000000000000 ),
 ( 0.000000000000000000, 1.000000000000000000 ),
 .UNSPECIFIED. ) ;
#3481 = CARTESIAN_POINT ( 'NONE',  ( 4.890319827811654640, -0.6927569321758288989, -20.40000000000000213 ) ) ;
#3482 =( NAMED_UNIT ( * ) PLANE_ANGLE_UNIT ( ) SI_UNIT ( $, .RADIAN. ) );
#3483 = EDGE_LOOP ( 'NONE', ( #9284, #2821, #6831 ) ) ;
#3484 = CARTESIAN_POINT ( 'NONE',  ( -5.314672891076678063, -0.8885613797709188688, -20.59999999999999787 ) ) ;
#3485 = B_SPLINE_SURFACE_WITH_KNOTS ( 'NONE', 3, 1, ( 
 ( #2863, #3444 ),
 ( #346, #4307 ),
 ( #8617, #1189 ),
 ( #9360, #7592 ),
 ( #6129, #6734 ),
 ( #10238, #1940 ),
 ( #5222, #4517 ),
 ( #8504, #6837 ),
 ( #3498, #250 ),
 ( #10072, #6784 ),
 ( #8447, #4465 ),
 ( #7644, #2639 ),
 ( #3552, #1085 ),
 ( #6022, #9306 ),
 ( #1135, #4415 ),
 ( #7694, #7754 ),
 ( #3609, #10180 ),
 ( #1991, #5274 ),
 ( #401, #4753 ) ),
 .UNSPECIFIED., .F., .F., .F.,
 ( 4, 1, 1, 1, 1, 1, 1, 1, 1, 1, 1, 1, 1, 1, 1, 1, 4 ),
 ( 2, 2 ),
 ( 0.000000000000000000, 0.08345474964106194826, 0.1621783171746931929, 0.2365543526416956366, 0.3060362957610693879, 0.3721433051031843298, 0.4353069073502168762, 0.4959954628838159629, 0.5550540383918987075, 0.6124235354287113076, 0.6680602449860756353, 0.7223456097140960042, 0.7764662350986211159, 0.8302753946904622984, 0.8851956525464672598, 0.9417221263869647307, 0.9999999999999998890 ),
 ( 0.000000000000000000, 1.000000000000000000 ),
 .UNSPECIFIED. ) ;
#3486 = VECTOR ( 'NONE', #3381, 1000.000000000000000 ) ;
#3487 = ORIENTED_EDGE ( 'NONE', *, *, #7054, .T. ) ;
#3488 = SURFACE_SIDE_STYLE ('',( #1830 ) ) ;
#3489 = CARTESIAN_POINT ( 'NONE',  ( 4.882453251613447343, -0.3521716348657945583, -20.60000000000000142 ) ) ;
#3490 = CARTESIAN_POINT ( 'NONE',  ( 3.199999999999999734, 5.213878188659972324, -2.200000000000000178 ) ) ;
#3491 = EDGE_CURVE ( 'NONE', #1618, #4241, #4869, .T. ) ;
#3492 = ADVANCED_FACE ( 'NONE', ( #937 ), #6621, .F. ) ;
#3493 = CARTESIAN_POINT ( 'NONE',  ( 0.1003917568653981268, -0.4750147920860562367, -20.40000000000000213 ) ) ;
#3494 = CARTESIAN_POINT ( 'NONE',  ( -5.467745923810293007, -0.7218055195118801004, -20.39999999999999503 ) ) ;
#3495 = AXIS2_PLACEMENT_3D ( 'NONE', #3574, #5995, #7723 ) ;
#3496 = DIRECTION ( 'NONE',  ( -0.000000000000000000, -0.000000000000000000, -1.000000000000000000 ) ) ;
#3497 = STYLED_ITEM ( 'NONE', ( #2326 ), #416 ) ;
#3498 = CARTESIAN_POINT ( 'NONE',  ( -5.147525415367888435, -0.5757666422255161010, -20.40000000000000568 ) ) ;
#3499 = CARTESIAN_POINT ( 'NONE',  ( -0.6910405076410236491, 0.4167098010172696210, -20.39999999999999858 ) ) ;
#3500 = ORIENTED_EDGE ( 'NONE', *, *, #10290, .F. ) ;
#3501 = FACE_OUTER_BOUND ( 'NONE', #7288, .T. ) ;
#3502 = MECHANICAL_DESIGN_GEOMETRIC_PRESENTATION_REPRESENTATION (  '', ( #1796 ), #6600 ) ;
#3503 = EDGE_CURVE ( 'NONE', #693, #5420, #9905, .T. ) ;
#3504 = UNCERTAINTY_MEASURE_WITH_UNIT (LENGTH_MEASURE( 1.000000000000000082E-05 ), #8056, 'distance_accuracy_value', 'NONE');
#3505 = DIRECTION ( 'NONE',  ( 0.000000000000000000, -1.000000000000000000, 0.000000000000000000 ) ) ;
#3506 = APPLICATION_PROTOCOL_DEFINITION ( 'draft international standard', 'automotive_design', 1998, #1576 ) ;
#3507 = PLANE ( 'NONE',  #7277 ) ;
#3508 = FILL_AREA_STYLE ('',( #6745 ) ) ;
#3509 = DIRECTION ( 'NONE',  ( 0.000000000000000000, -1.000000000000000000, 0.000000000000000000 ) ) ;
#3510 = ORIENTED_EDGE ( 'NONE', *, *, #8309, .T. ) ;
#3511 = CARTESIAN_POINT ( 'NONE',  ( -5.587546896600618318, 0.4657855488164469038, -20.40000000000000568 ) ) ;
#3512 = ORIENTED_EDGE ( 'NONE', *, *, #7799, .T. ) ;
#3513 = FACE_OUTER_BOUND ( 'NONE', #5289, .T. ) ;
#3514 = ORIENTED_EDGE ( 'NONE', *, *, #5597, .F. ) ;
#3515 = SURFACE_STYLE_FILL_AREA ( #364 ) ;
#3516 = CARTESIAN_POINT ( 'NONE',  ( 5.153962991873187960, 0.4660101833160235074, -20.60000000000000142 ) ) ;
#3517 = CARTESIAN_POINT ( 'NONE',  ( 3.200000000000000178, -8.813878188659971968, -2.000000000000000000 ) ) ;
#3518 = CARTESIAN_POINT ( 'NONE',  ( -7.400000000000000355, 0.7999999999999984901, -20.60000000000000142 ) ) ;
#3519 = CARTESIAN_POINT ( 'NONE',  ( -0.8926733166850231438, -0.5813520114808786721, -20.39999999999999503 ) ) ;
#3520 = CARTESIAN_POINT ( 'NONE',  ( 5.230764845064470592, -0.7171791466795186532, -20.60000000000000142 ) ) ;
#3521 = FILL_AREA_STYLE ('',( #6918 ) ) ;
#3522 = ORIENTED_EDGE ( 'NONE', *, *, #1045, .T. ) ;
#3523 = VERTEX_POINT ( 'NONE', #5604 ) ;
#3524 = VECTOR ( 'NONE', #7488, 1000.000000000000000 ) ;
#3525 = CARTESIAN_POINT ( 'NONE',  ( -5.952715968582795725, 0.4513562701014058320, -20.59999999999999432 ) ) ;
#3526 = VERTEX_POINT ( 'NONE', #6682 ) ;
#3527 = CARTESIAN_POINT ( 'NONE',  ( -0.8702614796089305216, 0.1422854179071438852, -20.59999999999999432 ) ) ;
#3528 = CARTESIAN_POINT ( 'NONE',  ( -2.799999999999999378, 5.213878188659972324, -20.40000000000000213 ) ) ;
#3529 = DIRECTION ( 'NONE',  ( -0.000000000000000000, -0.000000000000000000, -1.000000000000000000 ) ) ;
#3530 = CARTESIAN_POINT ( 'NONE',  ( -1.040446190363577772, -0.04728937991867576685, -20.40000000000000213 ) ) ;
#3531 = STYLED_ITEM ( 'NONE', ( #4877 ), #5104 ) ;
#3532 = CARTESIAN_POINT ( 'NONE',  ( 5.172472684685431865, 0.4653832460872163734, -20.40000000000000568 ) ) ;
#3533 = CARTESIAN_POINT ( 'NONE',  ( 5.363014896929350073, -0.8963712385588653575, -20.40000000000000568 ) ) ;
#3534 = CARTESIAN_POINT ( 'NONE',  ( -5.103338197044060109, 0.01447209865829743314, -20.40000000000000568 ) ) ;
#3535 = DIRECTION ( 'NONE',  ( 0.000000000000000000, 1.000000000000000000, 0.000000000000000000 ) ) ;
#3536 = EDGE_LOOP ( 'NONE', ( #1481, #3982, #1151, #9866 ) ) ;
#3537 = ADVANCED_FACE ( 'NONE', ( #10588 ), #781, .T. ) ;
#3538 = PLANE ( 'NONE',  #6993 ) ;
#3539 = VECTOR ( 'NONE', #8691, 1000.000000000000000 ) ;
#3540 = VECTOR ( 'NONE', #5629, 1000.000000000000000 ) ;
#3541 = EDGE_LOOP ( 'NONE', ( #4316, #2818, #5543, #131 ) ) ;
#3542 = CARTESIAN_POINT ( 'NONE',  ( -4.947792427010946348, -0.5352559026976153600, -20.39999999999999858 ) ) ;
#3543 = CYLINDRICAL_SURFACE ( 'NONE', #4453, 0.2000000000000000944 ) ;
#3544 = DIRECTION ( 'NONE',  ( -0.000000000000000000, 1.000000000000000000, -0.000000000000000000 ) ) ;
#3545 = CARTESIAN_POINT ( 'NONE',  ( -4.339058054793120789, -0.3573461478528076052, -20.40000000000000213 ) ) ;
#3546 = CARTESIAN_POINT ( 'NONE',  ( 0.08762078301915704470, -0.5162715607969636800, -20.40000000000000213 ) ) ;
#3547 = AXIS2_PLACEMENT_3D ( 'NONE', #7899, #3818, #2198 ) ;
#3548 = CARTESIAN_POINT ( 'NONE',  ( -5.663955919419753293, -0.6433302629182148236, -20.40000000000000213 ) ) ;
#3549 = AXIS2_PLACEMENT_3D ( 'NONE', #3063, #8879, #6334 ) ;
#3550 = CARTESIAN_POINT ( 'NONE',  ( -0.07736307024448839387, 0.4148738196796599165, -20.40000000000000213 ) ) ;
#3551 = VERTEX_POINT ( 'NONE', #727 ) ;
#3552 = CARTESIAN_POINT ( 'NONE',  ( -5.257676488562776029, -0.6774171461613891498, -20.40000000000000568 ) ) ;
#3553 = EDGE_CURVE ( 'NONE', #7417, #1438, #606, .T. ) ;
#3554 = EDGE_CURVE ( 'NONE', #1438, #3985, #5592, .T. ) ;
#3555 = VERTEX_POINT ( 'NONE', #3188 ) ;
#3556 = STYLED_ITEM ( 'NONE', ( #9243 ), #2043 ) ;
#3557 = VECTOR ( 'NONE', #1538, 1000.000000000000000 ) ;
#3558 = DIRECTION ( 'NONE',  ( 1.084202172485504434E-16, -1.000000000000000000, 0.000000000000000000 ) ) ;
#3559 = CARTESIAN_POINT ( 'NONE',  ( 5.153962991873187960, 0.4660101833160235074, -20.60000000000000142 ) ) ;
#3560 = CARTESIAN_POINT ( 'NONE',  ( 5.583633838870388111, 0.1376018571404509228, -20.60000000000000497 ) ) ;
#3561 = LINE ( 'NONE', #409, #6395 ) ;
#3562 = DIRECTION ( 'NONE',  ( 1.000000000000000000, -0.000000000000000000, 0.000000000000000000 ) ) ;
#3563 = ORIENTED_EDGE ( 'NONE', *, *, #4700, .T. ) ;
#3564 = ADVANCED_FACE ( 'NONE', ( #9746 ), #6514, .T. ) ;
#3565 = CARTESIAN_POINT ( 'NONE',  ( -5.785340991435191427, 0.3883502733060111289, -20.40000000000000568 ) ) ;
#3566 = ORIENTED_EDGE ( 'NONE', *, *, #6741, .F. ) ;
#3567 = DIRECTION ( 'NONE',  ( 0.000000000000000000, 0.000000000000000000, -1.000000000000000000 ) ) ;
#3568 = PRESENTATION_STYLE_ASSIGNMENT (( #3411 ) ) ;
#3569 = PRESENTATION_LAYER_ASSIGNMENT (  '', '', ( #4603 ) ) ;
#3570 = EDGE_LOOP ( 'NONE', ( #4833, #6381, #3943, #10565 ) ) ;
#3571 = CARTESIAN_POINT ( 'NONE',  ( 1.154171020664602754, 0.03713437162771186795, -20.40000000000000213 ) ) ;
#3572 = PRESENTATION_STYLE_ASSIGNMENT (( #2116 ) ) ;
#3573 = CARTESIAN_POINT ( 'NONE',  ( -0.5468470031980191548, -0.8722229297209759258, -20.40000000000000213 ) ) ;
#3574 = CARTESIAN_POINT ( 'NONE',  ( -7.400000000000000355, 0.7999999999999984901, -18.59999999999999787 ) ) ;
#3575 = ORIENTED_EDGE ( 'NONE', *, *, #5466, .T. ) ;
#3576 = CARTESIAN_POINT ( 'NONE',  ( -0.3520565900163256656, -0.8968199304446476949, -20.39999999999999503 ) ) ;
#3577 = ORIENTED_EDGE ( 'NONE', *, *, #2561, .T. ) ;
#3578 = VECTOR ( 'NONE', #1507, 1000.000000000000000 ) ;
#3579 = EDGE_CURVE ( 'NONE', #7335, #898, #932, .T. ) ;
#3580 = CARTESIAN_POINT ( 'NONE',  ( 5.817518186678381831, -0.2590304010995608253, -20.40000000000000213 ) ) ;
#3581 = VERTEX_POINT ( 'NONE', #9797 ) ;
#3582 = CARTESIAN_POINT ( 'NONE',  ( 5.807493535761044434, -0.08275624155219746259, -20.60000000000000497 ) ) ;
#3583 = DIRECTION ( 'NONE',  ( 0.000000000000000000, 0.000000000000000000, -1.000000000000000000 ) ) ;
#3584 = FILL_AREA_STYLE ('',( #8482 ) ) ;
#3585 = CARTESIAN_POINT ( 'NONE',  ( -0.6617977797540954832, -0.8187338479111432310, -20.39999999999999858 ) ) ;
#3586 = VECTOR ( 'NONE', #6688, 1000.000000000000000 ) ;
#3587 = CARTESIAN_POINT ( 'NONE',  ( -8.069140320336472882, 5.013878188659970370, -20.40000000000000213 ) ) ;
#3588 = DIRECTION ( 'NONE',  ( -0.000000000000000000, -0.000000000000000000, -1.000000000000000000 ) ) ;
#3589 = DIRECTION ( 'NONE',  ( 0.000000000000000000, 0.000000000000000000, -1.000000000000000000 ) ) ;
#3590 = ORIENTED_EDGE ( 'NONE', *, *, #9792, .F. ) ;
#3591 = DIRECTION ( 'NONE',  ( -0.000000000000000000, -0.000000000000000000, -1.000000000000000000 ) ) ;
#3592 = CARTESIAN_POINT ( 'NONE',  ( 2.600000000000000533, 0.7999999999999987121, -18.59999999999999787 ) ) ;
#3593 = AXIS2_PLACEMENT_3D ( 'NONE', #3402, #197, #9974 ) ;
#3594 = ORIENTED_EDGE ( 'NONE', *, *, #7647, .T. ) ;
#3595 = CARTESIAN_POINT ( 'NONE',  ( -4.913428996351562716, -0.2590304010995609363, -20.60000000000000142 ) ) ;
#3596 = SURFACE_SIDE_STYLE ('',( #3817 ) ) ;
#3597 = CARTESIAN_POINT ( 'NONE',  ( -0.7695198960532110277, -0.4680387674344435034, -20.59999999999999787 ) ) ;
#3598 = DIRECTION ( 'NONE',  ( 0.000000000000000000, 0.000000000000000000, 1.000000000000000000 ) ) ;
#3599 = CARTESIAN_POINT ( 'NONE',  ( -6.004338087260653545, -0.3716521543463142674, -20.60000000000000142 ) ) ;
#3600 = ORIENTED_EDGE ( 'NONE', *, *, #949, .F. ) ;
#3601 = CARTESIAN_POINT ( 'NONE',  ( 0.07325551719400695549, -0.5564526217865510826, -20.39999999999999858 ) ) ;
#3602 = PRESENTATION_STYLE_ASSIGNMENT (( #991 ) ) ;
#3603 = EDGE_CURVE ( 'NONE', #6234, #2156, #4136, .T. ) ;
#3604 = VECTOR ( 'NONE', #995, 1000.000000000000000 ) ;
#3605 =( NAMED_UNIT ( * ) PLANE_ANGLE_UNIT ( ) SI_UNIT ( $, .RADIAN. ) );
#3606 =( LENGTH_UNIT ( ) NAMED_UNIT ( * ) SI_UNIT ( .MILLI., .METRE. ) );
#3607 = ORIENTED_EDGE ( 'NONE', *, *, #7469, .T. ) ;
#3608 = DIRECTION ( 'NONE',  ( -1.000000000000000000, 0.000000000000000000, -0.000000000000000000 ) ) ;
#3609 = CARTESIAN_POINT ( 'NONE',  ( -5.396207201680334187, -0.7212845720334762900, -20.40000000000000568 ) ) ;
#3610 = ORIENTED_EDGE ( 'NONE', *, *, #7240, .F. ) ;
#3611 = CARTESIAN_POINT ( 'NONE',  ( 2.999999999999999556, 5.013878188659972146, -20.40000000000000213 ) ) ;
#3612 = STYLED_ITEM ( 'NONE', ( #6142 ), #8295 ) ;
#3613 = EDGE_CURVE ( 'NONE', #9700, #1220, #4694, .T. ) ;
#3614 = UNCERTAINTY_MEASURE_WITH_UNIT (LENGTH_MEASURE( 1.000000000000000082E-05 ), #8265, 'distance_accuracy_value', 'NONE');
#3615 = FACE_OUTER_BOUND ( 'NONE', #1322, .T. ) ;
#3616 = CARTESIAN_POINT ( 'NONE',  ( 5.122716585361161812, 0.4653456735530941413, -20.60000000000000497 ) ) ;
#3617 = CARTESIAN_POINT ( 'NONE',  ( 5.661674030834227267, -0.2608566998008596260, -20.40000000000000568 ) ) ;
#3618 = CARTESIAN_POINT ( 'NONE',  ( -0.02810240231379365280, -0.2735529755948763464, -20.60000000000000142 ) ) ;
#3619 = COLOUR_RGB ( '',1.000000000000000000, 1.000000000000000000, 1.000000000000000000 ) ;
#3620 = ORIENTED_EDGE ( 'NONE', *, *, #2588, .F. ) ;
#3621 = CARTESIAN_POINT ( 'NONE',  ( -5.885292269162972545, 0.1669384525872934788, -20.40000000000000213 ) ) ;
#3622 = ORIENTED_EDGE ( 'NONE', *, *, #9265, .F. ) ;
#3623 = LINE ( 'NONE', #4180, #7732 ) ;
#3624 = CARTESIAN_POINT ( 'NONE',  ( -0.6592484829084152009, 0.4350274541265376493, -20.40000000000000213 ) ) ;
#3625 = ORIENTED_EDGE ( 'NONE', *, *, #3603, .F. ) ;
#3626 = CARTESIAN_POINT ( 'NONE',  ( 5.092560083509247271, 0.4616429746300297898, -20.40000000000000213 ) ) ;
#3627 = EDGE_CURVE ( 'NONE', #8525, #9943, #9968, .T. ) ;
#3628 = CARTESIAN_POINT ( 'NONE',  ( 1.123465541723523531, 0.2279366525938678056, -20.39999999999999503 ) ) ;
#3629 = UNCERTAINTY_MEASURE_WITH_UNIT (LENGTH_MEASURE( 1.000000000000000082E-05 ), #4636, 'distance_accuracy_value', 'NONE');
#3630 = CARTESIAN_POINT ( 'NONE',  ( -5.731088527027885071, -0.5792644667924340407, -20.60000000000000142 ) ) ;
#3631 = EDGE_CURVE ( 'NONE', #10118, #4970, #5272, .T. ) ;
#3632 = FILL_AREA_STYLE_COLOUR ( '', #1139 ) ;
#3633 = CARTESIAN_POINT ( 'NONE',  ( 5.263201259219651540, -0.7218055195118798784, -20.60000000000000142 ) ) ;
#3634 = ORIENTED_EDGE ( 'NONE', *, *, #9990, .F. ) ;
#3635 = VERTEX_POINT ( 'NONE', #1033 ) ;
#3636 = PRESENTATION_STYLE_ASSIGNMENT (( #10210 ) ) ;
#3637 = ORIENTED_EDGE ( 'NONE', *, *, #9236, .T. ) ;
#3638 = CARTESIAN_POINT ( 'NONE',  ( 5.644019810055005415, 0.3643462222770625369, -20.60000000000000142 ) ) ;
#3639 = LINE ( 'NONE', #6004, #9228 ) ;
#3640 = CARTESIAN_POINT ( 'NONE',  ( 0.1006533718851653353, 0.03528813111341271014, -20.40000000000000924 ) ) ;
#3641 = CARTESIAN_POINT ( 'NONE',  ( -0.9868514826015442054, -0.3794221221195825389, -20.39999999999999858 ) ) ;
#3642 = CARTESIAN_POINT ( 'NONE',  ( 5.661674030834227267, -0.2608566998008596260, -20.40000000000000568 ) ) ;
#3643 = EDGE_CURVE ( 'NONE', #801, #1740, #4372, .T. ) ;
#3644 = CARTESIAN_POINT ( 'NONE',  ( 5.720807257173968985, 0.2298173490877513936, -20.40000000000000213 ) ) ;
#3645 = CARTESIAN_POINT ( 'NONE',  ( -2.600000000000000533, 0.7999999999999984901, -18.59999999999999787 ) ) ;
#3646 = CARTESIAN_POINT ( 'NONE',  ( -2.400000000000000355, -5.199999999999997513, -18.59999999999999787 ) ) ;
#3647 = ORIENTED_EDGE ( 'NONE', *, *, #9879, .T. ) ;
#3648 = CARTESIAN_POINT ( 'NONE',  ( 7.869140320336472705, 5.013878188659970370, -20.40000000000000213 ) ) ;
#3649 = LINE ( 'NONE', #8491, #10470 ) ;
#3650 = STYLED_ITEM ( 'NONE', ( #646 ), #3177 ) ;
#3651 = DIRECTION ( 'NONE',  ( -1.000000000000000000, 0.000000000000000000, 0.000000000000000000 ) ) ;
#3652 = ORIENTED_EDGE ( 'NONE', *, *, #8237, .T. ) ;
#3653 = CARTESIAN_POINT ( 'NONE',  ( 5.710869427771936735, -0.6935695485282533657, -20.59999999999998721 ) ) ;
#3654 = DIRECTION ( 'NONE',  ( 0.1684197129968812157, -0.9857153748796089188, 0.000000000000000000 ) ) ;
#3655 =( GEOMETRIC_REPRESENTATION_CONTEXT ( 3 ) GLOBAL_UNCERTAINTY_ASSIGNED_CONTEXT ( ( #9123 ) ) GLOBAL_UNIT_ASSIGNED_CONTEXT ( ( #6362, #8744, #8631 ) ) REPRESENTATION_CONTEXT ( 'NONE', 'WORKASPACE' ) );
#3656 = LINE ( 'NONE', #91, #1146 ) ;
#3657 = VECTOR ( 'NONE', #7542, 1000.000000000000000 ) ;
#3658 = CARTESIAN_POINT ( 'NONE',  ( 8.269140320336473948, 0.000000000000000000, -2.000000000000000000 ) ) ;
#3659 = CARTESIAN_POINT ( 'NONE',  ( 0.1273612772360779022, -0.2964229084222128052, -20.60000000000000853 ) ) ;
#3660 = SURFACE_SIDE_STYLE ('',( #9977 ) ) ;
#3661 = SURFACE_STYLE_FILL_AREA ( #8500 ) ;
#3662 = CARTESIAN_POINT ( 'NONE',  ( 4.693506462897730103, 0.2270606048642995201, -20.59999999999999432 ) ) ;
#3663 = ORIENTED_EDGE ( 'NONE', *, *, #2336, .F. ) ;
#3664 = AXIS2_PLACEMENT_3D ( 'NONE', #2885, #10221, #6009 ) ;
#3665 = ORIENTED_EDGE ( 'NONE', *, *, #4259, .T. ) ;
#3666 = CARTESIAN_POINT ( 'NONE',  ( -5.214979971624624788, 0.5105542056909710968, -20.60000000000000853 ) ) ;
#3667 = AXIS2_PLACEMENT_3D ( 'NONE', #1655, #9083, #1707 ) ;
#3668 = VECTOR ( 'NONE', #4149, 1000.000000000000000 ) ;
#3669 = SHAPE_DEFINITION_REPRESENTATION ( #1604, #2920 ) ;
#3670 = DIRECTION ( 'NONE',  ( 0.000000000000000000, 0.000000000000000000, 1.000000000000000000 ) ) ;
#3671 = DIRECTION ( 'NONE',  ( -1.000000000000000000, -0.000000000000000000, 0.000000000000000000 ) ) ;
#3672 = ORIENTED_EDGE ( 'NONE', *, *, #3977, .T. ) ;
#3673 = DIRECTION ( 'NONE',  ( -1.000000000000000000, 0.000000000000000000, 0.000000000000000000 ) ) ;
#3674 = EDGE_CURVE ( 'NONE', #4922, #801, #191, .T. ) ;
#3675 = CARTESIAN_POINT ( 'NONE',  ( -5.950000000000000178, 2.399999999999998579, -8.799999999999998934 ) ) ;
#3676 = DIRECTION ( 'NONE',  ( -0.000000000000000000, -0.000000000000000000, -1.000000000000000000 ) ) ;
#3677 = ORIENTED_EDGE ( 'NONE', *, *, #6093, .F. ) ;
#3678 = CARTESIAN_POINT ( 'NONE',  ( 4.926947992718040403, 0.3675105918138279470, -20.40000000000000568 ) ) ;
#3679 = CARTESIAN_POINT ( 'NONE',  ( 5.644019810055005415, 0.3643462222770625369, -20.60000000000000142 ) ) ;
#3680 = FILL_AREA_STYLE ('',( #2813 ) ) ;
#3681 = CARTESIAN_POINT ( 'NONE',  ( 5.296414290574485761, -0.7223015049956647005, -20.40000000000000213 ) ) ;
#3682 = CARTESIAN_POINT ( 'NONE',  ( -0.5029609884875615444, 0.4654400270002057027, -20.40000000000000213 ) ) ;
#3683 = VERTEX_POINT ( 'NONE', #1083 ) ;
#3684 = ORIENTED_EDGE ( 'NONE', *, *, #2743, .T. ) ;
#3685 = CARTESIAN_POINT ( 'NONE',  ( 1.600000000000000089, 5.999999999999997335, -8.799999999999998934 ) ) ;
#3686 = PRESENTATION_STYLE_ASSIGNMENT (( #4438 ) ) ;
#3687 = ADVANCED_FACE ( 'NONE', ( #5068 ), #248, .F. ) ;
#3688 = ADVANCED_FACE ( 'NONE', ( #10021 ), #4362, .F. ) ;
#3689 = CARTESIAN_POINT ( 'NONE',  ( -4.913924270855972054, -0.2288753676450995533, -20.60000000000000142 ) ) ;
#3690 = CARTESIAN_POINT ( 'NONE',  ( 6.599999999999999645, 3.199999999999998401, -2.000000000000000000 ) ) ;
#3691 = CARTESIAN_POINT ( 'NONE',  ( -0.8344309045692396287, -0.6649935870222206669, -20.39999999999999147 ) ) ;
#3692 = CARTESIAN_POINT ( 'NONE',  ( 5.710869427771936735, -0.6935695485282533657, -20.39999999999998792 ) ) ;
#3693 = CARTESIAN_POINT ( 'NONE',  ( -5.468857697229044135, 0.4539091782053207846, -20.40000000000000568 ) ) ;
#3694 = AXIS2_PLACEMENT_3D ( 'NONE', #7906, #9686, #3766 ) ;
#3695 = CARTESIAN_POINT ( 'NONE',  ( 5.263201259219651540, -0.7218055195118798784, -20.40000000000000213 ) ) ;
#3696 = EDGE_LOOP ( 'NONE', ( #722, #2485 ) ) ;
#3697 = CARTESIAN_POINT ( 'NONE',  ( -2.399999999999999911, 5.199999999999997513, -18.59999999999999787 ) ) ;
#3698 = CARTESIAN_POINT ( 'NONE',  ( -2.399999999999999911, 5.199999999999997513, -18.59999999999999787 ) ) ;
#3699 = CARTESIAN_POINT ( 'NONE',  ( 0.8473528388464207639, 0.05661489110823133414, -20.40000000000000213 ) ) ;
#3700 = EDGE_CURVE ( 'NONE', #3551, #3293, #7590, .T. ) ;
#3701 = VERTEX_POINT ( 'NONE', #7642 ) ;
#3702 = DIRECTION ( 'NONE',  ( 1.000000000000000000, 0.000000000000000000, 0.000000000000000000 ) ) ;
#3703 = DIRECTION ( 'NONE',  ( -1.000000000000000000, 0.000000000000000000, 0.000000000000000000 ) ) ;
#3704 = VECTOR ( 'NONE', #3535, 1000.000000000000000 ) ;
#3705 = CARTESIAN_POINT ( 'NONE',  ( -0.6505565864050685265, -0.6202176644286487850, -20.60000000000000853 ) ) ;
#3706 = DIRECTION ( 'NONE',  ( 1.000000000000000000, 0.000000000000000000, 0.000000000000000000 ) ) ;
#3707 = CARTESIAN_POINT ( 'NONE',  ( -5.766850474156020034, -0.7669157757051497937, -20.60000000000000497 ) ) ;
#3708 = CARTESIAN_POINT ( 'NONE',  ( -5.620675282634381986, 0.6403866722349169649, -20.40000000000000568 ) ) ;
#3709 = CARTESIAN_POINT ( 'NONE',  ( -5.325849423007393391, 0.3820689513447879659, -20.59999999999999787 ) ) ;
#3710 = CARTESIAN_POINT ( 'NONE',  ( -5.766850474156020034, -0.7669157757051497937, -20.40000000000000568 ) ) ;
#3711 = PRESENTATION_STYLE_ASSIGNMENT (( #454 ) ) ;
#3712 = ORIENTED_EDGE ( 'NONE', *, *, #8830, .F. ) ;
#3713 = CIRCLE ( 'NONE', #8526, 0.2000000000000000944 ) ;
#3714 = CARTESIAN_POINT ( 'NONE',  ( -5.861881176092964552, 0.5476112400182272522, -20.40000000000000213 ) ) ;
#3715 = ADVANCED_FACE ( 'NONE', ( #293 ), #5018, .T. ) ;
#3716 = ORIENTED_EDGE ( 'NONE', *, *, #10016, .F. ) ;
#3717 = CARTESIAN_POINT ( 'NONE',  ( -5.431814138713285445, 0.6243921008024785335, -20.59999999999999787 ) ) ;
#3718 = AXIS2_PLACEMENT_3D ( 'NONE', #1606, #4163, #4052 ) ;
#3719 = MECHANICAL_DESIGN_GEOMETRIC_PRESENTATION_REPRESENTATION (  '', ( #9556 ), #5780 ) ;
#3720 = MECHANICAL_DESIGN_GEOMETRIC_PRESENTATION_REPRESENTATION (  '', ( #7175 ), #1838 ) ;
#3721 = CARTESIAN_POINT ( 'NONE',  ( -5.445710602276332857, -0.7221345831102794488, -20.60000000000000142 ) ) ;
#3722 = CARTESIAN_POINT ( 'NONE',  ( -5.214979971624624788, 0.5105542056909710968, -20.60000000000000853 ) ) ;
#3723 = CARTESIAN_POINT ( 'NONE',  ( -0.3858881151875265814, -0.7218369496427781140, -20.60000000000000142 ) ) ;
#3724 = AXIS2_PLACEMENT_3D ( 'NONE', #6253, #5563, #3794 ) ;
#3725 = COLOUR_RGB ( '',1.000000000000000000, 1.000000000000000000, 1.000000000000000000 ) ;
#3726 = CARTESIAN_POINT ( 'NONE',  ( -4.627917632715198515, 0.6218543391601795145, -20.40000000000000213 ) ) ;
#3727 = CARTESIAN_POINT ( 'NONE',  ( 0.9499999999999996225, 2.399999999999998579, -18.59999999999999787 ) ) ;
#3728 = CARTESIAN_POINT ( 'NONE',  ( 7.869140320336472705, -5.213878188659970547, -2.200000000000000178 ) ) ;
#3729 = FILL_AREA_STYLE_COLOUR ( '', #2350 ) ;
#3730 = ORIENTED_EDGE ( 'NONE', *, *, #5597, .T. ) ;
#3731 = CARTESIAN_POINT ( 'NONE',  ( 1.105774105080187253, 0.3926538521471923393, -20.40000000000000213 ) ) ;
#3732 = AXIS2_PLACEMENT_3D ( 'NONE', #7137, #7028, #7874 ) ;
#3733 = AXIS2_PLACEMENT_3D ( 'NONE', #7577, #8328, #6609 ) ;
#3734 = UNCERTAINTY_MEASURE_WITH_UNIT (LENGTH_MEASURE( 1.000000000000000082E-05 ), #5671, 'distance_accuracy_value', 'NONE');
#3735 = CARTESIAN_POINT ( 'NONE',  ( 5.000000000000000000, 2.399999999999998579, -8.799999999999998934 ) ) ;
#3736 = DIRECTION ( 'NONE',  ( -0.000000000000000000, -0.000000000000000000, -1.000000000000000000 ) ) ;
#3737 = SURFACE_STYLE_FILL_AREA ( #475 ) ;
#3738 =( NAMED_UNIT ( * ) SI_UNIT ( $, .STERADIAN. ) SOLID_ANGLE_UNIT ( ) );
#3739 = CARTESIAN_POINT ( 'NONE',  ( 3.200000000000000178, 8.813878188659971968, -2.000000000000000000 ) ) ;
#3740 = ADVANCED_FACE ( 'NONE', ( #1353 ), #504, .F. ) ;
#3741 = ORIENTED_EDGE ( 'NONE', *, *, #63, .F. ) ;
#3742 = ORIENTED_EDGE ( 'NONE', *, *, #2955, .F. ) ;
#3743 = FILL_AREA_STYLE_COLOUR ( '', #1211 ) ;
#3744 = CARTESIAN_POINT ( 'NONE',  ( -0.4588030576237439040, 0.6390906925010167994, -20.60000000000000142 ) ) ;
#3745 = CIRCLE ( 'NONE', #7862, 0.2000000000000005107 ) ;
#3746 = SURFACE_STYLE_USAGE ( .BOTH. , #7995 ) ;
#3747 = CARTESIAN_POINT ( 'NONE',  ( -3.928624128444137664, 0.3128797459651007085, -20.59999999999999787 ) ) ;
#3748 = LINE ( 'NONE', #8930, #6389 ) ;
#3749 = CARTESIAN_POINT ( 'NONE',  ( 0.000000000000000000, -9.213878188659972324, -2.000000000000000000 ) ) ;
#3750 = EDGE_CURVE ( 'NONE', #3030, #9263, #2953, .T. ) ;
#3751 = DIRECTION ( 'NONE',  ( -0.000000000000000000, -0.000000000000000000, 1.000000000000000000 ) ) ;
#3752 = CIRCLE ( 'NONE', #7371, 0.1999999999999987899 ) ;
#3753 = ORIENTED_EDGE ( 'NONE', *, *, #4930, .F. ) ;
#3754 = CARTESIAN_POINT ( 'NONE',  ( -0.3254256239114279303, -0.7152113911769666377, -20.40000000000001279 ) ) ;
#3755 = ORIENTED_EDGE ( 'NONE', *, *, #10161, .T. ) ;
#3756 = ORIENTED_EDGE ( 'NONE', *, *, #6873, .T. ) ;
#3757 = CARTESIAN_POINT ( 'NONE',  ( 4.825719905168774915, -0.6020685101100505809, -20.40000000000000568 ) ) ;
#3758 = DIRECTION ( 'NONE',  ( 0.000000000000000000, 0.000000000000000000, -1.000000000000000000 ) ) ;
#3759 = AXIS2_PLACEMENT_3D ( 'NONE', #1368, #4585, #9483 ) ;
#3760 = SURFACE_STYLE_USAGE ( .BOTH. , #9732 ) ;
#3761 = SURFACE_STYLE_USAGE ( .BOTH. , #499 ) ;
#3762 = CARTESIAN_POINT ( 'NONE',  ( -4.358976156162452931, -0.4214244115432351223, -20.40000000000000568 ) ) ;
#3763 = SURFACE_SIDE_STYLE ('',( #4565 ) ) ;
#3764 = CARTESIAN_POINT ( 'NONE',  ( -5.123174099406454296, 0.07722465112509981078, -20.39999999999999503 ) ) ;
#3765 = ADVANCED_FACE ( 'NONE', ( #8727 ), #1625, .F. ) ;
#3766 = DIRECTION ( 'NONE',  ( -1.000000000000000000, 0.000000000000000000, 0.000000000000000000 ) ) ;
#3767 = EDGE_CURVE ( 'NONE', #1173, #3384, #2260, .T. ) ;
#3768 = VERTEX_POINT ( 'NONE', #8614 ) ;
#3769 = VECTOR ( 'NONE', #8674, 1000.000000000000000 ) ;
#3770 = SURFACE_SIDE_STYLE ('',( #8837 ) ) ;
#3771 = CARTESIAN_POINT ( 'NONE',  ( -5.709007221769976326, 0.6246930461076855012, -20.60000000000000497 ) ) ;
#3772 = ORIENTED_EDGE ( 'NONE', *, *, #1735, .T. ) ;
#3773 = PRESENTATION_STYLE_ASSIGNMENT (( #7857 ) ) ;
#3774 = VECTOR ( 'NONE', #4037, 1000.000000000000000 ) ;
#3775 = LINE ( 'NONE', #8899, #8868 ) ;
#3776 = ADVANCED_FACE ( 'NONE', ( #1243 ), #2433, .T. ) ;
#3777 = CARTESIAN_POINT ( 'NONE',  ( -5.161042738633532245, 0.4583054439134070512, -20.39999999999999503 ) ) ;
#3778 = CARTESIAN_POINT ( 'NONE',  ( -0.1651984277938322032, -0.6250615261837192405, -20.60000000000000142 ) ) ;
#3779 = DIRECTION ( 'NONE',  ( -1.000000000000000000, 0.000000000000000000, 0.000000000000000000 ) ) ;
#3780 = AXIS2_PLACEMENT_3D ( 'NONE', #7984, #644, #8800 ) ;
#3781 = ORIENTED_EDGE ( 'NONE', *, *, #10106, .T. ) ;
#3782 = CIRCLE ( 'NONE', #8413, 0.2000000000000000944 ) ;
#3783 = CARTESIAN_POINT ( 'NONE',  ( 0.7479354879517681187, -0.2201091396479055995, -20.40000000000000568 ) ) ;
#3784 = DIRECTION ( 'NONE',  ( 0.000000000000000000, 0.000000000000000000, -1.000000000000000000 ) ) ;
#3785 = CARTESIAN_POINT ( 'NONE',  ( 2.400000000000000355, -5.199999999999997513, -20.60000000000000142 ) ) ;
#3786 = CARTESIAN_POINT ( 'NONE',  ( -5.069645878080476287, -0.2366927504085230005, -20.60000000000000497 ) ) ;
#3787 = DIRECTION ( 'NONE',  ( 0.000000000000000000, 0.000000000000000000, -1.000000000000000000 ) ) ;
#3788 = ORIENTED_EDGE ( 'NONE', *, *, #1116, .F. ) ;
#3789 = VECTOR ( 'NONE', #6529, 1000.000000000000000 ) ;
#3790 = PRESENTATION_STYLE_ASSIGNMENT (( #640 ) ) ;
#3791 = MECHANICAL_DESIGN_GEOMETRIC_PRESENTATION_REPRESENTATION (  '', ( #7063 ), #5331 ) ;
#3792 = CARTESIAN_POINT ( 'NONE',  ( -0.8427187566066809410, -0.2993032188636536861, -20.40000000000000213 ) ) ;
#3793 = CARTESIAN_POINT ( 'NONE',  ( -5.835572563111566247, -0.3954357944268944713, -20.60000000000000142 ) ) ;
#3794 = DIRECTION ( 'NONE',  ( -1.000000000000000000, 0.000000000000000000, 0.000000000000000000 ) ) ;
#3795 = DIRECTION ( 'NONE',  ( 0.1240347345892098274, 0.9922778767136675171, -0.000000000000000000 ) ) ;
#3796 = DIRECTION ( 'NONE',  ( -0.000000000000000000, -0.000000000000000000, -1.000000000000000000 ) ) ;
#3797 = ORIENTED_EDGE ( 'NONE', *, *, #8719, .T. ) ;
#3798 = VERTEX_POINT ( 'NONE', #888 ) ;
#3799 = DIRECTION ( 'NONE',  ( -0.3398311366538648848, -0.9404864691001897370, 0.000000000000000000 ) ) ;
#3800 = CARTESIAN_POINT ( 'NONE',  ( 5.750834235010211515, 0.1570485001312083018, -20.60000000000000142 ) ) ;
#3801 = VECTOR ( 'NONE', #3736, 1000.000000000000000 ) ;
#3802 = LINE ( 'NONE', #7089, #6104 ) ;
#3803 = CARTESIAN_POINT ( 'NONE',  ( -0.06086667514498257658, 0.3931756448781862923, -20.59999999999999787 ) ) ;
#3804 = LINE ( 'NONE', #10381, #4509 ) ;
#3805 = CARTESIAN_POINT ( 'NONE',  ( -2.399999999999999911, 8.399999999999998579, -18.59999999999999787 ) ) ;
#3806 = B_SPLINE_CURVE_WITH_KNOTS ( 'NONE', 3,
 ( #3056, #2242, #3967, #4721, #6327, #7208, #7041, #8872, #10559, #8646, #10501, #2076, #6378, #5575, #10328, #2935, #6214, #9505, #541, #7093, #2405, #7310, #8215, #2353, #1612, #4874, #8 ),
 .UNSPECIFIED., .F., .F.,
 ( 4, 1, 1, 1, 1, 1, 1, 1, 1, 1, 1, 1, 1, 1, 1, 1, 1, 1, 1, 1, 1, 1, 1, 1, 4 ),
 ( 0.000000000000000000, 0.03017189740256531749, 0.06028579483564457109, 0.09079158044264615257, 0.1217258672919762363, 0.1536467519256786429, 0.1864902164124224992, 0.2204240369526234700, 0.2557360757735925860, 0.2922465881880161875, 0.3298997158453732537, 0.3689446435282177084, 0.4098131063339448543, 0.4517974461427172184, 0.4962355124154630981, 0.5427163851650915749, 0.5912080977607994114, 0.6409921726088014804, 0.6908897332166079597, 0.7409303304643596322, 0.7915755958029809802, 0.8423466024231944793, 0.8940170981538025918, 0.9467504362012000296, 1.000000000000000000 ),
 .UNSPECIFIED. ) ;
#3807 = CARTESIAN_POINT ( 'NONE',  ( 2.600000000000000533, 0.7999999999999987121, -18.59999999999999787 ) ) ;
#3808 = CARTESIAN_POINT ( 'NONE',  ( -4.947792427010946348, -0.5352559026976153600, -20.40000000000000213 ) ) ;
#3809 = CARTESIAN_POINT ( 'NONE',  ( -0.7259606046403692670, 0.5981724133349639594, -20.60000000000000142 ) ) ;
#3810 = ORIENTED_EDGE ( 'NONE', *, *, #7076, .F. ) ;
#3811 = CARTESIAN_POINT ( 'NONE',  ( 5.950000000000000178, 2.399999999999998579, -20.60000000000000142 ) ) ;
#3812 = LINE ( 'NONE', #2141, #9594 ) ;
#3813 = DIRECTION ( 'NONE',  ( 1.084202172485504434E-16, 1.000000000000000000, 0.000000000000000000 ) ) ;
#3814 = ORIENTED_EDGE ( 'NONE', *, *, #7076, .T. ) ;
#3815 = CIRCLE ( 'NONE', #224, 0.1999999999999987899 ) ;
#3816 = ADVANCED_FACE ( 'NONE', ( #5015 ), #41, .T. ) ;
#3817 = SURFACE_STYLE_FILL_AREA ( #2732 ) ;
#3818 = DIRECTION ( 'NONE',  ( -0.9403445970902174489, 0.3402235128900363836, 0.000000000000000000 ) ) ;
#3819 = FACE_OUTER_BOUND ( 'NONE', #4713, .T. ) ;
#3820 = DIRECTION ( 'NONE',  ( 1.000000000000000000, 1.084202172485504434E-16, 0.000000000000000000 ) ) ;
#3821 = DIRECTION ( 'NONE',  ( -0.000000000000000000, -0.000000000000000000, 1.000000000000000000 ) ) ;
#3822 = DIRECTION ( 'NONE',  ( 0.000000000000000000, -0.000000000000000000, 1.000000000000000000 ) ) ;
#3823 = CARTESIAN_POINT ( 'NONE',  ( 0.1274269277461568262, -0.2156848691925428163, -20.40000000000000568 ) ) ;
#3824 = VERTEX_POINT ( 'NONE', #3297 ) ;
#3825 = CIRCLE ( 'NONE', #1250, 9.000000000000000000 ) ;
#3826 = EDGE_LOOP ( 'NONE', ( #9309, #5772, #1636, #3575, #8636 ) ) ;
#3827 = EDGE_CURVE ( 'NONE', #9762, #9418, #6585, .T. ) ;
#3828 = EDGE_CURVE ( 'NONE', #4627, #5368, #3713, .T. ) ;
#3829 = PRESENTATION_LAYER_ASSIGNMENT (  '', '', ( #2451 ) ) ;
#3830 = DIRECTION ( 'NONE',  ( 0.000000000000000000, 0.000000000000000000, -1.000000000000000000 ) ) ;
#3831 = CARTESIAN_POINT ( 'NONE',  ( -5.561963756193556208, 0.6410449470948363926, -20.60000000000000142 ) ) ;
#3832 = MECHANICAL_DESIGN_GEOMETRIC_PRESENTATION_REPRESENTATION (  '', ( #8468 ), #77 ) ;
#3833 = CARTESIAN_POINT ( 'NONE',  ( -4.412089627088423782, -0.6226459935238829457, -20.60000000000000497 ) ) ;
#3834 = EDGE_LOOP ( 'NONE', ( #6890, #2396, #9660, #2678 ) ) ;
#3835 = CARTESIAN_POINT ( 'NONE',  ( 0.7311468398323912599, -0.2679127727811389525, -20.40000000000000568 ) ) ;
#3836 = DIRECTION ( 'NONE',  ( -0.000000000000000000, -1.000000000000000000, -0.000000000000000000 ) ) ;
#3837 = CARTESIAN_POINT ( 'NONE',  ( 5.021939961259967333, 0.6246930461076857233, -20.40000000000000568 ) ) ;
#3838 = EDGE_CURVE ( 'NONE', #6094, #3824, #10494, .T. ) ;
#3839 = VERTEX_POINT ( 'NONE', #3277 ) ;
#3840 = AXIS2_PLACEMENT_3D ( 'NONE', #3918, #6490, #9774 ) ;
#3841 = CARTESIAN_POINT ( 'NONE',  ( 1.500000000000000000, 9.213878188659972324, -8.799999999999998934 ) ) ;
#3842 = CARTESIAN_POINT ( 'NONE',  ( -5.785340991435191427, 0.3883502733060111289, -20.60000000000000497 ) ) ;
#3843 = VERTEX_POINT ( 'NONE', #9840 ) ;
#3844 = VECTOR ( 'NONE', #1696, 1000.000000000000000 ) ;
#3845 = CARTESIAN_POINT ( 'NONE',  ( 0.6825483738407247536, -0.4214244115432347892, -20.60000000000000142 ) ) ;
#3846 = CARTESIAN_POINT ( 'NONE',  ( -0.7481101827340286281, -0.5042546649092171096, -20.40000000000000568 ) ) ;
#3847 = UNCERTAINTY_MEASURE_WITH_UNIT (LENGTH_MEASURE( 1.000000000000000082E-05 ), #5369, 'distance_accuracy_value', 'NONE');
#3848 = CARTESIAN_POINT ( 'NONE',  ( 5.656007723570773749, -0.3674315766491683122, -20.39999999999999147 ) ) ;
#3849 = CARTESIAN_POINT ( 'NONE',  ( 5.371996046325935303, -0.7157029552997900002, -20.59999999999999432 ) ) ;
#3850 = DIRECTION ( 'NONE',  ( 1.084202172485504434E-16, -1.000000000000000000, 0.000000000000000000 ) ) ;
#3851 = CARTESIAN_POINT ( 'NONE',  ( -2.400000000000000355, -8.399999999999998579, -18.59999999999999787 ) ) ;
#3852 = ORIENTED_EDGE ( 'NONE', *, *, #3627, .F. ) ;
#3853 = VECTOR ( 'NONE', #2289, 1000.000000000000000 ) ;
#3854 = ORIENTED_EDGE ( 'NONE', *, *, #9359, .F. ) ;
#3855 =( LENGTH_UNIT ( ) NAMED_UNIT ( * ) SI_UNIT ( .MILLI., .METRE. ) );
#3856 = CARTESIAN_POINT ( 'NONE',  ( 5.686146752743108657, 0.2995535025555787767, -20.59999999999999787 ) ) ;
#3857 = EDGE_CURVE ( 'NONE', #10593, #6270, #6666, .T. ) ;
#3858 = ORIENTED_EDGE ( 'NONE', *, *, #1547, .T. ) ;
#3859 = DIRECTION ( 'NONE',  ( 0.000000000000000000, 0.000000000000000000, 1.000000000000000000 ) ) ;
#3860 = DIRECTION ( 'NONE',  ( 1.000000000000000000, 0.000000000000000000, 0.000000000000000000 ) ) ;
#3861 = CARTESIAN_POINT ( 'NONE',  ( 9.000000000000000000, 1.102182119232617714E-15, 0.000000000000000000 ) ) ;
#3862 = CARTESIAN_POINT ( 'NONE',  ( -1.700000000000000178, 9.013878188659973034, -2.200000000000000622 ) ) ;
#3863 = CARTESIAN_POINT ( 'NONE',  ( 5.285236580753610802, -0.7221345831102792268, -20.39999999999999503 ) ) ;
#3864 = ORIENTED_EDGE ( 'NONE', *, *, #1659, .F. ) ;
#3865 = CARTESIAN_POINT ( 'NONE',  ( -2.400000000000000355, 3.999999999999998224, -18.59999999999999787 ) ) ;
#3866 = FACE_OUTER_BOUND ( 'NONE', #6305, .T. ) ;
#3867 = ORIENTED_EDGE ( 'NONE', *, *, #3464, .T. ) ;
#3868 = CARTESIAN_POINT ( 'NONE',  ( 4.733579496627881689, -0.3930413005237482493, -20.39999999999999858 ) ) ;
#3869 = CYLINDRICAL_SURFACE ( 'NONE', #4288, 0.1999999999999996503 ) ;
#3870 = CARTESIAN_POINT ( 'NONE',  ( 2.400000000000000355, -8.399999999999998579, -20.60000000000000142 ) ) ;
#3871 = CARTESIAN_POINT ( 'NONE',  ( 0.7479354879517681187, -0.2201091396479055995, -20.40000000000000568 ) ) ;
#3872 = FACE_OUTER_BOUND ( 'NONE', #2206, .T. ) ;
#3873 = FACE_OUTER_BOUND ( 'NONE', #1097, .T. ) ;
#3874 = FACE_OUTER_BOUND ( 'NONE', #8696, .T. ) ;
#3875 = CARTESIAN_POINT ( 'NONE',  ( -0.1722654998476755017, 0.5143283705090895275, -20.40000000000000568 ) ) ;
#3876 = ORIENTED_EDGE ( 'NONE', *, *, #8167, .F. ) ;
#3877 = EDGE_CURVE ( 'NONE', #6516, #1209, #5747, .T. ) ;
#3878 = PLANE ( 'NONE',  #4227 ) ;
#3879 = COLOUR_RGB ( '',1.000000000000000000, 1.000000000000000000, 1.000000000000000000 ) ;
#3880 = CARTESIAN_POINT ( 'NONE',  ( 4.980748474267411297, 0.6113100570507273845, -20.40000000000000213 ) ) ;
#3881 = EDGE_LOOP ( 'NONE', ( #5698, #5765, #659, #5869 ) ) ;
#3882 = CARTESIAN_POINT ( 'NONE',  ( 1.500000000000000000, -9.213878188659972324, -2.000000000000000000 ) ) ;
#3883 = CIRCLE ( 'NONE', #4397, 0.1999999999999987899 ) ;
#3884 = LINE ( 'NONE', #2270, #4015 ) ;
#3885 = STYLED_ITEM ( 'NONE', ( #5040 ), #5077 ) ;
#3886 = CARTESIAN_POINT ( 'NONE',  ( -5.537568821019248411, 0.6404690672067864243, -20.40000000000000568 ) ) ;
#3887 = VECTOR ( 'NONE', #10216, 1000.000000000000000 ) ;
#3888 = CARTESIAN_POINT ( 'NONE',  ( -0.1111803651749209143, -0.5629379953945153892, -20.60000000000000142 ) ) ;
#3889 = EDGE_CURVE ( 'NONE', #3985, #3992, #3156, .T. ) ;
#3890 = CARTESIAN_POINT ( 'NONE',  ( -3.199999999999999734, 5.213878188659972324, -2.200000000000000622 ) ) ;
#3891 = EDGE_CURVE ( 'NONE', #7282, #5395, #5850, .T. ) ;
#3892 = LINE ( 'NONE', #3940, #10137 ) ;
#3893 = EDGE_LOOP ( 'NONE', ( #5167, #4309, #5256, #6800 ) ) ;
#3894 = DIRECTION ( 'NONE',  ( 0.1668642885082855798, -0.9859798726244990430, 0.000000000000000000 ) ) ;
#3895 = CARTESIAN_POINT ( 'NONE',  ( 2.400000000000000355, 3.999999999999998224, -20.60000000000000142 ) ) ;
#3896 = FACE_OUTER_BOUND ( 'NONE', #155, .T. ) ;
#3897 = AXIS2_PLACEMENT_3D ( 'NONE', #2340, #5617, #7193 ) ;
#3898 = ORIENTED_EDGE ( 'NONE', *, *, #431, .T. ) ;
#3899 = AXIS2_PLACEMENT_3D ( 'NONE', #8822, #7047, #7834 ) ;
#3900 = SURFACE_SIDE_STYLE ('',( #7023 ) ) ;
#3901 = ORIENTED_EDGE ( 'NONE', *, *, #5853, .F. ) ;
#3902 = CARTESIAN_POINT ( 'NONE',  ( -0.4836635023960372259, -0.7115016720600195743, -20.39999999999999858 ) ) ;
#3903 = CARTESIAN_POINT ( 'NONE',  ( 5.441375504224676085, -0.6940666626739245837, -20.40000000000000213 ) ) ;
#3904 = CARTESIAN_POINT ( 'NONE',  ( 5.503814291024903937, -0.6576316023481861839, -20.40000000000001279 ) ) ;
#3905 = CARTESIAN_POINT ( 'NONE',  ( -7.400000000000000355, 3.999999999999998224, -20.60000000000000142 ) ) ;
#3906 = ADVANCED_FACE ( 'NONE', ( #5050 ), #964, .F. ) ;
#3907 = ORIENTED_EDGE ( 'NONE', *, *, #6183, .F. ) ;
#3908 = EDGE_CURVE ( 'NONE', #5795, #7033, #9336, .T. ) ;
#3909 = AXIS2_PLACEMENT_3D ( 'NONE', #275, #8627, #3673 ) ;
#3910 = VERTEX_POINT ( 'NONE', #10268 ) ;
#3911 = CARTESIAN_POINT ( 'NONE',  ( 4.950912235705338560, -0.5126563009605302756, -20.60000000000000853 ) ) ;
#3912 = LINE ( 'NONE', #7144, #10293 ) ;
#3913 = MECHANICAL_DESIGN_GEOMETRIC_PRESENTATION_REPRESENTATION (  '', ( #1843 ), #9790 ) ;
#3914 = TOROIDAL_SURFACE ( 'NONE', #6484, 0.4000000000000000222, 0.2000000000000000111 ) ;
#3915 = AXIS2_PLACEMENT_3D ( 'NONE', #8434, #6820, #10114 ) ;
#3916 = CARTESIAN_POINT ( 'NONE',  ( -8.269140320336473948, 4.813878188659971080, -2.200000000000000622 ) ) ;
#3917 = LINE ( 'NONE', #2349, #2273 ) ;
#3918 = CARTESIAN_POINT ( 'NONE',  ( -4.336808689942017736E-16, 2.399999999999998579, -8.799999999999998934 ) ) ;
#3919 =( NAMED_UNIT ( * ) SI_UNIT ( $, .STERADIAN. ) SOLID_ANGLE_UNIT ( ) );
#3920 = EDGE_CURVE ( 'NONE', #533, #3419, #2879, .T. ) ;
#3921 = ORIENTED_EDGE ( 'NONE', *, *, #3767, .T. ) ;
#3922 = VECTOR ( 'NONE', #1704, 1000.000000000000000 ) ;
#3923 = DIRECTION ( 'NONE',  ( 0.000000000000000000, -1.000000000000000000, -0.000000000000000000 ) ) ;
#3924 = CARTESIAN_POINT ( 'NONE',  ( -2.400000000000000355, 3.999999999999998224, -20.60000000000000142 ) ) ;
#3925 = ORIENTED_EDGE ( 'NONE', *, *, #4206, .F. ) ;
#3926 = CARTESIAN_POINT ( 'NONE',  ( 4.856870110001569429, -0.6494766575937690467, -20.40000000000000213 ) ) ;
#3927 = CARTESIAN_POINT ( 'NONE',  ( 5.515967211405321535, 0.5105542056909713189, -20.60000000000000853 ) ) ;
#3928 = DIRECTION ( 'NONE',  ( 0.000000000000000000, 1.000000000000000000, 0.000000000000000000 ) ) ;
#3929 = CARTESIAN_POINT ( 'NONE',  ( -5.558856259683329526, -0.8801249901000536280, -20.59999999999999432 ) ) ;
#3930 =( NAMED_UNIT ( * ) PLANE_ANGLE_UNIT ( ) SI_UNIT ( $, .RADIAN. ) );
#3931 = DIRECTION ( 'NONE',  ( 1.000000000000000000, 0.000000000000000000, 0.000000000000000000 ) ) ;
#3932 = ORIENTED_EDGE ( 'NONE', *, *, #4613, .F. ) ;
#3933 = COLOUR_RGB ( '',1.000000000000000000, 1.000000000000000000, 1.000000000000000000 ) ;
#3934 = ORIENTED_EDGE ( 'NONE', *, *, #3055, .T. ) ;
#3935 = EDGE_CURVE ( 'NONE', #8002, #3013, #7991, .T. ) ;
#3936 = AXIS2_PLACEMENT_3D ( 'NONE', #1090, #1742, #5871 ) ;
#3937 = SURFACE_STYLE_FILL_AREA ( #8734 ) ;
#3938 = DIRECTION ( 'NONE',  ( -0.3402235128900363281, -0.9403445970902173379, 0.000000000000000000 ) ) ;
#3939 =( NAMED_UNIT ( * ) PLANE_ANGLE_UNIT ( ) SI_UNIT ( $, .RADIAN. ) );
#3940 = CARTESIAN_POINT ( 'NONE',  ( 1.215960793391875239, 0.6218543391601795145, -20.40000000000000213 ) ) ;
#3941 = ORIENTED_EDGE ( 'NONE', *, *, #1791, .F. ) ;
#3942 = LINE ( 'NONE', #7237, #3080 ) ;
#3943 = ORIENTED_EDGE ( 'NONE', *, *, #5976, .F. ) ;
#3944 = CARTESIAN_POINT ( 'NONE',  ( 4.693506462897730103, 0.2270606048642995201, -20.39999999999999503 ) ) ;
#3945 = CIRCLE ( 'NONE', #9119, 0.9500000000000000666 ) ;
#3946 = EDGE_LOOP ( 'NONE', ( #7455, #8795, #3308, #899, #9143 ) ) ;
#3947 = CARTESIAN_POINT ( 'NONE',  ( -5.323499884582465036, -0.7064996948634456597, -20.60000000000000497 ) ) ;
#3948 = CARTESIAN_POINT ( 'NONE',  ( -8.269140320336473948, 5.013878188659970370, -2.200000000000000622 ) ) ;
#3949 = EDGE_CURVE ( 'NONE', #8388, #4089, #6098, .T. ) ;
#3950 = ORIENTED_EDGE ( 'NONE', *, *, #6976, .F. ) ;
#3951 = CARTESIAN_POINT ( 'NONE',  ( 0.1006533718851653353, 0.03528813111341271014, -20.60000000000000853 ) ) ;
#3952 = UNCERTAINTY_MEASURE_WITH_UNIT (LENGTH_MEASURE( 1.000000000000000082E-05 ), #2111, 'distance_accuracy_value', 'NONE');
#3953 = DIRECTION ( 'NONE',  ( -1.000000000000000000, 0.000000000000000000, 0.000000000000000000 ) ) ;
#3954 = SURFACE_STYLE_USAGE ( .BOTH. , #698 ) ;
#3955 = DIRECTION ( 'NONE',  ( 0.000000000000000000, 0.000000000000000000, 1.000000000000000000 ) ) ;
#3956 = DIRECTION ( 'NONE',  ( 0.000000000000000000, 0.000000000000000000, 1.000000000000000000 ) ) ;
#3957 = FACE_OUTER_BOUND ( 'NONE', #8180, .T. ) ;
#3958 = ORIENTED_EDGE ( 'NONE', *, *, #1002, .F. ) ;
#3959 = VERTEX_POINT ( 'NONE', #4289 ) ;
#3960 = CARTESIAN_POINT ( 'NONE',  ( -1.600000000000000089, 7.599999999999996980, 0.000000000000000000 ) ) ;
#3961 = EDGE_CURVE ( 'NONE', #4115, #8363, #3121, .T. ) ;
#3962 = PRESENTATION_LAYER_ASSIGNMENT (  '', '', ( #3612 ) ) ;
#3963 = EDGE_CURVE ( 'NONE', #1638, #6051, #3049, .T. ) ;
#3964 = VERTEX_POINT ( 'NONE', #2237 ) ;
#3965 = FACE_BOUND ( 'NONE', #3344, .T. ) ;
#3966 = CYLINDRICAL_SURFACE ( 'NONE', #6565, 0.2000000000000000944 ) ;
#3967 = CARTESIAN_POINT ( 'NONE',  ( -0.4268269355370860607, -0.7217130652899369503, -20.60000000000000497 ) ) ;
#3968 =( NAMED_UNIT ( * ) PLANE_ANGLE_UNIT ( ) SI_UNIT ( $, .RADIAN. ) );
#3969 = CARTESIAN_POINT ( 'NONE',  ( 3.199999999999999734, -5.013878188659972146, -20.60000000000000142 ) ) ;
#3970 = DIRECTION ( 'NONE',  ( -0.000000000000000000, -0.000000000000000000, -1.000000000000000000 ) ) ;
#3971 = EDGE_LOOP ( 'NONE', ( #3256, #3075, #50, #4544 ) ) ;
#3972 = STYLED_ITEM ( 'NONE', ( #2966 ), #8486 ) ;
#3973 = CARTESIAN_POINT ( 'NONE',  ( 5.048197674459546036, -0.6273834663167744408, -20.40000000000000213 ) ) ;
#3974 = FILL_AREA_STYLE ('',( #3273 ) ) ;
#3975 = ORIENTED_EDGE ( 'NONE', *, *, #7970, .F. ) ;
#3976 = CARTESIAN_POINT ( 'NONE',  ( 5.458262459290081914, 0.5538656990518743273, -20.39999999999999858 ) ) ;
#3977 = EDGE_CURVE ( 'NONE', #5273, #1870, #3802, .T. ) ;
#3978 = SURFACE_STYLE_FILL_AREA ( #5586 ) ;
#3979 = DIRECTION ( 'NONE',  ( -1.000000000000000000, -1.224646799147353207E-16, 0.000000000000000000 ) ) ;
#3980 = SURFACE_SIDE_STYLE ('',( #720 ) ) ;
#3981 = FILL_AREA_STYLE_COLOUR ( '', #10605 ) ;
#3982 = ORIENTED_EDGE ( 'NONE', *, *, #10623, .T. ) ;
#3983 = B_SPLINE_SURFACE_WITH_KNOTS ( 'NONE', 3, 1, ( 
 ( #4620, #9952 ),
 ( #4835, #5851 ),
 ( #4024, #2621 ),
 ( #3224, #6608 ),
 ( #2571, #814 ) ),
 .UNSPECIFIED., .F., .F., .F.,
 ( 4, 1, 4 ),
 ( 2, 2 ),
 ( 0.000000000000000000, 0.4969163598881329857, 1.000000000000000000 ),
 ( 0.000000000000000000, 1.000000000000000000 ),
 .UNSPECIFIED. ) ;
#3984 = STYLED_ITEM ( 'NONE', ( #9463 ), #2426 ) ;
#3985 = VERTEX_POINT ( 'NONE', #9501 ) ;
#3986 = CARTESIAN_POINT ( 'NONE',  ( -0.03408593858057885895, -0.3564896355670357786, -20.60000000000000142 ) ) ;
#3987 = CIRCLE ( 'NONE', #5355, 0.2000000000000000944 ) ;
#3988 = STYLED_ITEM ( 'NONE', ( #601 ), #2713 ) ;
#3989 = PRESENTATION_STYLE_ASSIGNMENT (( #1527 ) ) ;
#3990 = CARTESIAN_POINT ( 'NONE',  ( -4.419110814533379283, -0.6510758556450154666, -20.40000000000000213 ) ) ;
#3991 = AXIS2_PLACEMENT_3D ( 'NONE', #5409, #4600, #7880 ) ;
#3992 = VERTEX_POINT ( 'NONE', #3158 ) ;
#3993 = VERTEX_POINT ( 'NONE', #10325 ) ;
#3994 =( GEOMETRIC_REPRESENTATION_CONTEXT ( 3 ) GLOBAL_UNCERTAINTY_ASSIGNED_CONTEXT ( ( #3734 ) ) GLOBAL_UNIT_ASSIGNED_CONTEXT ( ( #5671, #3254, #3407 ) ) REPRESENTATION_CONTEXT ( 'NONE', 'WORKASPACE' ) );
#3995 = CARTESIAN_POINT ( 'NONE',  ( 4.941355429835645907, 0.5942353826887671886, -20.40000000000000924 ) ) ;
#3996 = DIRECTION ( 'NONE',  ( -1.000000000000000000, 0.000000000000000000, 0.000000000000000000 ) ) ;
#3997 = CARTESIAN_POINT ( 'NONE',  ( -0.5397816748106128992, -0.6907508437865399475, -20.39999999999999858 ) ) ;
#3998 = ORIENTED_EDGE ( 'NONE', *, *, #9215, .F. ) ;
#3999 =( GEOMETRIC_REPRESENTATION_CONTEXT ( 3 ) GLOBAL_UNCERTAINTY_ASSIGNED_CONTEXT ( ( #5978 ) ) GLOBAL_UNIT_ASSIGNED_CONTEXT ( ( #10608, #1210, #9377 ) ) REPRESENTATION_CONTEXT ( 'NONE', 'WORKASPACE' ) );
#4000 = CARTESIAN_POINT ( 'NONE',  ( -6.004338087260653545, -0.3716521543463142674, -20.40000000000000213 ) ) ;
#4001 = CARTESIAN_POINT ( 'NONE',  ( 5.661421227086369079, -0.2793335903977447465, -20.40000000000000924 ) ) ;
#4002 = SURFACE_STYLE_FILL_AREA ( #4913 ) ;
#4003 = PLANE ( 'NONE',  #4883 ) ;
#4004 = ORIENTED_EDGE ( 'NONE', *, *, #9414, .T. ) ;
#4005 = ORIENTED_EDGE ( 'NONE', *, *, #8858, .F. ) ;
#4006 = EDGE_CURVE ( 'NONE', #8063, #1906, #6431, .T. ) ;
#4007 = STYLED_ITEM ( 'NONE', ( #3602 ), #9687 ) ;
#4008 = CARTESIAN_POINT ( 'NONE',  ( -0.5855216977777770726, -0.8574371100678065405, -20.59999999999999787 ) ) ;
#4009 = ORIENTED_EDGE ( 'NONE', *, *, #2829, .F. ) ;
#4010 = DIRECTION ( 'NONE',  ( -1.000000000000000000, 0.000000000000000000, 0.000000000000000000 ) ) ;
#4011 = DIRECTION ( 'NONE',  ( 0.000000000000000000, 0.000000000000000000, 1.000000000000000000 ) ) ;
#4012 = CARTESIAN_POINT ( 'NONE',  ( -1.700000000000000178, -9.013878188659973034, -2.200000000000000622 ) ) ;
#4013 = CARTESIAN_POINT ( 'NONE',  ( 0.6735500791061610482, -0.8781456608398205965, -20.60000000000000142 ) ) ;
#4014 = CARTESIAN_POINT ( 'NONE',  ( 5.139326227433437921, -0.6893738113348040208, -20.60000000000000142 ) ) ;
#4015 = VECTOR ( 'NONE', #4633, 1000.000000000000000 ) ;
#4016 = EDGE_LOOP ( 'NONE', ( #2189, #952, #7374, #8128 ) ) ;
#4017 = ADVANCED_FACE ( 'NONE', ( #1446 ), #9715, .F. ) ;
#4018 = EDGE_CURVE ( 'NONE', #8451, #8764, #813, .T. ) ;
#4019 = CARTESIAN_POINT ( 'NONE',  ( 1.472251377807459738, -0.8781456608398205965, -20.60000000000000142 ) ) ;
#4020 = CARTESIAN_POINT ( 'NONE',  ( 1.600000000000000089, -7.599999999999996980, -8.799999999999998934 ) ) ;
#4021 =( NAMED_UNIT ( * ) PLANE_ANGLE_UNIT ( ) SI_UNIT ( $, .RADIAN. ) );
#4022 = EDGE_LOOP ( 'NONE', ( #8375, #4466, #3788, #1599 ) ) ;
#4023 = CARTESIAN_POINT ( 'NONE',  ( 5.264756356219967515, 0.6319399841552814090, -20.60000000000000142 ) ) ;
#4024 = CARTESIAN_POINT ( 'NONE',  ( -4.444044418699836463, -0.4540927025679677431, -20.40000000000000568 ) ) ;
#4025 = SPHERICAL_SURFACE ( 'NONE', #1683, 0.2000000000000000111 ) ;
#4026 = CARTESIAN_POINT ( 'NONE',  ( -0.5407647312087940916, 0.6408183495561071696, -20.40000000000000568 ) ) ;
#4027 = ORIENTED_EDGE ( 'NONE', *, *, #773, .T. ) ;
#4028 = ADVANCED_FACE ( 'NONE', ( #4717 ), #1499, .F. ) ;
#4029 =( LENGTH_UNIT ( ) NAMED_UNIT ( * ) SI_UNIT ( .MILLI., .METRE. ) );
#4030 = ORIENTED_EDGE ( 'NONE', *, *, #1563, .F. ) ;
#4031 = SURFACE_SIDE_STYLE ('',( #6726 ) ) ;
#4032 = CARTESIAN_POINT ( 'NONE',  ( -0.06988951610561722205, -0.4884423965068691587, -20.59999999999999432 ) ) ;
#4033 = CARTESIAN_POINT ( 'NONE',  ( -1.500000000000000000, 9.013878188659973034, -8.799999999999998934 ) ) ;
#4034 = CARTESIAN_POINT ( 'NONE',  ( -4.345450900130518157, -0.3779124870668759129, -20.40000000000000568 ) ) ;
#4035 = PRESENTATION_LAYER_ASSIGNMENT (  '', '', ( #638 ) ) ;
#4036 = EDGE_CURVE ( 'NONE', #4645, #3993, #8315, .T. ) ;
#4037 = DIRECTION ( 'NONE',  ( -1.000000000000000000, 0.000000000000000000, 0.000000000000000000 ) ) ;
#4038 = VERTEX_POINT ( 'NONE', #8927 ) ;
#4039 = VERTEX_POINT ( 'NONE', #1554 ) ;
#4040 = DIRECTION ( 'NONE',  ( -0.000000000000000000, -0.000000000000000000, 1.000000000000000000 ) ) ;
#4041 = VECTOR ( 'NONE', #5967, 1000.000000000000000 ) ;
#4042 = EDGE_LOOP ( 'NONE', ( #6950, #5473, #2004, #5247, #5059 ) ) ;
#4043 = FACE_OUTER_BOUND ( 'NONE', #7212, .T. ) ;
#4044 = UNCERTAINTY_MEASURE_WITH_UNIT (LENGTH_MEASURE( 1.000000000000000082E-05 ), #2531, 'distance_accuracy_value', 'NONE');
#4045 = PRESENTATION_STYLE_ASSIGNMENT (( #2341 ) ) ;
#4046 = PRESENTATION_STYLE_ASSIGNMENT (( #9872 ) ) ;
#4047 = CARTESIAN_POINT ( 'NONE',  ( -0.8547129730933746838, 0.5059743257089652779, -20.60000000000000497 ) ) ;
#4048 = VERTEX_POINT ( 'NONE', #4321 ) ;
#4049 = VECTOR ( 'NONE', #8583, 1000.000000000000000 ) ;
#4050 = AXIS2_PLACEMENT_3D ( 'NONE', #9103, #4843, #2581 ) ;
#4051 = LINE ( 'NONE', #5728, #1878 ) ;
#4052 = DIRECTION ( 'NONE',  ( 0.000000000000000000, -0.000000000000000000, 1.000000000000000000 ) ) ;
#4053 = VERTEX_POINT ( 'NONE', #7610 ) ;
#4054 = CARTESIAN_POINT ( 'NONE',  ( -0.02680367020790398389, -0.7279475140316745696, -20.60000000000000497 ) ) ;
#4055 = CARTESIAN_POINT ( 'NONE',  ( -3.199999999999999734, 5.213878188659972324, -2.200000000000000178 ) ) ;
#4056 = EDGE_CURVE ( 'NONE', #2797, #5724, #9801, .T. ) ;
#4057 = STYLED_ITEM ( 'NONE', ( #9488 ), #1630 ) ;
#4059 = B_SPLINE_CURVE_WITH_KNOTS ( 'NONE', 3,
 ( #2884, #3532, #5153, #1970, #8432, #5252, #7677, #1117, #1065, #8540, #10112, #6870, #6163, #4550, #4445, #7734, #2670, #5360, #3642 ),
 .UNSPECIFIED., .F., .F.,
 ( 4, 1, 1, 1, 1, 1, 1, 1, 1, 1, 1, 1, 1, 1, 1, 1, 4 ),
 ( 0.000000000000000000, 0.05644607958989826535, 0.1109687992651581939, 0.1646179365722187926, 0.2184747872706094551, 0.2732587896269459971, 0.3302817479930586497, 0.3899268243526004540, 0.4533382698853492543, 0.5185888434239767086, 0.5842136173929078913, 0.6499215817368689807, 0.7167940935509916622, 0.7848281234544678409, 0.8544522929293442148, 0.9262884854674499069, 1.000000000000000000 ),
 .UNSPECIFIED. ) ;
#4058 = CARTESIAN_POINT ( 'NONE',  ( 0.5974801113033417765, -0.4540927025679674101, -20.59999999999999432 ) ) ;
#4060 = CARTESIAN_POINT ( 'NONE',  ( -2.999999999999999556, 5.213878188659972324, -2.200000000000000622 ) ) ;
#4061 = SURFACE_SIDE_STYLE ('',( #7312 ) ) ;
#4062 = ORIENTED_EDGE ( 'NONE', *, *, #4464, .F. ) ;
#4063 = DIRECTION ( 'NONE',  ( 0.000000000000000000, 0.000000000000000000, 1.000000000000000000 ) ) ;
#4064 = CARTESIAN_POINT ( 'NONE',  ( -0.02828532444622925204, -0.2277637117898305141, -20.40000000000000568 ) ) ;
#4065 = B_SPLINE_CURVE_WITH_KNOTS ( 'NONE', 3,
 ( #10140, #4939, #1953, #5232, #8516, #9593, #6146, #2916, #7768, #4588, #523, #9435, #471, #8793, #414, #6193, #1256, #3786, #7131 ),
 .UNSPECIFIED., .F., .F.,
 ( 4, 1, 1, 1, 1, 1, 1, 1, 1, 1, 1, 1, 1, 1, 1, 1, 4 ),
 ( 0.000000000000000000, 0.05644607958989826535, 0.1109687992651581939, 0.1646179365722187926, 0.2184747872706094551, 0.2732587896269459971, 0.3302817479930586497, 0.3899268243526004540, 0.4533382698853492543, 0.5185888434239767086, 0.5842136173929078913, 0.6499215817368689807, 0.7167940935509916622, 0.7848281234544678409, 0.8544522929293442148, 0.9262884854674499069, 1.000000000000000000 ),
 .UNSPECIFIED. ) ;
#4066 = STYLED_ITEM ( 'NONE', ( #8173 ), #1862 ) ;
#4067 = AXIS2_PLACEMENT_3D ( 'NONE', #4723, #6216, #7043 ) ;
#4068 = ORIENTED_EDGE ( 'NONE', *, *, #10566, .T. ) ;
#4069 = DIRECTION ( 'NONE',  ( -1.000000000000000000, 0.000000000000000000, 0.000000000000000000 ) ) ;
#4070 = CARTESIAN_POINT ( 'NONE',  ( -5.171971089580430281, -0.6065495339966484600, -20.40000000000000924 ) ) ;
#4071 = DIRECTION ( 'NONE',  ( -1.000000000000000000, 0.000000000000000000, 0.000000000000000000 ) ) ;
#4072 = PLANE ( 'NONE',  #2868 ) ;
#4073 = CARTESIAN_POINT ( 'NONE',  ( 2.600000000000000533, 0.7999999999999987121, -18.59999999999999787 ) ) ;
#4074 = EDGE_CURVE ( 'NONE', #2295, #4039, #6810, .T. ) ;
#4075 = CARTESIAN_POINT ( 'NONE',  ( -2.799999999999999822, 8.813878188659971968, -2.200000000000000622 ) ) ;
#4076 =( NAMED_UNIT ( * ) SI_UNIT ( $, .STERADIAN. ) SOLID_ANGLE_UNIT ( ) );
#4077 = STYLED_ITEM ( 'NONE', ( #1274 ), #5863 ) ;
#4078 = ORIENTED_EDGE ( 'NONE', *, *, #3055, .F. ) ;
#4079 = CARTESIAN_POINT ( 'NONE',  ( 0.9977267729110875782, 0.02188056858256886422, -20.40000000000000213 ) ) ;
#4080 = ORIENTED_EDGE ( 'NONE', *, *, #2398, .T. ) ;
#4081 = CARTESIAN_POINT ( 'NONE',  ( -5.422966334013901601, -0.8976261803203402501, -20.60000000000000497 ) ) ;
#4082 = LINE ( 'NONE', #9854, #7218 ) ;
#4083 = CARTESIAN_POINT ( 'NONE',  ( 0.1280955336516154952, -0.2489857582424179205, -20.40000000000000213 ) ) ;
#4084 = ADVANCED_FACE ( 'NONE', ( #5382 ), #3878, .F. ) ;
#4085 = EDGE_CURVE ( 'NONE', #5554, #1476, #3207, .T. ) ;
#4086 = CARTESIAN_POINT ( 'NONE',  ( -5.905227277861171409, -0.6020685101100509140, -20.40000000000000924 ) ) ;
#4087 = CARTESIAN_POINT ( 'NONE',  ( -4.334501618395189659, -0.3430373459431885208, -20.40000000000000568 ) ) ;
#4088 = EDGE_LOOP ( 'NONE', ( #1567, #271, #6920, #473, #7646, #4493 ) ) ;
#4089 = VERTEX_POINT ( 'NONE', #10404 ) ;
#4090 = CARTESIAN_POINT ( 'NONE',  ( -5.044800430286835002, 0.2995535025555786102, -20.59999999999999787 ) ) ;
#4091 = ORIENTED_EDGE ( 'NONE', *, *, #2179, .F. ) ;
#4092 = CARTESIAN_POINT ( 'NONE',  ( -5.672560489858056165, -0.6364654660346259485, -20.40000000000000213 ) ) ;
#4093 = CARTESIAN_POINT ( 'NONE',  ( -0.6233743153633118927, -0.6417691078282518058, -20.39999999999999503 ) ) ;
#4094 = PRESENTATION_LAYER_ASSIGNMENT (  '', '', ( #7546 ) ) ;
#4095 = EDGE_CURVE ( 'NONE', #2843, #4531, #4740, .T. ) ;
#4096 = VERTEX_POINT ( 'NONE', #565 ) ;
#4097 = CARTESIAN_POINT ( 'NONE',  ( -0.3492346110644555246, 0.4247916438146897566, -20.40000000000000213 ) ) ;
#4098 = CARTESIAN_POINT ( 'NONE',  ( -2.400000000000000355, -5.199999999999997513, -18.59999999999999787 ) ) ;
#4099 = DIRECTION ( 'NONE',  ( -1.000000000000000000, 0.000000000000000000, 0.000000000000000000 ) ) ;
#4100 = SURFACE_SIDE_STYLE ('',( #4002 ) ) ;
#4101 = FILL_AREA_STYLE_COLOUR ( '', #2129 ) ;
#4102 = FILL_AREA_STYLE_COLOUR ( '', #5881 ) ;
#4103 = ORIENTED_EDGE ( 'NONE', *, *, #4018, .T. ) ;
#4104 = DIRECTION ( 'NONE',  ( 1.000000000000000000, 0.000000000000000000, 0.000000000000000000 ) ) ;
#4105 = CARTESIAN_POINT ( 'NONE',  ( -0.4274337324492069601, -0.8968126828813756113, -20.60000000000000142 ) ) ;
#4106 = ORIENTED_EDGE ( 'NONE', *, *, #10143, .T. ) ;
#4107 = CARTESIAN_POINT ( 'NONE',  ( 0.1280955336516154952, -0.2489857582424179205, -20.60000000000000142 ) ) ;
#4108 = LINE ( 'NONE', #906, #10367 ) ;
#4109 = AXIS2_PLACEMENT_3D ( 'NONE', #8513, #1145, #7708 ) ;
#4110 = LINE ( 'NONE', #10610, #6738 ) ;
#4111 = CARTESIAN_POINT ( 'NONE',  ( -6.043299126221691964, 0.1738023911082313411, -20.40000000000000213 ) ) ;
#4112 = CARTESIAN_POINT ( 'NONE',  ( 5.710869427771936735, -0.6935695485282533657, -20.39999999999998437 ) ) ;
#4113 = PLANE ( 'NONE',  #4697 ) ;
#4114 = FACE_OUTER_BOUND ( 'NONE', #2662, .T. ) ;
#4115 = VERTEX_POINT ( 'NONE', #4795 ) ;
#4116 = DIRECTION ( 'NONE',  ( 1.000000000000000000, 0.000000000000000000, -0.000000000000000000 ) ) ;
#4117 = ADVANCED_FACE ( 'NONE', ( #8779 ), #1293, .F. ) ;
#4118 =( GEOMETRIC_REPRESENTATION_CONTEXT ( 3 ) GLOBAL_UNCERTAINTY_ASSIGNED_CONTEXT ( ( #9527 ) ) GLOBAL_UNIT_ASSIGNED_CONTEXT ( ( #6046, #5044, #10049 ) ) REPRESENTATION_CONTEXT ( 'NONE', 'WORKASPACE' ) );
#4119 = ORIENTED_EDGE ( 'NONE', *, *, #9520, .T. ) ;
#4120 = DIRECTION ( 'NONE',  ( -0.000000000000000000, -0.000000000000000000, 1.000000000000000000 ) ) ;
#4121 = LINE ( 'NONE', #9784, #1157 ) ;
#4122 = CARTESIAN_POINT ( 'NONE',  ( 5.660929951436042273, -0.3152398873612114460, -20.60000000000001208 ) ) ;
#4123 = LINE ( 'NONE', #4292, #4151 ) ;
#4124 = FACE_BOUND ( 'NONE', #8551, .T. ) ;
#4126 = DIRECTION ( 'NONE',  ( 0.000000000000000000, 1.000000000000000000, 0.000000000000000000 ) ) ;
#4125 = COLOUR_RGB ( '',1.000000000000000000, 1.000000000000000000, 1.000000000000000000 ) ;
#4127 = FACE_OUTER_BOUND ( 'NONE', #9636, .T. ) ;
#4128 = ORIENTED_EDGE ( 'NONE', *, *, #4298, .F. ) ;
#4129 = EDGE_CURVE ( 'NONE', #5132, #1476, #3129, .T. ) ;
#4130 = ORIENTED_EDGE ( 'NONE', *, *, #7268, .T. ) ;
#4131 = CARTESIAN_POINT ( 'NONE',  ( -5.264250758855396839, -0.8758663848790338990, -20.59999999999999787 ) ) ;
#4132 = CARTESIAN_POINT ( 'NONE',  ( 4.895374619918377412, -0.3954357944268942493, -20.60000000000000142 ) ) ;
#4133 = CARTESIAN_POINT ( 'NONE',  ( -5.110439092118475912, 0.3976647593932680080, -20.40000000000000924 ) ) ;
#4134 = CARTESIAN_POINT ( 'NONE',  ( -5.000000000000000000, 2.399999999999998579, -18.59999999999999787 ) ) ;
#4135 = SURFACE_SIDE_STYLE ('',( #828 ) ) ;
#4136 = LINE ( 'NONE', #5166, #5384 ) ;
#4137 = ORIENTED_EDGE ( 'NONE', *, *, #4138, .T. ) ;
#4138 = EDGE_CURVE ( 'NONE', #9539, #8002, #4629, .T. ) ;
#4139 = EDGE_CURVE ( 'NONE', #7326, #4257, #2264, .T. ) ;
#4140 = PRESENTATION_LAYER_ASSIGNMENT (  '', '', ( #1257 ) ) ;
#4141 = ORIENTED_EDGE ( 'NONE', *, *, #1002, .T. ) ;
#4142 = CARTESIAN_POINT ( 'NONE',  ( -4.336808689942017736E-16, 2.399999999999998579, -8.799999999999998934 ) ) ;
#4143 = VECTOR ( 'NONE', #2503, 1000.000000000000000 ) ;
#4144 = CARTESIAN_POINT ( 'NONE',  ( -5.434532892455458786, -0.7223015049956648115, -20.60000000000000142 ) ) ;
#4145 = CARTESIAN_POINT ( 'NONE',  ( -0.7481101827340286281, -0.5042546649092171096, -20.60000000000000497 ) ) ;
#4146 = ORIENTED_EDGE ( 'NONE', *, *, #10482, .F. ) ;
#4147 = LINE ( 'NONE', #2437, #9490 ) ;
#4148 = UNCERTAINTY_MEASURE_WITH_UNIT (LENGTH_MEASURE( 1.000000000000000082E-05 ), #1461, 'distance_accuracy_value', 'NONE');
#4149 = DIRECTION ( 'NONE',  ( -1.000000000000000000, 0.000000000000000000, 0.000000000000000000 ) ) ;
#4150 =( NAMED_UNIT ( * ) SI_UNIT ( $, .STERADIAN. ) SOLID_ANGLE_UNIT ( ) );
#4151 = VECTOR ( 'NONE', #4235, 1000.000000000000000 ) ;
#4152 = CARTESIAN_POINT ( 'NONE',  ( 5.153962991873187960, 0.4660101833160235074, -20.60000000000000142 ) ) ;
#4153 = VECTOR ( 'NONE', #8393, 1000.000000000000000 ) ;
#4154 = ORIENTED_EDGE ( 'NONE', *, *, #8892, .F. ) ;
#4155 = DIRECTION ( 'NONE',  ( 0.000000000000000000, 0.000000000000000000, 1.000000000000000000 ) ) ;
#4156 = CARTESIAN_POINT ( 'NONE',  ( -2.999999999999999556, 4.813878188659972857, -20.60000000000000142 ) ) ;
#4157 = AXIS2_PLACEMENT_3D ( 'NONE', #7706, #2746, #7762 ) ;
#4158 = ORIENTED_EDGE ( 'NONE', *, *, #6008, .F. ) ;
#4159 = EDGE_CURVE ( 'NONE', #998, #5273, #9578, .T. ) ;
#4160 = CARTESIAN_POINT ( 'NONE',  ( 8.069140320336472882, -4.813878188659971968, -8.799999999999998934 ) ) ;
#4161 = VECTOR ( 'NONE', #9882, 1000.000000000000000 ) ;
#4162 = AXIS2_PLACEMENT_3D ( 'NONE', #9856, #8287, #9966 ) ;
#4163 = DIRECTION ( 'NONE',  ( 0.000000000000000000, 1.000000000000000000, 0.000000000000000000 ) ) ;
#4164 = ORIENTED_EDGE ( 'NONE', *, *, #2940, .F. ) ;
#4165 =( GEOMETRIC_REPRESENTATION_CONTEXT ( 3 ) GLOBAL_UNCERTAINTY_ASSIGNED_CONTEXT ( ( #6856 ) ) GLOBAL_UNIT_ASSIGNED_CONTEXT ( ( #5390, #1364, #2909 ) ) REPRESENTATION_CONTEXT ( 'NONE', 'WORKASPACE' ) );
#4166 = SURFACE_SIDE_STYLE ('',( #5785 ) ) ;
#4167 = CARTESIAN_POINT ( 'NONE',  ( 0.9855427739113558072, -0.01582829070995042664, -20.40000000000000213 ) ) ;
#4168 = PLANE ( 'NONE',  #6211 ) ;
#4169 = LINE ( 'NONE', #4927, #972 ) ;
#4170 = SURFACE_STYLE_USAGE ( .BOTH. , #7410 ) ;
#4171 =( NAMED_UNIT ( * ) PLANE_ANGLE_UNIT ( ) SI_UNIT ( $, .RADIAN. ) );
#4172 =( NAMED_UNIT ( * ) SI_UNIT ( $, .STERADIAN. ) SOLID_ANGLE_UNIT ( ) );
#4173 = ORIENTED_EDGE ( 'NONE', *, *, #10549, .T. ) ;
#4174 = ADVANCED_FACE ( 'NONE', ( #5594 ), #2903, .T. ) ;
#4175 = PLANE ( 'NONE',  #6703 ) ;
#4176 = AXIS2_PLACEMENT_3D ( 'NONE', #5820, #3291, #7285 ) ;
#4177 =( NAMED_UNIT ( * ) SI_UNIT ( $, .STERADIAN. ) SOLID_ANGLE_UNIT ( ) );
#4178 = CARTESIAN_POINT ( 'NONE',  ( -0.1582749910809763128, 0.2466610237576352394, -20.59999999999999787 ) ) ;
#4179 = ORIENTED_EDGE ( 'NONE', *, *, #107, .F. ) ;
#4180 = CARTESIAN_POINT ( 'NONE',  ( 2.999999999999999556, 5.213878188659972324, -20.60000000000000142 ) ) ;
#4181 = CARTESIAN_POINT ( 'NONE',  ( -5.198931298447408977, -0.6335162293338473249, -20.40000000000000213 ) ) ;
#4182 = AXIS2_PLACEMENT_3D ( 'NONE', #10442, #7209, #10502 ) ;
#4183 = CARTESIAN_POINT ( 'NONE',  ( -5.780034947324608652, -0.5126563009605300536, -20.59999999999999787 ) ) ;
#4184 =( LENGTH_UNIT ( ) NAMED_UNIT ( * ) SI_UNIT ( .MILLI., .METRE. ) );
#4185 = DIRECTION ( 'NONE',  ( -1.000000000000000000, 0.000000000000000000, 0.000000000000000000 ) ) ;
#4186 = SURFACE_SIDE_STYLE ('',( #6771 ) ) ;
#4187 = LINE ( 'NONE', #126, #7005 ) ;
#4188 = CARTESIAN_POINT ( 'NONE',  ( -5.804862136208440049, -0.7320333844812964008, -20.40000000000000213 ) ) ;
#4189 = ORIENTED_EDGE ( 'NONE', *, *, #232, .T. ) ;
#4190 = VECTOR ( 'NONE', #9708, 1000.000000000000000 ) ;
#4191 = CARTESIAN_POINT ( 'NONE',  ( 0.4136068972879791139, 0.6218543391601795145, -20.40000000000000213 ) ) ;
#4192 = EDGE_LOOP ( 'NONE', ( #7242, #7926, #7440, #5987 ) ) ;
#4193 = FACE_OUTER_BOUND ( 'NONE', #9296, .T. ) ;
#4194 = CARTESIAN_POINT ( 'NONE',  ( -5.187513696346457870, 0.4855796791425561754, -20.39999999999999858 ) ) ;
#4195 = DIRECTION ( 'NONE',  ( -1.000000000000000000, 0.000000000000000000, 0.000000000000000000 ) ) ;
#4196 = ADVANCED_FACE ( 'NONE', ( #5813 ), #3285, .T. ) ;
#4197 = CARTESIAN_POINT ( 'NONE',  ( -4.237916715180696237, -0.06092787787667027638, -20.40000000000000568 ) ) ;
#4198 = B_SPLINE_CURVE_WITH_KNOTS ( 'NONE', 3,
 ( #5752, #9041, #8229, #1723, #8277, #924, #6215, #3644, #6932, #2825, #1118 ),
 .UNSPECIFIED., .F., .F.,
 ( 4, 1, 1, 1, 1, 1, 1, 1, 4 ),
 ( 0.000000000000000000, 0.1376898960779014969, 0.2703472686760570731, 0.3984851857688636034, 0.5233538608675942783, 0.6449881229334322175, 0.7646871457456997367, 0.8826050126123293760, 1.000000000000000000 ),
 .UNSPECIFIED. ) ;
#4199 = VERTEX_POINT ( 'NONE', #5700 ) ;
#4200 = FILL_AREA_STYLE ('',( #8448 ) ) ;
#4201 =( NAMED_UNIT ( * ) PLANE_ANGLE_UNIT ( ) SI_UNIT ( $, .RADIAN. ) );
#4202 = ORIENTED_EDGE ( 'NONE', *, *, #6566, .T. ) ;
#4203 = DIRECTION ( 'NONE',  ( 0.000000000000000000, 0.000000000000000000, 1.000000000000000000 ) ) ;
#4204 = DIRECTION ( 'NONE',  ( -0.000000000000000000, -1.000000000000000000, -0.000000000000000000 ) ) ;
#4205 = DIRECTION ( 'NONE',  ( -0.000000000000000000, 1.000000000000000000, 0.000000000000000000 ) ) ;
#4206 = EDGE_CURVE ( 'NONE', #3964, #3100, #7375, .T. ) ;
#4207 = DIRECTION ( 'NONE',  ( 1.000000000000000000, 0.000000000000000000, 0.000000000000000000 ) ) ;
#4208 = EDGE_CURVE ( 'NONE', #2998, #1578, #10079, .T. ) ;
#4209 = CARTESIAN_POINT ( 'NONE',  ( -9.000000000000000000, 0.000000000000000000, 6.713295847694284113 ) ) ;
#4210 = SURFACE_STYLE_USAGE ( .BOTH. , #10601 ) ;
#4211 = ORIENTED_EDGE ( 'NONE', *, *, #4930, .T. ) ;
#4212 =( NAMED_UNIT ( * ) SI_UNIT ( $, .STERADIAN. ) SOLID_ANGLE_UNIT ( ) );
#4213 = EDGE_LOOP ( 'NONE', ( #9983, #7376, #6396, #8957 ) ) ;
#4214 = VECTOR ( 'NONE', #8015, 1000.000000000000000 ) ;
#4215 = LINE ( 'NONE', #6906, #1673 ) ;
#4216 = ORIENTED_EDGE ( 'NONE', *, *, #3362, .F. ) ;
#4217 = CARTESIAN_POINT ( 'NONE',  ( 0.1186436008096524025, -0.3883216522851585251, -20.59999999999999787 ) ) ;
#4218 = DIRECTION ( 'NONE',  ( 0.000000000000000000, -0.000000000000000000, -1.000000000000000000 ) ) ;
#4219 = EDGE_CURVE ( 'NONE', #9252, #6072, #299, .T. ) ;
#4220 = CARTESIAN_POINT ( 'NONE',  ( 0.5661028388464206529, -0.2572041023982621910, -20.40000000000000213 ) ) ;
#4221 = CARTESIAN_POINT ( 'NONE',  ( -6.013673806623195617, 0.3260879807271639397, -20.40000000000000568 ) ) ;
#4222 = ADVANCED_FACE ( 'NONE', ( #5755 ), #6558, .T. ) ;
#4223 = CARTESIAN_POINT ( 'NONE',  ( 5.601933406486576672, -0.8075195407979794959, -20.59999999999999787 ) ) ;
#4224 = PLANE ( 'NONE',  #3162 ) ;
#4225 = CARTESIAN_POINT ( 'NONE',  ( -4.913780346379234665, -0.2845146258561071506, -20.40000000000000568 ) ) ;
#4226 = PRESENTATION_LAYER_ASSIGNMENT (  '', '', ( #5934 ) ) ;
#4227 = AXIS2_PLACEMENT_3D ( 'NONE', #10520, #7060, #6346 ) ;
#4228 = VERTEX_POINT ( 'NONE', #10582 ) ;
#4229 = CARTESIAN_POINT ( 'NONE',  ( -4.310377690170786202, -0.2679127727811389525, -20.40000000000000568 ) ) ;
#4230 = CARTESIAN_POINT ( 'NONE',  ( -0.09374501282120294154, 0.1252671395112092967, -20.40000000000000924 ) ) ;
#4231 = EDGE_LOOP ( 'NONE', ( #7716, #3712, #3854, #2875 ) ) ;
#4232 = DIRECTION ( 'NONE',  ( 1.000000000000000000, 0.000000000000000000, 0.000000000000000000 ) ) ;
#4233 = FILL_AREA_STYLE ('',( #5902 ) ) ;
#4234 = CARTESIAN_POINT ( 'NONE',  ( 5.309318791969034557, -0.7219590972643672444, -20.60000000000000142 ) ) ;
#4235 = DIRECTION ( 'NONE',  ( 0.000000000000000000, -1.000000000000000000, 0.000000000000000000 ) ) ;
#4236 = CARTESIAN_POINT ( 'NONE',  ( -6.599999999999999645, 3.199999999999998401, 0.000000000000000000 ) ) ;
#4237 = ADVANCED_FACE ( 'NONE', ( #1881 ), #2779, .F. ) ;
#4238 = SURFACE_STYLE_USAGE ( .BOTH. , #4186 ) ;
#4239 =( NAMED_UNIT ( * ) SI_UNIT ( $, .STERADIAN. ) SOLID_ANGLE_UNIT ( ) );
#4240 = CARTESIAN_POINT ( 'NONE',  ( -3.199999999999999734, 4.813878188659972857, -20.40000000000000213 ) ) ;
#4241 = VERTEX_POINT ( 'NONE', #9251 ) ;
#4242 = VECTOR ( 'NONE', #4861, 1000.000000000000000 ) ;
#4243 = PRESENTATION_LAYER_ASSIGNMENT (  '', '', ( #6825 ) ) ;
#4244 = DIRECTION ( 'NONE',  ( -1.000000000000000000, 0.000000000000000000, 0.000000000000000000 ) ) ;
#4245 = ORIENTED_EDGE ( 'NONE', *, *, #7365, .T. ) ;
#4246 = CARTESIAN_POINT ( 'NONE',  ( -5.367932286100596251, -0.8963712385588652465, -20.60000000000000497 ) ) ;
#4247 = CARTESIAN_POINT ( 'NONE',  ( -4.055981756091821211, -0.01582829070995042664, -20.40000000000000213 ) ) ;
#4248 =( NAMED_UNIT ( * ) PLANE_ANGLE_UNIT ( ) SI_UNIT ( $, .RADIAN. ) );
#4249 = CARTESIAN_POINT ( 'NONE',  ( 4.687648056808252583, 0.1738023911082314521, -20.40000000000000213 ) ) ;
#4250 = AXIS2_PLACEMENT_3D ( 'NONE', #10573, #10455, #552 ) ;
#4251 = AXIS2_PLACEMENT_3D ( 'NONE', #4836, #7219, #768 ) ;
#4252 = CARTESIAN_POINT ( 'NONE',  ( 0.1238774904677965999, -0.3429367502142879331, -20.40000000000000924 ) ) ;
#4253 = SURFACE_STYLE_USAGE ( .BOTH. , #4135 ) ;
#4254 = ORIENTED_EDGE ( 'NONE', *, *, #3603, .T. ) ;
#4255 = CARTESIAN_POINT ( 'NONE',  ( 2.400000000000000355, 5.199999999999997513, -20.60000000000000142 ) ) ;
#4256 = CARTESIAN_POINT ( 'NONE',  ( -1.599999999999999867, -5.999999999999997335, -8.799999999999998934 ) ) ;
#4257 = VERTEX_POINT ( 'NONE', #6938 ) ;
#4258 =( LENGTH_UNIT ( ) NAMED_UNIT ( * ) SI_UNIT ( .MILLI., .METRE. ) );
#4259 = EDGE_CURVE ( 'NONE', #1400, #9780, #7337, .T. ) ;
#4260 = DIRECTION ( 'NONE',  ( -0.000000000000000000, -0.000000000000000000, -1.000000000000000000 ) ) ;
#4261 = CARTESIAN_POINT ( 'NONE',  ( -5.077305897722630412, -0.1187229465368599829, -20.40000000000000568 ) ) ;
#4262 = VECTOR ( 'NONE', #8530, 1000.000000000000000 ) ;
#4263 = UNCERTAINTY_MEASURE_WITH_UNIT (LENGTH_MEASURE( 1.000000000000000082E-05 ), #7422, 'distance_accuracy_value', 'NONE');
#4264 = DIRECTION ( 'NONE',  ( 1.000000000000000000, 0.000000000000000000, 0.000000000000000000 ) ) ;
#4265 = CARTESIAN_POINT ( 'NONE',  ( 4.894941319825187875, 0.3184732660519270508, -20.59999999999999787 ) ) ;
#4266 = CARTESIAN_POINT ( 'NONE',  ( 5.447338287547710323, 0.3448151994480306848, -20.40000000000000213 ) ) ;
#4267 = DIRECTION ( 'NONE',  ( 1.084202172485504434E-16, 1.000000000000000000, 0.000000000000000000 ) ) ;
#4268 = CARTESIAN_POINT ( 'NONE',  ( -3.000000000000000000, 9.013878188659973034, -20.40000000000000213 ) ) ;
#4269 = VERTEX_POINT ( 'NONE', #3434 ) ;
#4270 = LINE ( 'NONE', #2553, #8936 ) ;
#4271 = EDGE_LOOP ( 'NONE', ( #7349, #4617, #7823, #2320 ) ) ;
#4272 = EDGE_CURVE ( 'NONE', #832, #370, #982, .T. ) ;
#4273 = MECHANICAL_DESIGN_GEOMETRIC_PRESENTATION_REPRESENTATION (  '', ( #1020 ), #12 ) ;
#4274 = CARTESIAN_POINT ( 'NONE',  ( 0.6825483738407247536, -0.4214244115432347892, -20.40000000000000213 ) ) ;
#4275 = ORIENTED_EDGE ( 'NONE', *, *, #10432, .F. ) ;
#4276 = CARTESIAN_POINT ( 'NONE',  ( 0.5123475382979796322, -7.599999999999996980, -8.799999999999998934 ) ) ;
#4277 = CARTESIAN_POINT ( 'NONE',  ( 5.037099216634858045, 0.4470269715203448180, -20.60000000000000497 ) ) ;
#4278 = LINE ( 'NONE', #6967, #5190 ) ;
#4279 = CARTESIAN_POINT ( 'NONE',  ( -5.826706443611321617, 0.5727900671557801804, -20.39999999999999858 ) ) ;
#4280 = CARTESIAN_POINT ( 'NONE',  ( 0.000000000000000000, 0.000000000000000000, 8.000000000000000000 ) ) ;
#4281 = CARTESIAN_POINT ( 'NONE',  ( 2.400000000000000355, -8.399999999999998579, -18.59999999999999787 ) ) ;
#4282 = EDGE_LOOP ( 'NONE', ( #6250, #1010, #5329, #3471 ) ) ;
#4283 = CARTESIAN_POINT ( 'NONE',  ( -4.334501618395189659, -0.3430373459431885208, -20.40000000000000568 ) ) ;
#4284 = ADVANCED_FACE ( 'NONE', ( #5107 ), #3538, .F. ) ;
#4285 = CYLINDRICAL_SURFACE ( 'NONE', #6817, 0.2000000000000005107 ) ;
#4286 = ADVANCED_FACE ( 'NONE', ( #2728 ), #4452, .T. ) ;
#4287 = ORIENTED_EDGE ( 'NONE', *, *, #10143, .F. ) ;
#4288 = AXIS2_PLACEMENT_3D ( 'NONE', #10454, #6337, #2752 ) ;
#4289 = CARTESIAN_POINT ( 'NONE',  ( -0.9500000000000000666, -6.799999999999997158, -18.59999999999999787 ) ) ;
#4290 =( NAMED_UNIT ( * ) SI_UNIT ( $, .STERADIAN. ) SOLID_ANGLE_UNIT ( ) );
#4291 = PRESENTATION_STYLE_ASSIGNMENT (( #8382 ) ) ;
#4292 = CARTESIAN_POINT ( 'NONE',  ( 1.500000000000000000, 9.375835069691863310, -2.000000000000000000 ) ) ;
#4293 = DIRECTION ( 'NONE',  ( -1.000000000000000000, 0.000000000000000000, 0.000000000000000000 ) ) ;
#4294 = DIRECTION ( 'NONE',  ( 0.000000000000000000, 0.000000000000000000, -1.000000000000000000 ) ) ;
#4295 = LINE ( 'NONE', #6721, #3704 ) ;
#4296 = ORIENTED_EDGE ( 'NONE', *, *, #7125, .F. ) ;
#4297 = DIRECTION ( 'NONE',  ( -1.000000000000000000, 0.000000000000000000, 0.000000000000000000 ) ) ;
#4298 = EDGE_CURVE ( 'NONE', #6072, #10386, #3213, .T. ) ;
#4299 = ORIENTED_EDGE ( 'NONE', *, *, #1997, .F. ) ;
#4300 = CARTESIAN_POINT ( 'NONE',  ( 5.466696424174545044, -0.8758663848790336770, -20.59999999999999787 ) ) ;
#4301 =( NAMED_UNIT ( * ) SI_UNIT ( $, .STERADIAN. ) SOLID_ANGLE_UNIT ( ) );
#4302 = DIRECTION ( 'NONE',  ( -1.000000000000000000, -6.776263578034403945E-17, 0.000000000000000000 ) ) ;
#4303 = CARTESIAN_POINT ( 'NONE',  ( 9.000000000000000000, 1.102182119232617714E-15, 8.000000000000000000 ) ) ;
#4304 = VECTOR ( 'NONE', #8901, 1000.000000000000000 ) ;
#4305 = CARTESIAN_POINT ( 'NONE',  ( 0.1278488674430453276, -0.2649218014728412229, -20.39999999999999503 ) ) ;
#4306 = DIRECTION ( 'NONE',  ( -1.000000000000000000, 3.422125580184494708E-16, 0.000000000000000000 ) ) ;
#4307 = CARTESIAN_POINT ( 'NONE',  ( -5.069525955943576356, -0.2793335903977448020, -20.60000000000000497 ) ) ;
#4308 = EDGE_CURVE ( 'NONE', #2833, #8820, #10168, .T. ) ;
#4309 = ORIENTED_EDGE ( 'NONE', *, *, #4949, .F. ) ;
#4310 = CARTESIAN_POINT ( 'NONE',  ( 1.700000000000000178, -9.013878188659973034, -8.799999999999998934 ) ) ;
#4311 = AXIS2_PLACEMENT_3D ( 'NONE', #8673, #9637, #10406 ) ;
#4312 = DIRECTION ( 'NONE',  ( 1.000000000000000000, 0.000000000000000000, 0.000000000000000000 ) ) ;
#4313 = PRODUCT_CONTEXT ( 'NONE', #319, 'mechanical' ) ;
#4314 = CARTESIAN_POINT ( 'NONE',  ( 5.156702439925135550, 0.6413348586406989460, -20.40000000000000213 ) ) ;
#4315 = CARTESIAN_POINT ( 'NONE',  ( -0.1582749910809763128, 0.2466610237576352394, -20.59999999999999787 ) ) ;
#4316 = ORIENTED_EDGE ( 'NONE', *, *, #4535, .F. ) ;
#4317 = CARTESIAN_POINT ( 'NONE',  ( -5.576984191156757475, 0.4660101833160233964, -20.60000000000000142 ) ) ;
#4318 = ORIENTED_EDGE ( 'NONE', *, *, #5976, .T. ) ;
#4319 = VECTOR ( 'NONE', #381, 1000.000000000000000 ) ;
#4320 = LINE ( 'NONE', #4589, #5621 ) ;
#4321 = CARTESIAN_POINT ( 'NONE',  ( -6.004338087260653545, -0.3716521543463142674, -20.60000000000000142 ) ) ;
#4322 = B_SPLINE_SURFACE_WITH_KNOTS ( 'NONE', 3, 1, ( 
 ( #7411, #2816 ),
 ( #3682, #9383 ),
 ( #2013, #3470 ),
 ( #7616, #2763 ),
 ( #1869, #6972 ),
 ( #4333, #6807 ),
 ( #10103, #2711 ),
 ( #205, #8706 ),
 ( #7151, #10440 ),
 ( #5416, #487 ),
 ( #4607, #2134 ) ),
 .UNSPECIFIED., .F., .F., .F.,
 ( 4, 1, 1, 1, 1, 1, 1, 1, 4 ),
 ( 2, 2 ),
 ( 0.000000000000000000, 0.1177275761199063908, 0.2337686221826863475, 0.3509645643764757739, 0.4701001219487968008, 0.5935383012539022785, 0.7220435396388097393, 0.8569583974415002636, 1.000000000000000000 ),
 ( 0.000000000000000000, 1.000000000000000000 ),
 .UNSPECIFIED. ) ;
#4323 = DIRECTION ( 'NONE',  ( 0.9922778767136674061, -0.1240347345892098135, 0.000000000000000000 ) ) ;
#4324 = CARTESIAN_POINT ( 'NONE',  ( 5.642746861448918239, -0.05089621815075764943, -20.60000000000000142 ) ) ;
#4325 = B_SPLINE_SURFACE_WITH_KNOTS ( 'NONE', 3, 1, ( 
 ( #10536, #1590 ),
 ( #6360, #8092 ),
 ( #9650, #3091 ),
 ( #5769, #10646 ),
 ( #6524, #5716 ),
 ( #2282, #737 ),
 ( #3997, #7294 ),
 ( #10595, #2436 ),
 ( #9013, #1637 ),
 ( #4093, #7390 ),
 ( #8246, #3705 ),
 ( #8662, #7689 ),
 ( #6065, #2032 ),
 ( #5318, #9299 ),
 ( #6998, #4145 ),
 ( #339, #3597 ),
 ( #8607, #10283 ),
 ( #4456, #6174 ),
 ( #6882, #7745 ),
 ( #5828, #6689 ),
 ( #1235, #448 ),
 ( #8495, #147 ),
 ( #4510, #9976 ),
 ( #6944, #5213 ),
 ( #2085, #10171 ),
 ( #2598, #1125 ),
 ( #4408, #2785 ) ),
 .UNSPECIFIED., .F., .F., .F.,
 ( 4, 1, 1, 1, 1, 1, 1, 1, 1, 1, 1, 1, 1, 1, 1, 1, 1, 1, 1, 1, 1, 1, 1, 1, 4 ),
 ( 2, 2 ),
 ( 0.000000000000000000, 0.03017189740256531749, 0.06028579483564457109, 0.09079158044264615257, 0.1217258672919762363, 0.1536467519256786429, 0.1864902164124224992, 0.2204240369526234700, 0.2557360757735925860, 0.2922465881880161875, 0.3298997158453732537, 0.3689446435282177084, 0.4098131063339448543, 0.4517974461427172184, 0.4962355124154630981, 0.5427163851650915749, 0.5912080977607994114, 0.6409921726088014804, 0.6908897332166079597, 0.7409303304643596322, 0.7915755958029809802, 0.8423466024231944793, 0.8940170981538025918, 0.9467504362012000296, 1.000000000000000000 ),
 ( 0.000000000000000000, 1.000000000000000000 ),
 .UNSPECIFIED. ) ;
#4326 = CARTESIAN_POINT ( 'NONE',  ( -2.400000000000000355, -8.399999999999998579, -20.60000000000000142 ) ) ;
#4327 = FILL_AREA_STYLE ('',( #852 ) ) ;
#4328 = FACE_OUTER_BOUND ( 'NONE', #3483, .T. ) ;
#4329 = FILL_AREA_STYLE ('',( #3632 ) ) ;
#4330 = LINE ( 'NONE', #7615, #5727 ) ;
#4331 = STYLED_ITEM ( 'NONE', ( #8418 ), #3104 ) ;
#4332 = EDGE_CURVE ( 'NONE', #1906, #3027, #4402, .T. ) ;
#4333 = CARTESIAN_POINT ( 'NONE',  ( -0.3492346110644555246, 0.4247916438146897566, -20.40000000000000213 ) ) ;
#4334 = VERTEX_POINT ( 'NONE', #9407 ) ;
#4335 = VERTEX_POINT ( 'NONE', #3592 ) ;
#4336 = CARTESIAN_POINT ( 'NONE',  ( -4.276556388688569577, -0.1695019059663380179, -20.59999999999999787 ) ) ;
#4337 = CARTESIAN_POINT ( 'NONE',  ( 0.5661028388464206529, -0.2572041023982621910, -20.40000000000000213 ) ) ;
#4338 = ORIENTED_EDGE ( 'NONE', *, *, #5600, .T. ) ;
#4339 = AXIS2_PLACEMENT_3D ( 'NONE', #3851, #5406, #7030 ) ;
#4340 = PRESENTATION_STYLE_ASSIGNMENT (( #7625 ) ) ;
#4341 = CARTESIAN_POINT ( 'NONE',  ( 5.647883108410786335, -0.4160628737687755430, -20.60000000000000497 ) ) ;
#4342 = CARTESIAN_POINT ( 'NONE',  ( 3.199999999999999734, 5.213878188659972324, -2.200000000000000178 ) ) ;
#4343 = CARTESIAN_POINT ( 'NONE',  ( 4.733579496627881689, -0.3930413005237482493, -20.39999999999999858 ) ) ;
#4344 = AXIS2_PLACEMENT_3D ( 'NONE', #6503, #8126, #4792 ) ;
#4345 = CARTESIAN_POINT ( 'NONE',  ( 5.641266043290754872, -0.7743727589100394271, -20.40000000000000568 ) ) ;
#4346 = ADVANCED_FACE ( 'NONE', ( #387 ), #9904, .F. ) ;
#4347 = CARTESIAN_POINT ( 'NONE',  ( 7.869140320336472705, 4.813878188659971080, -20.40000000000000213 ) ) ;
#4348 = LINE ( 'NONE', #5909, #4907 ) ;
#4349 = ADVANCED_FACE ( 'NONE', ( #6878 ), #1177, .T. ) ;
#4350 = ORIENTED_EDGE ( 'NONE', *, *, #8122, .T. ) ;
#4351 = CARTESIAN_POINT ( 'NONE',  ( -4.931921261583095628, -0.4730855009535428479, -20.60000000000000142 ) ) ;
#4352 = CIRCLE ( 'NONE', #1786, 0.4000000000000001887 ) ;
#4353 = ORIENTED_EDGE ( 'NONE', *, *, #4785, .T. ) ;
#4354 = CARTESIAN_POINT ( 'NONE',  ( -4.921384916641926566, -0.4059306549068090186, -20.39999999999999503 ) ) ;
#4355 = SURFACE_STYLE_USAGE ( .BOTH. , #5915 ) ;
#4356 = AXIS2_PLACEMENT_3D ( 'NONE', #2637, #5919, #1839 ) ;
#4357 = DIRECTION ( 'NONE',  ( -1.355252715606880789E-16, 1.000000000000000000, 0.000000000000000000 ) ) ;
#4358 = CYLINDRICAL_SURFACE ( 'NONE', #5373, 0.2000000000000000111 ) ;
#4359 = CARTESIAN_POINT ( 'NONE',  ( -0.004108314198822273812, -0.6982681162918200624, -20.60000000000000853 ) ) ;
#4360 = CARTESIAN_POINT ( 'NONE',  ( -5.672560489858056165, -0.6364654660346259485, -20.40000000000000213 ) ) ;
#4361 = ADVANCED_FACE ( 'NONE', ( #1231 ), #2354, .F. ) ;
#4362 = CYLINDRICAL_SURFACE ( 'NONE', #4356, 0.2000000000000000944 ) ;
#4363 = CIRCLE ( 'NONE', #3166, 0.4000000000000001887 ) ;
#4364 = SURFACE_STYLE_USAGE ( .BOTH. , #5824 ) ;
#4365 = ORIENTED_EDGE ( 'NONE', *, *, #10214, .T. ) ;
#4366 = SURFACE_STYLE_FILL_AREA ( #8455 ) ;
#4367 = UNCERTAINTY_MEASURE_WITH_UNIT (LENGTH_MEASURE( 1.000000000000000082E-05 ), #5195, 'distance_accuracy_value', 'NONE');
#4368 = CARTESIAN_POINT ( 'NONE',  ( -2.999999999999999556, 5.013878188659972146, -20.40000000000000213 ) ) ;
#4369 = EDGE_CURVE ( 'NONE', #898, #1074, #10088, .T. ) ;
#4370 = CARTESIAN_POINT ( 'NONE',  ( 4.926947992718040403, 0.3675105918138279470, -20.60000000000000497 ) ) ;
#4371 = CARTESIAN_POINT ( 'NONE',  ( 5.642746861448918239, -0.05089621815075764943, -20.60000000000000142 ) ) ;
#4372 =( BOUNDED_CURVE ( )  B_SPLINE_CURVE ( 3, ( #3442, #2738, #4414, #1186 ),
 .UNSPECIFIED., .F., .F. ) 
 B_SPLINE_CURVE_WITH_KNOTS ( ( 4, 4 ),
 ( 1.570796326794896558, 3.141592653589793116 ),
 .UNSPECIFIED. ) 
 CURVE ( )  GEOMETRIC_REPRESENTATION_ITEM ( )  RATIONAL_B_SPLINE_CURVE ( ( 1.000000000000000000, 0.8047378541243649375, 0.8047378541243649375, 1.000000000000000000 ) ) 
 REPRESENTATION_ITEM ( '' )  );
#4373 = LINE ( 'NONE', #2048, #10374 ) ;
#4374 = CARTESIAN_POINT ( 'NONE',  ( -0.06963403859844706500, 0.05775851364963312251, -20.60000000000000142 ) ) ;
#4375 = ORIENTED_EDGE ( 'NONE', *, *, #5864, .F. ) ;
#4376 = CARTESIAN_POINT ( 'NONE',  ( -5.881079103961504906, 0.1915168545886668794, -20.40000000000000568 ) ) ;
#4377 = ORIENTED_EDGE ( 'NONE', *, *, #1721, .T. ) ;
#4378 =( NAMED_UNIT ( * ) SI_UNIT ( $, .STERADIAN. ) SOLID_ANGLE_UNIT ( ) );
#4379 = VERTEX_POINT ( 'NONE', #3699 ) ;
#4380 = CARTESIAN_POINT ( 'NONE',  ( 4.945606191594754009, 0.3883502733060112400, -20.60000000000000497 ) ) ;
#4381 =( NAMED_UNIT ( * ) SI_UNIT ( $, .STERADIAN. ) SOLID_ANGLE_UNIT ( ) );
#4382 = CARTESIAN_POINT ( 'NONE',  ( -0.6239723417772108371, -0.8398538706790126263, -20.40000000000000568 ) ) ;
#4383 = PRESENTATION_STYLE_ASSIGNMENT (( #2874 ) ) ;
#4384 = B_SPLINE_CURVE_WITH_KNOTS ( 'NONE', 3,
 ( #1873, #6145, #961, #1308, #4337 ),
 .UNSPECIFIED., .F., .F.,
 ( 4, 1, 4 ),
 ( 0.000000000000000000, 0.4969163598881328192, 1.000000000000000000 ),
 .UNSPECIFIED. ) ;
#4385 = ORIENTED_EDGE ( 'NONE', *, *, #3187, .T. ) ;
#4386 = VERTEX_POINT ( 'NONE', #7101 ) ;
#4387 = CARTESIAN_POINT ( 'NONE',  ( -0.5175010572574754164, 0.4660101833160236184, -20.60000000000000142 ) ) ;
#4388 = MECHANICAL_DESIGN_GEOMETRIC_PRESENTATION_REPRESENTATION (  '', ( #638 ), #1816 ) ;
#4389 = CARTESIAN_POINT ( 'NONE',  ( 0.6141367561464236013, -0.5856853274837435785, -20.59999999999999787 ) ) ;
#4390 =( NAMED_UNIT ( * ) PLANE_ANGLE_UNIT ( ) SI_UNIT ( $, .RADIAN. ) );
#4391 = EDGE_LOOP ( 'NONE', ( #3684, #3255, #4439, #6700 ) ) ;
#4392 = EDGE_CURVE ( 'NONE', #7391, #6795, #8536, .T. ) ;
#4393 = CARTESIAN_POINT ( 'NONE',  ( 5.817022912173973381, -0.2288753676450994146, -20.60000000000000142 ) ) ;
#4394 = FILL_AREA_STYLE ('',( #1061 ) ) ;
#4395 = DIRECTION ( 'NONE',  ( 0.9859798726244991540, 0.1668642885082857463, -0.000000000000000000 ) ) ;
#4396 = CARTESIAN_POINT ( 'NONE',  ( -0.5468470031980191548, -0.8722229297209759258, -20.40000000000000568 ) ) ;
#4397 = AXIS2_PLACEMENT_3D ( 'NONE', #6934, #282, #2827 ) ;
#4398 = DIRECTION ( 'NONE',  ( 0.000000000000000000, 0.000000000000000000, -1.000000000000000000 ) ) ;
#4399 = CARTESIAN_POINT ( 'NONE',  ( 0.5123475382979800763, 7.599999999999996980, -8.799999999999998934 ) ) ;
#4400 = ORIENTED_EDGE ( 'NONE', *, *, #1916, .F. ) ;
#4401 = DIRECTION ( 'NONE',  ( -0.000000000000000000, -0.000000000000000000, 1.000000000000000000 ) ) ;
#4402 = LINE ( 'NONE', #7685, #9062 ) ;
#4403 = COLOUR_RGB ( '',1.000000000000000000, 1.000000000000000000, 1.000000000000000000 ) ;
#4404 = AXIS2_PLACEMENT_3D ( 'NONE', #621, #507, #1356 ) ;
#4405 = VERTEX_POINT ( 'NONE', #6273 ) ;
#4406 = ADVANCED_FACE ( 'NONE', ( #3866 ), #1342, .F. ) ;
#4407 = CARTESIAN_POINT ( 'NONE',  ( -5.052908542523458557, -0.7366198866981864546, -20.39999999999999503 ) ) ;
#4408 = CARTESIAN_POINT ( 'NONE',  ( -0.8848914793353974684, -0.01004501148917113541, -20.39999999999999858 ) ) ;
#4409 = CARTESIAN_POINT ( 'NONE',  ( -2.400000000000000355, 3.999999999999998224, -18.59999999999999787 ) ) ;
#4410 = CARTESIAN_POINT ( 'NONE',  ( -4.398678035173504419, -0.5683404060495111931, -20.40000000000000924 ) ) ;
#4411 = DIRECTION ( 'NONE',  ( -1.000000000000000000, 0.000000000000000000, 0.000000000000000000 ) ) ;
#4412 = AXIS2_PLACEMENT_3D ( 'NONE', #10606, #5680, #6483 ) ;
#4413 = CARTESIAN_POINT ( 'NONE',  ( -5.804862136208440049, -0.7320333844812964008, -20.40000000000000213 ) ) ;
#4414 = CARTESIAN_POINT ( 'NONE',  ( 1.500000000000000000, 9.096720901134592197, -2.000000000000000444 ) ) ;
#4415 = CARTESIAN_POINT ( 'NONE',  ( -5.323499884582465036, -0.7064996948634456597, -20.60000000000000853 ) ) ;
#4416 = EDGE_LOOP ( 'NONE', ( #2042, #562, #9120, #1384 ) ) ;
#4417 = EDGE_CURVE ( 'NONE', #4053, #8752, #4900, .T. ) ;
#4418 =( GEOMETRIC_REPRESENTATION_CONTEXT ( 3 ) GLOBAL_UNCERTAINTY_ASSIGNED_CONTEXT ( ( #2007 ) ) GLOBAL_UNIT_ASSIGNED_CONTEXT ( ( #8123, #1667, #9038 ) ) REPRESENTATION_CONTEXT ( 'NONE', 'WORKASPACE' ) );
#4419 = AXIS2_PLACEMENT_3D ( 'NONE', #9785, #8275, #1668 ) ;
#4420 = EDGE_CURVE ( 'NONE', #6149, #3408, #7893, .T. ) ;
#4421 = CARTESIAN_POINT ( 'NONE',  ( 2.799999999999999822, 8.813878188659971968, -8.799999999999998934 ) ) ;
#4422 = CARTESIAN_POINT ( 'NONE',  ( 3.000000000000000000, 8.813878188659971968, -2.200000000000000622 ) ) ;
#4423 = FACE_OUTER_BOUND ( 'NONE', #8037, .T. ) ;
#4424 = CARTESIAN_POINT ( 'NONE',  ( -5.785340991435191427, 0.3883502733060111289, -20.60000000000000497 ) ) ;
#4425 = ORIENTED_EDGE ( 'NONE', *, *, #3674, .T. ) ;
#4426 = EDGE_CURVE ( 'NONE', #7182, #2740, #7215, .T. ) ;
#4427 = DIRECTION ( 'NONE',  ( 0.000000000000000000, 0.000000000000000000, -1.000000000000000000 ) ) ;
#4428 = CARTESIAN_POINT ( 'NONE',  ( -0.8035127727500437356, 0.3059506212002296999, -20.40000000000000568 ) ) ;
#4429 = AXIS2_PLACEMENT_3D ( 'NONE', #9675, #1617, #8065 ) ;
#4430 = ORIENTED_EDGE ( 'NONE', *, *, #9865, .T. ) ;
#4431 = CARTESIAN_POINT ( 'NONE',  ( 5.011747086229889625, 0.4361173406631486116, -20.39999999999999503 ) ) ;
#4432 = CARTESIAN_POINT ( 'NONE',  ( -3.989930619728184524, 0.6218543391601795145, -20.40000000000000213 ) ) ;
#4433 =( NAMED_UNIT ( * ) PLANE_ANGLE_UNIT ( ) SI_UNIT ( $, .RADIAN. ) );
#4434 =( NAMED_UNIT ( * ) SI_UNIT ( $, .STERADIAN. ) SOLID_ANGLE_UNIT ( ) );
#4435 = ORIENTED_EDGE ( 'NONE', *, *, #6192, .F. ) ;
#4436 = EDGE_LOOP ( 'NONE', ( #4999, #9429 ) ) ;
#4437 = CARTESIAN_POINT ( 'NONE',  ( 1.500000000000000000, 9.213878188659972324, -8.799999999999998934 ) ) ;
#4438 = SURFACE_STYLE_USAGE ( .BOTH. , #7622 ) ;
#4439 = ORIENTED_EDGE ( 'NONE', *, *, #5161, .T. ) ;
#4440 = CARTESIAN_POINT ( 'NONE',  ( 5.686146752743108657, 0.2995535025555787767, -20.59999999999999787 ) ) ;
#4441 = DIRECTION ( 'NONE',  ( 0.000000000000000000, -1.000000000000000000, 0.000000000000000000 ) ) ;
#4442 = LINE ( 'NONE', #8643, #1851 ) ;
#4443 = CARTESIAN_POINT ( 'NONE',  ( -3.569273152195717280, -0.8781456608398205965, -20.40000000000000213 ) ) ;
#4444 = VECTOR ( 'NONE', #7977, 1000.000000000000000 ) ;
#4445 = CARTESIAN_POINT ( 'NONE',  ( 5.642746861448918239, -0.05089621815075764943, -20.40000000000000213 ) ) ;
#4446 = DIRECTION ( 'NONE',  ( 1.000000000000000000, -0.000000000000000000, -0.000000000000000000 ) ) ;
#4447 = DIRECTION ( 'NONE',  ( -0.000000000000000000, -0.000000000000000000, 1.000000000000000000 ) ) ;
#4448 = ORIENTED_EDGE ( 'NONE', *, *, #2247, .F. ) ;
#4449 = DIRECTION ( 'NONE',  ( 0.000000000000000000, -0.000000000000000000, -1.000000000000000000 ) ) ;
#4450 = B_SPLINE_CURVE_WITH_KNOTS ( 'NONE', 3,
 ( #8097, #4001, #6313, #3848, #1595, #9654, #5562, #8861, #3034, #4860, #8147, #9597, #4706, #3903, #3095, #1488, #4761, #8041, #696 ),
 .UNSPECIFIED., .F., .F.,
 ( 4, 1, 1, 1, 1, 1, 1, 1, 1, 1, 1, 1, 1, 1, 1, 1, 4 ),
 ( 0.000000000000000000, 0.08345474964106196214, 0.1621783171746932206, 0.2365543526416956643, 0.3060362957610694434, 0.3721433051031843853, 0.4353069073502169872, 0.4959954628838158519, 0.5550540383918988185, 0.6124235354287114186, 0.6680602449860757464, 0.7223456097140961152, 0.7764662350986211159, 0.8302753946904621873, 0.8851956525464672598, 0.9417221263869647307, 0.9999999999999998890 ),
 .UNSPECIFIED. ) ;
#4451 = SURFACE_STYLE_FILL_AREA ( #7683 ) ;
#4452 = CYLINDRICAL_SURFACE ( 'NONE', #2685, 0.2000000000000000944 ) ;
#4453 = AXIS2_PLACEMENT_3D ( 'NONE', #5964, #2583, #8337 ) ;
#4454 = ORIENTED_EDGE ( 'NONE', *, *, #6894, .F. ) ;
#4455 = DIRECTION ( 'NONE',  ( -0.000000000000000000, -0.000000000000000000, -1.000000000000000000 ) ) ;
#4456 = CARTESIAN_POINT ( 'NONE',  ( -0.8096688038784680685, -0.3875842238682103424, -20.39999999999999858 ) ) ;
#4457 = ORIENTED_EDGE ( 'NONE', *, *, #4129, .T. ) ;
#4458 = CARTESIAN_POINT ( 'NONE',  ( 0.1186436008096524025, -0.3883216522851585251, -20.60000000000000497 ) ) ;
#4459 = CARTESIAN_POINT ( 'NONE',  ( -4.049999999999999822, 2.399999999999998579, -8.799999999999998934 ) ) ;
#4460 = CIRCLE ( 'NONE', #4632, 0.9500000000000002887 ) ;
#4461 = PLANE ( 'NONE',  #5763 ) ;
#4462 = CARTESIAN_POINT ( 'NONE',  ( 5.141059736342149300, 0.6410154094368486488, -20.60000000000000497 ) ) ;
#4463 = ORIENTED_EDGE ( 'NONE', *, *, #6847, .T. ) ;
#4464 = EDGE_CURVE ( 'NONE', #1955, #10359, #4668, .T. ) ;
#4465 = CARTESIAN_POINT ( 'NONE',  ( -5.198931298447408977, -0.6335162293338473249, -20.60000000000000497 ) ) ;
#4466 = ORIENTED_EDGE ( 'NONE', *, *, #6049, .F. ) ;
#4467 = LINE ( 'NONE', #4522, #3769 ) ;
#4468 = COLOUR_RGB ( '',1.000000000000000000, 1.000000000000000000, 1.000000000000000000 ) ;
#4469 = CARTESIAN_POINT ( 'NONE',  ( -5.434532892455458786, -0.7223015049956648115, -20.60000000000000142 ) ) ;
#4470 = PRESENTATION_STYLE_ASSIGNMENT (( #1197 ) ) ;
#4471 = CARTESIAN_POINT ( 'NONE',  ( -0.9582493615752640803, 0.3676084172281290918, -20.60000000000000497 ) ) ;
#4472 = EDGE_CURVE ( 'NONE', #3635, #8218, #306, .T. ) ;
#4473 =( GEOMETRIC_REPRESENTATION_CONTEXT ( 3 ) GLOBAL_UNCERTAINTY_ASSIGNED_CONTEXT ( ( #6739 ) ) GLOBAL_UNIT_ASSIGNED_CONTEXT ( ( #10358, #4580, #1532 ) ) REPRESENTATION_CONTEXT ( 'NONE', 'WORKASPACE' ) );
#4474 =( NAMED_UNIT ( * ) SI_UNIT ( $, .STERADIAN. ) SOLID_ANGLE_UNIT ( ) );
#4475 = EDGE_CURVE ( 'NONE', #3346, #5554, #7157, .T. ) ;
#4476 =( LENGTH_UNIT ( ) NAMED_UNIT ( * ) SI_UNIT ( .MILLI., .METRE. ) );
#4477 = CARTESIAN_POINT ( 'NONE',  ( 5.058386693171888382, -0.6364654660346257264, -20.60000000000000142 ) ) ;
#4478 = DIRECTION ( 'NONE',  ( 0.000000000000000000, 0.000000000000000000, -1.000000000000000000 ) ) ;
#4479 = FACE_OUTER_BOUND ( 'NONE', #3971, .T. ) ;
#4480 = ORIENTED_EDGE ( 'NONE', *, *, #6845, .F. ) ;
#4481 = CARTESIAN_POINT ( 'NONE',  ( 5.153962991873187960, 0.4660101833160235074, -20.40000000000000213 ) ) ;
#4482 = CARTESIAN_POINT ( 'NONE',  ( 0.1274269277461568262, -0.2156848691925428163, -20.60000000000000497 ) ) ;
#4483 = UNCERTAINTY_MEASURE_WITH_UNIT (LENGTH_MEASURE( 1.000000000000000082E-05 ), #2996, 'distance_accuracy_value', 'NONE');
#4484 = CARTESIAN_POINT ( 'NONE',  ( -8.069140320336472882, 4.813878188659971080, -2.200000000000000622 ) ) ;
#4485 = CARTESIAN_POINT ( 'NONE',  ( -0.6617977797540954832, -0.8187338479111432310, -20.39999999999999503 ) ) ;
#4486 = CARTESIAN_POINT ( 'NONE',  ( 4.926947992718040403, 0.3675105918138279470, -20.40000000000000568 ) ) ;
#4487 = ORIENTED_EDGE ( 'NONE', *, *, #8018, .T. ) ;
#4488 = EDGE_CURVE ( 'NONE', #8764, #9767, #3116, .T. ) ;
#4489 = COLOUR_RGB ( '',1.000000000000000000, 1.000000000000000000, 1.000000000000000000 ) ;
#4490 = CARTESIAN_POINT ( 'NONE',  ( -0.2518555770913313840, -0.8791828986041820837, -20.39999999999999858 ) ) ;
#4491 = ORIENTED_EDGE ( 'NONE', *, *, #80, .F. ) ;
#4492 = SURFACE_STYLE_FILL_AREA ( #1440 ) ;
#4493 = ORIENTED_EDGE ( 'NONE', *, *, #8079, .F. ) ;
#4494 = VECTOR ( 'NONE', #2403, 1000.000000000000000 ) ;
#4495 = CARTESIAN_POINT ( 'NONE',  ( 0.1274269277461568262, -0.2156848691925428163, -20.60000000000000497 ) ) ;
#4496 = CARTESIAN_POINT ( 'NONE',  ( -0.3869207001146183211, -0.8976261803203399170, -20.40000000000000213 ) ) ;
#4497 = CARTESIAN_POINT ( 'NONE',  ( 5.044584332904074486, -0.8241775207355098720, -20.40000000000000568 ) ) ;
#4498 = CARTESIAN_POINT ( 'NONE',  ( 5.601933406486576672, -0.8075195407979794959, -20.39999999999999858 ) ) ;
#4499 = CARTESIAN_POINT ( 'NONE',  ( -5.077305897722630412, -0.1187229465368599829, -20.40000000000000568 ) ) ;
#4500 = FILL_AREA_STYLE_COLOUR ( '', #460 ) ;
#4501 = AXIS2_PLACEMENT_3D ( 'NONE', #5573, #4776, #1556 ) ;
#4502 = ORIENTED_EDGE ( 'NONE', *, *, #4770, .F. ) ;
#4503 = CARTESIAN_POINT ( 'NONE',  ( -5.785340991435191427, 0.3883502733060111289, -20.40000000000000568 ) ) ;
#4504 = VECTOR ( 'NONE', #4747, 1000.000000000000000 ) ;
#4505 = DIRECTION ( 'NONE',  ( 1.000000000000000000, 0.000000000000000000, -0.000000000000000000 ) ) ;
#4506 = ORIENTED_EDGE ( 'NONE', *, *, #1045, .F. ) ;
#4507 = FILL_AREA_STYLE_COLOUR ( '', #4489 ) ;
#4508 = FACE_OUTER_BOUND ( 'NONE', #6710, .T. ) ;
#4509 = VECTOR ( 'NONE', #9554, 1000.000000000000000 ) ;
#4510 = CARTESIAN_POINT ( 'NONE',  ( -0.8747460899430485881, -0.1589769141536114261, -20.39999999999999858 ) ) ;
#4511 = FACE_OUTER_BOUND ( 'NONE', #5062, .T. ) ;
#4512 = CARTESIAN_POINT ( 'NONE',  ( -5.983764197451996836, -0.4347845258531026769, -20.59999999999999787 ) ) ;
#4513 = CARTESIAN_POINT ( 'NONE',  ( -5.208484415034997816, 0.2502059252102578069, -20.40000000000000213 ) ) ;
#4514 = CARTESIAN_POINT ( 'NONE',  ( 1.700000000000000178, -9.213878188659972324, -8.799999999999998934 ) ) ;
#4515 = SURFACE_STYLE_FILL_AREA ( #1410 ) ;
#4516 = VERTEX_POINT ( 'NONE', #609 ) ;
#4517 = CARTESIAN_POINT ( 'NONE',  ( -5.108919635424213013, -0.5027786375701197574, -20.60000000000000497 ) ) ;
#4518 = CIRCLE ( 'NONE', #5041, 0.1999999999999987899 ) ;
#4519 = PRESENTATION_LAYER_ASSIGNMENT (  '', '', ( #8300 ) ) ;
#4520 = VECTOR ( 'NONE', #7544, 1000.000000000000114 ) ;
#4521 = ORIENTED_EDGE ( 'NONE', *, *, #2725, .F. ) ;
#4522 = CARTESIAN_POINT ( 'NONE',  ( -1.500000000000000000, 9.375835069691863310, -2.000000000000000000 ) ) ;
#4523 = ADVANCED_FACE ( 'NONE', ( #10448 ), #6387, .F. ) ;
#4524 = CARTESIAN_POINT ( 'NONE',  ( -5.110439092118475912, 0.3976647593932680080, -20.40000000000000924 ) ) ;
#4525 = MECHANICAL_DESIGN_GEOMETRIC_PRESENTATION_REPRESENTATION (  '', ( #85 ), #2127 ) ;
#4526 = CARTESIAN_POINT ( 'NONE',  ( -0.08878360448480837608, -0.5270127867887282047, -20.60000000000000142 ) ) ;
#4527 = PRESENTATION_STYLE_ASSIGNMENT (( #10245 ) ) ;
#4528 = ORIENTED_EDGE ( 'NONE', *, *, #2578, .F. ) ;
#4529 =( GEOMETRIC_REPRESENTATION_CONTEXT ( 3 ) GLOBAL_UNCERTAINTY_ASSIGNED_CONTEXT ( ( #10186 ) ) GLOBAL_UNIT_ASSIGNED_CONTEXT ( ( #407, #6079, #8401 ) ) REPRESENTATION_CONTEXT ( 'NONE', 'WORKASPACE' ) );
#4530 = FILL_AREA_STYLE_COLOUR ( '', #8754 ) ;
#4531 = VERTEX_POINT ( 'NONE', #2251 ) ;
#4532 = CARTESIAN_POINT ( 'NONE',  ( -7.869140320336472705, -4.813878188659970192, -2.200000000000000622 ) ) ;
#4533 =( LENGTH_UNIT ( ) NAMED_UNIT ( * ) SI_UNIT ( .MILLI., .METRE. ) );
#4534 = CARTESIAN_POINT ( 'NONE',  ( -5.881079103961504906, 0.1915168545886668794, -20.60000000000000497 ) ) ;
#4535 = EDGE_CURVE ( 'NONE', #9748, #1506, #5691, .T. ) ;
#4536 = EDGE_CURVE ( 'NONE', #1296, #71, #2466, .T. ) ;
#4537 = ORIENTED_EDGE ( 'NONE', *, *, #384, .T. ) ;
#4538 = CARTESIAN_POINT ( 'NONE',  ( -5.069273152195719945, -0.2608566998008597371, -20.40000000000000568 ) ) ;
#4539 = LINE ( 'NONE', #7818, #5610 ) ;
#4540 = LINE ( 'NONE', #474, #3801 ) ;
#4541 = FILL_AREA_STYLE_COLOUR ( '', #6652 ) ;
#4542 = SURFACE_STYLE_FILL_AREA ( #10047 ) ;
#4543 = ORIENTED_EDGE ( 'NONE', *, *, #286, .T. ) ;
#4544 = ORIENTED_EDGE ( 'NONE', *, *, #2234, .T. ) ;
#4545 = CARTESIAN_POINT ( 'NONE',  ( 0.5661028388464206529, -0.2572041023982621910, -20.60000000000000142 ) ) ;
#4546 = CARTESIAN_POINT ( 'NONE',  ( 5.816050465296418004, -0.1696674579620506274, -20.40000000000000213 ) ) ;
#4547 = EDGE_CURVE ( 'NONE', #2606, #9372, #764, .T. ) ;
#4548 = ADVANCED_FACE ( 'NONE', ( #9887 ), #1758, .T. ) ;
#4549 = DIRECTION ( 'NONE',  ( 0.9922778767136674061, -0.1240347345892098135, 0.000000000000000000 ) ) ;
#4550 = CARTESIAN_POINT ( 'NONE',  ( 5.627608985985885326, 0.01447209865829754416, -20.40000000000000568 ) ) ;
#4551 = DIRECTION ( 'NONE',  ( 1.000000000000000000, -0.000000000000000000, -0.000000000000000000 ) ) ;
#4552 = LINE ( 'NONE', #6056, #4937 ) ;
#4553 = VECTOR ( 'NONE', #8726, 1000.000000000000000 ) ;
#4554 = ORIENTED_EDGE ( 'NONE', *, *, #1140, .T. ) ;
#4555 = FACE_OUTER_BOUND ( 'NONE', #4271, .T. ) ;
#4556 = LINE ( 'NONE', #2939, #1167 ) ;
#4557 = CARTESIAN_POINT ( 'NONE',  ( -0.02810240231379365280, -0.2735529755948763464, -20.40000000000000213 ) ) ;
#4558 = ORIENTED_EDGE ( 'NONE', *, *, #3877, .F. ) ;
#4559 = CARTESIAN_POINT ( 'NONE',  ( 3.200000000000000178, -8.813878188659971968, -2.200000000000000622 ) ) ;
#4560 = MECHANICAL_DESIGN_GEOMETRIC_PRESENTATION_REPRESENTATION (  '', ( #6277 ), #7655 ) ;
#4561 = EDGE_CURVE ( 'NONE', #6388, #6072, #65, .T. ) ;
#4562 = CARTESIAN_POINT ( 'NONE',  ( -2.799999999999999822, 9.013878188659973034, -8.799999999999998934 ) ) ;
#4563 = CARTESIAN_POINT ( 'NONE',  ( -4.345450900130518157, -0.3779124870668759129, -20.60000000000000853 ) ) ;
#4564 = B_SPLINE_CURVE_WITH_KNOTS ( 'NONE', 3,
 ( #154, #10085, #8307, #2602, #1749, #5982, #6695, #9072, #1901, #9982, #259 ),
 .UNSPECIFIED., .F., .F.,
 ( 4, 1, 1, 1, 1, 1, 1, 1, 4 ),
 ( 0.000000000000000000, 0.1473311512453900074, 0.2878417253961133571, 0.4226040141878718570, 0.5507844049688579435, 0.6725789076994169724, 0.7877904733471090548, 0.8972933363546499175, 1.000000000000000000 ),
 .UNSPECIFIED. ) ;
#4565 = SURFACE_STYLE_FILL_AREA ( #3212 ) ;
#4566 = CARTESIAN_POINT ( 'NONE',  ( -5.283608895482233336, 0.3448151994480306293, -20.60000000000000142 ) ) ;
#4567 = LINE ( 'NONE', #7848, #2836 ) ;
#4568 = CARTESIAN_POINT ( 'NONE',  ( -0.5226755702444884077, 0.6413348586406990570, -20.40000000000000213 ) ) ;
#4569 = ORIENTED_EDGE ( 'NONE', *, *, #6125, .F. ) ;
#4570 = MECHANICAL_DESIGN_GEOMETRIC_PRESENTATION_REPRESENTATION (  '', ( #5435 ), #2857 ) ;
#4571 = PRESENTATION_LAYER_ASSIGNMENT (  '', '', ( #7170 ) ) ;
#4572 = FILL_AREA_STYLE_COLOUR ( '', #2161 ) ;
#4573 = EDGE_LOOP ( 'NONE', ( #9432, #1763, #8672, #5889 ) ) ;
#4574 = CARTESIAN_POINT ( 'NONE',  ( 0.000000000000000000, -6.799999999999997158, -8.799999999999998934 ) ) ;
#4575 = SURFACE_SIDE_STYLE ('',( #2906 ) ) ;
#4576 = STYLED_ITEM ( 'NONE', ( #8142 ), #1777 ) ;
#4577 = VECTOR ( 'NONE', #1399, 1000.000000000000000 ) ;
#4578 = DIRECTION ( 'NONE',  ( 0.000000000000000000, 0.000000000000000000, -1.000000000000000000 ) ) ;
#4579 = DIRECTION ( 'NONE',  ( 1.000000000000000000, 3.422125580184494708E-16, 0.000000000000000000 ) ) ;
#4580 =( NAMED_UNIT ( * ) PLANE_ANGLE_UNIT ( ) SI_UNIT ( $, .RADIAN. ) );
#4581 = ORIENTED_EDGE ( 'NONE', *, *, #5415, .F. ) ;
#4582 = ADVANCED_FACE ( 'NONE', ( #9948 ), #2566, .F. ) ;
#4583 = AXIS2_PLACEMENT_3D ( 'NONE', #3453, #1946, #8356 ) ;
#4584 = CIRCLE ( 'NONE', #2362, 0.1999999999999987899 ) ;
#4585 = DIRECTION ( 'NONE',  ( -0.000000000000000000, -0.000000000000000000, 1.000000000000000000 ) ) ;
#4586 = EDGE_LOOP ( 'NONE', ( #8498, #1807, #6418, #4554 ) ) ;
#4587 = DIRECTION ( 'NONE',  ( -1.000000000000000000, 0.000000000000000000, -0.000000000000000000 ) ) ;
#4588 = CARTESIAN_POINT ( 'NONE',  ( -5.208484415034997816, 0.2502059252102578069, -20.60000000000000142 ) ) ;
#4589 = CARTESIAN_POINT ( 'NONE',  ( 5.156702439925135550, 0.6413348586406989460, -20.40000000000000213 ) ) ;
#4590 = ORIENTED_EDGE ( 'NONE', *, *, #1608, .T. ) ;
#4591 = VECTOR ( 'NONE', #10270, 1000.000000000000000 ) ;
#4592 = CARTESIAN_POINT ( 'NONE',  ( -0.7902493472075328151, -0.4290904093664817398, -20.40000000000000213 ) ) ;
#4593 = UNCERTAINTY_MEASURE_WITH_UNIT (LENGTH_MEASURE( 1.000000000000000082E-05 ), #3441, 'distance_accuracy_value', 'NONE');
#4594 = DIRECTION ( 'NONE',  ( 0.000000000000000000, 1.000000000000000000, 0.000000000000000000 ) ) ;
#4595 = CARTESIAN_POINT ( 'NONE',  ( 5.407447298447481288, -0.7064996948634455487, -20.60000000000000853 ) ) ;
#4596 = LINE ( 'NONE', #6425, #6245 ) ;
#4597 = DIRECTION ( 'NONE',  ( 0.000000000000000000, 0.000000000000000000, -1.000000000000000000 ) ) ;
#4598 = VERTEX_POINT ( 'NONE', #3169 ) ;
#4599 = ORIENTED_EDGE ( 'NONE', *, *, #7451, .T. ) ;
#4600 = DIRECTION ( 'NONE',  ( 0.000000000000000000, 0.000000000000000000, -1.000000000000000000 ) ) ;
#4601 = EDGE_CURVE ( 'NONE', #5043, #7667, #2359, .T. ) ;
#4602 = CARTESIAN_POINT ( 'NONE',  ( -0.02680367020790398389, -0.7279475140316745696, -20.40000000000000568 ) ) ;
#4603 = STYLED_ITEM ( 'NONE', ( #8870 ), #5968 ) ;
#4604 = SURFACE_STYLE_FILL_AREA ( #3584 ) ;
#4605 = CARTESIAN_POINT ( 'NONE',  ( 0.9500000000000000666, -6.799999999999997158, -8.799999999999998934 ) ) ;
#4606 = CARTESIAN_POINT ( 'NONE',  ( 5.950000000000000178, 2.399999999999998579, -8.799999999999998934 ) ) ;
#4607 = CARTESIAN_POINT ( 'NONE',  ( -0.2000294663483845048, 0.2995126183809586617, -20.40000000000000213 ) ) ;
#4608 = PRESENTATION_STYLE_ASSIGNMENT (( #8933 ) ) ;
#4609 = CARTESIAN_POINT ( 'NONE',  ( 5.230764845064470592, -0.7171791466795186532, -20.40000000000000213 ) ) ;
#4610 = COLOUR_RGB ( '',1.000000000000000000, 1.000000000000000000, 1.000000000000000000 ) ;
#4611 = ORIENTED_EDGE ( 'NONE', *, *, #4854, .T. ) ;
#4612 = EDGE_CURVE ( 'NONE', #1187, #4053, #563, .T. ) ;
#4613 = EDGE_CURVE ( 'NONE', #10036, #3153, #2527, .T. ) ;
#4614 = CARTESIAN_POINT ( 'NONE',  ( -5.587546896600618318, 0.4657855488164469038, -20.40000000000000568 ) ) ;
#4615 = CYLINDRICAL_SURFACE ( 'NONE', #9945, 0.9500000000000002887 ) ;
#4616 = CARTESIAN_POINT ( 'NONE',  ( -0.2908363504040772374, -0.7048701680291343807, -20.39999999999999503 ) ) ;
#4617 = ORIENTED_EDGE ( 'NONE', *, *, #9414, .F. ) ;
#4618 = ORIENTED_EDGE ( 'NONE', *, *, #3949, .F. ) ;
#4619 = MECHANICAL_DESIGN_GEOMETRIC_PRESENTATION_REPRESENTATION (  '', ( #7546 ), #10297 ) ;
#4620 = CARTESIAN_POINT ( 'NONE',  ( -4.419110814533379283, -0.6510758556450154666, -20.40000000000000213 ) ) ;
#4621 = CARTESIAN_POINT ( 'NONE',  ( -2.799999999999999822, 8.813878188659971968, -20.40000000000000213 ) ) ;
#4622 = CARTESIAN_POINT ( 'NONE',  ( -0.9836874245701544561, 0.3123479977148628239, -20.39999999999999503 ) ) ;
#4623 =( NAMED_UNIT ( * ) PLANE_ANGLE_UNIT ( ) SI_UNIT ( $, .RADIAN. ) );
#4624 = CARTESIAN_POINT ( 'NONE',  ( -5.088200321581027197, -0.05089621815075775352, -20.60000000000000142 ) ) ;
#4625 =( NAMED_UNIT ( * ) PLANE_ANGLE_UNIT ( ) SI_UNIT ( $, .RADIAN. ) );
#4626 = CARTESIAN_POINT ( 'NONE',  ( -0.3366153831198632762, 0.6104138278623457703, -20.60000000000000142 ) ) ;
#4627 = VERTEX_POINT ( 'NONE', #6712 ) ;
#4628 = ADVANCED_FACE ( 'NONE', ( #2617 ), #4285, .F. ) ;
#4629 = LINE ( 'NONE', #10465, #5094 ) ;
#4630 = EDGE_LOOP ( 'NONE', ( #3975, #2699, #157, #1829, #1789, #2902, #3410, #3741, #9496, #6028, #3336, #2001, #10156, #9198, #8865 ) ) ;
#4631 = CARTESIAN_POINT ( 'NONE',  ( -5.302627576442109358, 0.5724995180032266262, -20.60000000000000497 ) ) ;
#4632 = AXIS2_PLACEMENT_3D ( 'NONE', #963, #4427, #4069 ) ;
#4633 = DIRECTION ( 'NONE',  ( -0.000000000000000000, -0.000000000000000000, 1.000000000000000000 ) ) ;
#4634 = CARTESIAN_POINT ( 'NONE',  ( -5.537568821019248411, 0.6404690672067864243, -20.60000000000000497 ) ) ;
#4635 = CARTESIAN_POINT ( 'NONE',  ( -2.999999999999999556, 5.213878188659972324, -2.000000000000000000 ) ) ;
#4636 =( LENGTH_UNIT ( ) NAMED_UNIT ( * ) SI_UNIT ( .MILLI., .METRE. ) );
#4637 = FILL_AREA_STYLE ('',( #5549 ) ) ;
#4638 = VERTEX_POINT ( 'NONE', #468 ) ;
#4639 = MECHANICAL_DESIGN_GEOMETRIC_PRESENTATION_REPRESENTATION (  '', ( #7905 ), #4118 ) ;
#4640 = CARTESIAN_POINT ( 'NONE',  ( 0.8036078148224815587, -0.06092787787667006821, -20.59999999999999787 ) ) ;
#4641 = CARTESIAN_POINT ( 'NONE',  ( -7.869140320336472705, 5.213878188659970547, -2.000000000000000000 ) ) ;
#4642 = CARTESIAN_POINT ( 'NONE',  ( -5.094850311147568256, 0.3755738448920898365, -20.40000000000000213 ) ) ;
#4643 = CARTESIAN_POINT ( 'NONE',  ( 1.051593910274992050, 0.6218543391601795145, -20.40000000000000213 ) ) ;
#4644 = CARTESIAN_POINT ( 'NONE',  ( -5.803999190311906808, 0.3675105918138278915, -20.60000000000000497 ) ) ;
#4645 = VERTEX_POINT ( 'NONE', #2108 ) ;
#4646 = CARTESIAN_POINT ( 'NONE',  ( 0.6960736298726594162, -0.3779124870668758018, -20.60000000000000497 ) ) ;
#4647 = COLOUR_RGB ( '',1.000000000000000000, 1.000000000000000000, 1.000000000000000000 ) ;
#4648 = CARTESIAN_POINT ( 'NONE',  ( -0.8803587825609939799, -0.1101877482158503535, -20.40000000000000924 ) ) ;
#4649 = LINE ( 'NONE', #586, #4756 ) ;
#4650 = FACE_OUTER_BOUND ( 'NONE', #8171, .T. ) ;
#4651 = FACE_OUTER_BOUND ( 'NONE', #1658, .T. ) ;
#4652 = PLANE ( 'NONE',  #5061 ) ;
#4653 = LINE ( 'NONE', #591, #6917 ) ;
#4654 = VERTEX_POINT ( 'NONE', #170 ) ;
#4655 = EDGE_LOOP ( 'NONE', ( #2344, #385, #861, #1206 ) ) ;
#4656 = CARTESIAN_POINT ( 'NONE',  ( 0.1238774904677965999, -0.3429367502142879331, -20.40000000000000924 ) ) ;
#4657 = CARTESIAN_POINT ( 'NONE',  ( -2.999999999999999556, -5.213878188659972324, -2.200000000000000622 ) ) ;
#4658 = FACE_OUTER_BOUND ( 'NONE', #2210, .T. ) ;
#4659 = CARTESIAN_POINT ( 'NONE',  ( -3.904374472969180054, 0.1350724675536561781, -20.39999999999999503 ) ) ;
#4660 = EDGE_CURVE ( 'NONE', #9348, #8503, #4384, .T. ) ;
#4661 = CARTESIAN_POINT ( 'NONE',  ( -5.000000000000000000, 2.399999999999998579, -8.799999999999998934 ) ) ;
#4662 = CARTESIAN_POINT ( 'NONE',  ( -9.799999999999997158, 0.000000000000000000, -1.799999999999999600 ) ) ;
#4663 = MECHANICAL_DESIGN_GEOMETRIC_PRESENTATION_REPRESENTATION (  '', ( #9641 ), #900 ) ;
#4664 = CARTESIAN_POINT ( 'NONE',  ( 5.139326227433437921, -0.6893738113348040208, -20.40000000000000213 ) ) ;
#4665 = VERTEX_POINT ( 'NONE', #10250 ) ;
#4666 = SURFACE_STYLE_USAGE ( .BOTH. , #2999 ) ;
#4667 = PLANE ( 'NONE',  #5644 ) ;
#4668 = LINE ( 'NONE', #1281, #9387 ) ;
#4669 = ORIENTED_EDGE ( 'NONE', *, *, #6171, .T. ) ;
#4670 = VERTEX_POINT ( 'NONE', #3727 ) ;
#4671 = VECTOR ( 'NONE', #2006, 1000.000000000000000 ) ;
#4672 = CARTESIAN_POINT ( 'NONE',  ( 5.168983426836389228, 0.6410449470948366146, -20.40000000000000213 ) ) ;
#4673 = CYLINDRICAL_SURFACE ( 'NONE', #4250, 0.9500000000000000666 ) ;
#4674 = CARTESIAN_POINT ( 'NONE',  ( -5.686362850125873614, -0.8241775207355100941, -20.60000000000000497 ) ) ;
#4675 = EDGE_CURVE ( 'NONE', #1955, #1750, #7837, .T. ) ;
#4676 = ADVANCED_FACE ( 'NONE', ( #7574 ), #7623, .F. ) ;
#4677 = STYLED_ITEM ( 'NONE', ( #2823 ), #9159 ) ;
#4678 = SURFACE_STYLE_USAGE ( .BOTH. , #3980 ) ;
#4679 = PLANE ( 'NONE',  #122 ) ;
#4680 = VECTOR ( 'NONE', #3020, 1000.000000000000000 ) ;
#4681 =( NAMED_UNIT ( * ) PLANE_ANGLE_UNIT ( ) SI_UNIT ( $, .RADIAN. ) );
#4682 = ORIENTED_EDGE ( 'NONE', *, *, #7451, .F. ) ;
#4683 = CARTESIAN_POINT ( 'NONE',  ( 5.065112577143206174, 0.6344933463427816500, -20.60000000000000142 ) ) ;
#4684 = AXIS2_PLACEMENT_3D ( 'NONE', #9770, #9183, #7512 ) ;
#4685 = ORIENTED_EDGE ( 'NONE', *, *, #4417, .F. ) ;
#4686 =( NAMED_UNIT ( * ) PLANE_ANGLE_UNIT ( ) SI_UNIT ( $, .RADIAN. ) );
#4687 = EDGE_CURVE ( 'NONE', #3013, #9700, #7726, .T. ) ;
#4688 =( NAMED_UNIT ( * ) SI_UNIT ( $, .STERADIAN. ) SOLID_ANGLE_UNIT ( ) );
#4689 = CARTESIAN_POINT ( 'NONE',  ( -5.398252241807156793, 0.6146410278096126056, -20.40000000000000568 ) ) ;
#4690 = CARTESIAN_POINT ( 'NONE',  ( -4.336808689942017736E-16, 2.399999999999998579, -20.60000000000000142 ) ) ;
#4691 = MECHANICAL_DESIGN_GEOMETRIC_PRESENTATION_REPRESENTATION (  '', ( #2796 ), #10029 ) ;
#4692 = CARTESIAN_POINT ( 'NONE',  ( -3.726943606741171866, -0.8781456608398205965, -20.40000000000000213 ) ) ;
#4693 = ORIENTED_EDGE ( 'NONE', *, *, #3131, .F. ) ;
#4694 = B_SPLINE_CURVE_WITH_KNOTS ( 'NONE', 3,
 ( #2589, #4462, #2793, #10125, #7752, #1892, #8502, #8344, #9163, #10069, #399, #1132, #8394, #9357, #9204, #1787, #3662, #5971, #983 ),
 .UNSPECIFIED., .F., .F.,
 ( 4, 1, 1, 1, 1, 1, 1, 1, 1, 1, 1, 1, 1, 1, 1, 1, 4 ),
 ( 0.000000000000000000, 0.06376393918693079588, 0.1254996419628037485, 0.1853201548928869735, 0.2440665310031925050, 0.3018714708099726751, 0.3600659918691173078, 0.4185026823197829371, 0.4780536029192654635, 0.5383458409363679475, 0.5988379080389254483, 0.6601493054241064362, 0.7232466713826743998, 0.7877963753377784650, 0.8553687404545246009, 0.9262049282472267775, 1.000000000000000000 ),
 .UNSPECIFIED. ) ;
#4695 = FILL_AREA_STYLE_COLOUR ( '', #8061 ) ;
#4696 = ORIENTED_EDGE ( 'NONE', *, *, #6722, .F. ) ;
#4697 = AXIS2_PLACEMENT_3D ( 'NONE', #4876, #910, #5737 ) ;
#4698 = DIRECTION ( 'NONE',  ( -1.000000000000000000, 0.000000000000000000, 0.000000000000000000 ) ) ;
#4699 = CARTESIAN_POINT ( 'NONE',  ( -0.5123475382979807424, 1.599999999999998535, -8.799999999999998934 ) ) ;
#4700 = EDGE_CURVE ( 'NONE', #9263, #3768, #9239, .T. ) ;
#4701 = ORIENTED_EDGE ( 'NONE', *, *, #479, .F. ) ;
#4702 = AXIS2_PLACEMENT_3D ( 'NONE', #1640, #839, #7394 ) ;
#4703 = FILL_AREA_STYLE_COLOUR ( '', #10563 ) ;
#4704 = PLANE ( 'NONE',  #4339 ) ;
#4705 = UNCERTAINTY_MEASURE_WITH_UNIT (LENGTH_MEASURE( 1.000000000000000082E-05 ), #8090, 'distance_accuracy_value', 'NONE');
#4706 = CARTESIAN_POINT ( 'NONE',  ( 5.473270694467168518, -0.6774171461613889278, -20.39999999999999858 ) ) ;
#4707 = LINE ( 'NONE', #1489, #7068 ) ;
#4708 = CARTESIAN_POINT ( 'NONE',  ( 5.558976093449516931, -0.6065495339966482380, -20.40000000000000568 ) ) ;
#4709 = PLANE ( 'NONE',  #779 ) ;
#4710 = SURFACE_SIDE_STYLE ('',( #6426 ) ) ;
#4711 = ORIENTED_EDGE ( 'NONE', *, *, #708, .F. ) ;
#4712 = PRESENTATION_LAYER_ASSIGNMENT (  '', '', ( #1098 ) ) ;
#4713 = EDGE_LOOP ( 'NONE', ( #5823, #8835, #8770, #10254 ) ) ;
#4714 = SURFACE_SIDE_STYLE ('',( #4492 ) ) ;
#4715 = CARTESIAN_POINT ( 'NONE',  ( 0.07325551719400695549, -0.5564526217865510826, -20.39999999999999858 ) ) ;
#4716 = SURFACE_STYLE_FILL_AREA ( #6160 ) ;
#4717 = FACE_OUTER_BOUND ( 'NONE', #8824, .T. ) ;
#4718 = CARTESIAN_POINT ( 'NONE',  ( -0.9671078873272894727, -0.4332004087953719718, -20.39999999999999858 ) ) ;
#4719 = LINE ( 'NONE', #9553, #9585 ) ;
#4720 = FACE_BOUND ( 'NONE', #5784, .T. ) ;
#4721 = CARTESIAN_POINT ( 'NONE',  ( -0.4552736141015541471, -0.7173422998363923053, -20.60000000000001208 ) ) ;
#4722 = DIRECTION ( 'NONE',  ( 0.000000000000000000, 0.000000000000000000, 1.000000000000000000 ) ) ;
#4723 = CARTESIAN_POINT ( 'NONE',  ( 4.882453251613447343, -0.3521716348657945583, -20.40000000000000213 ) ) ;
#4724 = CARTESIAN_POINT ( 'NONE',  ( 5.285236580753610802, -0.7221345831102792268, -20.39999999999999503 ) ) ;
#4725 = ORIENTED_EDGE ( 'NONE', *, *, #3838, .F. ) ;
#4726 = CARTESIAN_POINT ( 'NONE',  ( 7.869140320336472705, 4.813878188659971080, -20.40000000000000213 ) ) ;
#4727 = ADVANCED_FACE ( 'NONE', ( #6961 ), #6292, .F. ) ;
#4728 = CARTESIAN_POINT ( 'NONE',  ( -0.3858881151875265814, -0.7218369496427781140, -20.40000000000000213 ) ) ;
#4729 = ORIENTED_EDGE ( 'NONE', *, *, #7469, .F. ) ;
#4730 = B_SPLINE_CURVE_WITH_KNOTS ( 'NONE', 3,
 ( #2654, #1857, #4274, #5233, #5935, #5034, #1153 ),
 .UNSPECIFIED., .F., .F.,
 ( 4, 1, 1, 1, 4 ),
 ( 0.000000000000000000, 0.2121774586276831964, 0.4489009667349215249, 0.7114906539182617173, 1.000000000000000000 ),
 .UNSPECIFIED. ) ;
#4731 = ORIENTED_EDGE ( 'NONE', *, *, #9034, .T. ) ;
#4732 = CARTESIAN_POINT ( 'NONE',  ( 4.747182985577946823, -0.4347845258531025103, -20.59999999999999432 ) ) ;
#4733 = DIRECTION ( 'NONE',  ( 1.000000000000000000, -1.084202172485504434E-16, 0.000000000000000000 ) ) ;
#4734 = LINE ( 'NONE', #4791, #904 ) ;
#4735 = CARTESIAN_POINT ( 'NONE',  ( -3.200000000000000178, 8.813878188659971968, -2.000000000000000000 ) ) ;
#4736 =( LENGTH_UNIT ( ) NAMED_UNIT ( * ) SI_UNIT ( .MILLI., .METRE. ) );
#4737 = CARTESIAN_POINT ( 'NONE',  ( -0.1722654998476755017, 0.5143283705090895275, -20.60000000000000497 ) ) ;
#4738 = VERTEX_POINT ( 'NONE', #2973 ) ;
#4739 = EDGE_CURVE ( 'NONE', #312, #9223, #5260, .T. ) ;
#4740 = LINE ( 'NONE', #8670, #10441 ) ;
#4741 = ORIENTED_EDGE ( 'NONE', *, *, #3008, .F. ) ;
#4742 =( LENGTH_UNIT ( ) NAMED_UNIT ( * ) SI_UNIT ( .MILLI., .METRE. ) );
#4743 = CARTESIAN_POINT ( 'NONE',  ( -0.02810240231379365280, -0.2735529755948763464, -20.60000000000000142 ) ) ;
#4744 = AXIS2_PLACEMENT_3D ( 'NONE', #4240, #3430, #3589 ) ;
#4745 = SURFACE_SIDE_STYLE ('',( #3937 ) ) ;
#4746 = COLOUR_RGB ( '',1.000000000000000000, 1.000000000000000000, 1.000000000000000000 ) ;
#4747 = DIRECTION ( 'NONE',  ( -0.000000000000000000, -0.000000000000000000, 1.000000000000000000 ) ) ;
#4748 = SURFACE_SIDE_STYLE ('',( #6461 ) ) ;
#4749 = LINE ( 'NONE', #10639, #2051 ) ;
#4750 = EDGE_LOOP ( 'NONE', ( #724, #986, #9207, #7227, #1703, #8259 ) ) ;
#4751 = EDGE_CURVE ( 'NONE', #5156, #7524, #10479, .T. ) ;
#4752 = ADVANCED_FACE ( 'NONE', ( #3896 ), #7517, .F. ) ;
#4753 = CARTESIAN_POINT ( 'NONE',  ( -5.434532892455458786, -0.7223015049956648115, -20.60000000000000497 ) ) ;
#4754 = ORIENTED_EDGE ( 'NONE', *, *, #8953, .T. ) ;
#4755 = DIRECTION ( 'NONE',  ( -0.000000000000000000, -0.000000000000000000, 1.000000000000000000 ) ) ;
#4756 = VECTOR ( 'NONE', #643, 1000.000000000000000 ) ;
#4757 = ORIENTED_EDGE ( 'NONE', *, *, #5431, .F. ) ;
#4758 = ORIENTED_EDGE ( 'NONE', *, *, #4259, .F. ) ;
#4759 = CARTESIAN_POINT ( 'NONE',  ( 0.6428464948296740422, -0.5683404060495109711, -20.39999999999999858 ) ) ;
#4760 = CARTESIAN_POINT ( 'NONE',  ( -0.4552736141015541471, -0.7173422998363923053, -20.40000000000001279 ) ) ;
#4761 = CARTESIAN_POINT ( 'NONE',  ( 5.334739981349609472, -0.7212845720334762900, -20.40000000000000568 ) ) ;
#4762 = DIRECTION ( 'NONE',  ( -1.000000000000000000, 0.000000000000000000, 0.000000000000000000 ) ) ;
#4763 = LINE ( 'NONE', #5458, #6071 ) ;
#4764 = DIRECTION ( 'NONE',  ( 1.000000000000000000, 0.000000000000000000, 0.000000000000000000 ) ) ;
#4765 =( GEOMETRIC_REPRESENTATION_CONTEXT ( 3 ) GLOBAL_UNCERTAINTY_ASSIGNED_CONTEXT ( ( #10203 ) ) GLOBAL_UNIT_ASSIGNED_CONTEXT ( ( #9808, #1482, #4809 ) ) REPRESENTATION_CONTEXT ( 'NONE', 'WORKASPACE' ) );
#4766 = VERTEX_POINT ( 'NONE', #8909 ) ;
#4767 = AXIS2_PLACEMENT_3D ( 'NONE', #9893, #6672, #1226 ) ;
#4768 = CARTESIAN_POINT ( 'NONE',  ( 4.835817493089490604, 0.5191142932847807590, -20.39999999999999858 ) ) ;
#4769 = EDGE_LOOP ( 'NONE', ( #8697, #3907, #9927, #7778 ) ) ;
#4770 = EDGE_CURVE ( 'NONE', #5676, #2905, #10419, .T. ) ;
#4771 = CARTESIAN_POINT ( 'NONE',  ( -0.3752474099805118701, -0.8973562296836248287, -20.39999999999999858 ) ) ;
#4772 = CARTESIAN_POINT ( 'NONE',  ( -4.325087241791853998, -0.3134729148494546092, -20.60000000000000142 ) ) ;
#4773 = MECHANICAL_DESIGN_GEOMETRIC_PRESENTATION_REPRESENTATION (  '', ( #9922 ), #3219 ) ;
#4774 = COLOUR_RGB ( '',1.000000000000000000, 1.000000000000000000, 1.000000000000000000 ) ;
#4775 = DIRECTION ( 'NONE',  ( -1.084202172485504434E-16, 1.000000000000000000, 0.000000000000000000 ) ) ;
#4776 = DIRECTION ( 'NONE',  ( 0.000000000000000000, 0.000000000000000000, -1.000000000000000000 ) ) ;
#4777 = CARTESIAN_POINT ( 'NONE',  ( 1.314580923262005152, -0.8781456608398204855, -20.60000000000000142 ) ) ;
#4778 = SURFACE_STYLE_FILL_AREA ( #8817 ) ;
#4779 = CARTESIAN_POINT ( 'NONE',  ( -5.129013776543369652, -0.8075195407979798290, -20.40000000000000213 ) ) ;
#4780 = CARTESIAN_POINT ( 'NONE',  ( -0.9499999999999996225, 6.799999999999997158, -8.799999999999998934 ) ) ;
#4781 = B_SPLINE_CURVE_WITH_KNOTS ( 'NONE', 3,
 ( #220, #3473, #3272, #9834, #2465, #5742, #9033, #1662, #3744, #2877, #1272 ),
 .UNSPECIFIED., .F., .F.,
 ( 4, 1, 1, 1, 1, 1, 1, 1, 4 ),
 ( 0.000000000000000000, 0.1366324269812451697, 0.2676861219659234514, 0.3924633192238953239, 0.5144904340826531586, 0.6343216705865311056, 0.7541182771205581226, 0.8757281555217412139, 1.000000000000000000 ),
 .UNSPECIFIED. ) ;
#4782 = B_SPLINE_SURFACE_WITH_KNOTS ( 'NONE', 3, 1, ( 
 ( #8579, #1050 ),
 ( #6630, #5663 ),
 ( #8856, #1691 ),
 ( #42, #8245 ),
 ( #8036, #10645 ),
 ( #4906, #9012 ),
 ( #8195, #3348 ),
 ( #7293, #2388 ),
 ( #9063, #835 ),
 ( #10594, #691 ),
 ( #4092, #4855 ) ),
 .UNSPECIFIED., .F., .F., .F.,
 ( 4, 1, 1, 1, 1, 1, 1, 1, 4 ),
 ( 2, 2 ),
 ( 0.000000000000000000, 0.1296557814912656093, 0.2555985868018952334, 0.3796600106850503975, 0.5029810975798848505, 0.6250355794434986345, 0.7478154355860374691, 0.8723066895331670345, 1.000000000000000000 ),
 ( 0.000000000000000000, 1.000000000000000000 ),
 .UNSPECIFIED. ) ;
#4783 = ORIENTED_EDGE ( 'NONE', *, *, #5920, .F. ) ;
#4784 = AXIS2_PLACEMENT_3D ( 'NONE', #3916, #1651, #1756 ) ;
#4785 = EDGE_CURVE ( 'NONE', #3358, #8712, #990, .T. ) ;
#4786 = SURFACE_SIDE_STYLE ('',( #8064 ) ) ;
#4787 = ORIENTED_EDGE ( 'NONE', *, *, #4159, .T. ) ;
#4788 = SURFACE_STYLE_FILL_AREA ( #550 ) ;
#4789 = CARTESIAN_POINT ( 'NONE',  ( 5.620508090911470411, 0.3976647593932680635, -20.60000000000000853 ) ) ;
#4790 = SURFACE_STYLE_FILL_AREA ( #5428 ) ;
#4791 = CARTESIAN_POINT ( 'NONE',  ( -9.999999999999998224, 0.000000000000000000, 8.000000000000000000 ) ) ;
#4792 = DIRECTION ( 'NONE',  ( 3.422125580184505555E-16, 1.000000000000000000, 0.000000000000000000 ) ) ;
#4793 = CARTESIAN_POINT ( 'NONE',  ( 1.600000000000000089, 5.999999999999997335, -8.799999999999998934 ) ) ;
#4794 = ORIENTED_EDGE ( 'NONE', *, *, #8342, .T. ) ;
#4795 = CARTESIAN_POINT ( 'NONE',  ( -4.055981756091821211, -0.01582829070995042664, -20.60000000000000142 ) ) ;
#4796 = COLOUR_RGB ( '',0.007843137254901960675, 0.2392156862745097867, 0.8235294117647058432 ) ;
#4797 = EDGE_LOOP ( 'NONE', ( #8359, #8949, #5999, #7981 ) ) ;
#4798 = DIRECTION ( 'NONE',  ( -1.000000000000000000, 0.000000000000000000, 0.000000000000000000 ) ) ;
#4799 = ADVANCED_FACE ( 'NONE', ( #7185 ), #490, .T. ) ;
#4800 = PRESENTATION_LAYER_ASSIGNMENT (  '', '', ( #5654 ) ) ;
#4801 = CARTESIAN_POINT ( 'NONE',  ( -3.918058988279653931, 0.2279366525938678889, -20.40000000000000568 ) ) ;
#4802 = SURFACE_STYLE_USAGE ( .BOTH. , #685 ) ;
#4803 = CYLINDRICAL_SURFACE ( 'NONE', #537, 0.2000000000000000944 ) ;
#4804 = ORIENTED_EDGE ( 'NONE', *, *, #52, .T. ) ;
#4805 =( NAMED_UNIT ( * ) SI_UNIT ( $, .STERADIAN. ) SOLID_ANGLE_UNIT ( ) );
#4806 = ORIENTED_EDGE ( 'NONE', *, *, #7008, .T. ) ;
#4807 = CARTESIAN_POINT ( 'NONE',  ( 5.065112577143206174, 0.6344933463427816500, -20.39999999999999858 ) ) ;
#4808 = TOROIDAL_SURFACE ( 'NONE', #8769, 0.4000000000000000222, 0.2000000000000000111 ) ;
#4809 =( NAMED_UNIT ( * ) SI_UNIT ( $, .STERADIAN. ) SOLID_ANGLE_UNIT ( ) );
#4810 = ORIENTED_EDGE ( 'NONE', *, *, #7581, .T. ) ;
#4811 = LINE ( 'NONE', #1745, #7780 ) ;
#4812 = ADVANCED_FACE ( 'NONE', ( #1419, #7178 ), #10472, .T. ) ;
#4813 = UNCERTAINTY_MEASURE_WITH_UNIT (LENGTH_MEASURE( 1.000000000000000082E-05 ), #4184, 'distance_accuracy_value', 'NONE');
#4814 = CARTESIAN_POINT ( 'NONE',  ( -5.844139538320139771, -0.3667512949503004549, -20.40000000000000213 ) ) ;
#4815 = ADVANCED_FACE ( 'NONE', ( #7530 ), #1671, .F. ) ;
#4816 = CARTESIAN_POINT ( 'NONE',  ( 0.000000000000000000, 0.000000000000000000, 0.000000000000000000 ) ) ;
#4817 = CARTESIAN_POINT ( 'NONE',  ( 2.799999999999999822, 8.813878188659971968, -2.000000000000000000 ) ) ;
#4818 = ORIENTED_EDGE ( 'NONE', *, *, #8552, .T. ) ;
#4819 = CARTESIAN_POINT ( 'NONE',  ( 4.693506462897730103, 0.2270606048642995201, -20.59999999999999787 ) ) ;
#4820 = FACE_OUTER_BOUND ( 'NONE', #30, .T. ) ;
#4821 = LINE ( 'NONE', #4160, #1181 ) ;
#4822 = CARTESIAN_POINT ( 'NONE',  ( -0.8031721546838700432, -0.7023502265636101249, -20.60000000000000497 ) ) ;
#4823 = DIRECTION ( 'NONE',  ( -1.000000000000000000, 0.000000000000000000, 0.000000000000000000 ) ) ;
#4824 = DIRECTION ( 'NONE',  ( -0.000000000000000000, -0.000000000000000000, -1.000000000000000000 ) ) ;
#4825 = SURFACE_SIDE_STYLE ('',( #7356 ) ) ;
#4826 = LINE ( 'NONE', #2088, #7663 ) ;
#4827 = EDGE_CURVE ( 'NONE', #7593, #4922, #4889, .T. ) ;
#4828 = PLANE ( 'NONE',  #5903 ) ;
#4829 = CARTESIAN_POINT ( 'NONE',  ( -4.931921261583095628, -0.4730855009535428479, -20.40000000000000213 ) ) ;
#4830 = PRESENTATION_LAYER_ASSIGNMENT (  '', '', ( #3445 ) ) ;
#4831 = ORIENTED_EDGE ( 'NONE', *, *, #6469, .F. ) ;
#4832 = CYLINDRICAL_SURFACE ( 'NONE', #4429, 0.9500000000000000666 ) ;
#4833 = ORIENTED_EDGE ( 'NONE', *, *, #2324, .T. ) ;
#4834 = CARTESIAN_POINT ( 'NONE',  ( 5.644019810055005415, 0.3643462222770625369, -20.40000000000000213 ) ) ;
#4835 = CARTESIAN_POINT ( 'NONE',  ( -4.427387773856752418, -0.5856853274837436896, -20.39999999999999858 ) ) ;
#4836 = CARTESIAN_POINT ( 'NONE',  ( 3.200000000000000178, 8.813878188659971968, -2.200000000000000178 ) ) ;
#4837 = SURFACE_STYLE_USAGE ( .BOTH. , #2200 ) ;
#4838 = ADVANCED_FACE ( 'NONE', ( #10006 ), #6772, .F. ) ;
#4839 = PLANE ( 'NONE',  #596 ) ;
#4840 = CARTESIAN_POINT ( 'NONE',  ( -5.874077073028373341, -0.6494766575937690467, -20.40000000000000568 ) ) ;
#4841 = EDGE_LOOP ( 'NONE', ( #10509, #2625, #7241, #9577 ) ) ;
#4842 = AXIS2_PLACEMENT_3D ( 'NONE', #5696, #1722, #123 ) ;
#4843 = DIRECTION ( 'NONE',  ( 0.000000000000000000, 0.000000000000000000, 1.000000000000000000 ) ) ;
#4844 = ORIENTED_EDGE ( 'NONE', *, *, #447, .F. ) ;
#4845 = CARTESIAN_POINT ( 'NONE',  ( -5.576984191156757475, 0.4660101833160233964, -20.40000000000000213 ) ) ;
#4846 = VECTOR ( 'NONE', #8705, 1000.000000000000114 ) ;
#4847 =( NAMED_UNIT ( * ) PLANE_ANGLE_UNIT ( ) SI_UNIT ( $, .RADIAN. ) );
#4848 = FACE_OUTER_BOUND ( 'NONE', #4391, .T. ) ;
#4849 = FACE_OUTER_BOUND ( 'NONE', #7009, .T. ) ;
#4850 = PRESENTATION_LAYER_ASSIGNMENT (  '', '', ( #9491 ) ) ;
#4851 = EDGE_LOOP ( 'NONE', ( #9709, #6355, #7340, #3157 ) ) ;
#4852 = EDGE_LOOP ( 'NONE', ( #2500, #1672, #1628, #4506 ) ) ;
#4853 = AXIS2_PLACEMENT_3D ( 'NONE', #6256, #5459, #3098 ) ;
#4854 = EDGE_CURVE ( 'NONE', #7097, #9767, #2537, .T. ) ;
#4855 = CARTESIAN_POINT ( 'NONE',  ( -5.672560489858056165, -0.6364654660346259485, -20.60000000000000142 ) ) ;
#4856 = SURFACE_SIDE_STYLE ('',( #6577 ) ) ;
#4857 = ORIENTED_EDGE ( 'NONE', *, *, #1154, .T. ) ;
#4858 = AXIS2_PLACEMENT_3D ( 'NONE', #10058, #2575, #3334 ) ;
#4859 = CARTESIAN_POINT ( 'NONE',  ( -7.869140320336472705, 5.213878188659970547, -2.200000000000000178 ) ) ;
#4860 = CARTESIAN_POINT ( 'NONE',  ( 5.558976093449516931, -0.6065495339966482380, -20.40000000000000568 ) ) ;
#4861 = DIRECTION ( 'NONE',  ( -0.000000000000000000, -0.000000000000000000, 1.000000000000000000 ) ) ;
#4862 = CARTESIAN_POINT ( 'NONE',  ( 5.208861365725192094, 0.4641507340686528149, -20.60000000000000497 ) ) ;
#4863 = CARTESIAN_POINT ( 'NONE',  ( -0.8141044096172369571, 0.5421735837692379656, -20.39999999999999858 ) ) ;
#4864 = VERTEX_POINT ( 'NONE', #925 ) ;
#4865 = ORIENTED_EDGE ( 'NONE', *, *, #9970, .T. ) ;
#4866 = LINE ( 'NONE', #8153, #10155 ) ;
#4867 = CIRCLE ( 'NONE', #3667, 0.2000000000000000944 ) ;
#4868 = EDGE_CURVE ( 'NONE', #5724, #3027, #4187, .T. ) ;
#4869 = CIRCLE ( 'NONE', #6409, 0.9500000000000000666 ) ;
#4870 = CARTESIAN_POINT ( 'NONE',  ( -4.237916715180696237, -0.06092787787667027638, -20.60000000000000497 ) ) ;
#4871 = DIRECTION ( 'NONE',  ( -1.000000000000000000, -0.000000000000000000, -0.000000000000000000 ) ) ;
#4872 = DIRECTION ( 'NONE',  ( -0.000000000000000000, -0.000000000000000000, 1.000000000000000000 ) ) ;
#4873 = CARTESIAN_POINT ( 'NONE',  ( -0.5123475382979791881, 7.599999999999996980, -8.799999999999998934 ) ) ;
#4874 = CARTESIAN_POINT ( 'NONE',  ( -0.8846662068083009922, -0.02689491587713456131, -20.60000000000000142 ) ) ;
#4875 = MECHANICAL_DESIGN_GEOMETRIC_PRESENTATION_REPRESENTATION (  '', ( #2800 ), #82 ) ;
#4876 = CARTESIAN_POINT ( 'NONE',  ( 0.000000000000000000, 0.000000000000000000, -8.799999999999998934 ) ) ;
#4877 = PRESENTATION_STYLE_ASSIGNMENT (( #5844 ) ) ;
#4878 = ORIENTED_EDGE ( 'NONE', *, *, #7979, .F. ) ;
#4879 = CARTESIAN_POINT ( 'NONE',  ( 6.599999999999999645, 1.599999999999998757, 0.000000000000000000 ) ) ;
#4880 = ADVANCED_FACE ( 'NONE', ( #3382 ), #2181, .T. ) ;
#4881 = CARTESIAN_POINT ( 'NONE',  ( -0.05091048096561143210, -0.01427628887426045205, -20.39999999999999503 ) ) ;
#4882 = EDGE_CURVE ( 'NONE', #6664, #5043, #6613, .T. ) ;
#4883 = AXIS2_PLACEMENT_3D ( 'NONE', #2443, #8200, #5670 ) ;
#4884 = VERTEX_POINT ( 'NONE', #7832 ) ;
#4885 = SURFACE_SIDE_STYLE ('',( #3120 ) ) ;
#4886 = CARTESIAN_POINT ( 'NONE',  ( 8.069140320336472882, -4.813878188659971080, -20.40000000000000213 ) ) ;
#4887 = CARTESIAN_POINT ( 'NONE',  ( -3.935750424922990209, 0.3926538521471922838, -20.60000000000000142 ) ) ;
#4888 = PLANE ( 'NONE',  #2950 ) ;
#4889 = LINE ( 'NONE', #8331, #7348 ) ;
#4890 = CARTESIAN_POINT ( 'NONE',  ( -5.766850474156020034, -0.7669157757051497937, -20.40000000000000568 ) ) ;
#4891 = ORIENTED_EDGE ( 'NONE', *, *, #5488, .F. ) ;
#4892 = DIRECTION ( 'NONE',  ( 0.000000000000000000, -1.000000000000000000, 0.000000000000000000 ) ) ;
#4893 = CARTESIAN_POINT ( 'NONE',  ( 5.110271900395567002, 0.6403866722349170759, -20.40000000000000213 ) ) ;
#4894 = EDGE_CURVE ( 'NONE', #5443, #6094, #5340, .T. ) ;
#4895 = ORIENTED_EDGE ( 'NONE', *, *, #4417, .T. ) ;
#4896 = PRESENTATION_STYLE_ASSIGNMENT (( #3388 ) ) ;
#4897 = CARTESIAN_POINT ( 'NONE',  ( -0.06988951610561722205, -0.4884423965068691587, -20.39999999999999503 ) ) ;
#4898 = SURFACE_STYLE_USAGE ( .BOTH. , #5759 ) ;
#4899 = DIRECTION ( 'NONE',  ( -0.000000000000000000, -0.000000000000000000, -1.000000000000000000 ) ) ;
#4900 = B_SPLINE_CURVE_WITH_KNOTS ( 'NONE', 3,
 ( #2306, #4557, #496, #10389, #10507, #2082, #8714, #6991, #3000, #2192, #5367, #6220, #5581, #8655, #4616, #3754, #5476, #4728, #10334 ),
 .UNSPECIFIED., .F., .F.,
 ( 4, 1, 1, 1, 1, 1, 1, 1, 1, 1, 1, 1, 1, 1, 1, 1, 4 ),
 ( 0.000000000000000000, 0.07801346776165428432, 0.1522613115028609021, 0.2235950849127216755, 0.2920151760112269512, 0.3581992150092980220, 0.4226018728230281907, 0.4858478281162502133, 0.5492399402237552186, 0.6108689457109033327, 0.6696739721897639885, 0.7262941610749205079, 0.7815304091910882933, 0.8356122477895496781, 0.8896006672793732584, 0.9444145362814085898, 0.9999999999999998890 ),
 .UNSPECIFIED. ) ;
#4901 = DIRECTION ( 'NONE',  ( 0.000000000000000000, -1.000000000000000000, -0.000000000000000000 ) ) ;
#4902 = CARTESIAN_POINT ( 'NONE',  ( -4.201676895659563371, 0.03642325222388206191, -20.40000000000000213 ) ) ;
#4903 = DIRECTION ( 'NONE',  ( -0.000000000000000000, 0.000000000000000000, 1.000000000000000000 ) ) ;
#4904 = ORIENTED_EDGE ( 'NONE', *, *, #6862, .F. ) ;
#4905 = EDGE_LOOP ( 'NONE', ( #8047, #7188, #3742, #8350, #1754, #4078, #4951, #4491, #7803, #8150, #4030, #9602, #8131, #8792, #3600 ) ) ;
#4906 = CARTESIAN_POINT ( 'NONE',  ( -5.562092082767762236, -0.7010883149031290618, -20.40000000000000924 ) ) ;
#4907 = VECTOR ( 'NONE', #9341, 1000.000000000000000 ) ;
#4908 = ORIENTED_EDGE ( 'NONE', *, *, #9635, .F. ) ;
#4909 = CARTESIAN_POINT ( 'NONE',  ( -0.5175010572574754164, 0.4660101833160236184, -20.40000000000000213 ) ) ;
#4910 = UNCERTAINTY_MEASURE_WITH_UNIT (LENGTH_MEASURE( 1.000000000000000082E-05 ), #9836, 'distance_accuracy_value', 'NONE');
#4911 = CARTESIAN_POINT ( 'NONE',  ( 1.112900401559039798, 0.3128797459651008750, -20.60000000000001208 ) ) ;
#4912 = DIRECTION ( 'NONE',  ( 0.000000000000000000, 1.000000000000000000, 0.000000000000000000 ) ) ;
#4913 = FILL_AREA_STYLE ('',( #3149 ) ) ;
#4914 = FILL_AREA_STYLE ('',( #947 ) ) ;
#4915 = EDGE_CURVE ( 'NONE', #2026, #8035, #6126, .T. ) ;
#4916 = VERTEX_POINT ( 'NONE', #8649 ) ;
#4917 = ORIENTED_EDGE ( 'NONE', *, *, #7886, .T. ) ;
#4918 = COLOUR_RGB ( '',1.000000000000000000, 1.000000000000000000, 1.000000000000000000 ) ;
#4919 = MECHANICAL_DESIGN_GEOMETRIC_PRESENTATION_REPRESENTATION (  '', ( #2351 ), #9220 ) ;
#4920 = COLOUR_RGB ( '',1.000000000000000000, 1.000000000000000000, 1.000000000000000000 ) ;
#4921 = SURFACE_SIDE_STYLE ('',( #9024 ) ) ;
#4922 = VERTEX_POINT ( 'NONE', #6010 ) ;
#4923 = CARTESIAN_POINT ( 'NONE',  ( -0.3177162697746929720, -0.8936346066552310896, -20.60000000000001563 ) ) ;
#4924 = DIRECTION ( 'NONE',  ( -1.000000000000000000, 0.000000000000000000, 0.000000000000000000 ) ) ;
#4925 = VECTOR ( 'NONE', #3676, 1000.000000000000000 ) ;
#4926 = VECTOR ( 'NONE', #9366, 1000.000000000000000 ) ;
#4927 = CARTESIAN_POINT ( 'NONE',  ( 3.400000000000000355, 1.599999999999998535, 0.000000000000000000 ) ) ;
#4928 = PRESENTATION_LAYER_ASSIGNMENT (  '', '', ( #6286 ) ) ;
#4929 =( LENGTH_UNIT ( ) NAMED_UNIT ( * ) SI_UNIT ( .MILLI., .METRE. ) );
#4930 = EDGE_CURVE ( 'NONE', #7326, #665, #4584, .T. ) ;
#4931 = CARTESIAN_POINT ( 'NONE',  ( -3.825563736611302001, 0.6218543391601795145, -20.40000000000000213 ) ) ;
#4932 = PLANE ( 'NONE',  #967 ) ;
#4933 = ORIENTED_EDGE ( 'NONE', *, *, #1928, .T. ) ;
#4934 = CARTESIAN_POINT ( 'NONE',  ( 0.000000000000000000, 0.000000000000000000, -8.799999999999998934 ) ) ;
#4935 = CARTESIAN_POINT ( 'NONE',  ( -0.1232558407599520650, 0.1881299603602062387, -20.40000000000000213 ) ) ;
#4936 = PRESENTATION_LAYER_ASSIGNMENT (  '', '', ( #1331 ) ) ;
#4937 = VECTOR ( 'NONE', #3588, 1000.000000000000000 ) ;
#4938 = ORIENTED_EDGE ( 'NONE', *, *, #3750, .F. ) ;
#4939 = CARTESIAN_POINT ( 'NONE',  ( -5.558474498344512682, 0.4653832460872163179, -20.60000000000000497 ) ) ;
#4940 = CARTESIAN_POINT ( 'NONE',  ( -5.819252872969022050, -0.4366939112938671430, -20.60000000000000853 ) ) ;
#4941 = CARTESIAN_POINT ( 'NONE',  ( 5.604507621462593292, -0.5410812290118283130, -20.60000000000000142 ) ) ;
#4942 = FACE_BOUND ( 'NONE', #3431, .T. ) ;
#4943 = CARTESIAN_POINT ( 'NONE',  ( 0.5661028388464206529, -0.2572041023982621910, -20.40000000000000213 ) ) ;
#4944 = FACE_OUTER_BOUND ( 'NONE', #10376, .T. ) ;
#4945 = EDGE_CURVE ( 'NONE', #8231, #3523, #9248, .T. ) ;
#4946 = DIRECTION ( 'NONE',  ( -0.000000000000000000, -1.000000000000000000, -0.000000000000000000 ) ) ;
#4947 = VECTOR ( 'NONE', #6119, 1000.000000000000000 ) ;
#4948 = B_SPLINE_CURVE_WITH_KNOTS ( 'NONE', 3,
 ( #9440, #2227, #2922, #4760, #3902, #3147, #3033, #6198, #2061, #1375, #1261, #2114, #1316, #5344, #3846, #7816, #4592, #7872, #527, #3792, #7078, #9596, #10369, #4648, #7927, #2979, #585 ),
 .UNSPECIFIED., .F., .F.,
 ( 4, 1, 1, 1, 1, 1, 1, 1, 1, 1, 1, 1, 1, 1, 1, 1, 1, 1, 1, 1, 1, 1, 1, 1, 4 ),
 ( 0.000000000000000000, 0.03017189740256531749, 0.06028579483564457109, 0.09079158044264615257, 0.1217258672919762363, 0.1536467519256786429, 0.1864902164124224992, 0.2204240369526234700, 0.2557360757735925860, 0.2922465881880161875, 0.3298997158453732537, 0.3689446435282177084, 0.4098131063339448543, 0.4517974461427172184, 0.4962355124154630981, 0.5427163851650915749, 0.5912080977607994114, 0.6409921726088014804, 0.6908897332166079597, 0.7409303304643596322, 0.7915755958029809802, 0.8423466024231944793, 0.8940170981538025918, 0.9467504362012000296, 1.000000000000000000 ),
 .UNSPECIFIED. ) ;
#4949 = EDGE_CURVE ( 'NONE', #3985, #7264, #4552, .T. ) ;
#4950 = ORIENTED_EDGE ( 'NONE', *, *, #6517, .T. ) ;
#4951 = ORIENTED_EDGE ( 'NONE', *, *, #2122, .F. ) ;
#4952 = CARTESIAN_POINT ( 'NONE',  ( -5.264250758855396839, -0.8758663848790338990, -20.39999999999999503 ) ) ;
#4953 = VECTOR ( 'NONE', #9667, 1000.000000000000227 ) ;
#4954 = FACE_OUTER_BOUND ( 'NONE', #1537, .T. ) ;
#4955 = FILL_AREA_STYLE_COLOUR ( '', #9538 ) ;
#4956 = EDGE_CURVE ( 'NONE', #10335, #2295, #1119, .T. ) ;
#4957 = CARTESIAN_POINT ( 'NONE',  ( -3.935750424922990209, 0.3926538521471922838, -20.40000000000000213 ) ) ;
#4958 = VERTEX_POINT ( 'NONE', #7788 ) ;
#4959 = ORIENTED_EDGE ( 'NONE', *, *, #6339, .F. ) ;
#4960 = CARTESIAN_POINT ( 'NONE',  ( -4.913924270855972054, -0.2288753676450995533, -20.40000000000000213 ) ) ;
#4961 = CARTESIAN_POINT ( 'NONE',  ( -5.421628391060912655, -0.7219590972643672444, -20.60000000000000142 ) ) ;
#4962 = CARTESIAN_POINT ( 'NONE',  ( -5.764866246995396182, 0.4066452093404372414, -20.59999999999999787 ) ) ;
#4963 = STYLED_ITEM ( 'NONE', ( #3359 ), #6660 ) ;
#4964 = CARTESIAN_POINT ( 'NONE',  ( 1.154171020664602754, 0.03713437162771186795, -20.39999999999999858 ) ) ;
#4965 = DIRECTION ( 'NONE',  ( -0.000000000000000000, -0.000000000000000000, -1.000000000000000000 ) ) ;
#4966 = FACE_OUTER_BOUND ( 'NONE', #7969, .T. ) ;
#4967 = EDGE_CURVE ( 'NONE', #1268, #6951, #7736, .T. ) ;
#4968 = CARTESIAN_POINT ( 'NONE',  ( -0.5226755702444884077, 0.6413348586406991680, -20.40000000000000213 ) ) ;
#4969 = ORIENTED_EDGE ( 'NONE', *, *, #8166, .F. ) ;
#4970 = VERTEX_POINT ( 'NONE', #2886 ) ;
#4971 = CIRCLE ( 'NONE', #3936, 0.1999999999999996503 ) ;
#4972 = CARTESIAN_POINT ( 'NONE',  ( 4.999858656002059476, -0.5792644667924343738, -20.60000000000000497 ) ) ;
#4973 = FILL_AREA_STYLE ('',( #3258 ) ) ;
#4974 = CARTESIAN_POINT ( 'NONE',  ( -1.040735635179553142, -0.02648169980085948033, -20.60000000000000142 ) ) ;
#4975 = ORIENTED_EDGE ( 'NONE', *, *, #3131, .T. ) ;
#4976 = CARTESIAN_POINT ( 'NONE',  ( -0.2843173928013169038, -0.8872969924675326858, -20.60000000000000142 ) ) ;
#4977 = FACE_OUTER_BOUND ( 'NONE', #4022, .T. ) ;
#4978 = VECTOR ( 'NONE', #9645, 1000.000000000000000 ) ;
#4979 = DIRECTION ( 'NONE',  ( -1.000000000000000000, -3.422125580184494708E-16, 0.000000000000000000 ) ) ;
#4980 = FACE_OUTER_BOUND ( 'NONE', #7822, .T. ) ;
#4981 =( NAMED_UNIT ( * ) PLANE_ANGLE_UNIT ( ) SI_UNIT ( $, .RADIAN. ) );
#4982 = DIRECTION ( 'NONE',  ( 1.000000000000000000, -0.000000000000000000, -0.000000000000000000 ) ) ;
#4983 = CARTESIAN_POINT ( 'NONE',  ( 5.168855100262184088, -0.7010883149031289507, -20.40000000000000213 ) ) ;
#4984 = EDGE_LOOP ( 'NONE', ( #2977, #6748, #5913, #6259 ) ) ;
#4985 = FILL_AREA_STYLE ('',( #7415 ) ) ;
#4986 = CARTESIAN_POINT ( 'NONE',  ( 1.314580923262005152, -0.8781456608398205965, -20.60000000000000142 ) ) ;
#4987 = AXIS2_PLACEMENT_3D ( 'NONE', #3083, #5495, #629 ) ;
#4988 = ORIENTED_EDGE ( 'NONE', *, *, #4687, .T. ) ;
#4989 = ADVANCED_FACE ( 'NONE', ( #439 ), #3385, .F. ) ;
#4990 = CARTESIAN_POINT ( 'NONE',  ( 0.000000000000000000, -8.813878188659971968, -20.40000000000000213 ) ) ;
#4991 = CARTESIAN_POINT ( 'NONE',  ( -4.444044418699836463, -0.4540927025679677431, -20.40000000000000568 ) ) ;
#4992 = DIRECTION ( 'NONE',  ( -0.000000000000000000, -0.000000000000000000, 1.000000000000000000 ) ) ;
#4993 = CARTESIAN_POINT ( 'NONE',  ( 5.473270694467168518, -0.6774171461613889278, -20.59999999999999787 ) ) ;
#4994 = DIRECTION ( 'NONE',  ( 1.000000000000000000, 0.000000000000000000, 0.000000000000000000 ) ) ;
#4995 = DIRECTION ( 'NONE',  ( -0.000000000000000000, -0.000000000000000000, -1.000000000000000000 ) ) ;
#4997 = DIRECTION ( 'NONE',  ( 0.000000000000000000, 0.000000000000000000, -1.000000000000000000 ) ) ;
#4996 = AXIS2_PLACEMENT_3D ( 'NONE', #1645, #6478, #4155 ) ;
#4998 = CARTESIAN_POINT ( 'NONE',  ( -5.848493931416497205, -0.3521716348657946694, -20.40000000000000213 ) ) ;
#4999 = ORIENTED_EDGE ( 'NONE', *, *, #277, .F. ) ;
#5000 = DIRECTION ( 'NONE',  ( -1.000000000000000000, 0.000000000000000000, 0.000000000000000000 ) ) ;
#5001 = ORIENTED_EDGE ( 'NONE', *, *, #2315, .F. ) ;
#5002 = PRESENTATION_LAYER_ASSIGNMENT (  '', '', ( #9641 ) ) ;
#5003 = ADVANCED_FACE ( 'NONE', ( #281 ), #1922, .T. ) ;
#5004 = CARTESIAN_POINT ( 'NONE',  ( -5.089681139739189675, -0.7743727589100393160, -20.39999999999999503 ) ) ;
#5005 = CARTESIAN_POINT ( 'NONE',  ( -3.943520586815386864, 0.3622782971212067382, -20.39999999999999858 ) ) ;
#5006 = EDGE_CURVE ( 'NONE', #4405, #8946, #9613, .T. ) ;
#5007 = DIRECTION ( 'NONE',  ( -6.776263578034403945E-17, 1.000000000000000000, 0.000000000000000000 ) ) ;
#5008 = CARTESIAN_POINT ( 'NONE',  ( -2.400000000000000355, 0.7999999999999984901, -18.59999999999999787 ) ) ;
#5009 = CARTESIAN_POINT ( 'NONE',  ( -5.997367686402063747, -0.3930413005237483048, -20.59999999999999787 ) ) ;
#5010 = PLANE ( 'NONE',  #5045 ) ;
#5011 = FACE_OUTER_BOUND ( 'NONE', #8859, .T. ) ;
#5012 = EDGE_LOOP ( 'NONE', ( #1025, #3010, #3958, #16 ) ) ;
#5013 = AXIS2_PLACEMENT_3D ( 'NONE', #4073, #9095, #69 ) ;
#5014 = ORIENTED_EDGE ( 'NONE', *, *, #465, .T. ) ;
#5015 = FACE_OUTER_BOUND ( 'NONE', #3881, .T. ) ;
#5016 = EDGE_CURVE ( 'NONE', #10359, #8218, #5470, .T. ) ;
#5017 = CARTESIAN_POINT ( 'NONE',  ( -2.799999999999999378, 5.213878188659972324, -20.60000000000000142 ) ) ;
#5018 = B_SPLINE_SURFACE_WITH_KNOTS ( 'NONE', 3, 1, ( 
 ( #3550, #1291 ),
 ( #8668, #3074 ),
 ( #9417, #5538 ),
 ( #3875, #4737 ),
 ( #7908, #5486 ),
 ( #10346, #1465 ),
 ( #6179, #4626 ),
 ( #6127, #561 ),
 ( #9576, #3009 ),
 ( #2205, #8016 ),
 ( #4568, #7058 ) ),
 .UNSPECIFIED., .F., .F., .F.,
 ( 4, 1, 1, 1, 1, 1, 1, 1, 4 ),
 ( 2, 2 ),
 ( 0.000000000000000000, 0.1366324269812451697, 0.2676861219659234514, 0.3924633192238953239, 0.5144904340826531586, 0.6343216705865311056, 0.7541182771205581226, 0.8757281555217412139, 1.000000000000000000 ),
 ( 0.000000000000000000, 1.000000000000000000 ),
 .UNSPECIFIED. ) ;
#5019 = ADVANCED_FACE ( 'NONE', ( #3058 ), #3164, .T. ) ;
#5020 = VECTOR ( 'NONE', #8581, 1000.000000000000227 ) ;
#5021 = CARTESIAN_POINT ( 'NONE',  ( -0.2346130666255627772, 0.3383630340438485429, -20.40000000000000568 ) ) ;
#5022 = UNCERTAINTY_MEASURE_WITH_UNIT (LENGTH_MEASURE( 1.000000000000000082E-05 ), #10150, 'distance_accuracy_value', 'NONE');
#5023 = DIRECTION ( 'NONE',  ( -0.000000000000000000, -0.000000000000000000, -1.000000000000000000 ) ) ;
#5024 = SURFACE_SIDE_STYLE ('',( #3737 ) ) ;
#5025 = VECTOR ( 'NONE', #1669, 1000.000000000000114 ) ;
#5026 = CARTESIAN_POINT ( 'NONE',  ( 1.500000000000000000, -9.375835069691863310, -2.000000000000000000 ) ) ;
#5027 =( GEOMETRIC_REPRESENTATION_CONTEXT ( 3 ) GLOBAL_UNCERTAINTY_ASSIGNED_CONTEXT ( ( #8582 ) ) GLOBAL_UNIT_ASSIGNED_CONTEXT ( ( #1546, #2343, #5620 ) ) REPRESENTATION_CONTEXT ( 'NONE', 'WORKASPACE' ) );
#5028 = VERTEX_POINT ( 'NONE', #5636 ) ;
#5029 = CARTESIAN_POINT ( 'NONE',  ( 0.6735500791061610482, -0.8781456608398205965, -20.40000000000000213 ) ) ;
#5030 =( NAMED_UNIT ( * ) SI_UNIT ( $, .STERADIAN. ) SOLID_ANGLE_UNIT ( ) );
#5031 = EDGE_CURVE ( 'NONE', #6750, #6284, #6639, .T. ) ;
#5032 = VECTOR ( 'NONE', #9015, 1000.000000000000000 ) ;
#5033 = AXIS2_PLACEMENT_3D ( 'NONE', #3490, #5818, #1732 ) ;
#5034 = CARTESIAN_POINT ( 'NONE',  ( 0.6294349029147542351, -0.6226459935238828347, -20.39999999999999858 ) ) ;
#5035 = ORIENTED_EDGE ( 'NONE', *, *, #2247, .T. ) ;
#5036 = CARTESIAN_POINT ( 'NONE',  ( 0.6224137154697974017, -0.6510758556450154666, -20.40000000000000213 ) ) ;
#5037 = DIRECTION ( 'NONE',  ( -0.000000000000000000, -0.000000000000000000, -1.000000000000000000 ) ) ;
#5038 = CARTESIAN_POINT ( 'NONE',  ( -5.861881176092964552, 0.5476112400182272522, -20.40000000000000568 ) ) ;
#5039 = DIRECTION ( 'NONE',  ( 0.000000000000000000, -1.000000000000000000, 0.000000000000000000 ) ) ;
#5040 = PRESENTATION_STYLE_ASSIGNMENT (( #6543 ) ) ;
#5041 = AXIS2_PLACEMENT_3D ( 'NONE', #10272, #4446, #7042 ) ;
#5042 = VECTOR ( 'NONE', #8829, 1000.000000000000000 ) ;
#5043 = VERTEX_POINT ( 'NONE', #2302 ) ;
#5044 =( NAMED_UNIT ( * ) PLANE_ANGLE_UNIT ( ) SI_UNIT ( $, .RADIAN. ) );
#5045 = AXIS2_PLACEMENT_3D ( 'NONE', #2327, #1583, #1632 ) ;
#5046 = CARTESIAN_POINT ( 'NONE',  ( -4.216339857261896640, -0.003025269870173122929, -20.59999999999999787 ) ) ;
#5047 = CARTESIAN_POINT ( 'NONE',  ( -0.02933223892871770697, -0.1721172489457868382, -20.39999999999999858 ) ) ;
#5048 = ORIENTED_EDGE ( 'NONE', *, *, #989, .F. ) ;
#5049 = CARTESIAN_POINT ( 'NONE',  ( -4.419110814533379283, -0.6510758556450154666, -20.60000000000000142 ) ) ;
#5050 = FACE_OUTER_BOUND ( 'NONE', #9522, .T. ) ;
#5051 = PRESENTATION_LAYER_ASSIGNMENT (  '', '', ( #8311 ) ) ;
#5052 = CARTESIAN_POINT ( 'NONE',  ( -5.672560489858056165, -0.6364654660346259485, -20.60000000000000142 ) ) ;
#5053 = CARTESIAN_POINT ( 'NONE',  ( 5.371996046325935303, -0.7157029552997900002, -20.59999999999999076 ) ) ;
#5054 = DIRECTION ( 'NONE',  ( 0.000000000000000000, 0.000000000000000000, 1.000000000000000000 ) ) ;
#5055 = CLOSED_SHELL ( 'NONE', ( #4752, #404, #2045, #8686, #1846, #6660, #8423, #6269, #1835, #9179, #6371, #6836, #8408, #8486, #1015, #3163, #5758, #4084, #6289, #4406, #8399, #6445, #3259, #10275, #4284, #2071, #1660, #10495, #2653, #9036, #2197, #5477, #6398, #1864, #5003, #3350, #3537, #183, #3238, #7750, #749, #9101, #5378, #8842, #8384, #3564, #10413, #9959, #6924, #9047, #10133, #4523, #493, #8236, #2104, #8048, #6240, #890, #3492, #9752, #10581, #9685, #10003, #4117, #7758, #5688, #3479, #7207, #9814, #8904, #8566, #3443, #93, #4676, #3687, #506, #2164, #10226, #8488, #4582, #10300, #5193, #3104, #10213, #9125, #7038, #1471, #10322, #6060, #297, #4838, #3906, #1607, #1204, #4812, #5968, #2217, #8964, #9928, #580, #5206, #416, #4028, #8438, #1630, #1128, #2498, #27, #1962, #5546, #4349, #7311, #1744, #4361, #7729, #5731, #4727, #5069, #2385, #3179, #8355, #96, #4017, #7811, #2056, #2511, #3740, #4237, #2105, #9816, #2644, #3688, #7914, #5522, #6942, #8753, #1469, #5281, #3309, #2373, #3117, #9423, #4989, #5732, #9167, #309, #169, #608, #6708, #7497, #4628, #8765, #247, #6612, #557, #8189, #4196, #3816, #3376, #4286, #7164, #2474, #9025, #5267, #6433, #3765, #4815, #10589, #1530, #9798, #4346, #10403, #8026, #8815, #4880, #1328, #8568, #517, #2384, #3776, #4799, #8352, #5178, #6731, #9687, #7628, #6108, #2272, #8154, #2358, #5077, #5778, #6455, #8843, #1862, #928, #8227, #556, #432, #3432, #5648, #9159, #6159, #2845, #938, #5822, #3715, #3235, #2043, #9890, #4548, #5104, #8295, #1777, #7064, #734, #7255, #3177, #10087, #6777, #9481, #2713, #2426, #4174, #5863, #3223, #1817, #4222, #9499, #8107, #5353, #7124, #5019, #2409, #5136, #6546, #7302, #8366, #2153, #9459, #10647, #5149, #878, #10634, #8282, #6534 ) ) ;
#5056 = FILL_AREA_STYLE_COLOUR ( '', #7104 ) ;
#5057 = DIRECTION ( 'NONE',  ( -1.000000000000000000, 0.000000000000000000, -0.000000000000000000 ) ) ;
#5058 = CARTESIAN_POINT ( 'NONE',  ( 1.314580923262005152, -0.8781456608398205965, -20.40000000000000213 ) ) ;
#5059 = ORIENTED_EDGE ( 'NONE', *, *, #9635, .T. ) ;
#5060 = EDGE_CURVE ( 'NONE', #5478, #9330, #6373, .T. ) ;
#5061 = AXIS2_PLACEMENT_3D ( 'NONE', #7931, #589, #3850 ) ;
#5062 = EDGE_LOOP ( 'NONE', ( #9595, #7839, #2555 ) ) ;
#5063 = FACE_OUTER_BOUND ( 'NONE', #10023, .T. ) ;
#5064 = CARTESIAN_POINT ( 'NONE',  ( 0.5661028388464206529, -0.2572041023982621910, -20.60000000000000142 ) ) ;
#5065 = CARTESIAN_POINT ( 'NONE',  ( -5.000000000000000000, 2.399999999999998579, -18.59999999999999787 ) ) ;
#5066 = CARTESIAN_POINT ( 'NONE',  ( 0.1186436008096524025, -0.3883216522851585251, -20.39999999999999858 ) ) ;
#5067 = DIRECTION ( 'NONE',  ( 1.355252715606880789E-16, 1.000000000000000000, 0.000000000000000000 ) ) ;
#5068 = FACE_OUTER_BOUND ( 'NONE', #1109, .T. ) ;
#5069 = ADVANCED_FACE ( 'NONE', ( #6601 ), #9885, .F. ) ;
#5070 = LINE ( 'NONE', #7547, #6911 ) ;
#5071 = ORIENTED_EDGE ( 'NONE', *, *, #80, .T. ) ;
#5072 = DIRECTION ( 'NONE',  ( -0.000000000000000000, -0.000000000000000000, -1.000000000000000000 ) ) ;
#5073 = ORIENTED_EDGE ( 'NONE', *, *, #354, .T. ) ;
#5074 = DIRECTION ( 'NONE',  ( 0.000000000000000000, 0.000000000000000000, -1.000000000000000000 ) ) ;
#5075 = AXIS2_PLACEMENT_3D ( 'NONE', #4033, #4901, #8954 ) ;
#5076 = CARTESIAN_POINT ( 'NONE',  ( 5.153962991873187960, 0.4660101833160235074, -20.60000000000000142 ) ) ;
#5077 = ADVANCED_FACE ( 'NONE', ( #1708 ), #8320, .T. ) ;
#5078 = EDGE_CURVE ( 'NONE', #2480, #1929, #6491, .T. ) ;
#5079 = ORIENTED_EDGE ( 'NONE', *, *, #3016, .F. ) ;
#5080 = B_SPLINE_CURVE_WITH_KNOTS ( 'NONE', 3,
 ( #6715, #865, #4122, #1063, #4341, #9039, #2471, #4941, #7421, #9892, #5805, #1719, #4993, #6668, #1771, #5053, #965, #4234, #3427 ),
 .UNSPECIFIED., .F., .F.,
 ( 4, 1, 1, 1, 1, 1, 1, 1, 1, 1, 1, 1, 1, 1, 1, 1, 4 ),
 ( 0.000000000000000000, 0.08345474964106196214, 0.1621783171746932206, 0.2365543526416956643, 0.3060362957610694434, 0.3721433051031843853, 0.4353069073502169872, 0.4959954628838158519, 0.5550540383918988185, 0.6124235354287114186, 0.6680602449860757464, 0.7223456097140961152, 0.7764662350986211159, 0.8302753946904621873, 0.8851956525464672598, 0.9417221263869647307, 0.9999999999999998890 ),
 .UNSPECIFIED. ) ;
#5081 =( LENGTH_UNIT ( ) NAMED_UNIT ( * ) SI_UNIT ( .MILLI., .METRE. ) );
#5082 = ORIENTED_EDGE ( 'NONE', *, *, #9694, .T. ) ;
#5083 = COLOUR_RGB ( '',1.000000000000000000, 1.000000000000000000, 1.000000000000000000 ) ;
#5084 = FILL_AREA_STYLE ('',( #6799 ) ) ;
#5085 = ORIENTED_EDGE ( 'NONE', *, *, #5583, .F. ) ;
#5086 = CARTESIAN_POINT ( 'NONE',  ( -0.3520565900163256656, -0.8968199304446476949, -20.59999999999999432 ) ) ;
#5087 = CARTESIAN_POINT ( 'NONE',  ( 5.312399405978743161, 0.4365324966872953238, -20.59999999999999787 ) ) ;
#5088 = LINE ( 'NONE', #2658, #5020 ) ;
#5089 = CARTESIAN_POINT ( 'NONE',  ( 5.156702439925135550, 0.6413348586406989460, -20.40000000000000213 ) ) ;
#5090 = CARTESIAN_POINT ( 'NONE',  ( -0.3869207001146183211, -0.8976261803203399170, -20.39999999999999858 ) ) ;
#5091 = PRESENTATION_STYLE_ASSIGNMENT (( #4170 ) ) ;
#5092 = VECTOR ( 'NONE', #9029, 1000.000000000000000 ) ;
#5093 = EDGE_CURVE ( 'NONE', #441, #4670, #10619, .T. ) ;
#5094 = VECTOR ( 'NONE', #723, 1000.000000000000000 ) ;
#5095 = ORIENTED_EDGE ( 'NONE', *, *, #4488, .F. ) ;
#5096 = CARTESIAN_POINT ( 'NONE',  ( -4.325087241791853998, -0.3134729148494546092, -20.40000000000000213 ) ) ;
#5097 = CARTESIAN_POINT ( 'NONE',  ( 5.229507169104357089, 0.6375778765869610787, -20.60000000000000142 ) ) ;
#5098 = VERTEX_POINT ( 'NONE', #2613 ) ;
#5099 = AXIS2_PLACEMENT_3D ( 'NONE', #6111, #2028, #8603 ) ;
#5100 = CARTESIAN_POINT ( 'NONE',  ( -1.040735635179553364, -0.02648169980085948033, -20.60000000000000853 ) ) ;
#5101 = SURFACE_SIDE_STYLE ('',( #1822 ) ) ;
#5102 = FACE_OUTER_BOUND ( 'NONE', #6677, .T. ) ;
#5103 = CARTESIAN_POINT ( 'NONE',  ( 7.400000000000000355, 0.7999999999999987121, -18.59999999999999787 ) ) ;
#5104 = ADVANCED_FACE ( 'NONE', ( #4114 ), #4322, .T. ) ;
#5105 = ORIENTED_EDGE ( 'NONE', *, *, #7877, .F. ) ;
#5106 = AXIS2_PLACEMENT_3D ( 'NONE', #587, #4762, #10316 ) ;
#5107 = FACE_OUTER_BOUND ( 'NONE', #3118, .T. ) ;
#5108 = ORIENTED_EDGE ( 'NONE', *, *, #10363, .T. ) ;
#5109 = CARTESIAN_POINT ( 'NONE',  ( 5.641266043290754872, -0.7743727589100394271, -20.60000000000000497 ) ) ;
#5110 = CARTESIAN_POINT ( 'NONE',  ( 4.950912235705338560, -0.5126563009605302756, -20.60000000000000853 ) ) ;
#5111 = CARTESIAN_POINT ( 'NONE',  ( -3.825563736611302001, 0.6218543391601795145, -20.60000000000000142 ) ) ;
#5112 = PRODUCT_DEFINITION ( 'UNKNOWN', '', #2307, #10080 ) ;
#5113 = DIRECTION ( 'NONE',  ( 0.000000000000000000, 0.000000000000000000, -1.000000000000000000 ) ) ;
#5114 =( GEOMETRIC_REPRESENTATION_CONTEXT ( 3 ) GLOBAL_UNCERTAINTY_ASSIGNED_CONTEXT ( ( #6968 ) ) GLOBAL_UNIT_ASSIGNED_CONTEXT ( ( #9502, #7676, #1919 ) ) REPRESENTATION_CONTEXT ( 'NONE', 'WORKASPACE' ) );
#5115 = CARTESIAN_POINT ( 'NONE',  ( 1.600000000000000089, -7.599999999999996980, -8.799999999999998934 ) ) ;
#5116 = CARTESIAN_POINT ( 'NONE',  ( -5.468906486293062308, -0.8963454170541661492, -20.60000000000000497 ) ) ;
#5117 = DIRECTION ( 'NONE',  ( -1.000000000000000000, 0.000000000000000000, -0.000000000000000000 ) ) ;
#5118 = VECTOR ( 'NONE', #4323, 1000.000000000000227 ) ;
#5119 = SURFACE_STYLE_FILL_AREA ( #4200 ) ;
#5120 = ORIENTED_EDGE ( 'NONE', *, *, #889, .T. ) ;
#5121 = EDGE_CURVE ( 'NONE', #7911, #533, #3806, .T. ) ;
#5122 = MECHANICAL_DESIGN_GEOMETRIC_PRESENTATION_REPRESENTATION (  '', ( #7702 ), #8228 ) ;
#5123 = UNCERTAINTY_MEASURE_WITH_UNIT (LENGTH_MEASURE( 1.000000000000000082E-05 ), #7002, 'distance_accuracy_value', 'NONE');
#5124 = CARTESIAN_POINT ( 'NONE',  ( -5.672560489858056165, -0.6364654660346259485, -20.40000000000000213 ) ) ;
#5125 = LINE ( 'NONE', #10082, #8368 ) ;
#5126 = CARTESIAN_POINT ( 'NONE',  ( 5.607773083623488475, 0.07722465112509989404, -20.59999999999999432 ) ) ;
#5127 = CARTESIAN_POINT ( 'NONE',  ( -1.600000000000000311, 1.599999999999998757, -2.000000000000000000 ) ) ;
#5128 = DIRECTION ( 'NONE',  ( 0.000000000000000000, 0.000000000000000000, 1.000000000000000000 ) ) ;
#5129 = CARTESIAN_POINT ( 'NONE',  ( 2.400000000000000355, 8.399999999999998579, -20.60000000000000142 ) ) ;
#5130 = ORIENTED_EDGE ( 'NONE', *, *, #9472, .T. ) ;
#5131 = CARTESIAN_POINT ( 'NONE',  ( -5.742839425908534245, 0.4225712336686434090, -20.60000000000001208 ) ) ;
#5132 = VERTEX_POINT ( 'NONE', #2457 ) ;
#5133 = AXIS2_PLACEMENT_3D ( 'NONE', #2544, #2643, #9264 ) ;
#5134 = CARTESIAN_POINT ( 'NONE',  ( -0.8837132697995018216, 0.04300851879375515441, -20.39999999999999858 ) ) ;
#5135 = EDGE_CURVE ( 'NONE', #4335, #7865, #8264, .T. ) ;
#5136 = ADVANCED_FACE ( 'NONE', ( #9139 ), #6131, .T. ) ;
#5137 = EDGE_LOOP ( 'NONE', ( #13, #6785, #1344, #4933 ) ) ;
#5138 = CARTESIAN_POINT ( 'NONE',  ( -0.07587809870179532123, -0.7804166566391886883, -20.60000000000000142 ) ) ;
#5139 = CARTESIAN_POINT ( 'NONE',  ( 5.037099216634858045, 0.4470269715203448180, -20.40000000000000568 ) ) ;
#5140 =( NAMED_UNIT ( * ) PLANE_ANGLE_UNIT ( ) SI_UNIT ( $, .RADIAN. ) );
#5141 = CARTESIAN_POINT ( 'NONE',  ( -0.8031721546838700432, -0.7023502265636101249, -20.40000000000000213 ) ) ;
#5142 = CARTESIAN_POINT ( 'NONE',  ( 5.604507621462593292, -0.5410812290118283130, -20.40000000000000213 ) ) ;
#5143 = VERTEX_POINT ( 'NONE', #9232 ) ;
#5144 = EDGE_LOOP ( 'NONE', ( #7443, #6195, #5489, #1512 ) ) ;
#5145 = CARTESIAN_POINT ( 'NONE',  ( -4.276556388688569577, -0.1695019059663380179, -20.39999999999999858 ) ) ;
#5146 = CARTESIAN_POINT ( 'NONE',  ( 7.869140320336472705, -4.813878188659971080, -2.200000000000000622 ) ) ;
#5147 = ORIENTED_EDGE ( 'NONE', *, *, #620, .F. ) ;
#5148 = VECTOR ( 'NONE', #6034, 1000.000000000000000 ) ;
#5149 = ADVANCED_FACE ( 'NONE', ( #7614 ), #10093, .T. ) ;
#5150 = CARTESIAN_POINT ( 'NONE',  ( -0.8250918810479914711, 0.2693058411712756506, -20.59999999999999432 ) ) ;
#5151 = LINE ( 'NONE', #1222, #9404 ) ;
#5152 = CARTESIAN_POINT ( 'NONE',  ( 3.000000000000000000, -8.813878188659971968, -8.799999999999998934 ) ) ;
#5153 = CARTESIAN_POINT ( 'NONE',  ( 5.208861365725192094, 0.4641507340686528149, -20.40000000000000568 ) ) ;
#5154 = DIRECTION ( 'NONE',  ( 0.000000000000000000, -0.000000000000000000, -1.000000000000000000 ) ) ;
#5155 = DIRECTION ( 'NONE',  ( -0.000000000000000000, -0.000000000000000000, -1.000000000000000000 ) ) ;
#5156 = VERTEX_POINT ( 'NONE', #8693 ) ;
#5157 = CARTESIAN_POINT ( 'NONE',  ( -3.200000000000000178, -8.813878188659971968, -2.200000000000000178 ) ) ;
#5158 = ORIENTED_EDGE ( 'NONE', *, *, #10060, .F. ) ;
#5159 = CARTESIAN_POINT ( 'NONE',  ( -4.931921261583095628, -0.4730855009535428479, -20.39999999999999858 ) ) ;
#5160 = CARTESIAN_POINT ( 'NONE',  ( -3.959735824764908152, 0.2988887745583485023, -20.39999999999999858 ) ) ;
#5161 = EDGE_CURVE ( 'NONE', #8439, #7025, #2925, .T. ) ;
#5162 = CARTESIAN_POINT ( 'NONE',  ( -5.000000000000000000, 2.399999999999998579, -8.799999999999998934 ) ) ;
#5163 = CARTESIAN_POINT ( 'NONE',  ( -4.378236695741902551, -0.4910329885073128620, -20.39999999999999858 ) ) ;
#5164 = CARTESIAN_POINT ( 'NONE',  ( -0.2201161466793137289, -0.8688390483977970202, -20.60000000000000853 ) ) ;
#5165 = CARTESIAN_POINT ( 'NONE',  ( -5.422966334013900713, -0.8976261803203401390, -20.60000000000000142 ) ) ;
#5166 = CARTESIAN_POINT ( 'NONE',  ( 5.296414290574485761, -0.7223015049956647005, -20.40000000000000213 ) ) ;
#5167 = ORIENTED_EDGE ( 'NONE', *, *, #7436, .F. ) ;
#5168 =( NAMED_UNIT ( * ) SI_UNIT ( $, .STERADIAN. ) SOLID_ANGLE_UNIT ( ) );
#5169 = CIRCLE ( 'NONE', #553, 0.9500000000000000666 ) ;
#5170 = CARTESIAN_POINT ( 'NONE',  ( -0.6256762815556007329, 0.4486372251317649607, -20.60000000000001208 ) ) ;
#5171 = ORIENTED_EDGE ( 'NONE', *, *, #4085, .T. ) ;
#5172 = CARTESIAN_POINT ( 'NONE',  ( -5.161042738633532245, 0.4583054439134070512, -20.59999999999999432 ) ) ;
#5173 = LINE ( 'NONE', #2092, #7096 ) ;
#5174 = CARTESIAN_POINT ( 'NONE',  ( 0.000000000000000000, 0.000000000000000000, -2.000000000000000000 ) ) ;
#5175 = DIRECTION ( 'NONE',  ( -1.000000000000000000, 0.000000000000000000, 0.000000000000000000 ) ) ;
#5176 = CARTESIAN_POINT ( 'NONE',  ( -0.2000294663483845048, 0.2995126183809586617, -20.60000000000000142 ) ) ;
#5177 = ORIENTED_EDGE ( 'NONE', *, *, #9216, .F. ) ;
#5178 = ADVANCED_FACE ( 'NONE', ( #4651 ), #8043, .T. ) ;
#5179 = CARTESIAN_POINT ( 'NONE',  ( -5.861906702433651084, 0.2598732465356545229, -20.60000000000000142 ) ) ;
#5180 = VERTEX_POINT ( 'NONE', #6153 ) ;
#5181 =( LENGTH_UNIT ( ) NAMED_UNIT ( * ) SI_UNIT ( .MILLI., .METRE. ) );
#5182 = ORIENTED_EDGE ( 'NONE', *, *, #829, .F. ) ;
#5183 = VECTOR ( 'NONE', #428, 1000.000000000000000 ) ;
#5184 = CARTESIAN_POINT ( 'NONE',  ( 5.661674030834227267, -0.2608566998008596260, -20.60000000000000497 ) ) ;
#5185 = LINE ( 'NONE', #8414, #9154 ) ;
#5186 = CARTESIAN_POINT ( 'NONE',  ( -5.672560489858056165, -0.6364654660346259485, -20.40000000000000213 ) ) ;
#5187 = CARTESIAN_POINT ( 'NONE',  ( -0.9441519570692775698, -0.4850507880231258451, -20.39999999999999503 ) ) ;
#5188 = CARTESIAN_POINT ( 'NONE',  ( 5.739594710451982884, -0.6456856532442476482, -20.60000000000000497 ) ) ;
#5189 = CARTESIAN_POINT ( 'NONE',  ( 3.199999999999999734, -5.013878188659972146, -2.200000000000000622 ) ) ;
#5190 = VECTOR ( 'NONE', #10098, 1000.000000000000000 ) ;
#5191 = ORIENTED_EDGE ( 'NONE', *, *, #9276, .F. ) ;
#5192 = ORIENTED_EDGE ( 'NONE', *, *, #1915, .T. ) ;
#5193 = ADVANCED_FACE ( 'NONE', ( #9442 ), #2063, .F. ) ;
#5194 = AXIS2_PLACEMENT_3D ( 'NONE', #3351, #4205, #3404 ) ;
#5195 =( LENGTH_UNIT ( ) NAMED_UNIT ( * ) SI_UNIT ( .MILLI., .METRE. ) );
#5196 = ORIENTED_EDGE ( 'NONE', *, *, #5627, .F. ) ;
#5197 = VECTOR ( 'NONE', #1949, 1000.000000000000000 ) ;
#5198 = CARTESIAN_POINT ( 'NONE',  ( -0.5546251163620138369, 0.4646658579804799905, -20.60000000000000497 ) ) ;
#5199 = LINE ( 'NONE', #10269, #6299 ) ;
#5200 = DIRECTION ( 'NONE',  ( 0.000000000000000000, 1.000000000000000000, 0.000000000000000000 ) ) ;
#5201 = LINE ( 'NONE', #3587, #10572 ) ;
#5202 = COLOUR_RGB ( '',0.2862745098039215508, 0.6627450980392156632, 0.3294117647058823484 ) ;
#5203 = ORIENTED_EDGE ( 'NONE', *, *, #4139, .F. ) ;
#5204 = EDGE_CURVE ( 'NONE', #5180, #8903, #9067, .T. ) ;
#5205 = B_SPLINE_CURVE_WITH_KNOTS ( 'NONE', 3,
 ( #4957, #7382, #9004, #4801, #5656, #8082, #83 ),
 .UNSPECIFIED., .F., .F.,
 ( 4, 1, 1, 1, 4 ),
 ( 0.000000000000000000, 0.2155144430785323473, 0.4538648226708632549, 0.7153135963517071039, 1.000000000000000000 ),
 .UNSPECIFIED. ) ;
#5206 = ADVANCED_FACE ( 'NONE', ( #3252 ), #6584, .F. ) ;
#5207 = FACE_OUTER_BOUND ( 'NONE', #8152, .T. ) ;
#5208 = CARTESIAN_POINT ( 'NONE',  ( -5.264250758855396839, -0.8758663848790338990, -20.59999999999999787 ) ) ;
#5209 = AXIS2_PLACEMENT_3D ( 'NONE', #4281, #5039, #5792 ) ;
#5210 = ORIENTED_EDGE ( 'NONE', *, *, #9216, .T. ) ;
#5211 = DIRECTION ( 'NONE',  ( -0.000000000000000000, -1.000000000000000000, 0.000000000000000000 ) ) ;
#5212 = CIRCLE ( 'NONE', #9860, 0.1999999999999987899 ) ;
#5213 = CARTESIAN_POINT ( 'NONE',  ( -0.8803587825609939799, -0.1101877482158503535, -20.60000000000000853 ) ) ;
#5214 = CARTESIAN_POINT ( 'NONE',  ( -5.094850311147568256, 0.3755738448920898365, -20.40000000000000213 ) ) ;
#5215 = DIRECTION ( 'NONE',  ( 0.000000000000000000, 0.000000000000000000, 1.000000000000000000 ) ) ;
#5216 = CARTESIAN_POINT ( 'NONE',  ( -0.02680367020790398389, -0.7279475140316745696, -20.60000000000001208 ) ) ;
#5217 = CARTESIAN_POINT ( 'NONE',  ( -5.840627355218292571, -0.6927569321758291210, -20.60000000000000142 ) ) ;
#5218 = AXIS2_PLACEMENT_3D ( 'NONE', #2119, #9599, #8100 ) ;
#5219 = PRESENTATION_STYLE_ASSIGNMENT (( #9304 ) ) ;
#5220 = ORIENTED_EDGE ( 'NONE', *, *, #3613, .T. ) ;
#5221 = EDGE_CURVE ( 'NONE', #4039, #9283, #895, .T. ) ;
#5222 = CARTESIAN_POINT ( 'NONE',  ( -5.108919635424213013, -0.5027786375701197574, -20.40000000000000213 ) ) ;
#5223 = CARTESIAN_POINT ( 'NONE',  ( -5.952715968582795725, 0.4513562701014058320, -20.59999999999999432 ) ) ;
#5224 = ORIENTED_EDGE ( 'NONE', *, *, #7581, .F. ) ;
#5225 = UNCERTAINTY_MEASURE_WITH_UNIT (LENGTH_MEASURE( 1.000000000000000082E-05 ), #4929, 'distance_accuracy_value', 'NONE');
#5226 = FACE_OUTER_BOUND ( 'NONE', #7954, .T. ) ;
#5227 = CARTESIAN_POINT ( 'NONE',  ( 4.843492212652408035, 0.1543218716277117430, -20.60000000000000142 ) ) ;
#5228 = CARTESIAN_POINT ( 'NONE',  ( 5.661301304949469149, -0.2366927504085228617, -20.60000000000000497 ) ) ;
#5229 = CARTESIAN_POINT ( 'NONE',  ( -3.989930619728184524, 0.6218543391601795145, -20.60000000000000142 ) ) ;
#5230 = FACE_OUTER_BOUND ( 'NONE', #2050, .T. ) ;
#5231 = EDGE_LOOP ( 'NONE', ( #116, #9091, #6509, #9218, #1646, #611 ) ) ;
#5232 = CARTESIAN_POINT ( 'NONE',  ( -5.468857697229044135, 0.4539091782053207846, -20.60000000000000497 ) ) ;
#5233 = CARTESIAN_POINT ( 'NONE',  ( 0.6632878342612744671, -0.4910329885073131950, -20.40000000000000568 ) ) ;
#5234 = ORIENTED_EDGE ( 'NONE', *, *, #8637, .T. ) ;
#5235 = CARTESIAN_POINT ( 'NONE',  ( 4.881286571056183021, 0.2903465198267523584, -20.39999999999999858 ) ) ;
#5236 = EDGE_CURVE ( 'NONE', #6347, #8439, #6424, .T. ) ;
#5237 = CARTESIAN_POINT ( 'NONE',  ( -0.9500000000000000666, -6.799999999999997158, -8.799999999999998934 ) ) ;
#5238 = CARTESIAN_POINT ( 'NONE',  ( -0.4677551986173218990, -0.8917452788370139327, -20.60000000000000497 ) ) ;
#5239 = CARTESIAN_POINT ( 'NONE',  ( 5.647883108410786335, -0.4160628737687755430, -20.40000000000000568 ) ) ;
#5240 = CARTESIAN_POINT ( 'NONE',  ( 5.011747086229889625, 0.4361173406631486116, -20.39999999999999503 ) ) ;
#5241 = ORIENTED_EDGE ( 'NONE', *, *, #7836, .F. ) ;
#5242 = CARTESIAN_POINT ( 'NONE',  ( -0.3869207001146183211, -0.8976261803203399170, -20.60000000000000853 ) ) ;
#5243 = EDGE_LOOP ( 'NONE', ( #3296, #5120, #9568, #9697 ) ) ;
#5244 = VECTOR ( 'NONE', #5067, 1000.000000000000000 ) ;
#5245 = CARTESIAN_POINT ( 'NONE',  ( 0.5974801113033417765, -0.4540927025679674101, -20.59999999999999432 ) ) ;
#5246 = DIRECTION ( 'NONE',  ( 1.000000000000000000, 0.000000000000000000, 0.000000000000000000 ) ) ;
#5247 = ORIENTED_EDGE ( 'NONE', *, *, #5431, .T. ) ;
#5248 = CARTESIAN_POINT ( 'NONE',  ( -0.5175010572574754164, 0.4660101833160236184, -20.60000000000000142 ) ) ;
#5249 = CARTESIAN_POINT ( 'NONE',  ( -0.6988398471418756364, -0.7943172663267167311, -20.39999999999999858 ) ) ;
#5250 = EDGE_CURVE ( 'NONE', #4958, #4089, #5618, .T. ) ;
#5251 = MECHANICAL_DESIGN_GEOMETRIC_PRESENTATION_REPRESENTATION (  '', ( #5925 ), #1656 ) ;
#5252 = CARTESIAN_POINT ( 'NONE',  ( 5.360383441208099065, 0.4131696807710521502, -20.40000000000000924 ) ) ;
#5253 = VECTOR ( 'NONE', #2180, 1000.000000000000000 ) ;
#5254 = DIRECTION ( 'NONE',  ( -1.084202172485504434E-16, 1.000000000000000000, -0.000000000000000000 ) ) ;
#5255 = CARTESIAN_POINT ( 'NONE',  ( -3.400000000000000355, 1.599999999999998535, -8.799999999999998934 ) ) ;
#5256 = ORIENTED_EDGE ( 'NONE', *, *, #3889, .T. ) ;
#5257 = CARTESIAN_POINT ( 'NONE',  ( 7.869140320336472705, -4.813878188659971080, -2.200000000000000622 ) ) ;
#5258 = CIRCLE ( 'NONE', #6981, 0.1999999999999987899 ) ;
#5259 = MECHANICAL_DESIGN_GEOMETRIC_PRESENTATION_REPRESENTATION (  '', ( #2516 ), #5951 ) ;
#5260 = CIRCLE ( 'NONE', #656, 0.2000000000000000944 ) ;
#5261 = ORIENTED_EDGE ( 'NONE', *, *, #7572, .T. ) ;
#5262 = CARTESIAN_POINT ( 'NONE',  ( 5.514375623987163522, -0.8579084494446654885, -20.60000000000000497 ) ) ;
#5263 = CARTESIAN_POINT ( 'NONE',  ( -0.3963258318865777174, 0.6287675877935189339, -20.40000000000000213 ) ) ;
#5264 = CARTESIAN_POINT ( 'NONE',  ( 3.000000000000000000, -8.813878188659971968, -20.40000000000000213 ) ) ;
#5265 = EDGE_CURVE ( 'NONE', #3839, #5266, #2361, .T. ) ;
#5266 = VERTEX_POINT ( 'NONE', #4209 ) ;
#5267 = ADVANCED_FACE ( 'NONE', ( #8458 ), #6693, .T. ) ;
#5268 = DIRECTION ( 'NONE',  ( -0.000000000000000000, -0.000000000000000000, 1.000000000000000000 ) ) ;
#5269 = CARTESIAN_POINT ( 'NONE',  ( -5.123174099406454296, 0.07722465112509981078, -20.59999999999999432 ) ) ;
#5270 = CARTESIAN_POINT ( 'NONE',  ( -5.514228536670582770, -0.8900366848736642744, -20.60000000000000853 ) ) ;
#5271 = VECTOR ( 'NONE', #4447, 1000.000000000000000 ) ;
#5272 = LINE ( 'NONE', #9259, #4520 ) ;
#5273 = VERTEX_POINT ( 'NONE', #1848 ) ;
#5274 = CARTESIAN_POINT ( 'NONE',  ( -5.421628391060912655, -0.7219590972643672444, -20.60000000000000497 ) ) ;
#5275 = CARTESIAN_POINT ( 'NONE',  ( -5.620675282634381986, 0.6403866722349169649, -20.60000000000000497 ) ) ;
#5276 = VERTEX_POINT ( 'NONE', #2600 ) ;
#5277 = DIRECTION ( 'NONE',  ( -0.000000000000000000, -0.000000000000000000, -1.000000000000000000 ) ) ;
#5278 = VECTOR ( 'NONE', #6978, 1000.000000000000000 ) ;
#5279 = AXIS2_PLACEMENT_3D ( 'NONE', #10575, #6341, #3979 ) ;
#5280 = STYLED_ITEM ( 'NONE', ( #4470 ), #4812 ) ;
#5281 = ADVANCED_FACE ( 'NONE', ( #9312 ), #5927, .T. ) ;
#5282 = SURFACE_STYLE_FILL_AREA ( #10242 ) ;
#5283 = DIRECTION ( 'NONE',  ( 1.000000000000000000, 0.000000000000000000, 0.000000000000000000 ) ) ;
#5284 = CARTESIAN_POINT ( 'NONE',  ( -1.004897491132743070, 0.2529124083832828829, -20.40000000000000568 ) ) ;
#5285 = STYLED_ITEM ( 'NONE', ( #9911 ), #6159 ) ;
#5286 = PRESENTATION_STYLE_ASSIGNMENT (( #6846 ) ) ;
#5287 = ORIENTED_EDGE ( 'NONE', *, *, #1443, .T. ) ;
#5288 = SURFACE_SIDE_STYLE ('',( #2000 ) ) ;
#5289 = EDGE_LOOP ( 'NONE', ( #8789, #5147, #5436, #10347 ) ) ;
#5290 = DIRECTION ( 'NONE',  ( 0.000000000000000000, 0.000000000000000000, -1.000000000000000000 ) ) ;
#5291 = ORIENTED_EDGE ( 'NONE', *, *, #3307, .F. ) ;
#5292 = CARTESIAN_POINT ( 'NONE',  ( 5.064020360383000074, 0.4555761227225636478, -20.40000000000000213 ) ) ;
#5293 = DIRECTION ( 'NONE',  ( 1.000000000000000000, 0.000000000000000000, 6.361537061930967082E-11 ) ) ;
#5294 = CARTESIAN_POINT ( 'NONE',  ( 1.600000000000000089, 1.599999999999998535, -8.799999999999998934 ) ) ;
#5295 = CARTESIAN_POINT ( 'NONE',  ( -0.8643090391435507280, -0.6247438079113800669, -20.60000000000000853 ) ) ;
#5296 = CARTESIAN_POINT ( 'NONE',  ( 5.111357988132540164, -0.6741165817585940134, -20.60000000000000142 ) ) ;
#5297 = ORIENTED_EDGE ( 'NONE', *, *, #695, .F. ) ;
#5298 = ORIENTED_EDGE ( 'NONE', *, *, #949, .T. ) ;
#5299 = CARTESIAN_POINT ( 'NONE',  ( -0.4740891476257200199, 0.4643078822574841502, -20.59999999999999432 ) ) ;
#5300 =( GEOMETRIC_REPRESENTATION_CONTEXT ( 3 ) GLOBAL_UNCERTAINTY_ASSIGNED_CONTEXT ( ( #1142 ) ) GLOBAL_UNIT_ASSIGNED_CONTEXT ( ( #7458, #997, #5030 ) ) REPRESENTATION_CONTEXT ( 'NONE', 'WORKASPACE' ) );
#5301 = FACE_OUTER_BOUND ( 'NONE', #337, .T. ) ;
#5302 = ORIENTED_EDGE ( 'NONE', *, *, #8342, .F. ) ;
#5303 = CARTESIAN_POINT ( 'NONE',  ( -3.988037270973405768, 0.2005298033677748171, -20.60000000000000142 ) ) ;
#5304 = CARTESIAN_POINT ( 'NONE',  ( -4.936513852579873962, 0.0007362267868382540385, -20.59999999999999787 ) ) ;
#5305 = STYLED_ITEM ( 'NONE', ( #3773 ), #7064 ) ;
#5306 = CARTESIAN_POINT ( 'NONE',  ( -7.869140320336472705, -4.813878188659971080, -20.40000000000000213 ) ) ;
#5307 = CARTESIAN_POINT ( 'NONE',  ( 5.559604209943875830, -0.8355450963236156214, -20.40000000000000568 ) ) ;
#5308 = CARTESIAN_POINT ( 'NONE',  ( -5.522085817304754229, 0.4641507340686526484, -20.40000000000000568 ) ) ;
#5309 = CARTESIAN_POINT ( 'NONE',  ( 1.700000000000000178, 9.013878188659973034, -2.200000000000000622 ) ) ;
#5310 = ORIENTED_EDGE ( 'NONE', *, *, #4613, .T. ) ;
#5311 = DIRECTION ( 'NONE',  ( -0.000000000000000000, -0.000000000000000000, 1.000000000000000000 ) ) ;
#5312 = DIRECTION ( 'NONE',  ( -0.000000000000000000, -0.000000000000000000, -1.000000000000000000 ) ) ;
#5313 = EDGE_CURVE ( 'NONE', #9087, #8738, #6078, .T. ) ;
#5314 = CARTESIAN_POINT ( 'NONE',  ( -5.422966334013900713, -0.8976261803203401390, -20.60000000000000142 ) ) ;
#5315 = ORIENTED_EDGE ( 'NONE', *, *, #9196, .T. ) ;
#5316 = CARTESIAN_POINT ( 'NONE',  ( 5.816483830275178235, -0.3340546475250057989, -20.60000000000000497 ) ) ;
#5317 = PLANE ( 'NONE',  #10132 ) ;
#5318 = CARTESIAN_POINT ( 'NONE',  ( -0.7253506880370967913, -0.5375166155477769658, -20.39999999999999858 ) ) ;
#5319 = CARTESIAN_POINT ( 'NONE',  ( 2.999999999999999556, 5.213878188659972324, -2.200000000000000622 ) ) ;
#5320 = CARTESIAN_POINT ( 'NONE',  ( 3.199999999999999734, 4.813878188659972857, -20.40000000000000213 ) ) ;
#5321 = CARTESIAN_POINT ( 'NONE',  ( -5.103338197044060109, 0.01447209865829743314, -20.60000000000000497 ) ) ;
#5322 = VECTOR ( 'NONE', #2215, 1000.000000000000000 ) ;
#5323 = SURFACE_STYLE_USAGE ( .BOTH. , #292 ) ;
#5324 = CARTESIAN_POINT ( 'NONE',  ( 0.07807250684920952200, 0.1210216313398552734, -20.39999999999999503 ) ) ;
#5325 = ORIENTED_EDGE ( 'NONE', *, *, #171, .T. ) ;
#5326 = EDGE_CURVE ( 'NONE', #3526, #1750, #1799, .T. ) ;
#5327 = EDGE_CURVE ( 'NONE', #9175, #5132, #2178, .T. ) ;
#5328 = CARTESIAN_POINT ( 'NONE',  ( -5.789591753194301305, 0.5942353826887670776, -20.60000000000000853 ) ) ;
#5329 = ORIENTED_EDGE ( 'NONE', *, *, #10260, .F. ) ;
#5330 = LINE ( 'NONE', #1995, #9783 ) ;
#5331 =( GEOMETRIC_REPRESENTATION_CONTEXT ( 3 ) GLOBAL_UNCERTAINTY_ASSIGNED_CONTEXT ( ( #9978 ) ) GLOBAL_UNIT_ASSIGNED_CONTEXT ( ( #10466, #10521, #5701 ) ) REPRESENTATION_CONTEXT ( 'NONE', 'WORKASPACE' ) );
#5332 = CARTESIAN_POINT ( 'NONE',  ( 5.642746861448918239, -0.05089621815075764943, -20.40000000000000213 ) ) ;
#5333 = CARTESIAN_POINT ( 'NONE',  ( -0.1367991617481795208, -0.5958970212638670105, -20.59999999999999432 ) ) ;
#5334 = FILL_AREA_STYLE_COLOUR ( '', #4125 ) ;
#5335 = EDGE_CURVE ( 'NONE', #3100, #10602, #249, .T. ) ;
#5336 = EDGE_CURVE ( 'NONE', #4334, #533, #5125, .T. ) ;
#5337 = CARTESIAN_POINT ( 'NONE',  ( -5.820758453600080706, 0.3441510379375897211, -20.60000000000000142 ) ) ;
#5338 = DIRECTION ( 'NONE',  ( -1.000000000000000000, 0.000000000000000000, 0.000000000000000000 ) ) ;
#5339 = CARTESIAN_POINT ( 'NONE',  ( 5.299133044316658214, 0.6243921008024786445, -20.59999999999999787 ) ) ;
#5340 = B_SPLINE_CURVE_WITH_KNOTS ( 'NONE', 3,
 ( #7679, #6165, #5308, #3693, #331, #5958, #10222, #6107, #2775, #1973, #5362, #383, #6984, #3534, #2826, #4499, #8542, #10163, #1067 ),
 .UNSPECIFIED., .F., .F.,
 ( 4, 1, 1, 1, 1, 1, 1, 1, 1, 1, 1, 1, 1, 1, 1, 1, 4 ),
 ( 0.000000000000000000, 0.05644607958989826535, 0.1109687992651581939, 0.1646179365722187926, 0.2184747872706094551, 0.2732587896269459971, 0.3302817479930586497, 0.3899268243526004540, 0.4533382698853492543, 0.5185888434239767086, 0.5842136173929078913, 0.6499215817368689807, 0.7167940935509916622, 0.7848281234544678409, 0.8544522929293442148, 0.9262884854674499069, 1.000000000000000000 ),
 .UNSPECIFIED. ) ;
#5341 = SURFACE_STYLE_USAGE ( .BOTH. , #8685 ) ;
#5342 = CARTESIAN_POINT ( 'NONE',  ( -6.043299126221691964, 0.1738023911082313411, -20.40000000000000213 ) ) ;
#5343 = VERTEX_POINT ( 'NONE', #10135 ) ;
#5344 = CARTESIAN_POINT ( 'NONE',  ( -0.7253506880370967913, -0.5375166155477769658, -20.40000000000000213 ) ) ;
#5345 = UNCERTAINTY_MEASURE_WITH_UNIT (LENGTH_MEASURE( 1.000000000000000082E-05 ), #856, 'distance_accuracy_value', 'NONE');
#5346 =( NAMED_UNIT ( * ) SI_UNIT ( $, .STERADIAN. ) SOLID_ANGLE_UNIT ( ) );
#5347 = FILL_AREA_STYLE_COLOUR ( '', #8544 ) ;
#5348 = DIRECTION ( 'NONE',  ( -0.9922778767136674061, 0.1240347345892098135, 0.000000000000000000 ) ) ;
#5349 = CARTESIAN_POINT ( 'NONE',  ( 4.910188729429862953, 0.3441510379375898321, -20.40000000000000213 ) ) ;
#5350 = ORIENTED_EDGE ( 'NONE', *, *, #901, .T. ) ;
#5351 = ORIENTED_EDGE ( 'NONE', *, *, #5888, .T. ) ;
#5352 = LINE ( 'NONE', #3685, #5183 ) ;
#5353 = ADVANCED_FACE ( 'NONE', ( #9050 ), #9640, .F. ) ;
#5354 = CARTESIAN_POINT ( 'NONE',  ( 5.817022912173973381, -0.2288753676450994146, -20.40000000000000213 ) ) ;
#5355 = AXIS2_PLACEMENT_3D ( 'NONE', #10002, #1772, #922 ) ;
#5356 = PLANE ( 'NONE',  #5709 ) ;
#5357 = CARTESIAN_POINT ( 'NONE',  ( -1.017007742270513493, -0.2673950068878415687, -20.60000000000000142 ) ) ;
#5358 = SURFACE_STYLE_USAGE ( .BOTH. , #9451 ) ;
#5359 = SURFACE_SIDE_STYLE ('',( #2773 ) ) ;
#5360 = CARTESIAN_POINT ( 'NONE',  ( 5.661301304949469149, -0.2366927504085228617, -20.40000000000000568 ) ) ;
#5361 = DIRECTION ( 'NONE',  ( -1.000000000000000000, 0.000000000000000000, -0.000000000000000000 ) ) ;
#5362 = CARTESIAN_POINT ( 'NONE',  ( -5.175948588335111289, 0.1953874005409766967, -20.40000000000000213 ) ) ;
#5363 = CARTESIAN_POINT ( 'NONE',  ( 5.296414290574485761, -0.7223015049956647005, -20.40000000000000213 ) ) ;
#5364 = AXIS2_PLACEMENT_3D ( 'NONE', #707, #9717, #3160 ) ;
#5365 = ORIENTED_EDGE ( 'NONE', *, *, #6258, .F. ) ;
#5366 = VECTOR ( 'NONE', #9548, 1000.000000000000000 ) ;
#5367 = CARTESIAN_POINT ( 'NONE',  ( -0.1651984277938322032, -0.6250615261837192405, -20.40000000000000213 ) ) ;
#5368 = VERTEX_POINT ( 'NONE', #8392 ) ;
#5369 =( LENGTH_UNIT ( ) NAMED_UNIT ( * ) SI_UNIT ( .MILLI., .METRE. ) );
#5370 = CARTESIAN_POINT ( 'NONE',  ( 4.926085046821500946, -0.7320333844812962898, -20.60000000000000142 ) ) ;
#5371 = VECTOR ( 'NONE', #6595, 1000.000000000000000 ) ;
#5372 = CARTESIAN_POINT ( 'NONE',  ( -2.799999999999999822, -8.813878188659971968, -20.40000000000000213 ) ) ;
#5373 = AXIS2_PLACEMENT_3D ( 'NONE', #6067, #8497, #6946 ) ;
#5374 = DIRECTION ( 'NONE',  ( 0.000000000000000000, 0.000000000000000000, 1.000000000000000000 ) ) ;
#5375 = FACE_OUTER_BOUND ( 'NONE', #4282, .T. ) ;
#5376 =( LENGTH_UNIT ( ) NAMED_UNIT ( * ) SI_UNIT ( .MILLI., .METRE. ) );
#5377 = CARTESIAN_POINT ( 'NONE',  ( -5.070381847192443558, -0.1889796156272138261, -20.39999999999999858 ) ) ;
#5378 = ADVANCED_FACE ( 'NONE', ( #7431 ), #1832, .T. ) ;
#5379 = DIRECTION ( 'NONE',  ( 0.000000000000000000, -1.000000000000000000, 0.000000000000000000 ) ) ;
#5380 = ORIENTED_EDGE ( 'NONE', *, *, #10024, .F. ) ;
#5381 = AXIS2_PLACEMENT_3D ( 'NONE', #10175, #2791, #559 ) ;
#5382 = FACE_OUTER_BOUND ( 'NONE', #2281, .T. ) ;
#5383 = CARTESIAN_POINT ( 'NONE',  ( -6.043299126221691964, 0.1738023911082313411, -20.39999999999999858 ) ) ;
#5384 = VECTOR ( 'NONE', #2686, 1000.000000000000000 ) ;
#5385 = EDGE_LOOP ( 'NONE', ( #5408, #4211, #373 ) ) ;
#5386 = CIRCLE ( 'NONE', #6061, 0.1999999999999987899 ) ;
#5387 = EDGE_CURVE ( 'NONE', #9330, #8820, #10014, .T. ) ;
#5388 = DIRECTION ( 'NONE',  ( 1.000000000000000000, 0.000000000000000000, -0.000000000000000000 ) ) ;
#5389 = CIRCLE ( 'NONE', #774, 0.1999999999999987899 ) ;
#5390 =( LENGTH_UNIT ( ) NAMED_UNIT ( * ) SI_UNIT ( .MILLI., .METRE. ) );
#5391 = CARTESIAN_POINT ( 'NONE',  ( -3.199999999999999734, 5.213878188659972324, -20.40000000000000213 ) ) ;
#5392 = ORIENTED_EDGE ( 'NONE', *, *, #5535, .F. ) ;
#5393 = DIRECTION ( 'NONE',  ( 1.000000000000000000, -3.422125580184494708E-16, -0.000000000000000000 ) ) ;
#5394 = DIRECTION ( 'NONE',  ( 0.000000000000000000, 1.000000000000000000, 0.000000000000000000 ) ) ;
#5395 = VERTEX_POINT ( 'NONE', #5111 ) ;
#5396 = CARTESIAN_POINT ( 'NONE',  ( 5.515967211405321535, 0.5105542056909713189, -20.60000000000000853 ) ) ;
#5397 = SURFACE_STYLE_FILL_AREA ( #9536 ) ;
#5398 = FILL_AREA_STYLE ('',( #3729 ) ) ;
#5399 = ORIENTED_EDGE ( 'NONE', *, *, #1000, .F. ) ;
#5400 = EDGE_CURVE ( 'NONE', #8712, #1220, #2733, .T. ) ;
#5401 = DIRECTION ( 'NONE',  ( 0.000000000000000000, 0.000000000000000000, 1.000000000000000000 ) ) ;
#5402 = EDGE_CURVE ( 'NONE', #360, #7133, #483, .T. ) ;
#5403 = CYLINDRICAL_SURFACE ( 'NONE', #5106, 0.1999999999999987899 ) ;
#5404 = CARTESIAN_POINT ( 'NONE',  ( 5.296414290574485761, -0.7223015049956647005, -20.60000000000000497 ) ) ;
#5405 = CARTESIAN_POINT ( 'NONE',  ( 5.512347538297980520, 1.599999999999998979, -8.799999999999998934 ) ) ;
#5406 = DIRECTION ( 'NONE',  ( -1.000000000000000000, 0.000000000000000000, 0.000000000000000000 ) ) ;
#5407 = ORIENTED_EDGE ( 'NONE', *, *, #3920, .F. ) ;
#5408 = ORIENTED_EDGE ( 'NONE', *, *, #3361, .F. ) ;
#5409 = CARTESIAN_POINT ( 'NONE',  ( 0.000000000000000000, 0.000000000000000000, -8.799999999999998934 ) ) ;
#5410 = FACE_OUTER_BOUND ( 'NONE', #9806, .T. ) ;
#5411 = CARTESIAN_POINT ( 'NONE',  ( -6.027473497809805458, 0.2782162287069386841, -20.60000000000000853 ) ) ;
#5412 = CARTESIAN_POINT ( 'NONE',  ( -0.06086667514498257658, 0.3931756448781862923, -20.39999999999999858 ) ) ;
#5413 = CARTESIAN_POINT ( 'NONE',  ( -5.422966334013900713, -0.8976261803203401390, -20.40000000000000213 ) ) ;
#5414 = DIRECTION ( 'NONE',  ( -0.000000000000000000, -0.000000000000000000, 1.000000000000000000 ) ) ;
#5415 = EDGE_CURVE ( 'NONE', #10522, #6449, #2633, .T. ) ;
#5416 = CARTESIAN_POINT ( 'NONE',  ( -0.2117798615202355073, 0.3127127402008628709, -20.40000000000000213 ) ) ;
#5417 = CARTESIAN_POINT ( 'NONE',  ( 1.051593910274992050, 0.6218543391601795145, -20.40000000000000213 ) ) ;
#5418 = CARTESIAN_POINT ( 'NONE',  ( -5.367932286100596251, -0.8963712385588652465, -20.40000000000000568 ) ) ;
#5419 = CARTESIAN_POINT ( 'NONE',  ( 5.263201259219651540, -0.7218055195118798784, -20.60000000000000142 ) ) ;
#5420 = VERTEX_POINT ( 'NONE', #7586 ) ;
#5421 = CARTESIAN_POINT ( 'NONE',  ( -5.608230597668785400, 0.4653456735530940858, -20.40000000000000568 ) ) ;
#5422 = PRESENTATION_STYLE_ASSIGNMENT (( #7740 ) ) ;
#5423 = CARTESIAN_POINT ( 'NONE',  ( -2.799999999999999378, -5.013878188659972146, -20.60000000000000142 ) ) ;
#5424 = ORIENTED_EDGE ( 'NONE', *, *, #9670, .F. ) ;
#5425 = ORIENTED_EDGE ( 'NONE', *, *, #3307, .T. ) ;
#5426 =( NAMED_UNIT ( * ) SI_UNIT ( $, .STERADIAN. ) SOLID_ANGLE_UNIT ( ) );
#5427 = CARTESIAN_POINT ( 'NONE',  ( 1.472251377807459738, -0.8781456608398205965, -20.40000000000000213 ) ) ;
#5428 = FILL_AREA_STYLE ('',( #2255 ) ) ;
#5429 = DIRECTION ( 'NONE',  ( -1.000000000000000000, -0.000000000000000000, 0.000000000000000000 ) ) ;
#5430 = CARTESIAN_POINT ( 'NONE',  ( -3.000000000000000000, 9.013878188659973034, -8.799999999999998934 ) ) ;
#5431 = EDGE_CURVE ( 'NONE', #6664, #6388, #10121, .T. ) ;
#5432 = DIRECTION ( 'NONE',  ( 0.000000000000000000, 0.000000000000000000, 1.000000000000000000 ) ) ;
#5433 = CARTESIAN_POINT ( 'NONE',  ( -5.558474498344512682, 0.4653832460872163179, -20.60000000000000497 ) ) ;
#5434 = CARTESIAN_POINT ( 'NONE',  ( -2.400000000000000355, -8.399999999999998579, -20.60000000000000142 ) ) ;
#5435 = STYLED_ITEM ( 'NONE', ( #8975 ), #1471 ) ;
#5436 = ORIENTED_EDGE ( 'NONE', *, *, #5600, .F. ) ;
#5437 = CARTESIAN_POINT ( 'NONE',  ( -2.400000000000000355, 0.7999999999999984901, -20.60000000000000142 ) ) ;
#5438 = DIRECTION ( 'NONE',  ( -0.000000000000000000, 0.000000000000000000, -1.000000000000000000 ) ) ;
#5439 = VECTOR ( 'NONE', #7472, 1000.000000000000000 ) ;
#5440 = SURFACE_STYLE_FILL_AREA ( #1362 ) ;
#5441 = LINE ( 'NONE', #4635, #3141 ) ;
#5442 =( NAMED_UNIT ( * ) SI_UNIT ( $, .STERADIAN. ) SOLID_ANGLE_UNIT ( ) );
#5443 = VERTEX_POINT ( 'NONE', #242 ) ;
#5444 = AXIS2_PLACEMENT_3D ( 'NONE', #9590, #9701, #3194 ) ;
#5445 = CARTESIAN_POINT ( 'NONE',  ( 0.7024664752100571175, -0.3573461478528076052, -20.60000000000000142 ) ) ;
#5446 = CYLINDRICAL_SURFACE ( 'NONE', #2989, 0.1999999999999996503 ) ;
#5447 = CARTESIAN_POINT ( 'NONE',  ( 4.754343142762718522, 0.4127276919653003473, -20.40000000000000568 ) ) ;
#5448 = EDGE_CURVE ( 'NONE', #5368, #3555, #5965, .T. ) ;
#5449 = CARTESIAN_POINT ( 'NONE',  ( -5.836005863204755784, 0.3184732660519269398, -20.59999999999999787 ) ) ;
#5450 = ORIENTED_EDGE ( 'NONE', *, *, #6908, .T. ) ;
#5451 = CARTESIAN_POINT ( 'NONE',  ( 0.6294349029147542351, -0.6226459935238828347, -20.59999999999999787 ) ) ;
#5452 = AXIS2_PLACEMENT_3D ( 'NONE', #9300, #6618, #4357 ) ;
#5453 = CARTESIAN_POINT ( 'NONE',  ( 2.799999999999999822, 9.013878188659973034, -2.200000000000000622 ) ) ;
#5454 = UNCERTAINTY_MEASURE_WITH_UNIT (LENGTH_MEASURE( 1.000000000000000082E-05 ), #6268, 'distance_accuracy_value', 'NONE');
#5455 = CARTESIAN_POINT ( 'NONE',  ( -5.819252872969022050, -0.4366939112938671430, -20.40000000000000924 ) ) ;
#5456 = DIRECTION ( 'NONE',  ( 0.1240347345892098274, 0.9922778767136675171, -0.000000000000000000 ) ) ;
#5457 = CARTESIAN_POINT ( 'NONE',  ( 5.441375504224676085, -0.6940666626739245837, -20.40000000000000213 ) ) ;
#5458 = CARTESIAN_POINT ( 'NONE',  ( -5.848493931416497205, -0.3521716348657946694, -20.60000000000000142 ) ) ;
#5459 = DIRECTION ( 'NONE',  ( 0.000000000000000000, -1.000000000000000000, 0.000000000000000000 ) ) ;
#5460 = EDGE_LOOP ( 'NONE', ( #445, #8308 ) ) ;
#5461 = ORIENTED_EDGE ( 'NONE', *, *, #7774, .F. ) ;
#5462 = PLANE ( 'NONE',  #6875 ) ;
#5463 = CARTESIAN_POINT ( 'NONE',  ( 0.03735037229730935743, -0.6316207508396831649, -20.40000000000000568 ) ) ;
#5464 = EDGE_CURVE ( 'NONE', #4257, #6244, #5960, .T. ) ;
#5465 =( GEOMETRIC_REPRESENTATION_CONTEXT ( 3 ) GLOBAL_UNCERTAINTY_ASSIGNED_CONTEXT ( ( #1798 ) ) GLOBAL_UNIT_ASSIGNED_CONTEXT ( ( #3295, #4201, #7549 ) ) REPRESENTATION_CONTEXT ( 'NONE', 'WORKASPACE' ) );
#5466 = EDGE_CURVE ( 'NONE', #4039, #7524, #8534, .T. ) ;
#5467 = CARTESIAN_POINT ( 'NONE',  ( -3.887353509338574487, 0.03713437162771186795, -20.39999999999999858 ) ) ;
#5468 = CARTESIAN_POINT ( 'NONE',  ( 0.000000000000000000, 0.000000000000000000, -1.799999999999999600 ) ) ;
#5469 = DIRECTION ( 'NONE',  ( -0.000000000000000000, -1.000000000000000000, -0.000000000000000000 ) ) ;
#5470 = LINE ( 'NONE', #3969, #675 ) ;
#5471 = CARTESIAN_POINT ( 'NONE',  ( -6.043299126221691964, 0.1738023911082313411, -20.60000000000000142 ) ) ;
#5472 = TOROIDAL_SURFACE ( 'NONE', #3071, 0.4000000000000000222, 0.2000000000000000111 ) ;
#5473 = ORIENTED_EDGE ( 'NONE', *, *, #10260, .T. ) ;
#5474 = CARTESIAN_POINT ( 'NONE',  ( -5.666926822646943585, 0.4555761227225635923, -20.40000000000000213 ) ) ;
#5475 = PRESENTATION_STYLE_ASSIGNMENT (( #6438 ) ) ;
#5476 = CARTESIAN_POINT ( 'NONE',  ( -0.3614692611031775638, -0.7209142875376257642, -20.40000000000000213 ) ) ;
#5477 = ADVANCED_FACE ( 'NONE', ( #1077 ), #9965, .T. ) ;
#5478 = VERTEX_POINT ( 'NONE', #6016 ) ;
#5479 = CARTESIAN_POINT ( 'NONE',  ( 4.797112497970969613, -0.5504493902215693568, -20.60000000000000142 ) ) ;
#5480 = CARTESIAN_POINT ( 'NONE',  ( 5.156702439925135550, 0.6413348586406989460, -20.40000000000000213 ) ) ;
#5481 = VECTOR ( 'NONE', #3045, 1000.000000000000114 ) ;
#5482 = CARTESIAN_POINT ( 'NONE',  ( -3.943520586815386864, 0.3622782971212067382, -20.39999999999999858 ) ) ;
#5483 = CARTESIAN_POINT ( 'NONE',  ( -5.422966334013900713, -0.8976261803203401390, -20.60000000000000142 ) ) ;
#5484 = DIRECTION ( 'NONE',  ( -0.000000000000000000, -0.000000000000000000, -1.000000000000000000 ) ) ;
#5485 = SURFACE_STYLE_FILL_AREA ( #9574 ) ;
#5486 = CARTESIAN_POINT ( 'NONE',  ( -0.2245560706809656137, 0.5534469561450112707, -20.59999999999999787 ) ) ;
#5487 = CIRCLE ( 'NONE', #2222, 0.2000000000000000944 ) ;
#5488 = EDGE_CURVE ( 'NONE', #8067, #4766, #5985, .T. ) ;
#5489 = ORIENTED_EDGE ( 'NONE', *, *, #7994, .F. ) ;
#5490 = CARTESIAN_POINT ( 'NONE',  ( -0.02810240231379365280, -0.2735529755948763464, -20.40000000000000213 ) ) ;
#5491 = STYLED_ITEM ( 'NONE', ( #1312 ), #7628 ) ;
#5492 = CARTESIAN_POINT ( 'NONE',  ( -5.272684723739862633, 0.5538656990518742163, -20.59999999999999787 ) ) ;
#5493 = FACE_OUTER_BOUND ( 'NONE', #3183, .T. ) ;
#5494 = PLANE ( 'NONE',  #10525 ) ;
#5495 = DIRECTION ( 'NONE',  ( 0.000000000000000000, 0.000000000000000000, -1.000000000000000000 ) ) ;
#5496 = VERTEX_POINT ( 'NONE', #6278 ) ;
#5497 = CARTESIAN_POINT ( 'NONE',  ( -0.7781438985713531320, 0.3389456408942408960, -20.39999999999999503 ) ) ;
#5498 = CARTESIAN_POINT ( 'NONE',  ( 0.8036078148224815587, -0.06092787787667006821, -20.39999999999999858 ) ) ;
#5499 = CARTESIAN_POINT ( 'NONE',  ( -0.02774862219254034881, -0.2562909530476126796, -20.40000000000000213 ) ) ;
#5500 = SURFACE_SIDE_STYLE ('',( #3142 ) ) ;
#5501 = VERTEX_POINT ( 'NONE', #554 ) ;
#5502 = LINE ( 'NONE', #1371, #26 ) ;
#5503 = EDGE_LOOP ( 'NONE', ( #1592, #2968, #7571, #8379 ) ) ;
#5504 = CARTESIAN_POINT ( 'NONE',  ( 0.6224137154697974017, -0.6510758556450154666, -20.40000000000000213 ) ) ;
#5505 = MECHANICAL_DESIGN_GEOMETRIC_PRESENTATION_REPRESENTATION (  '', ( #545 ), #8958 ) ;
#5506 = CARTESIAN_POINT ( 'NONE',  ( 2.400000000000000355, 0.7999999999999984901, -18.59999999999999787 ) ) ;
#5507 = LINE ( 'NONE', #6364, #6808 ) ;
#5508 = PLANE ( 'NONE',  #3780 ) ;
#5509 =( NAMED_UNIT ( * ) PLANE_ANGLE_UNIT ( ) SI_UNIT ( $, .RADIAN. ) );
#5510 = CARTESIAN_POINT ( 'NONE',  ( -4.923453647268900113, -0.08275624155219758749, -20.40000000000000568 ) ) ;
#5511 = CARTESIAN_POINT ( 'NONE',  ( 0.000000000000000000, 0.000000000000000000, -8.799999999999998934 ) ) ;
#5512 = EDGE_LOOP ( 'NONE', ( #7550, #8283, #6228, #5203 ) ) ;
#5513 = CARTESIAN_POINT ( 'NONE',  ( -0.2843173928013169038, -0.8872969924675326858, -20.60000000000000853 ) ) ;
#5514 = ORIENTED_EDGE ( 'NONE', *, *, #6496, .T. ) ;
#5515 = CARTESIAN_POINT ( 'NONE',  ( 4.717273376406750707, 0.3260879807271640507, -20.60000000000000853 ) ) ;
#5516 = CARTESIAN_POINT ( 'NONE',  ( 2.799999999999999822, -8.813878188659971968, -20.40000000000000213 ) ) ;
#5517 = CARTESIAN_POINT ( 'NONE',  ( -1.500000000000000000, 9.213878188659972324, -2.200000000000000622 ) ) ;
#5518 = CARTESIAN_POINT ( 'NONE',  ( -3.928624128444137664, 0.3128797459651007085, -20.59999999999999787 ) ) ;
#5519 = CARTESIAN_POINT ( 'NONE',  ( -3.933456030854580288, 0.3669696504612116050, -20.60000000000000497 ) ) ;
#5520 = DIRECTION ( 'NONE',  ( -1.000000000000000000, 0.000000000000000000, 0.000000000000000000 ) ) ;
#5521 = FILL_AREA_STYLE_COLOUR ( '', #9176 ) ;
#5522 = ADVANCED_FACE ( 'NONE', ( #4511 ), #6945, .T. ) ;
#5523 = DIRECTION ( 'NONE',  ( 0.000000000000000000, 0.000000000000000000, 1.000000000000000000 ) ) ;
#5524 = ORIENTED_EDGE ( 'NONE', *, *, #2970, .T. ) ;
#5525 = CARTESIAN_POINT ( 'NONE',  ( -3.199999999999999734, -5.013878188659972146, -20.40000000000000213 ) ) ;
#5526 = CARTESIAN_POINT ( 'NONE',  ( 4.336808689942017736E-16, 6.799999999999997158, -18.59999999999999787 ) ) ;
#5527 = ORIENTED_EDGE ( 'NONE', *, *, #10526, .F. ) ;
#5528 = VECTOR ( 'NONE', #1486, 1000.000000000000000 ) ;
#5529 = FACE_OUTER_BOUND ( 'NONE', #9278, .T. ) ;
#5530 = DIRECTION ( 'NONE',  ( -1.000000000000000000, 0.000000000000000000, 0.000000000000000000 ) ) ;
#5531 = CARTESIAN_POINT ( 'NONE',  ( -1.020804020586596472, 0.1890509280178577500, -20.40000000000000213 ) ) ;
#5532 =( GEOMETRIC_REPRESENTATION_CONTEXT ( 3 ) GLOBAL_UNCERTAINTY_ASSIGNED_CONTEXT ( ( #9311 ) ) GLOBAL_UNIT_ASSIGNED_CONTEXT ( ( #6101, #9398, #6980 ) ) REPRESENTATION_CONTEXT ( 'NONE', 'WORKASPACE' ) );
#5533 = CARTESIAN_POINT ( 'NONE',  ( -3.825563736611302001, 0.6218543391601795145, -20.40000000000000213 ) ) ;
#5534 = AXIS2_PLACEMENT_3D ( 'NONE', #4134, #5862, #2585 ) ;
#5535 = EDGE_CURVE ( 'NONE', #8233, #4228, #9923, .T. ) ;
#5536 = EDGE_CURVE ( 'NONE', #6750, #7593, #1126, .T. ) ;
#5537 = PRESENTATION_LAYER_ASSIGNMENT (  '', '', ( #8997 ) ) ;
#5538 = CARTESIAN_POINT ( 'NONE',  ( -0.1225868111330094129, 0.4680521455670031972, -20.59999999999999787 ) ) ;
#5539 = VERTEX_POINT ( 'NONE', #9570 ) ;
#5540 = DIRECTION ( 'NONE',  ( -0.000000000000000000, -0.000000000000000000, -1.000000000000000000 ) ) ;
#5541 = B_SPLINE_SURFACE_WITH_KNOTS ( 'NONE', 3, 1, ( 
 ( #915, #7471 ),
 ( #5798, #6659 ),
 ( #9141, #5046 ),
 ( #10050, #1712 ),
 ( #9238, #8322 ),
 ( #5145, #4336 ),
 ( #7521, #6547 ),
 ( #4229, #1012 ),
 ( #5096, #3422 ),
 ( #4283, #6711 ),
 ( #9997, #2616 ) ),
 .UNSPECIFIED., .F., .F., .F.,
 ( 4, 1, 1, 1, 1, 1, 1, 1, 4 ),
 ( 2, 2 ),
 ( 0.000000000000000000, 0.1473311512453896743, 0.2878417253961127464, 0.4226040141878716905, 0.5507844049688578325, 0.6725789076994169724, 0.7877904733471088328, 0.8972933363546494734, 0.9999999999999998890 ),
 ( 0.000000000000000000, 1.000000000000000000 ),
 .UNSPECIFIED. ) ;
#5542 = PRESENTATION_LAYER_ASSIGNMENT (  '', '', ( #7095 ) ) ;
#5543 = ORIENTED_EDGE ( 'NONE', *, *, #8906, .T. ) ;
#5544 = DIRECTION ( 'NONE',  ( -0.000000000000000000, -0.000000000000000000, -1.000000000000000000 ) ) ;
#5545 = CARTESIAN_POINT ( 'NONE',  ( 7.869140320336472705, 5.013878188659970370, -8.799999999999998934 ) ) ;
#5546 = ADVANCED_FACE ( 'NONE', ( #3819 ), #2145, .F. ) ;
#5547 = CARTESIAN_POINT ( 'NONE',  ( -4.367974450897015970, -0.8781456608398205965, -20.40000000000000213 ) ) ;
#5548 = FILL_AREA_STYLE ('',( #9643 ) ) ;
#5549 = FILL_AREA_STYLE_COLOUR ( '', #9639 ) ;
#5550 = PRESENTATION_LAYER_ASSIGNMENT (  '', '', ( #8468 ) ) ;
#5551 = DIRECTION ( 'NONE',  ( 0.000000000000000000, 1.000000000000000000, 0.000000000000000000 ) ) ;
#5552 = ORIENTED_EDGE ( 'NONE', *, *, #9288, .F. ) ;
#5553 = DIRECTION ( 'NONE',  ( 0.000000000000000000, 0.000000000000000000, -1.000000000000000000 ) ) ;
#5554 = VERTEX_POINT ( 'NONE', #5319 ) ;
#5555 = AXIS2_PLACEMENT_3D ( 'NONE', #4662, #5469, #2355 ) ;
#5556 = CARTESIAN_POINT ( 'NONE',  ( -5.289571678805270238, -0.6940666626739249168, -20.60000000000000142 ) ) ;
#5557 = DIRECTION ( 'NONE',  ( 0.000000000000000000, 0.000000000000000000, 1.000000000000000000 ) ) ;
#5558 = EDGE_LOOP ( 'NONE', ( #2093, #8419, #2066, #2308 ) ) ;
#5559 = AXIS2_PLACEMENT_3D ( 'NONE', #1039, #1898, #1196 ) ;
#5560 = CARTESIAN_POINT ( 'NONE',  ( 0.7024664752100571175, -0.3573461478528076052, -20.60000000000000142 ) ) ;
#5561 = UNCERTAINTY_MEASURE_WITH_UNIT (LENGTH_MEASURE( 1.000000000000000082E-05 ), #8919, 'distance_accuracy_value', 'NONE');
#5562 = CARTESIAN_POINT ( 'NONE',  ( 5.622027547605732423, -0.5027786375701198684, -20.40000000000000568 ) ) ;
#5563 = DIRECTION ( 'NONE',  ( 0.000000000000000000, 0.000000000000000000, -1.000000000000000000 ) ) ;
#5564 = EDGE_LOOP ( 'NONE', ( #4950, #848, #6923 ) ) ;
#5565 = VECTOR ( 'NONE', #3406, 1000.000000000000000 ) ;
#5566 = CARTESIAN_POINT ( 'NONE',  ( 4.869066006936983548, 0.5476112400182273632, -20.40000000000000213 ) ) ;
#5567 = ORIENTED_EDGE ( 'NONE', *, *, #6382, .F. ) ;
#5568 = CARTESIAN_POINT ( 'NONE',  ( 4.778231214447146158, 0.4513562701014059986, -20.39999999999999147 ) ) ;
#5569 = CARTESIAN_POINT ( 'NONE',  ( -0.1895103601308366914, -0.8556149185391274115, -20.40000000000000568 ) ) ;
#5570 = CARTESIAN_POINT ( 'NONE',  ( -0.9868514826015442054, -0.3794221221195825389, -20.59999999999999787 ) ) ;
#5571 = CARTESIAN_POINT ( 'NONE',  ( -1.017007742270513493, -0.2673950068878415687, -20.39999999999999503 ) ) ;
#5572 = SURFACE_STYLE_USAGE ( .BOTH. , #10497 ) ;
#5573 = CARTESIAN_POINT ( 'NONE',  ( 0.000000000000000000, 0.000000000000000000, -20.60000000000000142 ) ) ;
#5574 = CARTESIAN_POINT ( 'NONE',  ( 2.400000000000000355, -5.199999999999997513, -18.59999999999999787 ) ) ;
#5575 = CARTESIAN_POINT ( 'NONE',  ( -0.7253506880370967913, -0.5375166155477769658, -20.60000000000000142 ) ) ;
#5576 = DIRECTION ( 'NONE',  ( -0.000000000000000000, -0.000000000000000000, -1.000000000000000000 ) ) ;
#5577 = CARTESIAN_POINT ( 'NONE',  ( -5.404371658741352391, -0.8972021658161308810, -20.40000000000000213 ) ) ;
#5578 = CARTESIAN_POINT ( 'NONE',  ( -4.475421691156756587, -0.2572041023982621910, -20.40000000000000213 ) ) ;
#5579 = ORIENTED_EDGE ( 'NONE', *, *, #4751, .T. ) ;
#5580 = CARTESIAN_POINT ( 'NONE',  ( 4.911694310060923385, -0.4366939112938670320, -20.40000000000000213 ) ) ;
#5581 = CARTESIAN_POINT ( 'NONE',  ( -0.2253624131450002177, -0.6729670604677725487, -20.40000000000000568 ) ) ;
#5582 = ORIENTED_EDGE ( 'NONE', *, *, #2940, .T. ) ;
#5583 = EDGE_CURVE ( 'NONE', #1870, #2739, #2086, .T. ) ;
#5584 = FACE_OUTER_BOUND ( 'NONE', #9386, .T. ) ;
#5585 =( NAMED_UNIT ( * ) SI_UNIT ( $, .STERADIAN. ) SOLID_ANGLE_UNIT ( ) );
#5586 = FILL_AREA_STYLE ('',( #2311 ) ) ;
#5587 = DIRECTION ( 'NONE',  ( 1.000000000000000000, 0.000000000000000000, 0.000000000000000000 ) ) ;
#5588 =( LENGTH_UNIT ( ) NAMED_UNIT ( * ) SI_UNIT ( .MILLI., .METRE. ) );
#5589 = AXIS2_PLACEMENT_3D ( 'NONE', #5761, #981, #882 ) ;
#5590 = LINE ( 'NONE', #1572, #6760 ) ;
#5591 = LINE ( 'NONE', #673, #6964 ) ;
#5592 = B_SPLINE_CURVE_WITH_KNOTS ( 'NONE', 3,
 ( #8900, #4034, #34, #9859, #2484, #137, #3990 ),
 .UNSPECIFIED., .F., .F.,
 ( 4, 1, 1, 1, 4 ),
 ( 0.000000000000000000, 0.2121774586276825303, 0.4489009667349213584, 0.7114906539182617173, 1.000000000000000000 ),
 .UNSPECIFIED. ) ;
#5593 = ORIENTED_EDGE ( 'NONE', *, *, #2754, .T. ) ;
#5594 = FACE_OUTER_BOUND ( 'NONE', #950, .T. ) ;
#5595 = AXIS2_PLACEMENT_3D ( 'NONE', #5058, #1626, #8996 ) ;
#5596 = ORIENTED_EDGE ( 'NONE', *, *, #345, .F. ) ;
#5597 = EDGE_CURVE ( 'NONE', #2929, #8233, #2838, .T. ) ;
#5598 = SURFACE_STYLE_USAGE ( .BOTH. , #8020 ) ;
#5599 = FILL_AREA_STYLE ('',( #8021 ) ) ;
#5600 = EDGE_CURVE ( 'NONE', #7290, #8615, #7051, .T. ) ;
#5601 = PRESENTATION_LAYER_ASSIGNMENT (  '', '', ( #5925 ) ) ;
#5602 =( LENGTH_UNIT ( ) NAMED_UNIT ( * ) SI_UNIT ( .MILLI., .METRE. ) );
#5603 =( GEOMETRIC_REPRESENTATION_CONTEXT ( 3 ) GLOBAL_UNCERTAINTY_ASSIGNED_CONTEXT ( ( #2339 ) ) GLOBAL_UNIT_ASSIGNED_CONTEXT ( ( #8428, #5952, #6977 ) ) REPRESENTATION_CONTEXT ( 'NONE', 'WORKASPACE' ) );
#5604 = CARTESIAN_POINT ( 'NONE',  ( -7.400000000000000355, 0.7999999999999984901, -18.59999999999999787 ) ) ;
#5605 = SURFACE_STYLE_USAGE ( .BOTH. , #4748 ) ;
#5606 = DIRECTION ( 'NONE',  ( 0.000000000000000000, 0.000000000000000000, -1.000000000000000000 ) ) ;
#5607 = ORIENTED_EDGE ( 'NONE', *, *, #2805, .T. ) ;
#5608 = CARTESIAN_POINT ( 'NONE',  ( 0.7024664752100571175, -0.3573461478528076052, -20.60000000000000142 ) ) ;
#5609 = EDGE_LOOP ( 'NONE', ( #4865, #5901, #2542, #5936 ) ) ;
#5610 = VECTOR ( 'NONE', #5991, 1000.000000000000000 ) ;
#5611 = EDGE_CURVE ( 'NONE', #6965, #3412, #5800, .T. ) ;
#5612 = VERTEX_POINT ( 'NONE', #6999 ) ;
#5613 = CARTESIAN_POINT ( 'NONE',  ( -5.147525415367888435, -0.5757666422255161010, -20.60000000000000497 ) ) ;
#5614 = DIRECTION ( 'NONE',  ( -1.000000000000000000, 0.000000000000000000, 0.000000000000000000 ) ) ;
#5615 = VERTEX_POINT ( 'NONE', #10284 ) ;
#5616 = PLANE ( 'NONE',  #5194 ) ;
#5617 = DIRECTION ( 'NONE',  ( 0.000000000000000000, 0.000000000000000000, 1.000000000000000000 ) ) ;
#5618 = LINE ( 'NONE', #742, #4242 ) ;
#5619 = CARTESIAN_POINT ( 'NONE',  ( -4.936513852579873962, 0.0007362267868382540385, -20.39999999999999858 ) ) ;
#5620 =( NAMED_UNIT ( * ) SI_UNIT ( $, .STERADIAN. ) SOLID_ANGLE_UNIT ( ) );
#5621 = VECTOR ( 'NONE', #8741, 1000.000000000000000 ) ;
#5622 = AXIS2_PLACEMENT_3D ( 'NONE', #8148, #791, #1040 ) ;
#5623 = ORIENTED_EDGE ( 'NONE', *, *, #763, .T. ) ;
#5624 =( GEOMETRIC_REPRESENTATION_CONTEXT ( 3 ) GLOBAL_UNCERTAINTY_ASSIGNED_CONTEXT ( ( #642 ) ) GLOBAL_UNIT_ASSIGNED_CONTEXT ( ( #2047, #462, #4076 ) ) REPRESENTATION_CONTEXT ( 'NONE', 'WORKASPACE' ) );
#5625 = EDGE_LOOP ( 'NONE', ( #207, #10452, #7779, #2687 ) ) ;
#5626 = CARTESIAN_POINT ( 'NONE',  ( -6.599999999999999645, 3.199999999999998845, -8.799999999999998934 ) ) ;
#5627 = EDGE_CURVE ( 'NONE', #5098, #7251, #2190, .T. ) ;
#5628 = MECHANICAL_DESIGN_GEOMETRIC_PRESENTATION_REPRESENTATION (  '', ( #1519 ), #5114 ) ;
#5629 = DIRECTION ( 'NONE',  ( -0.000000000000000000, -1.000000000000000000, -0.000000000000000000 ) ) ;
#5630 = CARTESIAN_POINT ( 'NONE',  ( -3.904374472969180054, 0.1350724675536561781, -20.59999999999999787 ) ) ;
#5631 = CARTESIAN_POINT ( 'NONE',  ( 1.582842712474619162, -9.013878188659973034, -8.882842712474618097 ) ) ;
#5632 = CARTESIAN_POINT ( 'NONE',  ( -1.700000000000000178, -9.013878188659973034, -9.000000000000000000 ) ) ;
#5633 = CARTESIAN_POINT ( 'NONE',  ( -5.887454970377536512, 0.1543218716277116598, -20.60000000000000142 ) ) ;
#5634 = PRESENTATION_STYLE_ASSIGNMENT (( #909 ) ) ;
#5635 = CARTESIAN_POINT ( 'NONE',  ( -3.000000000000000000, 8.813878188659971968, -8.799999999999998934 ) ) ;
#5636 = CARTESIAN_POINT ( 'NONE',  ( 1.600000000000000089, 3.199999999999998845, -8.799999999999998934 ) ) ;
#5637 = LINE ( 'NONE', #9775, #8698 ) ;
#5638 = ORIENTED_EDGE ( 'NONE', *, *, #10195, .T. ) ;
#5639 = COLOUR_RGB ( '',0.007843137254901960675, 0.2392156862745097867, 0.8235294117647058432 ) ;
#5640 = DIRECTION ( 'NONE',  ( -1.000000000000000000, -0.000000000000000000, -0.000000000000000000 ) ) ;
#5641 = ORIENTED_EDGE ( 'NONE', *, *, #8532, .F. ) ;
#5642 = CYLINDRICAL_SURFACE ( 'NONE', #1330, 0.9500000000000000666 ) ;
#5643 = CARTESIAN_POINT ( 'NONE',  ( -1.040735635179553142, -0.02648169980085948033, -20.40000000000000213 ) ) ;
#5644 = AXIS2_PLACEMENT_3D ( 'NONE', #7952, #4063, #2410 ) ;
#5645 = CARTESIAN_POINT ( 'NONE',  ( 2.400000000000000355, -8.399999999999998579, -18.59999999999999787 ) ) ;
#5646 = CARTESIAN_POINT ( 'NONE',  ( -5.422966334013900713, -0.8976261803203401390, -20.40000000000000213 ) ) ;
#5647 = ORIENTED_EDGE ( 'NONE', *, *, #5946, .T. ) ;
#5648 = ADVANCED_FACE ( 'NONE', ( #6066 ), #2958, .T. ) ;
#5649 =( NAMED_UNIT ( * ) PLANE_ANGLE_UNIT ( ) SI_UNIT ( $, .RADIAN. ) );
#5650 = AXIS2_PLACEMENT_3D ( 'NONE', #5516, #10551, #6430 ) ;
#5651 = VERTEX_POINT ( 'NONE', #1462 ) ;
#5652 = DIRECTION ( 'NONE',  ( -0.9857153748796090298, -0.1684197129968814099, 0.000000000000000000 ) ) ;
#5653 = LINE ( 'NONE', #4845, #3257 ) ;
#5654 = STYLED_ITEM ( 'NONE', ( #10282 ), #7255 ) ;
#5655 = CARTESIAN_POINT ( 'NONE',  ( -2.600000000000000533, 3.999999999999998224, -18.59999999999999787 ) ) ;
#5656 = CARTESIAN_POINT ( 'NONE',  ( -3.904374472969180054, 0.1350724675536561781, -20.39999999999999858 ) ) ;
#5657 =( NAMED_UNIT ( * ) PLANE_ANGLE_UNIT ( ) SI_UNIT ( $, .RADIAN. ) );
#5658 = EDGE_CURVE ( 'NONE', #4379, #3446, #5970, .T. ) ;
#5659 = ORIENTED_EDGE ( 'NONE', *, *, #2674, .F. ) ;
#5660 = CARTESIAN_POINT ( 'NONE',  ( -0.8790680928106461289, 0.09414066708032572950, -20.60000000000001208 ) ) ;
#5661 = ORIENTED_EDGE ( 'NONE', *, *, #806, .F. ) ;
#5662 = CARTESIAN_POINT ( 'NONE',  ( 4.703473685220139977, 0.2782162287069387951, -20.40000000000000924 ) ) ;
#5663 = CARTESIAN_POINT ( 'NONE',  ( -5.445710602276332857, -0.7221345831102794488, -20.60000000000000142 ) ) ;
#5664 = CARTESIAN_POINT ( 'NONE',  ( 1.500000000000000000, 9.213878188659972324, -2.000000000000000000 ) ) ;
#5665 = ORIENTED_EDGE ( 'NONE', *, *, #8906, .F. ) ;
#5666 = CARTESIAN_POINT ( 'NONE',  ( -2.799999999999999822, -9.213878188659972324, -2.200000000000000622 ) ) ;
#5667 = UNCERTAINTY_MEASURE_WITH_UNIT (LENGTH_MEASURE( 1.000000000000000082E-05 ), #6505, 'distance_accuracy_value', 'NONE');
#5668 = CARTESIAN_POINT ( 'NONE',  ( -2.600000000000000533, 3.999999999999998224, -20.60000000000000142 ) ) ;
#5669 = PLANE ( 'NONE',  #1394 ) ;
#5670 = DIRECTION ( 'NONE',  ( 0.000000000000000000, -1.000000000000000000, 3.960565612982449707E-12 ) ) ;
#5671 =( LENGTH_UNIT ( ) NAMED_UNIT ( * ) SI_UNIT ( .MILLI., .METRE. ) );
#5672 = EDGE_CURVE ( 'NONE', #370, #7133, #3069, .T. ) ;
#5673 = MECHANICAL_DESIGN_GEOMETRIC_PRESENTATION_REPRESENTATION (  '', ( #3612 ), #1739 ) ;
#5674 = VERTEX_POINT ( 'NONE', #8124 ) ;
#5675 = EDGE_CURVE ( 'NONE', #9780, #8771, #3230, .T. ) ;
#5676 = VERTEX_POINT ( 'NONE', #7960 ) ;
#5677 = CARTESIAN_POINT ( 'NONE',  ( -2.600000000000000533, 0.7999999999999984901, -18.59999999999999787 ) ) ;
#5678 = CARTESIAN_POINT ( 'NONE',  ( -0.1029045356021820873, -0.8024666683736527695, -20.40000000000000568 ) ) ;
#5679 = AXIS2_PLACEMENT_3D ( 'NONE', #2062, #5456, #8747 ) ;
#5680 = DIRECTION ( 'NONE',  ( 0.000000000000000000, 0.000000000000000000, -1.000000000000000000 ) ) ;
#5681 = COLOUR_RGB ( '',1.000000000000000000, 1.000000000000000000, 1.000000000000000000 ) ;
#5682 = DIRECTION ( 'NONE',  ( 0.000000000000000000, -0.000000000000000000, 1.000000000000000000 ) ) ;
#5683 = CARTESIAN_POINT ( 'NONE',  ( 0.000000000000000000, -6.799999999999997158, -18.59999999999999787 ) ) ;
#5684 = DIRECTION ( 'NONE',  ( 1.000000000000000000, 0.000000000000000000, 0.000000000000000000 ) ) ;
#5685 = DIRECTION ( 'NONE',  ( -1.084202172485504434E-16, 1.000000000000000000, -0.000000000000000000 ) ) ;
#5686 = CARTESIAN_POINT ( 'NONE',  ( -4.913428996351562716, -0.2590304010995609363, -20.40000000000000213 ) ) ;
#5687 = CARTESIAN_POINT ( 'NONE',  ( 7.400000000000000355, 0.7999999999999987121, -18.59999999999999787 ) ) ;
#5688 = ADVANCED_FACE ( 'NONE', ( #8072 ), #4072, .F. ) ;
#5689 = ORIENTED_EDGE ( 'NONE', *, *, #7854, .T. ) ;
#5690 = CARTESIAN_POINT ( 'NONE',  ( 5.058386693171888382, -0.6364654660346257264, -20.40000000000000213 ) ) ;
#5691 = LINE ( 'NONE', #6439, #1149 ) ;
#5692 = EDGE_LOOP ( 'NONE', ( #9524, #9059, #1780, #3322 ) ) ;
#5693 = CARTESIAN_POINT ( 'NONE',  ( 5.397292292752066345, 0.5887764220608344701, -20.40000000000000568 ) ) ;
#5694 = CARTESIAN_POINT ( 'NONE',  ( -3.200000000000000178, 9.013878188659973034, -2.200000000000000622 ) ) ;
#5695 = CARTESIAN_POINT ( 'NONE',  ( -3.988037270973405768, 0.2005298033677748171, -20.60000000000000142 ) ) ;
#5696 = CARTESIAN_POINT ( 'NONE',  ( 1.500000000000000000, -9.213878188659972324, -2.200000000000000622 ) ) ;
#5697 = CARTESIAN_POINT ( 'NONE',  ( -5.644909810644410442, -0.8470450198920066454, -20.39999999999999858 ) ) ;
#5698 = ORIENTED_EDGE ( 'NONE', *, *, #6383, .T. ) ;
#5699 = VECTOR ( 'NONE', #6770, 1000.000000000000000 ) ;
#5700 = CARTESIAN_POINT ( 'NONE',  ( -1.500000000000000000, 9.375835069691863310, -8.799999999999998934 ) ) ;
#5701 =( NAMED_UNIT ( * ) SI_UNIT ( $, .STERADIAN. ) SOLID_ANGLE_UNIT ( ) );
#5702 = ORIENTED_EDGE ( 'NONE', *, *, #5535, .T. ) ;
#5703 = CARTESIAN_POINT ( 'NONE',  ( -0.3981828754392935932, -0.7223015049956645894, -20.60000000000000142 ) ) ;
#5704 = MECHANICAL_DESIGN_GEOMETRIC_PRESENTATION_REPRESENTATION (  '', ( #3988 ), #745 ) ;
#5705 = CARTESIAN_POINT ( 'NONE',  ( 2.799999999999999822, 8.813878188659971968, -2.200000000000000622 ) ) ;
#5706 = CARTESIAN_POINT ( 'NONE',  ( 1.600000000000000089, 5.999999999999997335, 0.000000000000000000 ) ) ;
#5707 = AXIS2_PLACEMENT_3D ( 'NONE', #4055, #5, #9028 ) ;
#5708 = CARTESIAN_POINT ( 'NONE',  ( -0.3981828754392935932, -0.7223015049956645894, -20.60000000000000142 ) ) ;
#5709 = AXIS2_PLACEMENT_3D ( 'NONE', #7534, #2435, #8881 ) ;
#5710 = ORIENTED_EDGE ( 'NONE', *, *, #10106, .F. ) ;
#5711 = DIRECTION ( 'NONE',  ( 0.000000000000000000, 0.000000000000000000, -1.000000000000000000 ) ) ;
#5712 = ORIENTED_EDGE ( 'NONE', *, *, #5796, .F. ) ;
#5713 = CIRCLE ( 'NONE', #590, 0.2000000000000000944 ) ;
#5714 = CARTESIAN_POINT ( 'NONE',  ( -4.955868910029174401, 0.08053288735248977093, -20.40000000000000213 ) ) ;
#5715 = CARTESIAN_POINT ( 'NONE',  ( -5.198931298447408977, -0.6335162293338473249, -20.60000000000000142 ) ) ;
#5716 = CARTESIAN_POINT ( 'NONE',  ( -0.4836635023960372259, -0.7115016720600195743, -20.59999999999999787 ) ) ;
#5717 = EDGE_CURVE ( 'NONE', #8503, #6485, #2366, .T. ) ;
#5718 = ORIENTED_EDGE ( 'NONE', *, *, #6628, .F. ) ;
#5719 = AXIS2_PLACEMENT_3D ( 'NONE', #2316, #1407, #7962 ) ;
#5720 = CARTESIAN_POINT ( 'NONE',  ( -1.600000000000000089, 7.599999999999996980, -2.000000000000000000 ) ) ;
#5721 = CARTESIAN_POINT ( 'NONE',  ( 1.108068499148597619, 0.3669696504612115495, -20.60000000000000497 ) ) ;
#5722 = DIRECTION ( 'NONE',  ( 1.000000000000000000, 0.000000000000000000, 0.000000000000000000 ) ) ;
#5723 = FACE_OUTER_BOUND ( 'NONE', #7347, .T. ) ;
#5724 = VERTEX_POINT ( 'NONE', #8828 ) ;
#5725 = ORIENTED_EDGE ( 'NONE', *, *, #8108, .T. ) ;
#5726 = LINE ( 'NONE', #1602, #7235 ) ;
#5727 = VECTOR ( 'NONE', #270, 1000.000000000000000 ) ;
#5728 = CARTESIAN_POINT ( 'NONE',  ( -1.600000000000000089, -7.599999999999996980, -8.799999999999998934 ) ) ;
#5729 = AXIS2_PLACEMENT_3D ( 'NONE', #9632, #2261, #6949 ) ;
#5730 = CARTESIAN_POINT ( 'NONE',  ( -4.194171691156756587, 0.05661489110823133414, -20.60000000000000142 ) ) ;
#5731 = ADVANCED_FACE ( 'NONE', ( #9627 ), #4025, .T. ) ;
#5732 = ADVANCED_FACE ( 'NONE', ( #21 ), #3914, .T. ) ;
#5733 = CARTESIAN_POINT ( 'NONE',  ( -0.1305626304659722181, -0.8227889769007590282, -20.60000000000000142 ) ) ;
#5734 = DIRECTION ( 'NONE',  ( -1.000000000000000000, 0.000000000000000000, 0.000000000000000000 ) ) ;
#5735 = CARTESIAN_POINT ( 'NONE',  ( -0.2000294663483845048, 0.2995126183809586617, -20.40000000000000213 ) ) ;
#5736 = CARTESIAN_POINT ( 'NONE',  ( 5.678038640506489543, -0.7366198866981864546, -20.40000000000000568 ) ) ;
#5737 = DIRECTION ( 'NONE',  ( -1.000000000000000000, 0.000000000000000000, -0.000000000000000000 ) ) ;
#5738 =( NAMED_UNIT ( * ) SI_UNIT ( $, .STERADIAN. ) SOLID_ANGLE_UNIT ( ) );
#5739 = FACE_OUTER_BOUND ( 'NONE', #8420, .T. ) ;
#5740 = AXIS2_PLACEMENT_3D ( 'NONE', #3024, #9589, #7342 ) ;
#5741 = ORIENTED_EDGE ( 'NONE', *, *, #6093, .T. ) ;
#5742 = CARTESIAN_POINT ( 'NONE',  ( -0.2791352691545085363, 0.5857528595128671522, -20.60000000000000497 ) ) ;
#5743 = CARTESIAN_POINT ( 'NONE',  ( -0.1861425914324525421, 0.2819350179215769359, -20.59999999999999787 ) ) ;
#5744 = VERTEX_POINT ( 'NONE', #8942 ) ;
#5745 = CARTESIAN_POINT ( 'NONE',  ( -5.672560489858056165, -0.6364654660346259485, -20.60000000000000142 ) ) ;
#5746 = EDGE_CURVE ( 'NONE', #3346, #3112, #9405, .T. ) ;
#5747 = LINE ( 'NONE', #8224, #7666 ) ;
#5748 = DIRECTION ( 'NONE',  ( 0.000000000000000000, 1.000000000000000000, 0.000000000000000000 ) ) ;
#5749 = FILL_AREA_STYLE_COLOUR ( '', #2371 ) ;
#5750 = PLANE ( 'NONE',  #1597 ) ;
#5751 = DIRECTION ( 'NONE',  ( 0.000000000000000000, -1.000000000000000000, 0.000000000000000000 ) ) ;
#5752 = CARTESIAN_POINT ( 'NONE',  ( 5.817518186678381831, -0.2590304010995608253, -20.40000000000000213 ) ) ;
#5753 = CARTESIAN_POINT ( 'NONE',  ( -5.997367686402063747, -0.3930413005237483048, -20.39999999999999858 ) ) ;
#5754 = VERTEX_POINT ( 'NONE', #7319 ) ;
#5755 = FACE_OUTER_BOUND ( 'NONE', #2789, .T. ) ;
#5756 = ORIENTED_EDGE ( 'NONE', *, *, #1260, .F. ) ;
#5757 = CARTESIAN_POINT ( 'NONE',  ( 2.799999999999999822, -8.813878188659971968, -20.40000000000000213 ) ) ;
#5758 = ADVANCED_FACE ( 'NONE', ( #10621 ), #3225, .F. ) ;
#5759 = SURFACE_SIDE_STYLE ('',( #778 ) ) ;
#5760 = CARTESIAN_POINT ( 'NONE',  ( 2.400000000000000355, 0.7999999999999984901, -18.59999999999999787 ) ) ;
#5761 = CARTESIAN_POINT ( 'NONE',  ( -4.532341334013899825, -0.8781456608398205965, -20.40000000000000213 ) ) ;
#5762 = CARTESIAN_POINT ( 'NONE',  ( -4.310377690170786202, -0.2679127727811389525, -20.40000000000000568 ) ) ;
#5763 = AXIS2_PLACEMENT_3D ( 'NONE', #9416, #10235, #2037 ) ;
#5764 = CARTESIAN_POINT ( 'NONE',  ( -1.600000000000000089, 7.599999999999996980, -8.799999999999998934 ) ) ;
#5765 = ORIENTED_EDGE ( 'NONE', *, *, #1264, .F. ) ;
#5766 = CARTESIAN_POINT ( 'NONE',  ( -5.574244743104809885, 0.6413348586406989460, -20.40000000000000213 ) ) ;
#5767 = EDGE_LOOP ( 'NONE', ( #10534, #4154, #9876, #5425, #8823, #4350 ) ) ;
#5768 = CARTESIAN_POINT ( 'NONE',  ( -5.083064074619158212, -0.4160628737687753764, -20.59999999999999076 ) ) ;
#5769 = CARTESIAN_POINT ( 'NONE',  ( -0.4552736141015541471, -0.7173422998363923053, -20.40000000000000924 ) ) ;
#5770 = CIRCLE ( 'NONE', #129, 9.999999999999998224 ) ;
#5771 = VECTOR ( 'NONE', #3318, 1000.000000000000000 ) ;
#5772 = ORIENTED_EDGE ( 'NONE', *, *, #1735, .F. ) ;
#5773 = CARTESIAN_POINT ( 'NONE',  ( 1.148338677074147496, 0.07069349544887806869, -20.60000000000000497 ) ) ;
#5774 = UNCERTAINTY_MEASURE_WITH_UNIT (LENGTH_MEASURE( 1.000000000000000082E-05 ), #9616, 'distance_accuracy_value', 'NONE');
#5775 = LINE ( 'NONE', #95, #1947 ) ;
#5776 = EDGE_LOOP ( 'NONE', ( #5196, #1428, #10126, #2755 ) ) ;
#5777 = ORIENTED_EDGE ( 'NONE', *, *, #345, .T. ) ;
#5778 = ADVANCED_FACE ( 'NONE', ( #10055 ), #5954, .T. ) ;
#5779 = AXIS2_PLACEMENT_3D ( 'NONE', #8632, #10204, #5401 ) ;
#5780 =( GEOMETRIC_REPRESENTATION_CONTEXT ( 3 ) GLOBAL_UNCERTAINTY_ASSIGNED_CONTEXT ( ( #2439 ) ) GLOBAL_UNIT_ASSIGNED_CONTEXT ( ( #111, #9826, #6655 ) ) REPRESENTATION_CONTEXT ( 'NONE', 'WORKASPACE' ) );
#5781 = DIRECTION ( 'NONE',  ( 0.000000000000000000, -0.000000000000000000, -1.000000000000000000 ) ) ;
#5782 = AXIS2_PLACEMENT_3D ( 'NONE', #4657, #8055, #7941 ) ;
#5783 = CARTESIAN_POINT ( 'NONE',  ( -1.039872243885678671, -0.08854938548006492660, -20.59999999999999076 ) ) ;
#5784 = EDGE_LOOP ( 'NONE', ( #544, #3197, #2540, #10648, #4080, #9849, #4988, #5220, #5741, #9182, #5130, #3204 ) ) ;
#5785 = SURFACE_STYLE_FILL_AREA ( #905 ) ;
#5786 = CARTESIAN_POINT ( 'NONE',  ( 0.5123475382979797432, 3.199999999999998401, -8.799999999999998934 ) ) ;
#5787 = MECHANICAL_DESIGN_GEOMETRIC_PRESENTATION_REPRESENTATION (  '', ( #8533 ), #8725 ) ;
#5788 = PRESENTATION_LAYER_ASSIGNMENT (  '', '', ( #9061 ) ) ;
#5789 = CARTESIAN_POINT ( 'NONE',  ( -3.199999999999999734, -5.213878188659972324, -20.40000000000000213 ) ) ;
#5790 = CARTESIAN_POINT ( 'NONE',  ( -4.339058054793120789, -0.3573461478528076607, -20.40000000000000568 ) ) ;
#5791 = VECTOR ( 'NONE', #3813, 1000.000000000000000 ) ;
#5792 = DIRECTION ( 'NONE',  ( 0.000000000000000000, -0.000000000000000000, -1.000000000000000000 ) ) ;
#5793 = CARTESIAN_POINT ( 'NONE',  ( -1.500000000000000000, 9.213878188659972324, -2.200000000000000622 ) ) ;
#5794 =( NAMED_UNIT ( * ) PLANE_ANGLE_UNIT ( ) SI_UNIT ( $, .RADIAN. ) );
#5795 = VERTEX_POINT ( 'NONE', #6768 ) ;
#5796 = EDGE_CURVE ( 'NONE', #2986, #8388, #1018, .T. ) ;
#5797 = EDGE_CURVE ( 'NONE', #6244, #8840, #1876, .T. ) ;
#5798 = CARTESIAN_POINT ( 'NONE',  ( -4.201676895659563371, 0.03642325222388206191, -20.40000000000000213 ) ) ;
#5799 = AXIS2_PLACEMENT_3D ( 'NONE', #5694, #8990, #6551 ) ;
#5800 = CIRCLE ( 'NONE', #7681, 0.1999999999999987899 ) ;
#5801 = VERTEX_POINT ( 'NONE', #9148 ) ;
#5802 = CARTESIAN_POINT ( 'NONE',  ( -0.5123475382979805204, 5.999999999999997335, -8.799999999999998934 ) ) ;
#5803 = CARTESIAN_POINT ( 'NONE',  ( -4.419110814533379283, -0.6510758556450154666, -20.40000000000000213 ) ) ;
#5804 = CARTESIAN_POINT ( 'NONE',  ( -5.682749508570398511, -0.6273834663167746628, -20.60000000000000142 ) ) ;
#5805 = CARTESIAN_POINT ( 'NONE',  ( 5.532015884582535570, -0.6335162293338469919, -20.59999999999999432 ) ) ;
#5806 = DIRECTION ( 'NONE',  ( 0.000000000000000000, 0.000000000000000000, -1.000000000000000000 ) ) ;
#5807 = LINE ( 'NONE', #9096, #2765 ) ;
#5808 = CARTESIAN_POINT ( 'NONE',  ( -5.682749508570398511, -0.6273834663167746628, -20.40000000000000213 ) ) ;
#5809 = MECHANICAL_DESIGN_GEOMETRIC_PRESENTATION_REPRESENTATION (  '', ( #7697 ), #6494 ) ;
#5810 = EDGE_LOOP ( 'NONE', ( #8361, #4146, #6493, #4590 ) ) ;
#5811 = EDGE_CURVE ( 'NONE', #441, #4241, #8430, .T. ) ;
#5812 = EDGE_CURVE ( 'NONE', #252, #2156, #5080, .T. ) ;
#5813 = FACE_OUTER_BOUND ( 'NONE', #10402, .T. ) ;
#5814 = ORIENTED_EDGE ( 'NONE', *, *, #9034, .F. ) ;
#5815 = DIRECTION ( 'NONE',  ( -1.000000000000000000, 0.000000000000000000, 0.000000000000000000 ) ) ;
#5816 = COLOUR_RGB ( '',1.000000000000000000, 1.000000000000000000, 1.000000000000000000 ) ;
#5817 = CARTESIAN_POINT ( 'NONE',  ( 1.600000000000000089, -5.999999999999997335, -8.799999999999998934 ) ) ;
#5818 = DIRECTION ( 'NONE',  ( 0.000000000000000000, 1.000000000000000000, 0.000000000000000000 ) ) ;
#5819 = CARTESIAN_POINT ( 'NONE',  ( -0.9500000000000005107, 2.399999999999998579, -18.59999999999999787 ) ) ;
#5820 = CARTESIAN_POINT ( 'NONE',  ( 8.069140320336472882, 5.013878188659970370, -8.799999999999998934 ) ) ;
#5821 = CIRCLE ( 'NONE', #2563, 0.1999999999999987899 ) ;
#5822 = ADVANCED_FACE ( 'NONE', ( #10001 ), #1338, .T. ) ;
#5823 = ORIENTED_EDGE ( 'NONE', *, *, #8449, .T. ) ;
#5824 = SURFACE_SIDE_STYLE ('',( #5119 ) ) ;
#5825 = VERTEX_POINT ( 'NONE', #9337 ) ;
#5826 = CARTESIAN_POINT ( 'NONE',  ( -5.010139925855979115, 0.2298173490877513381, -20.40000000000000213 ) ) ;
#5827 = CARTESIAN_POINT ( 'NONE',  ( -1.599999999999999645, 5.999999999999997335, -8.799999999999998934 ) ) ;
#5828 = CARTESIAN_POINT ( 'NONE',  ( -0.8427187566066809410, -0.2993032188636536861, -20.39999999999999858 ) ) ;
#5829 = LINE ( 'NONE', #5720, #9673 ) ;
#5830 = CARTESIAN_POINT ( 'NONE',  ( 1.137150057033996076, 0.1350724675536561503, -20.60000000000000142 ) ) ;
#5831 = PRESENTATION_STYLE_ASSIGNMENT (( #2394 ) ) ;
#5832 = CARTESIAN_POINT ( 'NONE',  ( 2.799999999999999822, 8.813878188659971968, -20.40000000000000213 ) ) ;
#5833 = EDGE_LOOP ( 'NONE', ( #3950, #8730, #6218, #7988 ) ) ;
#5834 = AXIS2_PLACEMENT_3D ( 'NONE', #1234, #7841, #3758 ) ;
#5835 = SURFACE_SIDE_STYLE ('',( #9275 ) ) ;
#5836 = ORIENTED_EDGE ( 'NONE', *, *, #4332, .T. ) ;
#5837 = CARTESIAN_POINT ( 'NONE',  ( 4.843492212652408035, 0.1543218716277117430, -20.40000000000000213 ) ) ;
#5838 = EDGE_CURVE ( 'NONE', #6204, #770, #4442, .T. ) ;
#5839 = AXIS2_PLACEMENT_3D ( 'NONE', #3728, #10308, #10252 ) ;
#5840 = CARTESIAN_POINT ( 'NONE',  ( 0.5766048442060391910, -0.3231029193546714473, -20.40000000000000213 ) ) ;
#5841 = LINE ( 'NONE', #3518, #7828 ) ;
#5842 = CARTESIAN_POINT ( 'NONE',  ( 5.559604209943875830, -0.8355450963236156214, -20.60000000000000497 ) ) ;
#5843 = FILL_AREA_STYLE_COLOUR ( '', #602 ) ;
#5844 = SURFACE_STYLE_USAGE ( .BOTH. , #2562 ) ;
#5845 = EDGE_LOOP ( 'NONE', ( #3180, #1439, #5048 ) ) ;
#5846 = SURFACE_STYLE_USAGE ( .BOTH. , #6762 ) ;
#5847 = DIRECTION ( 'NONE',  ( 1.000000000000000000, 0.000000000000000000, 0.000000000000000000 ) ) ;
#5848 = ORIENTED_EDGE ( 'NONE', *, *, #2898, .F. ) ;
#5849 = CARTESIAN_POINT ( 'NONE',  ( 5.153962991873187960, 0.4660101833160235074, -20.40000000000000213 ) ) ;
#5850 = LINE ( 'NONE', #2620, #3028 ) ;
#5851 = CARTESIAN_POINT ( 'NONE',  ( -4.427387773856752418, -0.5856853274837436896, -20.59999999999999787 ) ) ;
#5852 = FACE_OUTER_BOUND ( 'NONE', #6761, .T. ) ;
#5853 = EDGE_CURVE ( 'NONE', #7077, #8209, #8702, .T. ) ;
#5854 = SPHERICAL_SURFACE ( 'NONE', #1589, 0.2000000000000000111 ) ;
#5855 = CARTESIAN_POINT ( 'NONE',  ( -3.199999999999999734, 5.213878188659972324, -2.000000000000000000 ) ) ;
#5857 = CARTESIAN_POINT ( 'NONE',  ( 0.000000000000000000, 0.000000000000000000, -18.59999999999999787 ) ) ;
#5856 = CIRCLE ( 'NONE', #1219, 0.2000000000000000944 ) ;
#5858 = PLANE ( 'NONE',  #9551 ) ;
#5859 = ORIENTED_EDGE ( 'NONE', *, *, #4219, .F. ) ;
#5860 = VERTEX_POINT ( 'NONE', #2882 ) ;
#5861 = CARTESIAN_POINT ( 'NONE',  ( -5.272684723739862633, 0.5538656990518742163, -20.39999999999999858 ) ) ;
#5862 = DIRECTION ( 'NONE',  ( -0.000000000000000000, -0.000000000000000000, -1.000000000000000000 ) ) ;
#5863 = ADVANCED_FACE ( 'NONE', ( #6161 ), #6868, .T. ) ;
#5864 = EDGE_CURVE ( 'NONE', #7025, #138, #2378, .T. ) ;
#5865 = DIRECTION ( 'NONE',  ( -1.000000000000000000, 0.000000000000000000, -0.000000000000000000 ) ) ;
#5866 = CARTESIAN_POINT ( 'NONE',  ( -8.069140320336472882, -4.813878188659971080, -20.60000000000000142 ) ) ;
#5867 = VERTEX_POINT ( 'NONE', #1388 ) ;
#5868 = CIRCLE ( 'NONE', #7266, 0.1999999999999987899 ) ;
#5869 = ORIENTED_EDGE ( 'NONE', *, *, #2325, .F. ) ;
#5870 = CARTESIAN_POINT ( 'NONE',  ( -5.069273152195719945, -0.2608566998008597371, -20.40000000000000568 ) ) ;
#5871 = DIRECTION ( 'NONE',  ( 0.000000000000000000, 1.000000000000000000, 1.761828530288947861E-15 ) ) ;
#5872 = VECTOR ( 'NONE', #5684, 1000.000000000000000 ) ;
#5873 = CARTESIAN_POINT ( 'NONE',  ( -0.5226755702444884077, 0.6413348586406990570, -20.40000000000000213 ) ) ;
#5874 = B_SPLINE_CURVE_WITH_KNOTS ( 'NONE', 3,
 ( #5052, #5804, #8274, #9094, #1770, #4183, #1718, #4940, #7318, #1622, #7476 ),
 .UNSPECIFIED., .F., .F.,
 ( 4, 1, 1, 1, 1, 1, 1, 1, 4 ),
 ( 0.000000000000000000, 0.1205930384578621367, 0.2411393832574639240, 0.3617290870536218894, 0.4838562937925873775, 0.6083316884723447560, 0.7354918421289449171, 0.8655566908362639644, 1.000000000000000000 ),
 .UNSPECIFIED. ) ;
#5875 = EDGE_CURVE ( 'NONE', #312, #4864, #3052, .T. ) ;
#5876 = SURFACE_STYLE_USAGE ( .BOTH. , #300 ) ;
#5877 = CARTESIAN_POINT ( 'NONE',  ( 1.600000000000000089, 1.599999999999998535, -2.000000000000000000 ) ) ;
#5878 = AXIS2_PLACEMENT_3D ( 'NONE', #728, #7286, #1584 ) ;
#5879 =( NAMED_UNIT ( * ) SI_UNIT ( $, .STERADIAN. ) SOLID_ANGLE_UNIT ( ) );
#5880 = CARTESIAN_POINT ( 'NONE',  ( -1.599999999999999867, -5.999999999999997335, -0.2000000000000000944 ) ) ;
#5881 = COLOUR_RGB ( '',1.000000000000000000, 1.000000000000000000, 1.000000000000000000 ) ;
#5882 = VERTEX_POINT ( 'NONE', #6325 ) ;
#5883 = DIRECTION ( 'NONE',  ( -0.000000000000000000, -0.000000000000000000, 1.000000000000000000 ) ) ;
#5884 = ORIENTED_EDGE ( 'NONE', *, *, #10147, .F. ) ;
#5885 = CIRCLE ( 'NONE', #8459, 0.2000000000000000944 ) ;
#5886 = AXIS2_PLACEMENT_3D ( 'NONE', #934, #5113, #4195 ) ;
#5887 = PLANE ( 'NONE',  #3040 ) ;
#5888 = EDGE_CURVE ( 'NONE', #8743, #3993, #802, .T. ) ;
#5889 = ORIENTED_EDGE ( 'NONE', *, *, #8093, .F. ) ;
#5890 = DIRECTION ( 'NONE',  ( 0.000000000000000000, -1.000000000000000000, 0.000000000000000000 ) ) ;
#5891 = CARTESIAN_POINT ( 'NONE',  ( -1.599999999999999645, -5.999999999999997335, -8.799999999999998934 ) ) ;
#5892 = CARTESIAN_POINT ( 'NONE',  ( 2.400000000000000355, -5.199999999999997513, -18.59999999999999787 ) ) ;
#5893 = CARTESIAN_POINT ( 'NONE',  ( -6.041319870812509762, 0.1917956141880400034, -20.40000000000000213 ) ) ;
#5894 = PRESENTATION_STYLE_ASSIGNMENT (( #5994 ) ) ;
#5895 = DIRECTION ( 'NONE',  ( 1.000000000000000000, 0.000000000000000000, -0.000000000000000000 ) ) ;
#5896 = MECHANICAL_DESIGN_GEOMETRIC_PRESENTATION_REPRESENTATION (  '', ( #4007 ), #6054 ) ;
#5897 = VECTOR ( 'NONE', #7275, 1000.000000000000114 ) ;
#5898 = ORIENTED_EDGE ( 'NONE', *, *, #8622, .T. ) ;
#5899 = COLOUR_RGB ( '',1.000000000000000000, 1.000000000000000000, 1.000000000000000000 ) ;
#5900 = CARTESIAN_POINT ( 'NONE',  ( 5.543433486683485789, 0.4855796791425562309, -20.59999999999999787 ) ) ;
#5901 = ORIENTED_EDGE ( 'NONE', *, *, #7696, .F. ) ;
#5902 = FILL_AREA_STYLE_COLOUR ( '', #4746 ) ;
#5903 = AXIS2_PLACEMENT_3D ( 'NONE', #5417, #3214, #6435 ) ;
#5904 = CARTESIAN_POINT ( 'NONE',  ( -4.913428996351562716, -0.2590304010995609363, -20.60000000000000142 ) ) ;
#5905 = FILL_AREA_STYLE_COLOUR ( '', #8545 ) ;
#5906 = LINE ( 'NONE', #2573, #3303 ) ;
#5907 = VECTOR ( 'NONE', #5023, 1000.000000000000000 ) ;
#5908 = PLANE ( 'NONE',  #9850 ) ;
#5909 = CARTESIAN_POINT ( 'NONE',  ( 2.799999999999999378, 5.013878188659972146, -20.60000000000000142 ) ) ;
#5910 = ORIENTED_EDGE ( 'NONE', *, *, #5121, .T. ) ;
#5911 = EDGE_CURVE ( 'NONE', #744, #7049, #3745, .T. ) ;
#5912 = DIRECTION ( 'NONE',  ( 1.000000000000000000, 0.000000000000000000, -0.000000000000000000 ) ) ;
#5913 = ORIENTED_EDGE ( 'NONE', *, *, #415, .F. ) ;
#5914 = CARTESIAN_POINT ( 'NONE',  ( 5.764210209783843908, -0.5930504990623133299, -20.59999999999999787 ) ) ;
#5915 = SURFACE_SIDE_STYLE ('',( #7538 ) ) ;
#5916 = CARTESIAN_POINT ( 'NONE',  ( 1.600000000000000089, 1.599999999999998535, -8.799999999999998934 ) ) ;
#5917 = CARTESIAN_POINT ( 'NONE',  ( -3.199999999999999734, -5.213878188659972324, -2.200000000000000622 ) ) ;
#5918 = DIRECTION ( 'NONE',  ( 0.000000000000000000, 0.000000000000000000, -1.000000000000000000 ) ) ;
#5919 = DIRECTION ( 'NONE',  ( 1.084202172485504434E-16, 1.000000000000000000, 0.000000000000000000 ) ) ;
#5920 = EDGE_CURVE ( 'NONE', #6284, #4228, #9608, .T. ) ;
#5921 = EDGE_CURVE ( 'NONE', #8363, #497, #9967, .T. ) ;
#5922 = CARTESIAN_POINT ( 'NONE',  ( -0.6592484829084152009, 0.4350274541265376493, -20.60000000000000142 ) ) ;
#5923 = ORIENTED_EDGE ( 'NONE', *, *, #10073, .T. ) ;
#5924 = LINE ( 'NONE', #4310, #3586 ) ;
#5925 = STYLED_ITEM ( 'NONE', ( #3383 ), #734 ) ;
#5926 = LINE ( 'NONE', #9979, #1788 ) ;
#5927 = CYLINDRICAL_SURFACE ( 'NONE', #9575, 0.2000000000000000944 ) ;
#5928 = DIRECTION ( 'NONE',  ( 0.3402235128900362726, 0.9403445970902173379, 0.000000000000000000 ) ) ;
#5929 = FILL_AREA_STYLE ('',( #5334 ) ) ;
#5930 = ORIENTED_EDGE ( 'NONE', *, *, #901, .F. ) ;
#5931 = EDGE_CURVE ( 'NONE', #9153, #9861, #7148, .T. ) ;
#5932 = CARTESIAN_POINT ( 'NONE',  ( -5.887454970377536512, 0.1543218716277116598, -20.40000000000000213 ) ) ;
#5933 = EDGE_LOOP ( 'NONE', ( #4558, #6115, #9403, #3577, #2372 ) ) ;
#5934 = STYLED_ITEM ( 'NONE', ( #10611 ), #1015 ) ;
#5935 = CARTESIAN_POINT ( 'NONE',  ( 0.6428464948296740422, -0.5683404060495109711, -20.39999999999999858 ) ) ;
#5936 = ORIENTED_EDGE ( 'NONE', *, *, #6324, .F. ) ;
#5937 = CARTESIAN_POINT ( 'NONE',  ( 0.05612063967974190853, -0.5949772778561925879, -20.60000000000000497 ) ) ;
#5938 = CARTESIAN_POINT ( 'NONE',  ( 5.554998594694836811, 0.1953874005409768355, -20.60000000000000142 ) ) ;
#5939 = DIRECTION ( 'NONE',  ( -1.000000000000000000, 0.000000000000000000, 0.000000000000000000 ) ) ;
#5940 = PRESENTATION_STYLE_ASSIGNMENT (( #9937 ) ) ;
#5941 = FACE_OUTER_BOUND ( 'NONE', #10182, .T. ) ;
#5942 = CARTESIAN_POINT ( 'NONE',  ( 5.764210209783843908, -0.5930504990623133299, -20.39999999999999503 ) ) ;
#5943 = SURFACE_STYLE_FILL_AREA ( #3521 ) ;
#5944 = AXIS2_PLACEMENT_3D ( 'NONE', #3735, #7873, #6089 ) ;
#5945 = ORIENTED_EDGE ( 'NONE', *, *, #6339, .T. ) ;
#5946 = EDGE_CURVE ( 'NONE', #639, #7461, #4719, .T. ) ;
#5947 = CARTESIAN_POINT ( 'NONE',  ( 8.269140320336473948, 4.813878188659971080, -2.200000000000000178 ) ) ;
#5948 = CARTESIAN_POINT ( 'NONE',  ( 5.332694941222789531, 0.6146410278096127167, -20.60000000000000497 ) ) ;
#5949 = EDGE_LOOP ( 'NONE', ( #5182, #458, #4754, #534 ) ) ;
#5950 = COLOUR_RGB ( '',1.000000000000000000, 1.000000000000000000, 1.000000000000000000 ) ;
#5951 =( GEOMETRIC_REPRESENTATION_CONTEXT ( 3 ) GLOBAL_UNCERTAINTY_ASSIGNED_CONTEXT ( ( #9653 ) ) GLOBAL_UNIT_ASSIGNED_CONTEXT ( ( #10428, #5509, #7985 ) ) REPRESENTATION_CONTEXT ( 'NONE', 'WORKASPACE' ) );
#5952 =( NAMED_UNIT ( * ) PLANE_ANGLE_UNIT ( ) SI_UNIT ( $, .RADIAN. ) );
#5953 = CARTESIAN_POINT ( 'NONE',  ( -1.035208431929194761, -0.1496152106112793034, -20.40000000000001279 ) ) ;
#5954 = PLANE ( 'NONE',  #3733 ) ;
#5955 = CARTESIAN_POINT ( 'NONE',  ( -1.039872243885678671, -0.08854938548006492660, -20.39999999999999147 ) ) ;
#5956 = CARTESIAN_POINT ( 'NONE',  ( 5.128749654270571945, -0.8652495233485464343, -20.40000000000000213 ) ) ;
#5957 = DIRECTION ( 'NONE',  ( 0.000000000000000000, 0.000000000000000000, -1.000000000000000000 ) ) ;
#5958 = CARTESIAN_POINT ( 'NONE',  ( -5.370563741821849035, 0.4131696807710521502, -20.40000000000000924 ) ) ;
#5959 = VERTEX_POINT ( 'NONE', #2296 ) ;
#5960 = CIRCLE ( 'NONE', #7174, 0.2000000000000000944 ) ;
#5961 = AXIS2_PLACEMENT_3D ( 'NONE', #9042, #4946, #8230 ) ;
#5962 = CARTESIAN_POINT ( 'NONE',  ( -4.947792427010946348, -0.5352559026976153600, -20.60000000000000142 ) ) ;
#5963 = EDGE_LOOP ( 'NONE', ( #5424, #1232, #2446, #4729, #5756, #2143 ) ) ;
#5964 = CARTESIAN_POINT ( 'NONE',  ( 2.799999999999999822, -8.813878188659971968, -8.799999999999998934 ) ) ;
#5965 = LINE ( 'NONE', #9108, #3041 ) ;
#5966 = LINE ( 'NONE', #6681, #3305 ) ;
#5967 = DIRECTION ( 'NONE',  ( -0.000000000000000000, -0.000000000000000000, -1.000000000000000000 ) ) ;
#5968 = ADVANCED_FACE ( 'NONE', ( #4658 ), #6375, .F. ) ;
#5969 = CARTESIAN_POINT ( 'NONE',  ( -5.804862136208440049, -0.7320333844812964008, -20.60000000000000142 ) ) ;
#5970 = B_SPLINE_CURVE_WITH_KNOTS ( 'NONE', 3,
 ( #6391, #10456, #6443, #9682, #9733, #614, #3871, #6499, #8174, #1405, #815 ),
 .UNSPECIFIED., .F., .F.,
 ( 4, 1, 1, 1, 1, 1, 1, 1, 4 ),
 ( 0.000000000000000000, 0.1473311512453900074, 0.2878417253961133571, 0.4226040141878718570, 0.5507844049688579435, 0.6725789076994169724, 0.7877904733471090548, 0.8972933363546499175, 1.000000000000000000 ),
 .UNSPECIFIED. ) ;
#5971 = CARTESIAN_POINT ( 'NONE',  ( 4.689627312217434785, 0.1917956141880401422, -20.60000000000000142 ) ) ;
#5972 = B_SPLINE_SURFACE_WITH_KNOTS ( 'NONE', 3, 1, ( 
 ( #2338, #7847 ),
 ( #9519, #5433 ),
 ( #6069, #2841 ),
 ( #10234, #1185 ),
 ( #2036, #10287 ),
 ( #9469, #6121 ),
 ( #8724, #3709 ),
 ( #9171, #4566 ),
 ( #8612, #6176 ),
 ( #4513, #7055 ),
 ( #8560, #2090 ),
 ( #503, #9355 ),
 ( #3764, #5269 ),
 ( #1351, #5321 ),
 ( #452, #4624 ),
 ( #4261, #2899 ),
 ( #5377, #396 ),
 ( #7554, #10344 ),
 ( #8666, #7903 ) ),
 .UNSPECIFIED., .F., .F., .F.,
 ( 4, 1, 1, 1, 1, 1, 1, 1, 1, 1, 1, 1, 1, 1, 1, 1, 4 ),
 ( 2, 2 ),
 ( 0.000000000000000000, 0.05644607958989826535, 0.1109687992651581939, 0.1646179365722187926, 0.2184747872706094551, 0.2732587896269459971, 0.3302817479930586497, 0.3899268243526004540, 0.4533382698853492543, 0.5185888434239767086, 0.5842136173929078913, 0.6499215817368689807, 0.7167940935509916622, 0.7848281234544678409, 0.8544522929293442148, 0.9262884854674499069, 1.000000000000000000 ),
 ( 0.000000000000000000, 1.000000000000000000 ),
 .UNSPECIFIED. ) ;
#5973 = AXIS2_PLACEMENT_3D ( 'NONE', #8928, #599, #9769 ) ;
#5974 = ORIENTED_EDGE ( 'NONE', *, *, #1974, .T. ) ;
#5975 = DIRECTION ( 'NONE',  ( 0.000000000000000000, -1.000000000000000000, 4.336808689942043768E-15 ) ) ;
#5976 = EDGE_CURVE ( 'NONE', #1253, #4257, #332, .T. ) ;
#5977 = VECTOR ( 'NONE', #9346, 1000.000000000000000 ) ;
#5978 = UNCERTAINTY_MEASURE_WITH_UNIT (LENGTH_MEASURE( 1.000000000000000082E-05 ), #10608, 'distance_accuracy_value', 'NONE');
#5979 = CARTESIAN_POINT ( 'NONE',  ( 4.966080936034549254, 0.4066452093404373525, -20.59999999999999787 ) ) ;
#5980 = DIRECTION ( 'NONE',  ( -0.000000000000000000, -0.000000000000000000, -1.000000000000000000 ) ) ;
#5981 = SURFACE_SIDE_STYLE ('',( #1852 ) ) ;
#5982 = CARTESIAN_POINT ( 'NONE',  ( 0.7649681413146076636, -0.1695019059663379624, -20.59999999999999787 ) ) ;
#5983 = ORIENTED_EDGE ( 'NONE', *, *, #5536, .T. ) ;
#5984 = ORIENTED_EDGE ( 'NONE', *, *, #648, .T. ) ;
#5985 = B_SPLINE_CURVE_WITH_KNOTS ( 'NONE', 3,
 ( #1935, #5214, #4133, #8286, #9901, #4194, #133, #2584, #5861, #1783, #1981, #8663, #6883, #449, #1236, #7690, #392, #7797, #340 ),
 .UNSPECIFIED., .F., .F.,
 ( 4, 1, 1, 1, 1, 1, 1, 1, 1, 1, 1, 1, 1, 1, 1, 1, 4 ),
 ( 0.000000000000000000, 0.07040813273187943033, 0.1385315568307198264, 0.2051931111868492141, 0.2698979902991168744, 0.3331965786051242495, 0.3953098162645778402, 0.4561724639254360336, 0.5166274028946397090, 0.5759267578935649556, 0.6355239129868467396, 0.6947320381548272028, 0.7542906315131783224, 0.8144587552179252121, 0.8749740206680791665, 0.9370589671679419030, 0.9999999999999998890 ),
 .UNSPECIFIED. ) ;
#5986 = DIRECTION ( 'NONE',  ( -0.000000000000000000, -0.000000000000000000, -1.000000000000000000 ) ) ;
#5987 = ORIENTED_EDGE ( 'NONE', *, *, #5946, .F. ) ;
#5988 = CARTESIAN_POINT ( 'NONE',  ( 5.627608985985885326, 0.01447209865829754416, -20.60000000000000497 ) ) ;
#5989 = EDGE_CURVE ( 'NONE', #9880, #100, #10437, .T. ) ;
#5990 = CARTESIAN_POINT ( 'NONE',  ( 0.1261195583590265512, -0.1505694363903766764, -20.60000000000000142 ) ) ;
#5991 = DIRECTION ( 'NONE',  ( -0.000000000000000000, -0.000000000000000000, 1.000000000000000000 ) ) ;
#5992 = EDGE_CURVE ( 'NONE', #3701, #1924, #2018, .T. ) ;
#5993 = CARTESIAN_POINT ( 'NONE',  ( -0.5855216977777770726, -0.8574371100678065405, -20.39999999999999503 ) ) ;
#5994 = SURFACE_STYLE_USAGE ( .BOTH. , #2612 ) ;
#5995 = DIRECTION ( 'NONE',  ( -1.000000000000000000, 0.000000000000000000, 0.000000000000000000 ) ) ;
#5996 = CIRCLE ( 'NONE', #9110, 0.2000000000000000944 ) ;
#5997 = ORIENTED_EDGE ( 'NONE', *, *, #447, .T. ) ;
#5998 = CARTESIAN_POINT ( 'NONE',  ( -0.3752474099805118701, -0.8973562296836248287, -20.39999999999999858 ) ) ;
#5999 = ORIENTED_EDGE ( 'NONE', *, *, #7970, .T. ) ;
#6000 = CARTESIAN_POINT ( 'NONE',  ( -5.709007221769976326, 0.6246930461076855012, -20.60000000000000497 ) ) ;
#6001 = ORIENTED_EDGE ( 'NONE', *, *, #2576, .F. ) ;
#6002 = AXIS2_PLACEMENT_3D ( 'NONE', #2224, #4478, #6962 ) ;
#6003 = CARTESIAN_POINT ( 'NONE',  ( 2.400000000000000355, 3.999999999999998224, -18.59999999999999787 ) ) ;
#6004 = CARTESIAN_POINT ( 'NONE',  ( 5.661674030834227267, -0.2608566998008596260, -20.40000000000000568 ) ) ;
#6005 = CARTESIAN_POINT ( 'NONE',  ( -0.07736307024448839387, 0.4148738196796599165, -20.60000000000000142 ) ) ;
#6006 = FILL_AREA_STYLE ('',( #2720 ) ) ;
#6007 = CARTESIAN_POINT ( 'NONE',  ( 5.172090923346611469, -0.8801249901000534059, -20.39999999999999503 ) ) ;
#6008 = EDGE_CURVE ( 'NONE', #9895, #1296, #2878, .T. ) ;
#6009 = DIRECTION ( 'NONE',  ( -1.000000000000000000, 0.000000000000000000, 0.000000000000000000 ) ) ;
#6010 = CARTESIAN_POINT ( 'NONE',  ( 1.700000000000000178, 9.013878188659973034, -9.000000000000000000 ) ) ;
#6011 = ORIENTED_EDGE ( 'NONE', *, *, #1790, .T. ) ;
#6012 = CARTESIAN_POINT ( 'NONE',  ( -1.500000000000000000, 9.213878188659972324, -2.000000000000000000 ) ) ;
#6013 = CARTESIAN_POINT ( 'NONE',  ( -4.991352472577962551, -0.6456856532442476482, -20.59999999999999432 ) ) ;
#6014 = ORIENTED_EDGE ( 'NONE', *, *, #4488, .T. ) ;
#6015 = CARTESIAN_POINT ( 'NONE',  ( -9.999999999999998224, 0.000000000000000000, 8.000000000000000000 ) ) ;
#6016 = CARTESIAN_POINT ( 'NONE',  ( -5.422966334013900713, -0.8976261803203401390, -20.40000000000000213 ) ) ;
#6017 = DIRECTION ( 'NONE',  ( -0.9922778767136675171, -0.1240347345892091335, 0.000000000000000000 ) ) ;
#6018 = ORIENTED_EDGE ( 'NONE', *, *, #9399, .F. ) ;
#6019 = CARTESIAN_POINT ( 'NONE',  ( -0.1029045356021820873, -0.8024666683736527695, -20.60000000000001208 ) ) ;
#6020 = CARTESIAN_POINT ( 'NONE',  ( -5.445710602276332857, -0.7221345831102794488, -20.40000000000000213 ) ) ;
#6021 = SURFACE_STYLE_FILL_AREA ( #8562 ) ;
#6022 = CARTESIAN_POINT ( 'NONE',  ( -5.289571678805270238, -0.6940666626739249168, -20.40000000000000213 ) ) ;
#6023 =( GEOMETRIC_REPRESENTATION_CONTEXT ( 3 ) GLOBAL_UNCERTAINTY_ASSIGNED_CONTEXT ( ( #4044 ) ) GLOBAL_UNIT_ASSIGNED_CONTEXT ( ( #2531, #776, #9963 ) ) REPRESENTATION_CONTEXT ( 'NONE', 'WORKASPACE' ) );
#6024 = ORIENTED_EDGE ( 'NONE', *, *, #6786, .F. ) ;
#6025 = EDGE_CURVE ( 'NONE', #161, #5496, #212, .T. ) ;
#6026 = CARTESIAN_POINT ( 'NONE',  ( 5.312399405978743161, 0.4365324966872953238, -20.59999999999999787 ) ) ;
#6027 = CARTESIAN_POINT ( 'NONE',  ( -3.569273152195717280, -0.8781456608398205965, -20.40000000000000213 ) ) ;
#6028 = ORIENTED_EDGE ( 'NONE', *, *, #3889, .F. ) ;
#6029 = CARTESIAN_POINT ( 'NONE',  ( -3.199999999999999734, 4.813878188659972857, -20.60000000000000142 ) ) ;
#6030 = CARTESIAN_POINT ( 'NONE',  ( -5.836005863204755784, 0.3184732660519269398, -20.39999999999999858 ) ) ;
#6031 = ORIENTED_EDGE ( 'NONE', *, *, #5336, .F. ) ;
#6032 = VECTOR ( 'NONE', #3054, 1000.000000000000000 ) ;
#6033 = EDGE_CURVE ( 'NONE', #732, #917, #9078, .T. ) ;
#6034 = DIRECTION ( 'NONE',  ( -0.000000000000000000, -0.000000000000000000, -1.000000000000000000 ) ) ;
#6035 = ORIENTED_EDGE ( 'NONE', *, *, #681, .F. ) ;
#6036 = AXIS2_PLACEMENT_3D ( 'NONE', #6554, #2472, #4185 ) ;
#6037 = VECTOR ( 'NONE', #7380, 1000.000000000000000 ) ;
#6038 = LINE ( 'NONE', #214, #9303 ) ;
#6039 = CARTESIAN_POINT ( 'NONE',  ( -5.682749508570398511, -0.6273834663167746628, -20.60000000000000142 ) ) ;
#6040 = CARTESIAN_POINT ( 'NONE',  ( -0.5075268614571377679, -0.8835316773425457848, -20.60000000000000142 ) ) ;
#6041 = CARTESIAN_POINT ( 'NONE',  ( 5.817518186678381831, -0.2590304010995608253, -20.39999999999999858 ) ) ;
#6042 = LINE ( 'NONE', #8523, #1091 ) ;
#6043 = VECTOR ( 'NONE', #2290, 1000.000000000000000 ) ;
#6044 = ORIENTED_EDGE ( 'NONE', *, *, #8122, .F. ) ;
#6045 = ORIENTED_EDGE ( 'NONE', *, *, #10526, .T. ) ;
#6046 =( LENGTH_UNIT ( ) NAMED_UNIT ( * ) SI_UNIT ( .MILLI., .METRE. ) );
#6047 = CIRCLE ( 'NONE', #2959, 0.4000000000000001887 ) ;
#6048 = CARTESIAN_POINT ( 'NONE',  ( 0.5661028388464206529, -0.2572041023982621910, -20.60000000000000142 ) ) ;
#6049 = EDGE_CURVE ( 'NONE', #8591, #1587, #9881, .T. ) ;
#6050 = EDGE_CURVE ( 'NONE', #10033, #7737, #10458, .T. ) ;
#6051 = VERTEX_POINT ( 'NONE', #6701 ) ;
#6052 = DIRECTION ( 'NONE',  ( -0.000000000000000000, 0.000000000000000000, -1.000000000000000000 ) ) ;
#6053 = CARTESIAN_POINT ( 'NONE',  ( -0.02775923693720732527, 0.3496284955083938661, -20.60000000000000853 ) ) ;
#6054 =( GEOMETRIC_REPRESENTATION_CONTEXT ( 3 ) GLOBAL_UNCERTAINTY_ASSIGNED_CONTEXT ( ( #5123 ) ) GLOBAL_UNIT_ASSIGNED_CONTEXT ( ( #7002, #2148, #1239 ) ) REPRESENTATION_CONTEXT ( 'NONE', 'WORKASPACE' ) );
#6055 = CARTESIAN_POINT ( 'NONE',  ( -3.887353509338574487, 0.03713437162771186795, -20.40000000000000213 ) ) ;
#6056 = CARTESIAN_POINT ( 'NONE',  ( -4.419110814533379283, -0.6510758556450154666, -20.40000000000000213 ) ) ;
#6057 = ORIENTED_EDGE ( 'NONE', *, *, #2094, .F. ) ;
#6058 = CARTESIAN_POINT ( 'NONE',  ( 0.4136068972879791139, 0.6218543391601795145, -20.60000000000000142 ) ) ;
#6059 = CARTESIAN_POINT ( 'NONE',  ( 0.000000000000000000, 0.000000000000000000, -1.799999999999999600 ) ) ;
#6060 = ADVANCED_FACE ( 'NONE', ( #7405 ), #3364, .F. ) ;
#6061 = AXIS2_PLACEMENT_3D ( 'NONE', #8761, #6265, #4722 ) ;
#6062 = ORIENTED_EDGE ( 'NONE', *, *, #10445, .F. ) ;
#6063 = CARTESIAN_POINT ( 'NONE',  ( -2.799999999999999822, 8.813878188659971968, -8.799999999999998934 ) ) ;
#6064 = CARTESIAN_POINT ( 'NONE',  ( 5.044584332904074486, -0.8241775207355098720, -20.60000000000000497 ) ) ;
#6065 = CARTESIAN_POINT ( 'NONE',  ( -0.7014629538487631155, -0.5678380621065634015, -20.40000000000000213 ) ) ;
#6066 = FACE_OUTER_BOUND ( 'NONE', #7932, .T. ) ;
#6067 = CARTESIAN_POINT ( 'NONE',  ( 0.000000000000000000, -5.799999999999998046, -0.2000000000000000111 ) ) ;
#6068 = CARTESIAN_POINT ( 'NONE',  ( 0.1238774904677965999, -0.3429367502142879331, -20.60000000000001563 ) ) ;
#6069 = CARTESIAN_POINT ( 'NONE',  ( -5.522085817304754229, 0.4641507340686526484, -20.40000000000000568 ) ) ;
#6070 =( LENGTH_UNIT ( ) NAMED_UNIT ( * ) SI_UNIT ( .MILLI., .METRE. ) );
#6071 = VECTOR ( 'NONE', #8044, 1000.000000000000114 ) ;
#6072 = VERTEX_POINT ( 'NONE', #4276 ) ;
#6073 = CARTESIAN_POINT ( 'NONE',  ( -5.826706443611321617, 0.5727900671557801804, -20.59999999999999787 ) ) ;
#6074 = ORIENTED_EDGE ( 'NONE', *, *, #195, .F. ) ;
#6075 = SURFACE_SIDE_STYLE ('',( #2152 ) ) ;
#6076 = UNCERTAINTY_MEASURE_WITH_UNIT (LENGTH_MEASURE( 1.000000000000000082E-05 ), #6530, 'distance_accuracy_value', 'NONE');
#6077 = CARTESIAN_POINT ( 'NONE',  ( -5.646962548036243312, -0.6568877140137276971, -20.60000000000000142 ) ) ;
#6078 = LINE ( 'NONE', #9173, #4926 ) ;
#6079 =( NAMED_UNIT ( * ) PLANE_ANGLE_UNIT ( ) SI_UNIT ( $, .RADIAN. ) );
#6080 = LINE ( 'NONE', #7600, #6747 ) ;
#6081 = CARTESIAN_POINT ( 'NONE',  ( 0.8473528388464207639, 0.05661489110823133414, -20.40000000000000213 ) ) ;
#6082 = ORIENTED_EDGE ( 'NONE', *, *, #1277, .T. ) ;
#6083 = LINE ( 'NONE', #6665, #532 ) ;
#6084 = CARTESIAN_POINT ( 'NONE',  ( 0.000000000000000000, 0.000000000000000000, -18.59999999999999787 ) ) ;
#6085 = EDGE_LOOP ( 'NONE', ( #467, #3852, #5661, #6573 ) ) ;
#6086 = CARTESIAN_POINT ( 'NONE',  ( 5.122716585361161812, 0.4653456735530941413, -20.40000000000000568 ) ) ;
#6087 = CARTESIAN_POINT ( 'NONE',  ( 0.5091831959892778592, -0.8781456608398205965, -20.40000000000000213 ) ) ;
#6088 = UNCERTAINTY_MEASURE_WITH_UNIT (LENGTH_MEASURE( 1.000000000000000082E-05 ), #8918, 'distance_accuracy_value', 'NONE');
#6089 = DIRECTION ( 'NONE',  ( -1.000000000000000000, 0.000000000000000000, 0.000000000000000000 ) ) ;
#6090 = CARTESIAN_POINT ( 'NONE',  ( -0.8031721546838700432, -0.7023502265636101249, -20.60000000000000853 ) ) ;
#6091 = CARTESIAN_POINT ( 'NONE',  ( 5.816483830275178235, -0.3340546475250057989, -20.40000000000000213 ) ) ;
#6092 = CARTESIAN_POINT ( 'NONE',  ( 5.168855100262184088, -0.7010883149031289507, -20.60000000000000142 ) ) ;
#6093 = EDGE_CURVE ( 'NONE', #1220, #3100, #7815, .T. ) ;
#6094 = VERTEX_POINT ( 'NONE', #4538 ) ;
#6095 = ORIENTED_EDGE ( 'NONE', *, *, #10354, .T. ) ;
#6096 = CARTESIAN_POINT ( 'NONE',  ( -6.037440720132212668, 0.2270606048642994645, -20.59999999999999432 ) ) ;
#6097 = EDGE_LOOP ( 'NONE', ( #7271, #5302, #10206, #402 ) ) ;
#6098 = LINE ( 'NONE', #6926, #3887 ) ;
#6099 = CARTESIAN_POINT ( 'NONE',  ( -1.040735635179553364, -0.02648169980085948033, -20.40000000000000213 ) ) ;
#6100 = CARTESIAN_POINT ( 'NONE',  ( 0.01373580469033391580, 0.2780587559012132060, -20.59999999999999076 ) ) ;
#6101 =( LENGTH_UNIT ( ) NAMED_UNIT ( * ) SI_UNIT ( .MILLI., .METRE. ) );
#6102 = AXIS2_PLACEMENT_3D ( 'NONE', #189, #9302, #10067 ) ;
#6103 = CARTESIAN_POINT ( 'NONE',  ( 4.964096708873926289, -0.7669157757051496827, -20.40000000000000568 ) ) ;
#6104 = VECTOR ( 'NONE', #8811, 1000.000000000000000 ) ;
#6105 = CARTESIAN_POINT ( 'NONE',  ( -1.040735635179553142, -0.02648169980085948033, -20.40000000000000213 ) ) ;
#6106 = EDGE_CURVE ( 'NONE', #71, #1044, #501, .T. ) ;
#6107 = CARTESIAN_POINT ( 'NONE',  ( -5.283608895482233336, 0.3448151994480306293, -20.40000000000000213 ) ) ;
#6108 = ADVANCED_FACE ( 'NONE', ( #6196 ), #4782, .T. ) ;
#6109 = ORIENTED_EDGE ( 'NONE', *, *, #6025, .F. ) ;
#6110 = CARTESIAN_POINT ( 'NONE',  ( 1.500000000000000000, 9.375835069691863310, -8.799999999999998934 ) ) ;
#6111 = CARTESIAN_POINT ( 'NONE',  ( -1.647369568930549616E-15, 4.813878188659973745, -20.40000000000000213 ) ) ;
#6112 = CIRCLE ( 'NONE', #9555, 0.9500000000000002887 ) ;
#6113 = PRESENTATION_LAYER_ASSIGNMENT (  '', '', ( #2351 ) ) ;
#6114 = VECTOR ( 'NONE', #2142, 1000.000000000000000 ) ;
#6115 = ORIENTED_EDGE ( 'NONE', *, *, #818, .F. ) ;
#6116 = CARTESIAN_POINT ( 'NONE',  ( -4.914463352754767200, -0.3340546475250059655, -20.40000000000000213 ) ) ;
#6117 = CARTESIAN_POINT ( 'NONE',  ( 4.726609095769291891, -0.3716521543463141564, -20.60000000000000142 ) ) ;
#6118 = FILL_AREA_STYLE_COLOUR ( '', #5950 ) ;
#6119 = DIRECTION ( 'NONE',  ( 1.000000000000000000, 0.000000000000000000, 0.000000000000000000 ) ) ;
#6120 = CARTESIAN_POINT ( 'NONE',  ( -4.412089627088423782, -0.6226459935238829457, -20.60000000000000853 ) ) ;
#6121 = CARTESIAN_POINT ( 'NONE',  ( -5.370563741821849035, 0.4131696807710521502, -20.60000000000000853 ) ) ;
#6122 = EDGE_CURVE ( 'NONE', #3401, #5754, #7485, .T. ) ;
#6123 = CIRCLE ( 'NONE', #7003, 0.1999999999999987899 ) ;
#6124 = CARTESIAN_POINT ( 'NONE',  ( -5.468906486293062308, -0.8963454170541661492, -20.40000000000000568 ) ) ;
#6125 = EDGE_CURVE ( 'NONE', #9703, #2295, #1858, .T. ) ;
#6126 = CIRCLE ( 'NONE', #7850, 0.1999999999999996503 ) ;
#6127 = CARTESIAN_POINT ( 'NONE',  ( -0.3963258318865777174, 0.6287675877935189339, -20.40000000000000213 ) ) ;
#6128 = EDGE_LOOP ( 'NONE', ( #885, #3925, #6095, #4794 ) ) ;
#6129 = CARTESIAN_POINT ( 'NONE',  ( -5.083064074619158212, -0.4160628737687753764, -20.39999999999999147 ) ) ;
#6130 = CARTESIAN_POINT ( 'NONE',  ( -5.620675282634381986, 0.6403866722349169649, -20.40000000000000213 ) ) ;
#6131 = B_SPLINE_SURFACE_WITH_KNOTS ( 'NONE', 3, 1, ( 
 ( #9082, #9938 ),
 ( #164, #7516 ),
 ( #804, #757 ),
 ( #9719, #3267 ),
 ( #10612, #60 ),
 ( #6599, #9773 ),
 ( #2559, #5842 ),
 ( #1761, #4223 ),
 ( #3417, #6541 ),
 ( #5736, #853 ),
 ( #4112, #7409 ),
 ( #1910, #5188 ),
 ( #5942, #2814 ),
 ( #3467, #317 ),
 ( #6858, #424 ),
 ( #10100, #1960 ),
 ( #6091, #2010 ),
 ( #7722, #9381 ),
 ( #6041, #1107 ) ),
 .UNSPECIFIED., .F., .F., .F.,
 ( 4, 1, 1, 1, 1, 1, 1, 1, 1, 1, 1, 1, 1, 1, 1, 1, 4 ),
 ( 2, 2 ),
 ( 0.000000000000000000, 0.06034176438934250875, 0.1182497680736599721, 0.1743376375533122469, 0.2288557001995815132, 0.2833648048174767786, 0.3378191339087432965, 0.3932413523772343433, 0.4500854667029100531, 0.5085937818794614707, 0.5685919726708194011, 0.6310814720443835846, 0.6968149473540715677, 0.7657656907541723346, 0.8392023722346616532, 0.9172829815521875707, 1.000000000000000000 ),
 ( 0.000000000000000000, 1.000000000000000000 ),
 .UNSPECIFIED. ) ;
#6132 = ORIENTED_EDGE ( 'NONE', *, *, #8046, .F. ) ;
#6133 = CARTESIAN_POINT ( 'NONE',  ( -5.365542703912023370, 0.6026686602435099571, -20.59999999999999787 ) ) ;
#6134 = COLOUR_RGB ( '',1.000000000000000000, 1.000000000000000000, 1.000000000000000000 ) ;
#6135 = CARTESIAN_POINT ( 'NONE',  ( -5.672560489858056165, -0.6364654660346259485, -20.60000000000000142 ) ) ;
#6136 = EDGE_CURVE ( 'NONE', #4598, #1929, #6467, .T. ) ;
#6137 = CARTESIAN_POINT ( 'NONE',  ( -5.333654890277879979, 0.5887764220608343591, -20.40000000000000568 ) ) ;
#6138 = CARTESIAN_POINT ( 'NONE',  ( 0.000000000000000000, 0.000000000000000000, 0.000000000000000000 ) ) ;
#6139 = CARTESIAN_POINT ( 'NONE',  ( -1.004897491132743070, 0.2529124083832828829, -20.60000000000000853 ) ) ;
#6140 = COLOUR_RGB ( '',0.2862745098039215508, 0.6627450980392156632, 0.3294117647058823484 ) ;
#6141 = ORIENTED_EDGE ( 'NONE', *, *, #10273, .T. ) ;
#6142 = PRESENTATION_STYLE_ASSIGNMENT (( #1999 ) ) ;
#6143 = CARTESIAN_POINT ( 'NONE',  ( -5.608230597668785400, 0.4653456735530940858, -20.60000000000000497 ) ) ;
#6144 = DIRECTION ( 'NONE',  ( 0.000000000000000000, 0.000000000000000000, -1.000000000000000000 ) ) ;
#6145 = CARTESIAN_POINT ( 'NONE',  ( 0.6141367561464236013, -0.5856853274837435785, -20.39999999999999858 ) ) ;
#6146 = CARTESIAN_POINT ( 'NONE',  ( -5.325849423007393391, 0.3820689513447879659, -20.59999999999999787 ) ) ;
#6147 = LINE ( 'NONE', #3029, #8022 ) ;
#6148 = VECTOR ( 'NONE', #1818, 1000.000000000000000 ) ;
#6149 = VERTEX_POINT ( 'NONE', #3247 ) ;
#6150 = CARTESIAN_POINT ( 'NONE',  ( 5.262089485800903077, 0.4539091782053207846, -20.60000000000000497 ) ) ;
#6151 = CARTESIAN_POINT ( 'NONE',  ( 7.869140320336472705, 4.813878188659971080, -20.60000000000000142 ) ) ;
#6152 = CARTESIAN_POINT ( 'NONE',  ( 8.269140320336473948, 4.813878188659971080, -2.000000000000000000 ) ) ;
#6153 = CARTESIAN_POINT ( 'NONE',  ( -3.199999999999999734, 5.013878188659972146, -2.200000000000000622 ) ) ;
#6154 = CARTESIAN_POINT ( 'NONE',  ( 4.966080936034549254, 0.4066452093404373525, -20.39999999999999858 ) ) ;
#6155 = EDGE_LOOP ( 'NONE', ( #1966, #6737, #4353, #6332 ) ) ;
#6156 = EDGE_LOOP ( 'NONE', ( #6571, #666, #1912, #623 ) ) ;
#6157 =( NAMED_UNIT ( * ) PLANE_ANGLE_UNIT ( ) SI_UNIT ( $, .RADIAN. ) );
#6158 = CARTESIAN_POINT ( 'NONE',  ( -6.041319870812509762, 0.1917956141880400034, -20.60000000000000142 ) ) ;
#6159 = ADVANCED_FACE ( 'NONE', ( #9807 ), #84, .T. ) ;
#6160 = FILL_AREA_STYLE ('',( #7145 ) ) ;
#6161 = FACE_OUTER_BOUND ( 'NONE', #8638, .T. ) ;
#6162 = CARTESIAN_POINT ( 'NONE',  ( -3.935750424922991098, 0.3926538521471923393, -20.40000000000000213 ) ) ;
#6163 = CARTESIAN_POINT ( 'NONE',  ( 5.607773083623488475, 0.07722465112509989404, -20.39999999999999503 ) ) ;
#6164 = CARTESIAN_POINT ( 'NONE',  ( 5.739594710451982884, -0.6456856532442476482, -20.40000000000000568 ) ) ;
#6165 = CARTESIAN_POINT ( 'NONE',  ( -5.558474498344512682, 0.4653832460872163179, -20.40000000000000568 ) ) ;
#6166 = CARTESIAN_POINT ( 'NONE',  ( 5.168855100262184088, -0.7010883149031289507, -20.40000000000000213 ) ) ;
#6167 = ORIENTED_EDGE ( 'NONE', *, *, #7572, .F. ) ;
#6168 = FILL_AREA_STYLE_COLOUR ( '', #8564 ) ;
#6169 = CIRCLE ( 'NONE', #1557, 0.1999999999999996503 ) ;
#6170 = ORIENTED_EDGE ( 'NONE', *, *, #9482, .T. ) ;
#6171 = EDGE_CURVE ( 'NONE', #8752, #7911, #9969, .T. ) ;
#6172 = CARTESIAN_POINT ( 'NONE',  ( 5.128749654270571945, -0.8652495233485464343, -20.40000000000000213 ) ) ;
#6173 = CARTESIAN_POINT ( 'NONE',  ( 4.825719905168774915, -0.6020685101100505809, -20.60000000000000497 ) ) ;
#6174 = CARTESIAN_POINT ( 'NONE',  ( -0.8096688038784680685, -0.3875842238682103424, -20.60000000000000142 ) ) ;
#6175 = CARTESIAN_POINT ( 'NONE',  ( -4.786196853494418590, 0.6218543391601795145, -20.60000000000000142 ) ) ;
#6176 = CARTESIAN_POINT ( 'NONE',  ( -5.244579029503087853, 0.3003652051878970553, -20.60000000000000142 ) ) ;
#6177 = STYLED_ITEM ( 'NONE', ( #9562 ), #8107 ) ;
#6178 = SURFACE_SIDE_STYLE ('',( #5485 ) ) ;
#6179 = CARTESIAN_POINT ( 'NONE',  ( -0.3366153831198632762, 0.6104138278623457703, -20.40000000000000213 ) ) ;
#6180 = ORIENTED_EDGE ( 'NONE', *, *, #1905, .T. ) ;
#6181 = CARTESIAN_POINT ( 'NONE',  ( -5.996968774178680128, 0.3710146627365671912, -20.39999999999999858 ) ) ;
#6182 = EDGE_LOOP ( 'NONE', ( #8889, #2582, #9446, #2497 ) ) ;
#6183 = EDGE_CURVE ( 'NONE', #8063, #5724, #2590, .T. ) ;
#6184 = DIRECTION ( 'NONE',  ( -0.000000000000000000, -0.000000000000000000, -1.000000000000000000 ) ) ;
#6185 = PRESENTATION_LAYER_ASSIGNMENT (  '', '', ( #545 ) ) ;
#6186 = EDGE_CURVE ( 'NONE', #4089, #3327, #3649, .T. ) ;
#6187 =( NAMED_UNIT ( * ) SI_UNIT ( $, .STERADIAN. ) SOLID_ANGLE_UNIT ( ) );
#6188 = CARTESIAN_POINT ( 'NONE',  ( -5.365542703912023370, 0.6026686602435099571, -20.59999999999999787 ) ) ;
#6189 = DIRECTION ( 'NONE',  ( 0.000000000000000000, 0.000000000000000000, 1.000000000000000000 ) ) ;
#6190 = CARTESIAN_POINT ( 'NONE',  ( -8.069140320336472882, 4.813878188659971080, -20.40000000000000213 ) ) ;
#6191 = CARTESIAN_POINT ( 'NONE',  ( -0.03716120472850435036, -0.09087523719971767056, -20.40000000000000568 ) ) ;
#6192 = EDGE_CURVE ( 'NONE', #2972, #6284, #4556, .T. ) ;
#6193 = CARTESIAN_POINT ( 'NONE',  ( -5.077305897722630412, -0.1187229465368599829, -20.60000000000000497 ) ) ;
#6194 = LINE ( 'NONE', #10365, #3210 ) ;
#6195 = ORIENTED_EDGE ( 'NONE', *, *, #4472, .T. ) ;
#6196 = FACE_OUTER_BOUND ( 'NONE', #6411, .T. ) ;
#6197 = FILL_AREA_STYLE ('',( #3031 ) ) ;
#6198 = CARTESIAN_POINT ( 'NONE',  ( -0.5679650766118642391, -0.6772330428606009312, -20.40000000000000568 ) ) ;
#6199 = UNCERTAINTY_MEASURE_WITH_UNIT (LENGTH_MEASURE( 1.000000000000000082E-05 ), #7649, 'distance_accuracy_value', 'NONE');
#6200 = DIRECTION ( 'NONE',  ( -0.000000000000000000, 1.000000000000000000, -0.000000000000000000 ) ) ;
#6201 = CARTESIAN_POINT ( 'NONE',  ( 5.407447298447481288, -0.7064996948634455487, -20.40000000000000568 ) ) ;
#6202 = DIRECTION ( 'NONE',  ( -1.000000000000000000, 0.000000000000000000, 0.000000000000000000 ) ) ;
#6203 = SURFACE_STYLE_USAGE ( .BOTH. , #4710 ) ;
#6204 = VERTEX_POINT ( 'NONE', #1925 ) ;
#6205 = CARTESIAN_POINT ( 'NONE',  ( -0.2518555770913313840, -0.8791828986041820837, -20.60000000000000497 ) ) ;
#6206 = ORIENTED_EDGE ( 'NONE', *, *, #9741, .F. ) ;
#6207 = CARTESIAN_POINT ( 'NONE',  ( 1.582842712474619162, 9.013878188659973034, -8.882842712474618097 ) ) ;
#6208 = FACE_OUTER_BOUND ( 'NONE', #6182, .T. ) ;
#6209 = PRESENTATION_STYLE_ASSIGNMENT (( #3746 ) ) ;
#6210 = CARTESIAN_POINT ( 'NONE',  ( -0.9868514826015442054, -0.3794221221195825389, -20.60000000000000142 ) ) ;
#6211 = AXIS2_PLACEMENT_3D ( 'NONE', #9378, #6913, #5293 ) ;
#6212 = LINE ( 'NONE', #9503, #6400 ) ;
#6213 = DIRECTION ( 'NONE',  ( 1.000000000000000000, -0.000000000000000000, -0.000000000000000000 ) ) ;
#6214 = CARTESIAN_POINT ( 'NONE',  ( -0.7902493472075328151, -0.4290904093664817398, -20.60000000000000142 ) ) ;
#6215 = CARTESIAN_POINT ( 'NONE',  ( 5.750834235010211515, 0.1570485001312083018, -20.40000000000000213 ) ) ;
#6216 = DIRECTION ( 'NONE',  ( 0.1240347345892091474, -0.9922778767136676281, 0.000000000000000000 ) ) ;
#6217 = CARTESIAN_POINT ( 'NONE',  ( -3.200000000000000178, -8.813878188659971968, -2.000000000000000000 ) ) ;
#6218 = ORIENTED_EDGE ( 'NONE', *, *, #5488, .T. ) ;
#6219 = CARTESIAN_POINT ( 'NONE',  ( -1.500000000000000000, -9.213878188659972324, -8.799999999999998934 ) ) ;
#6220 = CARTESIAN_POINT ( 'NONE',  ( -0.1942573843767255448, -0.6514322127134104523, -20.39999999999999858 ) ) ;
#6221 = ORIENTED_EDGE ( 'NONE', *, *, #4085, .F. ) ;
#6222 = CARTESIAN_POINT ( 'NONE',  ( 7.400000000000000355, 0.7999999999999987121, -18.59999999999999787 ) ) ;
#6223 = CIRCLE ( 'NONE', #5381, 0.2000000000000000944 ) ;
#6224 = SURFACE_STYLE_USAGE ( .BOTH. , #2946 ) ;
#6225 = VECTOR ( 'NONE', #1887, 1000.000000000000000 ) ;
#6226 = DIRECTION ( 'NONE',  ( -0.000000000000000000, -0.000000000000000000, 1.000000000000000000 ) ) ;
#6227 = CARTESIAN_POINT ( 'NONE',  ( 3.199999999999999734, 5.213878188659972324, -8.799999999999998934 ) ) ;
#6228 = ORIENTED_EDGE ( 'NONE', *, *, #5464, .F. ) ;
#6229 = EDGE_CURVE ( 'NONE', #477, #7182, #3812, .T. ) ;
#6230 =( GEOMETRIC_REPRESENTATION_CONTEXT ( 3 ) GLOBAL_UNCERTAINTY_ASSIGNED_CONTEXT ( ( #5022 ) ) GLOBAL_UNIT_ASSIGNED_CONTEXT ( ( #10150, #1867, #3738 ) ) REPRESENTATION_CONTEXT ( 'NONE', 'WORKASPACE' ) );
#6231 = CARTESIAN_POINT ( 'NONE',  ( -4.627917632715198515, 0.6218543391601795145, -20.40000000000000213 ) ) ;
#6232 = CARTESIAN_POINT ( 'NONE',  ( -6.027473497809805458, 0.2782162287069386841, -20.40000000000000568 ) ) ;
#6233 = VECTOR ( 'NONE', #10291, 1000.000000000000000 ) ;
#6234 = VERTEX_POINT ( 'NONE', #2889 ) ;
#6235 = CARTESIAN_POINT ( 'NONE',  ( 1.700000000000000178, -9.013878188659973034, -2.200000000000000622 ) ) ;
#6236 = CARTESIAN_POINT ( 'NONE',  ( -5.243207843500147014, 0.5335092441243760586, -20.60000000000000142 ) ) ;
#6237 = CARTESIAN_POINT ( 'NONE',  ( -5.398252241807156793, 0.6146410278096126056, -20.60000000000000497 ) ) ;
#6238 = VECTOR ( 'NONE', #10408, 1000.000000000000000 ) ;
#6239 = CARTESIAN_POINT ( 'NONE',  ( -0.07736307024448839387, 0.4148738196796599165, -20.40000000000000213 ) ) ;
#6240 = ADVANCED_FACE ( 'NONE', ( #6877 ), #10166, .F. ) ;
#6241 = CARTESIAN_POINT ( 'NONE',  ( -3.199999999999999734, -5.013878188659972146, -2.200000000000000622 ) ) ;
#6242 = EDGE_CURVE ( 'NONE', #6449, #4916, #495, .T. ) ;
#6243 = CARTESIAN_POINT ( 'NONE',  ( 0.1280955336516154952, -0.2489857582424179205, -20.60000000000000142 ) ) ;
#6244 = VERTEX_POINT ( 'NONE', #8549 ) ;
#6245 = VECTOR ( 'NONE', #3796, 1000.000000000000000 ) ;
#6246 = CARTESIAN_POINT ( 'NONE',  ( 0.8473528388464207639, 0.05661489110823133414, -20.60000000000000142 ) ) ;
#6247 = VERTEX_POINT ( 'NONE', #6219 ) ;
#6248 = CARTESIAN_POINT ( 'NONE',  ( 5.110271900395567002, 0.6403866722349170759, -20.40000000000000568 ) ) ;
#6249 = FACE_OUTER_BOUND ( 'NONE', #3834, .T. ) ;
#6250 = ORIENTED_EDGE ( 'NONE', *, *, #6958, .F. ) ;
#6251 = CARTESIAN_POINT ( 'NONE',  ( 0.6632878342612744671, -0.4910329885073131950, -20.60000000000000497 ) ) ;
#6252 = LINE ( 'NONE', #9544, #6457 ) ;
#6253 = CARTESIAN_POINT ( 'NONE',  ( 4.336808689942017736E-16, 6.799999999999997158, -8.799999999999998934 ) ) ;
#6254 = CARTESIAN_POINT ( 'NONE',  ( 5.334739981349609472, -0.7212845720334762900, -20.40000000000000568 ) ) ;
#6255 = CARTESIAN_POINT ( 'NONE',  ( -3.000000000000000000, -8.813878188659971968, -8.799999999999998934 ) ) ;
#6256 = CARTESIAN_POINT ( 'NONE',  ( 1.215960793391875239, 0.6218543391601795145, -20.40000000000000213 ) ) ;
#6257 = ORIENTED_EDGE ( 'NONE', *, *, #1721, .F. ) ;
#6258 = EDGE_CURVE ( 'NONE', #3526, #9175, #1871, .T. ) ;
#6259 = ORIENTED_EDGE ( 'NONE', *, *, #10039, .F. ) ;
#6260 = CARTESIAN_POINT ( 'NONE',  ( 4.717273376406750707, 0.3260879807271640507, -20.40000000000000213 ) ) ;
#6261 = CARTESIAN_POINT ( 'NONE',  ( -0.3520565900163256656, -0.8968199304446476949, -20.39999999999999503 ) ) ;
#6262 = CARTESIAN_POINT ( 'NONE',  ( -3.918058988279653931, 0.2279366525938678889, -20.60000000000000497 ) ) ;
#6263 = CARTESIAN_POINT ( 'NONE',  ( -3.893185852929029522, 0.07069349544887802705, -20.39999999999999503 ) ) ;
#6264 = CARTESIAN_POINT ( 'NONE',  ( 0.000000000000000000, 0.000000000000000000, 8.000000000000000000 ) ) ;
#6265 = DIRECTION ( 'NONE',  ( -1.000000000000000000, 0.000000000000000000, 0.000000000000000000 ) ) ;
#6266 = DIRECTION ( 'NONE',  ( -0.000000000000000000, 0.000000000000000000, -1.000000000000000000 ) ) ;
#6267 = CIRCLE ( 'NONE', #10065, 0.2000000000000000944 ) ;
#6268 =( LENGTH_UNIT ( ) NAMED_UNIT ( * ) SI_UNIT ( .MILLI., .METRE. ) );
#6269 = ADVANCED_FACE ( 'NONE', ( #1175 ), #4615, .F. ) ;
#6270 = VERTEX_POINT ( 'NONE', #10388 ) ;
#6271 = CARTESIAN_POINT ( 'NONE',  ( -5.849660611973759750, 0.2903465198267522474, -20.39999999999999858 ) ) ;
#6272 = LINE ( 'NONE', #607, #168 ) ;
#6273 = CARTESIAN_POINT ( 'NONE',  ( -1.600000000000000089, -7.599999999999996980, 0.000000000000000000 ) ) ;
#6274 = ORIENTED_EDGE ( 'NONE', *, *, #4751, .F. ) ;
#6275 = ORIENTED_EDGE ( 'NONE', *, *, #1392, .T. ) ;
#6276 = SURFACE_STYLE_USAGE ( .BOTH. , #4885 ) ;
#6277 = STYLED_ITEM ( 'NONE', ( #8650 ), #878 ) ;
#6278 = CARTESIAN_POINT ( 'NONE',  ( 1.500000000000000000, -9.375835069691863310, -8.799999999999998934 ) ) ;
#6279 = CARTESIAN_POINT ( 'NONE',  ( -1.032263784733008283, 0.1209721952235524173, -20.40000000000000213 ) ) ;
#6280 = CARTESIAN_POINT ( 'NONE',  ( -3.199999999999999734, -5.213878188659972324, -20.60000000000000142 ) ) ;
#6281 = CARTESIAN_POINT ( 'NONE',  ( 3.200000000000000178, -9.013878188659973034, -2.200000000000000622 ) ) ;
#6282 =( NAMED_UNIT ( * ) SI_UNIT ( $, .STERADIAN. ) SOLID_ANGLE_UNIT ( ) );
#6283 = CARTESIAN_POINT ( 'NONE',  ( -0.07736307024448839387, 0.4148738196796599165, -20.40000000000000213 ) ) ;
#6284 = VERTEX_POINT ( 'NONE', #6012 ) ;
#6285 = CIRCLE ( 'NONE', #5944, 0.9500000000000002887 ) ;
#6286 = STYLED_ITEM ( 'NONE', ( #3181 ), #4222 ) ;
#6287 = ORIENTED_EDGE ( 'NONE', *, *, #1581, .F. ) ;
#6288 = CARTESIAN_POINT ( 'NONE',  ( -5.501440013925588346, 0.6375778765869609677, -20.60000000000000142 ) ) ;
#6289 = ADVANCED_FACE ( 'NONE', ( #5207 ), #4667, .F. ) ;
#6290 =( GEOMETRIC_REPRESENTATION_CONTEXT ( 3 ) GLOBAL_UNCERTAINTY_ASSIGNED_CONTEXT ( ( #8146 ) ) GLOBAL_UNIT_ASSIGNED_CONTEXT ( ( #1743, #7496, #6340 ) ) REPRESENTATION_CONTEXT ( 'NONE', 'WORKASPACE' ) );
#6291 = VECTOR ( 'NONE', #10542, 1000.000000000000000 ) ;
#6292 = TOROIDAL_SURFACE ( 'NONE', #7673, 0.4000000000000000222, 0.2000000000000000111 ) ;
#6293 = DIRECTION ( 'NONE',  ( -0.000000000000000000, 0.000000000000000000, -1.000000000000000000 ) ) ;
#6294 = CARTESIAN_POINT ( 'NONE',  ( -5.365542703912023370, 0.6026686602435099571, -20.39999999999999858 ) ) ;
#6295 = CARTESIAN_POINT ( 'NONE',  ( -0.2572704577938192960, -0.6912736576054553383, -20.60000000000000497 ) ) ;
#6296 = CARTESIAN_POINT ( 'NONE',  ( 9.000000000000000000, 0.000000000000000000, 6.713295847694284113 ) ) ;
#6297 = CARTESIAN_POINT ( 'NONE',  ( -9.000000000000000000, 0.000000000000000000, 8.000000000000000000 ) ) ;
#6298 = ORIENTED_EDGE ( 'NONE', *, *, #5250, .F. ) ;
#6299 = VECTOR ( 'NONE', #4441, 1000.000000000000000 ) ;
#6300 = VECTOR ( 'NONE', #8609, 1000.000000000000114 ) ;
#6301 = SURFACE_SIDE_STYLE ('',( #1148 ) ) ;
#6302 = CARTESIAN_POINT ( 'NONE',  ( 0.8251846727412802673, -0.003025269870173140276, -20.40000000000000568 ) ) ;
#6303 = CARTESIAN_POINT ( 'NONE',  ( -2.799999999999999822, -8.813878188659971968, -2.000000000000000000 ) ) ;
#6304 = CARTESIAN_POINT ( 'NONE',  ( 4.717273376406750707, 0.3260879807271640507, -20.40000000000000568 ) ) ;
#6305 = EDGE_LOOP ( 'NONE', ( #1994, #10420 ) ) ;
#6306 = CARTESIAN_POINT ( 'NONE',  ( -3.825563736611302001, 0.6218543391601795145, -20.40000000000000213 ) ) ;
#6307 = EDGE_CURVE ( 'NONE', #3327, #6247, #6272, .T. ) ;
#6308 = ORIENTED_EDGE ( 'NONE', *, *, #5121, .F. ) ;
#6309 = FACE_OUTER_BOUND ( 'NONE', #35, .T. ) ;
#6310 = MECHANICAL_DESIGN_GEOMETRIC_PRESENTATION_REPRESENTATION (  '', ( #4077 ), #6832 ) ;
#6311 = LINE ( 'NONE', #5506, #8626 ) ;
#6312 = UNCERTAINTY_MEASURE_WITH_UNIT (LENGTH_MEASURE( 1.000000000000000082E-05 ), #3312, 'distance_accuracy_value', 'NONE');
#6313 = CARTESIAN_POINT ( 'NONE',  ( 5.660929951436042273, -0.3152398873612114460, -20.40000000000001279 ) ) ;
#6314 = FACE_OUTER_BOUND ( 'NONE', #2014, .T. ) ;
#6315 = CARTESIAN_POINT ( 'NONE',  ( 5.473270694467168518, -0.6774171461613889278, -20.39999999999999858 ) ) ;
#6316 = CARTESIAN_POINT ( 'NONE',  ( -4.914896717733526543, -0.1696674579620507384, -20.40000000000000213 ) ) ;
#6317 = CARTESIAN_POINT ( 'NONE',  ( 4.336808689942017736E-16, 6.799999999999997158, -18.59999999999999787 ) ) ;
#6318 = VERTEX_POINT ( 'NONE', #809 ) ;
#6319 = ORIENTED_EDGE ( 'NONE', *, *, #875, .T. ) ;
#6320 = DIRECTION ( 'NONE',  ( 1.000000000000000000, -3.422125580184494708E-16, 0.000000000000000000 ) ) ;
#6321 = CARTESIAN_POINT ( 'NONE',  ( 0.1186436008096524025, -0.3883216522851585251, -20.39999999999999858 ) ) ;
#6322 = STYLED_ITEM ( 'NONE', ( #2501 ), #6060 ) ;
#6323 = EDGE_CURVE ( 'NONE', #7290, #6149, #7214, .T. ) ;
#6324 = EDGE_CURVE ( 'NONE', #6965, #6560, #7156, .T. ) ;
#6325 = CARTESIAN_POINT ( 'NONE',  ( 0.9499999999999996225, 2.399999999999998579, -8.799999999999998934 ) ) ;
#6326 = CARTESIAN_POINT ( 'NONE',  ( 7.869140320336472705, 5.013878188659970370, -2.200000000000000622 ) ) ;
#6327 = CARTESIAN_POINT ( 'NONE',  ( -0.4836635023960372259, -0.7115016720600195743, -20.59999999999999787 ) ) ;
#6328 = LINE ( 'NONE', #2185, #10207 ) ;
#6329 = DIRECTION ( 'NONE',  ( 0.000000000000000000, 1.000000000000000000, 0.000000000000000000 ) ) ;
#6330 = CARTESIAN_POINT ( 'NONE',  ( 5.058386693171888382, -0.6364654660346257264, -20.40000000000000213 ) ) ;
#6331 = STYLED_ITEM ( 'NONE', ( #3686 ), #6546 ) ;
#6332 = ORIENTED_EDGE ( 'NONE', *, *, #5400, .T. ) ;
#6333 = CARTESIAN_POINT ( 'NONE',  ( -5.742839425908534245, 0.4225712336686434090, -20.40000000000001279 ) ) ;
#6334 = DIRECTION ( 'NONE',  ( 1.000000000000000000, 0.000000000000000000, -0.000000000000000000 ) ) ;
#6335 = ORIENTED_EDGE ( 'NONE', *, *, #9607, .T. ) ;
#6336 = CARTESIAN_POINT ( 'NONE',  ( 5.292639525803182643, -0.8971984803182561086, -20.40000000000000568 ) ) ;
#6337 = DIRECTION ( 'NONE',  ( -0.000000000000000000, 0.000000000000000000, 1.000000000000000000 ) ) ;
#6338 = AXIS2_PLACEMENT_3D ( 'NONE', #9984, #5883, #4104 ) ;
#6339 = EDGE_CURVE ( 'NONE', #5801, #5825, #7315, .T. ) ;
#6340 =( NAMED_UNIT ( * ) SI_UNIT ( $, .STERADIAN. ) SOLID_ANGLE_UNIT ( ) );
#6341 = DIRECTION ( 'NONE',  ( -1.224646799147353207E-16, 1.000000000000000000, 0.000000000000000000 ) ) ;
#6342 = PRESENTATION_STYLE_ASSIGNMENT (( #4837 ) ) ;
#6343 = CARTESIAN_POINT ( 'NONE',  ( -4.339058054793120789, -0.3573461478528076607, -20.60000000000000497 ) ) ;
#6344 = ORIENTED_EDGE ( 'NONE', *, *, #2969, .T. ) ;
#6345 = COLOUR_RGB ( '',1.000000000000000000, 1.000000000000000000, 1.000000000000000000 ) ;
#6346 = DIRECTION ( 'NONE',  ( 1.000000000000000000, 0.000000000000000000, -0.000000000000000000 ) ) ;
#6347 = VERTEX_POINT ( 'NONE', #5525 ) ;
#6348 = PLANE ( 'NONE',  #10527 ) ;
#6349 = CARTESIAN_POINT ( 'NONE',  ( -0.3614692611031775638, -0.7209142875376257642, -20.60000000000000142 ) ) ;
#6350 =( GEOMETRIC_REPRESENTATION_CONTEXT ( 3 ) GLOBAL_UNCERTAINTY_ASSIGNED_CONTEXT ( ( #2744 ) ) GLOBAL_UNIT_ASSIGNED_CONTEXT ( ( #4533, #10421, #5168 ) ) REPRESENTATION_CONTEXT ( 'NONE', 'WORKASPACE' ) );
#6351 = FACE_OUTER_BOUND ( 'NONE', #7653, .T. ) ;
#6352 = CARTESIAN_POINT ( 'NONE',  ( -0.05427222629045287683, -0.4472033534691811640, -20.60000000000000853 ) ) ;
#6353 = CARTESIAN_POINT ( 'NONE',  ( -0.3869207001146183211, -0.8976261803203399170, -20.40000000000000213 ) ) ;
#6354 = LINE ( 'NONE', #10530, #4978 ) ;
#6355 = ORIENTED_EDGE ( 'NONE', *, *, #5448, .T. ) ;
#6356 = VECTOR ( 'NONE', #10387, 1000.000000000000000 ) ;
#6357 = CARTESIAN_POINT ( 'NONE',  ( -0.8035127727500437356, 0.3059506212002296999, -20.60000000000000497 ) ) ;
#6358 = LINE ( 'NONE', #3726, #7459 ) ;
#6359 = EDGE_LOOP ( 'NONE', ( #9677, #2292 ) ) ;
#6360 = CARTESIAN_POINT ( 'NONE',  ( -0.4077370175037144939, -0.7221052326611676619, -20.40000000000000213 ) ) ;
#6361 = EDGE_LOOP ( 'NONE', ( #6132, #3424, #5984, #6014, #7896, #8515, #62, #581, #2283, #6521, #598, #4027, #5552, #7575, #283, #592 ) ) ;
#6362 =( LENGTH_UNIT ( ) NAMED_UNIT ( * ) SI_UNIT ( .MILLI., .METRE. ) );
#6363 = STYLED_ITEM ( 'NONE', ( #628 ), #8438 ) ;
#6364 = CARTESIAN_POINT ( 'NONE',  ( 0.9500000000000005107, 6.799999999999997158, -20.60000000000000142 ) ) ;
#6365 = LINE ( 'NONE', #3096, #2535 ) ;
#6366 = CARTESIAN_POINT ( 'NONE',  ( 5.583421767662057000, -0.5757666422255157679, -20.40000000000000213 ) ) ;
#6367 = CARTESIAN_POINT ( 'NONE',  ( 4.882453251613447343, -0.3521716348657945583, -20.40000000000000213 ) ) ;
#6368 = CARTESIAN_POINT ( 'NONE',  ( 5.307980849016044722, -0.8976261803203400280, -20.40000000000000213 ) ) ;
#6369 = ORIENTED_EDGE ( 'NONE', *, *, #841, .T. ) ;
#6370 = EDGE_LOOP ( 'NONE', ( #679, #3271, #9874, #2015 ) ) ;
#6371 = ADVANCED_FACE ( 'NONE', ( #8169 ), #4832, .F. ) ;
#6372 = CARTESIAN_POINT ( 'NONE',  ( 4.930311713007287544, -0.4756846635750472396, -20.59999999999999787 ) ) ;
#6373 = B_SPLINE_CURVE_WITH_KNOTS ( 'NONE', 3,
 ( #2136, #5577, #5418, #10503, #8873, #8709, #1505, #4779, #710, #7887, #543, #8934, #1561, #3808, #4829, #6709, #7519, #4225, #5686 ),
 .UNSPECIFIED., .F., .F.,
 ( 4, 1, 1, 1, 1, 1, 1, 1, 1, 1, 1, 1, 1, 1, 1, 1, 4 ),
 ( 0.000000000000000000, 0.06034176438934250875, 0.1182497680736599721, 0.1743376375533122469, 0.2288557001995815132, 0.2833648048174767786, 0.3378191339087432965, 0.3932413523772343433, 0.4500854667029099421, 0.5085937818794614707, 0.5685919726708194011, 0.6310814720443834736, 0.6968149473540716787, 0.7657656907541723346, 0.8392023722346616532, 0.9172829815521875707, 1.000000000000000000 ),
 .UNSPECIFIED. ) ;
#6374 = CARTESIAN_POINT ( 'NONE',  ( 5.644019810055005415, 0.3643462222770625369, -20.40000000000000213 ) ) ;
#6375 = PLANE ( 'NONE',  #5973 ) ;
#6376 = SPHERICAL_SURFACE ( 'NONE', #914, 0.2000000000000000111 ) ;
#6377 =( NAMED_UNIT ( * ) PLANE_ANGLE_UNIT ( ) SI_UNIT ( $, .RADIAN. ) );
#6378 = CARTESIAN_POINT ( 'NONE',  ( -0.7014629538487631155, -0.5678380621065634015, -20.60000000000000497 ) ) ;
#6379 =( LENGTH_UNIT ( ) NAMED_UNIT ( * ) SI_UNIT ( .MILLI., .METRE. ) );
#6380 = MECHANICAL_DESIGN_GEOMETRIC_PRESENTATION_REPRESENTATION (  '', ( #10535 ), #735 ) ;
#6381 = ORIENTED_EDGE ( 'NONE', *, *, #10512, .F. ) ;
#6382 = EDGE_CURVE ( 'NONE', #7603, #10446, #7855, .T. ) ;
#6383 = EDGE_CURVE ( 'NONE', #2905, #2026, #3752, .T. ) ;
#6384 = LINE ( 'NONE', #3811, #9630 ) ;
#6385 = COLOUR_RGB ( '',1.000000000000000000, 1.000000000000000000, 1.000000000000000000 ) ;
#6386 = FILL_AREA_STYLE_COLOUR ( '', #8052 ) ;
#6387 = PLANE ( 'NONE',  #3549 ) ;
#6388 = VERTEX_POINT ( 'NONE', #4020 ) ;
#6389 = VECTOR ( 'NONE', #655, 1000.000000000000114 ) ;
#6390 = CARTESIAN_POINT ( 'NONE',  ( 5.487739339529797533, 0.5335092441243761696, -20.60000000000000142 ) ) ;
#6391 = CARTESIAN_POINT ( 'NONE',  ( 0.8473528388464207639, 0.05661489110823133414, -20.40000000000000213 ) ) ;
#6392 = CARTESIAN_POINT ( 'NONE',  ( -1.039365682573264227, 0.04864774954570685872, -20.40000000000000924 ) ) ;
#6393 = CYLINDRICAL_SURFACE ( 'NONE', #2964, 0.2000000000000000944 ) ;
#6394 = CARTESIAN_POINT ( 'NONE',  ( 1.600000000000000089, 7.599999999999996980, 0.000000000000000000 ) ) ;
#6395 = VECTOR ( 'NONE', #5980, 1000.000000000000000 ) ;
#6396 = ORIENTED_EDGE ( 'NONE', *, *, #5672, .T. ) ;
#6397 = B_SPLINE_CURVE_WITH_KNOTS ( 'NONE', 3,
 ( #1036, #6787, #10077, #2690, #5172, #10407, #3666, #6236, #3015, #4631, #9581, #6133, #2847, #3717, #2961, #6288, #9525, #6952, #7701 ),
 .UNSPECIFIED., .F., .F.,
 ( 4, 1, 1, 1, 1, 1, 1, 1, 1, 1, 1, 1, 1, 1, 1, 1, 4 ),
 ( 0.000000000000000000, 0.07040813273187943033, 0.1385315568307198264, 0.2051931111868492141, 0.2698979902991168744, 0.3331965786051242495, 0.3953098162645778402, 0.4561724639254360336, 0.5166274028946397090, 0.5759267578935649556, 0.6355239129868467396, 0.6947320381548272028, 0.7542906315131783224, 0.8144587552179252121, 0.8749740206680791665, 0.9370589671679419030, 0.9999999999999998890 ),
 .UNSPECIFIED. ) ;
#6398 = ADVANCED_FACE ( 'NONE', ( #8877 ), #9725, .T. ) ;
#6399 = SURFACE_STYLE_USAGE ( .BOTH. , #3130 ) ;
#6400 = VECTOR ( 'NONE', #8703, 1000.000000000000000 ) ;
#6401 = ORIENTED_EDGE ( 'NONE', *, *, #4915, .T. ) ;
#6402 = CARTESIAN_POINT ( 'NONE',  ( -0.3858881151875265814, -0.7218369496427781140, -20.40000000000000213 ) ) ;
#6403 = AXIS2_PLACEMENT_3D ( 'NONE', #5547, #683, #3938 ) ;
#6404 = FILL_AREA_STYLE_COLOUR ( '', #7346 ) ;
#6405 = DIRECTION ( 'NONE',  ( 1.000000000000000000, 0.000000000000000000, 0.000000000000000000 ) ) ;
#6406 = VECTOR ( 'NONE', #3821, 1000.000000000000000 ) ;
#6407 = CARTESIAN_POINT ( 'NONE',  ( -5.069273152195719945, -0.2608566998008597371, -20.60000000000000497 ) ) ;
#6408 = DIRECTION ( 'NONE',  ( -1.000000000000000000, 0.000000000000000000, 0.000000000000000000 ) ) ;
#6409 = AXIS2_PLACEMENT_3D ( 'NONE', #8135, #2380, #3343 ) ;
#6410 = CARTESIAN_POINT ( 'NONE',  ( -4.358976156162452931, -0.4214244115432351223, -20.60000000000000497 ) ) ;
#6411 = EDGE_LOOP ( 'NONE', ( #2960, #6627, #9821, #10630 ) ) ;
#6412 = CARTESIAN_POINT ( 'NONE',  ( -6.599999999999999645, 3.199999999999998401, -8.799999999999998934 ) ) ;
#6413 = CARTESIAN_POINT ( 'NONE',  ( -4.532341334013899825, -0.8781456608398205965, -20.60000000000000142 ) ) ;
#6414 = ORIENTED_EDGE ( 'NONE', *, *, #5921, .T. ) ;
#6415 = CARTESIAN_POINT ( 'NONE',  ( 8.069140320336472882, 4.813878188659971080, -20.60000000000000142 ) ) ;
#6416 = CARTESIAN_POINT ( 'NONE',  ( -5.126439561567349479, -0.5410812290118284240, -20.59999999999999787 ) ) ;
#6417 = CARTESIAN_POINT ( 'NONE',  ( -5.608230597668785400, 0.4653456735530940858, -20.60000000000000497 ) ) ;
#6418 = ORIENTED_EDGE ( 'NONE', *, *, #63, .T. ) ;
#6419 = AXIS2_PLACEMENT_3D ( 'NONE', #412, #6144, #5338 ) ;
#6420 = CARTESIAN_POINT ( 'NONE',  ( 0.6294349029147542351, -0.6226459935238828347, -20.39999999999999858 ) ) ;
#6421 = UNCERTAINTY_MEASURE_WITH_UNIT (LENGTH_MEASURE( 1.000000000000000082E-05 ), #6512, 'distance_accuracy_value', 'NONE');
#6422 = CARTESIAN_POINT ( 'NONE',  ( 1.154171020664602754, 0.03713437162771186795, -20.40000000000000213 ) ) ;
#6423 = FILL_AREA_STYLE ('',( #6583 ) ) ;
#6424 = LINE ( 'NONE', #1596, #1674 ) ;
#6425 = CARTESIAN_POINT ( 'NONE',  ( 5.644019810055005415, 0.3643462222770625369, -20.40000000000000213 ) ) ;
#6426 = SURFACE_STYLE_FILL_AREA ( #1437 ) ;
#6427 = VERTEX_POINT ( 'NONE', #4879 ) ;
#6428 = VECTOR ( 'NONE', #10429, 1000.000000000000000 ) ;
#6429 = ORIENTED_EDGE ( 'NONE', *, *, #2918, .T. ) ;
#6430 = DIRECTION ( 'NONE',  ( 1.000000000000000000, 0.000000000000000000, 0.000000000000000000 ) ) ;
#6431 = LINE ( 'NONE', #8869, #5253 ) ;
#6432 = CARTESIAN_POINT ( 'NONE',  ( -4.475421691156756587, -0.2572041023982621910, -20.60000000000000142 ) ) ;
#6433 = ADVANCED_FACE ( 'NONE', ( #7362 ), #5472, .T. ) ;
#6434 = CARTESIAN_POINT ( 'NONE',  ( -1.500000000000000000, -9.096720901134592197, -8.799999999999998934 ) ) ;
#6435 = DIRECTION ( 'NONE',  ( 0.3398311366538648848, 0.9404864691001897370, 0.000000000000000000 ) ) ;
#6436 = PRESENTATION_STYLE_ASSIGNMENT (( #8217 ) ) ;
#6437 = ORIENTED_EDGE ( 'NONE', *, *, #6456, .F. ) ;
#6438 = SURFACE_STYLE_USAGE ( .BOTH. , #7267 ) ;
#6439 = CARTESIAN_POINT ( 'NONE',  ( -1.599999999999999867, 5.999999999999997335, 0.000000000000000000 ) ) ;
#6440 = ORIENTED_EDGE ( 'NONE', *, *, #5811, .T. ) ;
#6441 = CARTESIAN_POINT ( 'NONE',  ( 5.636096871882377179, 0.3755738448920899475, -20.40000000000000213 ) ) ;
#6442 = CARTESIAN_POINT ( 'NONE',  ( 1.700000000000000178, -9.013878188659973034, -2.200000000000000622 ) ) ;
#6443 = CARTESIAN_POINT ( 'NONE',  ( 0.8251846727412802673, -0.003025269870173140276, -20.40000000000000568 ) ) ;
#6444 = CARTESIAN_POINT ( 'NONE',  ( -1.599999999999999867, -5.799999999999998046, 0.000000000000000000 ) ) ;
#6445 = ADVANCED_FACE ( 'NONE', ( #859 ), #3325, .F. ) ;
#6446 = EDGE_CURVE ( 'NONE', #3526, #1283, #508, .T. ) ;
#6447 = FACE_OUTER_BOUND ( 'NONE', #8805, .T. ) ;
#6448 = CARTESIAN_POINT ( 'NONE',  ( -5.438307657226765457, -0.8971984803182561086, -20.40000000000000568 ) ) ;
#6449 = VERTEX_POINT ( 'NONE', #2565 ) ;
#6450 = CARTESIAN_POINT ( 'NONE',  ( 1.098003943187790599, 0.3622782971212067937, -20.40000000000000213 ) ) ;
#6451 = STYLED_ITEM ( 'NONE', ( #1529 ), #938 ) ;
#6452 = CARTESIAN_POINT ( 'NONE',  ( 5.141059736342149300, 0.6410154094368486488, -20.60000000000000853 ) ) ;
#6453 = ORIENTED_EDGE ( 'NONE', *, *, #5204, .T. ) ;
#6454 = LINE ( 'NONE', #2322, #9610 ) ;
#6455 = ADVANCED_FACE ( 'NONE', ( #114 ), #5541, .T. ) ;
#6456 = EDGE_CURVE ( 'NONE', #8231, #2828, #9189, .T. ) ;
#6457 = VECTOR ( 'NONE', #2168, 1000.000000000000000 ) ;
#6458 = SURFACE_STYLE_USAGE ( .BOTH. , #4745 ) ;
#6459 = VECTOR ( 'NONE', #4549, 1000.000000000000227 ) ;
#6460 = CARTESIAN_POINT ( 'NONE',  ( -4.293589042051410232, -0.2201091396479055162, -20.40000000000000568 ) ) ;
#6461 = SURFACE_STYLE_FILL_AREA ( #5548 ) ;
#6462 = ORIENTED_EDGE ( 'NONE', *, *, #5161, .F. ) ;
#6463 = ORIENTED_EDGE ( 'NONE', *, *, #681, .T. ) ;
#6464 = CARTESIAN_POINT ( 'NONE',  ( 4.980748474267411297, 0.6113100570507273845, -20.40000000000000568 ) ) ;
#6465 = VECTOR ( 'NONE', #2864, 1000.000000000000000 ) ;
#6466 = AXIS2_PLACEMENT_3D ( 'NONE', #6059, #9347, #284 ) ;
#6467 = LINE ( 'NONE', #9753, #2541 ) ;
#6468 = CARTESIAN_POINT ( 'NONE',  ( -5.576984191156757475, 0.4660101833160233964, -20.60000000000000142 ) ) ;
#6469 = EDGE_CURVE ( 'NONE', #2768, #8178, #4781, .T. ) ;
#6470 = ORIENTED_EDGE ( 'NONE', *, *, #7323, .F. ) ;
#6471 = DIRECTION ( 'NONE',  ( -0.000000000000000000, -0.000000000000000000, 1.000000000000000000 ) ) ;
#6472 = CARTESIAN_POINT ( 'NONE',  ( -5.835572563111566247, -0.3954357944268944713, -20.40000000000000213 ) ) ;
#6473 = CARTESIAN_POINT ( 'NONE',  ( 2.600000000000000533, 3.999999999999998224, -18.59999999999999787 ) ) ;
#6474 =( LENGTH_UNIT ( ) NAMED_UNIT ( * ) SI_UNIT ( .MILLI., .METRE. ) );
#6475 = CARTESIAN_POINT ( 'NONE',  ( -0.6284765464451526062, 0.6314911320144278584, -20.40000000000000213 ) ) ;
#6476 = VECTOR ( 'NONE', #3437, 1000.000000000000000 ) ;
#6477 = ORIENTED_EDGE ( 'NONE', *, *, #9659, .F. ) ;
#6478 = DIRECTION ( 'NONE',  ( -1.000000000000000000, 0.000000000000000000, 0.000000000000000000 ) ) ;
#6479 = COLOUR_RGB ( '',1.000000000000000000, 1.000000000000000000, 1.000000000000000000 ) ;
#6480 = VERTEX_POINT ( 'NONE', #6922 ) ;
#6481 = DIRECTION ( 'NONE',  ( 0.000000000000000000, -1.000000000000000000, 0.000000000000000000 ) ) ;
#6482 = CARTESIAN_POINT ( 'NONE',  ( 0.1101471155947785358, -0.4322158561459681358, -20.40000000000000568 ) ) ;
#6483 = DIRECTION ( 'NONE',  ( -1.000000000000000000, 0.000000000000000000, 0.000000000000000000 ) ) ;
#6484 = AXIS2_PLACEMENT_3D ( 'NONE', #669, #1570, #5530 ) ;
#6485 = VERTEX_POINT ( 'NONE', #6048 ) ;
#6486 = DIRECTION ( 'NONE',  ( -0.000000000000000000, -0.000000000000000000, 1.000000000000000000 ) ) ;
#6487 = DIRECTION ( 'NONE',  ( 0.000000000000000000, 0.000000000000000000, 1.000000000000000000 ) ) ;
#6488 = CARTESIAN_POINT ( 'NONE',  ( -1.500000000000000000, 9.013878188659973034, -2.200000000000000622 ) ) ;
#6489 = CARTESIAN_POINT ( 'NONE',  ( 1.500000000000000000, -9.213878188659972324, -8.799999999999998934 ) ) ;
#6490 = DIRECTION ( 'NONE',  ( 0.000000000000000000, 0.000000000000000000, -1.000000000000000000 ) ) ;
#6491 = LINE ( 'NONE', #9994, #1494 ) ;
#6492 = FACE_OUTER_BOUND ( 'NONE', #9376, .T. ) ;
#6493 = ORIENTED_EDGE ( 'NONE', *, *, #1176, .T. ) ;
#6494 =( GEOMETRIC_REPRESENTATION_CONTEXT ( 3 ) GLOBAL_UNCERTAINTY_ASSIGNED_CONTEXT ( ( #200 ) ) GLOBAL_UNIT_ASSIGNED_CONTEXT ( ( #8469, #7658, #1956 ) ) REPRESENTATION_CONTEXT ( 'NONE', 'WORKASPACE' ) );
#6495 = CARTESIAN_POINT ( 'NONE',  ( 4.974111046036405526, -0.5471836062522977828, -20.40000000000000213 ) ) ;
#6496 = EDGE_CURVE ( 'NONE', #1345, #6318, #9014, .T. ) ;
#6497 = EDGE_LOOP ( 'NONE', ( #363, #10105, #8387, #3205, #10336 ) ) ;
#6498 = CARTESIAN_POINT ( 'NONE',  ( 5.644019810055005415, 0.3643462222770625369, -20.60000000000000142 ) ) ;
#6499 = CARTESIAN_POINT ( 'NONE',  ( 0.7311468398323912599, -0.2679127727811389525, -20.40000000000000568 ) ) ;
#6500 = DIRECTION ( 'NONE',  ( 1.355252715606880789E-16, 1.000000000000000000, 0.000000000000000000 ) ) ;
#6501 = STYLED_ITEM ( 'NONE', ( #2664 ), #6455 ) ;
#6502 = LINE ( 'NONE', #2418, #9476 ) ;
#6503 = CARTESIAN_POINT ( 'NONE',  ( -1.647369568930549616E-15, -4.813878188659973745, -20.40000000000000213 ) ) ;
#6504 = FILL_AREA_STYLE_COLOUR ( '', #827 ) ;
#6505 =( LENGTH_UNIT ( ) NAMED_UNIT ( * ) SI_UNIT ( .MILLI., .METRE. ) );
#6506 = ORIENTED_EDGE ( 'NONE', *, *, #5672, .F. ) ;
#6507 = EDGE_CURVE ( 'NONE', #3555, #3346, #10265, .T. ) ;
#6508 = VECTOR ( 'NONE', #1205, 1000.000000000000000 ) ;
#6509 = ORIENTED_EDGE ( 'NONE', *, *, #6580, .T. ) ;
#6510 =( NAMED_UNIT ( * ) PLANE_ANGLE_UNIT ( ) SI_UNIT ( $, .RADIAN. ) );
#6511 = CARTESIAN_POINT ( 'NONE',  ( -0.1942573843767255448, -0.6514322127134104523, -20.39999999999999858 ) ) ;
#6512 =( LENGTH_UNIT ( ) NAMED_UNIT ( * ) SI_UNIT ( .MILLI., .METRE. ) );
#6513 = FILL_AREA_STYLE ('',( #4955 ) ) ;
#6514 = PLANE ( 'NONE',  #7790 ) ;
#6515 = DIRECTION ( 'NONE',  ( 0.000000000000000000, 0.000000000000000000, -1.000000000000000000 ) ) ;
#6516 = VERTEX_POINT ( 'NONE', #9334 ) ;
#6517 = EDGE_CURVE ( 'NONE', #8451, #4638, #846, .T. ) ;
#6518 = EDGE_CURVE ( 'NONE', #3993, #3475, #8640, .T. ) ;
#6519 = CARTESIAN_POINT ( 'NONE',  ( -0.8250918810479914711, 0.2693058411712756506, -20.39999999999999503 ) ) ;
#6520 = SURFACE_STYLE_FILL_AREA ( #6626 ) ;
#6521 = ORIENTED_EDGE ( 'NONE', *, *, #2725, .T. ) ;
#6522 = CARTESIAN_POINT ( 'NONE',  ( -4.914896717733526543, -0.1696674579620507384, -20.40000000000000213 ) ) ;
#6523 = CARTESIAN_POINT ( 'NONE',  ( -5.000000000000000000, 2.399999999999998579, -8.799999999999998934 ) ) ;
#6524 = CARTESIAN_POINT ( 'NONE',  ( -0.4836635023960372259, -0.7115016720600195743, -20.39999999999999503 ) ) ;
#6525 = ORIENTED_EDGE ( 'NONE', *, *, #2176, .T. ) ;
#6526 = CARTESIAN_POINT ( 'NONE',  ( -0.4740891476257200199, 0.4643078822574841502, -20.39999999999999503 ) ) ;
#6527 = UNCERTAINTY_MEASURE_WITH_UNIT (LENGTH_MEASURE( 1.000000000000000082E-05 ), #912, 'distance_accuracy_value', 'NONE');
#6528 = CARTESIAN_POINT ( 'NONE',  ( 2.400000000000000355, -8.399999999999998579, -18.59999999999999787 ) ) ;
#6529 = DIRECTION ( 'NONE',  ( 0.000000000000000000, -1.000000000000000000, 0.000000000000000000 ) ) ;
#6530 =( LENGTH_UNIT ( ) NAMED_UNIT ( * ) SI_UNIT ( .MILLI., .METRE. ) );
#6531 = CARTESIAN_POINT ( 'NONE',  ( -0.7259606046403692670, 0.5981724133349639594, -20.39999999999999858 ) ) ;
#6532 = AXIS2_PLACEMENT_3D ( 'NONE', #8117, #8168, #9089 ) ;
#6533 = ORIENTED_EDGE ( 'NONE', *, *, #829, .T. ) ;
#6534 = ADVANCED_FACE ( 'NONE', ( #5301 ), #10660, .F. ) ;
#6535 = SURFACE_STYLE_FILL_AREA ( #4973 ) ;
#6536 = CARTESIAN_POINT ( 'NONE',  ( -0.6988398471418756364, -0.7943172663267167311, -20.59999999999999787 ) ) ;
#6537 = AXIS2_PLACEMENT_3D ( 'NONE', #4690, #8787, #8679 ) ;
#6538 = CARTESIAN_POINT ( 'NONE',  ( -0.2518555770913313840, -0.8791828986041820837, -20.59999999999999787 ) ) ;
#6539 = CARTESIAN_POINT ( 'NONE',  ( 5.058386693171888382, -0.6364654660346257264, -20.40000000000000213 ) ) ;
#6540 = FACE_OUTER_BOUND ( 'NONE', #4630, .T. ) ;
#6541 = CARTESIAN_POINT ( 'NONE',  ( 5.641266043290754872, -0.7743727589100394271, -20.60000000000000497 ) ) ;
#6542 = PRESENTATION_STYLE_ASSIGNMENT (( #7262 ) ) ;
#6543 = SURFACE_STYLE_USAGE ( .BOTH. , #4061 ) ;
#6544 = VECTOR ( 'NONE', #725, 1000.000000000000000 ) ;
#6545 = ORIENTED_EDGE ( 'NONE', *, *, #7377, .T. ) ;
#6546 = ADVANCED_FACE ( 'NONE', ( #6208 ), #678, .T. ) ;
#6547 = CARTESIAN_POINT ( 'NONE',  ( -4.293589042051410232, -0.2201091396479055162, -20.60000000000000497 ) ) ;
#6548 = SURFACE_STYLE_USAGE ( .BOTH. , #8985 ) ;
#6549 = ORIENTED_EDGE ( 'NONE', *, *, #1202, .T. ) ;
#6550 = LINE ( 'NONE', #1768, #2736 ) ;
#6551 = DIRECTION ( 'NONE',  ( -1.000000000000000000, 0.000000000000000000, 0.000000000000000000 ) ) ;
#6552 = PRESENTATION_LAYER_ASSIGNMENT (  '', '', ( #3984 ) ) ;
#6553 = CARTESIAN_POINT ( 'NONE',  ( -3.959735824764908152, 0.2988887745583485023, -20.59999999999999787 ) ) ;
#6554 = CARTESIAN_POINT ( 'NONE',  ( 0.000000000000000000, 0.000000000000000000, 8.000000000000000000 ) ) ;
#6555 = SURFACE_STYLE_FILL_AREA ( #3281 ) ;
#6556 = SURFACE_STYLE_USAGE ( .BOTH. , #10625 ) ;
#6557 = ORIENTED_EDGE ( 'NONE', *, *, #6987, .T. ) ;
#6558 = B_SPLINE_SURFACE_WITH_KNOTS ( 'NONE', 3, 1, ( 
 ( #1728, #8999 ),
 ( #4079, #8948 ),
 ( #2479, #10629 ),
 ( #7426, #3338 ),
 ( #72, #6616 ),
 ( #6450, #9896 ),
 ( #2528, #8334 ) ),
 .UNSPECIFIED., .F., .F., .F.,
 ( 4, 1, 1, 1, 4 ),
 ( 2, 2 ),
 ( 0.000000000000000000, 0.2791363699042692659, 0.5391301766373391979, 0.7791563003888082317, 0.9999999999999998890 ),
 ( 0.000000000000000000, 1.000000000000000000 ),
 .UNSPECIFIED. ) ;
#6559 = AXIS2_PLACEMENT_3D ( 'NONE', #5468, #5414, #5520 ) ;
#6560 = VERTEX_POINT ( 'NONE', #10604 ) ;
#6561 = CARTESIAN_POINT ( 'NONE',  ( -5.314672891076678063, -0.8885613797709188688, -20.39999999999999503 ) ) ;
#6562 = CARTESIAN_POINT ( 'NONE',  ( -0.2253624131450002177, -0.6729670604677725487, -20.40000000000000568 ) ) ;
#6563 = VECTOR ( 'NONE', #8340, 1000.000000000000000 ) ;
#6564 = CARTESIAN_POINT ( 'NONE',  ( 0.8473528388464207639, 0.05661489110823133414, -20.40000000000000213 ) ) ;
#6565 = AXIS2_PLACEMENT_3D ( 'NONE', #9611, #7206, #2241 ) ;
#6566 = EDGE_CURVE ( 'NONE', #3065, #1074, #3208, .T. ) ;
#6567 = DIRECTION ( 'NONE',  ( 0.000000000000000000, -1.000000000000000000, 0.000000000000000000 ) ) ;
#6568 = CARTESIAN_POINT ( 'NONE',  ( -4.257349435969168816, -0.1166265932603347821, -20.40000000000000213 ) ) ;
#6569 = CIRCLE ( 'NONE', #2284, 0.9500000000000000666 ) ;
#6570 = DIRECTION ( 'NONE',  ( 1.000000000000000000, 0.000000000000000000, 0.000000000000000000 ) ) ;
#6571 = ORIENTED_EDGE ( 'NONE', *, *, #10351, .T. ) ;
#6572 = CARTESIAN_POINT ( 'NONE',  ( -0.8436649645076821358, 0.2299959572633510085, -20.40000000000000568 ) ) ;
#6573 = ORIENTED_EDGE ( 'NONE', *, *, #2743, .F. ) ;
#6574 = CARTESIAN_POINT ( 'NONE',  ( -5.086927372974939132, 0.3643462222770624259, -20.40000000000000213 ) ) ;
#6575 = EDGE_LOOP ( 'NONE', ( #7492, #3730, #4543, #5983, #9105, #4425, #2954, #807 ) ) ;
#6576 = CARTESIAN_POINT ( 'NONE',  ( -5.094227242272099332, -0.4612445190241213355, -20.60000000000000497 ) ) ;
#6577 = SURFACE_STYLE_FILL_AREA ( #9754 ) ;
#6578 = PRESENTATION_LAYER_ASSIGNMENT (  '', '', ( #2461 ) ) ;
#6579 = CARTESIAN_POINT ( 'NONE',  ( -7.869140320336472705, -5.213878188659970547, -2.200000000000000622 ) ) ;
#6580 = EDGE_CURVE ( 'NONE', #8743, #2291, #3912, .T. ) ;
#6581 = CARTESIAN_POINT ( 'NONE',  ( 1.154171020664602754, 0.03713437162771186795, -20.60000000000000142 ) ) ;
#6582 = EDGE_CURVE ( 'NONE', #4916, #9674, #2294, .T. ) ;
#6583 = FILL_AREA_STYLE_COLOUR ( '', #10154 ) ;
#6584 = PLANE ( 'NONE',  #2858 ) ;
#6585 = CIRCLE ( 'NONE', #3370, 0.9500000000000000666 ) ;
#6586 = DIRECTION ( 'NONE',  ( 0.000000000000000000, -1.000000000000000000, 0.000000000000000000 ) ) ;
#6587 = ORIENTED_EDGE ( 'NONE', *, *, #697, .F. ) ;
#6588 = CARTESIAN_POINT ( 'NONE',  ( 0.9855427739113558072, -0.01582829070995042664, -20.60000000000000142 ) ) ;
#6589 = ORIENTED_EDGE ( 'NONE', *, *, #4369, .T. ) ;
#6590 = FACE_OUTER_BOUND ( 'NONE', #10280, .T. ) ;
#6591 = VECTOR ( 'NONE', #4207, 1000.000000000000000 ) ;
#6592 = CARTESIAN_POINT ( 'NONE',  ( -4.276556388688569577, -0.1695019059663380179, -20.59999999999999787 ) ) ;
#6593 = ORIENTED_EDGE ( 'NONE', *, *, #5717, .F. ) ;
#6594 = SURFACE_STYLE_USAGE ( .BOTH. , #4166 ) ;
#6595 = DIRECTION ( 'NONE',  ( -0.000000000000000000, -0.000000000000000000, -1.000000000000000000 ) ) ;
#6596 = CARTESIAN_POINT ( 'NONE',  ( -2.600000000000000533, 0.7999999999999984901, -20.60000000000000142 ) ) ;
#6597 = CARTESIAN_POINT ( 'NONE',  ( 5.229507169104357089, 0.6375778765869610787, -20.40000000000000213 ) ) ;
#6598 = EDGE_CURVE ( 'NONE', #3310, #1173, #8756, .T. ) ;
#6599 = CARTESIAN_POINT ( 'NONE',  ( 5.514375623987163522, -0.8579084494446654885, -20.40000000000000213 ) ) ;
#6600 =( GEOMETRIC_REPRESENTATION_CONTEXT ( 3 ) GLOBAL_UNCERTAINTY_ASSIGNED_CONTEXT ( ( #6076 ) ) GLOBAL_UNIT_ASSIGNED_CONTEXT ( ( #6530, #6638, #8305 ) ) REPRESENTATION_CONTEXT ( 'NONE', 'WORKASPACE' ) );
#6601 = FACE_OUTER_BOUND ( 'NONE', #1484, .T. ) ;
#6602 = FILL_AREA_STYLE ('',( #711 ) ) ;
#6603 = ORIENTED_EDGE ( 'NONE', *, *, #5250, .T. ) ;
#6604 = DIRECTION ( 'NONE',  ( -1.000000000000000000, 0.000000000000000000, -0.000000000000000000 ) ) ;
#6605 = ORIENTED_EDGE ( 'NONE', *, *, #4332, .F. ) ;
#6606 = DIRECTION ( 'NONE',  ( -0.000000000000000000, 0.000000000000000000, -1.000000000000000000 ) ) ;
#6607 = DIRECTION ( 'NONE',  ( 1.000000000000000000, 0.000000000000000000, 0.000000000000000000 ) ) ;
#6608 = CARTESIAN_POINT ( 'NONE',  ( -4.464919685797138271, -0.3231029193546715583, -20.60000000000000142 ) ) ;
#6609 = DIRECTION ( 'NONE',  ( 0.3398311366538661060, 0.9404864691001892929, 0.000000000000000000 ) ) ;
#6610 = DIRECTION ( 'NONE',  ( -1.000000000000000000, 0.000000000000000000, 0.000000000000000000 ) ) ;
#6611 =( NAMED_UNIT ( * ) SI_UNIT ( $, .STERADIAN. ) SOLID_ANGLE_UNIT ( ) );
#6612 = ADVANCED_FACE ( 'NONE', ( #9605 ), #7253, .T. ) ;
#6613 = LINE ( 'NONE', #2078, #5271 ) ;
#6614 = CARTESIAN_POINT ( 'NONE',  ( 3.400000000000000355, 3.199999999999998401, -2.000000000000000000 ) ) ;
#6615 = ORIENTED_EDGE ( 'NONE', *, *, #4206, .T. ) ;
#6616 = CARTESIAN_POINT ( 'NONE',  ( 1.081788705238269088, 0.2988887745583485023, -20.60000000000000142 ) ) ;
#6617 = ORIENTED_EDGE ( 'NONE', *, *, #171, .F. ) ;
#6618 = DIRECTION ( 'NONE',  ( 1.000000000000000000, 1.355252715606880789E-16, 0.000000000000000000 ) ) ;
#6619 = DIRECTION ( 'NONE',  ( -1.000000000000000000, 0.000000000000000000, 0.000000000000000000 ) ) ;
#6620 = LINE ( 'NONE', #3239, #5244 ) ;
#6621 = PLANE ( 'NONE',  #4176 ) ;
#6622 =( GEOMETRIC_REPRESENTATION_CONTEXT ( 3 ) GLOBAL_UNCERTAINTY_ASSIGNED_CONTEXT ( ( #4593 ) ) GLOBAL_UNIT_ASSIGNED_CONTEXT ( ( #3441, #4847, #1631 ) ) REPRESENTATION_CONTEXT ( 'NONE', 'WORKASPACE' ) );
#6623 = CARTESIAN_POINT ( 'NONE',  ( 5.817518186678381831, -0.2590304010995608253, -20.60000000000000142 ) ) ;
#6624 = VERTEX_POINT ( 'NONE', #5626 ) ;
#6625 = CARTESIAN_POINT ( 'NONE',  ( -0.7216128592065546021, 0.3947657277073619575, -20.39999999999999503 ) ) ;
#6626 = FILL_AREA_STYLE ('',( #1689 ) ) ;
#6627 = ORIENTED_EDGE ( 'NONE', *, *, #7453, .F. ) ;
#6628 = EDGE_CURVE ( 'NONE', #1476, #3112, #9711, .T. ) ;
#6629 = CARTESIAN_POINT ( 'NONE',  ( -7.869140320336472705, -4.813878188659970192, -20.40000000000000213 ) ) ;
#6630 = CARTESIAN_POINT ( 'NONE',  ( -5.445710602276332857, -0.7221345831102794488, -20.40000000000000213 ) ) ;
#6631 = FILL_AREA_STYLE ('',( #6118 ) ) ;
#6632 =( GEOMETRIC_REPRESENTATION_CONTEXT ( 3 ) GLOBAL_UNCERTAINTY_ASSIGNED_CONTEXT ( ( #5345 ) ) GLOBAL_UNIT_ASSIGNED_CONTEXT ( ( #856, #5794, #4172 ) ) REPRESENTATION_CONTEXT ( 'NONE', 'WORKASPACE' ) );
#6633 = PRESENTATION_LAYER_ASSIGNMENT (  '', '', ( #9209 ) ) ;
#6634 = DIRECTION ( 'NONE',  ( 0.000000000000000000, 0.000000000000000000, -1.000000000000000000 ) ) ;
#6635 = UNCERTAINTY_MEASURE_WITH_UNIT (LENGTH_MEASURE( 1.000000000000000082E-05 ), #1299, 'distance_accuracy_value', 'NONE');
#6636 = DIRECTION ( 'NONE',  ( -1.000000000000000000, 0.000000000000000000, 0.000000000000000000 ) ) ;
#6637 = SURFACE_SIDE_STYLE ('',( #9706 ) ) ;
#6638 =( NAMED_UNIT ( * ) PLANE_ANGLE_UNIT ( ) SI_UNIT ( $, .RADIAN. ) );
#6639 =( BOUNDED_CURVE ( )  B_SPLINE_CURVE ( 3, ( #3862, #9508, #758, #10443 ),
 .UNSPECIFIED., .F., .T. ) 
 B_SPLINE_CURVE_WITH_KNOTS ( ( 4, 4 ),
 ( 1.570796326794896558, 3.141592653589793116 ),
 .UNSPECIFIED. ) 
 CURVE ( )  GEOMETRIC_REPRESENTATION_ITEM ( )  RATIONAL_B_SPLINE_CURVE ( ( 1.000000000000000000, 0.8047378541243649375, 0.8047378541243649375, 1.000000000000000000 ) ) 
 REPRESENTATION_ITEM ( '' )  );
#6640 = ORIENTED_EDGE ( 'NONE', *, *, #7254, .F. ) ;
#6641 = DIRECTION ( 'NONE',  ( -1.000000000000000000, -0.000000000000000000, -0.000000000000000000 ) ) ;
#6642 = ORIENTED_EDGE ( 'NONE', *, *, #7510, .T. ) ;
#6643 = AXIS2_PLACEMENT_3D ( 'NONE', #2392, #2981, #3953 ) ;
#6644 = VECTOR ( 'NONE', #4755, 1000.000000000000000 ) ;
#6645 = CYLINDRICAL_SURFACE ( 'NONE', #6338, 0.9500000000000002887 ) ;
#6646 = EDGE_CURVE ( 'NONE', #1750, #1924, #4821, .T. ) ;
#6647 = CARTESIAN_POINT ( 'NONE',  ( -1.017007742270513493, -0.2673950068878415687, -20.59999999999999787 ) ) ;
#6648 = ORIENTED_EDGE ( 'NONE', *, *, #6469, .T. ) ;
#6649 = CARTESIAN_POINT ( 'NONE',  ( 4.882453251613447343, -0.3521716348657945583, -20.60000000000000142 ) ) ;
#6650 = B_SPLINE_SURFACE_WITH_KNOTS ( 'NONE', 3, 1, ( 
 ( #4968, #7301 ),
 ( #8201, #3203 ),
 ( #8254, #8969 ),
 ( #6475, #9761 ),
 ( #7345, #897 ),
 ( #6531, #2444 ),
 ( #7450, #1598 ),
 ( #4863, #99 ),
 ( #3355, #4047 ),
 ( #8149, #9921 ),
 ( #2550, #8306 ),
 ( #6792, #4471 ),
 ( #204, #6956 ),
 ( #5284, #6139 ),
 ( #9315, #6897 ),
 ( #3454, #994 ),
 ( #1198, #8512 ),
 ( #303, #10190 ),
 ( #7555, #8461 ) ),
 .UNSPECIFIED., .F., .F., .F.,
 ( 4, 1, 1, 1, 1, 1, 1, 1, 1, 1, 1, 1, 1, 1, 1, 1, 4 ),
 ( 2, 2 ),
 ( 0.000000000000000000, 0.05727387003889808370, 0.1125885745647166175, 0.1667057614595783555, 0.2207704467716926355, 0.2751427342129773024, 0.3304303619029004824, 0.3875670358509391011, 0.4471448412340195966, 0.5083952260604526208, 0.5705061652138014860, 0.6346295394722748506, 0.7007977917189525119, 0.7700864055379333939, 0.8427810704370046757, 0.9192994861747902924, 1.000000000000000000 ),
 ( 0.000000000000000000, 1.000000000000000000 ),
 .UNSPECIFIED. ) ;
#6651 = VECTOR ( 'NONE', #5986, 1000.000000000000000 ) ;
#6652 = COLOUR_RGB ( '',0.4980392156862745168, 0.4980392156862745168, 0.4980392156862745168 ) ;
#6653 = FILL_AREA_STYLE_COLOUR ( '', #3299 ) ;
#6654 = CARTESIAN_POINT ( 'NONE',  ( 5.644019810055005415, 0.3643462222770625369, -20.40000000000000213 ) ) ;
#6655 =( NAMED_UNIT ( * ) SI_UNIT ( $, .STERADIAN. ) SOLID_ANGLE_UNIT ( ) );
#6656 =( GEOMETRIC_REPRESENTATION_CONTEXT ( 3 ) GLOBAL_UNCERTAINTY_ASSIGNED_CONTEXT ( ( #4483 ) ) GLOBAL_UNIT_ASSIGNED_CONTEXT ( ( #2996, #7947, #9721 ) ) REPRESENTATION_CONTEXT ( 'NONE', 'WORKASPACE' ) );
#6657 = DIRECTION ( 'NONE',  ( -1.000000000000000000, 0.000000000000000000, 0.000000000000000000 ) ) ;
#6658 = ORIENTED_EDGE ( 'NONE', *, *, #10017, .T. ) ;
#6659 = CARTESIAN_POINT ( 'NONE',  ( -4.201676895659563371, 0.03642325222388206191, -20.60000000000000142 ) ) ;
#6660 = ADVANCED_FACE ( 'NONE', ( #6590 ), #6645, .F. ) ;
#6661 = DIRECTION ( 'NONE',  ( -1.000000000000000000, 0.000000000000000000, 0.000000000000000000 ) ) ;
#6662 = AXIS2_PLACEMENT_3D ( 'NONE', #10231, #8721, #7105 ) ;
#6663 = EDGE_CURVE ( 'NONE', #6624, #2462, #103, .T. ) ;
#6664 = VERTEX_POINT ( 'NONE', #1648 ) ;
#6665 = CARTESIAN_POINT ( 'NONE',  ( -7.869140320336472705, -5.013878188659970370, -8.799999999999998934 ) ) ;
#6666 = LINE ( 'NONE', #9999, #9373 ) ;
#6667 = DIRECTION ( 'NONE',  ( -1.000000000000000000, 0.000000000000000000, 0.000000000000000000 ) ) ;
#6668 = CARTESIAN_POINT ( 'NONE',  ( 5.441375504224676085, -0.6940666626739245837, -20.60000000000000142 ) ) ;
#6669 = LINE ( 'NONE', #9953, #5025 ) ;
#6670 = FACE_OUTER_BOUND ( 'NONE', #3570, .T. ) ;
#6671 = PLANE ( 'NONE',  #4858 ) ;
#6672 = DIRECTION ( 'NONE',  ( 0.000000000000000000, 0.000000000000000000, -1.000000000000000000 ) ) ;
#6673 = CARTESIAN_POINT ( 'NONE',  ( -5.780034947324608652, -0.5126563009605300536, -20.39999999999999858 ) ) ;
#6674 = EDGE_LOOP ( 'NONE', ( #2, #10040, #4068, #304, #272, #7353, #2232, #5514, #6319, #4377, #9474, #2363 ) ) ;
#6675 = DIRECTION ( 'NONE',  ( 0.000000000000000000, -0.000000000000000000, -1.000000000000000000 ) ) ;
#6676 = EDGE_CURVE ( 'NONE', #3798, #9322, #4051, .T. ) ;
#6677 = EDGE_LOOP ( 'NONE', ( #927, #8578, #1738, #3090 ) ) ;
#6678 = CARTESIAN_POINT ( 'NONE',  ( 4.974111046036405526, -0.5471836062522977828, -20.39999999999999858 ) ) ;
#6679 = PRESENTATION_LAYER_ASSIGNMENT (  '', '', ( #8391 ) ) ;
#6680 = CARTESIAN_POINT ( 'NONE',  ( 0.7722958131584982677, -0.1494554560867280557, -20.40000000000000213 ) ) ;
#6681 = CARTESIAN_POINT ( 'NONE',  ( -1.040735635179553142, -0.02648169980085948033, -20.40000000000000213 ) ) ;
#6682 = CARTESIAN_POINT ( 'NONE',  ( 8.069140320336472882, 4.813878188659971080, -2.200000000000000622 ) ) ;
#6683 = CIRCLE ( 'NONE', #2212, 9.599999999999994316 ) ;
#6684 = DIRECTION ( 'NONE',  ( 0.000000000000000000, -1.000000000000000000, 0.000000000000000000 ) ) ;
#6685 = ORIENTED_EDGE ( 'NONE', *, *, #6383, .F. ) ;
#6686 = VERTEX_POINT ( 'NONE', #7506 ) ;
#6687 = CARTESIAN_POINT ( 'NONE',  ( -4.980112948019730368, 0.1570485001312081907, -20.60000000000000142 ) ) ;
#6688 = DIRECTION ( 'NONE',  ( -0.000000000000000000, 0.000000000000000000, -1.000000000000000000 ) ) ;
#6689 = CARTESIAN_POINT ( 'NONE',  ( -0.8427187566066809410, -0.2993032188636536861, -20.60000000000000142 ) ) ;
#6690 = MECHANICAL_DESIGN_GEOMETRIC_PRESENTATION_REPRESENTATION (  '', ( #7553 ), #18 ) ;
#6691 = CARTESIAN_POINT ( 'NONE',  ( -5.576984191156757475, 0.4660101833160233964, -20.60000000000000142 ) ) ;
#6692 = CARTESIAN_POINT ( 'NONE',  ( -1.500000000000000000, 9.013878188659973034, -2.200000000000000622 ) ) ;
#6693 = SPHERICAL_SURFACE ( 'NONE', #7671, 0.2000000000000000111 ) ;
#6694 = SURFACE_STYLE_FILL_AREA ( #9812 ) ;
#6695 = CARTESIAN_POINT ( 'NONE',  ( 0.7479354879517681187, -0.2201091396479055995, -20.60000000000000497 ) ) ;
#6696 = ORIENTED_EDGE ( 'NONE', *, *, #806, .T. ) ;
#6697 = CIRCLE ( 'NONE', #1727, 0.9500000000000000666 ) ;
#6698 = ORIENTED_EDGE ( 'NONE', *, *, #8247, .F. ) ;
#6699 = CARTESIAN_POINT ( 'NONE',  ( -0.8591092625723081300, 0.1876666301893220867, -20.39999999999999858 ) ) ;
#6700 = ORIENTED_EDGE ( 'NONE', *, *, #7424, .T. ) ;
#6701 = CARTESIAN_POINT ( 'NONE',  ( -5.887454970377536512, 0.1543218716277116598, -20.40000000000000213 ) ) ;
#6702 = SURFACE_STYLE_FILL_AREA ( #953 ) ;
#6703 = AXIS2_PLACEMENT_3D ( 'NONE', #8477, #273, #8421 ) ;
#6704 = CARTESIAN_POINT ( 'NONE',  ( -5.422966334013900713, -0.8976261803203401390, -20.60000000000000142 ) ) ;
#6705 = CARTESIAN_POINT ( 'NONE',  ( 5.264756356219967515, 0.6319399841552814090, -20.40000000000000213 ) ) ;
#6706 = CARTESIAN_POINT ( 'NONE',  ( 5.661674030834226379, -0.2608566998008595705, -20.40000000000000213 ) ) ;
#6707 = DIRECTION ( 'NONE',  ( 1.000000000000000000, 0.000000000000000000, -0.000000000000000000 ) ) ;
#6708 = ADVANCED_FACE ( 'NONE', ( #8155 ), #7350, .T. ) ;
#6709 = CARTESIAN_POINT ( 'NONE',  ( -4.921384916641926566, -0.4059306549068090186, -20.39999999999999858 ) ) ;
#6710 = EDGE_LOOP ( 'NONE', ( #7624, #1216, #5298, #4917 ) ) ;
#6711 = CARTESIAN_POINT ( 'NONE',  ( -4.334501618395189659, -0.3430373459431885208, -20.60000000000000497 ) ) ;
#6712 = CARTESIAN_POINT ( 'NONE',  ( 3.199999999999999734, 5.013878188659972146, -20.40000000000000213 ) ) ;
#6713 = ORIENTED_EDGE ( 'NONE', *, *, #1803, .F. ) ;
#6714 = CARTESIAN_POINT ( 'NONE',  ( -5.108919635424213013, -0.5027786375701197574, -20.40000000000000213 ) ) ;
#6715 = CARTESIAN_POINT ( 'NONE',  ( 5.661674030834227267, -0.2608566998008596260, -20.60000000000000497 ) ) ;
#6716 = SURFACE_SIDE_STYLE ('',( #2417 ) ) ;
#6717 = B_SPLINE_SURFACE_WITH_KNOTS ( 'NONE', 3, 1, ( 
 ( #9111, #9002 ),
 ( #1736, #5009 ),
 ( #8185, #2587 ),
 ( #8289, #935 ),
 ( #8133, #6730 ),
 ( #4086, #2379 ),
 ( #1582, #1891 ),
 ( #7801, #5217 ),
 ( #4413, #5969 ),
 ( #3710, #7589 ),
 ( #453, #10068 ),
 ( #1987, #2737 ),
 ( #7751, #1032 ),
 ( #2635, #397 ),
 ( #1131, #9356 ),
 ( #2842, #5270 ),
 ( #6124, #5116 ),
 ( #8561, #246 ),
 ( #9258, #5165 ) ),
 .UNSPECIFIED., .F., .F., .F.,
 ( 4, 1, 1, 1, 1, 1, 1, 1, 1, 1, 1, 1, 1, 1, 1, 1, 4 ),
 ( 2, 2 ),
 ( 0.000000000000000000, 0.08007677343384532465, 0.1562784586802825060, 0.2293194353395051344, 0.2991753128987474919, 0.3662018488666233251, 0.4310867541704904160, 0.4937298118219858867, 0.5550858740706317018, 0.6145530382533342939, 0.6722652138031808278, 0.7281941688403907875, 0.7828833412258556779, 0.8373717222310076425, 0.8910895228912365518, 0.9453955957931418075, 1.000000000000000000 ),
 ( 0.000000000000000000, 1.000000000000000000 ),
 .UNSPECIFIED. ) ;
#6718 = DIRECTION ( 'NONE',  ( 0.000000000000000000, 1.000000000000000000, 0.000000000000000000 ) ) ;
#6719 = AXIS2_PLACEMENT_3D ( 'NONE', #9919, #8967, #2442 ) ;
#6720 = EDGE_CURVE ( 'NONE', #5744, #2797, #4270, .T. ) ;
#6721 = CARTESIAN_POINT ( 'NONE',  ( 3.400000000000000355, 1.599999999999998535, -8.799999999999998934 ) ) ;
#6722 = EDGE_CURVE ( 'NONE', #9223, #6244, #8312, .T. ) ;
#6723 = EDGE_LOOP ( 'NONE', ( #9532, #6605, #7045, #687 ) ) ;
#6724 = CARTESIAN_POINT ( 'NONE',  ( 0.000000000000000000, -6.799999999999997158, -8.799999999999998934 ) ) ;
#6725 = ORIENTED_EDGE ( 'NONE', *, *, #7436, .T. ) ;
#6726 = SURFACE_STYLE_FILL_AREA ( #2481 ) ;
#6727 = CARTESIAN_POINT ( 'NONE',  ( 5.048197674459546036, -0.6273834663167744408, -20.60000000000000142 ) ) ;
#6728 = CARTESIAN_POINT ( 'NONE',  ( -4.367974450897015970, -0.8781456608398205965, -20.60000000000000142 ) ) ;
#6729 = CARTESIAN_POINT ( 'NONE',  ( -0.05077958471667796958, -0.7553163571010336197, -20.60000000000000497 ) ) ;
#6730 = CARTESIAN_POINT ( 'NONE',  ( -5.933834685058972269, -0.5504493902215692458, -20.59999999999999076 ) ) ;
#6731 = ADVANCED_FACE ( 'NONE', ( #1751 ), #9942, .T. ) ;
#6732 = MECHANICAL_DESIGN_GEOMETRIC_PRESENTATION_REPRESENTATION (  '', ( #3984 ), #3459 ) ;
#6733 = DIRECTION ( 'NONE',  ( 0.000000000000000000, 0.000000000000000000, -1.000000000000000000 ) ) ;
#6734 = CARTESIAN_POINT ( 'NONE',  ( -5.083064074619158212, -0.4160628737687753764, -20.59999999999999432 ) ) ;
#6735 = ORIENTED_EDGE ( 'NONE', *, *, #9990, .T. ) ;
#6736 = PRESENTATION_STYLE_ASSIGNMENT (( #4364 ) ) ;
#6737 = ORIENTED_EDGE ( 'NONE', *, *, #1608, .F. ) ;
#6738 = VECTOR ( 'NONE', #9936, 1000.000000000000000 ) ;
#6739 = UNCERTAINTY_MEASURE_WITH_UNIT (LENGTH_MEASURE( 1.000000000000000082E-05 ), #10358, 'distance_accuracy_value', 'NONE');
#6740 = LINE ( 'NONE', #9065, #3844 ) ;
#6741 = EDGE_CURVE ( 'NONE', #1587, #8451, #10193, .T. ) ;
#6742 = CARTESIAN_POINT ( 'NONE',  ( 4.988107757121413854, 0.4225712336686435755, -20.60000000000001208 ) ) ;
#6743 = CARTESIAN_POINT ( 'NONE',  ( 5.627608985985885326, 0.01447209865829754416, -20.40000000000000568 ) ) ;
#6744 = DIRECTION ( 'NONE',  ( -1.000000000000000000, 1.084202172485504804E-16, 0.000000000000000000 ) ) ;
#6745 = FILL_AREA_STYLE_COLOUR ( '', #5681 ) ;
#6746 = CARTESIAN_POINT ( 'NONE',  ( -0.02933223892871770697, -0.1721172489457868382, -20.59999999999999787 ) ) ;
#6747 = VECTOR ( 'NONE', #2803, 1000.000000000000000 ) ;
#6748 = ORIENTED_EDGE ( 'NONE', *, *, #2830, .F. ) ;
#6749 = CARTESIAN_POINT ( 'NONE',  ( 3.000000000000000000, -9.013878188659973034, -2.200000000000000622 ) ) ;
#6750 = VERTEX_POINT ( 'NONE', #7711 ) ;
#6751 = AXIS2_PLACEMENT_3D ( 'NONE', #3263, #8977, #4011 ) ;
#6752 = AXIS2_PLACEMENT_3D ( 'NONE', #7637, #5215, #289 ) ;
#6753 = VERTEX_POINT ( 'NONE', #6849 ) ;
#6754 = DIRECTION ( 'NONE',  ( -0.000000000000000000, -0.000000000000000000, -1.000000000000000000 ) ) ;
#6755 = CARTESIAN_POINT ( 'NONE',  ( 4.845654913866971114, 0.1669384525872935898, -20.40000000000000213 ) ) ;
#6756 = LINE ( 'NONE', #7566, #1417 ) ;
#6757 = CARTESIAN_POINT ( 'NONE',  ( -5.996968774178680128, 0.3710146627365671912, -20.40000000000000213 ) ) ;
#6758 = CARTESIAN_POINT ( 'NONE',  ( 5.622027547605732423, -0.5027786375701198684, -20.40000000000000568 ) ) ;
#6759 = FACE_OUTER_BOUND ( 'NONE', #1068, .T. ) ;
#6760 = VECTOR ( 'NONE', #5484, 1000.000000000000000 ) ;
#6761 = EDGE_LOOP ( 'NONE', ( #1003, #3901, #5923, #1687 ) ) ;
#6762 = SURFACE_SIDE_STYLE ('',( #1058 ) ) ;
#6763 = DIRECTION ( 'NONE',  ( -1.000000000000000000, 0.000000000000000000, 0.000000000000000000 ) ) ;
#6764 = B_SPLINE_CURVE_WITH_KNOTS ( 'NONE', 3,
 ( #9436, #2058, #4534, #7812, #472, #2976, #5449, #1372, #4644, #3842, #4962, #8196, #1539, #3301, #9864, #7187, #6417, #3195, #6468 ),
 .UNSPECIFIED., .F., .F.,
 ( 4, 1, 1, 1, 1, 1, 1, 1, 1, 1, 1, 1, 1, 1, 1, 1, 4 ),
 ( 0.000000000000000000, 0.07876611155594497038, 0.1534445156028387824, 0.2241603356639676192, 0.2914272589649345990, 0.3553918477408114507, 0.4164453581887087030, 0.4750373929085570102, 0.5320913459039197102, 0.5882633588390880908, 0.6437330848151301410, 0.6991218818446867100, 0.7556262354857282704, 0.8133023725605884602, 0.8727141935158483355, 0.9349979736873287317, 1.000000000000000000 ),
 .UNSPECIFIED. ) ;
#6765 = ORIENTED_EDGE ( 'NONE', *, *, #254, .F. ) ;
#6766 = EDGE_CURVE ( 'NONE', #3843, #5612, #2807, .T. ) ;
#6767 = CARTESIAN_POINT ( 'NONE',  ( -0.7781438985713531320, 0.3389456408942408960, -20.59999999999999432 ) ) ;
#6768 = CARTESIAN_POINT ( 'NONE',  ( 7.400000000000000355, 3.999999999999998224, -20.60000000000000142 ) ) ;
#6769 = DIRECTION ( 'NONE',  ( 0.000000000000000000, 0.000000000000000000, -1.000000000000000000 ) ) ;
#6770 = DIRECTION ( 'NONE',  ( -1.000000000000000000, 0.000000000000000000, 0.000000000000000000 ) ) ;
#6771 = SURFACE_STYLE_FILL_AREA ( #3429 ) ;
#6772 = PLANE ( 'NONE',  #9071 ) ;
#6773 = ORIENTED_EDGE ( 'NONE', *, *, #9011, .T. ) ;
#6774 = VECTOR ( 'NONE', #10318, 1000.000000000000000 ) ;
#6775 = CARTESIAN_POINT ( 'NONE',  ( -5.020077755258004260, -0.6935695485282540318, -20.60000000000000853 ) ) ;
#6776 = ORIENTED_EDGE ( 'NONE', *, *, #708, .T. ) ;
#6777 = ADVANCED_FACE ( 'NONE', ( #9431 ), #582, .T. ) ;
#6778 = SURFACE_STYLE_USAGE ( .BOTH. , #3488 ) ;
#6779 = CARTESIAN_POINT ( 'NONE',  ( 4.886807644709805665, -0.3667512949503002329, -20.39999999999999858 ) ) ;
#6780 = CARTESIAN_POINT ( 'NONE',  ( 9.799999999999997158, 1.212400331155879505E-15, -2.000000000000000000 ) ) ;
#6781 = CARTESIAN_POINT ( 'NONE',  ( -7.869140320336472705, 4.813878188659971080, -20.40000000000000213 ) ) ;
#6782 = CARTESIAN_POINT ( 'NONE',  ( -5.562092082767762236, -0.7010883149031290618, -20.40000000000000924 ) ) ;
#6783 = CARTESIAN_POINT ( 'NONE',  ( 0.000000000000000000, 0.000000000000000000, -8.799999999999998934 ) ) ;
#6784 = CARTESIAN_POINT ( 'NONE',  ( -5.171971089580430281, -0.6065495339966484600, -20.60000000000001208 ) ) ;
#6785 = ORIENTED_EDGE ( 'NONE', *, *, #8700, .F. ) ;
#6786 = EDGE_CURVE ( 'NONE', #1089, #3298, #6683, .T. ) ;
#6787 = CARTESIAN_POINT ( 'NONE',  ( -5.094850311147568256, 0.3755738448920898365, -20.60000000000000142 ) ) ;
#6788 = EDGE_CURVE ( 'NONE', #9895, #5539, #2219, .T. ) ;
#6789 = SURFACE_SIDE_STYLE ('',( #5282 ) ) ;
#6790 = CARTESIAN_POINT ( 'NONE',  ( 4.869040480596291687, 0.2598732465356546339, -20.60000000000000142 ) ) ;
#6791 = CARTESIAN_POINT ( 'NONE',  ( 5.360383441208099065, 0.4131696807710521502, -20.40000000000000924 ) ) ;
#6792 = CARTESIAN_POINT ( 'NONE',  ( -0.9582493615752640803, 0.3676084172281290918, -20.40000000000000213 ) ) ;
#6793 =( NAMED_UNIT ( * ) PLANE_ANGLE_UNIT ( ) SI_UNIT ( $, .RADIAN. ) );
#6794 = CARTESIAN_POINT ( 'NONE',  ( 1.314580923262005152, -0.8781456608398205965, -20.40000000000000213 ) ) ;
#6795 = VERTEX_POINT ( 'NONE', #1536 ) ;
#6796 = CARTESIAN_POINT ( 'NONE',  ( -5.872081770006539969, 0.2268333742110245910, -20.60000000000000142 ) ) ;
#6797 = ORIENTED_EDGE ( 'NONE', *, *, #2298, .T. ) ;
#6798 = EDGE_CURVE ( 'NONE', #8034, #4269, #575, .T. ) ;
#6799 = FILL_AREA_STYLE_COLOUR ( '', #2525 ) ;
#6800 = ORIENTED_EDGE ( 'NONE', *, *, #9277, .T. ) ;
#6801 = SURFACE_STYLE_USAGE ( .BOTH. , #2704 ) ;
#6802 = CARTESIAN_POINT ( 'NONE',  ( 5.660565335837497436, -0.1889796156272137706, -20.59999999999999787 ) ) ;
#6803 = DIRECTION ( 'NONE',  ( -1.000000000000000000, 0.000000000000000000, 0.000000000000000000 ) ) ;
#6804 = CARTESIAN_POINT ( 'NONE',  ( 5.000000000000000000, 2.399999999999998579, -8.799999999999998934 ) ) ;
#6805 = CARTESIAN_POINT ( 'NONE',  ( 5.604507621462593292, -0.5410812290118283130, -20.60000000000000497 ) ) ;
#6806 = CARTESIAN_POINT ( 'NONE',  ( 4.843492212652408035, 0.1543218716277117430, -20.40000000000000213 ) ) ;
#6807 = CARTESIAN_POINT ( 'NONE',  ( -0.3492346110644555246, 0.4247916438146897566, -20.60000000000000142 ) ) ;
#6808 = VECTOR ( 'NONE', #1434, 1000.000000000000000 ) ;
#6809 = ORIENTED_EDGE ( 'NONE', *, *, #5746, .T. ) ;
#6810 = CIRCLE ( 'NONE', #8885, 0.9500000000000002887 ) ;
#6811 = ORIENTED_EDGE ( 'NONE', *, *, #4139, .T. ) ;
#6812 = FACE_OUTER_BOUND ( 'NONE', #6814, .T. ) ;
#6813 = CARTESIAN_POINT ( 'NONE',  ( -5.826706443611321617, 0.5727900671557801804, -20.59999999999999787 ) ) ;
#6814 = EDGE_LOOP ( 'NONE', ( #7304, #4959, #10294, #3139 ) ) ;
#6815 = PRESENTATION_LAYER_ASSIGNMENT (  '', '', ( #9556 ) ) ;
#6816 = CARTESIAN_POINT ( 'NONE',  ( -0.6910405076410236491, 0.4167098010172696210, -20.59999999999999787 ) ) ;
#6817 = AXIS2_PLACEMENT_3D ( 'NONE', #8323, #7810, #9142 ) ;
#6818 = CARTESIAN_POINT ( 'NONE',  ( -0.8031721546838700432, -0.7023502265636101249, -20.40000000000000568 ) ) ;
#6819 = CARTESIAN_POINT ( 'NONE',  ( -4.049999999999999822, 2.399999999999998579, -20.60000000000000142 ) ) ;
#6820 = DIRECTION ( 'NONE',  ( 0.000000000000000000, 0.000000000000000000, -1.000000000000000000 ) ) ;
#6821 = ORIENTED_EDGE ( 'NONE', *, *, #1581, .T. ) ;
#6822 = EDGE_CURVE ( 'NONE', #2739, #8738, #8851, .T. ) ;
#6823 = AXIS2_PLACEMENT_3D ( 'NONE', #3528, #3477, #3583 ) ;
#6824 =( GEOMETRIC_REPRESENTATION_CONTEXT ( 3 ) GLOBAL_UNCERTAINTY_ASSIGNED_CONTEXT ( ( #6421 ) ) GLOBAL_UNIT_ASSIGNED_CONTEXT ( ( #6512, #4248, #933 ) ) REPRESENTATION_CONTEXT ( 'NONE', 'WORKASPACE' ) );
#6825 = STYLED_ITEM ( 'NONE', ( #2476 ), #4838 ) ;
#6826 = CARTESIAN_POINT ( 'NONE',  ( -4.914463352754767200, -0.3340546475250059655, -20.60000000000000497 ) ) ;
#6827 = ORIENTED_EDGE ( 'NONE', *, *, #2696, .F. ) ;
#6828 = CARTESIAN_POINT ( 'NONE',  ( -4.947792427010946348, -0.5352559026976153600, -20.60000000000000142 ) ) ;
#6829 = DIRECTION ( 'NONE',  ( 0.000000000000000000, -0.000000000000000000, -1.000000000000000000 ) ) ;
#6830 = CARTESIAN_POINT ( 'NONE',  ( 0.4136068972879791139, 0.6218543391601795145, -20.40000000000000213 ) ) ;
#6831 = ORIENTED_EDGE ( 'NONE', *, *, #9970, .F. ) ;
#6832 =( GEOMETRIC_REPRESENTATION_CONTEXT ( 3 ) GLOBAL_UNCERTAINTY_ASSIGNED_CONTEXT ( ( #2870 ) ) GLOBAL_UNIT_ASSIGNED_CONTEXT ( ( #9291, #7882, #7036 ) ) REPRESENTATION_CONTEXT ( 'NONE', 'WORKASPACE' ) );
#6833 = CARTESIAN_POINT ( 'NONE',  ( 0.1278488674430453276, -0.2649218014728412229, -20.60000000000000142 ) ) ;
#6834 = FILL_AREA_STYLE_COLOUR ( '', #5899 ) ;
#6835 = VERTEX_POINT ( 'NONE', #5445 ) ;
#6836 = ADVANCED_FACE ( 'NONE', ( #10417 ), #9699, .F. ) ;
#6837 = CARTESIAN_POINT ( 'NONE',  ( -5.126439561567349479, -0.5410812290118284240, -20.60000000000000142 ) ) ;
#6838 = DIRECTION ( 'NONE',  ( 0.000000000000000000, -1.000000000000000000, 0.000000000000000000 ) ) ;
#6839 = ORIENTED_EDGE ( 'NONE', *, *, #3631, .T. ) ;
#6840 = VECTOR ( 'NONE', #10379, 1000.000000000000000 ) ;
#6841 = UNCERTAINTY_MEASURE_WITH_UNIT (LENGTH_MEASURE( 1.000000000000000082E-05 ), #9934, 'distance_accuracy_value', 'NONE');
#6842 = DIRECTION ( 'NONE',  ( -0.000000000000000000, -0.000000000000000000, -1.000000000000000000 ) ) ;
#6843 = CARTESIAN_POINT ( 'NONE',  ( 5.627608985985885326, 0.01447209865829754416, -20.60000000000000497 ) ) ;
#6844 = CARTESIAN_POINT ( 'NONE',  ( -0.02774862219254034881, -0.2562909530476126796, -20.59999999999998010 ) ) ;
#6845 = EDGE_CURVE ( 'NONE', #9943, #1044, #8033, .T. ) ;
#6846 = SURFACE_STYLE_USAGE ( .BOTH. , #5981 ) ;
#6847 = EDGE_CURVE ( 'NONE', #4665, #10464, #3942, .T. ) ;
#6848 = EDGE_LOOP ( 'NONE', ( #3171, #4365, #1453, #7548 ) ) ;
#6849 = CARTESIAN_POINT ( 'NONE',  ( -6.599999999999999645, 1.599999999999998757, 0.000000000000000000 ) ) ;
#6850 = EDGE_LOOP ( 'NONE', ( #7950, #7141, #2080 ) ) ;
#6851 = PRESENTATION_LAYER_ASSIGNMENT (  '', '', ( #1020 ) ) ;
#6852 = DIRECTION ( 'NONE',  ( -0.000000000000000000, -0.000000000000000000, -1.000000000000000000 ) ) ;
#6853 = EDGE_LOOP ( 'NONE', ( #3677, #10092, #1825, #6615 ) ) ;
#6854 = CARTESIAN_POINT ( 'NONE',  ( 4.845654913866971114, 0.1669384525872935898, -20.60000000000000142 ) ) ;
#6855 = CARTESIAN_POINT ( 'NONE',  ( -5.000000000000000000, 2.399999999999998579, -8.799999999999998934 ) ) ;
#6856 = UNCERTAINTY_MEASURE_WITH_UNIT (LENGTH_MEASURE( 1.000000000000000082E-05 ), #5390, 'distance_accuracy_value', 'NONE');
#6857 = CARTESIAN_POINT ( 'NONE',  ( -0.8643090391435507280, -0.6247438079113800669, -20.40000000000000213 ) ) ;
#6858 = CARTESIAN_POINT ( 'NONE',  ( 5.799025921446848919, -0.4730855009535426259, -20.39999999999999858 ) ) ;
#6859 = CARTESIAN_POINT ( 'NONE',  ( 5.296414290574485761, -0.7223015049956647005, -20.60000000000000142 ) ) ;
#6860 = AXIS2_PLACEMENT_3D ( 'NONE', #2798, #9363, #5438 ) ;
#6861 = ORIENTED_EDGE ( 'NONE', *, *, #3035, .F. ) ;
#6862 = EDGE_CURVE ( 'NONE', #360, #8439, #9776, .T. ) ;
#6863 = ORIENTED_EDGE ( 'NONE', *, *, #1309, .T. ) ;
#6864 = CARTESIAN_POINT ( 'NONE',  ( 5.817518186678381831, -0.2590304010995608253, -20.60000000000000142 ) ) ;
#6865 = ORIENTED_EDGE ( 'NONE', *, *, #8590, .T. ) ;
#6866 = AXIS2_PLACEMENT_3D ( 'NONE', #10590, #5606, #7233 ) ;
#6867 = CARTESIAN_POINT ( 'NONE',  ( -5.086927372974939132, 0.3643462222770624259, -20.60000000000000142 ) ) ;
#6868 = PLANE ( 'NONE',  #314 ) ;
#6869 = CARTESIAN_POINT ( 'NONE',  ( -0.9441519570692775698, -0.4850507880231258451, -20.39999999999999858 ) ) ;
#6870 = CARTESIAN_POINT ( 'NONE',  ( 5.583633838870388111, 0.1376018571404509228, -20.40000000000000568 ) ) ;
#6871 = CARTESIAN_POINT ( 'NONE',  ( 8.069140320336472882, -5.013878188659970370, -20.40000000000000213 ) ) ;
#6872 = CARTESIAN_POINT ( 'NONE',  ( -0.5226755702444884077, 0.6413348586406990570, -20.60000000000000142 ) ) ;
#6873 = EDGE_CURVE ( 'NONE', #1209, #10104, #143, .T. ) ;
#6874 = EDGE_LOOP ( 'NONE', ( #6206, #6167, #3898, #9000 ) ) ;
#6875 = AXIS2_PLACEMENT_3D ( 'NONE', #10550, #6481, #5781 ) ;
#6876 = CARTESIAN_POINT ( 'NONE',  ( -4.786196853494418590, 0.6218543391601795145, -20.40000000000000213 ) ) ;
#6877 = FACE_OUTER_BOUND ( 'NONE', #4851, .T. ) ;
#6878 = FACE_OUTER_BOUND ( 'NONE', #8138, .T. ) ;
#6879 = ORIENTED_EDGE ( 'NONE', *, *, #142, .T. ) ;
#6880 = FACE_OUTER_BOUND ( 'NONE', #7919, .T. ) ;
#6881 = CARTESIAN_POINT ( 'NONE',  ( 2.799999999999999822, 9.213878188659972324, -2.200000000000000622 ) ) ;
#6882 = CARTESIAN_POINT ( 'NONE',  ( -0.8270983427133937749, -0.3440435977300242976, -20.39999999999999858 ) ) ;
#6883 = CARTESIAN_POINT ( 'NONE',  ( -5.398252241807156793, 0.6146410278096126056, -20.40000000000000568 ) ) ;
#6884 = CARTESIAN_POINT ( 'NONE',  ( -4.913428996351562716, -0.2590304010995609363, -20.60000000000000142 ) ) ;
#6885 = ORIENTED_EDGE ( 'NONE', *, *, #9205, .T. ) ;
#6886 = PRESENTATION_LAYER_ASSIGNMENT (  '', '', ( #6363 ) ) ;
#6887 = CARTESIAN_POINT ( 'NONE',  ( 1.472251377807459738, -0.8781456608398205965, -20.40000000000000213 ) ) ;
#6888 = B_SPLINE_CURVE_WITH_KNOTS ( 'NONE', 3,
 ( #8553, #10011, #8440, #9349, #4300, #5262, #1179, #389, #5109, #8389, #3653, #6940, #5914, #2834, #9409, #2031, #5316, #7585, #238 ),
 .UNSPECIFIED., .F., .F.,
 ( 4, 1, 1, 1, 1, 1, 1, 1, 1, 1, 1, 1, 1, 1, 1, 1, 4 ),
 ( 0.000000000000000000, 0.06034176438934250875, 0.1182497680736599721, 0.1743376375533122469, 0.2288557001995815132, 0.2833648048174767786, 0.3378191339087432965, 0.3932413523772343433, 0.4500854667029100531, 0.5085937818794614707, 0.5685919726708194011, 0.6310814720443835846, 0.6968149473540715677, 0.7657656907541723346, 0.8392023722346616532, 0.9172829815521875707, 1.000000000000000000 ),
 .UNSPECIFIED. ) ;
#6889 = DIRECTION ( 'NONE',  ( 0.000000000000000000, 0.000000000000000000, 1.000000000000000000 ) ) ;
#6890 = ORIENTED_EDGE ( 'NONE', *, *, #6122, .F. ) ;
#6891 = STYLED_ITEM ( 'NONE', ( #4896 ), #2358 ) ;
#6892 = ORIENTED_EDGE ( 'NONE', *, *, #10567, .F. ) ;
#6893 = FACE_OUTER_BOUND ( 'NONE', #9489, .T. ) ;
#6894 = EDGE_CURVE ( 'NONE', #5180, #9880, #9104, .T. ) ;
#6895 = CARTESIAN_POINT ( 'NONE',  ( -5.467745923810293007, -0.7218055195118801004, -20.59999999999999432 ) ) ;
#6896 = CARTESIAN_POINT ( 'NONE',  ( 5.143400286429328006, 0.4657855488164471258, -20.60000000000000497 ) ) ;
#6897 = CARTESIAN_POINT ( 'NONE',  ( -1.020804020586596472, 0.1890509280178577500, -20.60000000000000142 ) ) ;
#6898 = CYLINDRICAL_SURFACE ( 'NONE', #9802, 0.9500000000000000666 ) ;
#6899 = MECHANICAL_DESIGN_GEOMETRIC_PRESENTATION_REPRESENTATION (  '', ( #1257 ), #9657 ) ;
#6900 = CARTESIAN_POINT ( 'NONE',  ( 7.869140320336472705, -4.813878188659971080, -20.40000000000000213 ) ) ;
#6901 = EDGE_LOOP ( 'NONE', ( #3563, #5079, #6827, #9057 ) ) ;
#6902 = CARTESIAN_POINT ( 'NONE',  ( -5.872081770006539969, 0.2268333742110245910, -20.40000000000000213 ) ) ;
#6903 = VERTEX_POINT ( 'NONE', #9168 ) ;
#6904 = PRESENTATION_LAYER_ASSIGNMENT (  '', '', ( #3988 ) ) ;
#6905 = CARTESIAN_POINT ( 'NONE',  ( -9.000000000000000000, 1.102182119232617714E-15, 6.713295847694284113 ) ) ;
#6906 = CARTESIAN_POINT ( 'NONE',  ( 1.600000000000000089, 7.599999999999996980, -2.000000000000000000 ) ) ;
#6907 = EDGE_CURVE ( 'NONE', #1854, #3843, #5924, .T. ) ;
#6908 = EDGE_CURVE ( 'NONE', #6051, #1100, #10131, .T. ) ;
#6909 = ORIENTED_EDGE ( 'NONE', *, *, #5265, .T. ) ;
#6910 = TOROIDAL_SURFACE ( 'NONE', #10013, 0.4000000000000000222, 0.2000000000000000111 ) ;
#6911 = VECTOR ( 'NONE', #192, 1000.000000000000000 ) ;
#6912 = CARTESIAN_POINT ( 'NONE',  ( 5.092560083509247271, 0.4616429746300297898, -20.60000000000000142 ) ) ;
#6913 = DIRECTION ( 'NONE',  ( -6.361537061930967082E-11, 2.364574608105902170E-11, 1.000000000000000000 ) ) ;
#6914 = CARTESIAN_POINT ( 'NONE',  ( -5.756836136993540798, -0.5471836062522981159, -20.60000000000000497 ) ) ;
#6915 = CARTESIAN_POINT ( 'NONE',  ( -0.9441519570692775698, -0.4850507880231258451, -20.60000000000000142 ) ) ;
#6916 = CARTESIAN_POINT ( 'NONE',  ( 5.066991263610191254, -0.6433302629182148236, -20.60000000000000142 ) ) ;
#6917 = VECTOR ( 'NONE', #10430, 1000.000000000000000 ) ;
#6918 = FILL_AREA_STYLE_COLOUR ( '', #2269 ) ;
#6919 = ORIENTED_EDGE ( 'NONE', *, *, #229, .F. ) ;
#6920 = ORIENTED_EDGE ( 'NONE', *, *, #2561, .F. ) ;
#6921 = CARTESIAN_POINT ( 'NONE',  ( -0.5029609884875615444, 0.4654400270002057027, -20.60000000000000142 ) ) ;
#6922 = CARTESIAN_POINT ( 'NONE',  ( -0.2000294663483845048, 0.2995126183809586617, -20.60000000000000142 ) ) ;
#6923 = ORIENTED_EDGE ( 'NONE', *, *, #4018, .F. ) ;
#6924 = ADVANCED_FACE ( 'NONE', ( #7594 ), #7495, .T. ) ;
#6925 = EDGE_CURVE ( 'NONE', #7049, #9943, #5821, .T. ) ;
#6926 = CARTESIAN_POINT ( 'NONE',  ( -1.500000000000000000, -9.375835069691863310, -2.000000000000000000 ) ) ;
#6927 = CARTESIAN_POINT ( 'NONE',  ( -4.914896717733526543, -0.1696674579620507384, -20.60000000000000142 ) ) ;
#6928 = CARTESIAN_POINT ( 'NONE',  ( 0.1006533718851653353, 0.03528813111341271014, -20.60000000000000853 ) ) ;
#6929 = CARTESIAN_POINT ( 'NONE',  ( -0.7698017970894794892, -0.7361227846714787360, -20.40000000000000568 ) ) ;
#6930 = CARTESIAN_POINT ( 'NONE',  ( 4.747182985577946823, -0.4347845258531025103, -20.39999999999999503 ) ) ;
#6931 = VECTOR ( 'NONE', #9684, 1000.000000000000000 ) ;
#6932 = CARTESIAN_POINT ( 'NONE',  ( 5.686146752743108657, 0.2995535025555787767, -20.39999999999999858 ) ) ;
#6933 = CARTESIAN_POINT ( 'NONE',  ( -2.600000000000000533, 3.999999999999998224, -18.59999999999999787 ) ) ;
#6934 = CARTESIAN_POINT ( 'NONE',  ( -3.199999999999999734, -4.813878188659972857, -20.40000000000000213 ) ) ;
#6935 = VERTEX_POINT ( 'NONE', #5827 ) ;
#6936 = PLANE ( 'NONE',  #7738 ) ;
#6937 = DIRECTION ( 'NONE',  ( -0.000000000000000000, 0.000000000000000000, 1.000000000000000000 ) ) ;
#6938 = CARTESIAN_POINT ( 'NONE',  ( 2.799999999999999822, -9.013878188659973034, -2.200000000000000622 ) ) ;
#6939 = VERTEX_POINT ( 'NONE', #5017 ) ;
#6940 = CARTESIAN_POINT ( 'NONE',  ( 5.739594710451982884, -0.6456856532442476482, -20.60000000000000497 ) ) ;
#6941 = CARTESIAN_POINT ( 'NONE',  ( 4.771056661559908818, -0.4946572093757611865, -20.60000000000000853 ) ) ;
#6942 = ADVANCED_FACE ( 'NONE', ( #3501 ), #8574, .T. ) ;
#6943 = VECTOR ( 'NONE', #8845, 1000.000000000000000 ) ;
#6944 = CARTESIAN_POINT ( 'NONE',  ( -0.8803587825609939799, -0.1101877482158503535, -20.40000000000000568 ) ) ;
#6945 = SPHERICAL_SURFACE ( 'NONE', #153, 0.2000000000000000111 ) ;
#6946 = DIRECTION ( 'NONE',  ( 0.000000000000000000, 0.000000000000000000, 1.000000000000000000 ) ) ;
#6947 = CARTESIAN_POINT ( 'NONE',  ( -0.07587809870179532123, -0.7804166566391886883, -20.60000000000000853 ) ) ;
#6948 = LINE ( 'NONE', #7749, #7607 ) ;
#6949 = DIRECTION ( 'NONE',  ( 1.000000000000000000, 0.000000000000000000, 0.000000000000000000 ) ) ;
#6950 = ORIENTED_EDGE ( 'NONE', *, *, #10214, .F. ) ;
#6951 = VERTEX_POINT ( 'NONE', #2597 ) ;
#6952 = CARTESIAN_POINT ( 'NONE',  ( -5.561963756193556208, 0.6410449470948363926, -20.60000000000000142 ) ) ;
#6953 = B_SPLINE_CURVE_WITH_KNOTS ( 'NONE', 3,
 ( #4167, #7463, #3365, #1809, #1705, #8211, #850 ),
 .UNSPECIFIED., .F., .F.,
 ( 4, 1, 1, 1, 4 ),
 ( 0.000000000000000000, 0.2791363699042692659, 0.5391301766373391979, 0.7791563003888082317, 0.9999999999999998890 ),
 .UNSPECIFIED. ) ;
#6954 = UNCERTAINTY_MEASURE_WITH_UNIT (LENGTH_MEASURE( 1.000000000000000082E-05 ), #9116, 'distance_accuracy_value', 'NONE');
#6955 = SURFACE_SIDE_STYLE ('',( #8570 ) ) ;
#6956 = CARTESIAN_POINT ( 'NONE',  ( -0.9836874245701544561, 0.3123479977148628239, -20.59999999999999432 ) ) ;
#6957 = PLANE ( 'NONE',  #8086 ) ;
#6958 = EDGE_CURVE ( 'NONE', #7667, #8946, #4971, .T. ) ;
#6959 = SURFACE_STYLE_USAGE ( .BOTH. , #5288 ) ;
#6960 = CARTESIAN_POINT ( 'NONE',  ( 7.869140320336472705, 4.813878188659971080, -20.40000000000000213 ) ) ;
#6961 = FACE_OUTER_BOUND ( 'NONE', #3435, .T. ) ;
#6962 = DIRECTION ( 'NONE',  ( -1.000000000000000000, 0.000000000000000000, 0.000000000000000000 ) ) ;
#6963 = DIRECTION ( 'NONE',  ( -0.000000000000000000, -0.000000000000000000, 1.000000000000000000 ) ) ;
#6964 = VECTOR ( 'NONE', #3931, 1000.000000000000000 ) ;
#6965 = VERTEX_POINT ( 'NONE', #3450 ) ;
#6966 = CARTESIAN_POINT ( 'NONE',  ( 5.172472684685431865, 0.4653832460872163734, -20.60000000000000497 ) ) ;
#6967 = CARTESIAN_POINT ( 'NONE',  ( 2.400000000000000355, -5.199999999999997513, -18.59999999999999787 ) ) ;
#6968 = UNCERTAINTY_MEASURE_WITH_UNIT (LENGTH_MEASURE( 1.000000000000000082E-05 ), #9502, 'distance_accuracy_value', 'NONE');
#6969 = FACE_OUTER_BOUND ( 'NONE', #3002, .T. ) ;
#6970 = CARTESIAN_POINT ( 'NONE',  ( -0.7698017970894794892, -0.7361227846714787360, -20.60000000000000853 ) ) ;
#6971 = CARTESIAN_POINT ( 'NONE',  ( 5.441375504224676085, -0.6940666626739245837, -20.60000000000000497 ) ) ;
#6972 = CARTESIAN_POINT ( 'NONE',  ( -0.3897243583847868065, 0.4433147812488007489, -20.60000000000000497 ) ) ;
#6973 = ORIENTED_EDGE ( 'NONE', *, *, #5746, .F. ) ;
#6974 = ORIENTED_EDGE ( 'NONE', *, *, #3579, .T. ) ;
#6975 = CARTESIAN_POINT ( 'NONE',  ( 1.500000000000000000, 9.096720901134592197, -8.799999999999998934 ) ) ;
#6976 = EDGE_CURVE ( 'NONE', #208, #1345, #6397, .T. ) ;
#6977 =( NAMED_UNIT ( * ) SI_UNIT ( $, .STERADIAN. ) SOLID_ANGLE_UNIT ( ) );
#6978 = DIRECTION ( 'NONE',  ( -0.000000000000000000, -0.000000000000000000, -1.000000000000000000 ) ) ;
#6979 = CARTESIAN_POINT ( 'NONE',  ( -0.07736307024448839387, 0.4148738196796599165, -20.40000000000000213 ) ) ;
#6980 =( NAMED_UNIT ( * ) SI_UNIT ( $, .STERADIAN. ) SOLID_ANGLE_UNIT ( ) );
#6981 = AXIS2_PLACEMENT_3D ( 'NONE', #5320, #2147, #5432 ) ;
#6982 = VECTOR ( 'NONE', #5540, 1000.000000000000000 ) ;
#6983 = CARTESIAN_POINT ( 'NONE',  ( 5.799025921446848919, -0.4730855009535426259, -20.40000000000000213 ) ) ;
#6984 = CARTESIAN_POINT ( 'NONE',  ( -5.123174099406454296, 0.07722465112509981078, -20.39999999999999503 ) ) ;
#6985 = CARTESIAN_POINT ( 'NONE',  ( -0.6781613180752364967, 0.6171738985007979572, -20.59999999999999432 ) ) ;
#6986 = ORIENTED_EDGE ( 'NONE', *, *, #5853, .T. ) ;
#6987 = EDGE_CURVE ( 'NONE', #7364, #6903, #4467, .T. ) ;
#6988 = EDGE_CURVE ( 'NONE', #8272, #10118, #9422, .T. ) ;
#6989 = CARTESIAN_POINT ( 'NONE',  ( -2.999999999999999556, -5.213878188659972324, -20.60000000000000142 ) ) ;
#6990 = DIRECTION ( 'NONE',  ( 0.000000000000000000, 1.000000000000000000, 0.000000000000000000 ) ) ;
#6991 = CARTESIAN_POINT ( 'NONE',  ( -0.08878360448480837608, -0.5270127867887282047, -20.40000000000000213 ) ) ;
#6992 = VECTOR ( 'NONE', #1053, 1000.000000000000000 ) ;
#6993 = AXIS2_PLACEMENT_3D ( 'NONE', #2626, #236, #5912 ) ;
#6994 = ORIENTED_EDGE ( 'NONE', *, *, #6517, .F. ) ;
#6995 = CARTESIAN_POINT ( 'NONE',  ( 4.890319827811654640, -0.6927569321758288989, -20.40000000000000213 ) ) ;
#6996 = CARTESIAN_POINT ( 'NONE',  ( 4.733579496627881689, -0.3930413005237482493, -20.59999999999999787 ) ) ;
#6997 =( NAMED_UNIT ( * ) SI_UNIT ( $, .STERADIAN. ) SOLID_ANGLE_UNIT ( ) );
#6998 = CARTESIAN_POINT ( 'NONE',  ( -0.7481101827340286281, -0.5042546649092171096, -20.40000000000000213 ) ) ;
#6999 = CARTESIAN_POINT ( 'NONE',  ( -1.700000000000000178, -9.013878188659973034, -9.000000000000000000 ) ) ;
#7000 = PRESENTATION_STYLE_ASSIGNMENT (( #10232 ) ) ;
#7001 = CARTESIAN_POINT ( 'NONE',  ( 9.599999999999994316, 0.000000000000000000, 8.000000000000000000 ) ) ;
#7002 =( LENGTH_UNIT ( ) NAMED_UNIT ( * ) SI_UNIT ( .MILLI., .METRE. ) );
#7003 = AXIS2_PLACEMENT_3D ( 'NONE', #5372, #4204, #3403 ) ;
#7004 = DIRECTION ( 'NONE',  ( -0.000000000000000000, -0.000000000000000000, -1.000000000000000000 ) ) ;
#7005 = VECTOR ( 'NONE', #4126, 1000.000000000000000 ) ;
#7006 = CARTESIAN_POINT ( 'NONE',  ( -0.02775923693720732527, 0.3496284955083938661, -20.40000000000000924 ) ) ;
#7007 = ORIENTED_EDGE ( 'NONE', *, *, #4074, .T. ) ;
#7008 = EDGE_CURVE ( 'NONE', #8035, #4627, #459, .T. ) ;
#7009 = EDGE_LOOP ( 'NONE', ( #2223, #4435, #5105, #2530 ) ) ;
#7010 = PRESENTATION_LAYER_ASSIGNMENT (  '', '', ( #9922 ) ) ;
#7011 = STYLED_ITEM ( 'NONE', ( #279 ), #5778 ) ;
#7012 = CARTESIAN_POINT ( 'NONE',  ( -5.500182337965475732, -0.7171791466795186532, -20.60000000000000497 ) ) ;
#7013 = CARTESIAN_POINT ( 'NONE',  ( -5.302627576442109358, 0.5724995180032266262, -20.40000000000000568 ) ) ;
#7014 = CARTESIAN_POINT ( 'NONE',  ( -0.2253624131450002177, -0.6729670604677725487, -20.60000000000000497 ) ) ;
#7015 = VECTOR ( 'NONE', #6754, 1000.000000000000000 ) ;
#7016 = SURFACE_SIDE_STYLE ('',( #10529 ) ) ;
#7017 = PLANE ( 'NONE',  #4109 ) ;
#7018 = DIRECTION ( 'NONE',  ( -1.000000000000000000, 0.000000000000000000, -0.000000000000000000 ) ) ;
#7019 = CARTESIAN_POINT ( 'NONE',  ( -5.764866246995396182, 0.4066452093404372414, -20.39999999999999858 ) ) ;
#7020 = FACE_OUTER_BOUND ( 'NONE', #9392, .T. ) ;
#7021 = CARTESIAN_POINT ( 'NONE',  ( 5.636096871882377179, 0.3755738448920899475, -20.60000000000000142 ) ) ;
#7022 = LINE ( 'NONE', #1429, #3264 ) ;
#7023 = SURFACE_STYLE_FILL_AREA ( #5398 ) ;
#7024 = VECTOR ( 'NONE', #10447, 1000.000000000000000 ) ;
#7025 = VERTEX_POINT ( 'NONE', #1138 ) ;
#7026 = CARTESIAN_POINT ( 'NONE',  ( 1.108068499148597619, 0.3669696504612115495, -20.60000000000000497 ) ) ;
#7027 = CARTESIAN_POINT ( 'NONE',  ( -1.500000000000000000, -9.375835069691863310, -8.799999999999998934 ) ) ;
#7028 = DIRECTION ( 'NONE',  ( 0.000000000000000000, 0.000000000000000000, 1.000000000000000000 ) ) ;
#7029 = DIRECTION ( 'NONE',  ( 0.000000000000000000, 0.000000000000000000, 1.000000000000000000 ) ) ;
#7030 = DIRECTION ( 'NONE',  ( 0.000000000000000000, 0.000000000000000000, 1.000000000000000000 ) ) ;
#7031 = ORIENTED_EDGE ( 'NONE', *, *, #4208, .F. ) ;
#7032 = B_SPLINE_SURFACE_WITH_KNOTS ( 'NONE', 3, 1, ( 
 ( #5766, #1688 ),
 ( #10239, #2957 ),
 ( #6130, #5275 ),
 ( #1192, #9307 ),
 ( #9421, #3771 ),
 ( #2041, #7804 ),
 ( #8671, #5328 ),
 ( #457, #6073 ),
 ( #3714, #1942 ),
 ( #347, #10181 ),
 ( #7061, #2904 ),
 ( #2795, #5223 ),
 ( #509, #7755 ),
 ( #6181, #9473 ),
 ( #8505, #1136 ),
 ( #6232, #2095 ),
 ( #1993, #7853 ),
 ( #8729, #7910 ),
 ( #5383, #1295 ) ),
 .UNSPECIFIED., .F., .F., .F.,
 ( 4, 1, 1, 1, 1, 1, 1, 1, 1, 1, 1, 1, 1, 1, 1, 1, 4 ),
 ( 2, 2 ),
 ( 0.000000000000000000, 0.06376393918693079588, 0.1254996419628037485, 0.1853201548928869735, 0.2440665310031925050, 0.3018714708099726751, 0.3600659918691173078, 0.4185026823197829371, 0.4780536029192654635, 0.5383458409363679475, 0.5988379080389254483, 0.6601493054241064362, 0.7232466713826743998, 0.7877963753377784650, 0.8553687404545246009, 0.9262049282472267775, 1.000000000000000000 ),
 ( 0.000000000000000000, 1.000000000000000000 ),
 .UNSPECIFIED. ) ;
#7033 = VERTEX_POINT ( 'NONE', #2098 ) ;
#7034 = CARTESIAN_POINT ( 'NONE',  ( 2.999999999999999556, 5.213878188659972324, -2.200000000000000622 ) ) ;
#7035 = DIRECTION ( 'NONE',  ( 0.000000000000000000, 0.000000000000000000, 1.000000000000000000 ) ) ;
#7036 =( NAMED_UNIT ( * ) SI_UNIT ( $, .STERADIAN. ) SOLID_ANGLE_UNIT ( ) );
#7037 = CARTESIAN_POINT ( 'NONE',  ( -7.400000000000000355, 0.7999999999999984901, -18.59999999999999787 ) ) ;
#7038 = ADVANCED_FACE ( 'NONE', ( #6893 ), #7912, .F. ) ;
#7039 = CIRCLE ( 'NONE', #2397, 0.2000000000000000944 ) ;
#7040 = FACE_OUTER_BOUND ( 'NONE', #4573, .T. ) ;
#7041 = CARTESIAN_POINT ( 'NONE',  ( -0.5397816748106128992, -0.6907508437865399475, -20.60000000000000142 ) ) ;
#7042 = DIRECTION ( 'NONE',  ( 0.000000000000000000, 0.000000000000000000, 1.000000000000000000 ) ) ;
#7043 = DIRECTION ( 'NONE',  ( 0.9922778767136675171, 0.1240347345892091335, 0.000000000000000000 ) ) ;
#7044 = CARTESIAN_POINT ( 'NONE',  ( 5.066991263610191254, -0.6433302629182148236, -20.40000000000000213 ) ) ;
#7045 = ORIENTED_EDGE ( 'NONE', *, *, #4006, .F. ) ;
#7046 = DIRECTION ( 'NONE',  ( -1.000000000000000000, 0.000000000000000000, 0.000000000000000000 ) ) ;
#7047 = DIRECTION ( 'NONE',  ( -1.000000000000000000, -0.000000000000000000, -0.000000000000000000 ) ) ;
#7048 = MECHANICAL_DESIGN_GEOMETRIC_PRESENTATION_REPRESENTATION (  '', ( #5491 ), #6350 ) ;
#7049 = VERTEX_POINT ( 'NONE', #10296 ) ;
#7050 = CARTESIAN_POINT ( 'NONE',  ( 5.307980849016044722, -0.8976261803203400280, -20.40000000000000213 ) ) ;
#7051 = LINE ( 'NONE', #4409, #4947 ) ;
#7052 = CARTESIAN_POINT ( 'NONE',  ( -4.358976156162452931, -0.4214244115432351223, -20.60000000000000853 ) ) ;
#7053 = EDGE_CURVE ( 'NONE', #6094, #3401, #7757, .T. ) ;
#7054 = EDGE_CURVE ( 'NONE', #8089, #5795, #5330, .T. ) ;
#7055 = CARTESIAN_POINT ( 'NONE',  ( -5.208484415034997816, 0.2502059252102578069, -20.60000000000000142 ) ) ;
#7056 = VECTOR ( 'NONE', #6570, 1000.000000000000000 ) ;
#7057 = LINE ( 'NONE', #9521, #4553 ) ;
#7058 = CARTESIAN_POINT ( 'NONE',  ( -0.5226755702444884077, 0.6413348586406990570, -20.60000000000000142 ) ) ;
#7059 = ORIENTED_EDGE ( 'NONE', *, *, #5717, .T. ) ;
#7060 = DIRECTION ( 'NONE',  ( 0.000000000000000000, 0.000000000000000000, 1.000000000000000000 ) ) ;
#7061 = CARTESIAN_POINT ( 'NONE',  ( -5.925497133896939772, 0.4868496915272263470, -20.39999999999999858 ) ) ;
#7062 = ORIENTED_EDGE ( 'NONE', *, *, #2529, .T. ) ;
#7063 = STYLED_ITEM ( 'NONE', ( #1413 ), #8366 ) ;
#7064 = ADVANCED_FACE ( 'NONE', ( #7119 ), #8913, .T. ) ;
#7065 = UNCERTAINTY_MEASURE_WITH_UNIT (LENGTH_MEASURE( 1.000000000000000082E-05 ), #5081, 'distance_accuracy_value', 'NONE');
#7066 = LINE ( 'NONE', #10587, #6238 ) ;
#7067 = CARTESIAN_POINT ( 'NONE',  ( -5.187513696346457870, 0.4855796791425561754, -20.59999999999999787 ) ) ;
#7068 = VECTOR ( 'NONE', #1265, 1000.000000000000000 ) ;
#7069 = CYLINDRICAL_SURFACE ( 'NONE', #7777, 0.1999999999999996503 ) ;
#7070 = ORIENTED_EDGE ( 'NONE', *, *, #158, .T. ) ;
#7071 = CARTESIAN_POINT ( 'NONE',  ( 0.7311468398323912599, -0.2679127727811389525, -20.60000000000000497 ) ) ;
#7072 = DIRECTION ( 'NONE',  ( -1.000000000000000000, 0.000000000000000000, -0.000000000000000000 ) ) ;
#7073 = CARTESIAN_POINT ( 'NONE',  ( 5.620508090911470411, 0.3976647593932680635, -20.60000000000000853 ) ) ;
#7074 = CARTESIAN_POINT ( 'NONE',  ( 1.600000000000000089, -7.599999999999996980, 0.000000000000000000 ) ) ;
#7075 = CARTESIAN_POINT ( 'NONE',  ( 0.000000000000000000, 0.000000000000000000, -2.000000000000000000 ) ) ;
#7076 = EDGE_CURVE ( 'NONE', #5443, #9714, #5653, .T. ) ;
#7077 = VERTEX_POINT ( 'NONE', #10586 ) ;
#7078 = CARTESIAN_POINT ( 'NONE',  ( -0.8558541792411740179, -0.2534774874328540872, -20.39999999999999858 ) ) ;
#7079 = UNCERTAINTY_MEASURE_WITH_UNIT (LENGTH_MEASURE( 1.000000000000000082E-05 ), #2710, 'distance_accuracy_value', 'NONE');
#7080 = CARTESIAN_POINT ( 'NONE',  ( -5.848493931416497205, -0.3521716348657946694, -20.60000000000000142 ) ) ;
#7081 = DIRECTION ( 'NONE',  ( 0.1668642885082857186, -0.9859798726244990430, 0.000000000000000000 ) ) ;
#7082 = CARTESIAN_POINT ( 'NONE',  ( 5.334739981349609472, -0.7212845720334762900, -20.60000000000000853 ) ) ;
#7083 = CARTESIAN_POINT ( 'NONE',  ( 1.500000000000000000, -9.013878188659973034, -2.200000000000000622 ) ) ;
#7084 = FACE_OUTER_BOUND ( 'NONE', #2700, .T. ) ;
#7085 = EDGE_LOOP ( 'NONE', ( #9886, #1035, #10584, #2650 ) ) ;
#7086 = ORIENTED_EDGE ( 'NONE', *, *, #3961, .F. ) ;
#7087 = CARTESIAN_POINT ( 'NONE',  ( 4.754343142762718522, 0.4127276919653003473, -20.40000000000000213 ) ) ;
#7088 = CARTESIAN_POINT ( 'NONE',  ( 5.807493535761044434, -0.08275624155219746259, -20.60000000000000497 ) ) ;
#7089 = CARTESIAN_POINT ( 'NONE',  ( -4.627917632715198515, 0.6218543391601795145, -20.60000000000000142 ) ) ;
#7090 = VECTOR ( 'NONE', #3860, 1000.000000000000000 ) ;
#7091 = CARTESIAN_POINT ( 'NONE',  ( -3.893185852929029522, 0.07069349544887802705, -20.59999999999999787 ) ) ;
#7092 = LINE ( 'NONE', #3805, #7090 ) ;
#7093 = CARTESIAN_POINT ( 'NONE',  ( -0.8427187566066809410, -0.2993032188636536861, -20.60000000000000142 ) ) ;
#7094 = CARTESIAN_POINT ( 'NONE',  ( -1.039365682573264227, 0.04864774954570685872, -20.60000000000000853 ) ) ;
#7095 = STYLED_ITEM ( 'NONE', ( #3790 ), #9499 ) ;
#7096 = VECTOR ( 'NONE', #31, 1000.000000000000000 ) ;
#7097 = VERTEX_POINT ( 'NONE', #3184 ) ;
#7098 = LINE ( 'NONE', #6989, #6356 ) ;
#7099 = DIRECTION ( 'NONE',  ( 1.000000000000000000, 0.000000000000000000, 0.000000000000000000 ) ) ;
#7100 = EDGE_CURVE ( 'NONE', #7182, #9762, #6454, .T. ) ;
#7101 = CARTESIAN_POINT ( 'NONE',  ( -4.049999999999999822, 2.399999999999998579, -18.59999999999999787 ) ) ;
#7102 = ORIENTED_EDGE ( 'NONE', *, *, #4956, .F. ) ;
#7103 = ORIENTED_EDGE ( 'NONE', *, *, #8371, .T. ) ;
#7104 = COLOUR_RGB ( '',0.2862745098039215508, 0.6627450980392156632, 0.3294117647058823484 ) ;
#7105 = DIRECTION ( 'NONE',  ( -1.000000000000000000, 0.000000000000000000, 0.000000000000000000 ) ) ;
#7106 = CARTESIAN_POINT ( 'NONE',  ( -5.514228536670582770, -0.8900366848736642744, -20.60000000000000853 ) ) ;
#7107 = VECTOR ( 'NONE', #2538, 1000.000000000000000 ) ;
#7108 = CARTESIAN_POINT ( 'NONE',  ( 0.000000000000000000, -6.799999999999997158, -20.60000000000000142 ) ) ;
#7109 = DIRECTION ( 'NONE',  ( 1.084202172485504434E-16, -1.000000000000000000, 0.000000000000000000 ) ) ;
#7110 = CARTESIAN_POINT ( 'NONE',  ( -3.400000000000000355, 3.199999999999998401, -8.799999999999998934 ) ) ;
#7111 = DIRECTION ( 'NONE',  ( 0.000000000000000000, 0.000000000000000000, -1.000000000000000000 ) ) ;
#7112 = ORIENTED_EDGE ( 'NONE', *, *, #7904, .F. ) ;
#7113 = EDGE_CURVE ( 'NONE', #8209, #6427, #4082, .T. ) ;
#7114 = CARTESIAN_POINT ( 'NONE',  ( 1.784254592137929128E-15, 5.213878188659973212, -2.000000000000000000 ) ) ;
#7115 = CARTESIAN_POINT ( 'NONE',  ( 5.110271900395567002, 0.6403866722349170759, -20.60000000000000853 ) ) ;
#7116 = AXIS2_PLACEMENT_3D ( 'NONE', #10081, #351, #2851 ) ;
#7117 = EDGE_LOOP ( 'NONE', ( #2253, #2124, #7224, #676 ) ) ;
#7118 = SURFACE_STYLE_FILL_AREA ( #2267 ) ;
#7119 = FACE_OUTER_BOUND ( 'NONE', #7686, .T. ) ;
#7120 =( LENGTH_UNIT ( ) NAMED_UNIT ( * ) SI_UNIT ( .MILLI., .METRE. ) );
#7121 = B_SPLINE_CURVE_WITH_KNOTS ( 'NONE', 3,
 ( #1111, #4389, #5245, #8529, #4545 ),
 .UNSPECIFIED., .F., .F.,
 ( 4, 1, 4 ),
 ( 0.000000000000000000, 0.4969163598881328192, 1.000000000000000000 ),
 .UNSPECIFIED. ) ;
#7122 = CARTESIAN_POINT ( 'NONE',  ( 1.600000000000000089, 5.999999999999997335, -2.000000000000000000 ) ) ;
#7123 = EDGE_LOOP ( 'NONE', ( #9294, #6919, #2714, #6797 ) ) ;
#7124 = ADVANCED_FACE ( 'NONE', ( #8841 ), #1614, .T. ) ;
#7125 = EDGE_CURVE ( 'NONE', #6485, #6449, #8285, .T. ) ;
#7126 = LINE ( 'NONE', #2912, #8255 ) ;
#7127 = CARTESIAN_POINT ( 'NONE',  ( 0.7164372882113215768, -0.3134729148494545536, -20.60000000000000497 ) ) ;
#7128 = DIRECTION ( 'NONE',  ( 0.000000000000000000, 0.000000000000000000, -1.000000000000000000 ) ) ;
#7129 = CARTESIAN_POINT ( 'NONE',  ( 4.835817493089490604, 0.5191142932847807590, -20.40000000000000213 ) ) ;
#7130 = ORIENTED_EDGE ( 'NONE', *, *, #2619, .T. ) ;
#7131 = CARTESIAN_POINT ( 'NONE',  ( -5.069273152195719945, -0.2608566998008597371, -20.60000000000000497 ) ) ;
#7132 = DIRECTION ( 'NONE',  ( -1.000000000000000000, 0.000000000000000000, -0.000000000000000000 ) ) ;
#7133 = VERTEX_POINT ( 'NONE', #2482 ) ;
#7134 = PRESENTATION_STYLE_ASSIGNMENT (( #9492 ) ) ;
#7135 = CARTESIAN_POINT ( 'NONE',  ( 4.843492212652408035, 0.1543218716277117430, -20.60000000000000142 ) ) ;
#7136 = CARTESIAN_POINT ( 'NONE',  ( -1.500000000000000000, 9.375835069691863310, -8.799999999999998934 ) ) ;
#7137 = CARTESIAN_POINT ( 'NONE',  ( 0.000000000000000000, 0.000000000000000000, -8.799999999999998934 ) ) ;
#7138 = FACE_OUTER_BOUND ( 'NONE', #9456, .T. ) ;
#7139 = DIRECTION ( 'NONE',  ( 0.000000000000000000, 0.000000000000000000, 1.000000000000000000 ) ) ;
#7140 = EDGE_LOOP ( 'NONE', ( #930, #9225, #10022, #3243, #5001, #7031 ) ) ;
#7141 = ORIENTED_EDGE ( 'NONE', *, *, #6925, .T. ) ;
#7142 = CARTESIAN_POINT ( 'NONE',  ( 4.703473685220139977, 0.2782162287069387951, -20.40000000000000568 ) ) ;
#7143 = EDGE_CURVE ( 'NONE', #8903, #9924, #5996, .T. ) ;
#7144 = CARTESIAN_POINT ( 'NONE',  ( 1.600000000000000089, 1.599999999999998535, -8.799999999999998934 ) ) ;
#7145 = FILL_AREA_STYLE_COLOUR ( '', #2848 ) ;
#7146 = ORIENTED_EDGE ( 'NONE', *, *, #5796, .T. ) ;
#7147 = DIRECTION ( 'NONE',  ( 1.000000000000000000, 0.000000000000000000, 0.000000000000000000 ) ) ;
#7148 = LINE ( 'NONE', #10556, #4953 ) ;
#7149 = FACE_OUTER_BOUND ( 'NONE', #6361, .T. ) ;
#7150 = CYLINDRICAL_SURFACE ( 'NONE', #2771, 9.999999999999998224 ) ;
#7151 = CARTESIAN_POINT ( 'NONE',  ( -0.2346130666255627772, 0.3383630340438485429, -20.40000000000000568 ) ) ;
#7152 = FACE_OUTER_BOUND ( 'NONE', #184, .T. ) ;
#7153 = COLOUR_RGB ( '',0.2862745098039215508, 0.6627450980392156632, 0.3294117647058823484 ) ;
#7154 = CARTESIAN_POINT ( 'NONE',  ( -1.040270957397572804, -0.0009983467830054345779, -20.60000000000000497 ) ) ;
#7155 = ORIENTED_EDGE ( 'NONE', *, *, #5078, .T. ) ;
#7156 = LINE ( 'NONE', #8003, #7024 ) ;
#7157 = LINE ( 'NONE', #8004, #8360 ) ;
#7158 = EDGE_LOOP ( 'NONE', ( #3620, #388, #7665, #5710 ) ) ;
#7159 = ORIENTED_EDGE ( 'NONE', *, *, #2897, .T. ) ;
#7160 = CARTESIAN_POINT ( 'NONE',  ( 5.128749654270571945, -0.8652495233485464343, -20.60000000000000142 ) ) ;
#7161 = CARTESIAN_POINT ( 'NONE',  ( 5.299133044316658214, 0.6243921008024786445, -20.39999999999999858 ) ) ;
#7162 = CARTESIAN_POINT ( 'NONE',  ( -3.959735824764908152, 0.2988887745583485023, -20.39999999999999858 ) ) ;
#7163 =( LENGTH_UNIT ( ) NAMED_UNIT ( * ) SI_UNIT ( .MILLI., .METRE. ) );
#7164 = ADVANCED_FACE ( 'NONE', ( #9964 ), #3543, .T. ) ;
#7165 = FACE_OUTER_BOUND ( 'NONE', #5243, .T. ) ;
#7166 = DIRECTION ( 'NONE',  ( -1.000000000000000000, 0.000000000000000000, 0.000000000000000000 ) ) ;
#7167 = ORIENTED_EDGE ( 'NONE', *, *, #9830, .T. ) ;
#7168 = VECTOR ( 'NONE', #268, 1000.000000000000000 ) ;
#7169 = COLOUR_RGB ( '',1.000000000000000000, 1.000000000000000000, 1.000000000000000000 ) ;
#7170 = STYLED_ITEM ( 'NONE', ( #9523 ), #4174 ) ;
#7171 = B_SPLINE_CURVE_WITH_KNOTS ( 'NONE', 3,
 ( #7196, #3097, #6316, #5510, #5619, #645, #7249, #530, #10487, #8863, #8801 ),
 .UNSPECIFIED., .F., .F.,
 ( 4, 1, 1, 1, 1, 1, 1, 1, 4 ),
 ( 0.000000000000000000, 0.1376898960779014969, 0.2703472686760570731, 0.3984851857688636034, 0.5233538608675942783, 0.6449881229334322175, 0.7646871457456997367, 0.8826050126123293760, 1.000000000000000000 ),
 .UNSPECIFIED. ) ;
#7172 = ORIENTED_EDGE ( 'NONE', *, *, #9742, .T. ) ;
#7173 = CARTESIAN_POINT ( 'NONE',  ( 1.582842712474619162, -9.013878188659973034, -2.082842712474619606 ) ) ;
#7174 = AXIS2_PLACEMENT_3D ( 'NONE', #2533, #9255, #1886 ) ;
#7175 = STYLED_ITEM ( 'NONE', ( #8119 ), #4548 ) ;
#7176 = EDGE_CURVE ( 'NONE', #958, #836, #3185, .T. ) ;
#7177 = CARTESIAN_POINT ( 'NONE',  ( 2.400000000000000355, 8.399999999999998579, -18.59999999999999787 ) ) ;
#7178 = FACE_OUTER_BOUND ( 'NONE', #8777, .T. ) ;
#7179 = PLANE ( 'NONE',  #6403 ) ;
#7180 = CARTESIAN_POINT ( 'NONE',  ( -2.799999999999999822, -9.013878188659973034, -20.40000000000000213 ) ) ;
#7181 = CARTESIAN_POINT ( 'NONE',  ( -1.582842712474619162, 9.013878188659973034, -8.882842712474618097 ) ) ;
#7182 = VERTEX_POINT ( 'NONE', #8441 ) ;
#7183 = MECHANICAL_DESIGN_GEOMETRIC_PRESENTATION_REPRESENTATION (  '', ( #4066 ), #4418 ) ;
#7184 = CARTESIAN_POINT ( 'NONE',  ( 0.4136068972879791139, 0.6218543391601795145, -20.40000000000000213 ) ) ;
#7185 = FACE_OUTER_BOUND ( 'NONE', #5833, .T. ) ;
#7186 = ORIENTED_EDGE ( 'NONE', *, *, #10549, .F. ) ;
#7187 = CARTESIAN_POINT ( 'NONE',  ( -5.638387099520696388, 0.4616429746300296233, -20.60000000000000142 ) ) ;
#7188 = ORIENTED_EDGE ( 'NONE', *, *, #1686, .F. ) ;
#7189 =( NAMED_UNIT ( * ) PLANE_ANGLE_UNIT ( ) SI_UNIT ( $, .RADIAN. ) );
#7190 = EDGE_CURVE ( 'NONE', #6939, #8280, #1195, .T. ) ;
#7191 = AXIS2_PLACEMENT_3D ( 'NONE', #1555, #4010, #3859 ) ;
#7192 = UNCERTAINTY_MEASURE_WITH_UNIT (LENGTH_MEASURE( 1.000000000000000082E-05 ), #2420, 'distance_accuracy_value', 'NONE');
#7193 = DIRECTION ( 'NONE',  ( 1.000000000000000000, 0.000000000000000000, 0.000000000000000000 ) ) ;
#7194 = EDGE_CURVE ( 'NONE', #8840, #665, #2040, .T. ) ;
#7195 =( LENGTH_UNIT ( ) NAMED_UNIT ( * ) SI_UNIT ( .MILLI., .METRE. ) );
#7196 = CARTESIAN_POINT ( 'NONE',  ( -4.913428996351562716, -0.2590304010995609363, -20.40000000000000213 ) ) ;
#7197 = CYLINDRICAL_SURFACE ( 'NONE', #8463, 0.2000000000000000944 ) ;
#7198 = ORIENTED_EDGE ( 'NONE', *, *, #7558, .T. ) ;
#7199 = ORIENTED_EDGE ( 'NONE', *, *, #4700, .F. ) ;
#7200 = CARTESIAN_POINT ( 'NONE',  ( 5.775078273000771922, 0.08053288735248986807, -20.60000000000000142 ) ) ;
#7201 = AXIS2_PLACEMENT_3D ( 'NONE', #1121, #4401, #7046 ) ;
#7202 = SURFACE_SIDE_STYLE ('',( #4716 ) ) ;
#7203 = CARTESIAN_POINT ( 'NONE',  ( -1.027597929295509971, -0.2092522653785577891, -20.39999999999999503 ) ) ;
#7204 = CARTESIAN_POINT ( 'NONE',  ( -7.869140320336472705, -4.813878188659970192, -2.200000000000000622 ) ) ;
#7205 = CARTESIAN_POINT ( 'NONE',  ( -2.799999999999999822, -8.813878188659971968, -20.40000000000000213 ) ) ;
#7206 = DIRECTION ( 'NONE',  ( 0.000000000000000000, 0.000000000000000000, -1.000000000000000000 ) ) ;
#7207 = ADVANCED_FACE ( 'NONE', ( #4193 ), #1124, .F. ) ;
#7208 = CARTESIAN_POINT ( 'NONE',  ( -0.5118710920886524463, -0.7025274610903318173, -20.60000000000000142 ) ) ;
#7209 = DIRECTION ( 'NONE',  ( 0.000000000000000000, -1.000000000000000000, -0.000000000000000000 ) ) ;
#7210 = CARTESIAN_POINT ( 'NONE',  ( 5.296414290574485761, -0.7223015049956647005, -20.60000000000000142 ) ) ;
#7211 = VECTOR ( 'NONE', #8925, 1000.000000000000000 ) ;
#7212 = EDGE_LOOP ( 'NONE', ( #1047, #262, #3461, #8912, #3647, #6811, #8518, #7654 ) ) ;
#7213 = CARTESIAN_POINT ( 'NONE',  ( -5.764866246995396182, 0.4066452093404372414, -20.39999999999999858 ) ) ;
#7214 = LINE ( 'NONE', #3865, #3578 ) ;
#7215 = LINE ( 'NONE', #444, #6114 ) ;
#7216 = ORIENTED_EDGE ( 'NONE', *, *, #4739, .F. ) ;
#7217 = CARTESIAN_POINT ( 'NONE',  ( 4.926085046821500946, -0.7320333844812962898, -20.40000000000000213 ) ) ;
#7218 = VECTOR ( 'NONE', #624, 1000.000000000000000 ) ;
#7219 = DIRECTION ( 'NONE',  ( 0.000000000000000000, 1.000000000000000000, -0.000000000000000000 ) ) ;
#7220 = PLANE ( 'NONE',  #10574 ) ;
#7221 = CARTESIAN_POINT ( 'NONE',  ( 9.999999999999998224, 1.224646799147353059E-15, -1.799999999999999600 ) ) ;
#7222 = CARTESIAN_POINT ( 'NONE',  ( 4.049999999999999822, 2.399999999999998579, -18.59999999999999787 ) ) ;
#7223 = FACE_OUTER_BOUND ( 'NONE', #3261, .T. ) ;
#7224 = ORIENTED_EDGE ( 'NONE', *, *, #8167, .T. ) ;
#7225 =( GEOMETRIC_REPRESENTATION_CONTEXT ( 3 ) GLOBAL_UNCERTAINTY_ASSIGNED_CONTEXT ( ( #4148 ) ) GLOBAL_UNIT_ASSIGNED_CONTEXT ( ( #1461, #716, #5585 ) ) REPRESENTATION_CONTEXT ( 'NONE', 'WORKASPACE' ) );
#7226 = DIRECTION ( 'NONE',  ( 0.000000000000000000, 0.000000000000000000, 1.000000000000000000 ) ) ;
#7227 = ORIENTED_EDGE ( 'NONE', *, *, #7638, .T. ) ;
#7228 = CARTESIAN_POINT ( 'NONE',  ( -4.487652461702019480, 1.599999999999998979, -8.799999999999998934 ) ) ;
#7229 = CARTESIAN_POINT ( 'NONE',  ( -0.2908363504040772374, -0.7048701680291343807, -20.59999999999999432 ) ) ;
#7230 = CIRCLE ( 'NONE', #6002, 0.9500000000000000666 ) ;
#7231 = LINE ( 'NONE', #10528, #8652 ) ;
#7232 = FACE_OUTER_BOUND ( 'NONE', #6723, .T. ) ;
#7233 = DIRECTION ( 'NONE',  ( -1.000000000000000000, 0.000000000000000000, 0.000000000000000000 ) ) ;
#7234 = VERTEX_POINT ( 'NONE', #6222 ) ;
#7235 = VECTOR ( 'NONE', #9023, 1000.000000000000000 ) ;
#7236 = LINE ( 'NONE', #6412, #8076 ) ;
#7237 = CARTESIAN_POINT ( 'NONE',  ( -7.400000000000000355, 3.999999999999998224, -18.59999999999999787 ) ) ;
#7238 = ORIENTED_EDGE ( 'NONE', *, *, #7771, .T. ) ;
#7239 = DIRECTION ( 'NONE',  ( -0.000000000000000000, -1.000000000000000000, 0.000000000000000000 ) ) ;
#7240 = EDGE_CURVE ( 'NONE', #4958, #6247, #498, .T. ) ;
#7241 = ORIENTED_EDGE ( 'NONE', *, *, #4612, .T. ) ;
#7242 = ORIENTED_EDGE ( 'NONE', *, *, #9298, .T. ) ;
#7243 =( GEOMETRIC_REPRESENTATION_CONTEXT ( 3 ) GLOBAL_UNCERTAINTY_ASSIGNED_CONTEXT ( ( #6088 ) ) GLOBAL_UNIT_ASSIGNED_CONTEXT ( ( #8918, #10653, #4150 ) ) REPRESENTATION_CONTEXT ( 'NONE', 'WORKASPACE' ) );
#7244 = CARTESIAN_POINT ( 'NONE',  ( 0.7024664752100571175, -0.3573461478528076052, -20.40000000000000213 ) ) ;
#7245 = VECTOR ( 'NONE', #9480, 1000.000000000000227 ) ;
#7246 = CARTESIAN_POINT ( 'NONE',  ( 0.01373580469033391580, 0.2780587559012132060, -20.59999999999999076 ) ) ;
#7247 = CARTESIAN_POINT ( 'NONE',  ( -5.672560489858056165, -0.6364654660346259485, -20.40000000000000213 ) ) ;
#7248 = CARTESIAN_POINT ( 'NONE',  ( -3.400000000000000355, 1.599999999999998535, -8.799999999999998934 ) ) ;
#7249 = CARTESIAN_POINT ( 'NONE',  ( -4.980112948019730368, 0.1570485001312081907, -20.40000000000000213 ) ) ;
#7250 = CARTESIAN_POINT ( 'NONE',  ( 0.9500000000000005107, 6.799999999999997158, -8.799999999999998934 ) ) ;
#7251 = VERTEX_POINT ( 'NONE', #6015 ) ;
#7252 = VERTEX_POINT ( 'NONE', #8718 ) ;
#7253 = SPHERICAL_SURFACE ( 'NONE', #5650, 0.2000000000000000111 ) ;
#7254 = EDGE_CURVE ( 'NONE', #8618, #9237, #551, .T. ) ;
#7255 = ADVANCED_FACE ( 'NONE', ( #4508 ), #5317, .T. ) ;
#7256 = CARTESIAN_POINT ( 'NONE',  ( -4.293589042051410232, -0.2201091396479055162, -20.60000000000000497 ) ) ;
#7257 = EDGE_LOOP ( 'NONE', ( #4130, #10390, #6973, #5014 ) ) ;
#7258 = CARTESIAN_POINT ( 'NONE',  ( -0.9868514826015442054, -0.3794221221195825389, -20.39999999999999503 ) ) ;
#7259 = DIRECTION ( 'NONE',  ( 1.000000000000000000, 3.422125580184494708E-16, -0.000000000000000000 ) ) ;
#7260 = CARTESIAN_POINT ( 'NONE',  ( 1.500000000000000000, -9.096720901134592197, -8.799999999999998934 ) ) ;
#7261 = FACE_OUTER_BOUND ( 'NONE', #8922, .T. ) ;
#7262 = SURFACE_STYLE_USAGE ( .BOTH. , #709 ) ;
#7263 = FILL_AREA_STYLE ('',( #9671 ) ) ;
#7264 = VERTEX_POINT ( 'NONE', #2084 ) ;
#7265 = DIRECTION ( 'NONE',  ( -0.1684197129968812157, 0.9857153748796089188, 0.000000000000000000 ) ) ;
#7266 = AXIS2_PLACEMENT_3D ( 'NONE', #1019, #4994, #5054 ) ;
#7267 = SURFACE_SIDE_STYLE ('',( #661 ) ) ;
#7268 = EDGE_CURVE ( 'NONE', #3060, #51, #7039, .T. ) ;
#7269 = CARTESIAN_POINT ( 'NONE',  ( -0.09374501282120294154, 0.1252671395112092967, -20.60000000000000853 ) ) ;
#7270 = EDGE_CURVE ( 'NONE', #1913, #4096, #10108, .T. ) ;
#7271 = ORIENTED_EDGE ( 'NONE', *, *, #9472, .F. ) ;
#7272 = PRESENTATION_LAYER_ASSIGNMENT (  '', '', ( #3135 ) ) ;
#7273 = CARTESIAN_POINT ( 'NONE',  ( 5.458262459290081914, 0.5538656990518743273, -20.59999999999999787 ) ) ;
#7274 = DIRECTION ( 'NONE',  ( 1.084202172485504434E-16, 1.000000000000000000, 0.000000000000000000 ) ) ;
#7275 = DIRECTION ( 'NONE',  ( 0.3402235128900362726, 0.9403445970902173379, 0.000000000000000000 ) ) ;
#7276 =( NAMED_UNIT ( * ) SI_UNIT ( $, .STERADIAN. ) SOLID_ANGLE_UNIT ( ) );
#7277 = AXIS2_PLACEMENT_3D ( 'NONE', #9428, #3670, #8358 ) ;
#7278 = ORIENTED_EDGE ( 'NONE', *, *, #3949, .T. ) ;
#7279 = DIRECTION ( 'NONE',  ( -0.000000000000000000, 1.000000000000000000, 0.000000000000000000 ) ) ;
#7280 = EDGE_CURVE ( 'NONE', #2942, #6244, #5487, .T. ) ;
#7281 = CIRCLE ( 'NONE', #2096, 0.2000000000000000944 ) ;
#7282 = VERTEX_POINT ( 'NONE', #1180 ) ;
#7283 =( NAMED_UNIT ( * ) SI_UNIT ( $, .STERADIAN. ) SOLID_ANGLE_UNIT ( ) );
#7284 = CARTESIAN_POINT ( 'NONE',  ( -0.2572704577938192960, -0.6912736576054553383, -20.40000000000000568 ) ) ;
#7285 = DIRECTION ( 'NONE',  ( -0.000000000000000000, 0.000000000000000000, 1.000000000000000000 ) ) ;
#7286 = DIRECTION ( 'NONE',  ( -0.000000000000000000, -0.000000000000000000, 1.000000000000000000 ) ) ;
#7287 = CARTESIAN_POINT ( 'NONE',  ( 2.400000000000000355, -8.399999999999998579, -20.60000000000000142 ) ) ;
#7288 = EDGE_LOOP ( 'NONE', ( #6696, #2171, #1856, #3234 ) ) ;
#7289 = CARTESIAN_POINT ( 'NONE',  ( -7.869140320336472705, 5.013878188659970370, -20.60000000000000142 ) ) ;
#7290 = VERTEX_POINT ( 'NONE', #1403 ) ;
#7291 =( NAMED_UNIT ( * ) PLANE_ANGLE_UNIT ( ) SI_UNIT ( $, .RADIAN. ) );
#7292 = VECTOR ( 'NONE', #8216, 1000.000000000000000 ) ;
#7293 = CARTESIAN_POINT ( 'NONE',  ( -5.619589194897407936, -0.6741165817585943465, -20.40000000000000568 ) ) ;
#7294 = CARTESIAN_POINT ( 'NONE',  ( -0.5397816748106128992, -0.6907508437865399475, -20.60000000000000142 ) ) ;
#7295 = VERTEX_POINT ( 'NONE', #10511 ) ;
#7296 = CIRCLE ( 'NONE', #5740, 0.3999999999999993006 ) ;
#7297 = CARTESIAN_POINT ( 'NONE',  ( 5.817518186678381831, -0.2590304010995608253, -20.40000000000000213 ) ) ;
#7298 = UNCERTAINTY_MEASURE_WITH_UNIT (LENGTH_MEASURE( 1.000000000000000082E-05 ), #6070, 'distance_accuracy_value', 'NONE');
#7299 = CARTESIAN_POINT ( 'NONE',  ( -5.800635470022655227, -0.4756846635750474617, -20.59999999999999787 ) ) ;
#7300 = CARTESIAN_POINT ( 'NONE',  ( 5.208861365725192094, 0.4641507340686528149, -20.40000000000000568 ) ) ;
#7301 = CARTESIAN_POINT ( 'NONE',  ( -0.5226755702444884077, 0.6413348586406991680, -20.60000000000000497 ) ) ;
#7302 = ADVANCED_FACE ( 'NONE', ( #9679 ), #2799, .T. ) ;
#7303 = ORIENTED_EDGE ( 'NONE', *, *, #3643, .F. ) ;
#7304 = ORIENTED_EDGE ( 'NONE', *, *, #10566, .F. ) ;
#7305 = CARTESIAN_POINT ( 'NONE',  ( -0.07587809870179532123, -0.7804166566391886883, -20.40000000000000213 ) ) ;
#7306 = CARTESIAN_POINT ( 'NONE',  ( -0.5468470031980191548, -0.8722229297209759258, -20.60000000000000497 ) ) ;
#7307 = CARTESIAN_POINT ( 'NONE',  ( -1.784254592137929128E-15, 5.213878188659973212, -2.000000000000000000 ) ) ;
#7308 = CARTESIAN_POINT ( 'NONE',  ( 0.6141367561464236013, -0.5856853274837435785, -20.39999999999999858 ) ) ;
#7309 = CARTESIAN_POINT ( 'NONE',  ( -5.709007221769976326, 0.6246930461076855012, -20.40000000000000568 ) ) ;
#7310 = CARTESIAN_POINT ( 'NONE',  ( -0.8664159599228445918, -0.2067160809960320589, -20.60000000000000497 ) ) ;
#7311 = ADVANCED_FACE ( 'NONE', ( #613 ), #3869, .T. ) ;
#7312 = SURFACE_STYLE_FILL_AREA ( #3269 ) ;
#7313 = CARTESIAN_POINT ( 'NONE',  ( 5.111357988132540164, -0.6741165817585940134, -20.40000000000000213 ) ) ;
#7314 = VERTEX_POINT ( 'NONE', #2568 ) ;
#7315 = LINE ( 'NONE', #8118, #2208 ) ;
#7316 = ORIENTED_EDGE ( 'NONE', *, *, #9169, .F. ) ;
#7317 = CARTESIAN_POINT ( 'NONE',  ( 5.229507169104357089, 0.6375778765869610787, -20.60000000000000142 ) ) ;
#7318 = CARTESIAN_POINT ( 'NONE',  ( -5.835572563111566247, -0.3954357944268944713, -20.60000000000000142 ) ) ;
#7319 = CARTESIAN_POINT ( 'NONE',  ( -5.434532892455458786, -0.7223015049956648115, -20.60000000000000142 ) ) ;
#7320 =( GEOMETRIC_REPRESENTATION_CONTEXT ( 3 ) GLOBAL_UNCERTAINTY_ASSIGNED_CONTEXT ( ( #1262 ) ) GLOBAL_UNIT_ASSIGNED_CONTEXT ( ( #4736, #4625, #6282 ) ) REPRESENTATION_CONTEXT ( 'NONE', 'WORKASPACE' ) );
#7321 = DIRECTION ( 'NONE',  ( -1.000000000000000000, 0.000000000000000000, 0.000000000000000000 ) ) ;
#7322 = EDGE_CURVE ( 'NONE', #5266, #3298, #9950, .T. ) ;
#7323 = EDGE_CURVE ( 'NONE', #10591, #5795, #3328, .T. ) ;
#7324 = ORIENTED_EDGE ( 'NONE', *, *, #9541, .F. ) ;
#7325 = CIRCLE ( 'NONE', #4744, 0.1999999999999987899 ) ;
#7326 = VERTEX_POINT ( 'NONE', #7474 ) ;
#7327 = CARTESIAN_POINT ( 'NONE',  ( -0.3254256239114279303, -0.7152113911769666377, -20.40000000000001279 ) ) ;
#7328 = AXIS2_PLACEMENT_3D ( 'NONE', #6280, #9468, #8723 ) ;
#7329 = CARTESIAN_POINT ( 'NONE',  ( -1.600000000000000089, 1.599999999999998757, -8.799999999999998934 ) ) ;
#7330 = EDGE_CURVE ( 'NONE', #6516, #7480, #361, .T. ) ;
#7331 = DIRECTION ( 'NONE',  ( -1.000000000000000000, 6.776263578034403945E-17, 0.000000000000000000 ) ) ;
#7332 = LINE ( 'NONE', #8848, #9975 ) ;
#7333 = ORIENTED_EDGE ( 'NONE', *, *, #110, .F. ) ;
#7334 = CARTESIAN_POINT ( 'NONE',  ( -0.8591092625723081300, 0.1876666301893220867, -20.59999999999999787 ) ) ;
#7335 = VERTEX_POINT ( 'NONE', #5802 ) ;
#7336 = CARTESIAN_POINT ( 'NONE',  ( -5.086927372974939132, 0.3643462222770624259, -20.40000000000000213 ) ) ;
#7337 = CIRCLE ( 'NONE', #6466, 9.999999999999998224 ) ;
#7338 = CARTESIAN_POINT ( 'NONE',  ( -5.257676488562776029, -0.6774171461613891498, -20.60000000000000497 ) ) ;
#7339 = DIRECTION ( 'NONE',  ( -0.000000000000000000, 1.000000000000000000, 0.000000000000000000 ) ) ;
#7340 = ORIENTED_EDGE ( 'NONE', *, *, #6507, .T. ) ;
#7341 = FILL_AREA_STYLE_COLOUR ( '', #1779 ) ;
#7342 = DIRECTION ( 'NONE',  ( -1.000000000000000000, 0.000000000000000000, 0.000000000000000000 ) ) ;
#7343 = FACE_BOUND ( 'NONE', #3222, .T. ) ;
#7344 = SURFACE_STYLE_USAGE ( .BOTH. , #842 ) ;
#7345 = CARTESIAN_POINT ( 'NONE',  ( -0.6781613180752364967, 0.6171738985007979572, -20.39999999999999147 ) ) ;
#7346 = COLOUR_RGB ( '',1.000000000000000000, 1.000000000000000000, 1.000000000000000000 ) ;
#7347 = EDGE_LOOP ( 'NONE', ( #4448, #4741, #3934, #738 ) ) ;
#7348 = VECTOR ( 'NONE', #8177, 1000.000000000000000 ) ;
#7349 = ORIENTED_EDGE ( 'NONE', *, *, #2438, .F. ) ;
#7350 = CYLINDRICAL_SURFACE ( 'NONE', #1361, 0.1999999999999996503 ) ;
#7351 =( NAMED_UNIT ( * ) SI_UNIT ( $, .STERADIAN. ) SOLID_ANGLE_UNIT ( ) );
#7352 = PRESENTATION_LAYER_ASSIGNMENT (  '', '', ( #1519 ) ) ;
#7353 = ORIENTED_EDGE ( 'NONE', *, *, #1997, .T. ) ;
#7354 = CARTESIAN_POINT ( 'NONE',  ( 1.500000000000000000, -9.375835069691863310, -8.799999999999998934 ) ) ;
#7355 = CARTESIAN_POINT ( 'NONE',  ( 1.472251377807459738, -0.8781456608398205965, -20.60000000000000142 ) ) ;
#7356 = SURFACE_STYLE_FILL_AREA ( #9991 ) ;
#7357 = DIRECTION ( 'NONE',  ( 1.000000000000000000, 3.422125580184494708E-16, 0.000000000000000000 ) ) ;
#7358 = LINE ( 'NONE', #9827, #10035 ) ;
#7359 = CARTESIAN_POINT ( 'NONE',  ( 5.199242867025302139, -0.7106669225390468414, -20.39999999999999858 ) ) ;
#7360 = VERTEX_POINT ( 'NONE', #5849 ) ;
#7361 = AXIS2_PLACEMENT_3D ( 'NONE', #6523, #736, #3996 ) ;
#7362 = FACE_OUTER_BOUND ( 'NONE', #5144, .T. ) ;
#7363 = CARTESIAN_POINT ( 'NONE',  ( -0.03716120472850435036, -0.09087523719971767056, -20.40000000000000568 ) ) ;
#7364 = VERTEX_POINT ( 'NONE', #919 ) ;
#7365 = EDGE_CURVE ( 'NONE', #10446, #9342, #3374, .T. ) ;
#7366 = CARTESIAN_POINT ( 'NONE',  ( 2.600000000000000533, 3.999999999999998224, -20.60000000000000142 ) ) ;
#7367 = CARTESIAN_POINT ( 'NONE',  ( -5.396207201680334187, -0.7212845720334762900, -20.40000000000000568 ) ) ;
#7368 = CARTESIAN_POINT ( 'NONE',  ( 1.600000000000000089, 5.999999999999997335, -2.000000000000000000 ) ) ;
#7369 = CARTESIAN_POINT ( 'NONE',  ( 0.5661028388464206529, -0.2572041023982621910, -20.40000000000000213 ) ) ;
#7370 = LINE ( 'NONE', #3332, #233 ) ;
#7371 = AXIS2_PLACEMENT_3D ( 'NONE', #4726, #3923, #3114 ) ;
#7372 = DIRECTION ( 'NONE',  ( 0.000000000000000000, -0.000000000000000000, -1.000000000000000000 ) ) ;
#7373 = DIRECTION ( 'NONE',  ( 0.000000000000000000, -1.000000000000000000, 0.000000000000000000 ) ) ;
#7374 = ORIENTED_EDGE ( 'NONE', *, *, #3320, .T. ) ;
#7375 = LINE ( 'NONE', #3232, #8707 ) ;
#7376 = ORIENTED_EDGE ( 'NONE', *, *, #10493, .T. ) ;
#7377 = EDGE_CURVE ( 'NONE', #4670, #441, #6697, .T. ) ;
#7378 = CARTESIAN_POINT ( 'NONE',  ( -0.04251171747521963890, -0.4031157413256474809, -20.40000000000000213 ) ) ;
#7379 = EDGE_CURVE ( 'NONE', #7033, #8986, #6550, .T. ) ;
#7380 = DIRECTION ( 'NONE',  ( 0.000000000000000000, 1.000000000000000000, 0.000000000000000000 ) ) ;
#7381 = VECTOR ( 'NONE', #4455, 1000.000000000000000 ) ;
#7382 = CARTESIAN_POINT ( 'NONE',  ( -3.933456030854580288, 0.3669696504612116050, -20.40000000000000568 ) ) ;
#7383 = LINE ( 'NONE', #7682, #32 ) ;
#7384 = ORIENTED_EDGE ( 'NONE', *, *, #9144, .F. ) ;
#7385 = CARTESIAN_POINT ( 'NONE',  ( -0.8790680928106461289, 0.09414066708032572950, -20.40000000000001279 ) ) ;
#7386 = EDGE_LOOP ( 'NONE', ( #4103, #3371, #3753, #7493 ) ) ;
#7387 = CARTESIAN_POINT ( 'NONE',  ( -5.072905876082416832, 0.3427806668329122508, -20.59999999999999787 ) ) ;
#7388 = EDGE_CURVE ( 'NONE', #5554, #5368, #3623, .T. ) ;
#7389 = CARTESIAN_POINT ( 'NONE',  ( -5.070017231593901386, -0.3152398873612113905, -20.59999999999999432 ) ) ;
#7390 = CARTESIAN_POINT ( 'NONE',  ( -0.6233743153633118927, -0.6417691078282518058, -20.59999999999999787 ) ) ;
#7391 = VERTEX_POINT ( 'NONE', #10197 ) ;
#7392 = CARTESIAN_POINT ( 'NONE',  ( 1.137150057033996076, 0.1350724675536561503, -20.60000000000000142 ) ) ;
#7393 = UNCERTAINTY_MEASURE_WITH_UNIT (LENGTH_MEASURE( 1.000000000000000082E-05 ), #7529, 'distance_accuracy_value', 'NONE');
#7394 = DIRECTION ( 'NONE',  ( -1.000000000000000000, 0.000000000000000000, 0.000000000000000000 ) ) ;
#7395 = PLANE ( 'NONE',  #4311 ) ;
#7396 =( NAMED_UNIT ( * ) PLANE_ANGLE_UNIT ( ) SI_UNIT ( $, .RADIAN. ) );
#7397 = VECTOR ( 'NONE', #2174, 1000.000000000000000 ) ;
#7398 = ORIENTED_EDGE ( 'NONE', *, *, #7125, .T. ) ;
#7399 = ORIENTED_EDGE ( 'NONE', *, *, #8924, .F. ) ;
#7400 = CARTESIAN_POINT ( 'NONE',  ( 5.058386693171888382, -0.6364654660346257264, -20.60000000000000142 ) ) ;
#7401 = PRESENTATION_STYLE_ASSIGNMENT (( #798 ) ) ;
#7402 = EDGE_CURVE ( 'NONE', #3959, #2666, #3945, .T. ) ;
#7403 = CARTESIAN_POINT ( 'NONE',  ( -0.4004293676925241297, -0.8973549276926005014, -20.60000000000000142 ) ) ;
#7404 = VERTEX_POINT ( 'NONE', #5745 ) ;
#7405 = FACE_OUTER_BOUND ( 'NONE', #10152, .T. ) ;
#7406 = CARTESIAN_POINT ( 'NONE',  ( 0.9500000000000000666, -6.799999999999997158, -20.60000000000000142 ) ) ;
#7407 = LINE ( 'NONE', #3366, #4494 ) ;
#7408 = CARTESIAN_POINT ( 'NONE',  ( -5.895129689940453943, 0.5191142932847806479, -20.40000000000000213 ) ) ;
#7409 = CARTESIAN_POINT ( 'NONE',  ( 5.710869427771936735, -0.6935695485282533657, -20.59999999999998721 ) ) ;
#7410 = SURFACE_SIDE_STYLE ('',( #956 ) ) ;
#7411 = CARTESIAN_POINT ( 'NONE',  ( -0.5175010572574754164, 0.4660101833160236184, -20.40000000000000213 ) ) ;
#7412 = CARTESIAN_POINT ( 'NONE',  ( 5.058386693171888382, -0.6364654660346257264, -20.40000000000000213 ) ) ;
#7413 = COLOUR_RGB ( '',1.000000000000000000, 1.000000000000000000, 1.000000000000000000 ) ;
#7414 = ORIENTED_EDGE ( 'NONE', *, *, #4868, .F. ) ;
#7415 = FILL_AREA_STYLE_COLOUR ( '', #5816 ) ;
#7416 = CARTESIAN_POINT ( 'NONE',  ( -0.02774862219254034881, -0.2562909530476126796, -20.60000000000000142 ) ) ;
#7417 = VERTEX_POINT ( 'NONE', #7714 ) ;
#7418 = DIRECTION ( 'NONE',  ( -0.000000000000000000, -0.000000000000000000, -1.000000000000000000 ) ) ;
#7419 = CARTESIAN_POINT ( 'NONE',  ( -5.083064074619158212, -0.4160628737687753764, -20.39999999999999147 ) ) ;
#7420 = FACE_OUTER_BOUND ( 'NONE', #4192, .T. ) ;
#7421 = CARTESIAN_POINT ( 'NONE',  ( 5.583421767662057000, -0.5757666422255157679, -20.60000000000000142 ) ) ;
#7422 =( LENGTH_UNIT ( ) NAMED_UNIT ( * ) SI_UNIT ( .MILLI., .METRE. ) );
#7423 = ORIENTED_EDGE ( 'NONE', *, *, #4660, .T. ) ;
#7424 = EDGE_CURVE ( 'NONE', #7025, #744, #6083, .T. ) ;
#7425 = AXIS2_PLACEMENT_3D ( 'NONE', #5789, #8318, #1611 ) ;
#7426 = CARTESIAN_POINT ( 'NONE',  ( 1.053487259029771472, 0.2005298033677747616, -20.40000000000000568 ) ) ;
#7427 = ORIENTED_EDGE ( 'NONE', *, *, #841, .F. ) ;
#7428 = CARTESIAN_POINT ( 'NONE',  ( -5.216571559042785466, -0.8579084494446655995, -20.40000000000000213 ) ) ;
#7429 = CARTESIAN_POINT ( 'NONE',  ( -4.043797757092089995, 0.02188056858256886769, -20.40000000000000568 ) ) ;
#7430 = MECHANICAL_DESIGN_GEOMETRIC_PRESENTATION_REPRESENTATION (  '', ( #4677 ), #5532 ) ;
#7431 = FACE_OUTER_BOUND ( 'NONE', #9195, .T. ) ;
#7432 = FACE_OUTER_BOUND ( 'NONE', #5776, .T. ) ;
#7433 = MECHANICAL_DESIGN_GEOMETRIC_PRESENTATION_REPRESENTATION (  '', ( #2451 ), #3994 ) ;
#7434 = CARTESIAN_POINT ( 'NONE',  ( -3.887353509338574487, 0.03713437162771186795, -20.60000000000000142 ) ) ;
#7435 = DIRECTION ( 'NONE',  ( -1.000000000000000000, 0.000000000000000000, -0.000000000000000000 ) ) ;
#7436 = EDGE_CURVE ( 'NONE', #7264, #9188, #2657, .T. ) ;
#7437 = COLOUR_RGB ( '',1.000000000000000000, 1.000000000000000000, 1.000000000000000000 ) ;
#7438 = DIRECTION ( 'NONE',  ( -1.000000000000000000, 0.000000000000000000, 0.000000000000000000 ) ) ;
#7439 = ORIENTED_EDGE ( 'NONE', *, *, #3491, .F. ) ;
#7440 = ORIENTED_EDGE ( 'NONE', *, *, #9011, .F. ) ;
#7441 = DIRECTION ( 'NONE',  ( 0.000000000000000000, 0.000000000000000000, -1.000000000000000000 ) ) ;
#7442 = CARTESIAN_POINT ( 'NONE',  ( -0.1722654998476755017, 0.5143283705090895275, -20.40000000000000568 ) ) ;
#7443 = ORIENTED_EDGE ( 'NONE', *, *, #8046, .T. ) ;
#7444 = PRESENTATION_LAYER_ASSIGNMENT (  '', '', ( #767 ) ) ;
#7445 = AXIS2_PLACEMENT_3D ( 'NONE', #2839, #9467, #9301 ) ;
#7446 = CARTESIAN_POINT ( 'NONE',  ( 4.049999999999999822, 2.399999999999998579, -8.799999999999998934 ) ) ;
#7447 = DIRECTION ( 'NONE',  ( 0.000000000000000000, 1.000000000000000000, 0.000000000000000000 ) ) ;
#7448 = FACE_BOUND ( 'NONE', #510, .T. ) ;
#7449 = LINE ( 'NONE', #9020, #944 ) ;
#7450 = CARTESIAN_POINT ( 'NONE',  ( -0.7712163851358813105, 0.5729052140411333705, -20.39999999999999858 ) ) ;
#7451 = EDGE_CURVE ( 'NONE', #958, #4115, #9374, .T. ) ;
#7452 = EDGE_LOOP ( 'NONE', ( #9804, #295, #8017, #6648, #6533 ) ) ;
#7453 = EDGE_CURVE ( 'NONE', #3824, #5754, #310, .T. ) ;
#7454 = DIRECTION ( 'NONE',  ( -0.000000000000000000, -0.000000000000000000, 1.000000000000000000 ) ) ;
#7455 = ORIENTED_EDGE ( 'NONE', *, *, #7100, .F. ) ;
#7456 = CARTESIAN_POINT ( 'NONE',  ( 1.105774105080187031, 0.3926538521471922838, -20.60000000000000142 ) ) ;
#7457 = MECHANICAL_DESIGN_GEOMETRIC_PRESENTATION_REPRESENTATION (  '', ( #8311 ), #253 ) ;
#7458 =( LENGTH_UNIT ( ) NAMED_UNIT ( * ) SI_UNIT ( .MILLI., .METRE. ) );
#7459 = VECTOR ( 'NONE', #10305, 1000.000000000000000 ) ;
#7460 = CARTESIAN_POINT ( 'NONE',  ( -4.201676895659563371, 0.03642325222388206191, -20.60000000000000142 ) ) ;
#7461 = VERTEX_POINT ( 'NONE', #1715 ) ;
#7462 = CARTESIAN_POINT ( 'NONE',  ( -0.2201161466793137289, -0.8688390483977970202, -20.60000000000000142 ) ) ;
#7463 = CARTESIAN_POINT ( 'NONE',  ( 0.9977267729110875782, 0.02188056858256886422, -20.40000000000000213 ) ) ;
#7464 = LINE ( 'NONE', #3415, #8804 ) ;
#7465 = DIRECTION ( 'NONE',  ( 0.000000000000000000, 1.000000000000000000, 0.000000000000000000 ) ) ;
#7466 = AXIS2_PLACEMENT_3D ( 'NONE', #3304, #7502, #1747 ) ;
#7467 = DIRECTION ( 'NONE',  ( -1.000000000000000000, 0.000000000000000000, 0.000000000000000000 ) ) ;
#7468 = DIRECTION ( 'NONE',  ( 0.000000000000000000, -0.000000000000000000, -1.000000000000000000 ) ) ;
#7469 = EDGE_CURVE ( 'NONE', #10104, #2689, #4460, .T. ) ;
#7470 = ORIENTED_EDGE ( 'NONE', *, *, #9112, .F. ) ;
#7471 = CARTESIAN_POINT ( 'NONE',  ( -4.194171691156756587, 0.05661489110823133414, -20.60000000000000142 ) ) ;
#7472 = DIRECTION ( 'NONE',  ( 0.000000000000000000, -0.000000000000000000, -1.000000000000000000 ) ) ;
#7473 = ORIENTED_EDGE ( 'NONE', *, *, #763, .F. ) ;
#7474 = CARTESIAN_POINT ( 'NONE',  ( 2.799999999999999822, -9.013878188659973034, -20.40000000000000213 ) ) ;
#7475 = CARTESIAN_POINT ( 'NONE',  ( -5.074939459459170799, -0.3674315766491686452, -20.40000000000001279 ) ) ;
#7476 = CARTESIAN_POINT ( 'NONE',  ( -5.848493931416497205, -0.3521716348657946694, -20.60000000000000142 ) ) ;
#7477 = DIRECTION ( 'NONE',  ( 0.000000000000000000, 0.000000000000000000, -1.000000000000000000 ) ) ;
#7478 = CARTESIAN_POINT ( 'NONE',  ( 1.154171020664602754, 0.03713437162771186795, -20.60000000000000142 ) ) ;
#7479 = CARTESIAN_POINT ( 'NONE',  ( -5.703123600804183901, -0.6092229834339062400, -20.40000000000000213 ) ) ;
#7480 = VERTEX_POINT ( 'NONE', #3276 ) ;
#7481 = DIRECTION ( 'NONE',  ( 0.000000000000000000, 0.000000000000000000, -1.000000000000000000 ) ) ;
#7482 = ORIENTED_EDGE ( 'NONE', *, *, #2020, .T. ) ;
#7483 = DIRECTION ( 'NONE',  ( -1.084202172485504434E-16, -1.000000000000000000, 0.000000000000000000 ) ) ;
#7484 = CARTESIAN_POINT ( 'NONE',  ( 4.911694310060923385, -0.4366939112938670320, -20.60000000000000142 ) ) ;
#7485 = B_SPLINE_CURVE_WITH_KNOTS ( 'NONE', 3,
 ( #3300, #891, #7389, #8141, #5768, #6576, #786, #6416, #5613, #8910, #5715, #9863, #7338, #5556, #3947, #2490, #8091, #4961, #4144 ),
 .UNSPECIFIED., .F., .F.,
 ( 4, 1, 1, 1, 1, 1, 1, 1, 1, 1, 1, 1, 1, 1, 1, 1, 4 ),
 ( 0.000000000000000000, 0.08345474964106194826, 0.1621783171746931929, 0.2365543526416956366, 0.3060362957610693879, 0.3721433051031843298, 0.4353069073502168762, 0.4959954628838159629, 0.5550540383918987075, 0.6124235354287113076, 0.6680602449860756353, 0.7223456097140960042, 0.7764662350986211159, 0.8302753946904622984, 0.8851956525464672598, 0.9417221263869647307, 0.9999999999999998890 ),
 .UNSPECIFIED. ) ;
#7486 = DIRECTION ( 'NONE',  ( -0.000000000000000000, -0.000000000000000000, -1.000000000000000000 ) ) ;
#7487 = LINE ( 'NONE', #5760, #3657 ) ;
#7488 = DIRECTION ( 'NONE',  ( 1.000000000000000000, 0.000000000000000000, 0.000000000000000000 ) ) ;
#7489 = CARTESIAN_POINT ( 'NONE',  ( -4.276556388688569577, -0.1695019059663380179, -20.39999999999999858 ) ) ;
#7490 = CARTESIAN_POINT ( 'NONE',  ( -3.887353509338574487, 0.03713437162771186795, -20.40000000000000213 ) ) ;
#7491 = AXIS2_PLACEMENT_3D ( 'NONE', #6227, #3073, #560 ) ;
#7492 = ORIENTED_EDGE ( 'NONE', *, *, #7696, .T. ) ;
#7493 = ORIENTED_EDGE ( 'NONE', *, *, #9879, .F. ) ;
#7494 = CARTESIAN_POINT ( 'NONE',  ( 3.199999999999999734, 5.213878188659972324, -20.40000000000000213 ) ) ;
#7495 = PLANE ( 'NONE',  #10491 ) ;
#7496 =( NAMED_UNIT ( * ) PLANE_ANGLE_UNIT ( ) SI_UNIT ( $, .RADIAN. ) );
#7497 = ADVANCED_FACE ( 'NONE', ( #9839 ), #2468, .T. ) ;
#7498 = VECTOR ( 'NONE', #4411, 1000.000000000000000 ) ;
#7499 = MECHANICAL_DESIGN_GEOMETRIC_PRESENTATION_REPRESENTATION (  '', ( #9209 ), #7830 ) ;
#7500 = DIRECTION ( 'NONE',  ( 0.000000000000000000, 0.000000000000000000, 1.000000000000000000 ) ) ;
#7501 = CARTESIAN_POINT ( 'NONE',  ( 1.215960793391875239, 0.6218543391601795145, -20.60000000000000142 ) ) ;
#7502 = DIRECTION ( 'NONE',  ( 0.000000000000000000, 0.000000000000000000, 1.000000000000000000 ) ) ;
#7503 = ORIENTED_EDGE ( 'NONE', *, *, #4894, .F. ) ;
#7504 = AXIS2_PLACEMENT_3D ( 'NONE', #5517, #10323, #1444 ) ;
#7505 = AXIS2_PLACEMENT_3D ( 'NONE', #3326, #10569, #6604 ) ;
#7506 = CARTESIAN_POINT ( 'NONE',  ( 5.644019810055005415, 0.3643462222770625369, -20.40000000000000213 ) ) ;
#7507 = EDGE_LOOP ( 'NONE', ( #5567, #7427, #10198, #6001, #167, #3140, #2097, #128, #2987, #3716, #4528, #10644 ) ) ;
#7508 = CARTESIAN_POINT ( 'NONE',  ( -0.8848914793353974684, -0.01004501148917113541, -20.40000000000000213 ) ) ;
#7509 = EDGE_CURVE ( 'NONE', #9714, #3401, #4065, .T. ) ;
#7510 = EDGE_CURVE ( 'NONE', #285, #917, #7022, .T. ) ;
#7511 =( NAMED_UNIT ( * ) SI_UNIT ( $, .STERADIAN. ) SOLID_ANGLE_UNIT ( ) );
#7512 = DIRECTION ( 'NONE',  ( -1.000000000000000000, 0.000000000000000000, 0.000000000000000000 ) ) ;
#7513 = PRESENTATION_LAYER_ASSIGNMENT (  '', '', ( #10086 ) ) ;
#7514 = CARTESIAN_POINT ( 'NONE',  ( -0.2000294663483845048, 0.2995126183809586617, -20.40000000000000213 ) ) ;
#7515 = CARTESIAN_POINT ( 'NONE',  ( 5.365404479117920289, 0.6026686602435101792, -20.39999999999999858 ) ) ;
#7516 = CARTESIAN_POINT ( 'NONE',  ( 5.326575524288593932, -0.8972021658161308810, -20.60000000000000142 ) ) ;
#7517 = CONICAL_SURFACE ( 'NONE', #5444, 9.000000000000000000, 0.4363323129985846038 ) ;
#7518 = CARTESIAN_POINT ( 'NONE',  ( 2.400000000000000355, -5.199999999999997513, -18.59999999999999787 ) ) ;
#7519 = CARTESIAN_POINT ( 'NONE',  ( -4.914463352754767200, -0.3340546475250059655, -20.40000000000000568 ) ) ;
#7520 = VERTEX_POINT ( 'NONE', #7074 ) ;
#7521 = CARTESIAN_POINT ( 'NONE',  ( -4.293589042051410232, -0.2201091396479055162, -20.40000000000000568 ) ) ;
#7522 = CARTESIAN_POINT ( 'NONE',  ( -0.06963403859844706500, 0.05775851364963312251, -20.40000000000000213 ) ) ;
#7523 = COLOUR_RGB ( '',1.000000000000000000, 1.000000000000000000, 1.000000000000000000 ) ;
#7524 = VERTEX_POINT ( 'NONE', #3675 ) ;
#7525 = CARTESIAN_POINT ( 'NONE',  ( -4.464919685797138271, -0.3231029193546715583, -20.60000000000000142 ) ) ;
#7526 = CARTESIAN_POINT ( 'NONE',  ( 0.000000000000000000, 0.000000000000000000, -2.000000000000000000 ) ) ;
#7527 = FACE_OUTER_BOUND ( 'NONE', #688, .T. ) ;
#7528 = CARTESIAN_POINT ( 'NONE',  ( -3.199999999999999734, 5.213878188659972324, -2.200000000000000178 ) ) ;
#7529 =( LENGTH_UNIT ( ) NAMED_UNIT ( * ) SI_UNIT ( .MILLI., .METRE. ) );
#7530 = FACE_OUTER_BOUND ( 'NONE', #4231, .T. ) ;
#7531 = CARTESIAN_POINT ( 'NONE',  ( -0.5407647312087940916, 0.6408183495561071696, -20.60000000000000497 ) ) ;
#7532 = MECHANICAL_DESIGN_GEOMETRIC_PRESENTATION_REPRESENTATION (  '', ( #4603 ), #1526 ) ;
#7533 = ORIENTED_EDGE ( 'NONE', *, *, #862, .T. ) ;
#7534 = CARTESIAN_POINT ( 'NONE',  ( -5.848493931416497205, -0.3521716348657946694, -20.40000000000000213 ) ) ;
#7535 = DIRECTION ( 'NONE',  ( -1.000000000000000000, -1.084202172485504804E-16, 0.000000000000000000 ) ) ;
#7536 = ORIENTED_EDGE ( 'NONE', *, *, #10609, .T. ) ;
#7537 = FACE_OUTER_BOUND ( 'NONE', #7584, .T. ) ;
#7538 = SURFACE_STYLE_FILL_AREA ( #5599 ) ;
#7539 = AXIS2_PLACEMENT_3D ( 'NONE', #8699, #9391, #8589 ) ;
#7540 = EDGE_CURVE ( 'NONE', #1955, #4864, #8585, .T. ) ;
#7541 = DIRECTION ( 'NONE',  ( 1.084202172485504434E-16, 1.000000000000000000, -0.000000000000000000 ) ) ;
#7542 = DIRECTION ( 'NONE',  ( -1.000000000000000000, 0.000000000000000000, 0.000000000000000000 ) ) ;
#7543 = DIRECTION ( 'NONE',  ( -0.1684197129968812157, 0.9857153748796089188, 0.000000000000000000 ) ) ;
#7544 = DIRECTION ( 'NONE',  ( 0.3402235128900362726, 0.9403445970902173379, 0.000000000000000000 ) ) ;
#7545 = CARTESIAN_POINT ( 'NONE',  ( -0.3981828754392935932, -0.7223015049956645894, -20.40000000000000213 ) ) ;
#7546 = STYLED_ITEM ( 'NONE', ( #9647 ), #6836 ) ;
#7547 = CARTESIAN_POINT ( 'NONE',  ( -5.086927372974939132, 0.3643462222770624259, -20.40000000000000213 ) ) ;
#7548 = ORIENTED_EDGE ( 'NONE', *, *, #5006, .T. ) ;
#7549 =( NAMED_UNIT ( * ) SI_UNIT ( $, .STERADIAN. ) SOLID_ANGLE_UNIT ( ) );
#7550 = ORIENTED_EDGE ( 'NONE', *, *, #3361, .T. ) ;
#7551 = CARTESIAN_POINT ( 'NONE',  ( -4.913924270855972054, -0.2288753676450995533, -20.60000000000000142 ) ) ;
#7552 = CARTESIAN_POINT ( 'NONE',  ( -5.887454970377536512, 0.1543218716277116598, -20.40000000000000213 ) ) ;
#7553 = STYLED_ITEM ( 'NONE', ( #1026 ), #7124 ) ;
#7554 = CARTESIAN_POINT ( 'NONE',  ( -5.069645878080476287, -0.2366927504085230005, -20.40000000000000568 ) ) ;
#7555 = CARTESIAN_POINT ( 'NONE',  ( -1.040735635179553142, -0.02648169980085948033, -20.39999999999999858 ) ) ;
#7556 = CARTESIAN_POINT ( 'NONE',  ( -0.1861425914324525421, 0.2819350179215769359, -20.59999999999999787 ) ) ;
#7557 = ORIENTED_EDGE ( 'NONE', *, *, #10123, .F. ) ;
#7558 = EDGE_CURVE ( 'NONE', #732, #4379, #2057, .T. ) ;
#7559 = VECTOR ( 'NONE', #5551, 1000.000000000000000 ) ;
#7560 = DIRECTION ( 'NONE',  ( -0.000000000000000000, -0.000000000000000000, -1.000000000000000000 ) ) ;
#7561 = ORIENTED_EDGE ( 'NONE', *, *, #6788, .F. ) ;
#7562 = CARTESIAN_POINT ( 'NONE',  ( -0.5909543521425152379, 0.4588716511310003132, -20.39999999999999858 ) ) ;
#7563 = CARTESIAN_POINT ( 'NONE',  ( -0.1895103601308366914, -0.8556149185391274115, -20.60000000000000497 ) ) ;
#7564 = CARTESIAN_POINT ( 'NONE',  ( 5.405097760022552933, 0.3820689513447880770, -20.59999999999999787 ) ) ;
#7565 = AXIS2_PLACEMENT_3D ( 'NONE', #797, #2447, #1700 ) ;
#7566 = CARTESIAN_POINT ( 'NONE',  ( 6.599999999999999645, 1.599999999999998757, -8.799999999999998934 ) ) ;
#7567 = CARTESIAN_POINT ( 'NONE',  ( 5.515967211405321535, 0.5105542056909713189, -20.40000000000000924 ) ) ;
#7568 = DIRECTION ( 'NONE',  ( -0.000000000000000000, -0.000000000000000000, -1.000000000000000000 ) ) ;
#7569 = CARTESIAN_POINT ( 'NONE',  ( 5.660929951436042273, -0.3152398873612114460, -20.60000000000001563 ) ) ;
#7570 =( NAMED_UNIT ( * ) PLANE_ANGLE_UNIT ( ) SI_UNIT ( $, .RADIAN. ) );
#7571 = ORIENTED_EDGE ( 'NONE', *, *, #8510, .F. ) ;
#7572 = EDGE_CURVE ( 'NONE', #9861, #5395, #2110, .T. ) ;
#7573 = DIRECTION ( 'NONE',  ( 0.000000000000000000, 0.000000000000000000, -1.000000000000000000 ) ) ;
#7574 = FACE_OUTER_BOUND ( 'NONE', #3946, .T. ) ;
#7575 = ORIENTED_EDGE ( 'NONE', *, *, #4770, .T. ) ;
#7576 = CARTESIAN_POINT ( 'NONE',  ( -1.040446190363577772, -0.04728937991867576685, -20.39999999999999858 ) ) ;
#7577 = CARTESIAN_POINT ( 'NONE',  ( -3.989930619728184524, 0.6218543391601795145, -20.40000000000000213 ) ) ;
#7578 = DIRECTION ( 'NONE',  ( 1.000000000000000000, -1.355252715606880789E-16, 0.000000000000000000 ) ) ;
#7579 = PRESENTATION_STYLE_ASSIGNMENT (( #4238 ) ) ;
#7580 = ORIENTED_EDGE ( 'NONE', *, *, #8637, .F. ) ;
#7581 = EDGE_CURVE ( 'NONE', #138, #1296, #5502, .T. ) ;
#7582 = EDGE_CURVE ( 'NONE', #3153, #5343, #7230, .T. ) ;
#7583 = CARTESIAN_POINT ( 'NONE',  ( -5.404371658741352391, -0.8972021658161308810, -20.60000000000000142 ) ) ;
#7584 = EDGE_LOOP ( 'NONE', ( #4611, #5095, #3941, #1414 ) ) ;
#7585 = CARTESIAN_POINT ( 'NONE',  ( 5.817166836650710771, -0.2845146258561070396, -20.60000000000000497 ) ) ;
#7586 = CARTESIAN_POINT ( 'NONE',  ( 1.600000000000000089, 5.999999999999997335, 0.000000000000000000 ) ) ;
#7587 = SPHERICAL_SURFACE ( 'NONE', #5033, 0.2000000000000000111 ) ;
#7588 = CARTESIAN_POINT ( 'NONE',  ( 0.01726911433703082199, -0.6660959624456901373, -20.39999999999999858 ) ) ;
#7589 = CARTESIAN_POINT ( 'NONE',  ( -5.766850474156020034, -0.7669157757051497937, -20.60000000000000497 ) ) ;
#7590 = LINE ( 'NONE', #10177, #1088 ) ;
#7591 = EDGE_CURVE ( 'NONE', #1740, #4738, #2162, .T. ) ;
#7592 = CARTESIAN_POINT ( 'NONE',  ( -5.074939459459170799, -0.3674315766491686452, -20.60000000000001563 ) ) ;
#7593 = VERTEX_POINT ( 'NONE', #10364 ) ;
#7594 = FACE_OUTER_BOUND ( 'NONE', #2149, .T. ) ;
#7595 = MECHANICAL_DESIGN_GEOMETRIC_PRESENTATION_REPRESENTATION (  '', ( #3135 ), #1600 ) ;
#7596 = UNCERTAINTY_MEASURE_WITH_UNIT (LENGTH_MEASURE( 1.000000000000000082E-05 ), #9644, 'distance_accuracy_value', 'NONE');
#7597 = PRESENTATION_STYLE_ASSIGNMENT (( #2693 ) ) ;
#7598 = DIRECTION ( 'NONE',  ( 1.000000000000000000, 0.000000000000000000, 0.000000000000000000 ) ) ;
#7599 = CARTESIAN_POINT ( 'NONE',  ( 5.447338287547710323, 0.3448151994480306848, -20.60000000000000142 ) ) ;
#7600 = CARTESIAN_POINT ( 'NONE',  ( 2.400000000000000355, 5.199999999999997513, -18.59999999999999787 ) ) ;
#7601 = DIRECTION ( 'NONE',  ( 1.000000000000000000, 0.000000000000000000, -0.000000000000000000 ) ) ;
#7602 = CARTESIAN_POINT ( 'NONE',  ( -0.02828532444622925204, -0.2277637117898305141, -20.60000000000000497 ) ) ;
#7603 = VERTEX_POINT ( 'NONE', #2975 ) ;
#7604 = CARTESIAN_POINT ( 'NONE',  ( -1.500000000000000000, -9.013878188659973034, -9.000000000000000000 ) ) ;
#7605 = ORIENTED_EDGE ( 'NONE', *, *, #6908, .F. ) ;
#7606 = CARTESIAN_POINT ( 'NONE',  ( 4.904240739418622930, 0.5727900671557801804, -20.39999999999999503 ) ) ;
#7607 = VECTOR ( 'NONE', #7321, 1000.000000000000000 ) ;
#7608 = CARTESIAN_POINT ( 'NONE',  ( -0.8250918810479914711, 0.2693058411712756506, -20.39999999999999503 ) ) ;
#7609 = ORIENTED_EDGE ( 'NONE', *, *, #8892, .T. ) ;
#7610 = CARTESIAN_POINT ( 'NONE',  ( -0.02774862219254034881, -0.2562909530476126796, -20.40000000000000213 ) ) ;
#7611 = CARTESIAN_POINT ( 'NONE',  ( 4.849868079068439641, 0.1915168545886669904, -20.60000000000000497 ) ) ;
#7612 = DIRECTION ( 'NONE',  ( -0.3398311366538661060, -0.9404864691001892929, 0.000000000000000000 ) ) ;
#7613 = CARTESIAN_POINT ( 'NONE',  ( 5.620508090911470411, 0.3976647593932680635, -20.40000000000000924 ) ) ;
#7614 = FACE_OUTER_BOUND ( 'NONE', #1164, .T. ) ;
#7615 = CARTESIAN_POINT ( 'NONE',  ( 1.500000000000000000, 9.375835069691863310, -8.799999999999998934 ) ) ;
#7616 = CARTESIAN_POINT ( 'NONE',  ( -0.4312959114781154679, 0.4565170011010725726, -20.40000000000000213 ) ) ;
#7617 = ORIENTED_EDGE ( 'NONE', *, *, #9084, .T. ) ;
#7618 = B_SPLINE_SURFACE_WITH_KNOTS ( 'NONE', 3, 1, ( 
 ( #1305, #9698 ),
 ( #2331, #8087 ),
 ( #9008, #3192 ),
 ( #7385, #5660 ),
 ( #39, #8137 ),
 ( #784, #7334 ),
 ( #6572, #10642 ),
 ( #6519, #1635 ),
 ( #2218, #6357 ),
 ( #5497, #3085 ),
 ( #8850, #3447 ),
 ( #6625, #9058 ),
 ( #3499, #139 ),
 ( #2640, #5922 ),
 ( #1792, #5170 ),
 ( #10075, #3345 ),
 ( #8396, #8348 ),
 ( #87, #2486 ),
 ( #1840, #9910 ) ),
 .UNSPECIFIED., .F., .F., .F.,
 ( 4, 1, 1, 1, 1, 1, 1, 1, 1, 1, 1, 1, 1, 1, 1, 1, 4 ),
 ( 2, 2 ),
 ( 0.000000000000000000, 0.08022783050535725602, 0.1566769336437181526, 0.2289208361730539765, 0.2985790062842917925, 0.3650704208757883928, 0.4297120984875146266, 0.4924854960366906176, 0.5545487495531916666, 0.6151312054217661363, 0.6728781599213364828, 0.7286988884056070370, 0.7828646508814549598, 0.8362846055194467221, 0.8900472754220956073, 0.9441903014638333147, 1.000000000000000000 ),
 ( 0.000000000000000000, 1.000000000000000000 ),
 .UNSPECIFIED. ) ;
#7619 = VECTOR ( 'NONE', #8059, 1000.000000000000000 ) ;
#7620 = EDGE_LOOP ( 'NONE', ( #10169, #9241, #3132, #6453 ) ) ;
#7621 = COLOUR_RGB ( '',1.000000000000000000, 1.000000000000000000, 1.000000000000000000 ) ;
#7622 = SURFACE_SIDE_STYLE ('',( #7730 ) ) ;
#7623 = PLANE ( 'NONE',  #9567 ) ;
#7624 = ORIENTED_EDGE ( 'NONE', *, *, #8108, .F. ) ;
#7625 = SURFACE_STYLE_USAGE ( .BOTH. , #2770 ) ;
#7626 = SURFACE_STYLE_FILL_AREA ( #4394 ) ;
#7627 = DIRECTION ( 'NONE',  ( -0.000000000000000000, -0.000000000000000000, 1.000000000000000000 ) ) ;
#7628 = ADVANCED_FACE ( 'NONE', ( #6249 ), #3485, .T. ) ;
#7629 = CARTESIAN_POINT ( 'NONE',  ( 4.856870110001569429, -0.6494766575937690467, -20.40000000000000213 ) ) ;
#7630 = DIRECTION ( 'NONE',  ( -0.000000000000000000, -0.000000000000000000, 1.000000000000000000 ) ) ;
#7631 = DIRECTION ( 'NONE',  ( 0.000000000000000000, 0.000000000000000000, -1.000000000000000000 ) ) ;
#7632 = CARTESIAN_POINT ( 'NONE',  ( 3.400000000000000355, 1.599999999999998535, 0.000000000000000000 ) ) ;
#7633 = ORIENTED_EDGE ( 'NONE', *, *, #9343, .F. ) ;
#7634 = CARTESIAN_POINT ( 'NONE',  ( -4.921384916641926566, -0.4059306549068090186, -20.59999999999999787 ) ) ;
#7635 = EDGE_LOOP ( 'NONE', ( #9129, #1983, #265, #4137 ) ) ;
#7636 = CARTESIAN_POINT ( 'NONE',  ( -4.914463352754767200, -0.3340546475250059655, -20.60000000000000497 ) ) ;
#7637 = CARTESIAN_POINT ( 'NONE',  ( 0.000000000000000000, 0.000000000000000000, 0.000000000000000000 ) ) ;
#7638 = EDGE_CURVE ( 'NONE', #2462, #5674, #7236, .T. ) ;
#7639 = EDGE_CURVE ( 'NONE', #1044, #8280, #2496, .T. ) ;
#7640 = CARTESIAN_POINT ( 'NONE',  ( -0.004108314198822273812, -0.6982681162918200624, -20.40000000000000213 ) ) ;
#7641 = FACE_OUTER_BOUND ( 'NONE', #8242, .T. ) ;
#7642 = CARTESIAN_POINT ( 'NONE',  ( 7.869140320336472705, -4.813878188659971080, -20.60000000000000142 ) ) ;
#7643 = ORIENTED_EDGE ( 'NONE', *, *, #4426, .T. ) ;
#7644 = CARTESIAN_POINT ( 'NONE',  ( -5.227132892005042386, -0.6576316023481859618, -20.40000000000000568 ) ) ;
#7645 = LINE ( 'NONE', #4256, #886 ) ;
#7646 = ORIENTED_EDGE ( 'NONE', *, *, #2969, .F. ) ;
#7647 = EDGE_CURVE ( 'NONE', #9862, #6835, #4564, .T. ) ;
#7648 = MECHANICAL_DESIGN_GEOMETRIC_PRESENTATION_REPRESENTATION (  '', ( #1294 ), #6622 ) ;
#7649 =( LENGTH_UNIT ( ) NAMED_UNIT ( * ) SI_UNIT ( .MILLI., .METRE. ) );
#7650 = CARTESIAN_POINT ( 'NONE',  ( 5.653641285307315911, -0.1187229465368598302, -20.40000000000000568 ) ) ;
#7651 = PLANE ( 'NONE',  #918 ) ;
#7652 = CARTESIAN_POINT ( 'NONE',  ( -0.02774862219254034881, -0.2562909530476126796, -20.59999999999998010 ) ) ;
#7653 = EDGE_LOOP ( 'NONE', ( #2655, #3087, #7727, #10484 ) ) ;
#7654 = ORIENTED_EDGE ( 'NONE', *, *, #6907, .T. ) ;
#7655 =( GEOMETRIC_REPRESENTATION_CONTEXT ( 3 ) GLOBAL_UNCERTAINTY_ASSIGNED_CONTEXT ( ( #5454 ) ) GLOBAL_UNIT_ASSIGNED_CONTEXT ( ( #6268, #7948, #3919 ) ) REPRESENTATION_CONTEXT ( 'NONE', 'WORKASPACE' ) );
#7656 = CARTESIAN_POINT ( 'NONE',  ( -0.5300001659706566892, 0.4655575693260628478, -20.40000000000000568 ) ) ;
#7657 = ORIENTED_EDGE ( 'NONE', *, *, #8473, .T. ) ;
#7658 =( NAMED_UNIT ( * ) PLANE_ANGLE_UNIT ( ) SI_UNIT ( $, .RADIAN. ) );
#7659 = CARTESIAN_POINT ( 'NONE',  ( -2.799999999999999822, 8.813878188659971968, -2.000000000000000000 ) ) ;
#7660 = DIRECTION ( 'NONE',  ( 0.000000000000000000, 0.000000000000000000, -1.000000000000000000 ) ) ;
#7661 = CARTESIAN_POINT ( 'NONE',  ( -0.6988398471418756364, -0.7943172663267167311, -20.39999999999999503 ) ) ;
#7662 = CARTESIAN_POINT ( 'NONE',  ( 5.058386693171888382, -0.6364654660346257264, -20.60000000000000142 ) ) ;
#7663 = VECTOR ( 'NONE', #5685, 1000.000000000000000 ) ;
#7664 = VECTOR ( 'NONE', #10372, 1000.000000000000000 ) ;
#7665 = ORIENTED_EDGE ( 'NONE', *, *, #1905, .F. ) ;
#7666 = VECTOR ( 'NONE', #6607, 1000.000000000000000 ) ;
#7667 = VERTEX_POINT ( 'NONE', #5880 ) ;
#7668 = CARTESIAN_POINT ( 'NONE',  ( -0.3897243583847868065, 0.4433147812488007489, -20.60000000000000497 ) ) ;
#7669 = ORIENTED_EDGE ( 'NONE', *, *, #3767, .F. ) ;
#7670 =( GEOMETRIC_REPRESENTATION_CONTEXT ( 3 ) GLOBAL_UNCERTAINTY_ASSIGNED_CONTEXT ( ( #1594 ) ) GLOBAL_UNIT_ASSIGNED_CONTEXT ( ( #5181, #9133, #4378 ) ) REPRESENTATION_CONTEXT ( 'NONE', 'WORKASPACE' ) );
#7671 = AXIS2_PLACEMENT_3D ( 'NONE', #150, #8400, #4312 ) ;
#7672 = CARTESIAN_POINT ( 'NONE',  ( 5.816050465296418004, -0.1696674579620506274, -20.60000000000000142 ) ) ;
#7673 = AXIS2_PLACEMENT_3D ( 'NONE', #4532, #733, #9751 ) ;
#7674 = B_SPLINE_CURVE_WITH_KNOTS ( 'NONE', 3,
 ( #5730, #7460, #8207, #4870, #1650, #6592, #7256, #8106, #4772, #2499, #1702 ),
 .UNSPECIFIED., .F., .F.,
 ( 4, 1, 1, 1, 1, 1, 1, 1, 4 ),
 ( 0.000000000000000000, 0.1473311512453896743, 0.2878417253961127464, 0.4226040141878716905, 0.5507844049688578325, 0.6725789076994169724, 0.7877904733471088328, 0.8972933363546494734, 0.9999999999999998890 ),
 .UNSPECIFIED. ) ;
#7675 =( LENGTH_UNIT ( ) NAMED_UNIT ( * ) SI_UNIT ( .MILLI., .METRE. ) );
#7676 =( NAMED_UNIT ( * ) PLANE_ANGLE_UNIT ( ) SI_UNIT ( $, .RADIAN. ) );
#7677 = CARTESIAN_POINT ( 'NONE',  ( 5.405097760022552933, 0.3820689513447880770, -20.39999999999999858 ) ) ;
#7678 = LINE ( 'NONE', #6871, #8475 ) ;
#7679 = CARTESIAN_POINT ( 'NONE',  ( -5.576984191156757475, 0.4660101833160233964, -20.40000000000000213 ) ) ;
#7680 = ORIENTED_EDGE ( 'NONE', *, *, #7379, .F. ) ;
#7681 = AXIS2_PLACEMENT_3D ( 'NONE', #4621, #10396, #3598 ) ;
#7682 = CARTESIAN_POINT ( 'NONE',  ( -2.600000000000000533, 0.7999999999999984901, -20.60000000000000142 ) ) ;
#7683 = FILL_AREA_STYLE ('',( #6168 ) ) ;
#7684 = EDGE_CURVE ( 'NONE', #3555, #1193, #9620, .T. ) ;
#7685 = CARTESIAN_POINT ( 'NONE',  ( -2.399999999999999911, 8.399999999999998579, -18.59999999999999787 ) ) ;
#7686 = EDGE_LOOP ( 'NONE', ( #4216, #9022, #4895, #4669 ) ) ;
#7687 = CARTESIAN_POINT ( 'NONE',  ( -4.921384916641926566, -0.4059306549068090186, -20.59999999999999787 ) ) ;
#7688 = DIRECTION ( 'NONE',  ( -0.9857153748796090298, -0.1684197129968812434, 0.000000000000000000 ) ) ;
#7689 = CARTESIAN_POINT ( 'NONE',  ( -0.6763657214353605562, -0.5953249168514125333, -20.60000000000000142 ) ) ;
#7690 = CARTESIAN_POINT ( 'NONE',  ( -5.501440013925588346, 0.6375778765869609677, -20.40000000000000213 ) ) ;
#7691 = CARTESIAN_POINT ( 'NONE',  ( -4.412089627088423782, -0.6226459935238829457, -20.40000000000000568 ) ) ;
#7692 = CARTESIAN_POINT ( 'NONE',  ( -5.531704316004638855, -0.7106669225390469524, -20.39999999999999147 ) ) ;
#7693 = VERTEX_POINT ( 'NONE', #3357 ) ;
#7694 = CARTESIAN_POINT ( 'NONE',  ( -5.358951136704008356, -0.7157029552997903332, -20.40000000000000568 ) ) ;
#7695 = B_SPLINE_CURVE_WITH_KNOTS ( 'NONE', 3,
 ( #6872, #7531, #10164, #8763, #6985, #3809, #1337, #7789, #489, #7888, #440, #1227, #3111, #1452, #1393, #9672, #7094, #7154, #10274 ),
 .UNSPECIFIED., .F., .F.,
 ( 4, 1, 1, 1, 1, 1, 1, 1, 1, 1, 1, 1, 1, 1, 1, 1, 4 ),
 ( 0.000000000000000000, 0.05727387003889808370, 0.1125885745647166175, 0.1667057614595783555, 0.2207704467716926355, 0.2751427342129773024, 0.3304303619029004824, 0.3875670358509391011, 0.4471448412340195966, 0.5083952260604526208, 0.5705061652138014860, 0.6346295394722748506, 0.7007977917189525119, 0.7700864055379333939, 0.8427810704370046757, 0.9192994861747902924, 1.000000000000000000 ),
 .UNSPECIFIED. ) ;
#7696 = EDGE_CURVE ( 'NONE', #1193, #2929, #9174, .T. ) ;
#7697 = STYLED_ITEM ( 'NONE', ( #10094 ), #6108 ) ;
#7698 = EDGE_CURVE ( 'NONE', #6480, #7794, #230, .T. ) ;
#7699 = CARTESIAN_POINT ( 'NONE',  ( -3.935750424922990209, 0.3926538521471922838, -20.60000000000000142 ) ) ;
#7700 = ORIENTED_EDGE ( 'NONE', *, *, #7979, .T. ) ;
#7701 = CARTESIAN_POINT ( 'NONE',  ( -5.574244743104808997, 0.6413348586406988350, -20.60000000000000142 ) ) ;
#7702 = STYLED_ITEM ( 'NONE', ( #5422 ), #6269 ) ;
#7703 = UNCERTAINTY_MEASURE_WITH_UNIT (LENGTH_MEASURE( 1.000000000000000082E-05 ), #2087, 'distance_accuracy_value', 'NONE');
#7704 = CARTESIAN_POINT ( 'NONE',  ( 4.945606191594754009, 0.3883502733060112400, -20.60000000000000497 ) ) ;
#7705 = CARTESIAN_POINT ( 'NONE',  ( 5.661674030834227267, -0.2608566998008596260, -20.60000000000000497 ) ) ;
#7706 = CARTESIAN_POINT ( 'NONE',  ( 1.600000000000000089, 1.599999999999998535, -2.000000000000000000 ) ) ;
#7707 = DIRECTION ( 'NONE',  ( 1.000000000000000000, 0.000000000000000000, 0.000000000000000000 ) ) ;
#7708 = DIRECTION ( 'NONE',  ( 0.000000000000000000, 0.000000000000000000, -1.000000000000000000 ) ) ;
#7709 = EDGE_CURVE ( 'NONE', #4970, #8257, #1753, .T. ) ;
#7710 = EDGE_CURVE ( 'NONE', #5143, #2797, #2551, .T. ) ;
#7711 = CARTESIAN_POINT ( 'NONE',  ( -1.700000000000000178, 9.013878188659973034, -2.200000000000000622 ) ) ;
#7712 = ORIENTED_EDGE ( 'NONE', *, *, #957, .F. ) ;
#7713 =( GEOMETRIC_REPRESENTATION_CONTEXT ( 3 ) GLOBAL_UNCERTAINTY_ASSIGNED_CONTEXT ( ( #94 ) ) GLOBAL_UNIT_ASSIGNED_CONTEXT ( ( #4476, #10089, #1903 ) ) REPRESENTATION_CONTEXT ( 'NONE', 'WORKASPACE' ) );
#7714 = CARTESIAN_POINT ( 'NONE',  ( -4.194171691156756587, 0.05661489110823133414, -20.40000000000000213 ) ) ;
#7715 = CARTESIAN_POINT ( 'NONE',  ( -0.7216128592065546021, 0.3947657277073619575, -20.39999999999999503 ) ) ;
#7716 = ORIENTED_EDGE ( 'NONE', *, *, #6446, .T. ) ;
#7717 = DIRECTION ( 'NONE',  ( 0.000000000000000000, 0.000000000000000000, 1.000000000000000000 ) ) ;
#7718 = CARTESIAN_POINT ( 'NONE',  ( 4.910188729429862953, 0.3441510379375898321, -20.40000000000000213 ) ) ;
#7719 = CARTESIAN_POINT ( 'NONE',  ( -2.799999999999999822, 9.013878188659973034, -20.40000000000000213 ) ) ;
#7720 = UNCERTAINTY_MEASURE_WITH_UNIT (LENGTH_MEASURE( 1.000000000000000082E-05 ), #7120, 'distance_accuracy_value', 'NONE');
#7721 = CARTESIAN_POINT ( 'NONE',  ( -5.703123600804183901, -0.6092229834339062400, -20.40000000000000213 ) ) ;
#7722 = CARTESIAN_POINT ( 'NONE',  ( 5.817166836650710771, -0.2845146258561070396, -20.40000000000000213 ) ) ;
#7723 = DIRECTION ( 'NONE',  ( 0.000000000000000000, 0.000000000000000000, 1.000000000000000000 ) ) ;
#7724 = B_SPLINE_CURVE_WITH_KNOTS ( 'NONE', 3,
 ( #327, #3530, #5955, #8644, #7784, #1115, #10056, #3641, #10219, #6869, #9338, #2074, #7733, #3691, #6818, #6929, #2023, #5249, #3585, #10111, #9245, #4396, #8483, #1170, #8596, #1275, #4496 ),
 .UNSPECIFIED., .F., .F.,
 ( 4, 1, 1, 1, 1, 1, 1, 1, 1, 1, 1, 1, 1, 1, 1, 1, 1, 1, 1, 1, 1, 1, 1, 1, 4 ),
 ( 0.000000000000000000, 0.05179613386870077912, 0.1027076905921474326, 0.1523656756769313225, 0.2014134806410377843, 0.2497504529809246587, 0.2974603532543836915, 0.3450879402115141215, 0.3922524589701320563, 0.4385665557815763282, 0.4831490418084347094, 0.5260244812424714755, 0.5675505959909437070, 0.6078802798446595324, 0.6471755223113148103, 0.6856462371194108618, 0.7233328129306535459, 0.7601831079994734175, 0.7960267168703513141, 0.8310629073212795204, 0.8653564503235628980, 0.8990114988517811101, 0.9327961559116957346, 0.9663819387004223271, 1.000000000000000000 ),
 .UNSPECIFIED. ) ;
#7725 = COLOUR_RGB ( '',1.000000000000000000, 1.000000000000000000, 1.000000000000000000 ) ;
#7726 = B_SPLINE_CURVE_WITH_KNOTS ( 'NONE', 3,
 ( #9998, #7021, #7073, #2915, #221, #5900, #5396, #1765, #10051, #2665, #9190, #2055, #5948, #5339, #1819, #5097, #7868, #521, #8376 ),
 .UNSPECIFIED., .F., .F.,
 ( 4, 1, 1, 1, 1, 1, 1, 1, 1, 1, 1, 1, 1, 1, 1, 1, 4 ),
 ( 0.000000000000000000, 0.07040813273187943033, 0.1385315568307198264, 0.2051931111868492141, 0.2698979902991168744, 0.3331965786051242495, 0.3953098162645778402, 0.4561724639254360336, 0.5166274028946397090, 0.5759267578935649556, 0.6355239129868467396, 0.6947320381548272028, 0.7542906315131783224, 0.8144587552179252121, 0.8749740206680791665, 0.9370589671679419030, 0.9999999999999998890 ),
 .UNSPECIFIED. ) ;
#7727 = ORIENTED_EDGE ( 'NONE', *, *, #2234, .F. ) ;
#7728 = VERTEX_POINT ( 'NONE', #6794 ) ;
#7729 = ADVANCED_FACE ( 'NONE', ( #1200 ), #4808, .T. ) ;
#7730 = SURFACE_STYLE_FILL_AREA ( #2716 ) ;
#7731 = ORIENTED_EDGE ( 'NONE', *, *, #7639, .F. ) ;
#7732 = VECTOR ( 'NONE', #9037, 1000.000000000000000 ) ;
#7733 = CARTESIAN_POINT ( 'NONE',  ( -0.8643090391435507280, -0.6247438079113800669, -20.40000000000000568 ) ) ;
#7734 = CARTESIAN_POINT ( 'NONE',  ( 5.653641285307315911, -0.1187229465368598302, -20.40000000000000568 ) ) ;
#7735 = FACE_OUTER_BOUND ( 'NONE', #1616, .T. ) ;
#7736 = LINE ( 'NONE', #6933, #8023 ) ;
#7737 = VERTEX_POINT ( 'NONE', #6243 ) ;
#7738 = AXIS2_PLACEMENT_3D ( 'NONE', #6110, #9406, #4903 ) ;
#7739 = DIRECTION ( 'NONE',  ( -1.000000000000000000, 0.000000000000000000, 0.000000000000000000 ) ) ;
#7740 = SURFACE_STYLE_USAGE ( .BOTH. , #10333 ) ;
#7741 = CARTESIAN_POINT ( 'NONE',  ( -5.216571559042785466, -0.8579084494446655995, -20.60000000000000497 ) ) ;
#7742 = ORIENTED_EDGE ( 'NONE', *, *, #6106, .F. ) ;
#7743 = DIRECTION ( 'NONE',  ( 0.000000000000000000, 0.000000000000000000, 1.000000000000000000 ) ) ;
#7744 = SURFACE_STYLE_USAGE ( .BOTH. , #3596 ) ;
#7745 = CARTESIAN_POINT ( 'NONE',  ( -0.8270983427133937749, -0.3440435977300242976, -20.60000000000000142 ) ) ;
#7746 =( NAMED_UNIT ( * ) PLANE_ANGLE_UNIT ( ) SI_UNIT ( $, .RADIAN. ) );
#7747 = ORIENTED_EDGE ( 'NONE', *, *, #7939, .F. ) ;
#7748 = CARTESIAN_POINT ( 'NONE',  ( 0.1273612772360779022, -0.2964229084222128052, -20.40000000000000213 ) ) ;
#7749 = CARTESIAN_POINT ( 'NONE',  ( -3.825563736611302001, 0.6218543391601795145, -20.60000000000000142 ) ) ;
#7750 = ADVANCED_FACE ( 'NONE', ( #2856 ), #7864, .T. ) ;
#7751 = CARTESIAN_POINT ( 'NONE',  ( -5.644909810644410442, -0.8470450198920066454, -20.39999999999999858 ) ) ;
#7752 = CARTESIAN_POINT ( 'NONE',  ( 5.021939961259967333, 0.6246930461076857233, -20.60000000000000497 ) ) ;
#7753 = ORIENTED_EDGE ( 'NONE', *, *, #124, .T. ) ;
#7754 = CARTESIAN_POINT ( 'NONE',  ( -5.358951136704008356, -0.7157029552997903332, -20.60000000000000853 ) ) ;
#7755 = CARTESIAN_POINT ( 'NONE',  ( -5.976604040267229578, 0.4127276919653002363, -20.60000000000000497 ) ) ;
#7756 = VERTEX_POINT ( 'NONE', #464 ) ;
#7757 = LINE ( 'NONE', #1360, #8759 ) ;
#7758 = ADVANCED_FACE ( 'NONE', ( #5230 ), #7017, .F. ) ;
#7759 = CARTESIAN_POINT ( 'NONE',  ( -5.663955919419753293, -0.6433302629182148236, -20.60000000000000142 ) ) ;
#7760 = CARTESIAN_POINT ( 'NONE',  ( -5.243207843500147014, 0.5335092441243760586, -20.40000000000000213 ) ) ;
#7761 = CARTESIAN_POINT ( 'NONE',  ( 5.554998594694836811, 0.1953874005409768355, -20.60000000000000142 ) ) ;
#7762 = DIRECTION ( 'NONE',  ( -1.000000000000000000, 6.776263578034401480E-17, 0.000000000000000000 ) ) ;
#7763 = CYLINDRICAL_SURFACE ( 'NONE', #6537, 0.9500000000000000666 ) ;
#7764 = ORIENTED_EDGE ( 'NONE', *, *, #1591, .T. ) ;
#7765 = CARTESIAN_POINT ( 'NONE',  ( -5.693847966395087390, 0.4470269715203447625, -20.60000000000000497 ) ) ;
#7766 = LINE ( 'NONE', #7184, #2802 ) ;
#7767 = VECTOR ( 'NONE', #4979, 1000.000000000000000 ) ;
#7768 = CARTESIAN_POINT ( 'NONE',  ( -5.244579029503087853, 0.3003652051878970553, -20.60000000000000142 ) ) ;
#7769 = EDGE_LOOP ( 'NONE', ( #5291, #7007 ) ) ;
#7770 = CARTESIAN_POINT ( 'NONE',  ( 5.153962991873187960, 0.4660101833160235074, -20.60000000000000142 ) ) ;
#7771 = EDGE_CURVE ( 'NONE', #8971, #1924, #6169, .T. ) ;
#7772 = CARTESIAN_POINT ( 'NONE',  ( 3.400000000000000355, 1.599999999999998535, 0.000000000000000000 ) ) ;
#7773 = CARTESIAN_POINT ( 'NONE',  ( 8.069140320336472882, 5.013878188659970370, -20.40000000000000213 ) ) ;
#7774 = EDGE_CURVE ( 'NONE', #8986, #10591, #9370, .T. ) ;
#7775 = CARTESIAN_POINT ( 'NONE',  ( -0.9195089211874521995, -0.5347598319746195150, -20.60000000000000853 ) ) ;
#7776 = CARTESIAN_POINT ( 'NONE',  ( 4.894941319825187875, 0.3184732660519270508, -20.39999999999999858 ) ) ;
#7777 = AXIS2_PLACEMENT_3D ( 'NONE', #8846, #4579, #7807 ) ;
#7778 = ORIENTED_EDGE ( 'NONE', *, *, #6720, .T. ) ;
#7779 = ORIENTED_EDGE ( 'NONE', *, *, #1974, .F. ) ;
#7780 = VECTOR ( 'NONE', #3198, 1000.000000000000000 ) ;
#7781 = CARTESIAN_POINT ( 'NONE',  ( -5.665834605886736597, 0.6344933463427815390, -20.59999999999999787 ) ) ;
#7782 = CARTESIAN_POINT ( 'NONE',  ( 5.720807257173968985, 0.2298173490877513936, -20.60000000000000142 ) ) ;
#7783 = CARTESIAN_POINT ( 'NONE',  ( 0.04923182088670009782, 0.2019795457305459674, -20.40000000000000568 ) ) ;
#7784 = CARTESIAN_POINT ( 'NONE',  ( -1.027597929295509971, -0.2092522653785577891, -20.39999999999999858 ) ) ;
#7785 = EDGE_CURVE ( 'NONE', #4654, #732, #3892, .T. ) ;
#7786 = AXIS2_PLACEMENT_3D ( 'NONE', #4075, #5957, #4293 ) ;
#7787 = CARTESIAN_POINT ( 'NONE',  ( 1.500000000000000000, -9.375835069691863310, -8.799999999999998934 ) ) ;
#7788 = CARTESIAN_POINT ( 'NONE',  ( -1.500000000000000000, -9.375835069691863310, -8.799999999999998934 ) ) ;
#7789 = CARTESIAN_POINT ( 'NONE',  ( -0.8141044096172369571, 0.5421735837692379656, -20.60000000000000142 ) ) ;
#7790 = AXIS2_PLACEMENT_3D ( 'NONE', #8955, #1685, #7331 ) ;
#7791 = ORIENTED_EDGE ( 'NONE', *, *, #1027, .T. ) ;
#7792 = DIRECTION ( 'NONE',  ( 0.000000000000000000, 0.000000000000000000, 1.000000000000000000 ) ) ;
#7793 = STYLED_ITEM ( 'NONE', ( #4383 ), #10322 ) ;
#7794 = VERTEX_POINT ( 'NONE', #2329 ) ;
#7795 = CARTESIAN_POINT ( 'NONE',  ( -4.991352472577962551, -0.6456856532442476482, -20.39999999999999147 ) ) ;
#7796 = SURFACE_SIDE_STYLE ('',( #2837 ) ) ;
#7797 = CARTESIAN_POINT ( 'NONE',  ( -5.561963756193556208, 0.6410449470948363926, -20.40000000000000213 ) ) ;
#7798 = CARTESIAN_POINT ( 'NONE',  ( -5.840627355218292571, -0.6927569321758291210, -20.60000000000000142 ) ) ;
#7799 = EDGE_CURVE ( 'NONE', #630, #7264, #3294, .T. ) ;
#7800 = CARTESIAN_POINT ( 'NONE',  ( -5.574244743104808997, 0.6413348586406988350, -20.40000000000000213 ) ) ;
#7801 = CARTESIAN_POINT ( 'NONE',  ( -5.840627355218292571, -0.6927569321758291210, -20.40000000000000213 ) ) ;
#7802 = SURFACE_SIDE_STYLE ('',( #4515 ) ) ;
#7803 = ORIENTED_EDGE ( 'NONE', *, *, #8575, .F. ) ;
#7804 = CARTESIAN_POINT ( 'NONE',  ( -5.750198708762534139, 0.6113100570507272735, -20.60000000000000497 ) ) ;
#7805 = ORIENTED_EDGE ( 'NONE', *, *, #8675, .T. ) ;
#7806 = UNCERTAINTY_MEASURE_WITH_UNIT (LENGTH_MEASURE( 1.000000000000000082E-05 ), #10506, 'distance_accuracy_value', 'NONE');
#7807 = DIRECTION ( 'NONE',  ( -3.422125580184505555E-16, 1.000000000000000000, 0.000000000000000000 ) ) ;
#7808 = FILL_AREA_STYLE ('',( #4530 ) ) ;
#7809 = ORIENTED_EDGE ( 'NONE', *, *, #3103, .F. ) ;
#7810 = DIRECTION ( 'NONE',  ( 1.000000000000000000, 0.000000000000000000, -0.000000000000000000 ) ) ;
#7811 = ADVANCED_FACE ( 'NONE', ( #4849 ), #782, .F. ) ;
#7812 = CARTESIAN_POINT ( 'NONE',  ( -5.872081770006539969, 0.2268333742110245910, -20.60000000000000142 ) ) ;
#7813 = PRESENTATION_LAYER_ASSIGNMENT (  '', '', ( #799 ) ) ;
#7814 = ORIENTED_EDGE ( 'NONE', *, *, #1533, .F. ) ;
#7815 = LINE ( 'NONE', #10200, #5118 ) ;
#7816 = CARTESIAN_POINT ( 'NONE',  ( -0.7695198960532110277, -0.4680387674344435034, -20.39999999999999858 ) ) ;
#7817 = UNCERTAINTY_MEASURE_WITH_UNIT (LENGTH_MEASURE( 1.000000000000000082E-05 ), #2923, 'distance_accuracy_value', 'NONE');
#7818 = CARTESIAN_POINT ( 'NONE',  ( -1.500000000000000000, 9.375835069691863310, -8.799999999999998934 ) ) ;
#7819 = DIRECTION ( 'NONE',  ( 0.000000000000000000, -1.000000000000000000, 0.000000000000000000 ) ) ;
#7820 = CARTESIAN_POINT ( 'NONE',  ( 5.371996046325935303, -0.7157029552997900002, -20.39999999999999147 ) ) ;
#7821 = FACE_OUTER_BOUND ( 'NONE', #7940, .T. ) ;
#7822 = EDGE_LOOP ( 'NONE', ( #3250, #1491, #7580, #8959 ) ) ;
#7823 = ORIENTED_EDGE ( 'NONE', *, *, #1686, .T. ) ;
#7824 = VECTOR ( 'NONE', #7543, 1000.000000000000227 ) ;
#7825 = CARTESIAN_POINT ( 'NONE',  ( 5.816050465296418004, -0.1696674579620506274, -20.60000000000000142 ) ) ;
#7826 = EDGE_CURVE ( 'NONE', #4884, #5539, #2231, .T. ) ;
#7827 = EDGE_CURVE ( 'NONE', #7520, #4405, #3190, .T. ) ;
#7828 = VECTOR ( 'NONE', #215, 1000.000000000000000 ) ;
#7829 = CARTESIAN_POINT ( 'NONE',  ( -1.500000000000000000, -9.213878188659972324, -8.799999999999998934 ) ) ;
#7830 =( GEOMETRIC_REPRESENTATION_CONTEXT ( 3 ) GLOBAL_UNCERTAINTY_ASSIGNED_CONTEXT ( ( #8916 ) ) GLOBAL_UNIT_ASSIGNED_CONTEXT ( ( #3, #9768, #9933 ) ) REPRESENTATION_CONTEXT ( 'NONE', 'WORKASPACE' ) );
#7831 = DIRECTION ( 'NONE',  ( 0.000000000000000000, 0.000000000000000000, 1.000000000000000000 ) ) ;
#7832 = CARTESIAN_POINT ( 'NONE',  ( -7.869140320336472705, -5.213878188659970547, -2.000000000000000000 ) ) ;
#7833 = ORIENTED_EDGE ( 'NONE', *, *, #3877, .T. ) ;
#7834 = DIRECTION ( 'NONE',  ( 0.000000000000000000, 0.000000000000000000, 1.000000000000000000 ) ) ;
#7835 = MECHANICAL_DESIGN_GEOMETRIC_PRESENTATION_REPRESENTATION (  '', ( #4057 ), #1509 ) ;
#7836 = EDGE_CURVE ( 'NONE', #2740, #4645, #6354, .T. ) ;
#7837 = CIRCLE ( 'NONE', #9916, 0.1999999999999996503 ) ;
#7838 = ORIENTED_EDGE ( 'NONE', *, *, #124, .F. ) ;
#7839 = ORIENTED_EDGE ( 'NONE', *, *, #1071, .T. ) ;
#7840 = FILL_AREA_STYLE_COLOUR ( '', #564 ) ;
#7841 = DIRECTION ( 'NONE',  ( 1.000000000000000000, 0.000000000000000000, 0.000000000000000000 ) ) ;
#7842 = FILL_AREA_STYLE ('',( #10513 ) ) ;
#7843 = FILL_AREA_STYLE ('',( #2787 ) ) ;
#7844 = CARTESIAN_POINT ( 'NONE',  ( 4.882453251613447343, -0.3521716348657945583, -20.60000000000000142 ) ) ;
#7845 = CARTESIAN_POINT ( 'NONE',  ( -5.665834605886736597, 0.6344933463427815390, -20.39999999999999858 ) ) ;
#7846 = B_SPLINE_CURVE_WITH_KNOTS ( 'NONE', 3,
 ( #8445, #6020, #3494, #10124, #7692, #6782, #1082, #10020, #1837, #3548, #4360 ),
 .UNSPECIFIED., .F., .F.,
 ( 4, 1, 1, 1, 1, 1, 1, 1, 4 ),
 ( 0.000000000000000000, 0.1296557814912656093, 0.2555985868018952334, 0.3796600106850503975, 0.5029810975798848505, 0.6250355794434986345, 0.7478154355860374691, 0.8723066895331670345, 1.000000000000000000 ),
 .UNSPECIFIED. ) ;
#7847 = CARTESIAN_POINT ( 'NONE',  ( -5.576984191156757475, 0.4660101833160233964, -20.60000000000000142 ) ) ;
#7848 = CARTESIAN_POINT ( 'NONE',  ( -1.700000000000000178, -9.013878188659973034, -2.000000000000000000 ) ) ;
#7849 = PRESENTATION_LAYER_ASSIGNMENT (  '', '', ( #8897 ) ) ;
#7850 = AXIS2_PLACEMENT_3D ( 'NONE', #4347, #3751, #9454 ) ;
#7851 = EDGE_LOOP ( 'NONE', ( #3099, #10377, #2726, #10048 ) ) ;
#7852 = FILL_AREA_STYLE ('',( #4572 ) ) ;
#7853 = CARTESIAN_POINT ( 'NONE',  ( -6.037440720132212668, 0.2270606048642994645, -20.59999999999999432 ) ) ;
#7854 = EDGE_CURVE ( 'NONE', #1820, #3030, #8902, .T. ) ;
#7855 = B_SPLINE_CURVE_WITH_KNOTS ( 'NONE', 3,
 ( #5690, #3973, #1565, #10568, #6495, #762, #3168, #5580, #1398, #2250, #1455 ),
 .UNSPECIFIED., .F., .F.,
 ( 4, 1, 1, 1, 1, 1, 1, 1, 4 ),
 ( 0.000000000000000000, 0.1205930384578621506, 0.2411393832574634799, 0.3617290870536214453, 0.4838562937925872665, 0.6083316884723446449, 0.7354918421289449171, 0.8655566908362638534, 1.000000000000000000 ),
 .UNSPECIFIED. ) ;
#7856 = EDGE_LOOP ( 'NONE', ( #2891, #1280, #1644, #3932, #6057, #8397 ) ) ;
#7857 = SURFACE_STYLE_USAGE ( .BOTH. , #4575 ) ;
#7858 = COLOUR_RGB ( '',1.000000000000000000, 1.000000000000000000, 1.000000000000000000 ) ;
#7859 = CARTESIAN_POINT ( 'NONE',  ( -3.199999999999999734, -5.213878188659972324, -2.000000000000000000 ) ) ;
#7860 = CARTESIAN_POINT ( 'NONE',  ( -5.431814138713285445, 0.6243921008024785335, -20.39999999999999858 ) ) ;
#7861 = CARTESIAN_POINT ( 'NONE',  ( 0.000000000000000000, 0.000000000000000000, -8.799999999999998934 ) ) ;
#7862 = AXIS2_PLACEMENT_3D ( 'NONE', #1609, #2239, #4823 ) ;
#7863 = CYLINDRICAL_SURFACE ( 'NONE', #5878, 0.9500000000000002887 ) ;
#7864 = PLANE ( 'NONE',  #190 ) ;
#7865 = VERTEX_POINT ( 'NONE', #7918 ) ;
#7866 = CARTESIAN_POINT ( 'NONE',  ( -8.269140320336473948, 0.000000000000000000, -2.000000000000000000 ) ) ;
#7867 = ORIENTED_EDGE ( 'NONE', *, *, #6582, .F. ) ;
#7868 = CARTESIAN_POINT ( 'NONE',  ( 5.193378362010697025, 0.6404690672067865354, -20.60000000000000497 ) ) ;
#7869 = DIRECTION ( 'NONE',  ( -0.000000000000000000, -0.000000000000000000, -1.000000000000000000 ) ) ;
#7870 =( NAMED_UNIT ( * ) PLANE_ANGLE_UNIT ( ) SI_UNIT ( $, .RADIAN. ) );
#7871 = EDGE_LOOP ( 'NONE', ( #7062, #6640, #1354, #333 ) ) ;
#7872 = CARTESIAN_POINT ( 'NONE',  ( -0.8096688038784680685, -0.3875842238682103424, -20.40000000000000213 ) ) ;
#7873 = DIRECTION ( 'NONE',  ( 0.000000000000000000, 0.000000000000000000, -1.000000000000000000 ) ) ;
#7874 = DIRECTION ( 'NONE',  ( 1.000000000000000000, 0.000000000000000000, -0.000000000000000000 ) ) ;
#7875 = SURFACE_STYLE_USAGE ( .BOTH. , #1266 ) ;
#7876 = LINE ( 'NONE', #7083, #6774 ) ;
#7877 = EDGE_CURVE ( 'NONE', #7593, #2972, #9131, .T. ) ;
#7878 = ORIENTED_EDGE ( 'NONE', *, *, #4272, .F. ) ;
#7879 = ORIENTED_EDGE ( 'NONE', *, *, #9558, .T. ) ;
#7880 = DIRECTION ( 'NONE',  ( -1.000000000000000000, 0.000000000000000000, -0.000000000000000000 ) ) ;
#7881 = CARTESIAN_POINT ( 'NONE',  ( 0.2553276765087583722, 0.6218543391601795145, -20.60000000000000142 ) ) ;
#7882 =( NAMED_UNIT ( * ) PLANE_ANGLE_UNIT ( ) SI_UNIT ( $, .RADIAN. ) );
#7883 = CARTESIAN_POINT ( 'NONE',  ( -2.400000000000000355, -5.199999999999997513, -20.60000000000000142 ) ) ;
#7884 = MECHANICAL_DESIGN_GEOMETRIC_PRESENTATION_REPRESENTATION (  '', ( #350 ), #182 ) ;
#7885 = CARTESIAN_POINT ( 'NONE',  ( 2.999999999999999556, -5.213878188659972324, -20.40000000000000213 ) ) ;
#7886 = EDGE_CURVE ( 'NONE', #4654, #285, #7332, .T. ) ;
#7887 = CARTESIAN_POINT ( 'NONE',  ( -5.052908542523458557, -0.7366198866981864546, -20.39999999999999858 ) ) ;
#7888 = CARTESIAN_POINT ( 'NONE',  ( -0.8929332996544084855, 0.4646790383024534399, -20.60000000000000142 ) ) ;
#7889 = ORIENTED_EDGE ( 'NONE', *, *, #1418, .F. ) ;
#7890 = B_SPLINE_CURVE_WITH_KNOTS ( 'NONE', 3,
 ( #6844, #3618, #9368, #1998, #3136, #6352, #515, #4526, #3888, #5333, #3778, #10357, #7014, #6295, #2965, #9584, #463, #3723, #9642 ),
 .UNSPECIFIED., .F., .F.,
 ( 4, 1, 1, 1, 1, 1, 1, 1, 1, 1, 1, 1, 1, 1, 1, 1, 4 ),
 ( 0.000000000000000000, 0.07801346776165428432, 0.1522613115028609021, 0.2235950849127216755, 0.2920151760112269512, 0.3581992150092980220, 0.4226018728230281907, 0.4858478281162502133, 0.5492399402237552186, 0.6108689457109033327, 0.6696739721897639885, 0.7262941610749205079, 0.7815304091910882933, 0.8356122477895496781, 0.8896006672793732584, 0.9444145362814085898, 0.9999999999999998890 ),
 .UNSPECIFIED. ) ;
#7891 = PLANE ( 'NONE',  #6532 ) ;
#7892 = CARTESIAN_POINT ( 'NONE',  ( 5.000000000000000000, 2.399999999999998579, -20.60000000000000142 ) ) ;
#7893 = LINE ( 'NONE', #3924, #4577 ) ;
#7894 = AXIS2_PLACEMENT_3D ( 'NONE', #4990, #8273, #3567 ) ;
#7895 = ORIENTED_EDGE ( 'NONE', *, *, #9960, .T. ) ;
#7896 = ORIENTED_EDGE ( 'NONE', *, *, #1069, .F. ) ;
#7897 = CARTESIAN_POINT ( 'NONE',  ( 5.044584332904074486, -0.8241775207355098720, -20.60000000000000497 ) ) ;
#7898 = CARTESIAN_POINT ( 'NONE',  ( 5.086037372385533217, -0.8470450198920065343, -20.59999999999999787 ) ) ;
#7899 = CARTESIAN_POINT ( 'NONE',  ( 0.6735500791061610482, -0.8781456608398205965, -20.40000000000000213 ) ) ;
#7900 = DIRECTION ( 'NONE',  ( 0.000000000000000000, 1.000000000000000000, 0.000000000000000000 ) ) ;
#7901 = CARTESIAN_POINT ( 'NONE',  ( -0.6781613180752364967, 0.6171738985007979572, -20.39999999999999503 ) ) ;
#7902 = DIRECTION ( 'NONE',  ( 0.000000000000000000, 0.000000000000000000, -1.000000000000000000 ) ) ;
#7903 = CARTESIAN_POINT ( 'NONE',  ( -5.069273152195719945, -0.2608566998008597371, -20.60000000000000497 ) ) ;
#7904 = EDGE_CURVE ( 'NONE', #4199, #5867, #4749, .T. ) ;
#7905 = STYLED_ITEM ( 'NONE', ( #113 ), #8154 ) ;
#7906 = CARTESIAN_POINT ( 'NONE',  ( 2.799999999999999822, -8.813878188659971968, -2.000000000000000000 ) ) ;
#7907 = EDGE_CURVE ( 'NONE', #579, #5420, #9799, .T. ) ;
#7908 = CARTESIAN_POINT ( 'NONE',  ( -0.2245560706809656137, 0.5534469561450112707, -20.39999999999999858 ) ) ;
#7909 = ORIENTED_EDGE ( 'NONE', *, *, #4308, .F. ) ;
#7910 = CARTESIAN_POINT ( 'NONE',  ( -6.041319870812509762, 0.1917956141880400034, -20.60000000000000142 ) ) ;
#7911 = VERTEX_POINT ( 'NONE', #5708 ) ;
#7912 = PLANE ( 'NONE',  #6860 ) ;
#7913 = CARTESIAN_POINT ( 'NONE',  ( 0.000000000000000000, 0.000000000000000000, -1.799999999999999600 ) ) ;
#7914 = ADVANCED_FACE ( 'NONE', ( #10414 ), #4803, .F. ) ;
#7915 = CARTESIAN_POINT ( 'NONE',  ( -5.187513696346457870, 0.4855796791425561754, -20.39999999999999858 ) ) ;
#7916 = COLOUR_RGB ( '',1.000000000000000000, 1.000000000000000000, 1.000000000000000000 ) ;
#7917 = FACE_OUTER_BOUND ( 'NONE', #746, .T. ) ;
#7918 = CARTESIAN_POINT ( 'NONE',  ( 2.600000000000000533, 3.999999999999998224, -18.59999999999999787 ) ) ;
#7919 = EDGE_LOOP ( 'NONE', ( #8335, #3514, #9710, #3216 ) ) ;
#7920 = CARTESIAN_POINT ( 'NONE',  ( 0.000000000000000000, 0.000000000000000000, -20.60000000000000142 ) ) ;
#7921 = CARTESIAN_POINT ( 'NONE',  ( 0.7841750940340092013, -0.1166265932603349348, -20.40000000000000213 ) ) ;
#7922 = CARTESIAN_POINT ( 'NONE',  ( 0.9855427739113558072, -0.01582829070995042664, -20.40000000000000213 ) ) ;
#7923 = CARTESIAN_POINT ( 'NONE',  ( 3.199999999999999734, -5.213878188659972324, -2.200000000000000178 ) ) ;
#7924 = ORIENTED_EDGE ( 'NONE', *, *, #9157, .F. ) ;
#7925 = DIRECTION ( 'NONE',  ( -0.000000000000000000, 1.000000000000000000, 0.000000000000000000 ) ) ;
#7926 = ORIENTED_EDGE ( 'NONE', *, *, #9098, .F. ) ;
#7927 = CARTESIAN_POINT ( 'NONE',  ( -0.8842178456495477512, -0.06043137393367140758, -20.39999999999999858 ) ) ;
#7928 = DIRECTION ( 'NONE',  ( 0.000000000000000000, -1.000000000000000000, 0.000000000000000000 ) ) ;
#7929 = PLANE ( 'NONE',  #3732 ) ;
#7930 = SURFACE_STYLE_FILL_AREA ( #2983 ) ;
#7931 = CARTESIAN_POINT ( 'NONE',  ( 3.000000000000000000, -9.013878188659973034, -8.799999999999998934 ) ) ;
#7932 = EDGE_LOOP ( 'NONE', ( #7086, #4682, #2216, #6821 ) ) ;
#7933 = VECTOR ( 'NONE', #10043, 1000.000000000000000 ) ;
#7934 = CARTESIAN_POINT ( 'NONE',  ( 4.754343142762718522, 0.4127276919653003473, -20.60000000000000853 ) ) ;
#7935 = FACE_OUTER_BOUND ( 'NONE', #4586, .T. ) ;
#7936 = CARTESIAN_POINT ( 'NONE',  ( 0.1273612772360779022, -0.2964229084222128052, -20.40000000000000213 ) ) ;
#7937 = PRESENTATION_LAYER_ASSIGNMENT (  '', '', ( #4677 ) ) ;
#7938 = PRESENTATION_LAYER_ASSIGNMENT (  '', '', ( #3972 ) ) ;
#7939 = EDGE_CURVE ( 'NONE', #5266, #9971, #3021, .T. ) ;
#7940 = EDGE_LOOP ( 'NONE', ( #8781, #6141, #8333 ) ) ;
#7941 = DIRECTION ( 'NONE',  ( 0.000000000000000000, -1.000000000000000000, 0.000000000000000000 ) ) ;
#7942 = VECTOR ( 'NONE', #9080, 1000.000000000000000 ) ;
#7943 = FILL_AREA_STYLE_COLOUR ( '', #6140 ) ;
#7944 = CARTESIAN_POINT ( 'NONE',  ( -3.904374472969180054, 0.1350724675536561781, -20.59999999999999787 ) ) ;
#7945 = SURFACE_SIDE_STYLE ('',( #1450 ) ) ;
#7946 = CARTESIAN_POINT ( 'NONE',  ( -3.400000000000000355, 1.599999999999998535, 0.000000000000000000 ) ) ;
#7947 =( NAMED_UNIT ( * ) PLANE_ANGLE_UNIT ( ) SI_UNIT ( $, .RADIAN. ) );
#7948 =( NAMED_UNIT ( * ) PLANE_ANGLE_UNIT ( ) SI_UNIT ( $, .RADIAN. ) );
#7949 =( GEOMETRIC_REPRESENTATION_CONTEXT ( 3 ) GLOBAL_UNCERTAINTY_ASSIGNED_CONTEXT ( ( #2645 ) ) GLOBAL_UNIT_ASSIGNED_CONTEXT ( ( #3146, #7189, #10424 ) ) REPRESENTATION_CONTEXT ( 'NONE', 'WORKASPACE' ) );
#7950 = ORIENTED_EDGE ( 'NONE', *, *, #5911, .T. ) ;
#7951 = CARTESIAN_POINT ( 'NONE',  ( -5.872081770006539969, 0.2268333742110245910, -20.40000000000000213 ) ) ;
#7952 = CARTESIAN_POINT ( 'NONE',  ( 0.000000000000000000, 0.000000000000000000, -8.799999999999998934 ) ) ;
#7953 = DIRECTION ( 'NONE',  ( -1.000000000000000000, -3.422125580184494708E-16, 0.000000000000000000 ) ) ;
#7954 = EDGE_LOOP ( 'NONE', ( #7980, #10237, #5210, #2305 ) ) ;
#7955 = EDGE_CURVE ( 'NONE', #5132, #1283, #2911, .T. ) ;
#7956 = CARTESIAN_POINT ( 'NONE',  ( 4.964096708873926289, -0.7669157757051496827, -20.40000000000000568 ) ) ;
#7957 = CARTESIAN_POINT ( 'NONE',  ( 5.156702439925135550, 0.6413348586406989460, -20.60000000000000142 ) ) ;
#7958 = AXIS2_PLACEMENT_3D ( 'NONE', #1278, #5361, #10113 ) ;
#7959 = DIRECTION ( 'NONE',  ( -0.000000000000000000, -0.000000000000000000, 1.000000000000000000 ) ) ;
#7960 = CARTESIAN_POINT ( 'NONE',  ( 3.199999999999999734, 4.813878188659972857, -20.60000000000000142 ) ) ;
#7961 = FILL_AREA_STYLE_COLOUR ( '', #5202 ) ;
#7962 = DIRECTION ( 'NONE',  ( -1.000000000000000000, -3.422125580184494708E-16, 0.000000000000000000 ) ) ;
#7963 = CARTESIAN_POINT ( 'NONE',  ( 0.000000000000000000, 0.000000000000000000, -18.59999999999999787 ) ) ;
#7964 = CARTESIAN_POINT ( 'NONE',  ( 0.04923182088670009782, 0.2019795457305459674, -20.40000000000000568 ) ) ;
#7965 = ORIENTED_EDGE ( 'NONE', *, *, #631, .F. ) ;
#7966 = COLOUR_RGB ( '',0.007843137254901960675, 0.2392156862745097867, 0.8235294117647058432 ) ;
#7967 = CARTESIAN_POINT ( 'NONE',  ( 5.021939961259967333, 0.6246930461076857233, -20.40000000000000213 ) ) ;
#7968 = VECTOR ( 'NONE', #4965, 1000.000000000000000 ) ;
#7969 = EDGE_LOOP ( 'NONE', ( #9471, #10480 ) ) ;
#7970 = EDGE_CURVE ( 'NONE', #5615, #9153, #8788, .T. ) ;
#7971 = CARTESIAN_POINT ( 'NONE',  ( -0.1367991617481795208, -0.5958970212638670105, -20.39999999999999503 ) ) ;
#7972 = EDGE_CURVE ( 'NONE', #9418, #5028, #9056, .T. ) ;
#7973 = CARTESIAN_POINT ( 'NONE',  ( 2.400000000000000355, 3.999999999999998224, -20.60000000000000142 ) ) ;
#7974 = SURFACE_STYLE_USAGE ( .BOTH. , #7016 ) ;
#7975 = CARTESIAN_POINT ( 'NONE',  ( -1.500000000000000000, 9.096720901134592197, -8.799999999999998934 ) ) ;
#7976 = ORIENTED_EDGE ( 'NONE', *, *, #5387, .T. ) ;
#7977 = DIRECTION ( 'NONE',  ( -0.000000000000000000, -1.000000000000000000, -0.000000000000000000 ) ) ;
#7978 = FACE_OUTER_BOUND ( 'NONE', #1314, .T. ) ;
#7979 = EDGE_CURVE ( 'NONE', #1074, #10036, #9345, .T. ) ;
#7980 = ORIENTED_EDGE ( 'NONE', *, *, #492, .T. ) ;
#7981 = ORIENTED_EDGE ( 'NONE', *, *, #3284, .T. ) ;
#7982 = SURFACE_STYLE_FILL_AREA ( #8038 ) ;
#7983 = CARTESIAN_POINT ( 'NONE',  ( 1.105774105080187031, 0.3926538521471922838, -20.40000000000000213 ) ) ;
#7984 = CARTESIAN_POINT ( 'NONE',  ( 0.000000000000000000, 0.000000000000000000, -8.799999999999998934 ) ) ;
#7985 =( NAMED_UNIT ( * ) SI_UNIT ( $, .STERADIAN. ) SOLID_ANGLE_UNIT ( ) );
#7986 = CARTESIAN_POINT ( 'NONE',  ( 3.199999999999999734, -5.213878188659972324, -2.200000000000000178 ) ) ;
#7987 = CARTESIAN_POINT ( 'NONE',  ( -9.799999999999997158, 0.000000000000000000, -2.000000000000000000 ) ) ;
#7988 = ORIENTED_EDGE ( 'NONE', *, *, #8966, .T. ) ;
#7989 = CARTESIAN_POINT ( 'NONE',  ( 4.869066006936983548, 0.5476112400182273632, -20.60000000000000853 ) ) ;
#7990 = EDGE_LOOP ( 'NONE', ( #6773, #5582, #5392, #785 ) ) ;
#7991 = B_SPLINE_CURVE_WITH_KNOTS ( 'NONE', 3,
 ( #8479, #4393, #7672, #3582, #1016, #8535, #1169, #7782, #4440, #377, #3638 ),
 .UNSPECIFIED., .F., .F.,
 ( 4, 1, 1, 1, 1, 1, 1, 1, 4 ),
 ( 0.000000000000000000, 0.1376898960779014969, 0.2703472686760570731, 0.3984851857688636034, 0.5233538608675942783, 0.6449881229334322175, 0.7646871457456997367, 0.8826050126123293760, 1.000000000000000000 ),
 .UNSPECIFIED. ) ;
#7992 = CARTESIAN_POINT ( 'NONE',  ( 1.600000000000000089, 3.199999999999998401, -8.799999999999998934 ) ) ;
#7993 = CARTESIAN_POINT ( 'NONE',  ( 5.658041306947525939, 0.3427806668329123618, -20.59999999999999787 ) ) ;
#7994 = EDGE_CURVE ( 'NONE', #2703, #8218, #3782, .T. ) ;
#7995 = SURFACE_SIDE_STYLE ('',( #484 ) ) ;
#7996 = DIRECTION ( 'NONE',  ( 0.000000000000000000, -1.000000000000000000, 0.000000000000000000 ) ) ;
#7997 = CARTESIAN_POINT ( 'NONE',  ( 1.500000000000000000, -9.213878188659972324, -8.799999999999998934 ) ) ;
#7998 = CARTESIAN_POINT ( 'NONE',  ( -3.887353509338574487, 0.03713437162771186795, -20.40000000000000213 ) ) ;
#7999 = SURFACE_STYLE_FILL_AREA ( #7263 ) ;
#8000 = STYLED_ITEM ( 'NONE', ( #1290 ), #580 ) ;
#8001 = SURFACE_STYLE_USAGE ( .BOTH. , #10330 ) ;
#8002 = VERTEX_POINT ( 'NONE', #6623 ) ;
#8003 = CARTESIAN_POINT ( 'NONE',  ( 3.000000000000000000, 8.813878188659971968, -20.60000000000000142 ) ) ;
#8004 = CARTESIAN_POINT ( 'NONE',  ( 3.000000000000000000, 9.013878188659973034, -2.200000000000000622 ) ) ;
#8005 = ORIENTED_EDGE ( 'NONE', *, *, #4967, .T. ) ;
#8006 = CARTESIAN_POINT ( 'NONE',  ( 4.797112497970969613, -0.5504493902215693568, -20.40000000000000213 ) ) ;
#8007 = CARTESIAN_POINT ( 'NONE',  ( 5.543433486683485789, 0.4855796791425562309, -20.59999999999999787 ) ) ;
#8008 =( GEOMETRIC_REPRESENTATION_CONTEXT ( 3 ) GLOBAL_UNCERTAINTY_ASSIGNED_CONTEXT ( ( #3629 ) ) GLOBAL_UNIT_ASSIGNED_CONTEXT ( ( #4636, #5657, #10410 ) ) REPRESENTATION_CONTEXT ( 'NONE', 'WORKASPACE' ) );
#8009 = AXIS2_PLACEMENT_3D ( 'NONE', #3011, #7279, #677 ) ;
#8010 =( NAMED_UNIT ( * ) SI_UNIT ( $, .STERADIAN. ) SOLID_ANGLE_UNIT ( ) );
#8011 = B_SPLINE_CURVE_WITH_KNOTS ( 'NONE', 3,
 ( #7400, #53, #9074, #4972, #649, #3911, #6372, #2293, #8866, #2604, #1804 ),
 .UNSPECIFIED., .F., .F.,
 ( 4, 1, 1, 1, 1, 1, 1, 1, 4 ),
 ( 0.000000000000000000, 0.1205930384578621506, 0.2411393832574634799, 0.3617290870536214453, 0.4838562937925872665, 0.6083316884723446449, 0.7354918421289449171, 0.8655566908362638534, 1.000000000000000000 ),
 .UNSPECIFIED. ) ;
#8012 = CARTESIAN_POINT ( 'NONE',  ( -7.869140320336472705, 4.813878188659971080, -20.40000000000000213 ) ) ;
#8013 = CARTESIAN_POINT ( 'NONE',  ( -5.468906486293062308, -0.8963454170541661492, -20.60000000000000497 ) ) ;
#8014 =( NAMED_UNIT ( * ) SI_UNIT ( $, .STERADIAN. ) SOLID_ANGLE_UNIT ( ) );
#8015 = DIRECTION ( 'NONE',  ( -1.000000000000000000, 0.000000000000000000, 0.000000000000000000 ) ) ;
#8016 = CARTESIAN_POINT ( 'NONE',  ( -0.5012316192608409215, 0.6405814236070053180, -20.60000000000000497 ) ) ;
#8017 = ORIENTED_EDGE ( 'NONE', *, *, #3035, .T. ) ;
#8018 = EDGE_CURVE ( 'NONE', #2828, #4038, #7383, .T. ) ;
#8019 = ORIENTED_EDGE ( 'NONE', *, *, #3963, .F. ) ;
#8020 = SURFACE_SIDE_STYLE ('',( #10468 ) ) ;
#8021 = FILL_AREA_STYLE_COLOUR ( '', #7725 ) ;
#8022 = VECTOR ( 'NONE', #6963, 1000.000000000000000 ) ;
#8023 = VECTOR ( 'NONE', #5155, 1000.000000000000000 ) ;
#8024 = CARTESIAN_POINT ( 'NONE',  ( 2.799999999999999378, -5.213878188659972324, -20.60000000000000142 ) ) ;
#8025 = SURFACE_STYLE_FILL_AREA ( #2271 ) ;
#8026 = ADVANCED_FACE ( 'NONE', ( #5011 ), #335, .F. ) ;
#8027 = EDGE_CURVE ( 'NONE', #101, #4970, #2727, .T. ) ;
#8028 = CARTESIAN_POINT ( 'NONE',  ( -4.378236695741902551, -0.4910329885073128620, -20.59999999999999787 ) ) ;
#8029 = EDGE_LOOP ( 'NONE', ( #3064, #86, #2618, #5261 ) ) ;
#8030 = PRESENTATION_LAYER_ASSIGNMENT (  '', '', ( #3556 ) ) ;
#8031 = VECTOR ( 'NONE', #1348, 1000.000000000000000 ) ;
#8032 = COLOUR_RGB ( '',1.000000000000000000, 1.000000000000000000, 1.000000000000000000 ) ;
#8033 = LINE ( 'NONE', #7289, #8395 ) ;
#8034 = VERTEX_POINT ( 'NONE', #6876 ) ;
#8035 = VERTEX_POINT ( 'NONE', #3648 ) ;
#8036 = CARTESIAN_POINT ( 'NONE',  ( -5.531704316004638855, -0.7106669225390469524, -20.39999999999999147 ) ) ;
#8037 = EDGE_LOOP ( 'NONE', ( #6545, #6440, #7439, #7557, #7712, #3864 ) ) ;
#8038 = FILL_AREA_STYLE ('',( #4703 ) ) ;
#8039 = VECTOR ( 'NONE', #10607, 1000.000000000000000 ) ;
#8040 = UNCERTAINTY_MEASURE_WITH_UNIT (LENGTH_MEASURE( 1.000000000000000082E-05 ), #368, 'distance_accuracy_value', 'NONE');
#8041 = CARTESIAN_POINT ( 'NONE',  ( 5.309318791969034557, -0.7219590972643672444, -20.40000000000000213 ) ) ;
#8042 = SURFACE_STYLE_FILL_AREA ( #2982 ) ;
#8043 = PLANE ( 'NONE',  #1321 ) ;
#8044 = DIRECTION ( 'NONE',  ( -0.9922778767136675171, -0.1240347345892091335, 0.000000000000000000 ) ) ;
#8045 = FACE_OUTER_BOUND ( 'NONE', #574, .T. ) ;
#8046 = EDGE_CURVE ( 'NONE', #400, #3635, #3274, .T. ) ;
#8047 = ORIENTED_EDGE ( 'NONE', *, *, #9830, .F. ) ;
#8048 = ADVANCED_FACE ( 'NONE', ( #386 ), #6936, .F. ) ;
#8049 = ORIENTED_EDGE ( 'NONE', *, *, #819, .T. ) ;
#8050 = CARTESIAN_POINT ( 'NONE',  ( 4.805450049133005663, 0.4868496915272264580, -20.60000000000000497 ) ) ;
#8051 = CARTESIAN_POINT ( 'NONE',  ( -0.05077958471667796958, -0.7553163571010336197, -20.39999999999999858 ) ) ;
#8052 = COLOUR_RGB ( '',0.6941176470588235059, 0.09803921568627450844, 0.09803921568627450844 ) ;
#8053 = CARTESIAN_POINT ( 'NONE',  ( -0.8926733166850231438, -0.5813520114808786721, -20.59999999999999787 ) ) ;
#8054 = ORIENTED_EDGE ( 'NONE', *, *, #10290, .T. ) ;
#8055 = DIRECTION ( 'NONE',  ( -1.000000000000000000, 3.422125580184494708E-16, 0.000000000000000000 ) ) ;
#8056 =( LENGTH_UNIT ( ) NAMED_UNIT ( * ) SI_UNIT ( .MILLI., .METRE. ) );
#8057 = CARTESIAN_POINT ( 'NONE',  ( 1.700000000000000178, -9.013878188659973034, -9.000000000000000000 ) ) ;
#8058 =( NAMED_UNIT ( * ) SI_UNIT ( $, .STERADIAN. ) SOLID_ANGLE_UNIT ( ) );
#8059 = DIRECTION ( 'NONE',  ( -0.000000000000000000, -0.000000000000000000, -1.000000000000000000 ) ) ;
#8060 = CARTESIAN_POINT ( 'NONE',  ( 5.111357988132540164, -0.6741165817585940134, -20.60000000000000142 ) ) ;
#8061 = COLOUR_RGB ( '',0.2862745098039215508, 0.6627450980392156632, 0.3294117647058823484 ) ;
#8062 = EDGE_CURVE ( 'NONE', #6051, #5443, #355, .T. ) ;
#8063 = VERTEX_POINT ( 'NONE', #3697 ) ;
#8064 = SURFACE_STYLE_FILL_AREA ( #1711 ) ;
#8065 = DIRECTION ( 'NONE',  ( 1.000000000000000000, 0.000000000000000000, 0.000000000000000000 ) ) ;
#8066 = CARTESIAN_POINT ( 'NONE',  ( -0.2000294663483845048, 0.2995126183809586617, -20.60000000000000142 ) ) ;
#8067 = VERTEX_POINT ( 'NONE', #2027 ) ;
#8068 = CARTESIAN_POINT ( 'NONE',  ( 5.003682562064584616, -0.7978038327330175816, -20.60000000000000142 ) ) ;
#8069 = CARTESIAN_POINT ( 'NONE',  ( 5.595827031504922999, 0.4292348702572857944, -20.60000000000000853 ) ) ;
#8070 = VECTOR ( 'NONE', #10170, 1000.000000000000000 ) ;
#8071 = FACE_OUTER_BOUND ( 'NONE', #9988, .T. ) ;
#8072 = FACE_OUTER_BOUND ( 'NONE', #4213, .T. ) ;
#8073 = CARTESIAN_POINT ( 'NONE',  ( -0.6284765464451526062, 0.6314911320144278584, -20.40000000000000568 ) ) ;
#8074 = LINE ( 'NONE', #2368, #3154 ) ;
#8075 = ORIENTED_EDGE ( 'NONE', *, *, #8473, .F. ) ;
#8076 = VECTOR ( 'NONE', #8256, 1000.000000000000000 ) ;
#8077 = ORIENTED_EDGE ( 'NONE', *, *, #1343, .F. ) ;
#8078 = LINE ( 'NONE', #2151, #2427 ) ;
#8079 = EDGE_CURVE ( 'NONE', #9445, #2689, #6384, .T. ) ;
#8080 = COLOUR_RGB ( '',1.000000000000000000, 1.000000000000000000, 1.000000000000000000 ) ;
#8081 = PLANE ( 'NONE',  #5589 ) ;
#8082 = CARTESIAN_POINT ( 'NONE',  ( -3.893185852929029522, 0.07069349544887802705, -20.39999999999999858 ) ) ;
#8083 =( NAMED_UNIT ( * ) SI_UNIT ( $, .STERADIAN. ) SOLID_ANGLE_UNIT ( ) );
#8084 = DIRECTION ( 'NONE',  ( -1.000000000000000000, 0.000000000000000000, 0.000000000000000000 ) ) ;
#8085 = VERTEX_POINT ( 'NONE', #8713 ) ;
#8086 = AXIS2_PLACEMENT_3D ( 'NONE', #410, #5128, #7601 ) ;
#8087 = CARTESIAN_POINT ( 'NONE',  ( -0.8844924785162914249, 0.007921573735645502309, -20.60000000000000497 ) ) ;
#8088 = CARTESIAN_POINT ( 'NONE',  ( 0.8398476343436135361, 0.03642325222388204803, -20.60000000000000497 ) ) ;
#8089 = VERTEX_POINT ( 'NONE', #546 ) ;
#8090 =( LENGTH_UNIT ( ) NAMED_UNIT ( * ) SI_UNIT ( .MILLI., .METRE. ) );
#8091 = CARTESIAN_POINT ( 'NONE',  ( -5.396207201680334187, -0.7212845720334762900, -20.60000000000000497 ) ) ;
#8092 = CARTESIAN_POINT ( 'NONE',  ( -0.4077370175037144939, -0.7221052326611676619, -20.60000000000000497 ) ) ;
#8093 = EDGE_CURVE ( 'NONE', #7133, #7097, #7098, .T. ) ;
#8094 = ORIENTED_EDGE ( 'NONE', *, *, #7330, .F. ) ;
#8095 = VECTOR ( 'NONE', #4099, 1000.000000000000000 ) ;
#8096 = DIRECTION ( 'NONE',  ( 1.000000000000000000, 0.000000000000000000, 0.000000000000000000 ) ) ;
#8097 = CARTESIAN_POINT ( 'NONE',  ( 5.661674030834227267, -0.2608566998008596260, -20.40000000000000568 ) ) ;
#8098 = FACE_BOUND ( 'NONE', #8563, .T. ) ;
#8099 = CARTESIAN_POINT ( 'NONE',  ( -3.199999999999999734, 5.013878188659972146, -20.60000000000000142 ) ) ;
#8100 = DIRECTION ( 'NONE',  ( 0.000000000000000000, 0.000000000000000000, -1.000000000000000000 ) ) ;
#8101 = DIRECTION ( 'NONE',  ( 1.000000000000000000, 1.084202172485504804E-16, 0.000000000000000000 ) ) ;
#8102 = ORIENTED_EDGE ( 'NONE', *, *, #5016, .T. ) ;
#8103 = ORIENTED_EDGE ( 'NONE', *, *, #1972, .F. ) ;
#8104 = CARTESIAN_POINT ( 'NONE',  ( 4.689627312217434785, 0.1917956141880401422, -20.60000000000000497 ) ) ;
#8105 = CARTESIAN_POINT ( 'NONE',  ( 5.794433330450069697, 0.0007362267868383628924, -20.59999999999999787 ) ) ;
#8106 = CARTESIAN_POINT ( 'NONE',  ( -4.310377690170786202, -0.2679127727811389525, -20.60000000000000497 ) ) ;
#8107 = ADVANCED_FACE ( 'NONE', ( #4555 ), #7891, .T. ) ;
#8108 = EDGE_CURVE ( 'NONE', #9372, #285, #2463, .T. ) ;
#8109 = ORIENTED_EDGE ( 'NONE', *, *, #415, .T. ) ;
#8110 = CARTESIAN_POINT ( 'NONE',  ( 0.000000000000000000, 9.213878188659972324, -2.000000000000000000 ) ) ;
#8111 = LINE ( 'NONE', #8317, #4161 ) ;
#8112 = SURFACE_STYLE_USAGE ( .BOTH. , #4825 ) ;
#8113 = CARTESIAN_POINT ( 'NONE',  ( -5.750198708762534139, 0.6113100570507272735, -20.40000000000000568 ) ) ;
#8114 =( NAMED_UNIT ( * ) SI_UNIT ( $, .STERADIAN. ) SOLID_ANGLE_UNIT ( ) );
#8115 = VECTOR ( 'NONE', #8330, 1000.000000000000000 ) ;
#8116 = ORIENTED_EDGE ( 'NONE', *, *, #5838, .T. ) ;
#8117 = CARTESIAN_POINT ( 'NONE',  ( 1.154171020664602754, 0.03713437162771186795, -20.40000000000000213 ) ) ;
#8118 = CARTESIAN_POINT ( 'NONE',  ( -5.848493931416497205, -0.3521716348657946694, -20.40000000000000213 ) ) ;
#8119 = PRESENTATION_STYLE_ASSIGNMENT (( #6548 ) ) ;
#8120 = EDGE_LOOP ( 'NONE', ( #7791, #1943, #1575, #8681 ) ) ;
#8121 = PRESENTATION_STYLE_ASSIGNMENT (( #6276 ) ) ;
#8122 = EDGE_CURVE ( 'NONE', #9283, #6753, #1661, .T. ) ;
#8123 =( LENGTH_UNIT ( ) NAMED_UNIT ( * ) SI_UNIT ( .MILLI., .METRE. ) );
#8124 = CARTESIAN_POINT ( 'NONE',  ( -4.487652461702019480, 3.199999999999997957, -8.799999999999998934 ) ) ;
#8125 = CIRCLE ( 'NONE', #5707, 0.2000000000000000944 ) ;
#8126 = DIRECTION ( 'NONE',  ( 1.000000000000000000, -3.422125580184494708E-16, 0.000000000000000000 ) ) ;
#8127 = CARTESIAN_POINT ( 'NONE',  ( -5.727264620965359931, -0.7978038327330176926, -20.40000000000000213 ) ) ;
#8128 = ORIENTED_EDGE ( 'NONE', *, *, #8027, .T. ) ;
#8129 = CARTESIAN_POINT ( 'NONE',  ( 0.000000000000000000, -6.799999999999997158, -8.799999999999998934 ) ) ;
#8130 = PRESENTATION_LAYER_ASSIGNMENT (  '', '', ( #8291 ) ) ;
#8131 = ORIENTED_EDGE ( 'NONE', *, *, #7558, .F. ) ;
#8132 = CARTESIAN_POINT ( 'NONE',  ( -0.04251171747521963890, -0.4031157413256474809, -20.60000000000000142 ) ) ;
#8133 = CARTESIAN_POINT ( 'NONE',  ( -5.933834685058972269, -0.5504493902215692458, -20.39999999999999147 ) ) ;
#8134 = MECHANICAL_DESIGN_GEOMETRIC_PRESENTATION_REPRESENTATION (  '', ( #767 ), #2627 ) ;
#8135 = CARTESIAN_POINT ( 'NONE',  ( -4.336808689942017736E-16, 2.399999999999998579, -8.799999999999998934 ) ) ;
#8136 = ORIENTED_EDGE ( 'NONE', *, *, #6628, .T. ) ;
#8137 = CARTESIAN_POINT ( 'NONE',  ( -0.8702614796089305216, 0.1422854179071438852, -20.59999999999999432 ) ) ;
#8138 = EDGE_LOOP ( 'NONE', ( #5884, #5380, #858, #7731 ) ) ;
#8139 = CARTESIAN_POINT ( 'NONE',  ( 4.689627312217434785, 0.1917956141880401422, -20.40000000000000213 ) ) ;
#8140 = PRESENTATION_LAYER_ASSIGNMENT (  '', '', ( #2800 ) ) ;
#8141 = CARTESIAN_POINT ( 'NONE',  ( -5.074939459459170799, -0.3674315766491686452, -20.60000000000001208 ) ) ;
#8142 = PRESENTATION_STYLE_ASSIGNMENT (( #892 ) ) ;
#8143 = ORIENTED_EDGE ( 'NONE', *, *, #5415, .T. ) ;
#8144 = COLOUR_RGB ( '',0.6941176470588235059, 0.09803921568627450844, 0.09803921568627450844 ) ;
#8145 = CARTESIAN_POINT ( 'NONE',  ( 0.000000000000000000, 0.000000000000000000, 0.000000000000000000 ) ) ;
#8146 = UNCERTAINTY_MEASURE_WITH_UNIT (LENGTH_MEASURE( 1.000000000000000082E-05 ), #1743, 'distance_accuracy_value', 'NONE');
#8147 = CARTESIAN_POINT ( 'NONE',  ( 5.532015884582535570, -0.6335162293338469919, -20.39999999999999503 ) ) ;
#8148 = CARTESIAN_POINT ( 'NONE',  ( 0.000000000000000000, 0.000000000000000000, 6.713295847694284113 ) ) ;
#8149 = CARTESIAN_POINT ( 'NONE',  ( -0.8929332996544084855, 0.4646790383024534399, -20.39999999999999858 ) ) ;
#8150 = ORIENTED_EDGE ( 'NONE', *, *, #4660, .F. ) ;
#8151 =( GEOMETRIC_REPRESENTATION_CONTEXT ( 3 ) GLOBAL_UNCERTAINTY_ASSIGNED_CONTEXT ( ( #10298 ) ) GLOBAL_UNIT_ASSIGNED_CONTEXT ( ( #6474, #2601, #896 ) ) REPRESENTATION_CONTEXT ( 'NONE', 'WORKASPACE' ) );
#8152 = EDGE_LOOP ( 'NONE', ( #1917, #8587 ) ) ;
#8153 = CARTESIAN_POINT ( 'NONE',  ( 1.051593910274992050, 0.6218543391601795145, -20.60000000000000142 ) ) ;
#8154 = ADVANCED_FACE ( 'NONE', ( #64 ), #4175, .T. ) ;
#8155 = FACE_OUTER_BOUND ( 'NONE', #10391, .T. ) ;
#8156 = CARTESIAN_POINT ( 'NONE',  ( -0.9195089211874521995, -0.5347598319746195150, -20.60000000000000497 ) ) ;
#8157 = CARTESIAN_POINT ( 'NONE',  ( -3.935750424922990209, 0.3926538521471922838, -20.60000000000000142 ) ) ;
#8158 = PRESENTATION_STYLE_ASSIGNMENT (( #2609 ) ) ;
#8159 = CARTESIAN_POINT ( 'NONE',  ( 0.6141367561464236013, -0.5856853274837435785, -20.59999999999999787 ) ) ;
#8160 = FACE_OUTER_BOUND ( 'NONE', #3152, .T. ) ;
#8161 = FILL_AREA_STYLE_COLOUR ( '', #10251 ) ;
#8162 = CARTESIAN_POINT ( 'NONE',  ( 0.000000000000000000, 0.000000000000000000, -8.799999999999998934 ) ) ;
#8163 = SURFACE_STYLE_FILL_AREA ( #9187 ) ;
#8164 = CARTESIAN_POINT ( 'NONE',  ( 5.139326227433437921, -0.6893738113348040208, -20.40000000000000213 ) ) ;
#8165 = ORIENTED_EDGE ( 'NONE', *, *, #9618, .F. ) ;
#8166 = EDGE_CURVE ( 'NONE', #320, #6485, #7121, .T. ) ;
#8167 = EDGE_CURVE ( 'NONE', #1014, #579, #10435, .T. ) ;
#8168 = DIRECTION ( 'NONE',  ( 0.9849873305000514945, 0.1726266455515552689, -0.000000000000000000 ) ) ;
#8169 = FACE_OUTER_BOUND ( 'NONE', #7856, .T. ) ;
#8170 = CARTESIAN_POINT ( 'NONE',  ( -0.1232558407599520650, 0.1881299603602062387, -20.60000000000000142 ) ) ;
#8171 = EDGE_LOOP ( 'NONE', ( #6557, #4711, #7112, #1498 ) ) ;
#8172 = CARTESIAN_POINT ( 'NONE',  ( 5.193378362010697025, 0.6404690672067865354, -20.40000000000000568 ) ) ;
#8173 = PRESENTATION_STYLE_ASSIGNMENT (( #6224 ) ) ;
#8174 = CARTESIAN_POINT ( 'NONE',  ( 0.7164372882113215768, -0.3134729148494545536, -20.40000000000000568 ) ) ;
#8175 = CARTESIAN_POINT ( 'NONE',  ( 2.799999999999999378, 5.213878188659972324, -20.40000000000000213 ) ) ;
#8176 = CARTESIAN_POINT ( 'NONE',  ( 6.599999999999999645, 1.599999999999998757, -2.000000000000000000 ) ) ;
#8177 = DIRECTION ( 'NONE',  ( 1.000000000000000000, 0.000000000000000000, 0.000000000000000000 ) ) ;
#8178 = VERTEX_POINT ( 'NONE', #9604 ) ;
#8179 =( NAMED_UNIT ( * ) SI_UNIT ( $, .STERADIAN. ) SOLID_ANGLE_UNIT ( ) );
#8180 = EDGE_LOOP ( 'NONE', ( #427, #9888, #2225, #9740 ) ) ;
#8181 = CARTESIAN_POINT ( 'NONE',  ( -5.422966334013901601, -0.8976261803203402501, -20.40000000000000213 ) ) ;
#8182 = CARTESIAN_POINT ( 'NONE',  ( -0.08878360448480837608, -0.5270127867887282047, -20.60000000000000142 ) ) ;
#8183 = CARTESIAN_POINT ( 'NONE',  ( -1.700000000000000178, -9.013878188659973034, -2.200000000000000622 ) ) ;
#8184 = CIRCLE ( 'NONE', #7328, 0.4000000000000001887 ) ;
#8185 = CARTESIAN_POINT ( 'NONE',  ( -5.983764197451996836, -0.4347845258531026769, -20.39999999999999858 ) ) ;
#8186 = B_SPLINE_CURVE_WITH_KNOTS ( 'NONE', 3,
 ( #5904, #3689, #6927, #278, #5304, #8595, #9192, #8429, #8481, #1114, #6867 ),
 .UNSPECIFIED., .F., .F.,
 ( 4, 1, 1, 1, 1, 1, 1, 1, 4 ),
 ( 0.000000000000000000, 0.1376898960779014969, 0.2703472686760570731, 0.3984851857688636034, 0.5233538608675942783, 0.6449881229334322175, 0.7646871457456997367, 0.8826050126123293760, 1.000000000000000000 ),
 .UNSPECIFIED. ) ;
#8187 = AXIS2_PLACEMENT_3D ( 'NONE', #8129, #7481, #5000 ) ;
#8188 = DIRECTION ( 'NONE',  ( 0.000000000000000000, 0.000000000000000000, -1.000000000000000000 ) ) ;
#8189 = ADVANCED_FACE ( 'NONE', ( #5410 ), #9390, .F. ) ;
#8190 = ORIENTED_EDGE ( 'NONE', *, *, #1057, .F. ) ;
#8191 = EDGE_LOOP ( 'NONE', ( #1902, #9662 ) ) ;
#8192 = CARTESIAN_POINT ( 'NONE',  ( -5.010139925855979115, 0.2298173490877513381, -20.60000000000000142 ) ) ;
#8193 = AXIS2_PLACEMENT_3D ( 'NONE', #7075, #5290, #2163 ) ;
#8194 = AXIS2_PLACEMENT_3D ( 'NONE', #8768, #10279, #2890 ) ;
#8195 = CARTESIAN_POINT ( 'NONE',  ( -5.591620955596504849, -0.6893738113348041319, -20.39999999999999858 ) ) ;
#8196 = CARTESIAN_POINT ( 'NONE',  ( -5.742839425908534245, 0.4225712336686434090, -20.60000000000001208 ) ) ;
#8197 = CARTESIAN_POINT ( 'NONE',  ( -0.5029609884875615444, 0.4654400270002057027, -20.40000000000000213 ) ) ;
#8198 = LINE ( 'NONE', #6692, #3333 ) ;
#8199 = PLANE ( 'NONE',  #2424 ) ;
#8200 = DIRECTION ( 'NONE',  ( 3.870765560947929611E-12, 3.960565612982449707E-12, 1.000000000000000000 ) ) ;
#8201 = CARTESIAN_POINT ( 'NONE',  ( -0.5407647312087940916, 0.6408183495561071696, -20.40000000000000213 ) ) ;
#8202 = AXIS2_PLACEMENT_3D ( 'NONE', #9598, #7819, #1378 ) ;
#8203 = VECTOR ( 'NONE', #977, 1000.000000000000000 ) ;
#8204 = PRESENTATION_LAYER_ASSIGNMENT (  '', '', ( #1845 ) ) ;
#8205 = CARTESIAN_POINT ( 'NONE',  ( 4.904240739418622930, 0.5727900671557801804, -20.60000000000000142 ) ) ;
#8206 = ORIENTED_EDGE ( 'NONE', *, *, #2122, .T. ) ;
#8207 = CARTESIAN_POINT ( 'NONE',  ( -4.216339857261896640, -0.003025269870173122929, -20.59999999999999787 ) ) ;
#8208 = PRESENTATION_LAYER_ASSIGNMENT (  '', '', ( #3047 ) ) ;
#8209 = VERTEX_POINT ( 'NONE', #8807 ) ;
#8210 = CARTESIAN_POINT ( 'NONE',  ( 0.1278488674430453276, -0.2649218014728412229, -20.59999999999999432 ) ) ;
#8211 = CARTESIAN_POINT ( 'NONE',  ( 1.098003943187790599, 0.3622782971212067937, -20.40000000000000213 ) ) ;
#8212 = EDGE_CURVE ( 'NONE', #5028, #8743, #2930, .T. ) ;
#8213 = DIRECTION ( 'NONE',  ( -1.000000000000000000, 0.000000000000000000, 0.000000000000000000 ) ) ;
#8214 = PLANE ( 'NONE',  #5779 ) ;
#8215 = CARTESIAN_POINT ( 'NONE',  ( -0.8747460899430485881, -0.1589769141536114261, -20.60000000000000142 ) ) ;
#8216 = DIRECTION ( 'NONE',  ( 0.000000000000000000, -1.000000000000000000, 0.000000000000000000 ) ) ;
#8217 = SURFACE_STYLE_USAGE ( .BOTH. , #10614 ) ;
#8218 = VERTEX_POINT ( 'NONE', #480 ) ;
#8219 = VECTOR ( 'NONE', #5312, 1000.000000000000000 ) ;
#8220 = DIRECTION ( 'NONE',  ( 0.000000000000000000, -0.000000000000000000, -1.000000000000000000 ) ) ;
#8221 = CARTESIAN_POINT ( 'NONE',  ( -0.02774862219254034881, -0.2562909530476126796, -20.40000000000000213 ) ) ;
#8222 = ORIENTED_EDGE ( 'NONE', *, *, #5387, .F. ) ;
#8223 = DIRECTION ( 'NONE',  ( 0.000000000000000000, 0.000000000000000000, -1.000000000000000000 ) ) ;
#8224 = CARTESIAN_POINT ( 'NONE',  ( 3.400000000000000355, 3.199999999999998401, -8.799999999999998934 ) ) ;
#8225 = CARTESIAN_POINT ( 'NONE',  ( -4.475421691156756587, -0.2572041023982621910, -20.40000000000000213 ) ) ;
#8226 = PRESENTATION_STYLE_ASSIGNMENT (( #816 ) ) ;
#8227 = ADVANCED_FACE ( 'NONE', ( #7935 ), #5462, .T. ) ;
#8228 =( GEOMETRIC_REPRESENTATION_CONTEXT ( 3 ) GLOBAL_UNCERTAINTY_ASSIGNED_CONTEXT ( ( #2850 ) ) GLOBAL_UNIT_ASSIGNED_CONTEXT ( ( #9458, #10224, #2831 ) ) REPRESENTATION_CONTEXT ( 'NONE', 'WORKASPACE' ) );
#8229 = CARTESIAN_POINT ( 'NONE',  ( 5.816050465296418004, -0.1696674579620506274, -20.40000000000000213 ) ) ;
#8230 = DIRECTION ( 'NONE',  ( 0.000000000000000000, 0.000000000000000000, 1.000000000000000000 ) ) ;
#8231 = VERTEX_POINT ( 'NONE', #5677 ) ;
#8232 = SURFACE_STYLE_USAGE ( .BOTH. , #1778 ) ;
#8233 = VERTEX_POINT ( 'NONE', #2347 ) ;
#8234 = CARTESIAN_POINT ( 'NONE',  ( -5.404371658741352391, -0.8972021658161308810, -20.39999999999999858 ) ) ;
#8235 = CARTESIAN_POINT ( 'NONE',  ( 0.6294349029147542351, -0.6226459935238828347, -20.59999999999999787 ) ) ;
#8236 = ADVANCED_FACE ( 'NONE', ( #4820 ), #9818, .F. ) ;
#8237 = EDGE_CURVE ( 'NONE', #5860, #3419, #5726, .T. ) ;
#8238 = COLOUR_RGB ( '',1.000000000000000000, 1.000000000000000000, 1.000000000000000000 ) ;
#8239 = FACE_OUTER_BOUND ( 'NONE', #6575, .T. ) ;
#8240 = DIRECTION ( 'NONE',  ( -1.000000000000000000, 0.000000000000000000, 0.000000000000000000 ) ) ;
#8241 = ORIENTED_EDGE ( 'NONE', *, *, #697, .T. ) ;
#8242 = EDGE_LOOP ( 'NONE', ( #5085, #2262, #3191, #8241 ) ) ;
#8243 = CARTESIAN_POINT ( 'NONE',  ( -4.923453647268900113, -0.08275624155219758749, -20.40000000000000568 ) ) ;
#8244 = VECTOR ( 'NONE', #6641, 1000.000000000000000 ) ;
#8245 = CARTESIAN_POINT ( 'NONE',  ( -5.500182337965475732, -0.7171791466795186532, -20.60000000000000497 ) ) ;
#8246 = CARTESIAN_POINT ( 'NONE',  ( -0.6505565864050685265, -0.6202176644286487850, -20.40000000000000568 ) ) ;
#8247 = EDGE_CURVE ( 'NONE', #44, #9342, #8011, .T. ) ;
#8248 = DIRECTION ( 'NONE',  ( 0.000000000000000000, 0.000000000000000000, -1.000000000000000000 ) ) ;
#8249 = UNCERTAINTY_MEASURE_WITH_UNIT (LENGTH_MEASURE( 1.000000000000000082E-05 ), #9430, 'distance_accuracy_value', 'NONE');
#8250 = LINE ( 'NONE', #4098, #7968 ) ;
#8251 = PRESENTATION_STYLE_ASSIGNMENT (( #790 ) ) ;
#8252 = DIRECTION ( 'NONE',  ( 0.000000000000000000, -0.000000000000000000, -1.000000000000000000 ) ) ;
#8253 = FILL_AREA_STYLE ('',( #4101 ) ) ;
#8254 = CARTESIAN_POINT ( 'NONE',  ( -0.5763242777639629999, 0.6398029995973137929, -20.40000000000000568 ) ) ;
#8255 = VECTOR ( 'NONE', #5393, 1000.000000000000000 ) ;
#8256 = DIRECTION ( 'NONE',  ( 1.000000000000000000, 0.000000000000000000, 0.000000000000000000 ) ) ;
#8257 = VERTEX_POINT ( 'NONE', #7456 ) ;
#8258 = CARTESIAN_POINT ( 'NONE',  ( -1.003200742533592038, -0.3240452820170604542, -20.60000000000000497 ) ) ;
#8259 = ORIENTED_EDGE ( 'NONE', *, *, #6136, .T. ) ;
#8260 = CARTESIAN_POINT ( 'NONE',  ( 0.03735037229730935743, -0.6316207508396831649, -20.60000000000000497 ) ) ;
#8261 = DIRECTION ( 'NONE',  ( -0.000000000000000000, -0.000000000000000000, -1.000000000000000000 ) ) ;
#8262 = LINE ( 'NONE', #7514, #235 ) ;
#8263 = SURFACE_STYLE_FILL_AREA ( #4327 ) ;
#8264 = LINE ( 'NONE', #2505, #5771 ) ;
#8265 =( LENGTH_UNIT ( ) NAMED_UNIT ( * ) SI_UNIT ( .MILLI., .METRE. ) );
#8266 = FILL_AREA_STYLE_COLOUR ( '', #10101 ) ;
#8267 = EDGE_LOOP ( 'NONE', ( #1178, #8094, #7833, #3756, #730, #6986 ) ) ;
#8268 = SURFACE_STYLE_USAGE ( .BOTH. , #4786 ) ;
#8269 =( LENGTH_UNIT ( ) NAMED_UNIT ( * ) SI_UNIT ( .MILLI., .METRE. ) );
#8270 = EDGE_CURVE ( 'NONE', #360, #832, #8405, .T. ) ;
#8271 = CARTESIAN_POINT ( 'NONE',  ( -0.1861425914324525421, 0.2819350179215769359, -20.39999999999999858 ) ) ;
#8272 = VERTEX_POINT ( 'NONE', #5029 ) ;
#8273 = DIRECTION ( 'NONE',  ( 1.000000000000000000, 0.000000000000000000, 0.000000000000000000 ) ) ;
#8274 = CARTESIAN_POINT ( 'NONE',  ( -5.703123600804183901, -0.6092229834339062400, -20.60000000000000142 ) ) ;
#8275 = DIRECTION ( 'NONE',  ( 0.000000000000000000, 0.000000000000000000, 1.000000000000000000 ) ) ;
#8276 = CARTESIAN_POINT ( 'NONE',  ( -3.200000000000000178, 8.813878188659971968, -2.200000000000000622 ) ) ;
#8277 = CARTESIAN_POINT ( 'NONE',  ( 5.794433330450069697, 0.0007362267868383628924, -20.39999999999999858 ) ) ;
#8278 = FILL_AREA_STYLE ('',( #9847 ) ) ;
#8279 = CARTESIAN_POINT ( 'NONE',  ( -5.905227277861171409, -0.6020685101100509140, -20.40000000000000924 ) ) ;
#8280 = VERTEX_POINT ( 'NONE', #6029 ) ;
#8281 = B_SPLINE_SURFACE_WITH_KNOTS ( 'NONE', 3, 1, ( 
 ( #1233, #715 ),
 ( #3868, #2892 ),
 ( #9569, #4732 ),
 ( #1460, #2195 ),
 ( #8006, #5479 ),
 ( #3757, #2944 ),
 ( #3926, #1402 ),
 ( #6995, #10453 ),
 ( #7217, #667 ),
 ( #7956, #1284 ),
 ( #8825, #8068 ),
 ( #10392, #7897 ),
 ( #10510, #3119 ),
 ( #6172, #7160 ),
 ( #3003, #8772 ),
 ( #612, #9678 ),
 ( #3066, #2309 ),
 ( #6336, #8659 ),
 ( #7050, #9624 ) ),
 .UNSPECIFIED., .F., .F., .F.,
 ( 4, 1, 1, 1, 1, 1, 1, 1, 1, 1, 1, 1, 1, 1, 1, 1, 4 ),
 ( 2, 2 ),
 ( 0.000000000000000000, 0.08007677343384532465, 0.1562784586802825060, 0.2293194353395051344, 0.2991753128987476584, 0.3662018488666233251, 0.4310867541704904160, 0.4937298118219858867, 0.5550858740706317018, 0.6145530382533342939, 0.6722652138031808278, 0.7281941688403907875, 0.7828833412258556779, 0.8373717222310076425, 0.8910895228912365518, 0.9453955957931418075, 1.000000000000000000 ),
 ( 0.000000000000000000, 1.000000000000000000 ),
 .UNSPECIFIED. ) ;
#8282 = ADVANCED_FACE ( 'NONE', ( #102 ), #8310, .T. ) ;
#8283 = ORIENTED_EDGE ( 'NONE', *, *, #5797, .F. ) ;
#8284 = CARTESIAN_POINT ( 'NONE',  ( -5.089681139739189675, -0.7743727589100393160, -20.59999999999999787 ) ) ;
#8285 = LINE ( 'NONE', #5064, #9961 ) ;
#8286 = CARTESIAN_POINT ( 'NONE',  ( -5.135120151525023324, 0.4292348702572857388, -20.40000000000000924 ) ) ;
#8287 = DIRECTION ( 'NONE',  ( -0.000000000000000000, -0.000000000000000000, -1.000000000000000000 ) ) ;
#8288 = PRESENTATION_LAYER_ASSIGNMENT (  '', '', ( #3650 ) ) ;
#8289 = CARTESIAN_POINT ( 'NONE',  ( -5.959890521470039282, -0.4946572093757611865, -20.40000000000000568 ) ) ;
#8290 = DIRECTION ( 'NONE',  ( 0.000000000000000000, 0.000000000000000000, -1.000000000000000000 ) ) ;
#8291 = STYLED_ITEM ( 'NONE', ( #7134 ), #9481 ) ;
#8292 = CARTESIAN_POINT ( 'NONE',  ( 2.999999999999999556, -5.213878188659972324, -2.200000000000000622 ) ) ;
#8293 = ORIENTED_EDGE ( 'NONE', *, *, #4036, .T. ) ;
#8294 = EDGE_CURVE ( 'NONE', #4884, #360, #7126, .T. ) ;
#8295 = ADVANCED_FACE ( 'NONE', ( #2859 ), #7618, .T. ) ;
#8296 = ORIENTED_EDGE ( 'NONE', *, *, #2632, .F. ) ;
#8297 = CARTESIAN_POINT ( 'NONE',  ( -4.913428996351562716, -0.2590304010995609363, -20.60000000000000142 ) ) ;
#8298 = CARTESIAN_POINT ( 'NONE',  ( -0.2245560706809656137, 0.5534469561450112707, -20.39999999999999858 ) ) ;
#8299 =( GEOMETRIC_REPRESENTATION_CONTEXT ( 3 ) GLOBAL_UNCERTAINTY_ASSIGNED_CONTEXT ( ( #301 ) ) GLOBAL_UNIT_ASSIGNED_CONTEXT ( ( #228, #3482, #2522 ) ) REPRESENTATION_CONTEXT ( 'NONE', 'WORKASPACE' ) );
#8300 = STYLED_ITEM ( 'NONE', ( #7000 ), #8843 ) ;
#8301 = DIRECTION ( 'NONE',  ( 0.000000000000000000, 0.000000000000000000, -1.000000000000000000 ) ) ;
#8302 = FACE_OUTER_BOUND ( 'NONE', #702, .T. ) ;
#8303 = DIRECTION ( 'NONE',  ( 0.000000000000000000, 0.000000000000000000, 1.000000000000000000 ) ) ;
#8304 = PRESENTATION_LAYER_ASSIGNMENT (  '', '', ( #2796 ) ) ;
#8305 =( NAMED_UNIT ( * ) SI_UNIT ( $, .STERADIAN. ) SOLID_ANGLE_UNIT ( ) );
#8306 = CARTESIAN_POINT ( 'NONE',  ( -0.9279760839238437864, 0.4186246102469154962, -20.59999999999999787 ) ) ;
#8307 = CARTESIAN_POINT ( 'NONE',  ( 0.8251846727412802673, -0.003025269870173140276, -20.60000000000000497 ) ) ;
#8308 = ORIENTED_EDGE ( 'NONE', *, *, #2315, .T. ) ;
#8309 = EDGE_CURVE ( 'NONE', #9322, #1578, #7645, .T. ) ;
#8310 = PLANE ( 'NONE',  #8952 ) ;
#8311 = STYLED_ITEM ( 'NONE', ( #4608 ), #10087 ) ;
#8312 = LINE ( 'NONE', #6749, #2721 ) ;
#8313 = PRESENTATION_LAYER_ASSIGNMENT (  '', '', ( #85 ) ) ;
#8314 = ORIENTED_EDGE ( 'NONE', *, *, #9946, .F. ) ;
#8315 = LINE ( 'NONE', #3413, #3540 ) ;
#8316 = CARTESIAN_POINT ( 'NONE',  ( 0.1273612772360779022, -0.2964229084222128052, -20.60000000000000142 ) ) ;
#8317 = CARTESIAN_POINT ( 'NONE',  ( 1.154171020664602754, 0.03713437162771186795, -20.40000000000000213 ) ) ;
#8318 = DIRECTION ( 'NONE',  ( -0.000000000000000000, 0.000000000000000000, 1.000000000000000000 ) ) ;
#8319 = CARTESIAN_POINT ( 'NONE',  ( 5.428319606587837853, 0.5724995180032267372, -20.40000000000000568 ) ) ;
#8320 = PLANE ( 'NONE',  #1828 ) ;
#8321 = ORIENTED_EDGE ( 'NONE', *, *, #4056, .F. ) ;
#8322 = CARTESIAN_POINT ( 'NONE',  ( -4.257349435969168816, -0.1166265932603347821, -20.60000000000000142 ) ) ;
#8323 = CARTESIAN_POINT ( 'NONE',  ( 1.500000000000000000, -9.213878188659972324, -9.000000000000000000 ) ) ;
#8324 = ORIENTED_EDGE ( 'NONE', *, *, #4464, .T. ) ;
#8325 = DIRECTION ( 'NONE',  ( -1.000000000000000000, 0.000000000000000000, 0.000000000000000000 ) ) ;
#8326 = CARTESIAN_POINT ( 'NONE',  ( -5.147525415367888435, -0.5757666422255161010, -20.40000000000000568 ) ) ;
#8327 = DIRECTION ( 'NONE',  ( 0.000000000000000000, 0.000000000000000000, 1.000000000000000000 ) ) ;
#8328 = DIRECTION ( 'NONE',  ( 0.9404864691001894039, -0.3398311366538661615, 0.000000000000000000 ) ) ;
#8329 = CARTESIAN_POINT ( 'NONE',  ( 7.869140320336472705, 4.813878188659971080, -2.200000000000000622 ) ) ;
#8330 = DIRECTION ( 'NONE',  ( 0.1726266455515552689, -0.9849873305000514945, 0.000000000000000000 ) ) ;
#8331 = CARTESIAN_POINT ( 'NONE',  ( 1.500000000000000000, 9.013878188659973034, -9.000000000000000000 ) ) ;
#8332 = CARTESIAN_POINT ( 'NONE',  ( -6.004338087260653545, -0.3716521543463142674, -20.40000000000000213 ) ) ;
#8333 = ORIENTED_EDGE ( 'NONE', *, *, #9694, .F. ) ;
#8334 = CARTESIAN_POINT ( 'NONE',  ( 1.105774105080187031, 0.3926538521471922838, -20.60000000000000142 ) ) ;
#8335 = ORIENTED_EDGE ( 'NONE', *, *, #9878, .T. ) ;
#8336 = CARTESIAN_POINT ( 'NONE',  ( -3.569273152195717280, -0.8781456608398205965, -20.40000000000000213 ) ) ;
#8337 = DIRECTION ( 'NONE',  ( 1.000000000000000000, 0.000000000000000000, 0.000000000000000000 ) ) ;
#8338 = CIRCLE ( 'NONE', #3694, 0.4000000000000001887 ) ;
#8339 = DIRECTION ( 'NONE',  ( 4.339432501869630892E-10, -1.614679373423722307E-10, 1.000000000000000000 ) ) ;
#8340 = DIRECTION ( 'NONE',  ( -0.000000000000000000, -0.000000000000000000, -1.000000000000000000 ) ) ;
#8341 = CARTESIAN_POINT ( 'NONE',  ( 0.03735037229730935743, -0.6316207508396831649, -20.40000000000000568 ) ) ;
#8342 = EDGE_CURVE ( 'NONE', #7360, #10602, #9262, .T. ) ;
#8343 = PLANE ( 'NONE',  #1649 ) ;
#8344 = CARTESIAN_POINT ( 'NONE',  ( 4.904240739418622930, 0.5727900671557801804, -20.59999999999999787 ) ) ;
#8345 = STYLED_ITEM ( 'NONE', ( #6436 ), #928 ) ;
#8346 = B_SPLINE_CURVE_WITH_KNOTS ( 'NONE', 3,
 ( #8332, #5753, #9957, #2421, #8945, #8279, #4840, #926, #4188, #4890, #8127, #2577, #5697, #9151, #1775, #10579, #3178, #6448, #5646 ),
 .UNSPECIFIED., .F., .F.,
 ( 4, 1, 1, 1, 1, 1, 1, 1, 1, 1, 1, 1, 1, 1, 1, 1, 4 ),
 ( 0.000000000000000000, 0.08007677343384532465, 0.1562784586802825060, 0.2293194353395051344, 0.2991753128987474919, 0.3662018488666233251, 0.4310867541704904160, 0.4937298118219858867, 0.5550858740706317018, 0.6145530382533342939, 0.6722652138031808278, 0.7281941688403907875, 0.7828833412258556779, 0.8373717222310076425, 0.8910895228912365518, 0.9453955957931418075, 1.000000000000000000 ),
 .UNSPECIFIED. ) ;
#8347 = ORIENTED_EDGE ( 'NONE', *, *, #7709, .T. ) ;
#8348 = CARTESIAN_POINT ( 'NONE',  ( -0.5546251163620138369, 0.4646658579804799905, -20.60000000000000497 ) ) ;
#8349 = SURFACE_SIDE_STYLE ('',( #6520 ) ) ;
#8350 = ORIENTED_EDGE ( 'NONE', *, *, #9344, .F. ) ;
#8351 = CARTESIAN_POINT ( 'NONE',  ( -3.199999999999999734, 5.213878188659972324, -2.200000000000000622 ) ) ;
#8352 = ADVANCED_FACE ( 'NONE', ( #2594 ), #7032, .T. ) ;
#8353 = UNCERTAINTY_MEASURE_WITH_UNIT (LENGTH_MEASURE( 1.000000000000000082E-05 ), #2631, 'distance_accuracy_value', 'NONE');
#8354 = FACE_OUTER_BOUND ( 'NONE', #10090, .T. ) ;
#8355 = ADVANCED_FACE ( 'NONE', ( #10349 ), #1357, .T. ) ;
#8356 = DIRECTION ( 'NONE',  ( 0.000000000000000000, 0.000000000000000000, 1.000000000000000000 ) ) ;
#8357 = CARTESIAN_POINT ( 'NONE',  ( 5.172472684685431865, 0.4653832460872163734, -20.40000000000000568 ) ) ;
#8358 = DIRECTION ( 'NONE',  ( 1.000000000000000000, 0.000000000000000000, -0.000000000000000000 ) ) ;
#8359 = ORIENTED_EDGE ( 'NONE', *, *, #1191, .F. ) ;
#8360 = VECTOR ( 'NONE', #548, 1000.000000000000000 ) ;
#8361 = ORIENTED_EDGE ( 'NONE', *, *, #4687, .F. ) ;
#8362 = CARTESIAN_POINT ( 'NONE',  ( -0.7781438985713531320, 0.3389456408942408960, -20.39999999999999503 ) ) ;
#8363 = VERTEX_POINT ( 'NONE', #7699 ) ;
#8364 = CARTESIAN_POINT ( 'NONE',  ( 0.01726911433703082199, -0.6660959624456901373, -20.59999999999999787 ) ) ;
#8365 = CARTESIAN_POINT ( 'NONE',  ( 5.360383441208099065, 0.4131696807710521502, -20.60000000000000853 ) ) ;
#8366 = ADVANCED_FACE ( 'NONE', ( #9361 ), #10025, .T. ) ;
#8367 = PRESENTATION_LAYER_ASSIGNMENT (  '', '', ( #2683 ) ) ;
#8368 = VECTOR ( 'NONE', #6842, 1000.000000000000000 ) ;
#8369 = CARTESIAN_POINT ( 'NONE',  ( 5.000000000000000000, 2.399999999999998579, -8.799999999999998934 ) ) ;
#8370 = LINE ( 'NONE', #3416, #5092 ) ;
#8371 = EDGE_CURVE ( 'NONE', #917, #9862, #4866, .T. ) ;
#8372 = CYLINDRICAL_SURFACE ( 'NONE', #8377, 9.000000000000000000 ) ;
#8373 = CARTESIAN_POINT ( 'NONE',  ( 5.661421227086369079, -0.2793335903977447465, -20.60000000000001208 ) ) ;
#8374 = VECTOR ( 'NONE', #2671, 1000.000000000000000 ) ;
#8375 = ORIENTED_EDGE ( 'NONE', *, *, #9621, .T. ) ;
#8376 = CARTESIAN_POINT ( 'NONE',  ( 5.156702439925135550, 0.6413348586406989460, -20.60000000000000142 ) ) ;
#8377 = AXIS2_PLACEMENT_3D ( 'NONE', #4280, #7568, #216 ) ;
#8378 = AXIS2_PLACEMENT_3D ( 'NONE', #2947, #5374, #3005 ) ;
#8379 = ORIENTED_EDGE ( 'NONE', *, *, #4827, .F. ) ;
#8380 = DIRECTION ( 'NONE',  ( 0.000000000000000000, -1.000000000000000000, 0.000000000000000000 ) ) ;
#8381 = SURFACE_SIDE_STYLE ('',( #7626 ) ) ;
#8382 = SURFACE_STYLE_USAGE ( .BOTH. , #5101 ) ;
#8383 = CARTESIAN_POINT ( 'NONE',  ( 7.869140320336472705, -5.013878188659970370, -20.40000000000000213 ) ) ;
#8384 = ADVANCED_FACE ( 'NONE', ( #7223 ), #970, .T. ) ;
#8385 = CARTESIAN_POINT ( 'NONE',  ( -8.269140320336473948, 4.813878188659971080, -2.000000000000000000 ) ) ;
#8386 = AXIS2_PLACEMENT_3D ( 'NONE', #9438, #10311, #7717 ) ;
#8387 = ORIENTED_EDGE ( 'NONE', *, *, #4208, .T. ) ;
#8388 = VERTEX_POINT ( 'NONE', #5026 ) ;
#8389 = CARTESIAN_POINT ( 'NONE',  ( 5.678038640506489543, -0.7366198866981864546, -20.60000000000000853 ) ) ;
#8390 = CARTESIAN_POINT ( 'NONE',  ( 4.930311713007287544, -0.4756846635750472396, -20.59999999999999787 ) ) ;
#8391 = STYLED_ITEM ( 'NONE', ( #5475 ), #6371 ) ;
#8392 = CARTESIAN_POINT ( 'NONE',  ( 2.999999999999999556, 5.213878188659972324, -20.40000000000000213 ) ) ;
#8393 = DIRECTION ( 'NONE',  ( -0.000000000000000000, -0.000000000000000000, -1.000000000000000000 ) ) ;
#8394 = CARTESIAN_POINT ( 'NONE',  ( 4.754343142762718522, 0.4127276919653003473, -20.60000000000000497 ) ) ;
#8395 = VECTOR ( 'NONE', #5394, 1000.000000000000000 ) ;
#8396 = CARTESIAN_POINT ( 'NONE',  ( -0.5546251163620138369, 0.4646658579804799905, -20.40000000000000568 ) ) ;
#8397 = ORIENTED_EDGE ( 'NONE', *, *, #4369, .F. ) ;
#8398 =( NAMED_UNIT ( * ) PLANE_ANGLE_UNIT ( ) SI_UNIT ( $, .RADIAN. ) );
#8399 = ADVANCED_FACE ( 'NONE', ( #8621 ), #6957, .F. ) ;
#8400 = DIRECTION ( 'NONE',  ( 0.000000000000000000, 1.000000000000000000, 0.000000000000000000 ) ) ;
#8401 =( NAMED_UNIT ( * ) SI_UNIT ( $, .STERADIAN. ) SOLID_ANGLE_UNIT ( ) );
#8402 = DIRECTION ( 'NONE',  ( 1.000000000000000000, -1.355252715606880789E-16, 0.000000000000000000 ) ) ;
#8403 = ORIENTED_EDGE ( 'NONE', *, *, #354, .F. ) ;
#8404 = AXIS2_PLACEMENT_3D ( 'NONE', #686, #6515, #9696 ) ;
#8405 = LINE ( 'NONE', #10034, #2236 ) ;
#8406 = CARTESIAN_POINT ( 'NONE',  ( -5.666926822646943585, 0.4555761227225635923, -20.40000000000000213 ) ) ;
#8407 = EDGE_LOOP ( 'NONE', ( #9140, #1466, #491, #4004 ) ) ;
#8408 = ADVANCED_FACE ( 'NONE', ( #2748 ), #6898, .F. ) ;
#8409 = CARTESIAN_POINT ( 'NONE',  ( -0.5546251163620138369, 0.4646658579804799905, -20.40000000000000568 ) ) ;
#8410 = ORIENTED_EDGE ( 'NONE', *, *, #10073, .F. ) ;
#8411 = CARTESIAN_POINT ( 'NONE',  ( -0.004108314198822273812, -0.6982681162918200624, -20.60000000000000142 ) ) ;
#8412 = CARTESIAN_POINT ( 'NONE',  ( 5.447338287547710323, 0.3448151994480306848, -20.60000000000000142 ) ) ;
#8413 = AXIS2_PLACEMENT_3D ( 'NONE', #884, #8547, #7438 ) ;
#8414 = CARTESIAN_POINT ( 'NONE',  ( 1.600000000000000089, -7.599999999999996980, -8.799999999999998934 ) ) ;
#8415 = CARTESIAN_POINT ( 'NONE',  ( 5.458262459290081914, 0.5538656990518743273, -20.39999999999999858 ) ) ;
#8416 = CARTESIAN_POINT ( 'NONE',  ( -0.6617977797540954832, -0.8187338479111432310, -20.60000000000000142 ) ) ;
#8417 = PLANE ( 'NONE',  #3495 ) ;
#8418 = PRESENTATION_STYLE_ASSIGNMENT (( #1868 ) ) ;
#8419 = ORIENTED_EDGE ( 'NONE', *, *, #10288, .T. ) ;
#8420 = EDGE_LOOP ( 'NONE', ( #8296, #3001, #9260, #4787 ) ) ;
#8421 = DIRECTION ( 'NONE',  ( 0.000000000000000000, -0.000000000000000000, 1.000000000000000000 ) ) ;
#8422 = DIRECTION ( 'NONE',  ( -1.000000000000000000, 0.000000000000000000, 0.000000000000000000 ) ) ;
#8423 = ADVANCED_FACE ( 'NONE', ( #4423 ), #7763, .F. ) ;
#8424 = DIRECTION ( 'NONE',  ( -0.000000000000000000, -0.000000000000000000, 1.000000000000000000 ) ) ;
#8425 = PRESENTATION_LAYER_ASSIGNMENT (  '', '', ( #9286 ) ) ;
#8426 = EDGE_CURVE ( 'NONE', #3839, #1089, #1365, .T. ) ;
#8427 = ORIENTED_EDGE ( 'NONE', *, *, #9344, .T. ) ;
#8428 =( LENGTH_UNIT ( ) NAMED_UNIT ( * ) SI_UNIT ( .MILLI., .METRE. ) );
#8429 = CARTESIAN_POINT ( 'NONE',  ( -5.010139925855979115, 0.2298173490877513381, -20.60000000000000142 ) ) ;
#8430 = LINE ( 'NONE', #3379, #2536 ) ;
#8431 = DIRECTION ( 'NONE',  ( -0.000000000000000000, 0.000000000000000000, -1.000000000000000000 ) ) ;
#8432 = CARTESIAN_POINT ( 'NONE',  ( 5.312399405978743161, 0.4365324966872953238, -20.39999999999999858 ) ) ;
#8433 = CARTESIAN_POINT ( 'NONE',  ( 5.816483830275178235, -0.3340546475250057989, -20.40000000000000568 ) ) ;
#8434 = CARTESIAN_POINT ( 'NONE',  ( 2.799999999999999822, 8.813878188659971968, -2.200000000000000622 ) ) ;
#8435 = ORIENTED_EDGE ( 'NONE', *, *, #2578, .T. ) ;
#8436 = B_SPLINE_CURVE_WITH_KNOTS ( 'NONE', 3,
 ( #4974, #9076, #5783, #10553, #9713, #6647, #8258, #5570, #9930, #902, #8156, #8053, #705, #8926, #4822, #800, #3260, #6536, #1553, #750, #4008, #7306, #2450, #847, #4105, #7403, #55 ),
 .UNSPECIFIED., .F., .F.,
 ( 4, 1, 1, 1, 1, 1, 1, 1, 1, 1, 1, 1, 1, 1, 1, 1, 1, 1, 1, 1, 1, 1, 1, 1, 4 ),
 ( 0.000000000000000000, 0.05179613386870077912, 0.1027076905921474326, 0.1523656756769313225, 0.2014134806410377843, 0.2497504529809246587, 0.2974603532543836915, 0.3450879402115141215, 0.3922524589701320563, 0.4385665557815763282, 0.4831490418084347094, 0.5260244812424714755, 0.5675505959909437070, 0.6078802798446595324, 0.6471755223113148103, 0.6856462371194108618, 0.7233328129306535459, 0.7601831079994734175, 0.7960267168703513141, 0.8310629073212795204, 0.8653564503235628980, 0.8990114988517811101, 0.9327961559116957346, 0.9663819387004223271, 1.000000000000000000 ),
 .UNSPECIFIED. ) ;
#8437 = CARTESIAN_POINT ( 'NONE',  ( -5.129013776543369652, -0.8075195407979798290, -20.60000000000000142 ) ) ;
#8438 = ADVANCED_FACE ( 'NONE', ( #7232 ), #5494, .F. ) ;
#8439 = VERTEX_POINT ( 'NONE', #6241 ) ;
#8440 = CARTESIAN_POINT ( 'NONE',  ( 5.363014896929350073, -0.8963712385588653575, -20.60000000000000497 ) ) ;
#8441 = CARTESIAN_POINT ( 'NONE',  ( -1.600000000000000089, 3.199999999999998845, -8.799999999999998934 ) ) ;
#8442 = CARTESIAN_POINT ( 'NONE',  ( 3.400000000000000355, 1.599999999999998535, -2.000000000000000000 ) ) ;
#8443 = CARTESIAN_POINT ( 'NONE',  ( -5.727264620965359931, -0.7978038327330176926, -20.60000000000000142 ) ) ;
#8444 = CARTESIAN_POINT ( 'NONE',  ( -0.1305626304659722181, -0.8227889769007590282, -20.60000000000000853 ) ) ;
#8445 = CARTESIAN_POINT ( 'NONE',  ( -5.434532892455458786, -0.7223015049956648115, -20.40000000000000213 ) ) ;
#8446 = CARTESIAN_POINT ( 'NONE',  ( 1.700000000000000178, 9.013878188659973034, -2.000000000000000000 ) ) ;
#8447 = CARTESIAN_POINT ( 'NONE',  ( -5.198931298447408977, -0.6335162293338473249, -20.40000000000000213 ) ) ;
#8448 = FILL_AREA_STYLE_COLOUR ( '', #3619 ) ;
#8449 = EDGE_CURVE ( 'NONE', #5180, #639, #5856, .T. ) ;
#8450 = AXIS2_PLACEMENT_3D ( 'NONE', #436, #8431, #1064 ) ;
#8451 = VERTEX_POINT ( 'NONE', #7180 ) ;
#8452 = DIRECTION ( 'NONE',  ( -1.000000000000000000, 0.000000000000000000, 0.000000000000000000 ) ) ;
#8453 = B_SPLINE_SURFACE_WITH_KNOTS ( 'NONE', 3, 1, ( 
 ( #540, #9883 ),
 ( #7308, #8159 ),
 ( #2557, #4058 ),
 ( #5840, #3265 ),
 ( #4220, #59 ) ),
 .UNSPECIFIED., .F., .F., .F.,
 ( 4, 1, 4 ),
 ( 2, 2 ),
 ( 0.000000000000000000, 0.4969163598881328192, 1.000000000000000000 ),
 ( 0.000000000000000000, 1.000000000000000000 ),
 .UNSPECIFIED. ) ;
#8454 = AXIS2_PLACEMENT_3D ( 'NONE', #4661, #9718, #2184 ) ;
#8455 = FILL_AREA_STYLE ('',( #1945 ) ) ;
#8456 = UNCERTAINTY_MEASURE_WITH_UNIT (LENGTH_MEASURE( 1.000000000000000082E-05 ), #8269, 'distance_accuracy_value', 'NONE');
#8457 = DIRECTION ( 'NONE',  ( -1.000000000000000000, 0.000000000000000000, 0.000000000000000000 ) ) ;
#8458 = FACE_OUTER_BOUND ( 'NONE', #8810, .T. ) ;
#8459 = AXIS2_PLACEMENT_3D ( 'NONE', #4859, #8914, #8248 ) ;
#8460 = CARTESIAN_POINT ( 'NONE',  ( 5.522462767994945843, 0.2502059252102579179, -20.40000000000000213 ) ) ;
#8461 = CARTESIAN_POINT ( 'NONE',  ( -1.040735635179553142, -0.02648169980085948033, -20.60000000000000142 ) ) ;
#8462 = CARTESIAN_POINT ( 'NONE',  ( -0.1232558407599520650, 0.1881299603602062387, -20.60000000000000142 ) ) ;
#8463 = AXIS2_PLACEMENT_3D ( 'NONE', #8695, #700, #4764 ) ;
#8464 = CARTESIAN_POINT ( 'NONE',  ( -2.799999999999999822, -9.013878188659973034, -8.799999999999998934 ) ) ;
#8465 = ORIENTED_EDGE ( 'NONE', *, *, #10017, .F. ) ;
#8466 = MECHANICAL_DESIGN_GEOMETRIC_PRESENTATION_REPRESENTATION (  '', ( #2461 ), #8647 ) ;
#8467 = ORIENTED_EDGE ( 'NONE', *, *, #2441, .F. ) ;
#8468 = STYLED_ITEM ( 'NONE', ( #3711 ), #3776 ) ;
#8469 =( LENGTH_UNIT ( ) NAMED_UNIT ( * ) SI_UNIT ( .MILLI., .METRE. ) );
#8470 = CARTESIAN_POINT ( 'NONE',  ( 1.137150057033996076, 0.1350724675536561503, -20.40000000000000213 ) ) ;
#8471 =( NAMED_UNIT ( * ) SI_UNIT ( $, .STERADIAN. ) SOLID_ANGLE_UNIT ( ) );
#8472 = SURFACE_SIDE_STYLE ('',( #4542 ) ) ;
#8473 = EDGE_CURVE ( 'NONE', #3293, #2121, #10474, .T. ) ;
#8474 = ORIENTED_EDGE ( 'NONE', *, *, #5627, .T. ) ;
#8475 = VECTOR ( 'NONE', #10162, 1000.000000000000000 ) ;
#8476 = ORIENTED_EDGE ( 'NONE', *, *, #9144, .T. ) ;
#8477 = CARTESIAN_POINT ( 'NONE',  ( -3.726943606741171866, -0.8781456608398205965, -20.40000000000000213 ) ) ;
#8478 = ORIENTED_EDGE ( 'NONE', *, *, #6518, .T. ) ;
#8479 = CARTESIAN_POINT ( 'NONE',  ( 5.817518186678381831, -0.2590304010995608253, -20.60000000000000142 ) ) ;
#8480 = VECTOR ( 'NONE', #3956, 1000.000000000000000 ) ;
#8481 = CARTESIAN_POINT ( 'NONE',  ( -5.044800430286835002, 0.2995535025555786102, -20.59999999999999787 ) ) ;
#8482 = FILL_AREA_STYLE_COLOUR ( '', #7858 ) ;
#8483 = CARTESIAN_POINT ( 'NONE',  ( -0.5075268614571377679, -0.8835316773425457848, -20.39999999999999858 ) ) ;
#8484 = LINE ( 'NONE', #10271, #4319 ) ;
#8485 = CARTESIAN_POINT ( 'NONE',  ( -0.3869207001146183211, -0.8976261803203399170, -20.60000000000000497 ) ) ;
#8486 = ADVANCED_FACE ( 'NONE', ( #7917 ), #7863, .F. ) ;
#8487 = CARTESIAN_POINT ( 'NONE',  ( 1.600000000000000089, 5.999999999999997335, -2.000000000000000000 ) ) ;
#8488 = ADVANCED_FACE ( 'NONE', ( #10179 ), #1034, .F. ) ;
#8489 = ORIENTED_EDGE ( 'NONE', *, *, #9545, .T. ) ;
#8490 = CARTESIAN_POINT ( 'NONE',  ( 0.9855427739113558072, -0.01582829070995042664, -20.40000000000000213 ) ) ;
#8491 = CARTESIAN_POINT ( 'NONE',  ( -1.500000000000000000, -9.375835069691863310, -2.000000000000000000 ) ) ;
#8492 = DIRECTION ( 'NONE',  ( 0.000000000000000000, 0.000000000000000000, 1.000000000000000000 ) ) ;
#8493 = EDGE_LOOP ( 'NONE', ( #6180, #5777 ) ) ;
#8494 = DIRECTION ( 'NONE',  ( 0.000000000000000000, 0.000000000000000000, 1.000000000000000000 ) ) ;
#8495 = CARTESIAN_POINT ( 'NONE',  ( -0.8664159599228445918, -0.2067160809960320589, -20.40000000000000213 ) ) ;
#8496 = CARTESIAN_POINT ( 'NONE',  ( -1.700000000000000178, 9.013878188659973034, -8.799999999999998934 ) ) ;
#8497 = DIRECTION ( 'NONE',  ( -1.000000000000000000, 0.000000000000000000, 0.000000000000000000 ) ) ;
#8498 = ORIENTED_EDGE ( 'NONE', *, *, #3977, .F. ) ;
#8499 = CARTESIAN_POINT ( 'NONE',  ( 0.05612063967974190853, -0.5949772778561925879, -20.40000000000000568 ) ) ;
#8500 = FILL_AREA_STYLE ('',( #1937 ) ) ;
#8501 = EDGE_CURVE ( 'NONE', #8067, #208, #5070, .T. ) ;
#8502 = CARTESIAN_POINT ( 'NONE',  ( 4.941355429835645907, 0.5942353826887671886, -20.60000000000000853 ) ) ;
#8503 = VERTEX_POINT ( 'NONE', #1355 ) ;
#8504 = CARTESIAN_POINT ( 'NONE',  ( -5.126439561567349479, -0.5410812290118284240, -20.39999999999999858 ) ) ;
#8505 = CARTESIAN_POINT ( 'NONE',  ( -6.013673806623195617, 0.3260879807271639397, -20.40000000000000213 ) ) ;
#8506 = ORIENTED_EDGE ( 'NONE', *, *, #5006, .F. ) ;
#8507 = PRESENTATION_STYLE_ASSIGNMENT (( #2044 ) ) ;
#8508 = COLOUR_RGB ( '',1.000000000000000000, 1.000000000000000000, 1.000000000000000000 ) ;
#8509 = FACE_BOUND ( 'NONE', #971, .T. ) ;
#8510 = EDGE_CURVE ( 'NONE', #4922, #4738, #694, .T. ) ;
#8511 = CARTESIAN_POINT ( 'NONE',  ( 4.858865413023407243, 0.2268333742110247297, -20.60000000000000142 ) ) ;
#8512 = CARTESIAN_POINT ( 'NONE',  ( -1.039365682573264227, 0.04864774954570685872, -20.60000000000000853 ) ) ;
#8513 = CARTESIAN_POINT ( 'NONE',  ( -1.500000000000000000, -9.375835069691863310, -8.799999999999998934 ) ) ;
#8514 = CARTESIAN_POINT ( 'NONE',  ( -5.803999190311906808, 0.3675105918138278915, -20.40000000000000568 ) ) ;
#8515 = ORIENTED_EDGE ( 'NONE', *, *, #3627, .T. ) ;
#8516 = CARTESIAN_POINT ( 'NONE',  ( -5.418547777051202274, 0.4365324966872952128, -20.59999999999999787 ) ) ;
#8517 = CARTESIAN_POINT ( 'NONE',  ( -0.8844924785162914249, 0.007921573735645502309, -20.40000000000000568 ) ) ;
#8518 = ORIENTED_EDGE ( 'NONE', *, *, #10512, .T. ) ;
#8519 = CARTESIAN_POINT ( 'NONE',  ( 4.894941319825187875, 0.3184732660519270508, -20.59999999999999787 ) ) ;
#8520 = LINE ( 'NONE', #4432, #10547 ) ;
#8521 = CARTESIAN_POINT ( 'NONE',  ( -0.7698017970894794892, -0.7361227846714787360, -20.40000000000000213 ) ) ;
#8522 = CARTESIAN_POINT ( 'NONE',  ( 5.647883108410786335, -0.4160628737687755430, -20.60000000000000853 ) ) ;
#8523 = CARTESIAN_POINT ( 'NONE',  ( -3.726943606741171866, -0.8781456608398205965, -20.40000000000000213 ) ) ;
#8524 = CIRCLE ( 'NONE', #3897, 9.000000000000000000 ) ;
#8525 = VERTEX_POINT ( 'NONE', #2067 ) ;
#8526 = AXIS2_PLACEMENT_3D ( 'NONE', #7494, #141, #2596 ) ;
#8527 = CARTESIAN_POINT ( 'NONE',  ( -0.3520565900163256656, -0.8968199304446476949, -20.60000000000000142 ) ) ;
#8528 = ORIENTED_EDGE ( 'NONE', *, *, #2030, .T. ) ;
#8529 = CARTESIAN_POINT ( 'NONE',  ( 0.5766048442060391910, -0.3231029193546714473, -20.60000000000000142 ) ) ;
#8530 = DIRECTION ( 'NONE',  ( -1.000000000000000000, 6.776263578034401480E-17, 0.000000000000000000 ) ) ;
#8531 = ORIENTED_EDGE ( 'NONE', *, *, #4915, .F. ) ;
#8532 = EDGE_CURVE ( 'NONE', #3419, #6480, #330, .T. ) ;
#8533 = STYLED_ITEM ( 'NONE', ( #1347 ), #1835 ) ;
#8534 = CIRCLE ( 'NONE', #664, 0.9500000000000002887 ) ;
#8535 = CARTESIAN_POINT ( 'NONE',  ( 5.775078273000771922, 0.08053288735248986807, -20.60000000000000142 ) ) ;
#8536 = CIRCLE ( 'NONE', #10263, 0.9500000000000000666 ) ;
#8537 = SURFACE_STYLE_USAGE ( .BOTH. , #8381 ) ;
#8538 = CARTESIAN_POINT ( 'NONE',  ( 0.1280955336516154952, -0.2489857582424179205, -20.60000000000000142 ) ) ;
#8539 =( NAMED_UNIT ( * ) SI_UNIT ( $, .STERADIAN. ) SOLID_ANGLE_UNIT ( ) );
#8540 = CARTESIAN_POINT ( 'NONE',  ( 5.522462767994945843, 0.2502059252102579179, -20.40000000000000213 ) ) ;
#8541 = LINE ( 'NONE', #2995, #9513 ) ;
#8542 = CARTESIAN_POINT ( 'NONE',  ( -5.070381847192443558, -0.1889796156272138261, -20.39999999999999858 ) ) ;
#8543 = ORIENTED_EDGE ( 'NONE', *, *, #7582, .T. ) ;
#8544 = COLOUR_RGB ( '',1.000000000000000000, 1.000000000000000000, 1.000000000000000000 ) ;
#8545 = COLOUR_RGB ( '',1.000000000000000000, 1.000000000000000000, 1.000000000000000000 ) ;
#8546 = B_SPLINE_CURVE_WITH_KNOTS ( 'NONE', 3,
 ( #1104, #2757, #366, #3628, #8470, #420, #3571 ),
 .UNSPECIFIED., .F., .F.,
 ( 4, 1, 1, 1, 4 ),
 ( 0.000000000000000000, 0.2155144430785324305, 0.4538648226708630884, 0.7153135963517068818, 1.000000000000000000 ),
 .UNSPECIFIED. ) ;
#8547 = DIRECTION ( 'NONE',  ( 0.000000000000000000, -0.000000000000000000, -1.000000000000000000 ) ) ;
#8548 =( GEOMETRIC_REPRESENTATION_CONTEXT ( 3 ) GLOBAL_UNCERTAINTY_ASSIGNED_CONTEXT ( ( #7192 ) ) GLOBAL_UNIT_ASSIGNED_CONTEXT ( ( #2420, #1021, #4239 ) ) REPRESENTATION_CONTEXT ( 'NONE', 'WORKASPACE' ) );
#8549 = CARTESIAN_POINT ( 'NONE',  ( 3.000000000000000000, -8.813878188659971968, -2.200000000000000622 ) ) ;
#8550 = DIRECTION ( 'NONE',  ( -1.000000000000000000, 0.000000000000000000, 0.000000000000000000 ) ) ;
#8551 = EDGE_LOOP ( 'NONE', ( #8165, #237, #140, #4685, #179 ) ) ;
#8552 = EDGE_CURVE ( 'NONE', #5343, #7335, #5352, .T. ) ;
#8553 = CARTESIAN_POINT ( 'NONE',  ( 5.307980849016044722, -0.8976261803203400280, -20.60000000000000142 ) ) ;
#8554 = CARTESIAN_POINT ( 'NONE',  ( -0.4588030576237439040, 0.6390906925010167994, -20.40000000000000213 ) ) ;
#8555 =( LENGTH_UNIT ( ) NAMED_UNIT ( * ) SI_UNIT ( .MILLI., .METRE. ) );
#8556 = CARTESIAN_POINT ( 'NONE',  ( -5.874077073028373341, -0.6494766575937690467, -20.60000000000000497 ) ) ;
#8557 = ORIENTED_EDGE ( 'NONE', *, *, #10623, .F. ) ;
#8558 = VECTOR ( 'NONE', #10070, 1000.000000000000000 ) ;
#8559 = CARTESIAN_POINT ( 'NONE',  ( 0.1003917568653981268, -0.4750147920860562367, -20.60000000000000853 ) ) ;
#8560 = CARTESIAN_POINT ( 'NONE',  ( -5.175948588335111289, 0.1953874005409766967, -20.40000000000000213 ) ) ;
#8561 = CARTESIAN_POINT ( 'NONE',  ( -5.438307657226765457, -0.8971984803182561086, -20.40000000000000568 ) ) ;
#8562 = FILL_AREA_STYLE ('',( #6834 ) ) ;
#8563 = EDGE_LOOP ( 'NONE', ( #7155, #323, #5638, #5192 ) ) ;
#8564 = COLOUR_RGB ( '',0.2862745098039215508, 0.6627450980392156632, 0.3294117647058823484 ) ;
#8565 = ORIENTED_EDGE ( 'NONE', *, *, #9276, .T. ) ;
#8566 = ADVANCED_FACE ( 'NONE', ( #2125 ), #1325, .F. ) ;
#8567 =( NAMED_UNIT ( * ) PLANE_ANGLE_UNIT ( ) SI_UNIT ( $, .RADIAN. ) );
#8568 = ADVANCED_FACE ( 'NONE', ( #6812 ), #5356, .T. ) ;
#8569 = UNCERTAINTY_MEASURE_WITH_UNIT (LENGTH_MEASURE( 1.000000000000000082E-05 ), #3855, 'distance_accuracy_value', 'NONE');
#8570 = SURFACE_STYLE_FILL_AREA ( #9789 ) ;
#8571 = CARTESIAN_POINT ( 'NONE',  ( -9.599999999999994316, 1.175660927181458448E-15, 8.000000000000000000 ) ) ;
#8572 =( NAMED_UNIT ( * ) SI_UNIT ( $, .STERADIAN. ) SOLID_ANGLE_UNIT ( ) );
#8573 = ORIENTED_EDGE ( 'NONE', *, *, #6456, .T. ) ;
#8574 = TOROIDAL_SURFACE ( 'NONE', #3593, 0.4000000000000000222, 0.2000000000000000111 ) ;
#8575 = EDGE_CURVE ( 'NONE', #8503, #10522, #5173, .T. ) ;
#8576 = CARTESIAN_POINT ( 'NONE',  ( 4.882453251613447343, -0.3521716348657945583, -20.40000000000000213 ) ) ;
#8577 = DIRECTION ( 'NONE',  ( 0.1726266455515552689, -0.9849873305000514945, 0.000000000000000000 ) ) ;
#8578 = ORIENTED_EDGE ( 'NONE', *, *, #7955, .T. ) ;
#8579 = CARTESIAN_POINT ( 'NONE',  ( -5.434532892455458786, -0.7223015049956648115, -20.40000000000000213 ) ) ;
#8580 = CARTESIAN_POINT ( 'NONE',  ( 5.143400286429328006, 0.4657855488164471258, -20.40000000000000568 ) ) ;
#8581 = DIRECTION ( 'NONE',  ( 0.9922778767136674061, -0.1240347345892098135, 0.000000000000000000 ) ) ;
#8582 = UNCERTAINTY_MEASURE_WITH_UNIT (LENGTH_MEASURE( 1.000000000000000082E-05 ), #1546, 'distance_accuracy_value', 'NONE');
#8583 = DIRECTION ( 'NONE',  ( -1.000000000000000000, -6.776263578034403945E-17, 0.000000000000000000 ) ) ;
#8584 = FACE_OUTER_BOUND ( 'NONE', #2246, .T. ) ;
#8585 = CIRCLE ( 'NONE', #5839, 0.2000000000000000944 ) ;
#8586 = ORIENTED_EDGE ( 'NONE', *, *, #957, .T. ) ;
#8587 = ORIENTED_EDGE ( 'NONE', *, *, #9728, .T. ) ;
#8588 = CARTESIAN_POINT ( 'NONE',  ( -0.2000294663483845048, 0.2995126183809586617, -20.60000000000000142 ) ) ;
#8589 = DIRECTION ( 'NONE',  ( -1.000000000000000000, 0.000000000000000000, 0.000000000000000000 ) ) ;
#8590 = EDGE_CURVE ( 'NONE', #3839, #10208, #1833, .T. ) ;
#8591 = VERTEX_POINT ( 'NONE', #8183 ) ;
#8592 = CYLINDRICAL_SURFACE ( 'NONE', #7504, 0.2000000000000000944 ) ;
#8593 =( NAMED_UNIT ( * ) PLANE_ANGLE_UNIT ( ) SI_UNIT ( $, .RADIAN. ) );
#8594 = CARTESIAN_POINT ( 'NONE',  ( -3.959735824764908152, 0.2988887745583485023, -20.59999999999999787 ) ) ;
#8595 = CARTESIAN_POINT ( 'NONE',  ( -4.955868910029174401, 0.08053288735248977093, -20.60000000000000142 ) ) ;
#8596 = CARTESIAN_POINT ( 'NONE',  ( -0.4274337324492069601, -0.8968126828813756113, -20.40000000000000213 ) ) ;
#8597 = CARTESIAN_POINT ( 'NONE',  ( 4.771056661559908818, -0.4946572093757611865, -20.40000000000000924 ) ) ;
#8598 = CARTESIAN_POINT ( 'NONE',  ( -9.000000000000000000, 0.000000000000000000, 0.000000000000000000 ) ) ;
#8599 = DIRECTION ( 'NONE',  ( 0.9922778767136674061, -0.1240347345892098135, 0.000000000000000000 ) ) ;
#8600 = EDGE_LOOP ( 'NONE', ( #4969, #290, #7423, #7059 ) ) ;
#8601 = VECTOR ( 'NONE', #1174, 1000.000000000000000 ) ;
#8602 = CARTESIAN_POINT ( 'NONE',  ( 3.000000000000000000, 9.013878188659973034, -8.799999999999998934 ) ) ;
#8603 = DIRECTION ( 'NONE',  ( 3.422125580184505555E-16, -1.000000000000000000, 0.000000000000000000 ) ) ;
#8604 = ORIENTED_EDGE ( 'NONE', *, *, #6242, .F. ) ;
#8605 = CARTESIAN_POINT ( 'NONE',  ( -4.913780346379234665, -0.2845146258561071506, -20.40000000000000213 ) ) ;
#8606 = CARTESIAN_POINT ( 'NONE',  ( -1.500000000000000000, -9.375835069691863310, -8.799999999999998934 ) ) ;
#8607 = CARTESIAN_POINT ( 'NONE',  ( -0.7902493472075328151, -0.4290904093664817398, -20.39999999999999858 ) ) ;
#8608 = PRESENTATION_LAYER_ASSIGNMENT (  '', '', ( #375 ) ) ;
#8609 = DIRECTION ( 'NONE',  ( 0.1668642885082855798, -0.9859798726244990430, 0.000000000000000000 ) ) ;
#8610 = CARTESIAN_POINT ( 'NONE',  ( -4.419110814533379283, -0.6510758556450154666, -20.60000000000000497 ) ) ;
#8611 = CYLINDRICAL_SURFACE ( 'NONE', #1827, 0.1999999999999996503 ) ;
#8612 = CARTESIAN_POINT ( 'NONE',  ( -5.244579029503087853, 0.3003652051878970553, -20.40000000000000213 ) ) ;
#8613 = FACE_OUTER_BOUND ( 'NONE', #9274, .T. ) ;
#8614 = CARTESIAN_POINT ( 'NONE',  ( 2.400000000000000355, -5.199999999999997513, -20.60000000000000142 ) ) ;
#8615 = VERTEX_POINT ( 'NONE', #9161 ) ;
#8616 = EDGE_CURVE ( 'NONE', #9985, #7252, #5966, .T. ) ;
#8617 = CARTESIAN_POINT ( 'NONE',  ( -5.070017231593901386, -0.3152398873612113905, -20.39999999999999503 ) ) ;
#8618 = VERTEX_POINT ( 'NONE', #5008 ) ;
#8619 = FILL_AREA_STYLE ('',( #10353 ) ) ;
#8620 = EDGE_CURVE ( 'NONE', #1173, #7737, #825, .T. ) ;
#8621 = FACE_OUTER_BOUND ( 'NONE', #3339, .T. ) ;
#8622 = EDGE_CURVE ( 'NONE', #6835, #320, #9419, .T. ) ;
#8623 = ORIENTED_EDGE ( 'NONE', *, *, #7402, .F. ) ;
#8624 = CARTESIAN_POINT ( 'NONE',  ( -5.719200096800054922, 0.4361173406631484450, -20.39999999999999503 ) ) ;
#8625 = CARTESIAN_POINT ( 'NONE',  ( -5.848493931416497205, -0.3521716348657946694, -20.40000000000000213 ) ) ;
#8626 = VECTOR ( 'NONE', #8797, 1000.000000000000000 ) ;
#8627 = DIRECTION ( 'NONE',  ( 0.000000000000000000, 0.000000000000000000, -1.000000000000000000 ) ) ;
#8628 = FILL_AREA_STYLE_COLOUR ( '', #2580 ) ;
#8629 = ORIENTED_EDGE ( 'NONE', *, *, #8620, .F. ) ;
#8630 = STYLED_ITEM ( 'NONE', ( #8226 ), #9125 ) ;
#8631 =( NAMED_UNIT ( * ) SI_UNIT ( $, .STERADIAN. ) SOLID_ANGLE_UNIT ( ) );
#8632 = CARTESIAN_POINT ( 'NONE',  ( -2.400000000000000355, 0.7999999999999984901, -18.59999999999999787 ) ) ;
#8633 = DIRECTION ( 'NONE',  ( 1.000000000000000000, 0.000000000000000000, 0.000000000000000000 ) ) ;
#8634 = DIRECTION ( 'NONE',  ( -0.000000000000000000, -0.000000000000000000, -1.000000000000000000 ) ) ;
#8635 = AXIS2_PLACEMENT_3D ( 'NONE', #5511, #7139, #2927 ) ;
#8636 = ORIENTED_EDGE ( 'NONE', *, *, #2753, .T. ) ;
#8637 = EDGE_CURVE ( 'NONE', #8618, #7290, #3438, .T. ) ;
#8638 = EDGE_LOOP ( 'NONE', ( #7867, #1698, #8206, #2567 ) ) ;
#8639 = CIRCLE ( 'NONE', #240, 0.2000000000000000944 ) ;
#8640 = LINE ( 'NONE', #2017, #4262 ) ;
#8641 = CIRCLE ( 'NONE', #6752, 9.000000000000000000 ) ;
#8642 = CARTESIAN_POINT ( 'NONE',  ( -2.799999999999999822, -8.813878188659971968, -20.40000000000000213 ) ) ;
#8643 = CARTESIAN_POINT ( 'NONE',  ( -2.400000000000000355, -8.399999999999998579, -18.59999999999999787 ) ) ;
#8644 = CARTESIAN_POINT ( 'NONE',  ( -1.035208431929194761, -0.1496152106112793034, -20.40000000000001634 ) ) ;
#8645 = CARTESIAN_POINT ( 'NONE',  ( 4.726609095769291891, -0.3716521543463141564, -20.40000000000000213 ) ) ;
#8646 = CARTESIAN_POINT ( 'NONE',  ( -0.6233743153633118927, -0.6417691078282518058, -20.59999999999999787 ) ) ;
#8647 =( GEOMETRIC_REPRESENTATION_CONTEXT ( 3 ) GLOBAL_UNCERTAINTY_ASSIGNED_CONTEXT ( ( #7393 ) ) GLOBAL_UNIT_ASSIGNED_CONTEXT ( ( #7529, #1670, #9097 ) ) REPRESENTATION_CONTEXT ( 'NONE', 'WORKASPACE' ) );
#8648 = CARTESIAN_POINT ( 'NONE',  ( 5.783154756018999088, -0.5352559026976154710, -20.40000000000000568 ) ) ;
#8649 = CARTESIAN_POINT ( 'NONE',  ( 0.2553276765087583722, 0.6218543391601795145, -20.60000000000000142 ) ) ;
#8650 = PRESENTATION_STYLE_ASSIGNMENT (( #8001 ) ) ;
#8651 = EDGE_CURVE ( 'NONE', #5156, #4386, #10183, .T. ) ;
#8652 = VECTOR ( 'NONE', #8678, 1000.000000000000000 ) ;
#8653 = ORIENTED_EDGE ( 'NONE', *, *, #8371, .F. ) ;
#8654 = FILL_AREA_STYLE_COLOUR ( '', #4468 ) ;
#8655 = CARTESIAN_POINT ( 'NONE',  ( -0.2572704577938192960, -0.6912736576054553383, -20.40000000000000568 ) ) ;
#8656 = ORIENTED_EDGE ( 'NONE', *, *, #7907, .F. ) ;
#8657 = MECHANICAL_DESIGN_GEOMETRIC_PRESENTATION_REPRESENTATION (  '', ( #7793 ), #6230 ) ;
#8658 = ORIENTED_EDGE ( 'NONE', *, *, #2263, .F. ) ;
#8659 = CARTESIAN_POINT ( 'NONE',  ( 5.292639525803182643, -0.8971984803182561086, -20.60000000000000497 ) ) ;
#8660 = CARTESIAN_POINT ( 'NONE',  ( 4.964096708873926289, -0.7669157757051496827, -20.60000000000000497 ) ) ;
#8661 = AXIS2_PLACEMENT_3D ( 'NONE', #5174, #405, #8457 ) ;
#8662 = CARTESIAN_POINT ( 'NONE',  ( -0.6763657214353605562, -0.5953249168514125333, -20.39999999999999858 ) ) ;
#8663 = CARTESIAN_POINT ( 'NONE',  ( -5.365542703912023370, 0.6026686602435099571, -20.39999999999999858 ) ) ;
#8664 = SURFACE_SIDE_STYLE ('',( #1078 ) ) ;
#8665 = FILL_AREA_STYLE_COLOUR ( '', #3196 ) ;
#8666 = CARTESIAN_POINT ( 'NONE',  ( -5.069273152195719945, -0.2608566998008597371, -20.40000000000000568 ) ) ;
#8667 = LINE ( 'NONE', #7110, #1483 ) ;
#8668 = CARTESIAN_POINT ( 'NONE',  ( -0.09264564753622919757, 0.4328445107293468208, -20.39999999999999858 ) ) ;
#8669 = ORIENTED_EDGE ( 'NONE', *, *, #479, .T. ) ;
#8670 = CARTESIAN_POINT ( 'NONE',  ( -7.869140320336472705, 5.013878188659970370, -8.799999999999998934 ) ) ;
#8671 = CARTESIAN_POINT ( 'NONE',  ( -5.789591753194301305, 0.5942353826887670776, -20.40000000000000568 ) ) ;
#8672 = ORIENTED_EDGE ( 'NONE', *, *, #2819, .F. ) ;
#8673 = CARTESIAN_POINT ( 'NONE',  ( -5.782240105750966030, -0.5078950630585731263, -20.40000000000000213 ) ) ;
#8674 = DIRECTION ( 'NONE',  ( 1.000000000000000000, 0.000000000000000000, 0.000000000000000000 ) ) ;
#8675 = EDGE_CURVE ( 'NONE', #4386, #5156, #2275, .T. ) ;
#8676 = DIRECTION ( 'NONE',  ( -1.000000000000000000, 0.000000000000000000, 0.000000000000000000 ) ) ;
#8677 = CARTESIAN_POINT ( 'NONE',  ( -5.135120151525023324, 0.4292348702572857388, -20.40000000000000924 ) ) ;
#8678 = DIRECTION ( 'NONE',  ( -1.084202172485504434E-16, -1.000000000000000000, 0.000000000000000000 ) ) ;
#8679 = DIRECTION ( 'NONE',  ( 1.000000000000000000, 0.000000000000000000, 0.000000000000000000 ) ) ;
#8680 = DIRECTION ( 'NONE',  ( -1.000000000000000000, 0.000000000000000000, 0.000000000000000000 ) ) ;
#8681 = ORIENTED_EDGE ( 'NONE', *, *, #773, .F. ) ;
#8682 = CARTESIAN_POINT ( 'NONE',  ( 0.7841750940340092013, -0.1166265932603349348, -20.60000000000000142 ) ) ;
#8683 = ORIENTED_EDGE ( 'NONE', *, *, #2970, .F. ) ;
#8684 = CARTESIAN_POINT ( 'NONE',  ( -0.02774862219254034881, -0.2562909530476126796, -20.40000000000000213 ) ) ;
#8685 = SURFACE_SIDE_STYLE ('',( #5397 ) ) ;
#8686 = ADVANCED_FACE ( 'NONE', ( #7432 ), #3289, .T. ) ;
#8687 = PRESENTATION_LAYER_ASSIGNMENT (  '', '', ( #1294 ) ) ;
#8688 = ORIENTED_EDGE ( 'NONE', *, *, #4882, .T. ) ;
#8689 = CARTESIAN_POINT ( 'NONE',  ( 1.137150057033996076, 0.1350724675536561503, -20.39999999999999858 ) ) ;
#8690 = UNCERTAINTY_MEASURE_WITH_UNIT (LENGTH_MEASURE( 1.000000000000000082E-05 ), #6, 'distance_accuracy_value', 'NONE');
#8691 = DIRECTION ( 'NONE',  ( -1.000000000000000000, 6.776263578034401480E-17, 0.000000000000000000 ) ) ;
#8692 = PRESENTATION_STYLE_ASSIGNMENT (( #3954 ) ) ;
#8693 = CARTESIAN_POINT ( 'NONE',  ( -5.950000000000000178, 2.399999999999998579, -18.59999999999999787 ) ) ;
#8694 = SPHERICAL_SURFACE ( 'NONE', #260, 0.2000000000000000111 ) ;
#8695 = CARTESIAN_POINT ( 'NONE',  ( -2.799999999999999822, -8.813878188659971968, -8.799999999999998934 ) ) ;
#8696 = EDGE_LOOP ( 'NONE', ( #996, #2495, #3373, #714 ) ) ;
#8697 = ORIENTED_EDGE ( 'NONE', *, *, #4056, .T. ) ;
#8698 = VECTOR ( 'NONE', #3970, 1000.000000000000000 ) ;
#8699 = CARTESIAN_POINT ( 'NONE',  ( -2.799999999999999822, -8.813878188659971968, -20.40000000000000213 ) ) ;
#8700 = EDGE_CURVE ( 'NONE', #4379, #9862, #10066, .T. ) ;
#8701 = EDGE_CURVE ( 'NONE', #3298, #1089, #1934, .T. ) ;
#8702 = LINE ( 'NONE', #3690, #4591 ) ;
#8703 = DIRECTION ( 'NONE',  ( 1.000000000000000000, 0.000000000000000000, 0.000000000000000000 ) ) ;
#8704 = VECTOR ( 'NONE', #10315, 1000.000000000000000 ) ;
#8705 = DIRECTION ( 'NONE',  ( -0.1709236235844713847, 0.9852842812613799017, 0.000000000000000000 ) ) ;
#8706 = CARTESIAN_POINT ( 'NONE',  ( -0.2716801181439501001, 0.3723418494999423678, -20.60000000000000142 ) ) ;
#8707 = VECTOR ( 'NONE', #822, 1000.000000000000000 ) ;
#8708 = DIRECTION ( 'NONE',  ( 1.000000000000000000, 0.000000000000000000, 0.000000000000000000 ) ) ;
#8709 = CARTESIAN_POINT ( 'NONE',  ( -5.216571559042785466, -0.8579084494446655995, -20.40000000000000568 ) ) ;
#8710 = CARTESIAN_POINT ( 'NONE',  ( 5.230764845064470592, -0.7171791466795186532, -20.40000000000000213 ) ) ;
#8711 = B_SPLINE_CURVE_WITH_KNOTS ( 'NONE', 3,
 ( #9292, #2077, #3533, #382, #9507, #2135, #5307, #4498, #4345, #488, #3692, #6164, #10329, #8648, #6983, #2936, #8433, #1066, #1921 ),
 .UNSPECIFIED., .F., .F.,
 ( 4, 1, 1, 1, 1, 1, 1, 1, 1, 1, 1, 1, 1, 1, 1, 1, 4 ),
 ( 0.000000000000000000, 0.06034176438934250875, 0.1182497680736599721, 0.1743376375533122469, 0.2288557001995815132, 0.2833648048174767786, 0.3378191339087432965, 0.3932413523772343433, 0.4500854667029100531, 0.5085937818794614707, 0.5685919726708194011, 0.6310814720443835846, 0.6968149473540715677, 0.7657656907541723346, 0.8392023722346616532, 0.9172829815521875707, 1.000000000000000000 ),
 .UNSPECIFIED. ) ;
#8712 = VERTEX_POINT ( 'NONE', #4249 ) ;
#8713 = CARTESIAN_POINT ( 'NONE',  ( 0.5091831959892778592, -0.8781456608398205965, -20.40000000000000213 ) ) ;
#8714 = CARTESIAN_POINT ( 'NONE',  ( -0.06988951610561722205, -0.4884423965068691587, -20.39999999999999503 ) ) ;
#8715 = VECTOR ( 'NONE', #5614, 1000.000000000000000 ) ;
#8716 = ORIENTED_EDGE ( 'NONE', *, *, #9742, .F. ) ;
#8717 =( NAMED_UNIT ( * ) PLANE_ANGLE_UNIT ( ) SI_UNIT ( $, .RADIAN. ) );
#8718 = CARTESIAN_POINT ( 'NONE',  ( -1.040735635179553142, -0.02648169980085948033, -20.60000000000000142 ) ) ;
#8719 = EDGE_CURVE ( 'NONE', #7314, #8618, #7487, .T. ) ;
#8720 = SURFACE_STYLE_USAGE ( .BOTH. , #717 ) ;
#8721 = DIRECTION ( 'NONE',  ( 0.000000000000000000, 0.000000000000000000, -1.000000000000000000 ) ) ;
#8722 = LINE ( 'NONE', #10576, #5042 ) ;
#8723 = DIRECTION ( 'NONE',  ( -1.000000000000000000, 0.000000000000000000, 0.000000000000000000 ) ) ;
#8724 = CARTESIAN_POINT ( 'NONE',  ( -5.325849423007393391, 0.3820689513447879659, -20.39999999999999858 ) ) ;
#8725 =( GEOMETRIC_REPRESENTATION_CONTEXT ( 3 ) GLOBAL_UNCERTAINTY_ASSIGNED_CONTEXT ( ( #1487 ) ) GLOBAL_UNIT_ASSIGNED_CONTEXT ( ( #9517, #10395, #9626 ) ) REPRESENTATION_CONTEXT ( 'NONE', 'WORKASPACE' ) );
#8726 = DIRECTION ( 'NONE',  ( -0.000000000000000000, -0.000000000000000000, 1.000000000000000000 ) ) ;
#8727 = FACE_OUTER_BOUND ( 'NONE', #2794, .T. ) ;
#8728 = ORIENTED_EDGE ( 'NONE', *, *, #1191, .T. ) ;
#8729 = CARTESIAN_POINT ( 'NONE',  ( -6.041319870812509762, 0.1917956141880400034, -20.39999999999999858 ) ) ;
#8730 = ORIENTED_EDGE ( 'NONE', *, *, #8501, .F. ) ;
#8731 = FACE_OUTER_BOUND ( 'NONE', #8029, .T. ) ;
#8732 = DIRECTION ( 'NONE',  ( -0.000000000000000000, -0.000000000000000000, -1.000000000000000000 ) ) ;
#8733 = MECHANICAL_DESIGN_GEOMETRIC_PRESENTATION_REPRESENTATION (  '', ( #3047 ), #322 ) ;
#8734 = FILL_AREA_STYLE ('',( #1472 ) ) ;
#8735 = CARTESIAN_POINT ( 'NONE',  ( -5.161042738633532245, 0.4583054439134070512, -20.59999999999999432 ) ) ;
#8736 = CARTESIAN_POINT ( 'NONE',  ( -1.599999999999999867, -5.999999999999997335, -2.000000000000000000 ) ) ;
#8737 = FACE_OUTER_BOUND ( 'NONE', #2193, .T. ) ;
#8738 = VERTEX_POINT ( 'NONE', #6728 ) ;
#8739 = CARTESIAN_POINT ( 'NONE',  ( -7.869140320336472705, -4.813878188659970192, -8.799999999999998934 ) ) ;
#8740 = FILL_AREA_STYLE ('',( #1479 ) ) ;
#8741 = DIRECTION ( 'NONE',  ( -0.000000000000000000, -0.000000000000000000, -1.000000000000000000 ) ) ;
#8742 = MECHANICAL_DESIGN_GEOMETRIC_PRESENTATION_REPRESENTATION (  '', ( #6331 ), #2547 ) ;
#8743 = VERTEX_POINT ( 'NONE', #5916 ) ;
#8744 =( NAMED_UNIT ( * ) PLANE_ANGLE_UNIT ( ) SI_UNIT ( $, .RADIAN. ) );
#8745 = CARTESIAN_POINT ( 'NONE',  ( -0.02775923693720732527, 0.3496284955083938661, -20.60000000000000853 ) ) ;
#8746 = CARTESIAN_POINT ( 'NONE',  ( -5.819252872969022050, -0.4366939112938671430, -20.60000000000000853 ) ) ;
#8747 = DIRECTION ( 'NONE',  ( -0.9922778767136674061, 0.1240347345892098135, 0.000000000000000000 ) ) ;
#8748 = CARTESIAN_POINT ( 'NONE',  ( 5.532015884582535570, -0.6335162293338469919, -20.59999999999999787 ) ) ;
#8749 = FACE_OUTER_BOUND ( 'NONE', #5692, .T. ) ;
#8750 = CYLINDRICAL_SURFACE ( 'NONE', #1426, 0.2000000000000000944 ) ;
#8751 = ORIENTED_EDGE ( 'NONE', *, *, #7698, .T. ) ;
#8752 = VERTEX_POINT ( 'NONE', #79 ) ;
#8753 = ADVANCED_FACE ( 'NONE', ( #4954 ), #584, .F. ) ;
#8754 = COLOUR_RGB ( '',1.000000000000000000, 1.000000000000000000, 1.000000000000000000 ) ;
#8755 = CARTESIAN_POINT ( 'NONE',  ( -0.3869207001146183211, -0.8976261803203399170, -20.40000000000000213 ) ) ;
#8756 = B_SPLINE_CURVE_WITH_KNOTS ( 'NONE', 3,
 ( #8755, #4771, #6261, #10492, #9663, #9552, #10436, #5569, #2175, #536, #5678, #7305, #8051, #4602, #8867, #3155, #5463, #1386, #4715, #1496, #1442, #6482, #6321, #4656, #7936, #704, #597 ),
 .UNSPECIFIED., .F., .F.,
 ( 4, 1, 1, 1, 1, 1, 1, 1, 1, 1, 1, 1, 1, 1, 1, 1, 1, 1, 1, 1, 1, 1, 1, 1, 4 ),
 ( 0.000000000000000000, 0.03786750941410618743, 0.07522974099211679477, 0.1116986872555678911, 0.1480143800936102039, 0.1837089632848837584, 0.2198332992550518228, 0.2560384872409124934, 0.2926674377743135325, 0.3296611864713219764, 0.3672877001204332137, 0.4056834604000009170, 0.4446281194314295471, 0.4852389659793892029, 0.5267674492456497770, 0.5698321703868837185, 0.6145742407773475691, 0.6602505343857363318, 0.7064724434595945901, 0.7529024076958235057, 0.8002367229667074477, 0.8487740561981981235, 0.8978373322265307266, 0.9483170958788843530, 1.000000000000000000 ),
 .UNSPECIFIED. ) ;
#8757 = DIRECTION ( 'NONE',  ( 0.000000000000000000, 0.000000000000000000, -1.000000000000000000 ) ) ;
#8758 = FACE_BOUND ( 'NONE', #2065, .T. ) ;
#8759 = VECTOR ( 'NONE', #8732, 1000.000000000000000 ) ;
#8760 = LINE ( 'NONE', #7998, #6032 ) ;
#8761 = CARTESIAN_POINT ( 'NONE',  ( -7.869140320336472705, 4.813878188659971080, -20.40000000000000213 ) ) ;
#8762 = PRESENTATION_STYLE_ASSIGNMENT (( #658 ) ) ;
#8763 = CARTESIAN_POINT ( 'NONE',  ( -0.6284765464451526062, 0.6314911320144278584, -20.60000000000000497 ) ) ;
#8764 = VERTEX_POINT ( 'NONE', #9202 ) ;
#8765 = ADVANCED_FACE ( 'NONE', ( #9902 ), #7587, .F. ) ;
#8766 = EDGE_CURVE ( 'NONE', #10386, #2998, #408, .T. ) ;
#8767 = CARTESIAN_POINT ( 'NONE',  ( -5.885292269162972545, 0.1669384525872934788, -20.40000000000000213 ) ) ;
#8768 = CARTESIAN_POINT ( 'NONE',  ( -2.799999999999999822, 8.813878188659971968, -2.200000000000000622 ) ) ;
#8769 = AXIS2_PLACEMENT_3D ( 'NONE', #5391, #10246, #8680 ) ;
#8770 = ORIENTED_EDGE ( 'NONE', *, *, #7143, .F. ) ;
#8771 = VERTEX_POINT ( 'NONE', #6780 ) ;
#8772 = CARTESIAN_POINT ( 'NONE',  ( 5.172090923346611469, -0.8801249901000534059, -20.59999999999999432 ) ) ;
#8773 = CARTESIAN_POINT ( 'NONE',  ( -0.9582493615752640803, 0.3676084172281290918, -20.40000000000000568 ) ) ;
#8774 = FILL_AREA_STYLE ('',( #9788 ) ) ;
#8775 = MECHANICAL_DESIGN_GEOMETRIC_PRESENTATION_REPRESENTATION (  '', ( #1566 ), #9128 ) ;
#8776 = CARTESIAN_POINT ( 'NONE',  ( 0.1280955336516154952, -0.2489857582424179205, -20.40000000000000213 ) ) ;
#8777 = EDGE_LOOP ( 'NONE', ( #3797, #5234, #4338, #7536 ) ) ;
#8778 = EDGE_CURVE ( 'NONE', #9342, #1913, #2681, .T. ) ;
#8779 = FACE_OUTER_BOUND ( 'NONE', #9727, .T. ) ;
#8780 = FILL_AREA_STYLE ('',( #3233 ) ) ;
#8781 = ORIENTED_EDGE ( 'NONE', *, *, #4739, .T. ) ;
#8782 = CARTESIAN_POINT ( 'NONE',  ( 1.500000000000000000, -9.096720901134592197, -2.000000000000000444 ) ) ;
#8783 = CARTESIAN_POINT ( 'NONE',  ( -0.05427222629045287683, -0.4472033534691811640, -20.60000000000000853 ) ) ;
#8784 = CARTESIAN_POINT ( 'NONE',  ( -3.000000000000000000, -8.813878188659971968, -2.200000000000000622 ) ) ;
#8785 = CARTESIAN_POINT ( 'NONE',  ( -5.574244743104808997, 0.6413348586406988350, -20.60000000000000142 ) ) ;
#8786 = SURFACE_STYLE_USAGE ( .BOTH. , #2103 ) ;
#8787 = DIRECTION ( 'NONE',  ( -0.000000000000000000, -0.000000000000000000, 1.000000000000000000 ) ) ;
#8788 = LINE ( 'NONE', #4692, #10144 ) ;
#8789 = ORIENTED_EDGE ( 'NONE', *, *, #4420, .T. ) ;
#8790 = CARTESIAN_POINT ( 'NONE',  ( 0.7479354879517681187, -0.2201091396479055995, -20.60000000000000497 ) ) ;
#8791 = LINE ( 'NONE', #5499, #10211 ) ;
#8792 = ORIENTED_EDGE ( 'NONE', *, *, #7785, .F. ) ;
#8793 = CARTESIAN_POINT ( 'NONE',  ( -5.103338197044060109, 0.01447209865829743314, -20.60000000000000497 ) ) ;
#8794 = FACE_BOUND ( 'NONE', #9437, .T. ) ;
#8795 = ORIENTED_EDGE ( 'NONE', *, *, #6229, .F. ) ;
#8796 = CARTESIAN_POINT ( 'NONE',  ( 0.000000000000000000, 9.213878188659972324, -2.000000000000000000 ) ) ;
#8797 = DIRECTION ( 'NONE',  ( -0.000000000000000000, -0.000000000000000000, -1.000000000000000000 ) ) ;
#8798 = UNCERTAINTY_MEASURE_WITH_UNIT (LENGTH_MEASURE( 1.000000000000000082E-05 ), #1801, 'distance_accuracy_value', 'NONE');
#8799 = CARTESIAN_POINT ( 'NONE',  ( -5.844139538320139771, -0.3667512949503004549, -20.60000000000000142 ) ) ;
#8800 = DIRECTION ( 'NONE',  ( -1.000000000000000000, 0.000000000000000000, -0.000000000000000000 ) ) ;
#8801 = CARTESIAN_POINT ( 'NONE',  ( -5.086927372974939132, 0.3643462222770624259, -20.40000000000000213 ) ) ;
#8802 = LINE ( 'NONE', #6368, #5366 ) ;
#8803 = ORIENTED_EDGE ( 'NONE', *, *, #8237, .F. ) ;
#8804 = VECTOR ( 'NONE', #108, 1000.000000000000000 ) ;
#8805 = EDGE_LOOP ( 'NONE', ( #1259, #4696, #7216, #5158 ) ) ;
#8806 = CARTESIAN_POINT ( 'NONE',  ( 4.703473685220139977, 0.2782162287069387951, -20.60000000000001208 ) ) ;
#8807 = CARTESIAN_POINT ( 'NONE',  ( 6.599999999999999645, 3.199999999999998401, 0.000000000000000000 ) ) ;
#8808 = CARTESIAN_POINT ( 'NONE',  ( 5.720807257173968985, 0.2298173490877513936, -20.60000000000000142 ) ) ;
#8809 = FACE_OUTER_BOUND ( 'NONE', #10350, .T. ) ;
#8810 = EDGE_LOOP ( 'NONE', ( #8109, #10570, #10476 ) ) ;
#8811 = DIRECTION ( 'NONE',  ( -1.000000000000000000, 0.000000000000000000, 0.000000000000000000 ) ) ;
#8812 = CIRCLE ( 'NONE', #1767, 0.9500000000000000666 ) ;
#8813 = CARTESIAN_POINT ( 'NONE',  ( -3.887353509338574487, 0.03713437162771186795, -20.60000000000000142 ) ) ;
#8814 = FACE_BOUND ( 'NONE', #2641, .T. ) ;
#8815 = ADVANCED_FACE ( 'NONE', ( #5375 ), #4358, .T. ) ;
#8816 = FACE_OUTER_BOUND ( 'NONE', #8600, .T. ) ;
#8817 = FILL_AREA_STYLE ('',( #5521 ) ) ;
#8818 = VECTOR ( 'NONE', #1432, 1000.000000000000000 ) ;
#8819 = AXIS2_PLACEMENT_3D ( 'NONE', #3391, #880, #1681 ) ;
#8820 = VERTEX_POINT ( 'NONE', #6884 ) ;
#8821 = SURFACE_STYLE_FILL_AREA ( #1341 ) ;
#8822 = CARTESIAN_POINT ( 'NONE',  ( 3.199999999999999734, -4.813878188659972857, -20.40000000000000213 ) ) ;
#8823 = ORIENTED_EDGE ( 'NONE', *, *, #5221, .T. ) ;
#8824 = EDGE_LOOP ( 'NONE', ( #10223, #9032, #10423, #5836 ) ) ;
#8825 = CARTESIAN_POINT ( 'NONE',  ( 5.003682562064584616, -0.7978038327330175816, -20.40000000000000213 ) ) ;
#8826 = CARTESIAN_POINT ( 'NONE',  ( 5.428319606587837853, 0.5724995180032267372, -20.60000000000000497 ) ) ;
#8827 = PRESENTATION_STYLE_ASSIGNMENT (( #8720 ) ) ;
#8828 = CARTESIAN_POINT ( 'NONE',  ( -2.399999999999999911, 5.199999999999997513, -20.60000000000000142 ) ) ;
#8829 = DIRECTION ( 'NONE',  ( -0.000000000000000000, -0.000000000000000000, 1.000000000000000000 ) ) ;
#8830 = EDGE_CURVE ( 'NONE', #1550, #1283, #2948, .T. ) ;
#8831 = EDGE_CURVE ( 'NONE', #10208, #9971, #8641, .T. ) ;
#8832 = LINE ( 'NONE', #5645, #9170 ) ;
#8833 = CARTESIAN_POINT ( 'NONE',  ( 2.400000000000000355, 3.999999999999998224, -18.59999999999999787 ) ) ;
#8834 =( NAMED_UNIT ( * ) SI_UNIT ( $, .STERADIAN. ) SOLID_ANGLE_UNIT ( ) );
#8835 = ORIENTED_EDGE ( 'NONE', *, *, #3420, .F. ) ;
#8836 = VECTOR ( 'NONE', #9560, 1000.000000000000000 ) ;
#8837 = SURFACE_STYLE_FILL_AREA ( #7852 ) ;
#8838 = SURFACE_STYLE_FILL_AREA ( #8780 ) ;
#8839 = VECTOR ( 'NONE', #1255, 1000.000000000000114 ) ;
#8840 = VERTEX_POINT ( 'NONE', #5264 ) ;
#8841 = FACE_OUTER_BOUND ( 'NONE', #9962, .T. ) ;
#8842 = ADVANCED_FACE ( 'NONE', ( #9411 ), #500, .T. ) ;
#8843 = ADVANCED_FACE ( 'NONE', ( #2034 ), #9512, .T. ) ;
#8844 = VECTOR ( 'NONE', #2169, 1000.000000000000000 ) ;
#8845 = DIRECTION ( 'NONE',  ( -0.000000000000000000, -0.000000000000000000, -1.000000000000000000 ) ) ;
#8846 = CARTESIAN_POINT ( 'NONE',  ( 1.647369568930549616E-15, -4.813878188659973745, -20.40000000000000213 ) ) ;
#8847 = DIRECTION ( 'NONE',  ( -0.000000000000000000, -0.000000000000000000, 1.000000000000000000 ) ) ;
#8848 = CARTESIAN_POINT ( 'NONE',  ( 1.215960793391875239, 0.6218543391601795145, -20.40000000000000213 ) ) ;
#8849 = ORIENTED_EDGE ( 'NONE', *, *, #7591, .F. ) ;
#8850 = CARTESIAN_POINT ( 'NONE',  ( -0.7506077167398194083, 0.3685700111848581595, -20.40000000000000568 ) ) ;
#8851 = LINE ( 'NONE', #6413, #1540 ) ;
#8852 = EDGE_LOOP ( 'NONE', ( #455, #985, #10247, #6045 ) ) ;
#8853 = CARTESIAN_POINT ( 'NONE',  ( 4.778231214447146158, 0.4513562701014059986, -20.39999999999999503 ) ) ;
#8854 = ORIENTED_EDGE ( 'NONE', *, *, #632, .F. ) ;
#8855 = B_SPLINE_CURVE_WITH_KNOTS ( 'NONE', 3,
 ( #7800, #1558, #3708, #7845, #7309, #8113, #756, #4279, #5038, #7408, #3317, #2504, #2611, #6757, #4221, #2455, #9825, #5893, #4111 ),
 .UNSPECIFIED., .F., .F.,
 ( 4, 1, 1, 1, 1, 1, 1, 1, 1, 1, 1, 1, 1, 1, 1, 1, 4 ),
 ( 0.000000000000000000, 0.06376393918693079588, 0.1254996419628037485, 0.1853201548928869735, 0.2440665310031925050, 0.3018714708099726751, 0.3600659918691173078, 0.4185026823197829371, 0.4780536029192654635, 0.5383458409363679475, 0.5988379080389254483, 0.6601493054241064362, 0.7232466713826743998, 0.7877963753377784650, 0.8553687404545246009, 0.9262049282472267775, 1.000000000000000000 ),
 .UNSPECIFIED. ) ;
#8856 = CARTESIAN_POINT ( 'NONE',  ( -5.467745923810293007, -0.7218055195118801004, -20.39999999999999503 ) ) ;
#8857 = CARTESIAN_POINT ( 'NONE',  ( 8.069140320336472882, -4.813878188659971080, -2.200000000000000622 ) ) ;
#8858 = EDGE_CURVE ( 'NONE', #4048, #2833, #180, .T. ) ;
#8859 = EDGE_LOOP ( 'NONE', ( #1963, #10603, #5082, #4062 ) ) ;
#8860 = LINE ( 'NONE', #2167, #5528 ) ;
#8861 = CARTESIAN_POINT ( 'NONE',  ( 5.604507621462593292, -0.5410812290118283130, -20.40000000000000213 ) ) ;
#8862 = DIRECTION ( 'NONE',  ( 1.000000000000000000, 0.000000000000000000, 0.000000000000000000 ) ) ;
#8863 = CARTESIAN_POINT ( 'NONE',  ( -5.072905876082416832, 0.3427806668329122508, -20.39999999999999858 ) ) ;
#8864 = EDGE_LOOP ( 'NONE', ( #6885, #5171, #7384 ) ) ;
#8865 = ORIENTED_EDGE ( 'NONE', *, *, #5931, .F. ) ;
#8866 = CARTESIAN_POINT ( 'NONE',  ( 4.895374619918377412, -0.3954357944268942493, -20.60000000000000142 ) ) ;
#8867 = CARTESIAN_POINT ( 'NONE',  ( -0.004108314198822273812, -0.6982681162918200624, -20.40000000000000213 ) ) ;
#8868 = VECTOR ( 'NONE', #8676, 1000.000000000000000 ) ;
#8869 = CARTESIAN_POINT ( 'NONE',  ( -2.399999999999999911, 5.199999999999997513, -18.59999999999999787 ) ) ;
#8870 = PRESENTATION_STYLE_ASSIGNMENT (( #5572 ) ) ;
#8871 = FACE_BOUND ( 'NONE', #4416, .T. ) ;
#8872 = CARTESIAN_POINT ( 'NONE',  ( -0.5679650766118642391, -0.6772330428606009312, -20.60000000000000497 ) ) ;
#8873 = CARTESIAN_POINT ( 'NONE',  ( -5.264250758855396839, -0.8758663848790338990, -20.39999999999999858 ) ) ;
#8874 = AXIS2_PLACEMENT_3D ( 'NONE', #4514, #5918, #10289 ) ;
#8875 = DIRECTION ( 'NONE',  ( -1.000000000000000000, 0.000000000000000000, 0.000000000000000000 ) ) ;
#8876 = ORIENTED_EDGE ( 'NONE', *, *, #1057, .T. ) ;
#8877 = FACE_OUTER_BOUND ( 'NONE', #2777, .T. ) ;
#8878 = EDGE_CURVE ( 'NONE', #7251, #1400, #4734, .T. ) ;
#8879 = DIRECTION ( 'NONE',  ( 0.000000000000000000, 0.000000000000000000, 1.000000000000000000 ) ) ;
#8880 = ORIENTED_EDGE ( 'NONE', *, *, #6676, .T. ) ;
#8881 = DIRECTION ( 'NONE',  ( 0.9922778767136675171, 0.1240347345892091335, 0.000000000000000000 ) ) ;
#8882 = CARTESIAN_POINT ( 'NONE',  ( 5.569904444396411414, 0.4583054439134071067, -20.39999999999999503 ) ) ;
#8883 = AXIS2_PLACEMENT_3D ( 'NONE', #6781, #1936, #2790 ) ;
#8884 = AXIS2_PLACEMENT_3D ( 'NONE', #9829, #855, #6657 ) ;
#8885 = AXIS2_PLACEMENT_3D ( 'NONE', #9115, #5711, #9007 ) ;
#8886 = CARTESIAN_POINT ( 'NONE',  ( -4.020265311158486732, 0.09471229587822985185, -20.40000000000000213 ) ) ;
#8887 = DIRECTION ( 'NONE',  ( 3.422125580184494708E-16, -1.000000000000000000, 0.000000000000000000 ) ) ;
#8888 = LINE ( 'NONE', #721, #9201 ) ;
#8889 = ORIENTED_EDGE ( 'NONE', *, *, #3935, .F. ) ;
#8890 = CIRCLE ( 'NONE', #298, 0.1999999999999987899 ) ;
#8891 = AXIS2_PLACEMENT_3D ( 'NONE', #9564, #7792, #4505 ) ;
#8892 = EDGE_CURVE ( 'NONE', #10335, #7756, #8722, .T. ) ;
#8893 = ORIENTED_EDGE ( 'NONE', *, *, #2438, .T. ) ;
#8894 = FILL_AREA_STYLE ('',( #46 ) ) ;
#8895 = CARTESIAN_POINT ( 'NONE',  ( -0.02879288598015550260, -0.3072438019053845837, -20.59999999999999787 ) ) ;
#8896 = PRESENTATION_LAYER_ASSIGNMENT (  '', '', ( #4057 ) ) ;
#8897 = STYLED_ITEM ( 'NONE', ( #5831 ), #5206 ) ;
#8898 = AXIS2_PLACEMENT_3D ( 'NONE', #5857, #4294, #5057 ) ;
#8899 = CARTESIAN_POINT ( 'NONE',  ( -3.825563736611302001, 0.6218543391601795145, -20.40000000000000213 ) ) ;
#8900 = CARTESIAN_POINT ( 'NONE',  ( -4.339058054793120789, -0.3573461478528076607, -20.40000000000000568 ) ) ;
#8901 = DIRECTION ( 'NONE',  ( 0.4226182617407014397, 0.000000000000000000, 0.9063077870366490485 ) ) ;
#8902 = LINE ( 'NONE', #7287, #358 ) ;
#8903 = VERTEX_POINT ( 'NONE', #670 ) ;
#8904 = ADVANCED_FACE ( 'NONE', ( #3872 ), #7220, .F. ) ;
#8905 = CIRCLE ( 'NONE', #10459, 9.799999999999997158 ) ;
#8906 = EDGE_CURVE ( 'NONE', #6935, #3065, #2257, .T. ) ;
#8907 = CARTESIAN_POINT ( 'NONE',  ( 0.000000000000000000, 0.000000000000000000, 8.000000000000000000 ) ) ;
#8908 = ORIENTED_EDGE ( 'NONE', *, *, #6822, .T. ) ;
#8909 = CARTESIAN_POINT ( 'NONE',  ( -5.574244743104808997, 0.6413348586406988350, -20.40000000000000213 ) ) ;
#8910 = CARTESIAN_POINT ( 'NONE',  ( -5.171971089580430281, -0.6065495339966484600, -20.60000000000000853 ) ) ;
#8911 = FILL_AREA_STYLE_COLOUR ( '', #10266 ) ;
#8912 = ORIENTED_EDGE ( 'NONE', *, *, #6741, .T. ) ;
#8913 = B_SPLINE_SURFACE_WITH_KNOTS ( 'NONE', 3, 1, ( 
 ( #1194, #1629 ),
 ( #5490, #4743 ),
 ( #1525, #8895 ),
 ( #8951, #3986 ),
 ( #7378, #8132 ),
 ( #777, #8783 ),
 ( #4897, #4032 ),
 ( #3236, #8182 ),
 ( #10469, #824 ),
 ( #7971, #3079 ),
 ( #9638, #1580 ),
 ( #6511, #3288 ),
 ( #6562, #3134 ),
 ( #7284, #9796 ),
 ( #2425, #7229 ),
 ( #7327, #1416 ),
 ( #10524, #6349 ),
 ( #6402, #2377 ),
 ( #2268, #5703 ) ),
 .UNSPECIFIED., .F., .F., .F.,
 ( 4, 1, 1, 1, 1, 1, 1, 1, 1, 1, 1, 1, 1, 1, 1, 1, 4 ),
 ( 2, 2 ),
 ( 0.000000000000000000, 0.07801346776165428432, 0.1522613115028609021, 0.2235950849127216755, 0.2920151760112269512, 0.3581992150092980220, 0.4226018728230281907, 0.4858478281162502133, 0.5492399402237552186, 0.6108689457109033327, 0.6696739721897639885, 0.7262941610749205079, 0.7815304091910882933, 0.8356122477895496781, 0.8896006672793732584, 0.9444145362814085898, 0.9999999999999998890 ),
 ( 0.000000000000000000, 1.000000000000000000 ),
 .UNSPECIFIED. ) ;
#8914 = DIRECTION ( 'NONE',  ( 1.000000000000000000, 0.000000000000000000, -0.000000000000000000 ) ) ;
#8915 = MECHANICAL_DESIGN_GEOMETRIC_PRESENTATION_REPRESENTATION (  '', ( #6322 ), #1001 ) ;
#8916 = UNCERTAINTY_MEASURE_WITH_UNIT (LENGTH_MEASURE( 1.000000000000000082E-05 ), #3, 'distance_accuracy_value', 'NONE');
#8917 = DIRECTION ( 'NONE',  ( 0.000000000000000000, 0.000000000000000000, -1.000000000000000000 ) ) ;
#8918 =( LENGTH_UNIT ( ) NAMED_UNIT ( * ) SI_UNIT ( .MILLI., .METRE. ) );
#8919 =( LENGTH_UNIT ( ) NAMED_UNIT ( * ) SI_UNIT ( .MILLI., .METRE. ) );
#8920 = FACE_BOUND ( 'NONE', #8191, .T. ) ;
#8921 = DIRECTION ( 'NONE',  ( 1.084202172485504434E-16, -1.000000000000000000, 0.000000000000000000 ) ) ;
#8922 = EDGE_LOOP ( 'NONE', ( #525, #2817, #871, #3665 ) ) ;
#8923 = ORIENTED_EDGE ( 'NONE', *, *, #3643, .T. ) ;
#8924 = EDGE_CURVE ( 'NONE', #8738, #4115, #3175, .T. ) ;
#8925 = DIRECTION ( 'NONE',  ( 1.084202172485504434E-16, 1.000000000000000000, -0.000000000000000000 ) ) ;
#8926 = CARTESIAN_POINT ( 'NONE',  ( -0.8344309045692396287, -0.6649935870222206669, -20.59999999999999076 ) ) ;
#8927 = CARTESIAN_POINT ( 'NONE',  ( -7.400000000000000355, 0.7999999999999984901, -20.60000000000000142 ) ) ;
#8928 = CARTESIAN_POINT ( 'NONE',  ( 7.400000000000000355, 3.999999999999998224, -18.59999999999999787 ) ) ;
#8929 = LINE ( 'NONE', #5413, #2089 ) ;
#8930 = CARTESIAN_POINT ( 'NONE',  ( 4.882453251613447343, -0.3521716348657945583, -20.40000000000000213 ) ) ;
#8931 = DIRECTION ( 'NONE',  ( 0.000000000000000000, 1.000000000000000000, 0.000000000000000000 ) ) ;
#8932 = SURFACE_STYLE_FILL_AREA ( #9030 ) ;
#8933 = SURFACE_STYLE_USAGE ( .BOTH. , #3057 ) ;
#8934 = CARTESIAN_POINT ( 'NONE',  ( -4.991352472577962551, -0.6456856532442476482, -20.39999999999999503 ) ) ;
#8935 = CARTESIAN_POINT ( 'NONE',  ( 5.168855100262184088, -0.7010883149031289507, -20.60000000000000142 ) ) ;
#8936 = VECTOR ( 'NONE', #10659, 1000.000000000000000 ) ;
#8937 = ORIENTED_EDGE ( 'NONE', *, *, #7270, .F. ) ;
#8938 = CARTESIAN_POINT ( 'NONE',  ( -0.2000294663483845048, 0.2995126183809586617, -20.40000000000000213 ) ) ;
#8939 = ORIENTED_EDGE ( 'NONE', *, *, #1972, .T. ) ;
#8940 = CARTESIAN_POINT ( 'NONE',  ( 5.299133044316658214, 0.6243921008024786445, -20.59999999999999787 ) ) ;
#8941 = FACE_OUTER_BOUND ( 'NONE', #7117, .T. ) ;
#8942 = CARTESIAN_POINT ( 'NONE',  ( 2.400000000000000355, 5.199999999999997513, -18.59999999999999787 ) ) ;
#8943 = DIRECTION ( 'NONE',  ( -1.084202172485504434E-16, 1.000000000000000000, 0.000000000000000000 ) ) ;
#8944 = PLANE ( 'NONE',  #5719 ) ;
#8945 = CARTESIAN_POINT ( 'NONE',  ( -5.933834685058972269, -0.5504493902215692458, -20.39999999999999147 ) ) ;
#8946 = VERTEX_POINT ( 'NONE', #6444 ) ;
#8947 = PRESENTATION_LAYER_ASSIGNMENT (  '', '', ( #2907 ) ) ;
#8948 = CARTESIAN_POINT ( 'NONE',  ( 0.9977267729110875782, 0.02188056858256886422, -20.60000000000000142 ) ) ;
#8949 = ORIENTED_EDGE ( 'NONE', *, *, #10363, .F. ) ;
#8950 = PRESENTATION_STYLE_ASSIGNMENT (( #2376 ) ) ;
#8951 = CARTESIAN_POINT ( 'NONE',  ( -0.03408593858057885895, -0.3564896355670357786, -20.40000000000000213 ) ) ;
#8952 = AXIS2_PLACEMENT_3D ( 'NONE', #7920, #9533, #7018 ) ;
#8953 = EDGE_CURVE ( 'NONE', #1776, #9985, #9781, .T. ) ;
#8954 = DIRECTION ( 'NONE',  ( 0.000000000000000000, 0.000000000000000000, -1.000000000000000000 ) ) ;
#8955 = CARTESIAN_POINT ( 'NONE',  ( -3.400000000000000355, 1.599999999999998535, -2.000000000000000000 ) ) ;
#8956 = CARTESIAN_POINT ( 'NONE',  ( -1.700000000000000178, 9.013878188659973034, -9.000000000000000000 ) ) ;
#8957 = ORIENTED_EDGE ( 'NONE', *, *, #8093, .T. ) ;
#8958 =( GEOMETRIC_REPRESENTATION_CONTEXT ( 3 ) GLOBAL_UNCERTAINTY_ASSIGNED_CONTEXT ( ( #2548 ) ) GLOBAL_UNIT_ASSIGNED_CONTEXT ( ( #10412, #3939, #5442 ) ) REPRESENTATION_CONTEXT ( 'NONE', 'WORKASPACE' ) );
#8959 = ORIENTED_EDGE ( 'NONE', *, *, #7254, .T. ) ;
#8960 =( NAMED_UNIT ( * ) SI_UNIT ( $, .STERADIAN. ) SOLID_ANGLE_UNIT ( ) );
#8961 = CARTESIAN_POINT ( 'NONE',  ( 1.154171020664602754, 0.03713437162771186795, -20.60000000000000142 ) ) ;
#8962 = ORIENTED_EDGE ( 'NONE', *, *, #9482, .F. ) ;
#8963 = DIRECTION ( 'NONE',  ( -0.000000000000000000, -0.000000000000000000, -1.000000000000000000 ) ) ;
#8964 = ADVANCED_FACE ( 'NONE', ( #2313 ), #9571, .F. ) ;
#8965 = CARTESIAN_POINT ( 'NONE',  ( -9.999999999999998224, 0.000000000000000000, -1.799999999999999600 ) ) ;
#8966 = EDGE_CURVE ( 'NONE', #4766, #1345, #1720, .T. ) ;
#8967 = DIRECTION ( 'NONE',  ( -0.000000000000000000, -0.000000000000000000, -1.000000000000000000 ) ) ;
#8968 = FACE_OUTER_BOUND ( 'NONE', #6097, .T. ) ;
#8969 = CARTESIAN_POINT ( 'NONE',  ( -0.5763242777639629999, 0.6398029995973137929, -20.60000000000000853 ) ) ;
#8970 = ORIENTED_EDGE ( 'NONE', *, *, #2456, .F. ) ;
#8971 = VERTEX_POINT ( 'NONE', #8383 ) ;
#8972 = CARTESIAN_POINT ( 'NONE',  ( 4.687648056808252583, 0.1738023911082314521, -20.60000000000000497 ) ) ;
#8973 = CARTESIAN_POINT ( 'NONE',  ( 5.658041306947525939, 0.3427806668329123618, -20.39999999999999858 ) ) ;
#8974 =( GEOMETRIC_REPRESENTATION_CONTEXT ( 3 ) GLOBAL_UNCERTAINTY_ASSIGNED_CONTEXT ( ( #528 ) ) GLOBAL_UNIT_ASSIGNED_CONTEXT ( ( #4742, #3133, #7283 ) ) REPRESENTATION_CONTEXT ( 'NONE', 'WORKASPACE' ) );
#8975 = PRESENTATION_STYLE_ASSIGNMENT (( #9448 ) ) ;
#8976 = CARTESIAN_POINT ( 'NONE',  ( 1.600000000000000089, 1.599999999999998535, -2.000000000000000000 ) ) ;
#8977 = DIRECTION ( 'NONE',  ( -1.000000000000000000, 0.000000000000000000, 0.000000000000000000 ) ) ;
#8978 = LINE ( 'NONE', #1759, #4143 ) ;
#8979 = CARTESIAN_POINT ( 'NONE',  ( 2.799999999999999378, 5.213878188659972324, -20.60000000000000142 ) ) ;
#8980 = EDGE_CURVE ( 'NONE', #744, #9943, #5868, .T. ) ;
#8981 = LINE ( 'NONE', #2458, #7292 ) ;
#8982 = ORIENTED_EDGE ( 'NONE', *, *, #2314, .F. ) ;
#8983 = PRESENTATION_LAYER_ASSIGNMENT (  '', '', ( #8630 ) ) ;
#8984 = DIRECTION ( 'NONE',  ( 0.000000000000000000, 0.000000000000000000, -1.000000000000000000 ) ) ;
#8985 = SURFACE_SIDE_STYLE ('',( #860 ) ) ;
#8986 = VERTEX_POINT ( 'NONE', #3280 ) ;
#8987 = CIRCLE ( 'NONE', #911, 0.1999999999999987899 ) ;
#8988 = CARTESIAN_POINT ( 'NONE',  ( 5.264756356219967515, 0.6319399841552814090, -20.40000000000000213 ) ) ;
#8989 = CARTESIAN_POINT ( 'NONE',  ( -5.323499884582465036, -0.7064996948634456597, -20.40000000000000568 ) ) ;
#8990 = DIRECTION ( 'NONE',  ( -1.084202172485504434E-16, 1.000000000000000000, 0.000000000000000000 ) ) ;
#8991 = CARTESIAN_POINT ( 'NONE',  ( -3.988037270973405768, 0.2005298033677748171, -20.40000000000000213 ) ) ;
#8992 = DIRECTION ( 'NONE',  ( -0.000000000000000000, -0.000000000000000000, -1.000000000000000000 ) ) ;
#8993 = EDGE_CURVE ( 'NONE', #3412, #2929, #3987, .T. ) ;
#8994 = DIRECTION ( 'NONE',  ( 1.000000000000000000, 0.000000000000000000, 0.000000000000000000 ) ) ;
#8995 =( GEOMETRIC_REPRESENTATION_CONTEXT ( 3 ) GLOBAL_UNCERTAINTY_ASSIGNED_CONTEXT ( ( #9210 ) ) GLOBAL_UNIT_ASSIGNED_CONTEXT ( ( #3451, #8593, #6997 ) ) REPRESENTATION_CONTEXT ( 'NONE', 'WORKASPACE' ) );
#8996 = DIRECTION ( 'NONE',  ( 0.000000000000000000, -0.000000000000000000, 1.000000000000000000 ) ) ;
#8997 = STYLED_ITEM ( 'NONE', ( #9069 ), #3235 ) ;
#8998 = ORIENTED_EDGE ( 'NONE', *, *, #277, .T. ) ;
#8999 = CARTESIAN_POINT ( 'NONE',  ( 0.9855427739113558072, -0.01582829070995042664, -20.60000000000000142 ) ) ;
#9000 = ORIENTED_EDGE ( 'NONE', *, *, #3700, .T. ) ;
#9001 =( NAMED_UNIT ( * ) SI_UNIT ( $, .STERADIAN. ) SOLID_ANGLE_UNIT ( ) );
#9002 = CARTESIAN_POINT ( 'NONE',  ( -6.004338087260653545, -0.3716521543463142674, -20.60000000000000142 ) ) ;
#9003 =( GEOMETRIC_REPRESENTATION_CONTEXT ( 3 ) GLOBAL_UNCERTAINTY_ASSIGNED_CONTEXT ( ( #5225 ) ) GLOBAL_UNIT_ASSIGNED_CONTEXT ( ( #4929, #7570, #3368 ) ) REPRESENTATION_CONTEXT ( 'NONE', 'WORKASPACE' ) );
#9004 = CARTESIAN_POINT ( 'NONE',  ( -3.928624128444137664, 0.3128797459651007085, -20.39999999999999858 ) ) ;
#9005 = DIRECTION ( 'NONE',  ( 0.000000000000000000, 0.000000000000000000, -1.000000000000000000 ) ) ;
#9006 = EDGE_LOOP ( 'NONE', ( #10227, #5665, #1056, #6974, #6589 ) ) ;
#9007 = DIRECTION ( 'NONE',  ( -1.000000000000000000, 0.000000000000000000, 0.000000000000000000 ) ) ;
#9008 = CARTESIAN_POINT ( 'NONE',  ( -0.8837132697995018216, 0.04300851879375515441, -20.39999999999999858 ) ) ;
#9009 = ORIENTED_EDGE ( 'NONE', *, *, #5265, .F. ) ;
#9010 = CARTESIAN_POINT ( 'NONE',  ( -4.980112948019730368, 0.1570485001312081907, -20.40000000000000213 ) ) ;
#9011 = EDGE_CURVE ( 'NONE', #7461, #9750, #9852, .T. ) ;
#9012 = CARTESIAN_POINT ( 'NONE',  ( -5.562092082767762236, -0.7010883149031290618, -20.60000000000000853 ) ) ;
#9013 = CARTESIAN_POINT ( 'NONE',  ( -0.5956390072244778233, -0.6605082053940024567, -20.39999999999999858 ) ) ;
#9014 = B_SPLINE_CURVE_WITH_KNOTS ( 'NONE', 3,
 ( #9285, #274, #1112, #7781, #6000, #10212, #374, #6813, #10153, #2820, #10107, #3525, #2128, #481, #430, #5411, #6096, #6158, #1914 ),
 .UNSPECIFIED., .F., .F.,
 ( 4, 1, 1, 1, 1, 1, 1, 1, 1, 1, 1, 1, 1, 1, 1, 1, 4 ),
 ( 0.000000000000000000, 0.06376393918693079588, 0.1254996419628037485, 0.1853201548928869735, 0.2440665310031925050, 0.3018714708099726751, 0.3600659918691173078, 0.4185026823197829371, 0.4780536029192654635, 0.5383458409363679475, 0.5988379080389254483, 0.6601493054241064362, 0.7232466713826743998, 0.7877963753377784650, 0.8553687404545246009, 0.9262049282472267775, 1.000000000000000000 ),
 .UNSPECIFIED. ) ;
#9015 = DIRECTION ( 'NONE',  ( -0.000000000000000000, -0.000000000000000000, -1.000000000000000000 ) ) ;
#9016 = UNCERTAINTY_MEASURE_WITH_UNIT (LENGTH_MEASURE( 1.000000000000000082E-05 ), #9230, 'distance_accuracy_value', 'NONE');
#9017 = DIRECTION ( 'NONE',  ( 0.000000000000000000, 0.000000000000000000, 1.000000000000000000 ) ) ;
#9018 = LINE ( 'NONE', #1641, #8095 ) ;
#9019 =( NAMED_UNIT ( * ) PLANE_ANGLE_UNIT ( ) SI_UNIT ( $, .RADIAN. ) );
#9020 = CARTESIAN_POINT ( 'NONE',  ( 2.400000000000000355, 3.999999999999998224, -18.59999999999999787 ) ) ;
#9021 = FACE_OUTER_BOUND ( 'NONE', #5949, .T. ) ;
#9022 = ORIENTED_EDGE ( 'NONE', *, *, #38, .F. ) ;
#9023 = DIRECTION ( 'NONE',  ( -0.000000000000000000, -0.000000000000000000, -1.000000000000000000 ) ) ;
#9024 = SURFACE_STYLE_FILL_AREA ( #9130 ) ;
#9025 = ADVANCED_FACE ( 'NONE', ( #5102 ), #6910, .F. ) ;
#9026 = CARTESIAN_POINT ( 'NONE',  ( 3.199999999999999734, 5.213878188659972324, -2.000000000000000000 ) ) ;
#9027 = CARTESIAN_POINT ( 'NONE',  ( -0.1029045356021820873, -0.8024666683736527695, -20.60000000000000497 ) ) ;
#9028 = DIRECTION ( 'NONE',  ( 2.168404344971007685E-15, 0.000000000000000000, 1.000000000000000000 ) ) ;
#9029 = DIRECTION ( 'NONE',  ( -0.000000000000000000, -0.000000000000000000, -1.000000000000000000 ) ) ;
#9030 = FILL_AREA_STYLE ('',( #8161 ) ) ;
#9031 = DIRECTION ( 'NONE',  ( 0.000000000000000000, 0.000000000000000000, -1.000000000000000000 ) ) ;
#9032 = ORIENTED_EDGE ( 'NONE', *, *, #10074, .F. ) ;
#9033 = CARTESIAN_POINT ( 'NONE',  ( -0.3366153831198632762, 0.6104138278623457703, -20.60000000000000142 ) ) ;
#9034 = EDGE_CURVE ( 'NONE', #3523, #4038, #7370, .T. ) ;
#9035 = CARTESIAN_POINT ( 'NONE',  ( -0.1582749910809763128, 0.2466610237576352394, -20.39999999999999858 ) ) ;
#9036 = ADVANCED_FACE ( 'NONE', ( #9786 ), #1624, .F. ) ;
#9037 = DIRECTION ( 'NONE',  ( -0.000000000000000000, 0.000000000000000000, -1.000000000000000000 ) ) ;
#9038 =( NAMED_UNIT ( * ) SI_UNIT ( $, .STERADIAN. ) SOLID_ANGLE_UNIT ( ) );
#9039 = CARTESIAN_POINT ( 'NONE',  ( 5.636719940757845215, -0.4612445190241208914, -20.59999999999999432 ) ) ;
#9040 = CARTESIAN_POINT ( 'NONE',  ( 6.599999999999999645, 1.599999999999998757, -2.000000000000000000 ) ) ;
#9041 = CARTESIAN_POINT ( 'NONE',  ( 5.817022912173973381, -0.2288753676450994146, -20.40000000000000213 ) ) ;
#9042 = CARTESIAN_POINT ( 'NONE',  ( -2.799999999999999378, -5.213878188659972324, -20.40000000000000213 ) ) ;
#9043 = FILL_AREA_STYLE ('',( #3981 ) ) ;
#9044 = ORIENTED_EDGE ( 'NONE', *, *, #3246, .F. ) ;
#9045 = COLOUR_RGB ( '',1.000000000000000000, 1.000000000000000000, 1.000000000000000000 ) ;
#9046 = PRESENTATION_LAYER_ASSIGNMENT (  '', '', ( #3531 ) ) ;
#9047 = ADVANCED_FACE ( 'NONE', ( #2520 ), #4888, .T. ) ;
#9048 = ORIENTED_EDGE ( 'NONE', *, *, #7955, .F. ) ;
#9049 = DIRECTION ( 'NONE',  ( -0.000000000000000000, 1.000000000000000000, -0.000000000000000000 ) ) ;
#9050 = FACE_OUTER_BOUND ( 'NONE', #4905, .T. ) ;
#9051 = CARTESIAN_POINT ( 'NONE',  ( 0.6428464948296740422, -0.5683404060495109711, -20.59999999999999787 ) ) ;
#9052 = MECHANICAL_DESIGN_GEOMETRIC_PRESENTATION_REPRESENTATION (  '', ( #10439 ), #10078 ) ;
#9053 = FACE_OUTER_BOUND ( 'NONE', #5933, .T. ) ;
#9054 = PRESENTATION_LAYER_ASSIGNMENT (  '', '', ( #470 ) ) ;
#9055 = CARTESIAN_POINT ( 'NONE',  ( -4.194171691156756587, 0.05661489110823133414, -20.40000000000000213 ) ) ;
#9056 = LINE ( 'NONE', #2539, #7056 ) ;
#9057 = ORIENTED_EDGE ( 'NONE', *, *, #229, .T. ) ;
#9058 = CARTESIAN_POINT ( 'NONE',  ( -0.7216128592065546021, 0.3947657277073619575, -20.59999999999999432 ) ) ;
#9059 = ORIENTED_EDGE ( 'NONE', *, *, #2314, .T. ) ;
#9060 = COLOUR_RGB ( '',0.6941176470588235059, 0.09803921568627450844, 0.09803921568627450844 ) ;
#9061 = STYLED_ITEM ( 'NONE', ( #4045 ), #5193 ) ;
#9062 = VECTOR ( 'NONE', #336, 1000.000000000000000 ) ;
#9063 = CARTESIAN_POINT ( 'NONE',  ( -5.646962548036243312, -0.6568877140137276971, -20.40000000000000213 ) ) ;
#9064 = LINE ( 'NONE', #3251, #2449 ) ;
#9065 = CARTESIAN_POINT ( 'NONE',  ( -2.399999999999999911, 8.399999999999998579, -20.60000000000000142 ) ) ;
#9066 = DIRECTION ( 'NONE',  ( 0.000000000000000000, 0.000000000000000000, -1.000000000000000000 ) ) ;
#9067 = LINE ( 'NONE', #8099, #1844 ) ;
#9068 = LINE ( 'NONE', #3253, #5565 ) ;
#9069 = PRESENTATION_STYLE_ASSIGNMENT (( #4210 ) ) ;
#9070 = ORIENTED_EDGE ( 'NONE', *, *, #765, .F. ) ;
#9071 = AXIS2_PLACEMENT_3D ( 'NONE', #231, #869, #7372 ) ;
#9072 = CARTESIAN_POINT ( 'NONE',  ( 0.7311468398323912599, -0.2679127727811389525, -20.60000000000000497 ) ) ;
#9073 = EDGE_LOOP ( 'NONE', ( #9912, #4758, #3781, #5596 ) ) ;
#9074 = CARTESIAN_POINT ( 'NONE',  ( 5.027823582225761534, -0.6092229834339061290, -20.60000000000000142 ) ) ;
#9075 = DIRECTION ( 'NONE',  ( 1.355252715606880789E-16, 1.000000000000000000, 0.000000000000000000 ) ) ;
#9076 = CARTESIAN_POINT ( 'NONE',  ( -1.040446190363577772, -0.04728937991867576685, -20.60000000000000142 ) ) ;
#9077 = ORIENTED_EDGE ( 'NONE', *, *, #6307, .T. ) ;
#9078 = LINE ( 'NONE', #1860, #7015 ) ;
#9079 = DIRECTION ( 'NONE',  ( -0.000000000000000000, -0.000000000000000000, -1.000000000000000000 ) ) ;
#9080 = DIRECTION ( 'NONE',  ( 1.000000000000000000, 0.000000000000000000, 0.000000000000000000 ) ) ;
#9081 = CARTESIAN_POINT ( 'NONE',  ( 5.397292292752066345, 0.5887764220608344701, -20.40000000000000568 ) ) ;
#9082 = CARTESIAN_POINT ( 'NONE',  ( 5.307980849016045610, -0.8976261803203401390, -20.40000000000000213 ) ) ;
#9083 = DIRECTION ( 'NONE',  ( 0.000000000000000000, 0.000000000000000000, -1.000000000000000000 ) ) ;
#9084 = EDGE_CURVE ( 'NONE', #9087, #958, #6669, .T. ) ;
#9085 = DIRECTION ( 'NONE',  ( 1.000000000000000000, 0.000000000000000000, 0.000000000000000000 ) ) ;
#9086 = CARTESIAN_POINT ( 'NONE',  ( 5.058386693171888382, -0.6364654660346257264, -20.60000000000000142 ) ) ;
#9087 = VERTEX_POINT ( 'NONE', #2623 ) ;
#9088 =( GEOMETRIC_REPRESENTATION_CONTEXT ( 3 ) GLOBAL_UNCERTAINTY_ASSIGNED_CONTEXT ( ( #7806 ) ) GLOBAL_UNIT_ASSIGNED_CONTEXT ( ( #10506, #9617, #2357 ) ) REPRESENTATION_CONTEXT ( 'NONE', 'WORKASPACE' ) );
#9089 = DIRECTION ( 'NONE',  ( -0.1726266455515552689, 0.9849873305000514945, 0.000000000000000000 ) ) ;
#9090 = CARTESIAN_POINT ( 'NONE',  ( -1.599999999999999867, -5.999999999999997335, -0.2000000000000000111 ) ) ;
#9091 = ORIENTED_EDGE ( 'NONE', *, *, #5888, .F. ) ;
#9092 = CARTESIAN_POINT ( 'NONE',  ( -4.055981756091821211, -0.01582829070995042664, -20.40000000000000213 ) ) ;
#9093 = CARTESIAN_POINT ( 'NONE',  ( -4.427387773856752418, -0.5856853274837436896, -20.39999999999999858 ) ) ;
#9094 = CARTESIAN_POINT ( 'NONE',  ( -5.731088527027885071, -0.5792644667924340407, -20.60000000000000142 ) ) ;
#9095 = DIRECTION ( 'NONE',  ( -1.000000000000000000, 0.000000000000000000, 0.000000000000000000 ) ) ;
#9096 = CARTESIAN_POINT ( 'NONE',  ( -2.999999999999999556, 5.013878188659972146, -2.200000000000000622 ) ) ;
#9097 =( NAMED_UNIT ( * ) SI_UNIT ( $, .STERADIAN. ) SOLID_ANGLE_UNIT ( ) );
#9098 = EDGE_CURVE ( 'NONE', #9750, #9880, #5906, .T. ) ;
#9099 = CARTESIAN_POINT ( 'NONE',  ( 8.269140320336473948, 5.013878188659970370, -2.200000000000000622 ) ) ;
#9100 = CARTESIAN_POINT ( 'NONE',  ( -5.731088527027885071, -0.5792644667924340407, -20.40000000000000213 ) ) ;
#9101 = ADVANCED_FACE ( 'NONE', ( #5852 ), #5750, .T. ) ;
#9102 = ORIENTED_EDGE ( 'NONE', *, *, #1358, .T. ) ;
#9103 = CARTESIAN_POINT ( 'NONE',  ( 7.869140320336472705, 4.813878188659971080, -8.799999999999998934 ) ) ;
#9104 = CIRCLE ( 'NONE', #10127, 0.2000000000000000944 ) ;
#9105 = ORIENTED_EDGE ( 'NONE', *, *, #4827, .T. ) ;
#9106 = CARTESIAN_POINT ( 'NONE',  ( -5.129013776543369652, -0.8075195407979798290, -20.39999999999999858 ) ) ;
#9107 = DIRECTION ( 'NONE',  ( 0.000000000000000000, 0.000000000000000000, -1.000000000000000000 ) ) ;
#9108 = CARTESIAN_POINT ( 'NONE',  ( 3.000000000000000000, 9.013878188659973034, -20.40000000000000213 ) ) ;
#9109 = DIRECTION ( 'NONE',  ( 0.000000000000000000, 0.000000000000000000, -1.000000000000000000 ) ) ;
#9110 = AXIS2_PLACEMENT_3D ( 'NONE', #186, #76, #931 ) ;
#9111 = CARTESIAN_POINT ( 'NONE',  ( -6.004338087260653545, -0.3716521543463142674, -20.40000000000000213 ) ) ;
#9112 = EDGE_CURVE ( 'NONE', #6903, #1740, #4123, .T. ) ;
#9113 = CARTESIAN_POINT ( 'NONE',  ( 1.600000000000000089, 3.199999999999998401, -2.000000000000000000 ) ) ;
#9114 = ORIENTED_EDGE ( 'NONE', *, *, #8616, .F. ) ;
#9115 = CARTESIAN_POINT ( 'NONE',  ( -5.000000000000000000, 2.399999999999998579, -8.799999999999998934 ) ) ;
#9116 =( LENGTH_UNIT ( ) NAMED_UNIT ( * ) SI_UNIT ( .MILLI., .METRE. ) );
#9117 = ORIENTED_EDGE ( 'NONE', *, *, #6125, .T. ) ;
#9118 = CARTESIAN_POINT ( 'NONE',  ( -4.923453647268900113, -0.08275624155219758749, -20.60000000000000497 ) ) ;
#9119 = AXIS2_PLACEMENT_3D ( 'NONE', #1665, #7418, #2809 ) ;
#9120 = ORIENTED_EDGE ( 'NONE', *, *, #1190, .F. ) ;
#9121 = CARTESIAN_POINT ( 'NONE',  ( -0.1225868111330094129, 0.4680521455670031972, -20.39999999999999858 ) ) ;
#9122 = LINE ( 'NONE', #4000, #5032 ) ;
#9123 = UNCERTAINTY_MEASURE_WITH_UNIT (LENGTH_MEASURE( 1.000000000000000082E-05 ), #6362, 'distance_accuracy_value', 'NONE');
#9124 = DIRECTION ( 'NONE',  ( -1.084202172485504434E-16, -1.000000000000000000, 0.000000000000000000 ) ) ;
#9125 = ADVANCED_FACE ( 'NONE', ( #4942, #7527 ), #175, .T. ) ;
#9126 = CYLINDRICAL_SURFACE ( 'NONE', #7466, 0.2000000000000005107 ) ;
#9127 = PLANE ( 'NONE',  #10019 ) ;
#9128 =( GEOMETRIC_REPRESENTATION_CONTEXT ( 3 ) GLOBAL_UNCERTAINTY_ASSIGNED_CONTEXT ( ( #8569 ) ) GLOBAL_UNIT_ASSIGNED_CONTEXT ( ( #3855, #6157, #2068 ) ) REPRESENTATION_CONTEXT ( 'NONE', 'WORKASPACE' ) );
#9129 = ORIENTED_EDGE ( 'NONE', *, *, #2398, .F. ) ;
#9130 = FILL_AREA_STYLE ('',( #156 ) ) ;
#9131 =( BOUNDED_CURVE ( )  B_SPLINE_CURVE ( 3, ( #8956, #7181, #7975, #1585 ),
 .UNSPECIFIED., .F., .T. ) 
 B_SPLINE_CURVE_WITH_KNOTS ( ( 4, 4 ),
 ( 1.570796326794896558, 3.141592653589793116 ),
 .UNSPECIFIED. ) 
 CURVE ( )  GEOMETRIC_REPRESENTATION_ITEM ( )  RATIONAL_B_SPLINE_CURVE ( ( 1.000000000000000000, 0.8047378541243649375, 0.8047378541243649375, 1.000000000000000000 ) ) 
 REPRESENTATION_ITEM ( '' )  );
#9132 = MECHANICAL_DESIGN_GEOMETRIC_PRESENTATION_REPRESENTATION (  '', ( #375 ), #7243 ) ;
#9133 =( NAMED_UNIT ( * ) PLANE_ANGLE_UNIT ( ) SI_UNIT ( $, .RADIAN. ) );
#9134 = ORIENTED_EDGE ( 'NONE', *, *, #6229, .T. ) ;
#9135 =( NAMED_UNIT ( * ) PLANE_ANGLE_UNIT ( ) SI_UNIT ( $, .RADIAN. ) );
#9136 = FILL_AREA_STYLE_COLOUR ( '', #2784 ) ;
#9137 = CARTESIAN_POINT ( 'NONE',  ( -4.532341334013899825, -0.8781456608398205965, -20.60000000000000142 ) ) ;
#9138 = CARTESIAN_POINT ( 'NONE',  ( 0.1280955336516154952, -0.2489857582424179205, -20.40000000000000213 ) ) ;
#9139 = FACE_OUTER_BOUND ( 'NONE', #7635, .T. ) ;
#9140 = ORIENTED_EDGE ( 'NONE', *, *, #158, .F. ) ;
#9141 = CARTESIAN_POINT ( 'NONE',  ( -4.216339857261896640, -0.003025269870173122929, -20.39999999999999858 ) ) ;
#9142 = DIRECTION ( 'NONE',  ( 0.000000000000000000, 0.000000000000000000, -1.000000000000000000 ) ) ;
#9143 = ORIENTED_EDGE ( 'NONE', *, *, #1480, .T. ) ;
#9144 = EDGE_CURVE ( 'NONE', #7693, #1476, #2776, .T. ) ;
#9145 = DIRECTION ( 'NONE',  ( -0.4226182617407014397, 5.175581015019683430E-17, 0.9063077870366490485 ) ) ;
#9146 = CARTESIAN_POINT ( 'NONE',  ( -4.464919685797138271, -0.3231029193546715583, -20.40000000000000213 ) ) ;
#9147 = PLANE ( 'NONE',  #10096 ) ;
#9148 = CARTESIAN_POINT ( 'NONE',  ( -5.848493931416497205, -0.3521716348657946694, -20.40000000000000213 ) ) ;
#9149 = CARTESIAN_POINT ( 'NONE',  ( -5.574244743104808997, 0.6413348586406988350, -20.40000000000000213 ) ) ;
#9150 = SURFACE_STYLE_USAGE ( .BOTH. , #24 ) ;
#9151 = CARTESIAN_POINT ( 'NONE',  ( -5.602197528759372602, -0.8652495233485464343, -20.40000000000000213 ) ) ;
#9152 = VECTOR ( 'NONE', #22, 1000.000000000000000 ) ;
#9153 = VERTEX_POINT ( 'NONE', #4443 ) ;
#9154 = VECTOR ( 'NONE', #2869, 1000.000000000000000 ) ;
#9155 = FILL_AREA_STYLE ('',( #2374 ) ) ;
#9156 = ORIENTED_EDGE ( 'NONE', *, *, #52, .F. ) ;
#9157 = EDGE_CURVE ( 'NONE', #9985, #3310, #7724, .T. ) ;
#9158 = CARTESIAN_POINT ( 'NONE',  ( 5.027823582225761534, -0.6092229834339061290, -20.60000000000000142 ) ) ;
#9159 = ADVANCED_FACE ( 'NONE', ( #10159 ), #9747, .T. ) ;
#9160 = CARTESIAN_POINT ( 'NONE',  ( -3.199999999999999734, -5.213878188659972324, -2.200000000000000622 ) ) ;
#9161 = CARTESIAN_POINT ( 'NONE',  ( 2.400000000000000355, 3.999999999999998224, -18.59999999999999787 ) ) ;
#9162 = DIRECTION ( 'NONE',  ( -1.000000000000000000, 0.000000000000000000, 0.000000000000000000 ) ) ;
#9163 = CARTESIAN_POINT ( 'NONE',  ( 4.869066006936983548, 0.5476112400182273632, -20.60000000000000497 ) ) ;
#9164 = ORIENTED_EDGE ( 'NONE', *, *, #10411, .T. ) ;
#9165 = VERTEX_POINT ( 'NONE', #10557 ) ;
#9166 = CARTESIAN_POINT ( 'NONE',  ( -5.069525955943576356, -0.2793335903977448020, -20.40000000000000213 ) ) ;
#9167 = ADVANCED_FACE ( 'NONE', ( #3053 ), #6376, .T. ) ;
#9168 = CARTESIAN_POINT ( 'NONE',  ( 1.500000000000000000, 9.375835069691863310, -2.000000000000000000 ) ) ;
#9169 = EDGE_CURVE ( 'NONE', #8089, #7234, #3917, .T. ) ;
#9170 = VECTOR ( 'NONE', #4995, 1000.000000000000000 ) ;
#9171 = CARTESIAN_POINT ( 'NONE',  ( -5.283608895482233336, 0.3448151994480306293, -20.40000000000000213 ) ) ;
#9172 = DIRECTION ( 'NONE',  ( -0.000000000000000000, -0.000000000000000000, 1.000000000000000000 ) ) ;
#9173 = CARTESIAN_POINT ( 'NONE',  ( -4.367974450897015970, -0.8781456608398205965, -20.40000000000000213 ) ) ;
#9174 = LINE ( 'NONE', #4268, #8244 ) ;
#9175 = VERTEX_POINT ( 'NONE', #6326 ) ;
#9176 = COLOUR_RGB ( '',0.4980392156862745168, 0.4980392156862745168, 0.4980392156862745168 ) ;
#9177 = DIRECTION ( 'NONE',  ( 1.084202172485504434E-16, -1.000000000000000000, 0.000000000000000000 ) ) ;
#9178 = EDGE_LOOP ( 'NONE', ( #4701, #5310, #8543, #1282, #3876 ) ) ;
#9179 = ADVANCED_FACE ( 'NONE', ( #2297, #1500, #3965, #2132, #8871, #8758, #8814, #7149, #538, #1449, #4720 ), #10498, .T. ) ;
#9180 = AXIS2_PLACEMENT_3D ( 'NONE', #5877, #6636, #9017 ) ;
#9181 = DIRECTION ( 'NONE',  ( 0.000000000000000000, 1.000000000000000000, 0.000000000000000000 ) ) ;
#9182 = ORIENTED_EDGE ( 'NONE', *, *, #5335, .T. ) ;
#9183 = DIRECTION ( 'NONE',  ( 0.000000000000000000, 0.000000000000000000, -1.000000000000000000 ) ) ;
#9184 = DIRECTION ( 'NONE',  ( 0.000000000000000000, 0.000000000000000000, -1.000000000000000000 ) ) ;
#9185 = CARTESIAN_POINT ( 'NONE',  ( 5.168983426836389228, 0.6410449470948366146, -20.40000000000000213 ) ) ;
#9186 = DIRECTION ( 'NONE',  ( 0.000000000000000000, 0.000000000000000000, 1.000000000000000000 ) ) ;
#9187 = FILL_AREA_STYLE ('',( #9940 ) ) ;
#9188 = VERTEX_POINT ( 'NONE', #6432 ) ;
#9189 = LINE ( 'NONE', #14, #6148 ) ;
#9190 = CARTESIAN_POINT ( 'NONE',  ( 5.397292292752066345, 0.5887764220608344701, -20.60000000000000497 ) ) ;
#9191 = ORIENTED_EDGE ( 'NONE', *, *, #5402, .T. ) ;
#9192 = CARTESIAN_POINT ( 'NONE',  ( -4.980112948019730368, 0.1570485001312081907, -20.60000000000000142 ) ) ;
#9193 = FILL_AREA_STYLE ('',( #5905 ) ) ;
#9194 = DIRECTION ( 'NONE',  ( -1.000000000000000000, 0.000000000000000000, 0.000000000000000000 ) ) ;
#9195 = EDGE_LOOP ( 'NONE', ( #3448, #2337, #276, #6863, #1304, #9561 ) ) ;
#9196 = EDGE_CURVE ( 'NONE', #161, #3843, #10295, .T. ) ;
#9197 = DIRECTION ( 'NONE',  ( -0.000000000000000000, 1.000000000000000000, 0.000000000000000000 ) ) ;
#9198 = ORIENTED_EDGE ( 'NONE', *, *, #431, .F. ) ;
#9199 = FACE_OUTER_BOUND ( 'NONE', #2112, .T. ) ;
#9200 = CARTESIAN_POINT ( 'NONE',  ( 4.930311713007287544, -0.4756846635750472396, -20.39999999999999503 ) ) ;
#9201 = VECTOR ( 'NONE', #7004, 1000.000000000000000 ) ;
#9202 = CARTESIAN_POINT ( 'NONE',  ( -2.799999999999999822, -8.813878188659971968, -20.60000000000000142 ) ) ;
#9203 = CARTESIAN_POINT ( 'NONE',  ( -0.02680367020790398389, -0.7279475140316745696, -20.40000000000000568 ) ) ;
#9204 = CARTESIAN_POINT ( 'NONE',  ( 4.717273376406750707, 0.3260879807271640507, -20.60000000000000497 ) ) ;
#9205 = EDGE_CURVE ( 'NONE', #7693, #5554, #10552, .T. ) ;
#9206 = MECHANICAL_DESIGN_GEOMETRIC_PRESENTATION_REPRESENTATION (  '', ( #6451 ), #8008 ) ;
#9207 = ORIENTED_EDGE ( 'NONE', *, *, #6663, .T. ) ;
#9208 = CIRCLE ( 'NONE', #3375, 0.2000000000000000944 ) ;
#9209 = STYLED_ITEM ( 'NONE', ( #6209 ), #4028 ) ;
#9210 = UNCERTAINTY_MEASURE_WITH_UNIT (LENGTH_MEASURE( 1.000000000000000082E-05 ), #3451, 'distance_accuracy_value', 'NONE');
#9211 = CARTESIAN_POINT ( 'NONE',  ( 7.869140320336472705, 4.813878188659971080, -20.40000000000000213 ) ) ;
#9212 = CARTESIAN_POINT ( 'NONE',  ( 5.064020360383000074, 0.4555761227225636478, -20.60000000000000142 ) ) ;
#9213 = CARTESIAN_POINT ( 'NONE',  ( 5.405097760022552933, 0.3820689513447880770, -20.59999999999999787 ) ) ;
#9214 = FACE_OUTER_BOUND ( 'NONE', #3458, .T. ) ;
#9215 = EDGE_CURVE ( 'NONE', #5478, #2833, #8929, .T. ) ;
#9216 = EDGE_CURVE ( 'NONE', #3523, #4665, #485, .T. ) ;
#9217 = CARTESIAN_POINT ( 'NONE',  ( 1.053487259029771472, 0.2005298033677747616, -20.60000000000000497 ) ) ;
#9218 = ORIENTED_EDGE ( 'NONE', *, *, #2883, .T. ) ;
#9219 = VECTOR ( 'NONE', #3248, 1000.000000000000000 ) ;
#9220 =( GEOMETRIC_REPRESENTATION_CONTEXT ( 3 ) GLOBAL_UNCERTAINTY_ASSIGNED_CONTEXT ( ( #8040 ) ) GLOBAL_UNIT_ASSIGNED_CONTEXT ( ( #368, #1813, #2761 ) ) REPRESENTATION_CONTEXT ( 'NONE', 'WORKASPACE' ) );
#9221 = AXIS2_PLACEMENT_3D ( 'NONE', #6724, #1023, #4297 ) ;
#9222 = CARTESIAN_POINT ( 'NONE',  ( -5.576984191156757475, 0.4660101833160233964, -20.40000000000000213 ) ) ;
#9223 = VERTEX_POINT ( 'NONE', #2933 ) ;
#9224 = CARTESIAN_POINT ( 'NONE',  ( -2.799999999999999822, -9.013878188659973034, -2.200000000000000622 ) ) ;
#9225 = ORIENTED_EDGE ( 'NONE', *, *, #7402, .T. ) ;
#9226 = CARTESIAN_POINT ( 'NONE',  ( 0.07325551719400695549, -0.5564526217865510826, -20.59999999999999787 ) ) ;
#9227 = CARTESIAN_POINT ( 'NONE',  ( 5.143400286429328006, 0.4657855488164471258, -20.60000000000000497 ) ) ;
#9228 = VECTOR ( 'NONE', #2022, 1000.000000000000000 ) ;
#9229 = DIRECTION ( 'NONE',  ( -0.000000000000000000, 1.000000000000000000, 0.000000000000000000 ) ) ;
#9230 =( LENGTH_UNIT ( ) NAMED_UNIT ( * ) SI_UNIT ( .MILLI., .METRE. ) );
#9231 = FACE_OUTER_BOUND ( 'NONE', #5460, .T. ) ;
#9232 = CARTESIAN_POINT ( 'NONE',  ( 2.400000000000000355, 8.399999999999998579, -20.60000000000000142 ) ) ;
#9233 = COLOUR_RGB ( '',1.000000000000000000, 1.000000000000000000, 1.000000000000000000 ) ;
#9234 = CARTESIAN_POINT ( 'NONE',  ( 5.285236580753610802, -0.7221345831102792268, -20.59999999999999432 ) ) ;
#9235 = SURFACE_SIDE_STYLE ('',( #5943 ) ) ;
#9236 = EDGE_CURVE ( 'NONE', #10464, #6951, #6212, .T. ) ;
#9237 = VERTEX_POINT ( 'NONE', #1333 ) ;
#9238 = CARTESIAN_POINT ( 'NONE',  ( -4.257349435969168816, -0.1166265932603347821, -20.40000000000000213 ) ) ;
#9239 = LINE ( 'NONE', #3785, #2172 ) ;
#9240 = AXIS2_PLACEMENT_3D ( 'NONE', #1286, #5429, #2895 ) ;
#9241 = ORIENTED_EDGE ( 'NONE', *, *, #4095, .T. ) ;
#9242 = DIRECTION ( 'NONE',  ( 1.000000000000000000, 0.000000000000000000, -0.000000000000000000 ) ) ;
#9243 = PRESENTATION_STYLE_ASSIGNMENT (( #8537 ) ) ;
#9244 = SURFACE_STYLE_USAGE ( .BOTH. , #921 ) ;
#9245 = CARTESIAN_POINT ( 'NONE',  ( -0.5855216977777770726, -0.8574371100678065405, -20.39999999999999858 ) ) ;
#9246 = CARTESIAN_POINT ( 'NONE',  ( 5.003682562064584616, -0.7978038327330175816, -20.40000000000000213 ) ) ;
#9247 = DIRECTION ( 'NONE',  ( 0.000000000000000000, -1.000000000000000000, 0.000000000000000000 ) ) ;
#9248 = LINE ( 'NONE', #3645, #1511 ) ;
#9249 = COLOUR_RGB ( '',1.000000000000000000, 1.000000000000000000, 1.000000000000000000 ) ;
#9250 = ORIENTED_EDGE ( 'NONE', *, *, #6925, .F. ) ;
#9251 = CARTESIAN_POINT ( 'NONE',  ( -0.9500000000000005107, 2.399999999999998579, -8.799999999999998934 ) ) ;
#9252 = VERTEX_POINT ( 'NONE', #4605 ) ;
#9253 =( LENGTH_UNIT ( ) NAMED_UNIT ( * ) SI_UNIT ( .MILLI., .METRE. ) );
#9254 = CARTESIAN_POINT ( 'NONE',  ( -4.020265311158486732, 0.09471229587822985185, -20.40000000000000213 ) ) ;
#9255 = DIRECTION ( 'NONE',  ( -0.000000000000000000, -0.000000000000000000, 1.000000000000000000 ) ) ;
#9256 = DIRECTION ( 'NONE',  ( -1.000000000000000000, 0.000000000000000000, 0.000000000000000000 ) ) ;
#9257 = LINE ( 'NONE', #6887, #7824 ) ;
#9258 = CARTESIAN_POINT ( 'NONE',  ( -5.422966334013900713, -0.8976261803203401390, -20.40000000000000213 ) ) ;
#9259 = CARTESIAN_POINT ( 'NONE',  ( 0.6735500791061610482, -0.8781456608398205965, -20.60000000000000142 ) ) ;
#9260 = ORIENTED_EDGE ( 'NONE', *, *, #1879, .T. ) ;
#9261 = PRESENTATION_LAYER_ASSIGNMENT (  '', '', ( #1709 ) ) ;
#9262 = LINE ( 'NONE', #194, #1573 ) ;
#9263 = VERTEX_POINT ( 'NONE', #7883 ) ;
#9264 = DIRECTION ( 'NONE',  ( 0.000000000000000000, 0.000000000000000000, 1.000000000000000000 ) ) ;
#9265 = EDGE_CURVE ( 'NONE', #400, #665, #3804, .T. ) ;
#9266 = PRESENTATION_LAYER_ASSIGNMENT (  '', '', ( #7553 ) ) ;
#9267 =( NAMED_UNIT ( * ) PLANE_ANGLE_UNIT ( ) SI_UNIT ( $, .RADIAN. ) );
#9268 = CARTESIAN_POINT ( 'NONE',  ( 5.607773083623488475, 0.07722465112509989404, -20.39999999999999503 ) ) ;
#9269 = CARTESIAN_POINT ( 'NONE',  ( 2.799999999999999822, -8.813878188659971968, -20.40000000000000213 ) ) ;
#9270 =( LENGTH_UNIT ( ) NAMED_UNIT ( * ) SI_UNIT ( .MILLI., .METRE. ) );
#9271 = CARTESIAN_POINT ( 'NONE',  ( -0.09374501282120294154, 0.1252671395112092967, -20.60000000000000853 ) ) ;
#9272 = VECTOR ( 'NONE', #7869, 1000.000000000000000 ) ;
#9273 = CARTESIAN_POINT ( 'NONE',  ( -5.849660611973759750, 0.2903465198267522474, -20.59999999999999787 ) ) ;
#9274 = EDGE_LOOP ( 'NONE', ( #5315, #2603, #1714, #8716 ) ) ;
#9275 = SURFACE_STYLE_FILL_AREA ( #5084 ) ;
#9276 = EDGE_CURVE ( 'NONE', #7603, #44, #2183, .T. ) ;
#9277 = EDGE_CURVE ( 'NONE', #3992, #9188, #4108, .T. ) ;
#9278 = EDGE_LOOP ( 'NONE', ( #2356, #4385, #1217, #4128, #5859, #6018 ) ) ;
#9279 = CARTESIAN_POINT ( 'NONE',  ( 5.607773083623488475, 0.07722465112509989404, -20.59999999999999432 ) ) ;
#9280 = MECHANICAL_DESIGN_GEOMETRIC_PRESENTATION_REPRESENTATION (  '', ( #6177 ), #9449 ) ;
#9281 = SURFACE_SIDE_STYLE ('',( #2871 ) ) ;
#9282 = CARTESIAN_POINT ( 'NONE',  ( 5.064020360383000074, 0.4555761227225636478, -20.40000000000000213 ) ) ;
#9283 = VERTEX_POINT ( 'NONE', #106 ) ;
#9284 = ORIENTED_EDGE ( 'NONE', *, *, #5611, .T. ) ;
#9285 = CARTESIAN_POINT ( 'NONE',  ( -5.574244743104808997, 0.6413348586406988350, -20.60000000000000142 ) ) ;
#9286 = STYLED_ITEM ( 'NONE', ( #6736 ), #8352 ) ;
#9287 = EDGE_LOOP ( 'NONE', ( #8314, #2941 ) ) ;
#9288 = EDGE_CURVE ( 'NONE', #5676, #1059, #6047, .T. ) ;
#9289 = CARTESIAN_POINT ( 'NONE',  ( -0.5300001659706566892, 0.4655575693260628478, -20.60000000000000497 ) ) ;
#9290 = DIRECTION ( 'NONE',  ( -0.000000000000000000, -0.000000000000000000, -1.000000000000000000 ) ) ;
#9291 =( LENGTH_UNIT ( ) NAMED_UNIT ( * ) SI_UNIT ( .MILLI., .METRE. ) );
#9292 = CARTESIAN_POINT ( 'NONE',  ( 5.307980849016044722, -0.8976261803203400280, -20.40000000000000213 ) ) ;
#9293 = MECHANICAL_DESIGN_GEOMETRIC_PRESENTATION_REPRESENTATION (  '', ( #6891 ), #6023 ) ;
#9294 = ORIENTED_EDGE ( 'NONE', *, *, #3750, .T. ) ;
#9295 = CARTESIAN_POINT ( 'NONE',  ( -4.913428996351562716, -0.2590304010995609363, -20.60000000000000142 ) ) ;
#9296 = EDGE_LOOP ( 'NONE', ( #4975, #823, #4810, #88 ) ) ;
#9297 = CARTESIAN_POINT ( 'NONE',  ( 5.172090923346611469, -0.8801249901000534059, -20.59999999999999432 ) ) ;
#9298 = EDGE_CURVE ( 'NONE', #639, #9880, #8125, .T. ) ;
#9299 = CARTESIAN_POINT ( 'NONE',  ( -0.7253506880370967913, -0.5375166155477769658, -20.60000000000000142 ) ) ;
#9300 = CARTESIAN_POINT ( 'NONE',  ( -1.599999999999999867, 5.999999999999997335, -2.000000000000000000 ) ) ;
#9301 = DIRECTION ( 'NONE',  ( 0.000000000000000000, 0.000000000000000000, -1.000000000000000000 ) ) ;
#9302 = DIRECTION ( 'NONE',  ( 0.000000000000000000, 0.000000000000000000, -1.000000000000000000 ) ) ;
#9303 = VECTOR ( 'NONE', #3465, 1000.000000000000000 ) ;
#9304 = SURFACE_STYLE_USAGE ( .BOTH. , #1938 ) ;
#9305 = ORIENTED_EDGE ( 'NONE', *, *, #8027, .F. ) ;
#9306 = CARTESIAN_POINT ( 'NONE',  ( -5.289571678805270238, -0.6940666626739249168, -20.60000000000000497 ) ) ;
#9307 = CARTESIAN_POINT ( 'NONE',  ( -5.665834605886736597, 0.6344933463427815390, -20.59999999999999787 ) ) ;
#9308 =( GEOMETRIC_REPRESENTATION_CONTEXT ( 3 ) GLOBAL_UNCERTAINTY_ASSIGNED_CONTEXT ( ( #4263 ) ) GLOBAL_UNIT_ASSIGNED_CONTEXT ( ( #7422, #9452, #8539 ) ) REPRESENTATION_CONTEXT ( 'NONE', 'WORKASPACE' ) );
#9309 = ORIENTED_EDGE ( 'NONE', *, *, #6663, .F. ) ;
#9310 = DIRECTION ( 'NONE',  ( 0.000000000000000000, 0.000000000000000000, 1.000000000000000000 ) ) ;
#9311 = UNCERTAINTY_MEASURE_WITH_UNIT (LENGTH_MEASURE( 1.000000000000000082E-05 ), #6101, 'distance_accuracy_value', 'NONE');
#9312 = FACE_OUTER_BOUND ( 'NONE', #1904, .T. ) ;
#9313 = CIRCLE ( 'NONE', #1773, 0.2000000000000000944 ) ;
#9314 = CARTESIAN_POINT ( 'NONE',  ( 5.405097760022552933, 0.3820689513447880770, -20.39999999999999858 ) ) ;
#9315 = CARTESIAN_POINT ( 'NONE',  ( -1.020804020586596472, 0.1890509280178577500, -20.39999999999999858 ) ) ;
#9316 = MECHANICAL_DESIGN_GEOMETRIC_PRESENTATION_REPRESENTATION (  '', ( #3650 ), #5027 ) ;
#9317 = EDGE_CURVE ( 'NONE', #10059, #5615, #2502, .T. ) ;
#9318 = CARTESIAN_POINT ( 'NONE',  ( -5.820758453600080706, 0.3441510379375897211, -20.40000000000000213 ) ) ;
#9319 = ORIENTED_EDGE ( 'NONE', *, *, #8675, .F. ) ;
#9320 = CARTESIAN_POINT ( 'NONE',  ( -4.475421691156756587, -0.2572041023982621910, -20.60000000000000142 ) ) ;
#9321 = CARTESIAN_POINT ( 'NONE',  ( -0.6910405076410236491, 0.4167098010172696210, -20.39999999999999858 ) ) ;
#9322 = VERTEX_POINT ( 'NONE', #5891 ) ;
#9323 = AXIS2_PLACEMENT_3D ( 'NONE', #10638, #3240, #8240 ) ;
#9324 = CARTESIAN_POINT ( 'NONE',  ( 4.966080936034549254, 0.4066452093404373525, -20.59999999999999787 ) ) ;
#9325 = DIRECTION ( 'NONE',  ( 0.000000000000000000, 0.000000000000000000, -1.000000000000000000 ) ) ;
#9326 = CARTESIAN_POINT ( 'NONE',  ( -5.756836136993540798, -0.5471836062522981159, -20.40000000000000568 ) ) ;
#9327 = CARTESIAN_POINT ( 'NONE',  ( 4.945606191594754009, 0.3883502733060112400, -20.40000000000000568 ) ) ;
#9328 = ORIENTED_EDGE ( 'NONE', *, *, #8701, .F. ) ;
#9329 = STYLED_ITEM ( 'NONE', ( #6542 ), #10213 ) ;
#9330 = VERTEX_POINT ( 'NONE', #754 ) ;
#9331 = CARTESIAN_POINT ( 'NONE',  ( -0.3098281326754143139, 0.4012247996759403246, -20.60000000000000497 ) ) ;
#9332 = EDGE_CURVE ( 'NONE', #5651, #9252, #1605, .T. ) ;
#9333 = CIRCLE ( 'NONE', #4702, 0.9500000000000000666 ) ;
#9334 = CARTESIAN_POINT ( 'NONE',  ( 3.400000000000000355, 3.199999999999998845, -8.799999999999998934 ) ) ;
#9335 = ORIENTED_EDGE ( 'NONE', *, *, #3421, .T. ) ;
#9336 = LINE ( 'NONE', #2718, #9731 ) ;
#9337 = CARTESIAN_POINT ( 'NONE',  ( -5.848493931416497205, -0.3521716348657946694, -20.60000000000000142 ) ) ;
#9338 = CARTESIAN_POINT ( 'NONE',  ( -0.9195089211874521995, -0.5347598319746195150, -20.40000000000000568 ) ) ;
#9339 = CARTESIAN_POINT ( 'NONE',  ( 5.000000000000000000, 2.399999999999998579, -8.799999999999998934 ) ) ;
#9340 = LINE ( 'NONE', #1971, #3330 ) ;
#9341 = DIRECTION ( 'NONE',  ( -1.084202172485504434E-16, -1.000000000000000000, 0.000000000000000000 ) ) ;
#9342 = VERTEX_POINT ( 'NONE', #6649 ) ;
#9343 = EDGE_CURVE ( 'NONE', #2666, #3959, #6569, .T. ) ;
#9344 = EDGE_CURVE ( 'NONE', #101, #5501, #6953, .T. ) ;
#9345 = LINE ( 'NONE', #5764, #8601 ) ;
#9346 = DIRECTION ( 'NONE',  ( -1.000000000000000000, 0.000000000000000000, 0.000000000000000000 ) ) ;
#9347 = DIRECTION ( 'NONE',  ( -0.000000000000000000, -0.000000000000000000, 1.000000000000000000 ) ) ;
#9348 = VERTEX_POINT ( 'NONE', #5036 ) ;
#9349 = CARTESIAN_POINT ( 'NONE',  ( 5.416274291953265596, -0.8885613797709186468, -20.59999999999999787 ) ) ;
#9350 = CARTESIAN_POINT ( 'NONE',  ( 5.292639525803182643, -0.8971984803182561086, -20.60000000000000497 ) ) ;
#9351 = CARTESIAN_POINT ( 'NONE',  ( -0.07736307024448839387, 0.4148738196796599165, -20.40000000000000213 ) ) ;
#9352 = FILL_AREA_STYLE_COLOUR ( '', #6385 ) ;
#9353 = ORIENTED_EDGE ( 'NONE', *, *, #4945, .F. ) ;
#9354 = CARTESIAN_POINT ( 'NONE',  ( 9.999999999999998224, 1.224646799147353059E-15, 8.000000000000000000 ) ) ;
#9355 = CARTESIAN_POINT ( 'NONE',  ( -5.147313344159556436, 0.1376018571404508395, -20.60000000000000497 ) ) ;
#9356 = CARTESIAN_POINT ( 'NONE',  ( -5.558856259683329526, -0.8801249901000536280, -20.59999999999999432 ) ) ;
#9357 = CARTESIAN_POINT ( 'NONE',  ( 4.733978408851261754, 0.3710146627365673577, -20.60000000000000142 ) ) ;
#9358 = ORIENTED_EDGE ( 'NONE', *, *, #4601, .T. ) ;
#9359 = EDGE_CURVE ( 'NONE', #1750, #1550, #3472, .T. ) ;
#9360 = CARTESIAN_POINT ( 'NONE',  ( -5.074939459459170799, -0.3674315766491686452, -20.40000000000001279 ) ) ;
#9361 = FACE_OUTER_BOUND ( 'NONE', #6155, .T. ) ;
#9362 = ORIENTED_EDGE ( 'NONE', *, *, #794, .F. ) ;
#9363 = DIRECTION ( 'NONE',  ( 1.000000000000000000, 0.000000000000000000, -0.000000000000000000 ) ) ;
#9364 =( GEOMETRIC_REPRESENTATION_CONTEXT ( 3 ) GLOBAL_UNCERTAINTY_ASSIGNED_CONTEXT ( ( #7720 ) ) GLOBAL_UNIT_ASSIGNED_CONTEXT ( ( #7120, #2213, #4688 ) ) REPRESENTATION_CONTEXT ( 'NONE', 'WORKASPACE' ) );
#9365 = CARTESIAN_POINT ( 'NONE',  ( 3.199999999999999734, -5.213878188659972324, -2.000000000000000000 ) ) ;
#9366 = DIRECTION ( 'NONE',  ( -0.000000000000000000, -0.000000000000000000, -1.000000000000000000 ) ) ;
#9367 = B_SPLINE_CURVE_WITH_KNOTS ( 'NONE', 3,
 ( #5363, #4724, #3695, #4609, #10444, #6166, #4664, #2303, #9614, #7044, #6330 ),
 .UNSPECIFIED., .F., .F.,
 ( 4, 1, 1, 1, 1, 1, 1, 1, 4 ),
 ( 0.000000000000000000, 0.1296557814912655815, 0.2555985868018951224, 0.3796600106850502865, 0.5029810975798847394, 0.6250355794434985235, 0.7478154355860373581, 0.8723066895331665904, 1.000000000000000000 ),
 .UNSPECIFIED. ) ;
#9368 = CARTESIAN_POINT ( 'NONE',  ( -0.02879288598015550260, -0.3072438019053845837, -20.59999999999999787 ) ) ;
#9369 = CARTESIAN_POINT ( 'NONE',  ( -4.336808689942017736E-16, 2.399999999999998579, -20.60000000000000142 ) ) ;
#9370 = LINE ( 'NONE', #572, #7559 ) ;
#9371 = CARTESIAN_POINT ( 'NONE',  ( -5.719200096800054922, 0.4361173406631484450, -20.59999999999999432 ) ) ;
#9372 = VERTEX_POINT ( 'NONE', #7355 ) ;
#9373 = VECTOR ( 'NONE', #2570, 1000.000000000000000 ) ;
#9374 = LINE ( 'NONE', #9092, #2046 ) ;
#9375 = CARTESIAN_POINT ( 'NONE',  ( -4.194171691156756587, 0.05661489110823133414, -20.40000000000000213 ) ) ;
#9376 = EDGE_LOOP ( 'NONE', ( #2345, #4806, #10626, #8054 ) ) ;
#9377 =( NAMED_UNIT ( * ) SI_UNIT ( $, .STERADIAN. ) SOLID_ANGLE_UNIT ( ) );
#9378 = CARTESIAN_POINT ( 'NONE',  ( -4.269228716844678750, -0.1494554560867280557, -20.40000000000000213 ) ) ;
#9379 = LINE ( 'NONE', #2008, #4049 ) ;
#9380 = CARTESIAN_POINT ( 'NONE',  ( -0.7351844224904415803, -0.7670472137182573480, -20.60000000000000142 ) ) ;
#9381 = CARTESIAN_POINT ( 'NONE',  ( 5.817166836650710771, -0.2845146258561070396, -20.60000000000000497 ) ) ;
#9382 = CARTESIAN_POINT ( 'NONE',  ( 5.122716585361161812, 0.4653456735530941413, -20.40000000000000568 ) ) ;
#9383 = CARTESIAN_POINT ( 'NONE',  ( -0.5029609884875615444, 0.4654400270002057027, -20.60000000000000142 ) ) ;
#9384 = VECTOR ( 'NONE', #6200, 1000.000000000000000 ) ;
#9385 = PRESENTATION_LAYER_ASSIGNMENT (  '', '', ( #2516 ) ) ;
#9386 = EDGE_LOOP ( 'NONE', ( #4296, #6593, #2318, #8143 ) ) ;
#9387 = VECTOR ( 'NONE', #7953, 1000.000000000000000 ) ;
#9388 = ORIENTED_EDGE ( 'NONE', *, *, #5875, .T. ) ;
#9389 = CARTESIAN_POINT ( 'NONE',  ( -0.2716801181439501001, 0.3723418494999423678, -20.60000000000000142 ) ) ;
#9390 = CYLINDRICAL_SURFACE ( 'NONE', #3105, 0.1999999999999996503 ) ;
#9391 = DIRECTION ( 'NONE',  ( -0.000000000000000000, -0.000000000000000000, -1.000000000000000000 ) ) ;
#9392 = EDGE_LOOP ( 'NONE', ( #2592, #10415, #8586, #1841, #1634 ) ) ;
#9393 = PRESENTATION_LAYER_ASSIGNMENT (  '', '', ( #4576 ) ) ;
#9394 =( GEOMETRIC_REPRESENTATION_CONTEXT ( 3 ) GLOBAL_UNCERTAINTY_ASSIGNED_CONTEXT ( ( #10539 ) ) GLOBAL_UNIT_ASSIGNED_CONTEXT ( ( #9920, #7396, #47 ) ) REPRESENTATION_CONTEXT ( 'NONE', 'WORKASPACE' ) );
#9395 = CARTESIAN_POINT ( 'NONE',  ( -4.055981756091821211, -0.01582829070995042664, -20.60000000000000142 ) ) ;
#9396 = MECHANICAL_DESIGN_GEOMETRIC_PRESENTATION_REPRESENTATION (  '', ( #5280 ), #5624 ) ;
#9397 = CARTESIAN_POINT ( 'NONE',  ( -1.040446190363577772, -0.04728937991867576685, -20.60000000000000497 ) ) ;
#9398 =( NAMED_UNIT ( * ) PLANE_ANGLE_UNIT ( ) SI_UNIT ( $, .RADIAN. ) );
#9399 = EDGE_CURVE ( 'NONE', #2666, #9252, #162, .T. ) ;
#9400 = PLANE ( 'NONE',  #3321 ) ;
#9401 = DIRECTION ( 'NONE',  ( -1.000000000000000000, 0.000000000000000000, 0.000000000000000000 ) ) ;
#9402 = LINE ( 'NONE', #178, #10434 ) ;
#9403 = ORIENTED_EDGE ( 'NONE', *, *, #3857, .F. ) ;
#9404 = VECTOR ( 'NONE', #9290, 1000.000000000000000 ) ;
#9405 = CIRCLE ( 'NONE', #4251, 0.2000000000000000944 ) ;
#9406 = DIRECTION ( 'NONE',  ( -1.000000000000000000, 0.000000000000000000, -0.000000000000000000 ) ) ;
#9407 = CARTESIAN_POINT ( 'NONE',  ( -0.8848914793353974684, -0.01004501148917113541, -20.40000000000000213 ) ) ;
#9408 = ORIENTED_EDGE ( 'NONE', *, *, #539, .F. ) ;
#9409 = CARTESIAN_POINT ( 'NONE',  ( 5.799025921446848919, -0.4730855009535426259, -20.60000000000000142 ) ) ;
#9410 =( LENGTH_UNIT ( ) NAMED_UNIT ( * ) SI_UNIT ( .MILLI., .METRE. ) );
#9411 = FACE_OUTER_BOUND ( 'NONE', #4750, .T. ) ;
#9412 = EDGE_CURVE ( 'NONE', #7865, #10591, #3315, .T. ) ;
#9413 = AXIS2_PLACEMENT_3D ( 'NONE', #1448, #7996, #652 ) ;
#9414 = EDGE_CURVE ( 'NONE', #1458, #1729, #8111, .T. ) ;
#9415 = CARTESIAN_POINT ( 'NONE',  ( 0.08762078301915704470, -0.5162715607969636800, -20.60000000000000853 ) ) ;
#9416 = CARTESIAN_POINT ( 'NONE',  ( -4.786196853494418590, 0.6218543391601795145, -20.40000000000000213 ) ) ;
#9417 = CARTESIAN_POINT ( 'NONE',  ( -0.1225868111330094129, 0.4680521455670031972, -20.39999999999999858 ) ) ;
#9418 = VERTEX_POINT ( 'NONE', #5786 ) ;
#9419 = B_SPLINE_CURVE_WITH_KNOTS ( 'NONE', 3,
 ( #1029, #10015, #134, #2483, #9051, #8235, #978 ),
 .UNSPECIFIED., .F., .F.,
 ( 4, 1, 1, 1, 4 ),
 ( 0.000000000000000000, 0.2121774586276831964, 0.4489009667349215249, 0.7114906539182617173, 1.000000000000000000 ),
 .UNSPECIFIED. ) ;
#9420 = PRESENTATION_LAYER_ASSIGNMENT (  '', '', ( #6331 ) ) ;
#9421 = CARTESIAN_POINT ( 'NONE',  ( -5.709007221769976326, 0.6246930461076855012, -20.40000000000000213 ) ) ;
#9422 = LINE ( 'NONE', #349, #3089 ) ;
#9423 = ADVANCED_FACE ( 'NONE', ( #4977 ), #1757, .F. ) ;
#9424 = VECTOR ( 'NONE', #3894, 1000.000000000000114 ) ;
#9425 = UNCERTAINTY_MEASURE_WITH_UNIT (LENGTH_MEASURE( 1.000000000000000082E-05 ), #9270, 'distance_accuracy_value', 'NONE');
#9426 = LINE ( 'NONE', #4368, #2475 ) ;
#9427 = CARTESIAN_POINT ( 'NONE',  ( -5.466190826809977032, 0.6319399841552814090, -20.40000000000000213 ) ) ;
#9428 = CARTESIAN_POINT ( 'NONE',  ( 0.000000000000000000, 0.000000000000000000, -8.799999999999998934 ) ) ;
#9429 = ORIENTED_EDGE ( 'NONE', *, *, #3827, .T. ) ;
#9430 =( LENGTH_UNIT ( ) NAMED_UNIT ( * ) SI_UNIT ( .MILLI., .METRE. ) );
#9431 = FACE_OUTER_BOUND ( 'NONE', #5137, .T. ) ;
#9432 = ORIENTED_EDGE ( 'NONE', *, *, #989, .T. ) ;
#9433 = CARTESIAN_POINT ( 'NONE',  ( 0.000000000000000000, 0.000000000000000000, -8.799999999999998934 ) ) ;
#9434 = COLOUR_RGB ( '',1.000000000000000000, 1.000000000000000000, 1.000000000000000000 ) ;
#9435 = CARTESIAN_POINT ( 'NONE',  ( -5.147313344159556436, 0.1376018571404508395, -20.60000000000000497 ) ) ;
#9436 = CARTESIAN_POINT ( 'NONE',  ( -5.887454970377536512, 0.1543218716277116598, -20.60000000000000142 ) ) ;
#9437 = EDGE_LOOP ( 'NONE', ( #1793, #820 ) ) ;
#9438 = CARTESIAN_POINT ( 'NONE',  ( -7.869140320336472705, 4.813878188659971080, -20.40000000000000213 ) ) ;
#9439 = CARTESIAN_POINT ( 'NONE',  ( 4.843492212652408035, 0.1543218716277117430, -20.60000000000000142 ) ) ;
#9440 = CARTESIAN_POINT ( 'NONE',  ( -0.3981828754392935932, -0.7223015049956645894, -20.40000000000000213 ) ) ;
#9441 = UNCERTAINTY_MEASURE_WITH_UNIT (LENGTH_MEASURE( 1.000000000000000082E-05 ), #3386, 'distance_accuracy_value', 'NONE');
#9442 = FACE_OUTER_BOUND ( 'NONE', #6901, .T. ) ;
#9443 = CARTESIAN_POINT ( 'NONE',  ( 4.869040480596291687, 0.2598732465356546339, -20.40000000000000213 ) ) ;
#9444 = VECTOR ( 'NONE', #3509, 1000.000000000000000 ) ;
#9445 = VERTEX_POINT ( 'NONE', #2556 ) ;
#9446 = ORIENTED_EDGE ( 'NONE', *, *, #9944, .T. ) ;
#9447 = DIRECTION ( 'NONE',  ( 0.000000000000000000, 0.000000000000000000, 1.000000000000000000 ) ) ;
#9448 = SURFACE_STYLE_USAGE ( .BOTH. , #7202 ) ;
#9449 =( GEOMETRIC_REPRESENTATION_CONTEXT ( 3 ) GLOBAL_UNCERTAINTY_ASSIGNED_CONTEXT ( ( #5774 ) ) GLOBAL_UNIT_ASSIGNED_CONTEXT ( ( #9616, #1454, #494 ) ) REPRESENTATION_CONTEXT ( 'NONE', 'WORKASPACE' ) );
#9450 = CARTESIAN_POINT ( 'NONE',  ( -0.8837132697995018216, 0.04300851879375515441, -20.59999999999999787 ) ) ;
#9451 = SURFACE_SIDE_STYLE ('',( #4604 ) ) ;
#9452 =( NAMED_UNIT ( * ) PLANE_ANGLE_UNIT ( ) SI_UNIT ( $, .RADIAN. ) );
#9453 = LINE ( 'NONE', #329, #413 ) ;
#9454 = DIRECTION ( 'NONE',  ( -1.000000000000000000, 0.000000000000000000, 0.000000000000000000 ) ) ;
#9455 = CARTESIAN_POINT ( 'NONE',  ( 5.263201259219651540, -0.7218055195118798784, -20.40000000000000213 ) ) ;
#9456 = EDGE_LOOP ( 'NONE', ( #7238, #1292, #3387, #7186 ) ) ;
#9457 = PRESENTATION_LAYER_ASSIGNMENT (  '', '', ( #1396 ) ) ;
#9458 =( LENGTH_UNIT ( ) NAMED_UNIT ( * ) SI_UNIT ( .MILLI., .METRE. ) );
#9459 = ADVANCED_FACE ( 'NONE', ( #3414 ), #999, .T. ) ;
#9460 = CARTESIAN_POINT ( 'NONE',  ( 4.336808689942017736E-16, 6.799999999999997158, -8.799999999999998934 ) ) ;
#9461 = ORIENTED_EDGE ( 'NONE', *, *, #1329, .T. ) ;
#9462 = ORIENTED_EDGE ( 'NONE', *, *, #7710, .F. ) ;
#9463 = PRESENTATION_STYLE_ASSIGNMENT (( #10281 ) ) ;
#9464 = CARTESIAN_POINT ( 'NONE',  ( 4.856870110001569429, -0.6494766575937690467, -20.60000000000000142 ) ) ;
#9465 = PRESENTATION_STYLE_ASSIGNMENT (( #2894 ) ) ;
#9466 = DIRECTION ( 'NONE',  ( 0.000000000000000000, 0.000000000000000000, 1.000000000000000000 ) ) ;
#9467 = DIRECTION ( 'NONE',  ( 0.000000000000000000, -1.000000000000000000, -0.000000000000000000 ) ) ;
#9468 = DIRECTION ( 'NONE',  ( 0.000000000000000000, -0.000000000000000000, -1.000000000000000000 ) ) ;
#9469 = CARTESIAN_POINT ( 'NONE',  ( -5.370563741821849035, 0.4131696807710521502, -20.40000000000000924 ) ) ;
#9470 = CARTESIAN_POINT ( 'NONE',  ( 0.01373580469033391580, 0.2780587559012132060, -20.39999999999999147 ) ) ;
#9471 = ORIENTED_EDGE ( 'NONE', *, *, #9606, .T. ) ;
#9472 = EDGE_CURVE ( 'NONE', #10602, #252, #3476, .T. ) ;
#9473 = CARTESIAN_POINT ( 'NONE',  ( -5.996968774178680128, 0.3710146627365671912, -20.60000000000000142 ) ) ;
#9474 = ORIENTED_EDGE ( 'NONE', *, *, #7509, .T. ) ;
#9475 = DIRECTION ( 'NONE',  ( -1.000000000000000000, 3.422125580184494708E-16, -0.000000000000000000 ) ) ;
#9476 = VECTOR ( 'NONE', #9844, 1000.000000000000000 ) ;
#9477 = CARTESIAN_POINT ( 'NONE',  ( -5.531704316004638855, -0.7106669225390469524, -20.59999999999999076 ) ) ;
#9478 = CARTESIAN_POINT ( 'NONE',  ( -5.243207843500147014, 0.5335092441243760586, -20.60000000000000142 ) ) ;
#9479 = FILL_AREA_STYLE_COLOUR ( '', #2099 ) ;
#9480 = DIRECTION ( 'NONE',  ( -0.3398311366538661060, -0.9404864691001892929, 0.000000000000000000 ) ) ;
#9481 = ADVANCED_FACE ( 'NONE', ( #6309 ), #3396, .T. ) ;
#9482 = EDGE_CURVE ( 'NONE', #51, #1740, #526, .T. ) ;
#9483 = DIRECTION ( 'NONE',  ( 1.000000000000000000, 0.000000000000000000, 0.000000000000000000 ) ) ;
#9484 = PLANE ( 'NONE',  #10394 ) ;
#9485 = AXIS2_PLACEMENT_3D ( 'NONE', #6855, #2812, #5939 ) ;
#9486 = CARTESIAN_POINT ( 'NONE',  ( -0.02828532444622925204, -0.2277637117898305141, -20.40000000000000568 ) ) ;
#9487 = DIRECTION ( 'NONE',  ( -0.000000000000000000, -0.000000000000000000, -1.000000000000000000 ) ) ;
#9488 = PRESENTATION_STYLE_ASSIGNMENT (( #1430 ) ) ;
#9489 = EDGE_LOOP ( 'NONE', ( #9908, #6437, #636, #8005 ) ) ;
#9490 = VECTOR ( 'NONE', #945, 1000.000000000000000 ) ;
#9491 = STYLED_ITEM ( 'NONE', ( #199 ), #8568 ) ;
#9492 = SURFACE_STYLE_USAGE ( .BOTH. , #1485 ) ;
#9493 = CARTESIAN_POINT ( 'NONE',  ( 5.503814291024903937, -0.6576316023481861839, -20.60000000000001563 ) ) ;
#9494 = FACE_OUTER_BOUND ( 'NONE', #761, .T. ) ;
#9495 =( GEOMETRIC_REPRESENTATION_CONTEXT ( 3 ) GLOBAL_UNCERTAINTY_ASSIGNED_CONTEXT ( ( #8798 ) ) GLOBAL_UNIT_ASSIGNED_CONTEXT ( ( #1801, #1643, #5879 ) ) REPRESENTATION_CONTEXT ( 'NONE', 'WORKASPACE' ) );
#9496 = ORIENTED_EDGE ( 'NONE', *, *, #1879, .F. ) ;
#9497 = EDGE_LOOP ( 'NONE', ( #8893, #9949, #5725, #6642, #7103, #3594, #5898, #10264, #7398, #2888, #9794, #5035, #6839, #8347, #7070 ) ) ;
#9498 = CARTESIAN_POINT ( 'NONE',  ( -0.3492346110644555246, 0.4247916438146897566, -20.60000000000000142 ) ) ;
#9499 = ADVANCED_FACE ( 'NONE', ( #2166 ), #3480, .T. ) ;
#9500 = VECTOR ( 'NONE', #2534, 1000.000000000000000 ) ;
#9501 = CARTESIAN_POINT ( 'NONE',  ( -4.419110814533379283, -0.6510758556450154666, -20.40000000000000213 ) ) ;
#9502 =( LENGTH_UNIT ( ) NAMED_UNIT ( * ) SI_UNIT ( .MILLI., .METRE. ) );
#9503 = CARTESIAN_POINT ( 'NONE',  ( -7.400000000000000355, 3.999999999999998224, -20.60000000000000142 ) ) ;
#9504 = LINE ( 'NONE', #2133, #1242 ) ;
#9505 = CARTESIAN_POINT ( 'NONE',  ( -0.8096688038784680685, -0.3875842238682103424, -20.60000000000000142 ) ) ;
#9506 = PRESENTATION_LAYER_ASSIGNMENT (  '', '', ( #10196 ) ) ;
#9507 = CARTESIAN_POINT ( 'NONE',  ( 5.466696424174545044, -0.8758663848790336770, -20.39999999999999858 ) ) ;
#9508 = CARTESIAN_POINT ( 'NONE',  ( -1.582842712474619162, 9.013878188659973034, -2.082842712474619606 ) ) ;
#9509 = ORIENTED_EDGE ( 'NONE', *, *, #218, .F. ) ;
#9510 = CARTESIAN_POINT ( 'NONE',  ( -5.820758453600080706, 0.3441510379375897211, -20.40000000000000213 ) ) ;
#9511 = DIRECTION ( 'NONE',  ( 0.000000000000000000, 0.000000000000000000, -1.000000000000000000 ) ) ;
#9512 = B_SPLINE_SURFACE_WITH_KNOTS ( 'NONE', 3, 1, ( 
 ( #3545, #2896 ),
 ( #1127, #4563 ),
 ( #3762, #7052 ),
 ( #5163, #393 ),
 ( #4410, #2734 ),
 ( #7691, #6120 ),
 ( #341, #8610 ) ),
 .UNSPECIFIED., .F., .F., .F.,
 ( 4, 1, 1, 1, 4 ),
 ( 2, 2 ),
 ( 0.000000000000000000, 0.2121774586276825303, 0.4489009667349213584, 0.7114906539182617173, 1.000000000000000000 ),
 ( 0.000000000000000000, 1.000000000000000000 ),
 .UNSPECIFIED. ) ;
#9513 = VECTOR ( 'NONE', #1560, 1000.000000000000000 ) ;
#9514 = ORIENTED_EDGE ( 'NONE', *, *, #1277, .F. ) ;
#9515 = FILL_AREA_STYLE_COLOUR ( '', #9434 ) ;
#9516 = PRESENTATION_LAYER_ASSIGNMENT (  '', '', ( #3497 ) ) ;
#9517 =( LENGTH_UNIT ( ) NAMED_UNIT ( * ) SI_UNIT ( .MILLI., .METRE. ) );
#9518 = CARTESIAN_POINT ( 'NONE',  ( 2.799999999999999822, 8.813878188659971968, -20.40000000000000213 ) ) ;
#9519 = CARTESIAN_POINT ( 'NONE',  ( -5.558474498344512682, 0.4653832460872163179, -20.40000000000000568 ) ) ;
#9520 = EDGE_CURVE ( 'NONE', #100, #4531, #5885, .T. ) ;
#9521 = CARTESIAN_POINT ( 'NONE',  ( 1.500000000000000000, 9.375835069691863310, -8.799999999999998934 ) ) ;
#9522 = EDGE_LOOP ( 'NONE', ( #4804, #7809, #10215, #2165 ) ) ;
#9523 = PRESENTATION_STYLE_ASSIGNMENT (( #2956 ) ) ;
#9524 = ORIENTED_EDGE ( 'NONE', *, *, #1103, .T. ) ;
#9525 = CARTESIAN_POINT ( 'NONE',  ( -5.537568821019248411, 0.6404690672067864243, -20.60000000000000497 ) ) ;
#9526 = EDGE_CURVE ( 'NONE', #3065, #1506, #5829, .T. ) ;
#9527 = UNCERTAINTY_MEASURE_WITH_UNIT (LENGTH_MEASURE( 1.000000000000000082E-05 ), #6046, 'distance_accuracy_value', 'NONE');
#9528 = LINE ( 'NONE', #5545, #6943 ) ;
#9529 = CARTESIAN_POINT ( 'NONE',  ( -5.466190826809977032, 0.6319399841552814090, -20.60000000000000142 ) ) ;
#9530 = CARTESIAN_POINT ( 'NONE',  ( -3.000000000000000000, 8.813878188659971968, -20.40000000000000213 ) ) ;
#9531 = DIRECTION ( 'NONE',  ( 0.1709236235844714125, -0.9852842812613799017, 0.000000000000000000 ) ) ;
#9532 = ORIENTED_EDGE ( 'NONE', *, *, #4868, .T. ) ;
#9533 = DIRECTION ( 'NONE',  ( 0.000000000000000000, 0.000000000000000000, -1.000000000000000000 ) ) ;
#9534 = CARTESIAN_POINT ( 'NONE',  ( 0.7649681413146076636, -0.1695019059663379624, -20.39999999999999858 ) ) ;
#9535 = ORIENTED_EDGE ( 'NONE', *, *, #8501, .T. ) ;
#9536 = FILL_AREA_STYLE ('',( #8628 ) ) ;
#9537 = PLANE ( 'NONE',  #8193 ) ;
#9538 = COLOUR_RGB ( '',1.000000000000000000, 1.000000000000000000, 1.000000000000000000 ) ;
#9539 = VERTEX_POINT ( 'NONE', #7297 ) ;
#9540 = CARTESIAN_POINT ( 'NONE',  ( 0.6825483738407247536, -0.4214244115432347892, -20.40000000000000213 ) ) ;
#9541 = EDGE_CURVE ( 'NONE', #5959, #4048, #9122, .T. ) ;
#9542 = CARTESIAN_POINT ( 'NONE',  ( 0.07807250684920952200, 0.1210216313398552734, -20.59999999999999432 ) ) ;
#9543 = UNCERTAINTY_MEASURE_WITH_UNIT (LENGTH_MEASURE( 1.000000000000000082E-05 ), #7195, 'distance_accuracy_value', 'NONE');
#9544 = CARTESIAN_POINT ( 'NONE',  ( -4.532341334013899825, -0.8781456608398205965, -20.40000000000000213 ) ) ;
#9545 = EDGE_CURVE ( 'NONE', #3581, #4916, #739, .T. ) ;
#9546 = LINE ( 'NONE', #2117, #10635 ) ;
#9547 = LINE ( 'NONE', #10543, #3853 ) ;
#9548 = DIRECTION ( 'NONE',  ( -0.000000000000000000, -0.000000000000000000, -1.000000000000000000 ) ) ;
#9549 = ORIENTED_EDGE ( 'NONE', *, *, #10493, .F. ) ;
#9550 = ORIENTED_EDGE ( 'NONE', *, *, #10351, .F. ) ;
#9551 = AXIS2_PLACEMENT_3D ( 'NONE', #6614, #7373, #3335 ) ;
#9552 = CARTESIAN_POINT ( 'NONE',  ( -0.2518555770913313840, -0.8791828986041820837, -20.39999999999999858 ) ) ;
#9553 = CARTESIAN_POINT ( 'NONE',  ( -3.000000000000000000, 9.013878188659973034, -2.200000000000000622 ) ) ;
#9554 = DIRECTION ( 'NONE',  ( 1.084202172485504434E-16, -1.000000000000000000, 0.000000000000000000 ) ) ;
#9555 = AXIS2_PLACEMENT_3D ( 'NONE', #6804, #7660, #1263 ) ;
#9556 = STYLED_ITEM ( 'NONE', ( #5634 ), #5136 ) ;
#9557 = DIRECTION ( 'NONE',  ( -1.000000000000000000, 0.000000000000000000, 0.000000000000000000 ) ) ;
#9558 = EDGE_CURVE ( 'NONE', #579, #5343, #9064, .T. ) ;
#9559 = AXIS2_PLACEMENT_3D ( 'NONE', #1577, #772, #4244 ) ;
#9560 = DIRECTION ( 'NONE',  ( -0.000000000000000000, 0.000000000000000000, -1.000000000000000000 ) ) ;
#9561 = ORIENTED_EDGE ( 'NONE', *, *, #3409, .T. ) ;
#9562 = PRESENTATION_STYLE_ASSIGNMENT (( #4666 ) ) ;
#9563 = DIRECTION ( 'NONE',  ( -0.000000000000000000, -0.000000000000000000, -1.000000000000000000 ) ) ;
#9564 = CARTESIAN_POINT ( 'NONE',  ( 0.000000000000000000, 0.000000000000000000, -8.799999999999998934 ) ) ;
#9565 = VECTOR ( 'NONE', #2554, 1000.000000000000000 ) ;
#9566 = AXIS2_PLACEMENT_3D ( 'NONE', #9160, #3544, #2680 ) ;
#9567 = AXIS2_PLACEMENT_3D ( 'NONE', #9433, #3423, #4587 ) ;
#9568 = ORIENTED_EDGE ( 'NONE', *, *, #5135, .T. ) ;
#9569 = CARTESIAN_POINT ( 'NONE',  ( 4.747182985577946823, -0.4347845258531025103, -20.39999999999999503 ) ) ;
#9570 = CARTESIAN_POINT ( 'NONE',  ( -8.269140320336473948, -4.813878188659970192, -2.000000000000000000 ) ) ;
#9571 = PLANE ( 'NONE',  #5013 ) ;
#9572 = FACE_OUTER_BOUND ( 'NONE', #7620, .T. ) ;
#9573 = CIRCLE ( 'NONE', #6823, 0.1999999999999987899 ) ;
#9574 = FILL_AREA_STYLE ('',( #10400 ) ) ;
#9575 = AXIS2_PLACEMENT_3D ( 'NONE', #4421, #8303, #7598 ) ;
#9576 = CARTESIAN_POINT ( 'NONE',  ( -0.4588030576237439040, 0.6390906925010167994, -20.40000000000000213 ) ) ;
#9577 = ORIENTED_EDGE ( 'NONE', *, *, #38, .T. ) ;
#9578 = LINE ( 'NONE', #6231, #6982 ) ;
#9579 = CARTESIAN_POINT ( 'NONE',  ( 5.156702439925136439, 0.6413348586406990570, -20.60000000000000853 ) ) ;
#9580 = EDGE_LOOP ( 'NONE', ( #308, #8751, #1155, #5910, #2173 ) ) ;
#9581 = CARTESIAN_POINT ( 'NONE',  ( -5.333654890277879979, 0.5887764220608343591, -20.60000000000000497 ) ) ;
#9582 = VECTOR ( 'NONE', #9466, 1000.000000000000000 ) ;
#9583 = CARTESIAN_POINT ( 'NONE',  ( -5.574244743104808997, 0.6413348586406988350, -20.40000000000000213 ) ) ;
#9584 = CARTESIAN_POINT ( 'NONE',  ( -0.3254256239114279303, -0.7152113911769666377, -20.60000000000001208 ) ) ;
#9585 = VECTOR ( 'NONE', #4775, 1000.000000000000000 ) ;
#9586 = CARTESIAN_POINT ( 'NONE',  ( -4.398678035173504419, -0.5683404060495111931, -20.60000000000000853 ) ) ;
#9587 = ORIENTED_EDGE ( 'NONE', *, *, #5583, .T. ) ;
#9588 = CARTESIAN_POINT ( 'NONE',  ( 0.7070229116079889131, -0.3430373459431884098, -20.59999999999999787 ) ) ;
#9589 = DIRECTION ( 'NONE',  ( 0.000000000000000000, 0.000000000000000000, -1.000000000000000000 ) ) ;
#9590 = CARTESIAN_POINT ( 'NONE',  ( 0.000000000000000000, 0.000000000000000000, 6.713295847694284113 ) ) ;
#9591 = EDGE_CURVE ( 'NONE', #376, #3327, #4811, .T. ) ;
#9592 = ORIENTED_EDGE ( 'NONE', *, *, #10337, .F. ) ;
#9593 = CARTESIAN_POINT ( 'NONE',  ( -5.370563741821849035, 0.4131696807710521502, -20.60000000000000853 ) ) ;
#9594 = VECTOR ( 'NONE', #1230, 1000.000000000000000 ) ;
#9595 = ORIENTED_EDGE ( 'NONE', *, *, #1027, .F. ) ;
#9596 = CARTESIAN_POINT ( 'NONE',  ( -0.8664159599228445918, -0.2067160809960320589, -20.40000000000000568 ) ) ;
#9597 = CARTESIAN_POINT ( 'NONE',  ( 5.503814291024903937, -0.6576316023481861839, -20.40000000000001279 ) ) ;
#9598 = CARTESIAN_POINT ( 'NONE',  ( -1.500000000000000000, 9.375835069691863310, -8.799999999999998934 ) ) ;
#9599 = DIRECTION ( 'NONE',  ( 1.000000000000000000, -0.000000000000000000, 0.000000000000000000 ) ) ;
#9600 = DIRECTION ( 'NONE',  ( -1.000000000000000000, 0.000000000000000000, 0.000000000000000000 ) ) ;
#9601 = ORIENTED_EDGE ( 'NONE', *, *, #1659, .T. ) ;
#9602 = ORIENTED_EDGE ( 'NONE', *, *, #5658, .F. ) ;
#9603 = VECTOR ( 'NONE', #3347, 1000.000000000000000 ) ;
#9604 = CARTESIAN_POINT ( 'NONE',  ( -0.5226755702444884077, 0.6413348586406990570, -20.60000000000000142 ) ) ;
#9605 = FACE_OUTER_BOUND ( 'NONE', #5385, .T. ) ;
#9606 = EDGE_CURVE ( 'NONE', #9971, #10208, #3825, .T. ) ;
#9607 = EDGE_CURVE ( 'NONE', #5539, #138, #7281, .T. ) ;
#9608 = LINE ( 'NONE', #8110, #160 ) ;
#9609 = CARTESIAN_POINT ( 'NONE',  ( -3.928624128444137664, 0.3128797459651007085, -20.39999999999999503 ) ) ;
#9610 = VECTOR ( 'NONE', #9691, 1000.000000000000000 ) ;
#9611 = CARTESIAN_POINT ( 'NONE',  ( -3.199999999999999734, -5.213878188659972324, -8.799999999999998934 ) ) ;
#9612 = FACE_OUTER_BOUND ( 'NONE', #1049, .T. ) ;
#9613 = LINE ( 'NONE', #2244, #9925 ) ;
#9614 = CARTESIAN_POINT ( 'NONE',  ( 5.083984634993700347, -0.6568877140137278081, -20.40000000000000213 ) ) ;
#9615 = ORIENTED_EDGE ( 'NONE', *, *, #296, .F. ) ;
#9616 =( LENGTH_UNIT ( ) NAMED_UNIT ( * ) SI_UNIT ( .MILLI., .METRE. ) );
#9617 =( NAMED_UNIT ( * ) PLANE_ANGLE_UNIT ( ) SI_UNIT ( $, .RADIAN. ) );
#9618 = EDGE_CURVE ( 'NONE', #5860, #1187, #9749, .T. ) ;
#9619 = DIRECTION ( 'NONE',  ( -1.000000000000000000, 0.000000000000000000, 0.000000000000000000 ) ) ;
#9620 = CIRCLE ( 'NONE', #3425, 0.2000000000000000944 ) ;
#9621 = EDGE_CURVE ( 'NONE', #376, #1587, #9313, .T. ) ;
#9622 = ORIENTED_EDGE ( 'NONE', *, *, #9766, .F. ) ;
#9623 = ORIENTED_EDGE ( 'NONE', *, *, #2298, .F. ) ;
#9624 = CARTESIAN_POINT ( 'NONE',  ( 5.307980849016044722, -0.8976261803203400280, -20.60000000000000142 ) ) ;
#9625 = CARTESIAN_POINT ( 'NONE',  ( 5.543433486683485789, 0.4855796791425562309, -20.39999999999999858 ) ) ;
#9626 =( NAMED_UNIT ( * ) SI_UNIT ( $, .STERADIAN. ) SOLID_ANGLE_UNIT ( ) );
#9627 = FACE_OUTER_BOUND ( 'NONE', #1664, .T. ) ;
#9628 = CARTESIAN_POINT ( 'NONE',  ( -0.7712163851358813105, 0.5729052140411333705, -20.40000000000000213 ) ) ;
#9629 = LINE ( 'NONE', #8176, #6406 ) ;
#9630 = VECTOR ( 'NONE', #5311, 1000.000000000000000 ) ;
#9631 = LINE ( 'NONE', #10345, #4214 ) ;
#9632 = CARTESIAN_POINT ( 'NONE',  ( -3.199999999999999734, -5.213878188659972324, -2.200000000000000178 ) ) ;
#9633 = EDGE_LOOP ( 'NONE', ( #5407, #6031, #3858, #3652 ) ) ;
#9634 = CARTESIAN_POINT ( 'NONE',  ( 4.980748474267411297, 0.6113100570507273845, -20.60000000000000853 ) ) ;
#9635 = EDGE_CURVE ( 'NONE', #6388, #7520, #4147, .T. ) ;
#9636 = EDGE_LOOP ( 'NONE', ( #56, #9622, #7167, #9164 ) ) ;
#9637 = DIRECTION ( 'NONE',  ( 0.000000000000000000, 0.000000000000000000, 1.000000000000000000 ) ) ;
#9638 = CARTESIAN_POINT ( 'NONE',  ( -0.1651984277938322032, -0.6250615261837192405, -20.40000000000000213 ) ) ;
#9639 = COLOUR_RGB ( '',0.6941176470588235059, 0.09803921568627450844, 0.09803921568627450844 ) ;
#9640 = PLANE ( 'NONE',  #9743 ) ;
#9641 = STYLED_ITEM ( 'NONE', ( #8950 ), #2384 ) ;
#9642 = CARTESIAN_POINT ( 'NONE',  ( -0.3981828754392935932, -0.7223015049956645894, -20.60000000000000142 ) ) ;
#9643 = FILL_AREA_STYLE_COLOUR ( '', #5083 ) ;
#9644 =( LENGTH_UNIT ( ) NAMED_UNIT ( * ) SI_UNIT ( .MILLI., .METRE. ) );
#9645 = DIRECTION ( 'NONE',  ( 1.000000000000000000, -0.000000000000000000, -0.000000000000000000 ) ) ;
#9646 = EDGE_LOOP ( 'NONE', ( #9191, #6506, #7878, #2390 ) ) ;
#9647 = PRESENTATION_STYLE_ASSIGNMENT (( #2971 ) ) ;
#9648 = ORIENTED_EDGE ( 'NONE', *, *, #765, .T. ) ;
#9649 = VERTEX_POINT ( 'NONE', #7446 ) ;
#9650 = CARTESIAN_POINT ( 'NONE',  ( -0.4268269355370860607, -0.7217130652899369503, -20.40000000000000213 ) ) ;
#9651 = ORIENTED_EDGE ( 'NONE', *, *, #7268, .F. ) ;
#9652 = SURFACE_STYLE_FILL_AREA ( #6197 ) ;
#9653 = UNCERTAINTY_MEASURE_WITH_UNIT (LENGTH_MEASURE( 1.000000000000000082E-05 ), #10428, 'distance_accuracy_value', 'NONE');
#9654 = CARTESIAN_POINT ( 'NONE',  ( 5.636719940757845215, -0.4612445190241208914, -20.39999999999999503 ) ) ;
#9655 = CARTESIAN_POINT ( 'NONE',  ( 1.600000000000000089, -5.799999999999998046, 0.000000000000000000 ) ) ;
#9656 = CARTESIAN_POINT ( 'NONE',  ( 5.583421767662057000, -0.5757666422255157679, -20.60000000000000497 ) ) ;
#9657 =( GEOMETRIC_REPRESENTATION_CONTEXT ( 3 ) GLOBAL_UNCERTAINTY_ASSIGNED_CONTEXT ( ( #838 ) ) GLOBAL_UNIT_ASSIGNED_CONTEXT ( ( #5588, #719, #10622 ) ) REPRESENTATION_CONTEXT ( 'NONE', 'WORKASPACE' ) );
#9658 = DIRECTION ( 'NONE',  ( 1.000000000000000000, 0.000000000000000000, -0.000000000000000000 ) ) ;
#9659 = EDGE_CURVE ( 'NONE', #4884, #7025, #8639, .T. ) ;
#9660 = ORIENTED_EDGE ( 'NONE', *, *, #3838, .T. ) ;
#9661 = CIRCLE ( 'NONE', #8454, 0.9500000000000002887 ) ;
#9662 = ORIENTED_EDGE ( 'NONE', *, *, #8701, .T. ) ;
#9663 = CARTESIAN_POINT ( 'NONE',  ( -0.2843173928013169038, -0.8872969924675326858, -20.40000000000000213 ) ) ;
#9664 = COLOUR_RGB ( '',0.4980392156862745168, 0.4980392156862745168, 0.4980392156862745168 ) ;
#9665 = DIRECTION ( 'NONE',  ( 0.000000000000000000, 0.000000000000000000, 1.000000000000000000 ) ) ;
#9666 = COLOUR_RGB ( '',1.000000000000000000, 1.000000000000000000, 1.000000000000000000 ) ;
#9667 = DIRECTION ( 'NONE',  ( -0.1684197129968813822, 0.9857153748796089188, 0.000000000000000000 ) ) ;
#9668 = DIRECTION ( 'NONE',  ( 1.000000000000000000, 0.000000000000000000, 0.000000000000000000 ) ) ;
#9669 = PLANE ( 'NONE',  #4182 ) ;
#9670 = EDGE_CURVE ( 'NONE', #690, #9649, #2391, .T. ) ;
#9671 = FILL_AREA_STYLE_COLOUR ( '', #6479 ) ;
#9672 = CARTESIAN_POINT ( 'NONE',  ( -1.032263784733008283, 0.1209721952235524173, -20.60000000000000142 ) ) ;
#9673 = VECTOR ( 'NONE', #6471, 1000.000000000000000 ) ;
#9674 = VERTEX_POINT ( 'NONE', #2491 ) ;
#9675 = CARTESIAN_POINT ( 'NONE',  ( 4.336808689942017736E-16, 6.799999999999997158, -20.60000000000000142 ) ) ;
#9676 = EDGE_LOOP ( 'NONE', ( #7814, #9114, #10292, #6525 ) ) ;
#9677 = ORIENTED_EDGE ( 'NONE', *, *, #7377, .F. ) ;
#9678 = CARTESIAN_POINT ( 'NONE',  ( 5.216718646359365330, -0.8900366848736641634, -20.60000000000000853 ) ) ;
#9679 = FACE_OUTER_BOUND ( 'NONE', #5810, .T. ) ;
#9680 = VECTOR ( 'NONE', #4551, 1000.000000000000000 ) ;
#9681 = MECHANICAL_DESIGN_GEOMETRIC_PRESENTATION_REPRESENTATION (  '', ( #8300 ), #2607 ) ;
#9682 = CARTESIAN_POINT ( 'NONE',  ( 0.8036078148224815587, -0.06092787787667006821, -20.39999999999999858 ) ) ;
#9683 = CARTESIAN_POINT ( 'NONE',  ( -0.5226755702444884077, 0.6413348586406990570, -20.40000000000000213 ) ) ;
#9684 = DIRECTION ( 'NONE',  ( 0.000000000000000000, -0.000000000000000000, 1.000000000000000000 ) ) ;
#9685 = ADVANCED_FACE ( 'NONE', ( #4043 ), #5616, .F. ) ;
#9686 = DIRECTION ( 'NONE',  ( 0.000000000000000000, 0.000000000000000000, -1.000000000000000000 ) ) ;
#9687 = ADVANCED_FACE ( 'NONE', ( #9704 ), #5972, .T. ) ;
#9688 = ORIENTED_EDGE ( 'NONE', *, *, #3700, .F. ) ;
#9689 = ORIENTED_EDGE ( 'NONE', *, *, #9606, .F. ) ;
#9690 = DIRECTION ( 'NONE',  ( -0.000000000000000000, -0.000000000000000000, -1.000000000000000000 ) ) ;
#9691 = DIRECTION ( 'NONE',  ( 1.000000000000000000, 0.000000000000000000, 0.000000000000000000 ) ) ;
#9692 = FILL_AREA_STYLE ('',( #6404 ) ) ;
#9693 = CIRCLE ( 'NONE', #10217, 0.4000000000000001887 ) ;
#9694 = EDGE_CURVE ( 'NONE', #312, #10359, #6223, .T. ) ;
#9695 = FILL_AREA_STYLE_COLOUR ( '', #2593 ) ;
#9696 = DIRECTION ( 'NONE',  ( -1.000000000000000000, 0.000000000000000000, 0.000000000000000000 ) ) ;
#9697 = ORIENTED_EDGE ( 'NONE', *, *, #1620, .T. ) ;
#9698 = CARTESIAN_POINT ( 'NONE',  ( -0.8848914793353974684, -0.01004501148917113541, -20.60000000000000142 ) ) ;
#9699 = CYLINDRICAL_SURFACE ( 'NONE', #3759, 0.9500000000000002887 ) ;
#9700 = VERTEX_POINT ( 'NONE', #1289 ) ;
#9701 = DIRECTION ( 'NONE',  ( 0.000000000000000000, 0.000000000000000000, 1.000000000000000000 ) ) ;
#9702 = FACE_OUTER_BOUND ( 'NONE', #2673, .T. ) ;
#9703 = VERTEX_POINT ( 'NONE', #4459 ) ;
#9704 = FACE_OUTER_BOUND ( 'NONE', #9755, .T. ) ;
#9705 = FACE_OUTER_BOUND ( 'NONE', #1022, .T. ) ;
#9706 = SURFACE_STYLE_FILL_AREA ( #6423 ) ;
#9707 = DIRECTION ( 'NONE',  ( -0.000000000000000000, 0.000000000000000000, 1.000000000000000000 ) ) ;
#9708 = DIRECTION ( 'NONE',  ( 0.000000000000000000, 0.000000000000000000, 1.000000000000000000 ) ) ;
#9709 = ORIENTED_EDGE ( 'NONE', *, *, #7388, .T. ) ;
#9710 = ORIENTED_EDGE ( 'NONE', *, *, #8993, .F. ) ;
#9711 = LINE ( 'NONE', #2235, #7211 ) ;
#9712 = MECHANICAL_DESIGN_GEOMETRIC_PRESENTATION_REPRESENTATION (  '', ( #799 ), #9364 ) ;
#9713 = CARTESIAN_POINT ( 'NONE',  ( -1.027597929295509971, -0.2092522653785577891, -20.59999999999999787 ) ) ;
#9714 = VERTEX_POINT ( 'NONE', #6691 ) ;
#9715 = CYLINDRICAL_SURFACE ( 'NONE', #5782, 0.1999999999999996503 ) ;
#9716 =( NAMED_UNIT ( * ) SI_UNIT ( $, .STERADIAN. ) SOLID_ANGLE_UNIT ( ) );
#9717 = DIRECTION ( 'NONE',  ( -0.000000000000000000, -0.000000000000000000, -1.000000000000000000 ) ) ;
#9718 = DIRECTION ( 'NONE',  ( 0.000000000000000000, 0.000000000000000000, -1.000000000000000000 ) ) ;
#9719 = CARTESIAN_POINT ( 'NONE',  ( 5.416274291953265596, -0.8885613797709186468, -20.39999999999999503 ) ) ;
#9720 = FILL_AREA_STYLE ('',( #1335 ) ) ;
#9721 =( NAMED_UNIT ( * ) SI_UNIT ( $, .STERADIAN. ) SOLID_ANGLE_UNIT ( ) );
#9722 = DIRECTION ( 'NONE',  ( -3.422125580184494708E-16, -1.000000000000000000, 0.000000000000000000 ) ) ;
#9723 = ORIENTED_EDGE ( 'NONE', *, *, #1986, .F. ) ;
#9724 = CARTESIAN_POINT ( 'NONE',  ( -6.599999999999999645, 1.599999999999998757, -2.000000000000000000 ) ) ;
#9725 = PLANE ( 'NONE',  #3241 ) ;
#9726 = CARTESIAN_POINT ( 'NONE',  ( -0.02828532444622925204, -0.2277637117898305141, -20.60000000000000497 ) ) ;
#9727 = EDGE_LOOP ( 'NONE', ( #7278, #6298, #9514, #844 ) ) ;
#9728 = EDGE_CURVE ( 'NONE', #10489, #10593, #10026, .T. ) ;
#9729 = CARTESIAN_POINT ( 'NONE',  ( 5.620508090911470411, 0.3976647593932680635, -20.40000000000000924 ) ) ;
#9730 = AXIS2_PLACEMENT_3D ( 'NONE', #7108, #6226, #10343 ) ;
#9731 = VECTOR ( 'NONE', #8380, 1000.000000000000000 ) ;
#9732 = SURFACE_SIDE_STYLE ('',( #3978 ) ) ;
#9733 = CARTESIAN_POINT ( 'NONE',  ( 0.7841750940340092013, -0.1166265932603349348, -20.40000000000000213 ) ) ;
#9734 = CARTESIAN_POINT ( 'NONE',  ( -1.040270957397572804, -0.0009983467830054345779, -20.40000000000000568 ) ) ;
#9735 = CARTESIAN_POINT ( 'NONE',  ( -5.800635470022655227, -0.4756846635750474617, -20.39999999999999858 ) ) ;
#9736 = ORIENTED_EDGE ( 'NONE', *, *, #9098, .T. ) ;
#9737 = AXIS2_PLACEMENT_3D ( 'NONE', #6084, #3787, #7132 ) ;
#9738 = AXIS2_PLACEMENT_3D ( 'NONE', #1826, #3651, #2832 ) ;
#9739 = B_SPLINE_CURVE_WITH_KNOTS ( 'NONE', 3,
 ( #6654, #10044, #7613, #1760, #163, #1006, #7567, #2558, #8415, #8319, #9081, #7515, #3367, #1654, #6705, #6597, #1811, #9185, #5089 ),
 .UNSPECIFIED., .F., .F.,
 ( 4, 1, 1, 1, 1, 1, 1, 1, 1, 1, 1, 1, 1, 1, 1, 1, 4 ),
 ( 0.000000000000000000, 0.07040813273187943033, 0.1385315568307198264, 0.2051931111868492141, 0.2698979902991168744, 0.3331965786051242495, 0.3953098162645778402, 0.4561724639254360336, 0.5166274028946397090, 0.5759267578935649556, 0.6355239129868467396, 0.6947320381548272028, 0.7542906315131783224, 0.8144587552179252121, 0.8749740206680791665, 0.9370589671679419030, 0.9999999999999998890 ),
 .UNSPECIFIED. ) ;
#9740 = ORIENTED_EDGE ( 'NONE', *, *, #6033, .T. ) ;
#9741 = EDGE_CURVE ( 'NONE', #5395, #3293, #6948, .T. ) ;
#9742 = EDGE_CURVE ( 'NONE', #161, #2986, #2419, .T. ) ;
#9743 = AXIS2_PLACEMENT_3D ( 'NONE', #6680, #8339, #288 ) ;
#9744 = MECHANICAL_DESIGN_GEOMETRIC_PRESENTATION_REPRESENTATION (  '', ( #10462 ), #146 ) ;
#9745 = DIRECTION ( 'NONE',  ( -1.000000000000000000, 0.000000000000000000, 0.000000000000000000 ) ) ;
#9746 = FACE_OUTER_BOUND ( 'NONE', #5767, .T. ) ;
#9747 = B_SPLINE_SURFACE_WITH_KNOTS ( 'NONE', 3, 1, ( 
 ( #6162, #1877 ),
 ( #3108, #5519 ),
 ( #9609, #3747 ),
 ( #2993, #1389 ),
 ( #4659, #7944 ),
 ( #6263, #600 ),
 ( #5467, #10438 ) ),
 .UNSPECIFIED., .F., .F., .F.,
 ( 4, 1, 1, 1, 4 ),
 ( 2, 2 ),
 ( 0.000000000000000000, 0.2155144430785323473, 0.4538648226708632549, 0.7153135963517071039, 1.000000000000000000 ),
 ( 0.000000000000000000, 1.000000000000000000 ),
 .UNSPECIFIED. ) ;
#9748 = VERTEX_POINT ( 'NONE', #2258 ) ;
#9749 = B_SPLINE_CURVE_WITH_KNOTS ( 'NONE', 3,
 ( #4909, #8197, #6526, #837, #9917, #4097, #9809, #10597, #5021, #1593, #9756 ),
 .UNSPECIFIED., .F., .F.,
 ( 4, 1, 1, 1, 1, 1, 1, 1, 4 ),
 ( 0.000000000000000000, 0.1177275761199063908, 0.2337686221826863475, 0.3509645643764757739, 0.4701001219487968008, 0.5935383012539022785, 0.7220435396388097393, 0.8569583974415002636, 1.000000000000000000 ),
 .UNSPECIFIED. ) ;
#9750 = VERTEX_POINT ( 'NONE', #4735 ) ;
#9751 = DIRECTION ( 'NONE',  ( -1.000000000000000000, 0.000000000000000000, 0.000000000000000000 ) ) ;
#9752 = ADVANCED_FACE ( 'NONE', ( #3873 ), #8944, .F. ) ;
#9753 = CARTESIAN_POINT ( 'NONE',  ( -3.400000000000000355, 3.199999999999998401, -2.000000000000000000 ) ) ;
#9754 = FILL_AREA_STYLE ('',( #8911 ) ) ;
#9755 = EDGE_LOOP ( 'NONE', ( #3048, #3810, #40, #518 ) ) ;
#9756 = CARTESIAN_POINT ( 'NONE',  ( -0.2000294663483845048, 0.2995126183809586617, -20.40000000000000213 ) ) ;
#9757 = PRESENTATION_LAYER_ASSIGNMENT (  '', '', ( #6322 ) ) ;
#9758 = CARTESIAN_POINT ( 'NONE',  ( -5.848493931416497205, -0.3521716348657946694, -20.40000000000000213 ) ) ;
#9759 = CARTESIAN_POINT ( 'NONE',  ( 2.400000000000000355, 8.399999999999998579, -18.59999999999999787 ) ) ;
#9760 = SURFACE_SIDE_STYLE ('',( #3354 ) ) ;
#9761 = CARTESIAN_POINT ( 'NONE',  ( -0.6284765464451526062, 0.6314911320144278584, -20.60000000000000497 ) ) ;
#9762 = VERTEX_POINT ( 'NONE', #1464 ) ;
#9763 = CARTESIAN_POINT ( 'NONE',  ( 4.693506462897730103, 0.2270606048642995201, -20.39999999999999147 ) ) ;
#9764 = CARTESIAN_POINT ( 'NONE',  ( 5.794433330450069697, 0.0007362267868383628924, -20.39999999999999858 ) ) ;
#9765 = PRESENTATION_LAYER_ASSIGNMENT (  '', '', ( #7702 ) ) ;
#9766 = EDGE_CURVE ( 'NONE', #7728, #2606, #5590, .T. ) ;
#9767 = VERTEX_POINT ( 'NONE', #671 ) ;
#9768 =( NAMED_UNIT ( * ) PLANE_ANGLE_UNIT ( ) SI_UNIT ( $, .RADIAN. ) );
#9769 = DIRECTION ( 'NONE',  ( -0.000000000000000000, 0.000000000000000000, -1.000000000000000000 ) ) ;
#9770 = CARTESIAN_POINT ( 'NONE',  ( 0.000000000000000000, -6.799999999999997158, -8.799999999999998934 ) ) ;
#9771 = LINE ( 'NONE', #2454, #5872 ) ;
#9772 = CARTESIAN_POINT ( 'NONE',  ( -7.869140320336472705, 4.813878188659971080, -20.60000000000000142 ) ) ;
#9773 = CARTESIAN_POINT ( 'NONE',  ( 5.514375623987163522, -0.8579084494446654885, -20.60000000000000497 ) ) ;
#9774 = DIRECTION ( 'NONE',  ( -1.000000000000000000, 0.000000000000000000, 0.000000000000000000 ) ) ;
#9775 = CARTESIAN_POINT ( 'NONE',  ( -0.07736307024448839387, 0.4148738196796599165, -20.40000000000000213 ) ) ;
#9776 = CIRCLE ( 'NONE', #5133, 0.2000000000000000944 ) ;
#9777 = ORIENTED_EDGE ( 'NONE', *, *, #2094, .T. ) ;
#9778 = DIRECTION ( 'NONE',  ( 0.000000000000000000, -0.000000000000000000, -1.000000000000000000 ) ) ;
#9779 = CARTESIAN_POINT ( 'NONE',  ( -0.06963403859844706500, 0.05775851364963312251, -20.40000000000000213 ) ) ;
#9780 = VERTEX_POINT ( 'NONE', #7221 ) ;
#9781 = B_SPLINE_CURVE_WITH_KNOTS ( 'NONE', 3,
 ( #9683, #4026, #1463, #8073, #7901, #1349, #9628, #3125, #3070, #10397, #2367, #8773, #4622, #3226, #5531, #6279, #6392, #9734, #5643 ),
 .UNSPECIFIED., .F., .F.,
 ( 4, 1, 1, 1, 1, 1, 1, 1, 1, 1, 1, 1, 1, 1, 1, 1, 4 ),
 ( 0.000000000000000000, 0.05727387003889808370, 0.1125885745647166175, 0.1667057614595783555, 0.2207704467716926355, 0.2751427342129773024, 0.3304303619029004824, 0.3875670358509391011, 0.4471448412340195966, 0.5083952260604526208, 0.5705061652138014860, 0.6346295394722748506, 0.7007977917189525119, 0.7700864055379333939, 0.8427810704370046757, 0.9192994861747902924, 1.000000000000000000 ),
 .UNSPECIFIED. ) ;
#9782 = CARTESIAN_POINT ( 'NONE',  ( 5.428319606587837853, 0.5724995180032267372, -20.40000000000000568 ) ) ;
#9783 = VECTOR ( 'NONE', #5277, 1000.000000000000000 ) ;
#9784 = CARTESIAN_POINT ( 'NONE',  ( 0.7024664752100571175, -0.3573461478528076052, -20.40000000000000213 ) ) ;
#9785 = CARTESIAN_POINT ( 'NONE',  ( 0.000000000000000000, 0.000000000000000000, -8.799999999999998934 ) ) ;
#9786 = FACE_OUTER_BOUND ( 'NONE', #766, .T. ) ;
#9787 = CYLINDRICAL_SURFACE ( 'NONE', #4842, 0.2000000000000000944 ) ;
#9788 = FILL_AREA_STYLE_COLOUR ( '', #2109 ) ;
#9789 = FILL_AREA_STYLE ('',( #6504 ) ) ;
#9790 =( GEOMETRIC_REPRESENTATION_CONTEXT ( 3 ) GLOBAL_UNCERTAINTY_ASSIGNED_CONTEXT ( ( #9543 ) ) GLOBAL_UNIT_ASSIGNED_CONTEXT ( ( #7195, #10541, #1317 ) ) REPRESENTATION_CONTEXT ( 'NONE', 'WORKASPACE' ) );
#9791 = VERTEX_POINT ( 'NONE', #10516 ) ;
#9792 = EDGE_CURVE ( 'NONE', #6284, #7364, #10624, .T. ) ;
#9793 = VECTOR ( 'NONE', #4120, 1000.000000000000000 ) ;
#9794 = ORIENTED_EDGE ( 'NONE', *, *, #6582, .T. ) ;
#9795 =( NAMED_UNIT ( * ) SI_UNIT ( $, .STERADIAN. ) SOLID_ANGLE_UNIT ( ) );
#9796 = CARTESIAN_POINT ( 'NONE',  ( -0.2572704577938192960, -0.6912736576054553383, -20.60000000000000497 ) ) ;
#9797 = CARTESIAN_POINT ( 'NONE',  ( 0.2553276765087583722, 0.6218543391601795145, -20.40000000000000213 ) ) ;
#9798 = ADVANCED_FACE ( 'NONE', ( #6447 ), #6393, .F. ) ;
#9799 = LINE ( 'NONE', #7122, #2586 ) ;
#9800 = ORIENTED_EDGE ( 'NONE', *, *, #4298, .T. ) ;
#9801 = LINE ( 'NONE', #4255, #1992 ) ;
#9802 = AXIS2_PLACEMENT_3D ( 'NONE', #9369, #10031, #7707 ) ;
#9803 = SURFACE_STYLE_USAGE ( .BOTH. , #8349 ) ;
#9804 = ORIENTED_EDGE ( 'NONE', *, *, #1533, .T. ) ;
#9805 = CARTESIAN_POINT ( 'NONE',  ( -4.914896717733526543, -0.1696674579620507384, -20.60000000000000142 ) ) ;
#9806 = EDGE_LOOP ( 'NONE', ( #8476, #9851, #3077, #3500 ) ) ;
#9807 = FACE_OUTER_BOUND ( 'NONE', #3313, .T. ) ;
#9808 =( LENGTH_UNIT ( ) NAMED_UNIT ( * ) SI_UNIT ( .MILLI., .METRE. ) );
#9809 = CARTESIAN_POINT ( 'NONE',  ( -0.3098281326754143139, 0.4012247996759403246, -20.40000000000000568 ) ) ;
#9810 = CARTESIAN_POINT ( 'NONE',  ( 1.500000000000000000, -9.213878188659972324, -8.799999999999998934 ) ) ;
#9811 = LINE ( 'NONE', #2393, #2591 ) ;
#9812 = FILL_AREA_STYLE ('',( #2494 ) ) ;
#9813 = PRESENTATION_STYLE_ASSIGNMENT (( #9873 ) ) ;
#9814 = ADVANCED_FACE ( 'NONE', ( #9572 ), #4839, .F. ) ;
#9815 = EDGE_LOOP ( 'NONE', ( #4831, #5930, #6011, #8528 ) ) ;
#9816 = ADVANCED_FACE ( 'NONE', ( #2203 ), #1517, .T. ) ;
#9817 = ORIENTED_EDGE ( 'NONE', *, *, #1733, .T. ) ;
#9818 = PLANE ( 'NONE',  #7565 ) ;
#9819 = SURFACE_SIDE_STYLE ('',( #6535 ) ) ;
#9820 = CYLINDRICAL_SURFACE ( 'NONE', #4412, 0.2000000000000000944 ) ;
#9821 = ORIENTED_EDGE ( 'NONE', *, *, #539, .T. ) ;
#9822 = CARTESIAN_POINT ( 'NONE',  ( -0.3869207001146183211, -0.8976261803203399170, -20.60000000000000497 ) ) ;
#9823 = CARTESIAN_POINT ( 'NONE',  ( 3.199999999999999734, 5.213878188659972324, -20.60000000000000142 ) ) ;
#9824 = CARTESIAN_POINT ( 'NONE',  ( -1.600000000000000089, 3.199999999999998401, 0.000000000000000000 ) ) ;
#9825 = CARTESIAN_POINT ( 'NONE',  ( -6.037440720132212668, 0.2270606048642994645, -20.39999999999999503 ) ) ;
#9826 =( NAMED_UNIT ( * ) PLANE_ANGLE_UNIT ( ) SI_UNIT ( $, .RADIAN. ) );
#9827 = CARTESIAN_POINT ( 'NONE',  ( 2.999999999999999556, 5.013878188659972146, -2.200000000000000622 ) ) ;
#9828 = PRESENTATION_LAYER_ASSIGNMENT (  '', '', ( #10535 ) ) ;
#9829 = CARTESIAN_POINT ( 'NONE',  ( -4.336808689942017736E-16, 2.399999999999998579, -18.59999999999999787 ) ) ;
#9830 = EDGE_CURVE ( 'NONE', #7728, #9791, #8074, .T. ) ;
#9831 = MANIFOLD_SOLID_BREP ( '\X2\042404300441043a0430\X0\1', #5055 ) ;
#9832 = ORIENTED_EDGE ( 'NONE', *, *, #3115, .T. ) ;
#9833 = AXIS2_PLACEMENT_3D ( 'NONE', #4342, #1969, #6769 ) ;
#9834 = CARTESIAN_POINT ( 'NONE',  ( -0.1722654998476755017, 0.5143283705090895275, -20.60000000000000497 ) ) ;
#9835 =( GEOMETRIC_REPRESENTATION_CONTEXT ( 3 ) GLOBAL_UNCERTAINTY_ASSIGNED_CONTEXT ( ( #7596 ) ) GLOBAL_UNIT_ASSIGNED_CONTEXT ( ( #9644, #9906, #8083 ) ) REPRESENTATION_CONTEXT ( 'NONE', 'WORKASPACE' ) );
#9836 =( LENGTH_UNIT ( ) NAMED_UNIT ( * ) SI_UNIT ( .MILLI., .METRE. ) );
#9837 = ORIENTED_EDGE ( 'NONE', *, *, #1928, .F. ) ;
#9838 = CIRCLE ( 'NONE', #7425, 0.2000000000000000944 ) ;
#9839 = FACE_OUTER_BOUND ( 'NONE', #7386, .T. ) ;
#9840 = CARTESIAN_POINT ( 'NONE',  ( 1.700000000000000178, -9.013878188659973034, -9.000000000000000000 ) ) ;
#9841 = CARTESIAN_POINT ( 'NONE',  ( -1.600000000000000089, -7.599999999999996980, -2.000000000000000000 ) ) ;
#9842 = DIRECTION ( 'NONE',  ( 1.084202172485504434E-16, 1.000000000000000000, 0.000000000000000000 ) ) ;
#9843 = DIRECTION ( 'NONE',  ( 1.084202172485504434E-16, -1.000000000000000000, -0.000000000000000000 ) ) ;
#9844 = DIRECTION ( 'NONE',  ( 0.000000000000000000, 0.000000000000000000, 1.000000000000000000 ) ) ;
#9845 = VECTOR ( 'NONE', #788, 1000.000000000000000 ) ;
#9846 = SURFACE_STYLE_USAGE ( .BOTH. , #10005 ) ;
#9847 = FILL_AREA_STYLE_COLOUR ( '', #9233 ) ;
#9848 =( NAMED_UNIT ( * ) PLANE_ANGLE_UNIT ( ) SI_UNIT ( $, .RADIAN. ) );
#9849 = ORIENTED_EDGE ( 'NONE', *, *, #3935, .T. ) ;
#9850 = AXIS2_PLACEMENT_3D ( 'NONE', #5103, #9247, #5154 ) ;
#9851 = ORIENTED_EDGE ( 'NONE', *, *, #4129, .F. ) ;
#9852 = CIRCLE ( 'NONE', #1923, 0.2000000000000000944 ) ;
#9853 = CARTESIAN_POINT ( 'NONE',  ( -5.314672891076678063, -0.8885613797709188688, -20.59999999999999787 ) ) ;
#9854 = CARTESIAN_POINT ( 'NONE',  ( 6.599999999999999645, 1.599999999999998757, 0.000000000000000000 ) ) ;
#9855 = EDGE_CURVE ( 'NONE', #3910, #6427, #9629, .T. ) ;
#9856 = CARTESIAN_POINT ( 'NONE',  ( 0.000000000000000000, 0.000000000000000000, 8.000000000000000000 ) ) ;
#9857 = PRESENTATION_STYLE_ASSIGNMENT (( #4253 ) ) ;
#9858 = VECTOR ( 'NONE', #5576, 1000.000000000000000 ) ;
#9859 = CARTESIAN_POINT ( 'NONE',  ( -4.378236695741902551, -0.4910329885073128620, -20.39999999999999858 ) ) ;
#9860 = AXIS2_PLACEMENT_3D ( 'NONE', #6960, #520, #3784 ) ;
#9861 = VERTEX_POINT ( 'NONE', #5533 ) ;
#9862 = VERTEX_POINT ( 'NONE', #3007 ) ;
#9863 = CARTESIAN_POINT ( 'NONE',  ( -5.227132892005042386, -0.6576316023481859618, -20.60000000000000497 ) ) ;
#9864 = CARTESIAN_POINT ( 'NONE',  ( -5.666926822646943585, 0.4555761227225635923, -20.60000000000000142 ) ) ;
#9865 = EDGE_CURVE ( 'NONE', #887, #1820, #8832, .T. ) ;
#9866 = ORIENTED_EDGE ( 'NONE', *, *, #2263, .T. ) ;
#9867 = DIRECTION ( 'NONE',  ( -1.000000000000000000, -0.000000000000000000, -0.000000000000000000 ) ) ;
#9868 = UNCERTAINTY_MEASURE_WITH_UNIT (LENGTH_MEASURE( 1.000000000000000082E-05 ), #10477, 'distance_accuracy_value', 'NONE');
#9869 = DIRECTION ( 'NONE',  ( 0.1726266455515552689, -0.9849873305000514945, 0.000000000000000000 ) ) ;
#9870 = FACE_BOUND ( 'NONE', #3536, .T. ) ;
#9871 = CARTESIAN_POINT ( 'NONE',  ( 2.400000000000000355, 5.199999999999997513, -18.59999999999999787 ) ) ;
#9872 = SURFACE_STYLE_USAGE ( .BOTH. , #9760 ) ;
#9873 = SURFACE_STYLE_USAGE ( .BOTH. , #3306 ) ;
#9874 = ORIENTED_EDGE ( 'NONE', *, *, #818, .T. ) ;
#9875 = CARTESIAN_POINT ( 'NONE',  ( 1.081788705238269088, 0.2988887745583485023, -20.60000000000000142 ) ) ;
#9876 = ORIENTED_EDGE ( 'NONE', *, *, #4956, .T. ) ;
#9877 = CARTESIAN_POINT ( 'NONE',  ( -4.336808689942017736E-16, 2.399999999999998579, -8.799999999999998934 ) ) ;
#9878 = EDGE_CURVE ( 'NONE', #7461, #8233, #10378, .T. ) ;
#9879 = EDGE_CURVE ( 'NONE', #8451, #7326, #868, .T. ) ;
#9880 = VERTEX_POINT ( 'NONE', #5855 ) ;
#9881 = LINE ( 'NONE', #3462, #680 ) ;
#9882 = DIRECTION ( 'NONE',  ( -0.000000000000000000, -0.000000000000000000, -1.000000000000000000 ) ) ;
#9883 = CARTESIAN_POINT ( 'NONE',  ( 0.6224137154697974017, -0.6510758556450154666, -20.60000000000000142 ) ) ;
#9884 = CARTESIAN_POINT ( 'NONE',  ( 7.869140320336472705, -4.813878188659971080, -2.000000000000000000 ) ) ;
#9885 = CYLINDRICAL_SURFACE ( 'NONE', #318, 0.2000000000000000944 ) ;
#9886 = ORIENTED_EDGE ( 'NONE', *, *, #7799, .F. ) ;
#9887 = FACE_OUTER_BOUND ( 'NONE', #4841, .T. ) ;
#9888 = ORIENTED_EDGE ( 'NONE', *, *, #7886, .F. ) ;
#9889 = CARTESIAN_POINT ( 'NONE',  ( -4.444044418699836463, -0.4540927025679677431, -20.60000000000000497 ) ) ;
#9890 = ADVANCED_FACE ( 'NONE', ( #4124, #125 ), #6671, .T. ) ;
#9891 = DIRECTION ( 'NONE',  ( -0.1709236235844713847, 0.9852842812613799017, 0.000000000000000000 ) ) ;
#9892 = CARTESIAN_POINT ( 'NONE',  ( 5.558976093449516931, -0.6065495339966482380, -20.60000000000000497 ) ) ;
#9893 = CARTESIAN_POINT ( 'NONE',  ( 0.000000000000000000, 0.000000000000000000, -1.799999999999999600 ) ) ;
#9894 = CARTESIAN_POINT ( 'NONE',  ( -5.672560489858056165, -0.6364654660346259485, -20.40000000000000213 ) ) ;
#9895 = VERTEX_POINT ( 'NONE', #8385 ) ;
#9896 = CARTESIAN_POINT ( 'NONE',  ( 1.098003943187790599, 0.3622782971212067937, -20.60000000000000142 ) ) ;
#9897 = PRESENTATION_LAYER_ASSIGNMENT (  '', '', ( #8345 ) ) ;
#9898 = ORIENTED_EDGE ( 'NONE', *, *, #1409, .F. ) ;
#9899 = CARTESIAN_POINT ( 'NONE',  ( -5.171342973086066053, -0.8355450963236156214, -20.60000000000000497 ) ) ;
#9900 = CARTESIAN_POINT ( 'NONE',  ( 4.950912235705338560, -0.5126563009605302756, -20.40000000000000568 ) ) ;
#9901 = CARTESIAN_POINT ( 'NONE',  ( -5.161042738633532245, 0.4583054439134070512, -20.39999999999999503 ) ) ;
#9902 = FACE_OUTER_BOUND ( 'NONE', #8864, .T. ) ;
#9903 = VECTOR ( 'NONE', #1543, 1000.000000000000000 ) ;
#9904 = TOROIDAL_SURFACE ( 'NONE', #136, 0.4000000000000000222, 0.2000000000000000111 ) ;
#9905 = LINE ( 'NONE', #5706, #7107 ) ;
#9906 =( NAMED_UNIT ( * ) PLANE_ANGLE_UNIT ( ) SI_UNIT ( $, .RADIAN. ) );
#9907 = DIRECTION ( 'NONE',  ( -1.000000000000000000, 0.000000000000000000, 0.000000000000000000 ) ) ;
#9908 = ORIENTED_EDGE ( 'NONE', *, *, #1382, .T. ) ;
#9909 = DIRECTION ( 'NONE',  ( -1.000000000000000000, 0.000000000000000000, 0.000000000000000000 ) ) ;
#9910 = CARTESIAN_POINT ( 'NONE',  ( -0.5175010572574754164, 0.4660101833160236184, -20.60000000000000142 ) ) ;
#9911 = PRESENTATION_STYLE_ASSIGNMENT (( #9803 ) ) ;
#9912 = ORIENTED_EDGE ( 'NONE', *, *, #5675, .F. ) ;
#9913 = B_SPLINE_SURFACE_WITH_KNOTS ( 'NONE', 3, 1, ( 
 ( #6099, #5100 ),
 ( #7576, #9397 ),
 ( #223, #2668 ),
 ( #5953, #378 ),
 ( #7203, #2992 ),
 ( #5571, #5357 ),
 ( #2238, #1447 ),
 ( #7258, #6210 ),
 ( #4718, #2130 ),
 ( #5187, #6915 ),
 ( #1214, #7775 ),
 ( #3519, #10257 ),
 ( #6857, #5295 ),
 ( #10148, #1106 ),
 ( #5141, #6090 ),
 ( #8521, #6970 ),
 ( #2707, #9380 ),
 ( #7661, #1812 ),
 ( #4485, #8416 ),
 ( #4382, #10045 ),
 ( #5993, #1909 ),
 ( #3573, #2009 ),
 ( #2760, #6040 ),
 ( #423, #5238 ),
 ( #1161, #1054 ),
 ( #2872, #1007 ),
 ( #5090, #2660 ) ),
 .UNSPECIFIED., .F., .F., .F.,
 ( 4, 1, 1, 1, 1, 1, 1, 1, 1, 1, 1, 1, 1, 1, 1, 1, 1, 1, 1, 1, 1, 1, 1, 1, 4 ),
 ( 2, 2 ),
 ( 0.000000000000000000, 0.05179613386870077912, 0.1027076905921474326, 0.1523656756769313225, 0.2014134806410377843, 0.2497504529809246587, 0.2974603532543836915, 0.3450879402115141215, 0.3922524589701320563, 0.4385665557815763282, 0.4831490418084347094, 0.5260244812424714755, 0.5675505959909437070, 0.6078802798446595324, 0.6471755223113148103, 0.6856462371194108618, 0.7233328129306535459, 0.7601831079994734175, 0.7960267168703513141, 0.8310629073212795204, 0.8653564503235628980, 0.8990114988517811101, 0.9327961559116957346, 0.9663819387004223271, 1.000000000000000000 ),
 ( 0.000000000000000000, 1.000000000000000000 ),
 .UNSPECIFIED. ) ;
#9914 = MECHANICAL_DESIGN_GEOMETRIC_PRESENTATION_REPRESENTATION (  '', ( #10086 ), #7670 ) ;
#9915 = VECTOR ( 'NONE', #7486, 1000.000000000000000 ) ;
#9916 = AXIS2_PLACEMENT_3D ( 'NONE', #5146, #8424, #6763 ) ;
#9917 = CARTESIAN_POINT ( 'NONE',  ( -0.3897243583847868065, 0.4433147812488007489, -20.40000000000000568 ) ) ;
#9918 = LINE ( 'NONE', #5124, #5907 ) ;
#9919 = CARTESIAN_POINT ( 'NONE',  ( 5.000000000000000000, 2.399999999999998579, -18.59999999999999787 ) ) ;
#9920 =( LENGTH_UNIT ( ) NAMED_UNIT ( * ) SI_UNIT ( .MILLI., .METRE. ) );
#9921 = CARTESIAN_POINT ( 'NONE',  ( -0.8929332996544084855, 0.4646790383024534399, -20.60000000000000142 ) ) ;
#9922 = STYLED_ITEM ( 'NONE', ( #8827 ), #1846 ) ;
#9923 = CIRCLE ( 'NONE', #9240, 0.2000000000000000944 ) ;
#9924 = VERTEX_POINT ( 'NONE', #1774 ) ;
#9925 = VECTOR ( 'NONE', #1336, 1000.000000000000000 ) ;
#9926 = CARTESIAN_POINT ( 'NONE',  ( 1.105774105080187031, 0.3926538521471922838, -20.60000000000000142 ) ) ;
#9927 = ORIENTED_EDGE ( 'NONE', *, *, #3292, .F. ) ;
#9928 = ADVANCED_FACE ( 'NONE', ( #4944 ), #5908, .F. ) ;
#9929 = DIRECTION ( 'NONE',  ( -3.422125580184505555E-16, -1.000000000000000000, 0.000000000000000000 ) ) ;
#9930 = CARTESIAN_POINT ( 'NONE',  ( -0.9671078873272894727, -0.4332004087953719718, -20.60000000000000142 ) ) ;
#9931 = PRESENTATION_LAYER_ASSIGNMENT (  '', '', ( #7697 ) ) ;
#9932 = EDGE_LOOP ( 'NONE', ( #9996, #10548, #1445, #1977 ) ) ;
#9933 =( NAMED_UNIT ( * ) SI_UNIT ( $, .STERADIAN. ) SOLID_ANGLE_UNIT ( ) );
#9934 =( LENGTH_UNIT ( ) NAMED_UNIT ( * ) SI_UNIT ( .MILLI., .METRE. ) );
#9935 = DIRECTION ( 'NONE',  ( 0.000000000000000000, 1.000000000000000000, -0.000000000000000000 ) ) ;
#9936 = DIRECTION ( 'NONE',  ( -1.084202172485504434E-16, 1.000000000000000000, 0.000000000000000000 ) ) ;
#9937 = SURFACE_STYLE_USAGE ( .BOTH. , #2659 ) ;
#9938 = CARTESIAN_POINT ( 'NONE',  ( 5.307980849016045610, -0.8976261803203401390, -20.60000000000000497 ) ) ;
#9939 = FACE_OUTER_BOUND ( 'NONE', #3826, .T. ) ;
#9940 = FILL_AREA_STYLE_COLOUR ( '', #8032 ) ;
#9941 = CARTESIAN_POINT ( 'NONE',  ( 5.199242867025302139, -0.7106669225390468414, -20.59999999999999787 ) ) ;
#9942 = B_SPLINE_SURFACE_WITH_KNOTS ( 'NONE', 3, 1, ( 
 ( #5932, #359 ),
 ( #3621, #2053 ),
 ( #4376, #307 ),
 ( #6902, #6796 ),
 ( #1855, #5179 ),
 ( #10138, #9273 ),
 ( #6030, #466 ),
 ( #9318, #5337 ),
 ( #8514, #10304 ),
 ( #3565, #4424 ),
 ( #7019, #10248 ),
 ( #1046, #5131 ),
 ( #8624, #9371 ),
 ( #1150, #7765 ),
 ( #8406, #1951 ),
 ( #2750, #261 ),
 ( #1254, #6143 ),
 ( #3511, #2913 ),
 ( #9222, #4317 ) ),
 .UNSPECIFIED., .F., .F., .F.,
 ( 4, 1, 1, 1, 1, 1, 1, 1, 1, 1, 1, 1, 1, 1, 1, 1, 4 ),
 ( 2, 2 ),
 ( 0.000000000000000000, 0.07876611155594497038, 0.1534445156028387824, 0.2241603356639676192, 0.2914272589649345990, 0.3553918477408114507, 0.4164453581887087030, 0.4750373929085570102, 0.5320913459039197102, 0.5882633588390880908, 0.6437330848151301410, 0.6991218818446867100, 0.7556262354857282704, 0.8133023725605884602, 0.8727141935158483355, 0.9349979736873287317, 1.000000000000000000 ),
 ( 0.000000000000000000, 1.000000000000000000 ),
 .UNSPECIFIED. ) ;
#9943 = VERTEX_POINT ( 'NONE', #23 ) ;
#9944 = EDGE_CURVE ( 'NONE', #9539, #6686, #4198, .T. ) ;
#9945 = AXIS2_PLACEMENT_3D ( 'NONE', #7892, #547, #7099 ) ;
#9946 = EDGE_CURVE ( 'NONE', #9445, #690, #1941, .T. ) ;
#9947 = DIRECTION ( 'NONE',  ( 0.000000000000000000, 0.000000000000000000, 1.000000000000000000 ) ) ;
#9948 = FACE_OUTER_BOUND ( 'NONE', #1989, .T. ) ;
#9949 = ORIENTED_EDGE ( 'NONE', *, *, #4547, .T. ) ;
#9950 = LINE ( 'NONE', #6905, #2569 ) ;
#9951 = CARTESIAN_POINT ( 'NONE',  ( -5.227132892005042386, -0.6576316023481859618, -20.40000000000000568 ) ) ;
#9952 = CARTESIAN_POINT ( 'NONE',  ( -4.419110814533379283, -0.6510758556450154666, -20.60000000000000142 ) ) ;
#9953 = CARTESIAN_POINT ( 'NONE',  ( -4.367974450897015970, -0.8781456608398205965, -20.40000000000000213 ) ) ;
#9954 = MECHANICAL_DESIGN_GEOMETRIC_PRESENTATION_REPRESENTATION (  '', ( #1709 ), #7713 ) ;
#9955 = FACE_OUTER_BOUND ( 'NONE', #2605, .T. ) ;
#9956 = FILL_AREA_STYLE_COLOUR ( '', #1086 ) ;
#9957 = CARTESIAN_POINT ( 'NONE',  ( -5.983764197451996836, -0.4347845258531026769, -20.39999999999999858 ) ) ;
#9958 = ORIENTED_EDGE ( 'NONE', *, *, #5864, .T. ) ;
#9959 = ADVANCED_FACE ( 'NONE', ( #1225 ), #1171, .T. ) ;
#9960 = EDGE_CURVE ( 'NONE', #2986, #1253, #438, .T. ) ;
#9961 = VECTOR ( 'NONE', #2679, 1000.000000000000000 ) ;
#9962 = EDGE_LOOP ( 'NONE', ( #6698, #5191, #1163, #4245 ) ) ;
#9963 =( NAMED_UNIT ( * ) SI_UNIT ( $, .STERADIAN. ) SOLID_ANGLE_UNIT ( ) );
#9964 = FACE_OUTER_BOUND ( 'NONE', #5512, .T. ) ;
#9965 = PLANE ( 'NONE',  #5452 ) ;
#9966 = DIRECTION ( 'NONE',  ( 1.000000000000000000, 0.000000000000000000, 0.000000000000000000 ) ) ;
#9967 = B_SPLINE_CURVE_WITH_KNOTS ( 'NONE', 3,
 ( #8157, #753, #5518, #6262, #5630, #7091, #8813 ),
 .UNSPECIFIED., .F., .F.,
 ( 4, 1, 1, 1, 4 ),
 ( 0.000000000000000000, 0.2155144430785323473, 0.4538648226708632549, 0.7153135963517071039, 1.000000000000000000 ),
 .UNSPECIFIED. ) ;
#9968 = LINE ( 'NONE', #5866, #256 ) ;
#9969 = LINE ( 'NONE', #7545, #8558 ) ;
#9970 = EDGE_CURVE ( 'NONE', #6965, #2929, #4518, .T. ) ;
#9971 = VERTEX_POINT ( 'NONE', #8598 ) ;
#9972 = ORIENTED_EDGE ( 'NONE', *, *, #9317, .T. ) ;
#9973 = CARTESIAN_POINT ( 'NONE',  ( -5.086927372974939132, 0.3643462222770624259, -20.60000000000000142 ) ) ;
#9974 = DIRECTION ( 'NONE',  ( -1.000000000000000000, 0.000000000000000000, 0.000000000000000000 ) ) ;
#9975 = VECTOR ( 'NONE', #1534, 1000.000000000000000 ) ;
#9976 = CARTESIAN_POINT ( 'NONE',  ( -0.8747460899430485881, -0.1589769141536114261, -20.60000000000000142 ) ) ;
#9977 = SURFACE_STYLE_FILL_AREA ( #10649 ) ;
#9978 = UNCERTAINTY_MEASURE_WITH_UNIT (LENGTH_MEASURE( 1.000000000000000082E-05 ), #10466, 'distance_accuracy_value', 'NONE');
#9979 = CARTESIAN_POINT ( 'NONE',  ( 1.500000000000000000, -9.375835069691863310, -8.799999999999998934 ) ) ;
#9980 = PRESENTATION_STYLE_ASSIGNMENT (( #7344 ) ) ;
#9981 = SURFACE_STYLE_FILL_AREA ( #152 ) ;
#9982 = CARTESIAN_POINT ( 'NONE',  ( 0.7070229116079889131, -0.3430373459431884098, -20.59999999999999787 ) ) ;
#9983 = ORIENTED_EDGE ( 'NONE', *, *, #3433, .T. ) ;
#9984 = CARTESIAN_POINT ( 'NONE',  ( -5.000000000000000000, 2.399999999999998579, -20.60000000000000142 ) ) ;
#9985 = VERTEX_POINT ( 'NONE', #6105 ) ;
#9986 = CIRCLE ( 'NONE', #6719, 0.9500000000000002887 ) ;
#9987 = LINE ( 'NONE', #2701, #6651 ) ;
#9988 = EDGE_LOOP ( 'NONE', ( #1478, #5287, #2579, #940, #2766, #9898 ) ) ;
#9989 = SURFACE_SIDE_STYLE ('',( #6702 ) ) ;
#9990 = EDGE_CURVE ( 'NONE', #5028, #4645, #9453, .T. ) ;
#9991 = FILL_AREA_STYLE ('',( #6653 ) ) ;
#9992 = LINE ( 'NONE', #5790, #7168 ) ;
#9993 = SURFACE_STYLE_FILL_AREA ( #4329 ) ;
#9994 = CARTESIAN_POINT ( 'NONE',  ( -3.400000000000000355, 3.199999999999998401, 0.000000000000000000 ) ) ;
#9995 = CARTESIAN_POINT ( 'NONE',  ( -0.3177162697746929720, -0.8936346066552310896, -20.40000000000001634 ) ) ;
#9996 = ORIENTED_EDGE ( 'NONE', *, *, #6496, .F. ) ;
#9997 = CARTESIAN_POINT ( 'NONE',  ( -4.339058054793120789, -0.3573461478528076607, -20.40000000000000568 ) ) ;
#9998 = CARTESIAN_POINT ( 'NONE',  ( 5.644019810055005415, 0.3643462222770625369, -20.60000000000000142 ) ) ;
#9999 = CARTESIAN_POINT ( 'NONE',  ( 3.400000000000000355, 1.599999999999998535, -8.799999999999998934 ) ) ;
#10000 = CYLINDRICAL_SURFACE ( 'NONE', #5799, 0.2000000000000000944 ) ;
#10001 = FACE_OUTER_BOUND ( 'NONE', #1137, .T. ) ;
#10002 = CARTESIAN_POINT ( 'NONE',  ( -2.799999999999999822, 8.813878188659971968, -20.40000000000000213 ) ) ;
#10003 = ADVANCED_FACE ( 'NONE', ( #7735 ), #9400, .F. ) ;
#10004 = DIRECTION ( 'NONE',  ( -0.9852842812613800128, -0.1709236235844706908, 0.000000000000000000 ) ) ;
#10005 = SURFACE_SIDE_STYLE ('',( #6555 ) ) ;
#10006 = FACE_OUTER_BOUND ( 'NONE', #7871, .T. ) ;
#10007 = VECTOR ( 'NONE', #10515, 1000.000000000000000 ) ;
#10008 = ORIENTED_EDGE ( 'NONE', *, *, #7280, .F. ) ;
#10009 = COLOUR_RGB ( '',1.000000000000000000, 1.000000000000000000, 1.000000000000000000 ) ;
#10010 = ORIENTED_EDGE ( 'NONE', *, *, #8831, .F. ) ;
#10011 = CARTESIAN_POINT ( 'NONE',  ( 5.326575524288593932, -0.8972021658161308810, -20.60000000000000142 ) ) ;
#10012 = CARTESIAN_POINT ( 'NONE',  ( 4.911694310060923385, -0.4366939112938670320, -20.39999999999999858 ) ) ;
#10013 = AXIS2_PLACEMENT_3D ( 'NONE', #8329, #7477, #6610 ) ;
#10014 = LINE ( 'NONE', #879, #9915 ) ;
#10015 = CARTESIAN_POINT ( 'NONE',  ( 0.6960736298726594162, -0.3779124870668758018, -20.60000000000000497 ) ) ;
#10016 = EDGE_CURVE ( 'NONE', #7295, #9539, #8711, .T. ) ;
#10017 = EDGE_CURVE ( 'NONE', #4386, #9703, #280, .T. ) ;
#10018 = CARTESIAN_POINT ( 'NONE',  ( 0.1101471155947785358, -0.4322158561459681358, -20.60000000000001208 ) ) ;
#10019 = AXIS2_PLACEMENT_3D ( 'NONE', #10656, #793, #1748 ) ;
#10020 = CARTESIAN_POINT ( 'NONE',  ( -5.619589194897407936, -0.6741165817585943465, -20.40000000000000568 ) ) ;
#10021 = FACE_OUTER_BOUND ( 'NONE', #9646, .T. ) ;
#10022 = ORIENTED_EDGE ( 'NONE', *, *, #9399, .T. ) ;
#10023 = EDGE_LOOP ( 'NONE', ( #7909, #3998, #10617, #7976 ) ) ;
#10024 = EDGE_CURVE ( 'NONE', #8903, #2843, #5201, .T. ) ;
#10025 = B_SPLINE_SURFACE_WITH_KNOTS ( 'NONE', 3, 1, ( 
 ( #3182, #9579 ),
 ( #3076, #6452 ),
 ( #4893, #7115 ),
 ( #2209, #4683 ),
 ( #7967, #622 ),
 ( #3880, #9634 ),
 ( #2265, #1467 ),
 ( #7606, #8205 ),
 ( #5566, #7989 ),
 ( #4768, #10546 ),
 ( #2395, #8050 ),
 ( #5568, #10490 ),
 ( #7087, #7934 ),
 ( #594, #1551 ),
 ( #6260, #5515 ),
 ( #7142, #8806 ),
 ( #9763, #4819 ),
 ( #3101, #8104 ),
 ( #747, #8972 ) ),
 .UNSPECIFIED., .F., .F., .F.,
 ( 4, 1, 1, 1, 1, 1, 1, 1, 1, 1, 1, 1, 1, 1, 1, 1, 4 ),
 ( 2, 2 ),
 ( 0.000000000000000000, 0.06376393918693079588, 0.1254996419628037485, 0.1853201548928869735, 0.2440665310031925050, 0.3018714708099726751, 0.3600659918691173078, 0.4185026823197829371, 0.4780536029192654635, 0.5383458409363679475, 0.5988379080389254483, 0.6601493054241064362, 0.7232466713826743998, 0.7877963753377784650, 0.8553687404545246009, 0.9262049282472267775, 1.000000000000000000 ),
 ( 0.000000000000000000, 1.000000000000000000 ),
 .UNSPECIFIED. ) ;
#10026 = CIRCLE ( 'NONE', #1615, 0.9500000000000002887 ) ;
#10027 = FACE_OUTER_BOUND ( 'NONE', #1710, .T. ) ;
#10028 = CARTESIAN_POINT ( 'NONE',  ( 5.011747086229889625, 0.4361173406631486116, -20.59999999999999432 ) ) ;
#10029 =( GEOMETRIC_REPRESENTATION_CONTEXT ( 3 ) GLOBAL_UNCERTAINTY_ASSIGNED_CONTEXT ( ( #2980 ) ) GLOBAL_UNIT_ASSIGNED_CONTEXT ( ( #3606, #4681, #8834 ) ) REPRESENTATION_CONTEXT ( 'NONE', 'WORKASPACE' ) );
#10030 = CARTESIAN_POINT ( 'NONE',  ( 0.6735500791061610482, -0.8781456608398205965, -20.40000000000000213 ) ) ;
#10031 = DIRECTION ( 'NONE',  ( -0.000000000000000000, -0.000000000000000000, 1.000000000000000000 ) ) ;
#10032 = CARTESIAN_POINT ( 'NONE',  ( 0.9977267729110875782, 0.02188056858256886422, -20.60000000000000142 ) ) ;
#10033 = VERTEX_POINT ( 'NONE', #8485 ) ;
#10034 = CARTESIAN_POINT ( 'NONE',  ( -3.199999999999999289, 3.469446951953613203E-16, -2.000000000000000000 ) ) ;
#10035 = VECTOR ( 'NONE', #9, 1000.000000000000000 ) ;
#10036 = VERTEX_POINT ( 'NONE', #4399 ) ;
#10037 = AXIS2_PLACEMENT_3D ( 'NONE', #7913, #4578, #9745 ) ;
#10038 = CARTESIAN_POINT ( 'NONE',  ( 8.269140320336473948, -4.813878188659971080, -2.000000000000000000 ) ) ;
#10039 = EDGE_CURVE ( 'NONE', #8218, #8971, #7678, .T. ) ;
#10040 = ORIENTED_EDGE ( 'NONE', *, *, #1916, .T. ) ;
#10041 = DIRECTION ( 'NONE',  ( -1.000000000000000000, 0.000000000000000000, 0.000000000000000000 ) ) ;
#10042 = CARTESIAN_POINT ( 'NONE',  ( 5.486368153526858471, 0.3003652051878971108, -20.60000000000000142 ) ) ;
#10043 = DIRECTION ( 'NONE',  ( -1.000000000000000000, -6.776263578034403945E-17, -0.000000000000000000 ) ) ;
#10044 = CARTESIAN_POINT ( 'NONE',  ( 5.636096871882377179, 0.3755738448920899475, -20.40000000000000213 ) ) ;
#10045 = CARTESIAN_POINT ( 'NONE',  ( -0.6239723417772108371, -0.8398538706790126263, -20.60000000000001208 ) ) ;
#10046 = CARTESIAN_POINT ( 'NONE',  ( 5.622027547605732423, -0.5027786375701198684, -20.60000000000000853 ) ) ;
#10047 = FILL_AREA_STYLE ('',( #2661 ) ) ;
#10048 = ORIENTED_EDGE ( 'NONE', *, *, #9412, .T. ) ;
#10049 =( NAMED_UNIT ( * ) SI_UNIT ( $, .STERADIAN. ) SOLID_ANGLE_UNIT ( ) );
#10050 = CARTESIAN_POINT ( 'NONE',  ( -4.237916715180696237, -0.06092787787667027638, -20.40000000000000568 ) ) ;
#10051 = CARTESIAN_POINT ( 'NONE',  ( 5.458262459290081914, 0.5538656990518743273, -20.59999999999999787 ) ) ;
#10052 = ORIENTED_EDGE ( 'NONE', *, *, #5313, .T. ) ;
#10053 = CARTESIAN_POINT ( 'NONE',  ( -0.5909543521425152379, 0.4588716511310003132, -20.59999999999999787 ) ) ;
#10054 = CARTESIAN_POINT ( 'NONE',  ( -0.5226755702444884077, 0.6413348586406990570, -20.40000000000000213 ) ) ;
#10055 = FACE_OUTER_BOUND ( 'NONE', #1339, .T. ) ;
#10056 = CARTESIAN_POINT ( 'NONE',  ( -1.003200742533592038, -0.3240452820170604542, -20.40000000000000568 ) ) ;
#10057 = DIRECTION ( 'NONE',  ( -1.000000000000000000, 0.000000000000000000, 0.000000000000000000 ) ) ;
#10058 = CARTESIAN_POINT ( 'NONE',  ( 0.003187906487044638460, -0.6870496448157051850, -20.40000000000000213 ) ) ;
#10059 = VERTEX_POINT ( 'NONE', #6055 ) ;
#10060 = EDGE_CURVE ( 'NONE', #2942, #312, #9340, .T. ) ;
#10061 = CARTESIAN_POINT ( 'NONE',  ( -4.966736973246100639, -0.5930504990623137740, -20.60000000000000497 ) ) ;
#10062 = ORIENTED_EDGE ( 'NONE', *, *, #7322, .F. ) ;
#10063 = PRESENTATION_STYLE_ASSIGNMENT (( #6778 ) ) ;
#10064 = CARTESIAN_POINT ( 'NONE',  ( 5.058386693171889270, -0.6364654660346258375, -20.60000000000000497 ) ) ;
#10065 = AXIS2_PLACEMENT_3D ( 'NONE', #5705, #33, #9162 ) ;
#10066 = LINE ( 'NONE', #6564, #9500 ) ;
#10067 = DIRECTION ( 'NONE',  ( -1.000000000000000000, 0.000000000000000000, 0.000000000000000000 ) ) ;
#10068 = CARTESIAN_POINT ( 'NONE',  ( -5.727264620965359931, -0.7978038327330176926, -20.60000000000000142 ) ) ;
#10069 = CARTESIAN_POINT ( 'NONE',  ( 4.835817493089490604, 0.5191142932847807590, -20.60000000000000142 ) ) ;
#10070 = DIRECTION ( 'NONE',  ( -0.000000000000000000, -0.000000000000000000, -1.000000000000000000 ) ) ;
#10071 = CIRCLE ( 'NONE', #8883, 0.2000000000000005107 ) ;
#10072 = CARTESIAN_POINT ( 'NONE',  ( -5.171971089580430281, -0.6065495339966484600, -20.40000000000000924 ) ) ;
#10073 = EDGE_CURVE ( 'NONE', #7077, #3910, #8541, .T. ) ;
#10074 = EDGE_CURVE ( 'NONE', #9165, #5143, #603, .T. ) ;
#10075 = CARTESIAN_POINT ( 'NONE',  ( -0.5909543521425152379, 0.4588716511310003132, -20.39999999999999858 ) ) ;
#10076 = ORIENTED_EDGE ( 'NONE', *, *, #2883, .F. ) ;
#10077 = CARTESIAN_POINT ( 'NONE',  ( -5.110439092118475912, 0.3976647593932680080, -20.60000000000000853 ) ) ;
#10078 =( GEOMETRIC_REPRESENTATION_CONTEXT ( 3 ) GLOBAL_UNCERTAINTY_ASSIGNED_CONTEXT ( ( #7817 ) ) GLOBAL_UNIT_ASSIGNED_CONTEXT ( ( #2923, #4433, #5346 ) ) REPRESENTATION_CONTEXT ( 'NONE', 'WORKASPACE' ) );
#10079 = CIRCLE ( 'NONE', #8187, 0.9500000000000000666 ) ;
#10080 = PRODUCT_DEFINITION_CONTEXT ( 'detailed design', #1576, 'design' ) ;
#10081 = CARTESIAN_POINT ( 'NONE',  ( 0.000000000000000000, 0.000000000000000000, -18.59999999999999787 ) ) ;
#10082 = CARTESIAN_POINT ( 'NONE',  ( -0.8848914793353974684, -0.01004501148917113541, -20.40000000000000213 ) ) ;
#10083 = DIRECTION ( 'NONE',  ( 0.000000000000000000, 0.000000000000000000, 1.000000000000000000 ) ) ;
#10084 = LINE ( 'NONE', #10030, #2279 ) ;
#10085 = CARTESIAN_POINT ( 'NONE',  ( 0.8398476343436135361, 0.03642325222388204803, -20.60000000000000497 ) ) ;
#10086 = STYLED_ITEM ( 'NONE', ( #3568 ), #1607 ) ;
#10087 = ADVANCED_FACE ( 'NONE', ( #9612 ), #4828, .T. ) ;
#10088 = CIRCLE ( 'NONE', #10450, 0.9500000000000000666 ) ;
#10089 =( NAMED_UNIT ( * ) PLANE_ANGLE_UNIT ( ) SI_UNIT ( $, .RADIAN. ) );
#10090 = EDGE_LOOP ( 'NONE', ( #2928, #3634, #342, #5351 ) ) ;
#10091 = CARTESIAN_POINT ( 'NONE',  ( -0.5123475382979809645, -5.999999999999997335, -8.799999999999998934 ) ) ;
#10092 = ORIENTED_EDGE ( 'NONE', *, *, #5400, .F. ) ;
#10093 = B_SPLINE_SURFACE_WITH_KNOTS ( 'NONE', 3, 1, ( 
 ( #6706, #2708 ),
 ( #10149, #8373 ),
 ( #1866, #7569 ),
 ( #1008, #217 ),
 ( #5239, #8522 ),
 ( #269, #1162 ),
 ( #6758, #10046 ),
 ( #5142, #6805 ),
 ( #6366, #9656 ),
 ( #4708, #2288 ),
 ( #3037, #8748 ),
 ( #3904, #9493 ),
 ( #6315, #1379 ),
 ( #5457, #6971 ),
 ( #6201, #4595 ),
 ( #7820, #3849 ),
 ( #6254, #7082 ),
 ( #2118, #2873 ),
 ( #3681, #5404 ) ),
 .UNSPECIFIED., .F., .F., .F.,
 ( 4, 1, 1, 1, 1, 1, 1, 1, 1, 1, 1, 1, 1, 1, 1, 1, 4 ),
 ( 2, 2 ),
 ( 0.000000000000000000, 0.08345474964106196214, 0.1621783171746932206, 0.2365543526416956643, 0.3060362957610694434, 0.3721433051031843853, 0.4353069073502169872, 0.4959954628838158519, 0.5550540383918988185, 0.6124235354287114186, 0.6680602449860757464, 0.7223456097140961152, 0.7764662350986211159, 0.8302753946904621873, 0.8851956525464672598, 0.9417221263869647307, 0.9999999999999998890 ),
 ( 0.000000000000000000, 1.000000000000000000 ),
 .UNSPECIFIED. ) ;
#10094 = PRESENTATION_STYLE_ASSIGNMENT (( #6801 ) ) ;
#10095 = CARTESIAN_POINT ( 'NONE',  ( 5.011747086229889625, 0.4361173406631486116, -20.59999999999999432 ) ) ;
#10096 = AXIS2_PLACEMENT_3D ( 'NONE', #7368, #6667, #8327 ) ;
#10097 = VECTOR ( 'NONE', #3505, 1000.000000000000000 ) ;
#10098 = DIRECTION ( 'NONE',  ( -0.000000000000000000, -0.000000000000000000, -1.000000000000000000 ) ) ;
#10099 = LINE ( 'NONE', #7027, #8704 ) ;
#10100 = CARTESIAN_POINT ( 'NONE',  ( 5.809562266388016205, -0.4059306549068089631, -20.39999999999999503 ) ) ;
#10101 = COLOUR_RGB ( '',1.000000000000000000, 1.000000000000000000, 1.000000000000000000 ) ;
#10102 = CARTESIAN_POINT ( 'NONE',  ( 4.858865413023407243, 0.2268333742110247297, -20.40000000000000213 ) ) ;
#10103 = CARTESIAN_POINT ( 'NONE',  ( -0.3098281326754143139, 0.4012247996759403246, -20.40000000000000568 ) ) ;
#10104 = VERTEX_POINT ( 'NONE', #657 ) ;
#10105 = ORIENTED_EDGE ( 'NONE', *, *, #8766, .T. ) ;
#10106 = EDGE_CURVE ( 'NONE', #1400, #3167, #1269, .T. ) ;
#10107 = CARTESIAN_POINT ( 'NONE',  ( -5.925497133896939772, 0.4868496915272263470, -20.60000000000000142 ) ) ;
#10108 = B_SPLINE_CURVE_WITH_KNOTS ( 'NONE', 3,
 ( #6117, #6996, #2835, #6941, #2893, #6173, #9464, #1346, #5370, #8660, #1285, #6064, #7898, #10120, #9297, #2945, #1931, #9350, #10229 ),
 .UNSPECIFIED., .F., .F.,
 ( 4, 1, 1, 1, 1, 1, 1, 1, 1, 1, 1, 1, 1, 1, 1, 1, 4 ),
 ( 0.000000000000000000, 0.08007677343384532465, 0.1562784586802825060, 0.2293194353395051344, 0.2991753128987476584, 0.3662018488666233251, 0.4310867541704904160, 0.4937298118219858867, 0.5550858740706317018, 0.6145530382533342939, 0.6722652138031808278, 0.7281941688403907875, 0.7828833412258556779, 0.8373717222310076425, 0.8910895228912365518, 0.9453955957931418075, 1.000000000000000000 ),
 .UNSPECIFIED. ) ;
#10109 = ORIENTED_EDGE ( 'NONE', *, *, #6822, .F. ) ;
#10110 = CARTESIAN_POINT ( 'NONE',  ( -0.6592484829084152009, 0.4350274541265376493, -20.60000000000000142 ) ) ;
#10111 = CARTESIAN_POINT ( 'NONE',  ( -0.6239723417772108371, -0.8398538706790126263, -20.40000000000000924 ) ) ;
#10112 = CARTESIAN_POINT ( 'NONE',  ( 5.554998594694836811, 0.1953874005409768355, -20.40000000000000213 ) ) ;
#10113 = DIRECTION ( 'NONE',  ( -0.000000000000000000, 0.000000000000000000, 1.000000000000000000 ) ) ;
#10114 = DIRECTION ( 'NONE',  ( -1.000000000000000000, 0.000000000000000000, 0.000000000000000000 ) ) ;
#10115 = PRESENTATION_LAYER_ASSIGNMENT (  '', '', ( #5285 ) ) ;
#10116 = ORIENTED_EDGE ( 'NONE', *, *, #8924, .T. ) ;
#10117 = CARTESIAN_POINT ( 'NONE',  ( -4.913780346379234665, -0.2845146258561071506, -20.60000000000000497 ) ) ;
#10118 = VERTEX_POINT ( 'NONE', #4013 ) ;
#10119 = CARTESIAN_POINT ( 'NONE',  ( -4.931921261583095628, -0.4730855009535428479, -20.60000000000000142 ) ) ;
#10120 = CARTESIAN_POINT ( 'NONE',  ( 5.128749654270571945, -0.8652495233485464343, -20.60000000000000142 ) ) ;
#10121 = LINE ( 'NONE', #5817, #6476 ) ;
#10122 = CARTESIAN_POINT ( 'NONE',  ( -0.07587809870179532123, -0.7804166566391886883, -20.40000000000000213 ) ) ;
#10123 = EDGE_CURVE ( 'NONE', #2291, #1618, #2974, .T. ) ;
#10124 = CARTESIAN_POINT ( 'NONE',  ( -5.500182337965475732, -0.7171791466795186532, -20.40000000000000568 ) ) ;
#10125 = CARTESIAN_POINT ( 'NONE',  ( 5.065112577143206174, 0.6344933463427816500, -20.59999999999999787 ) ) ;
#10126 = ORIENTED_EDGE ( 'NONE', *, *, #2588, .T. ) ;
#10127 = AXIS2_PLACEMENT_3D ( 'NONE', #8351, #8452, #9310 ) ;
#10128 = CARTESIAN_POINT ( 'NONE',  ( 0.000000000000000000, 0.000000000000000000, -8.799999999999998934 ) ) ;
#10129 = DIRECTION ( 'NONE',  ( 0.000000000000000000, 0.000000000000000000, -1.000000000000000000 ) ) ;
#10130 = ORIENTED_EDGE ( 'NONE', *, *, #356, .F. ) ;
#10131 = LINE ( 'NONE', #7552, #9603 ) ;
#10132 = AXIS2_PLACEMENT_3D ( 'NONE', #5427, #7688, #3654 ) ;
#10133 = ADVANCED_FACE ( 'NONE', ( #542 ), #9669, .T. ) ;
#10134 = CARTESIAN_POINT ( 'NONE',  ( -5.562092082767762236, -0.7010883149031290618, -20.60000000000000853 ) ) ;
#10135 = CARTESIAN_POINT ( 'NONE',  ( 0.5123475382979814086, 5.999999999999997335, -8.799999999999998934 ) ) ;
#10136 = PLANE ( 'NONE',  #4157 ) ;
#10137 = VECTOR ( 'NONE', #8084, 1000.000000000000000 ) ;
#10138 = CARTESIAN_POINT ( 'NONE',  ( -5.849660611973759750, 0.2903465198267522474, -20.39999999999999858 ) ) ;
#10139 = ORIENTED_EDGE ( 'NONE', *, *, #3908, .T. ) ;
#10140 = CARTESIAN_POINT ( 'NONE',  ( -5.576984191156757475, 0.4660101833160233964, -20.60000000000000142 ) ) ;
#10141 = ORIENTED_EDGE ( 'NONE', *, *, #6847, .F. ) ;
#10142 = CARTESIAN_POINT ( 'NONE',  ( 4.869040480596291687, 0.2598732465356546339, -20.40000000000000213 ) ) ;
#10143 = EDGE_CURVE ( 'NONE', #4335, #8986, #1504, .T. ) ;
#10144 = VECTOR ( 'NONE', #2274, 1000.000000000000000 ) ;
#10145 = CARTESIAN_POINT ( 'NONE',  ( 2.799999999999999378, -5.213878188659972324, -20.40000000000000213 ) ) ;
#10146 = CARTESIAN_POINT ( 'NONE',  ( -5.672560489858056165, -0.6364654660346259485, -20.60000000000000142 ) ) ;
#10147 = EDGE_CURVE ( 'NONE', #2843, #1044, #5386, .T. ) ;
#10148 = CARTESIAN_POINT ( 'NONE',  ( -0.8344309045692396287, -0.6649935870222206669, -20.39999999999998792 ) ) ;
#10149 = CARTESIAN_POINT ( 'NONE',  ( 5.661421227086369079, -0.2793335903977447465, -20.40000000000000924 ) ) ;
#10150 =( LENGTH_UNIT ( ) NAMED_UNIT ( * ) SI_UNIT ( .MILLI., .METRE. ) );
#10151 = ORIENTED_EDGE ( 'NONE', *, *, #1459, .T. ) ;
#10152 = EDGE_LOOP ( 'NONE', ( #4487, #5814, #9353, #8573 ) ) ;
#10153 = CARTESIAN_POINT ( 'NONE',  ( -5.861881176092964552, 0.5476112400182272522, -20.60000000000000497 ) ) ;
#10154 = COLOUR_RGB ( '',0.2862745098039215508, 0.6627450980392156632, 0.3294117647058823484 ) ;
#10155 = VECTOR ( 'NONE', #3799, 1000.000000000000000 ) ;
#10156 = ORIENTED_EDGE ( 'NONE', *, *, #3032, .F. ) ;
#10157 = CARTESIAN_POINT ( 'NONE',  ( -0.7506077167398194083, 0.3685700111848581595, -20.60000000000000497 ) ) ;
#10158 = DIRECTION ( 'NONE',  ( -0.1668642885082857186, 0.9859798726244990430, 0.000000000000000000 ) ) ;
#10159 = FACE_OUTER_BOUND ( 'NONE', #1468, .T. ) ;
#10160 = DIRECTION ( 'NONE',  ( 0.000000000000000000, 1.000000000000000000, 0.000000000000000000 ) ) ;
#10161 = EDGE_CURVE ( 'NONE', #7461, #3412, #3110, .T. ) ;
#10162 = DIRECTION ( 'NONE',  ( 1.000000000000000000, 3.422125580184494708E-16, -0.000000000000000000 ) ) ;
#10163 = CARTESIAN_POINT ( 'NONE',  ( -5.069645878080476287, -0.2366927504085230005, -20.40000000000000568 ) ) ;
#10164 = CARTESIAN_POINT ( 'NONE',  ( -0.5763242777639629999, 0.6398029995973137929, -20.60000000000000853 ) ) ;
#10165 = ORIENTED_EDGE ( 'NONE', *, *, #3963, .T. ) ;
#10166 = PLANE ( 'NONE',  #1531 ) ;
#10167 = CARTESIAN_POINT ( 'NONE',  ( -5.089681139739189675, -0.7743727589100393160, -20.59999999999999787 ) ) ;
#10168 = B_SPLINE_CURVE_WITH_KNOTS ( 'NONE', 3,
 ( #5314, #7583, #1073, #3484, #5208, #7741, #2675, #8437, #10167, #1122, #6775, #6013, #10061, #5962, #4351, #7634, #6826, #10117, #9295 ),
 .UNSPECIFIED., .F., .F.,
 ( 4, 1, 1, 1, 1, 1, 1, 1, 1, 1, 1, 1, 1, 1, 1, 1, 4 ),
 ( 0.000000000000000000, 0.06034176438934250875, 0.1182497680736599721, 0.1743376375533122469, 0.2288557001995815132, 0.2833648048174767786, 0.3378191339087432965, 0.3932413523772343433, 0.4500854667029099421, 0.5085937818794614707, 0.5685919726708194011, 0.6310814720443834736, 0.6968149473540716787, 0.7657656907541723346, 0.8392023722346616532, 0.9172829815521875707, 1.000000000000000000 ),
 .UNSPECIFIED. ) ;
#10169 = ORIENTED_EDGE ( 'NONE', *, *, #10024, .T. ) ;
#10170 = DIRECTION ( 'NONE',  ( 0.000000000000000000, 1.000000000000000000, 0.000000000000000000 ) ) ;
#10171 = CARTESIAN_POINT ( 'NONE',  ( -0.8842178456495477512, -0.06043137393367140758, -20.59999999999999787 ) ) ;
#10172 = SURFACE_STYLE_FILL_AREA ( #7843 ) ;
#10173 =( NAMED_UNIT ( * ) SI_UNIT ( $, .STERADIAN. ) SOLID_ANGLE_UNIT ( ) );
#10174 = CARTESIAN_POINT ( 'NONE',  ( 0.1280955336516154952, -0.2489857582424179205, -20.60000000000000853 ) ) ;
#10175 = CARTESIAN_POINT ( 'NONE',  ( 3.199999999999999734, -5.213878188659972324, -2.200000000000000622 ) ) ;
#10176 = AXIS2_PLACEMENT_3D ( 'NONE', #7659, #10202, #1810 ) ;
#10177 = CARTESIAN_POINT ( 'NONE',  ( -3.989930619728184524, 0.6218543391601795145, -20.40000000000000213 ) ) ;
#10178 = EDGE_LOOP ( 'NONE', ( #8049, #1168, #1411, #219 ) ) ;
#10179 = FACE_OUTER_BOUND ( 'NONE', #6497, .T. ) ;
#10180 = CARTESIAN_POINT ( 'NONE',  ( -5.396207201680334187, -0.7212845720334762900, -20.60000000000000853 ) ) ;
#10181 = CARTESIAN_POINT ( 'NONE',  ( -5.895129689940453943, 0.5191142932847806479, -20.60000000000000142 ) ) ;
#10182 = EDGE_LOOP ( 'NONE', ( #9102, #6865, #9689, #7747 ) ) ;
#10183 = CIRCLE ( 'NONE', #5534, 0.9500000000000002887 ) ;
#10184 = EDGE_CURVE ( 'NONE', #10104, #7077, #6328, .T. ) ;
#10185 = AXIS2_PLACEMENT_3D ( 'NONE', #2855, #4267, #6744 ) ;
#10186 = UNCERTAINTY_MEASURE_WITH_UNIT (LENGTH_MEASURE( 1.000000000000000082E-05 ), #407, 'distance_accuracy_value', 'NONE');
#10187 = CARTESIAN_POINT ( 'NONE',  ( -5.619589194897407936, -0.6741165817585943465, -20.60000000000000497 ) ) ;
#10188 = VECTOR ( 'NONE', #10326, 1000.000000000000000 ) ;
#10189 = APPLICATION_PROTOCOL_DEFINITION ( 'draft international standard', 'automotive_design', 1998, #319 ) ;
#10190 = CARTESIAN_POINT ( 'NONE',  ( -1.040270957397572804, -0.0009983467830054345779, -20.60000000000000497 ) ) ;
#10191 = DIRECTION ( 'NONE',  ( -0.000000000000000000, -0.000000000000000000, 1.000000000000000000 ) ) ;
#10192 = FILL_AREA_STYLE_COLOUR ( '', #10324 ) ;
#10193 = LINE ( 'NONE', #8464, #6508 ) ;
#10194 = ORIENTED_EDGE ( 'NONE', *, *, #5611, .F. ) ;
#10195 = EDGE_CURVE ( 'NONE', #7756, #6753, #1391, .T. ) ;
#10196 = STYLED_ITEM ( 'NONE', ( #7579 ), #9890 ) ;
#10197 = CARTESIAN_POINT ( 'NONE',  ( 0.9500000000000005107, 6.799999999999997158, -18.59999999999999787 ) ) ;
#10198 = ORIENTED_EDGE ( 'NONE', *, *, #1459, .F. ) ;
#10199 = AXIS2_PLACEMENT_3D ( 'NONE', #9113, #1737, #8188 ) ;
#10200 = CARTESIAN_POINT ( 'NONE',  ( 4.687648056808252583, 0.1738023911082314521, -20.60000000000000142 ) ) ;
#10201 = CARTESIAN_POINT ( 'NONE',  ( 4.945606191594754009, 0.3883502733060112400, -20.40000000000000568 ) ) ;
#10202 = DIRECTION ( 'NONE',  ( 0.000000000000000000, 0.000000000000000000, -1.000000000000000000 ) ) ;
#10203 = UNCERTAINTY_MEASURE_WITH_UNIT (LENGTH_MEASURE( 1.000000000000000082E-05 ), #9808, 'distance_accuracy_value', 'NONE');
#10204 = DIRECTION ( 'NONE',  ( -1.000000000000000000, 0.000000000000000000, 0.000000000000000000 ) ) ;
#10205 = CARTESIAN_POINT ( 'NONE',  ( 5.139326227433437921, -0.6893738113348040208, -20.60000000000000142 ) ) ;
#10206 = ORIENTED_EDGE ( 'NONE', *, *, #2576, .T. ) ;
#10207 = VECTOR ( 'NONE', #8708, 1000.000000000000000 ) ;
#10208 = VERTEX_POINT ( 'NONE', #3861 ) ;
#10209 = CARTESIAN_POINT ( 'NONE',  ( -0.4312959114781154679, 0.4565170011010725726, -20.60000000000000142 ) ) ;
#10210 = SURFACE_STYLE_USAGE ( .BOTH. , #4714 ) ;
#10211 = VECTOR ( 'NONE', #634, 1000.000000000000000 ) ;
#10212 = CARTESIAN_POINT ( 'NONE',  ( -5.750198708762534139, 0.6113100570507272735, -20.60000000000000497 ) ) ;
#10213 = ADVANCED_FACE ( 'NONE', ( #7152 ), #2243, .F. ) ;
#10214 = EDGE_CURVE ( 'NONE', #2150, #7520, #8981, .T. ) ;
#10215 = ORIENTED_EDGE ( 'NONE', *, *, #10609, .F. ) ;
#10216 = DIRECTION ( 'NONE',  ( -1.000000000000000000, -0.000000000000000000, -0.000000000000000000 ) ) ;
#10217 = AXIS2_PLACEMENT_3D ( 'NONE', #4817, #2926, #6202 ) ;
#10218 = CARTESIAN_POINT ( 'NONE',  ( 0.01373580469033391580, 0.2780587559012132060, -20.39999999999999147 ) ) ;
#10219 = CARTESIAN_POINT ( 'NONE',  ( -0.9671078873272894727, -0.4332004087953719718, -20.40000000000000213 ) ) ;
#10220 = CARTESIAN_POINT ( 'NONE',  ( 4.797112497970969613, -0.5504493902215693568, -20.40000000000000213 ) ) ;
#10221 = DIRECTION ( 'NONE',  ( -0.000000000000000000, -0.000000000000000000, -1.000000000000000000 ) ) ;
#10222 = CARTESIAN_POINT ( 'NONE',  ( -5.325849423007393391, 0.3820689513447879659, -20.39999999999999858 ) ) ;
#10223 = ORIENTED_EDGE ( 'NONE', *, *, #218, .T. ) ;
#10224 =( NAMED_UNIT ( * ) PLANE_ANGLE_UNIT ( ) SI_UNIT ( $, .RADIAN. ) );
#10225 = DIRECTION ( 'NONE',  ( 0.000000000000000000, 0.000000000000000000, -1.000000000000000000 ) ) ;
#10226 = ADVANCED_FACE ( 'NONE', ( #9939 ), #4113, .F. ) ;
#10227 = ORIENTED_EDGE ( 'NONE', *, *, #6566, .F. ) ;
#10228 = CARTESIAN_POINT ( 'NONE',  ( -5.052908542523458557, -0.7366198866981864546, -20.59999999999999787 ) ) ;
#10229 = CARTESIAN_POINT ( 'NONE',  ( 5.307980849016044722, -0.8976261803203400280, -20.60000000000000142 ) ) ;
#10230 = PLANE ( 'NONE',  #3547 ) ;
#10231 = CARTESIAN_POINT ( 'NONE',  ( -3.199999999999999734, 5.213878188659972324, -8.799999999999998934 ) ) ;
#10232 = SURFACE_STYLE_USAGE ( .BOTH. , #8664 ) ;
#10233 = CARTESIAN_POINT ( 'NONE',  ( 0.03735037229730935743, -0.6316207508396831649, -20.60000000000001208 ) ) ;
#10234 = CARTESIAN_POINT ( 'NONE',  ( -5.468857697229044135, 0.4539091782053207846, -20.40000000000000568 ) ) ;
#10235 = DIRECTION ( 'NONE',  ( 0.9859798726244992650, 0.1668642885082856075, -0.000000000000000000 ) ) ;
#10236 = CARTESIAN_POINT ( 'NONE',  ( 2.799999999999999822, -8.813878188659971968, -2.200000000000000622 ) ) ;
#10237 = ORIENTED_EDGE ( 'NONE', *, *, #4945, .T. ) ;
#10238 = CARTESIAN_POINT ( 'NONE',  ( -5.094227242272099332, -0.4612445190241213355, -20.40000000000000568 ) ) ;
#10239 = CARTESIAN_POINT ( 'NONE',  ( -5.589887446687798800, 0.6410154094368485378, -20.40000000000000213 ) ) ;
#10240 = ORIENTED_EDGE ( 'NONE', *, *, #10147, .T. ) ;
#10241 = MECHANICAL_DESIGN_GEOMETRIC_PRESENTATION_REPRESENTATION (  '', ( #5934 ), #1300 ) ;
#10242 = FILL_AREA_STYLE ('',( #2745 ) ) ;
#10243 = CARTESIAN_POINT ( 'NONE',  ( 5.653641285307315911, -0.1187229465368598302, -20.60000000000000497 ) ) ;
#10244 = LINE ( 'NONE', #6027, #5197 ) ;
#10245 = SURFACE_STYLE_USAGE ( .BOTH. , #1095 ) ;
#10246 = DIRECTION ( 'NONE',  ( 0.000000000000000000, -0.000000000000000000, -1.000000000000000000 ) ) ;
#10247 = ORIENTED_EDGE ( 'NONE', *, *, #2642, .T. ) ;
#10248 = CARTESIAN_POINT ( 'NONE',  ( -5.764866246995396182, 0.4066452093404372414, -20.59999999999999787 ) ) ;
#10249 = CARTESIAN_POINT ( 'NONE',  ( 2.799999999999999822, 9.213878188659972324, -2.000000000000000000 ) ) ;
#10250 = CARTESIAN_POINT ( 'NONE',  ( -7.400000000000000355, 3.999999999999998224, -18.59999999999999787 ) ) ;
#10251 = COLOUR_RGB ( '',1.000000000000000000, 1.000000000000000000, 1.000000000000000000 ) ;
#10252 = DIRECTION ( 'NONE',  ( 0.000000000000000000, 0.000000000000000000, 1.000000000000000000 ) ) ;
#10253 = FACE_OUTER_BOUND ( 'NONE', #8493, .T. ) ;
#10254 = ORIENTED_EDGE ( 'NONE', *, *, #5204, .F. ) ;
#10255 = CARTESIAN_POINT ( 'NONE',  ( 5.208861365725192094, 0.4641507340686528149, -20.60000000000000497 ) ) ;
#10256 = CARTESIAN_POINT ( 'NONE',  ( -5.731088527027885071, -0.5792644667924340407, -20.40000000000000213 ) ) ;
#10257 = CARTESIAN_POINT ( 'NONE',  ( -0.8926733166850231438, -0.5813520114808786721, -20.60000000000000142 ) ) ;
#10258 = CARTESIAN_POINT ( 'NONE',  ( -6.043299126221691964, 0.1738023911082313411, -20.40000000000000213 ) ) ;
#10259 = CARTESIAN_POINT ( 'NONE',  ( 4.988107757121413854, 0.4225712336686435755, -20.40000000000001279 ) ) ;
#10260 = EDGE_CURVE ( 'NONE', #2150, #5043, #1944, .T. ) ;
#10261 = PRESENTATION_LAYER_ASSIGNMENT (  '', '', ( #469 ) ) ;
#10262 = ORIENTED_EDGE ( 'NONE', *, *, #7827, .F. ) ;
#10263 = AXIS2_PLACEMENT_3D ( 'NONE', #5526, #9511, #662 ) ;
#10264 = ORIENTED_EDGE ( 'NONE', *, *, #8166, .T. ) ;
#10265 = LINE ( 'NONE', #2931, #684 ) ;
#10266 = COLOUR_RGB ( '',1.000000000000000000, 1.000000000000000000, 1.000000000000000000 ) ;
#10267 =( GEOMETRIC_REPRESENTATION_CONTEXT ( 3 ) GLOBAL_UNCERTAINTY_ASSIGNED_CONTEXT ( ( #5561 ) ) GLOBAL_UNIT_ASSIGNED_CONTEXT ( ( #8919, #9019, #10654 ) ) REPRESENTATION_CONTEXT ( 'NONE', 'WORKASPACE' ) );
#10268 = CARTESIAN_POINT ( 'NONE',  ( 6.599999999999999645, 1.599999999999998757, -8.799999999999998934 ) ) ;
#10269 = CARTESIAN_POINT ( 'NONE',  ( 2.400000000000000355, -5.199999999999997513, -18.59999999999999787 ) ) ;
#10270 = DIRECTION ( 'NONE',  ( -0.000000000000000000, -0.000000000000000000, 1.000000000000000000 ) ) ;
#10271 = CARTESIAN_POINT ( 'NONE',  ( -1.500000000000000000, 9.213878188659972324, -8.799999999999998934 ) ) ;
#10272 = CARTESIAN_POINT ( 'NONE',  ( -2.799999999999999822, 8.813878188659971968, -20.40000000000000213 ) ) ;
#10273 = EDGE_CURVE ( 'NONE', #9223, #10359, #4867, .T. ) ;
#10274 = CARTESIAN_POINT ( 'NONE',  ( -1.040735635179553142, -0.02648169980085948033, -20.60000000000000142 ) ) ;
#10275 = ADVANCED_FACE ( 'NONE', ( #6759 ), #1814, .F. ) ;
#10276 = EDGE_LOOP ( 'NONE', ( #3044, #3522, #1802, #6082 ) ) ;
#10277 = VECTOR ( 'NONE', #5748, 1000.000000000000000 ) ;
#10278 =( GEOMETRIC_REPRESENTATION_CONTEXT ( 3 ) GLOBAL_UNCERTAINTY_ASSIGNED_CONTEXT ( ( #4813 ) ) GLOBAL_UNIT_ASSIGNED_CONTEXT ( ( #4184, #3331, #3478 ) ) REPRESENTATION_CONTEXT ( 'NONE', 'WORKASPACE' ) );
#10279 = DIRECTION ( 'NONE',  ( 0.000000000000000000, 0.000000000000000000, -1.000000000000000000 ) ) ;
#10280 = EDGE_LOOP ( 'NONE', ( #7805, #5579, #1101, #10321, #4569, #8465 ) ) ;
#10281 = SURFACE_STYLE_USAGE ( .BOTH. , #1513 ) ;
#10282 = PRESENTATION_STYLE_ASSIGNMENT (( #7744 ) ) ;
#10283 = CARTESIAN_POINT ( 'NONE',  ( -0.7902493472075328151, -0.4290904093664817398, -20.60000000000000142 ) ) ;
#10284 = CARTESIAN_POINT ( 'NONE',  ( -3.726943606741171866, -0.8781456608398205965, -20.40000000000000213 ) ) ;
#10285 = VECTOR ( 'NONE', #7259, 1000.000000000000000 ) ;
#10286 = CARTESIAN_POINT ( 'NONE',  ( 1.600000000000000089, 7.599999999999996980, -8.799999999999998934 ) ) ;
#10287 = CARTESIAN_POINT ( 'NONE',  ( -5.418547777051202274, 0.4365324966872952128, -20.59999999999999787 ) ) ;
#10288 = EDGE_CURVE ( 'NONE', #1550, #4864, #4352, .T. ) ;
#10289 = DIRECTION ( 'NONE',  ( -1.000000000000000000, 0.000000000000000000, 0.000000000000000000 ) ) ;
#10290 = EDGE_CURVE ( 'NONE', #7693, #9175, #7358, .T. ) ;
#10291 = DIRECTION ( 'NONE',  ( 0.000000000000000000, 1.000000000000000000, 0.000000000000000000 ) ) ;
#10292 = ORIENTED_EDGE ( 'NONE', *, *, #9157, .T. ) ;
#10293 = VECTOR ( 'NONE', #1552, 1000.000000000000000 ) ;
#10294 = ORIENTED_EDGE ( 'NONE', *, *, #110, .T. ) ;
#10295 =( BOUNDED_CURVE ( )  B_SPLINE_CURVE ( 3, ( #7997, #7260, #5631, #8057 ),
 .UNSPECIFIED., .F., .F. ) 
 B_SPLINE_CURVE_WITH_KNOTS ( ( 4, 4 ),
 ( 3.141592653589793116, 4.712388980384689674 ),
 .UNSPECIFIED. ) 
 CURVE ( )  GEOMETRIC_REPRESENTATION_ITEM ( )  RATIONAL_B_SPLINE_CURVE ( ( 1.000000000000000000, 0.8047378541243649375, 0.8047378541243649375, 1.000000000000000000 ) ) 
 REPRESENTATION_ITEM ( '' )  );
#10296 = CARTESIAN_POINT ( 'NONE',  ( -8.069140320336472882, -4.813878188659970192, -20.40000000000000213 ) ) ;
#10297 =( GEOMETRIC_REPRESENTATION_CONTEXT ( 3 ) GLOBAL_UNCERTAINTY_ASSIGNED_CONTEXT ( ( #9868 ) ) GLOBAL_UNIT_ASSIGNED_CONTEXT ( ( #10477, #3086, #4805 ) ) REPRESENTATION_CONTEXT ( 'NONE', 'WORKASPACE' ) );
#10298 = UNCERTAINTY_MEASURE_WITH_UNIT (LENGTH_MEASURE( 1.000000000000000082E-05 ), #6474, 'distance_accuracy_value', 'NONE');
#10299 = CARTESIAN_POINT ( 'NONE',  ( 0.6224137154697974017, -0.6510758556450154666, -20.60000000000000142 ) ) ;
#10300 = ADVANCED_FACE ( 'NONE', ( #854 ), #4224, .F. ) ;
#10301 = CARTESIAN_POINT ( 'NONE',  ( -5.135120151525023324, 0.4292348702572857388, -20.60000000000000853 ) ) ;
#10302 = FACE_OUTER_BOUND ( 'NONE', #9006, .T. ) ;
#10303 = CARTESIAN_POINT ( 'NONE',  ( -3.989930619728184524, 0.6218543391601795145, -20.60000000000000142 ) ) ;
#10304 = CARTESIAN_POINT ( 'NONE',  ( -5.803999190311906808, 0.3675105918138278915, -20.60000000000000497 ) ) ;
#10305 = DIRECTION ( 'NONE',  ( -1.000000000000000000, 0.000000000000000000, 0.000000000000000000 ) ) ;
#10306 = CARTESIAN_POINT ( 'NONE',  ( -0.05091048096561143210, -0.01427628887426045205, -20.39999999999999503 ) ) ;
#10307 = MECHANICAL_DESIGN_GEOMETRIC_PRESENTATION_REPRESENTATION (  '', ( #5305 ), #1188 ) ;
#10308 = DIRECTION ( 'NONE',  ( 1.000000000000000000, -0.000000000000000000, -0.000000000000000000 ) ) ;
#10309 = LINE ( 'NONE', #1258, #6465 ) ;
#10310 = ORIENTED_EDGE ( 'NONE', *, *, #2783, .T. ) ;
#10311 = DIRECTION ( 'NONE',  ( -0.000000000000000000, -1.000000000000000000, -0.000000000000000000 ) ) ;
#10312 = CARTESIAN_POINT ( 'NONE',  ( 1.112900401559039798, 0.3128797459651008750, -20.40000000000000924 ) ) ;
#10313 = CARTESIAN_POINT ( 'NONE',  ( -1.600000000000000089, 7.599999999999996980, -8.799999999999998934 ) ) ;
#10314 = UNCERTAINTY_MEASURE_WITH_UNIT (LENGTH_MEASURE( 1.000000000000000082E-05 ), #9253, 'distance_accuracy_value', 'NONE');
#10315 = DIRECTION ( 'NONE',  ( -1.000000000000000000, -0.000000000000000000, -0.000000000000000000 ) ) ;
#10316 = DIRECTION ( 'NONE',  ( 0.000000000000000000, 0.000000000000000000, 1.000000000000000000 ) ) ;
#10317 = CARTESIAN_POINT ( 'NONE',  ( -2.999999999999999556, -5.013878188659972146, -2.200000000000000622 ) ) ;
#10318 = DIRECTION ( 'NONE',  ( -1.000000000000000000, 0.000000000000000000, 0.000000000000000000 ) ) ;
#10319 =( NAMED_UNIT ( * ) PLANE_ANGLE_UNIT ( ) SI_UNIT ( $, .RADIAN. ) );
#10320 = VERTEX_POINT ( 'NONE', #369 ) ;
#10321 = ORIENTED_EDGE ( 'NONE', *, *, #4074, .F. ) ;
#10322 = ADVANCED_FACE ( 'NONE', ( #8584 ), #8417, .F. ) ;
#10323 = DIRECTION ( 'NONE',  ( 1.000000000000000000, 0.000000000000000000, 0.000000000000000000 ) ) ;
#10324 = COLOUR_RGB ( '',1.000000000000000000, 1.000000000000000000, 1.000000000000000000 ) ;
#10325 = CARTESIAN_POINT ( 'NONE',  ( 1.600000000000000089, 1.599999999999998535, 0.000000000000000000 ) ) ;
#10326 = DIRECTION ( 'NONE',  ( 0.000000000000000000, 1.000000000000000000, 0.000000000000000000 ) ) ;
#10327 = CARTESIAN_POINT ( 'NONE',  ( 5.262040696736883127, -0.8963454170541660382, -20.40000000000000568 ) ) ;
#10328 = CARTESIAN_POINT ( 'NONE',  ( -0.7481101827340286281, -0.5042546649092171096, -20.60000000000000497 ) ) ;
#10329 = CARTESIAN_POINT ( 'NONE',  ( 5.764210209783843908, -0.5930504990623133299, -20.39999999999999858 ) ) ;
#10330 = SURFACE_SIDE_STYLE ('',( #2245 ) ) ;
#10331 = EDGE_LOOP ( 'NONE', ( #9362, #7199, #4938, #1548 ) ) ;
#10332 = AXIS2_PLACEMENT_3D ( 'NONE', #566, #6838, #10129 ) ;
#10333 = SURFACE_SIDE_STYLE ('',( #4451 ) ) ;
#10334 = CARTESIAN_POINT ( 'NONE',  ( -0.3981828754392935932, -0.7223015049956645894, -20.40000000000000213 ) ) ;
#10335 = VERTEX_POINT ( 'NONE', #1108 ) ;
#10336 = ORIENTED_EDGE ( 'NONE', *, *, #6676, .F. ) ;
#10337 = EDGE_CURVE ( 'NONE', #2156, #44, #1249, .T. ) ;
#10338 =( NAMED_UNIT ( * ) PLANE_ANGLE_UNIT ( ) SI_UNIT ( $, .RADIAN. ) );
#10339 = CARTESIAN_POINT ( 'NONE',  ( -2.400000000000000355, 0.7999999999999984901, -18.59999999999999787 ) ) ;
#10340 = SURFACE_STYLE_FILL_AREA ( #7842 ) ;
#10341 = PRESENTATION_STYLE_ASSIGNMENT (( #3761 ) ) ;
#10342 = CARTESIAN_POINT ( 'NONE',  ( -5.905227277861171409, -0.6020685101100509140, -20.60000000000000853 ) ) ;
#10343 = DIRECTION ( 'NONE',  ( 1.000000000000000000, 0.000000000000000000, 0.000000000000000000 ) ) ;
#10344 = CARTESIAN_POINT ( 'NONE',  ( -5.069645878080476287, -0.2366927504085230005, -20.60000000000000497 ) ) ;
#10345 = CARTESIAN_POINT ( 'NONE',  ( -3.000000000000000000, -8.813878188659971968, -20.60000000000000142 ) ) ;
#10346 = CARTESIAN_POINT ( 'NONE',  ( -0.2791352691545085363, 0.5857528595128671522, -20.40000000000000568 ) ) ;
#10347 = ORIENTED_EDGE ( 'NONE', *, *, #6323, .T. ) ;
#10348 = VECTOR ( 'NONE', #3014, 1000.000000000000000 ) ;
#10349 = FACE_OUTER_BOUND ( 'NONE', #1492, .T. ) ;
#10350 = EDGE_LOOP ( 'NONE', ( #3637, #1324, #10532, #4463 ) ) ;
#10351 = EDGE_CURVE ( 'NONE', #5867, #4738, #4330, .T. ) ;
#10352 = LINE ( 'NONE', #5437, #6544 ) ;
#10353 = FILL_AREA_STYLE_COLOUR ( '', #6345 ) ;
#10354 = EDGE_CURVE ( 'NONE', #3964, #7360, #3436, .T. ) ;
#10355 = FACE_OUTER_BOUND ( 'NONE', #7158, .T. ) ;
#10356 = CARTESIAN_POINT ( 'NONE',  ( -5.272684723739862633, 0.5538656990518742163, -20.39999999999999858 ) ) ;
#10357 = CARTESIAN_POINT ( 'NONE',  ( -0.1942573843767255448, -0.6514322127134104523, -20.59999999999999787 ) ) ;
#10358 =( LENGTH_UNIT ( ) NAMED_UNIT ( * ) SI_UNIT ( .MILLI., .METRE. ) );
#10359 = VERTEX_POINT ( 'NONE', #5189 ) ;
#10360 = SURFACE_STYLE_FILL_AREA ( #1477 ) ;
#10361 = FACE_OUTER_BOUND ( 'NONE', #1359, .T. ) ;
#10362 = PRESENTATION_LAYER_ASSIGNMENT (  '', '', ( #4331 ) ) ;
#10363 = EDGE_CURVE ( 'NONE', #5615, #5276, #6042, .T. ) ;
#10364 = CARTESIAN_POINT ( 'NONE',  ( -1.700000000000000178, 9.013878188659973034, -9.000000000000000000 ) ) ;
#10365 = CARTESIAN_POINT ( 'NONE',  ( 1.154171020664602754, 0.03713437162771186795, -20.40000000000000213 ) ) ;
#10366 = ORIENTED_EDGE ( 'NONE', *, *, #4219, .T. ) ;
#10367 = VECTOR ( 'NONE', #2453, 1000.000000000000000 ) ;
#10368 = CARTESIAN_POINT ( 'NONE',  ( 1.108068499148597619, 0.3669696504612115495, -20.40000000000000213 ) ) ;
#10369 = CARTESIAN_POINT ( 'NONE',  ( -0.8747460899430485881, -0.1589769141536114261, -20.40000000000000213 ) ) ;
#10370 = CARTESIAN_POINT ( 'NONE',  ( -5.780034947324608652, -0.5126563009605300536, -20.59999999999999787 ) ) ;
#10371 = CARTESIAN_POINT ( 'NONE',  ( -4.194171691156756587, 0.05661489110823133414, -20.60000000000000142 ) ) ;
#10372 = DIRECTION ( 'NONE',  ( -1.000000000000000000, 3.422125580184494708E-16, 0.000000000000000000 ) ) ;
#10373 = CARTESIAN_POINT ( 'NONE',  ( 0.4136068972879791139, 0.6218543391601795145, -20.40000000000000213 ) ) ;
#10374 = VECTOR ( 'NONE', #258, 1000.000000000000000 ) ;
#10375 = PLANE ( 'NONE',  #4853 ) ;
#10376 = EDGE_LOOP ( 'NONE', ( #2083, #4287, #3286, #2266 ) ) ;
#10377 = ORIENTED_EDGE ( 'NONE', *, *, #7054, .F. ) ;
#10378 = CIRCLE ( 'NONE', #7786, 0.2000000000000000944 ) ;
#10379 = DIRECTION ( 'NONE',  ( 1.000000000000000000, 0.000000000000000000, 0.000000000000000000 ) ) ;
#10380 = DIRECTION ( 'NONE',  ( -1.000000000000000000, 0.000000000000000000, 0.000000000000000000 ) ) ;
#10381 = CARTESIAN_POINT ( 'NONE',  ( 2.799999999999999822, -9.013878188659973034, -20.60000000000000142 ) ) ;
#10382 = FILL_AREA_STYLE_COLOUR ( '', #10009 ) ;
#10383 = PRESENTATION_LAYER_ASSIGNMENT (  '', '', ( #7793 ) ) ;
#10384 = LINE ( 'NONE', #5471, #1134 ) ;
#10385 = VECTOR ( 'NONE', #6889, 1000.000000000000000 ) ;
#10386 = VERTEX_POINT ( 'NONE', #1267 ) ;
#10387 = DIRECTION ( 'NONE',  ( -0.000000000000000000, -0.000000000000000000, -1.000000000000000000 ) ) ;
#10388 = CARTESIAN_POINT ( 'NONE',  ( 3.400000000000000355, 1.599999999999998535, -8.799999999999998934 ) ) ;
#10389 = CARTESIAN_POINT ( 'NONE',  ( -0.03408593858057885895, -0.3564896355670357786, -20.40000000000000213 ) ) ;
#10390 = ORIENTED_EDGE ( 'NONE', *, *, #10567, .T. ) ;
#10391 = EDGE_LOOP ( 'NONE', ( #8876, #787, #1133, #4502 ) ) ;
#10392 = CARTESIAN_POINT ( 'NONE',  ( 5.044584332904074486, -0.8241775207355098720, -20.40000000000000568 ) ) ;
#10393 = CARTESIAN_POINT ( 'NONE',  ( 5.569904444396411414, 0.4583054439134071067, -20.59999999999999432 ) ) ;
#10394 = AXIS2_PLACEMENT_3D ( 'NONE', #10478, #5553, #7072 ) ;
#10395 =( NAMED_UNIT ( * ) PLANE_ANGLE_UNIT ( ) SI_UNIT ( $, .RADIAN. ) );
#10396 = DIRECTION ( 'NONE',  ( 0.000000000000000000, 1.000000000000000000, 0.000000000000000000 ) ) ;
#10397 = CARTESIAN_POINT ( 'NONE',  ( -0.8929332996544084855, 0.4646790383024534399, -20.40000000000000213 ) ) ;
#10398 = DIRECTION ( 'NONE',  ( 0.000000000000000000, 0.000000000000000000, 1.000000000000000000 ) ) ;
#10399 = DIRECTION ( 'NONE',  ( 1.000000000000000000, 0.000000000000000000, 0.000000000000000000 ) ) ;
#10400 = FILL_AREA_STYLE_COLOUR ( '', #7153 ) ;
#10401 = CARTESIAN_POINT ( 'NONE',  ( 0.1261195583590265512, -0.1505694363903766764, -20.40000000000000213 ) ) ;
#10402 = EDGE_LOOP ( 'NONE', ( #6401, #3144, #5365, #4275 ) ) ;
#10403 = ADVANCED_FACE ( 'NONE', ( #7821 ), #8694, .F. ) ;
#10404 = CARTESIAN_POINT ( 'NONE',  ( -1.500000000000000000, -9.375835069691863310, -2.000000000000000000 ) ) ;
#10405 = ORIENTED_EDGE ( 'NONE', *, *, #1190, .T. ) ;
#10406 = DIRECTION ( 'NONE',  ( 1.000000000000000000, 0.000000000000000000, -0.000000000000000000 ) ) ;
#10407 = CARTESIAN_POINT ( 'NONE',  ( -5.187513696346457870, 0.4855796791425561754, -20.59999999999999787 ) ) ;
#10408 = DIRECTION ( 'NONE',  ( 1.000000000000000000, 0.000000000000000000, 0.000000000000000000 ) ) ;
#10409 = CARTESIAN_POINT ( 'NONE',  ( 3.400000000000000355, 1.599999999999998535, -2.000000000000000000 ) ) ;
#10410 =( NAMED_UNIT ( * ) SI_UNIT ( $, .STERADIAN. ) SOLID_ANGLE_UNIT ( ) );
#10411 = EDGE_CURVE ( 'NONE', #9791, #9372, #3038, .T. ) ;
#10412 =( LENGTH_UNIT ( ) NAMED_UNIT ( * ) SI_UNIT ( .MILLI., .METRE. ) );
#10413 = ADVANCED_FACE ( 'NONE', ( #9494 ), #699, .T. ) ;
#10414 = FACE_OUTER_BOUND ( 'NONE', #10554, .T. ) ;
#10415 = ORIENTED_EDGE ( 'NONE', *, *, #296, .T. ) ;
#10416 = FILL_AREA_STYLE ('',( #10192 ) ) ;
#10417 = FACE_OUTER_BOUND ( 'NONE', #5963, .T. ) ;
#10418 = CARTESIAN_POINT ( 'NONE',  ( -8.069140320336472882, -4.813878188659970192, -2.200000000000000622 ) ) ;
#10419 = LINE ( 'NONE', #6415, #3557 ) ;
#10420 = ORIENTED_EDGE ( 'NONE', *, *, #1260, .T. ) ;
#10421 =( NAMED_UNIT ( * ) PLANE_ANGLE_UNIT ( ) SI_UNIT ( $, .RADIAN. ) );
#10422 = LINE ( 'NONE', #9375, #4925 ) ;
#10423 = ORIENTED_EDGE ( 'NONE', *, *, #2629, .F. ) ;
#10424 =( NAMED_UNIT ( * ) SI_UNIT ( $, .STERADIAN. ) SOLID_ANGLE_UNIT ( ) );
#10425 = CARTESIAN_POINT ( 'NONE',  ( -0.06086667514498257658, 0.3931756448781862923, -20.59999999999999787 ) ) ;
#10426 = UNCERTAINTY_MEASURE_WITH_UNIT (LENGTH_MEASURE( 1.000000000000000082E-05 ), #4258, 'distance_accuracy_value', 'NONE');
#10427 = CARTESIAN_POINT ( 'NONE',  ( -4.339058054793120789, -0.3573461478528076607, -20.40000000000000568 ) ) ;
#10428 =( LENGTH_UNIT ( ) NAMED_UNIT ( * ) SI_UNIT ( .MILLI., .METRE. ) );
#10429 = DIRECTION ( 'NONE',  ( -0.000000000000000000, -0.000000000000000000, -1.000000000000000000 ) ) ;
#10430 = DIRECTION ( 'NONE',  ( -0.000000000000000000, -0.000000000000000000, 1.000000000000000000 ) ) ;
#10431 = ORIENTED_EDGE ( 'NONE', *, *, #695, .T. ) ;
#10432 = EDGE_CURVE ( 'NONE', #2026, #3526, #2342, .T. ) ;
#10433 = ORIENTED_EDGE ( 'NONE', *, *, #6008, .T. ) ;
#10434 = VECTOR ( 'NONE', #2672, 1000.000000000000000 ) ;
#10435 = LINE ( 'NONE', #1326, #198 ) ;
#10436 = CARTESIAN_POINT ( 'NONE',  ( -0.2201161466793137289, -0.8688390483977970202, -20.40000000000000213 ) ) ;
#10437 = LINE ( 'NONE', #7307, #8039 ) ;
#10438 = CARTESIAN_POINT ( 'NONE',  ( -3.887353509338574487, 0.03713437162771186795, -20.60000000000000142 ) ) ;
#10439 = STYLED_ITEM ( 'NONE', ( #3572 ), #1328 ) ;
#10440 = CARTESIAN_POINT ( 'NONE',  ( -0.2346130666255627772, 0.3383630340438485429, -20.60000000000000497 ) ) ;
#10441 = VECTOR ( 'NONE', #1522, 1000.000000000000000 ) ;
#10442 = CARTESIAN_POINT ( 'NONE',  ( 1.600000000000000089, -5.999999999999997335, -2.000000000000000000 ) ) ;
#10443 = CARTESIAN_POINT ( 'NONE',  ( -1.500000000000000000, 9.213878188659972324, -2.000000000000000000 ) ) ;
#10444 = CARTESIAN_POINT ( 'NONE',  ( 5.199242867025302139, -0.7106669225390468414, -20.39999999999999858 ) ) ;
#10445 = EDGE_CURVE ( 'NONE', #9330, #8067, #7171, .T. ) ;
#10446 = VERTEX_POINT ( 'NONE', #6367 ) ;
#10447 = DIRECTION ( 'NONE',  ( 1.000000000000000000, 0.000000000000000000, 0.000000000000000000 ) ) ;
#10448 = FACE_OUTER_BOUND ( 'NONE', #6156, .T. ) ;
#10449 = PRESENTATION_LAYER_ASSIGNMENT (  '', '', ( #8533 ) ) ;
#10450 = AXIS2_PLACEMENT_3D ( 'NONE', #9460, #1456, #9619 ) ;
#10451 = EDGE_LOOP ( 'NONE', ( #8688, #9358, #2413, #3510, #10310, #6463 ) ) ;
#10452 = ORIENTED_EDGE ( 'NONE', *, *, #9865, .F. ) ;
#10453 = CARTESIAN_POINT ( 'NONE',  ( 4.890319827811654640, -0.6927569321758288989, -20.60000000000000142 ) ) ;
#10454 = CARTESIAN_POINT ( 'NONE',  ( -7.869140320336472705, 4.813878188659971080, -8.799999999999998934 ) ) ;
#10455 = DIRECTION ( 'NONE',  ( -0.000000000000000000, -0.000000000000000000, 1.000000000000000000 ) ) ;
#10456 = CARTESIAN_POINT ( 'NONE',  ( 0.8398476343436135361, 0.03642325222388204803, -20.40000000000000568 ) ) ;
#10457 = FILL_AREA_STYLE ('',( #7961 ) ) ;
#10458 = B_SPLINE_CURVE_WITH_KNOTS ( 'NONE', 3,
 ( #9822, #2452, #5086, #4923, #4976, #6538, #7462, #7563, #1004, #5733, #9027, #5138, #2656, #4054, #8411, #8364, #8260, #5937, #9226, #4, #3314, #3262, #4217, #849, #8316, #8210, #4107 ),
 .UNSPECIFIED., .F., .F.,
 ( 4, 1, 1, 1, 1, 1, 1, 1, 1, 1, 1, 1, 1, 1, 1, 1, 1, 1, 1, 1, 1, 1, 1, 1, 4 ),
 ( 0.000000000000000000, 0.03786750941410618743, 0.07522974099211679477, 0.1116986872555678911, 0.1480143800936102039, 0.1837089632848837584, 0.2198332992550518228, 0.2560384872409124934, 0.2926674377743135325, 0.3296611864713219764, 0.3672877001204332137, 0.4056834604000009170, 0.4446281194314295471, 0.4852389659793892029, 0.5267674492456497770, 0.5698321703868837185, 0.6145742407773475691, 0.6602505343857363318, 0.7064724434595945901, 0.7529024076958235057, 0.8002367229667074477, 0.8487740561981981235, 0.8978373322265307266, 0.9483170958788843530, 1.000000000000000000 ),
 .UNSPECIFIED. ) ;
#10459 = AXIS2_PLACEMENT_3D ( 'NONE', #7526, #1569, #4071 ) ;
#10460 = CYLINDRICAL_SURFACE ( 'NONE', #7491, 0.2000000000000000944 ) ;
#10461 = VECTOR ( 'NONE', #9842, 1000.000000000000000 ) ;
#10462 = STYLED_ITEM ( 'NONE', ( #2280 ), #4799 ) ;
#10463 = FILL_AREA_STYLE_COLOUR ( '', #7621 ) ;
#10464 = VERTEX_POINT ( 'NONE', #3905 ) ;
#10465 = CARTESIAN_POINT ( 'NONE',  ( 5.817518186678381831, -0.2590304010995608253, -20.40000000000000213 ) ) ;
#10466 =( LENGTH_UNIT ( ) NAMED_UNIT ( * ) SI_UNIT ( .MILLI., .METRE. ) );
#10467 = ORIENTED_EDGE ( 'NONE', *, *, #8449, .F. ) ;
#10468 = SURFACE_STYLE_FILL_AREA ( #8894 ) ;
#10469 = CARTESIAN_POINT ( 'NONE',  ( -0.1111803651749209143, -0.5629379953945153892, -20.40000000000000213 ) ) ;
#10470 = VECTOR ( 'NONE', #6990, 1000.000000000000000 ) ;
#10471 = SURFACE_SIDE_STYLE ('',( #5440 ) ) ;
#10472 = PLANE ( 'NONE',  #8898 ) ;
#10473 = AXIS2_PLACEMENT_3D ( 'NONE', #5947, #960, #7573 ) ;
#10474 = LINE ( 'NONE', #10303, #7245 ) ;
#10475 = DIRECTION ( 'NONE',  ( -0.000000000000000000, -0.000000000000000000, 1.000000000000000000 ) ) ;
#10476 = ORIENTED_EDGE ( 'NONE', *, *, #7771, .F. ) ;
#10477 =( LENGTH_UNIT ( ) NAMED_UNIT ( * ) SI_UNIT ( .MILLI., .METRE. ) );
#10478 = CARTESIAN_POINT ( 'NONE',  ( 0.000000000000000000, 0.000000000000000000, -8.799999999999998934 ) ) ;
#10479 = LINE ( 'NONE', #578, #6644 ) ;
#10480 = ORIENTED_EDGE ( 'NONE', *, *, #8831, .T. ) ;
#10481 = CYLINDRICAL_SURFACE ( 'NONE', #2360, 0.2000000000000000944 ) ;
#10482 = EDGE_CURVE ( 'NONE', #6686, #3013, #4596, .T. ) ;
#10483 = VECTOR ( 'NONE', #2448, 1000.000000000000000 ) ;
#10484 = ORIENTED_EDGE ( 'NONE', *, *, #10074, .T. ) ;
#10485 = LINE ( 'NONE', #7136, #9903 ) ;
#10486 = CARTESIAN_POINT ( 'NONE',  ( -2.799999999999999822, 8.813878188659971968, -20.40000000000000213 ) ) ;
#10487 = CARTESIAN_POINT ( 'NONE',  ( -5.044800430286835002, 0.2995535025555786102, -20.39999999999999858 ) ) ;
#10488 = ORIENTED_EDGE ( 'NONE', *, *, #6192, .T. ) ;
#10489 = VERTEX_POINT ( 'NONE', #5405 ) ;
#10490 = CARTESIAN_POINT ( 'NONE',  ( 4.778231214447146158, 0.4513562701014059986, -20.59999999999999787 ) ) ;
#10491 = AXIS2_PLACEMENT_3D ( 'NONE', #1795, #987, #2741 ) ;
#10492 = CARTESIAN_POINT ( 'NONE',  ( -0.3177162697746929720, -0.8936346066552310896, -20.40000000000001634 ) ) ;
#10493 = EDGE_CURVE ( 'NONE', #4638, #370, #1436, .T. ) ;
#10494 = B_SPLINE_CURVE_WITH_KNOTS ( 'NONE', 3,
 ( #5870, #9166, #10631, #7475, #7419, #3329, #6714, #1717, #8326, #4070, #4181, #9951, #2517, #863, #8989, #1621, #7367, #920, #19 ),
 .UNSPECIFIED., .F., .F.,
 ( 4, 1, 1, 1, 1, 1, 1, 1, 1, 1, 1, 1, 1, 1, 1, 1, 4 ),
 ( 0.000000000000000000, 0.08345474964106194826, 0.1621783171746931929, 0.2365543526416956366, 0.3060362957610693879, 0.3721433051031843298, 0.4353069073502168762, 0.4959954628838159629, 0.5550540383918987075, 0.6124235354287113076, 0.6680602449860756353, 0.7223456097140960042, 0.7764662350986211159, 0.8302753946904622984, 0.8851956525464672598, 0.9417221263869647307, 0.9999999999999998890 ),
 .UNSPECIFIED. ) ;
#10495 = ADVANCED_FACE ( 'NONE', ( #8920, #2984 ), #4709, .T. ) ;
#10496 = ORIENTED_EDGE ( 'NONE', *, *, #7424, .F. ) ;
#10497 = SURFACE_SIDE_STYLE ('',( #2401 ) ) ;
#10498 = PLANE ( 'NONE',  #4501 ) ;
#10499 = AXIS2_PLACEMENT_3D ( 'NONE', #1076, #6829, #5815 ) ;
#10500 = SURFACE_STYLE_USAGE ( .BOTH. , #7945 ) ;
#10501 = CARTESIAN_POINT ( 'NONE',  ( -0.6505565864050685265, -0.6202176644286487850, -20.60000000000000853 ) ) ;
#10502 = DIRECTION ( 'NONE',  ( 0.000000000000000000, 0.000000000000000000, -1.000000000000000000 ) ) ;
#10503 = CARTESIAN_POINT ( 'NONE',  ( -5.314672891076678063, -0.8885613797709188688, -20.39999999999999858 ) ) ;
#10504 = CARTESIAN_POINT ( 'NONE',  ( 5.285236580753610802, -0.7221345831102792268, -20.59999999999999432 ) ) ;
#10505 = ORIENTED_EDGE ( 'NONE', *, *, #2688, .T. ) ;
#10506 =( LENGTH_UNIT ( ) NAMED_UNIT ( * ) SI_UNIT ( .MILLI., .METRE. ) );
#10507 = CARTESIAN_POINT ( 'NONE',  ( -0.04251171747521963890, -0.4031157413256474809, -20.40000000000000213 ) ) ;
#10508 = VECTOR ( 'NONE', #1207, 1000.000000000000000 ) ;
#10509 = ORIENTED_EDGE ( 'NONE', *, *, #7698, .F. ) ;
#10510 = CARTESIAN_POINT ( 'NONE',  ( 5.086037372385533217, -0.8470450198920065343, -20.39999999999999858 ) ) ;
#10511 = CARTESIAN_POINT ( 'NONE',  ( 5.307980849016044722, -0.8976261803203400280, -20.40000000000000213 ) ) ;
#10512 = EDGE_CURVE ( 'NONE', #4257, #1854, #7876, .T. ) ;
#10513 = FILL_AREA_STYLE_COLOUR ( '', #6134 ) ;
#10514 = CARTESIAN_POINT ( 'NONE',  ( -3.935750424922990209, 0.3926538521471922838, -20.40000000000000213 ) ) ;
#10515 = DIRECTION ( 'NONE',  ( -1.355252715606880789E-16, 1.000000000000000000, 0.000000000000000000 ) ) ;
#10516 = CARTESIAN_POINT ( 'NONE',  ( 1.472251377807459738, -0.8781456608398205965, -20.40000000000000213 ) ) ;
#10517 = AXIS2_PLACEMENT_3D ( 'NONE', #8292, #3397, #6684 ) ;
#10518 = DIRECTION ( 'NONE',  ( -1.000000000000000000, 0.000000000000000000, 0.000000000000000000 ) ) ;
#10519 = ORIENTED_EDGE ( 'NONE', *, *, #9659, .T. ) ;
#10520 = CARTESIAN_POINT ( 'NONE',  ( 0.000000000000000000, 0.000000000000000000, -8.799999999999998934 ) ) ;
#10521 =( NAMED_UNIT ( * ) PLANE_ANGLE_UNIT ( ) SI_UNIT ( $, .RADIAN. ) );
#10522 = VERTEX_POINT ( 'NONE', #10373 ) ;
#10523 = LINE ( 'NONE', #1415, #893 ) ;
#10524 = CARTESIAN_POINT ( 'NONE',  ( -0.3614692611031775638, -0.7209142875376257642, -20.40000000000000213 ) ) ;
#10525 = AXIS2_PLACEMENT_3D ( 'NONE', #2910, #3779, #6189 ) ;
#10526 = EDGE_CURVE ( 'NONE', #3683, #1913, #9547, .T. ) ;
#10527 = AXIS2_PLACEMENT_3D ( 'NONE', #8336, #5652, #132 ) ;
#10528 = CARTESIAN_POINT ( 'NONE',  ( -3.000000000000000000, -9.013878188659973034, -20.40000000000000213 ) ) ;
#10529 = SURFACE_STYLE_FILL_AREA ( #4637 ) ;
#10530 = CARTESIAN_POINT ( 'NONE',  ( 1.600000000000000089, 3.199999999999998401, 0.000000000000000000 ) ) ;
#10531 = ORIENTED_EDGE ( 'NONE', *, *, #2529, .F. ) ;
#10532 = ORIENTED_EDGE ( 'NONE', *, *, #2138, .F. ) ;
#10533 = CARTESIAN_POINT ( 'NONE',  ( 4.869066006936983548, 0.5476112400182273632, -20.40000000000000568 ) ) ;
#10534 = ORIENTED_EDGE ( 'NONE', *, *, #10195, .F. ) ;
#10535 = STYLED_ITEM ( 'NONE', ( #10063 ), #2409 ) ;
#10536 = CARTESIAN_POINT ( 'NONE',  ( -0.3981828754392936487, -0.7223015049956647005, -20.40000000000000213 ) ) ;
#10537 = ORIENTED_EDGE ( 'NONE', *, *, #142, .F. ) ;
#10538 = CARTESIAN_POINT ( 'NONE',  ( 0.6960736298726594162, -0.3779124870668758018, -20.40000000000000568 ) ) ;
#10539 = UNCERTAINTY_MEASURE_WITH_UNIT (LENGTH_MEASURE( 1.000000000000000082E-05 ), #9920, 'distance_accuracy_value', 'NONE');
#10540 = CARTESIAN_POINT ( 'NONE',  ( -2.799999999999999822, -8.813878188659971968, -2.200000000000000622 ) ) ;
#10541 =( NAMED_UNIT ( * ) PLANE_ANGLE_UNIT ( ) SI_UNIT ( $, .RADIAN. ) );
#10542 = DIRECTION ( 'NONE',  ( -1.000000000000000000, 6.776263578034403945E-17, 0.000000000000000000 ) ) ;
#10543 = CARTESIAN_POINT ( 'NONE',  ( 4.726609095769291891, -0.3716521543463141564, -20.40000000000000213 ) ) ;
#10544 = FILL_AREA_STYLE_COLOUR ( '', #9666 ) ;
#10545 = ORIENTED_EDGE ( 'NONE', *, *, #1647, .F. ) ;
#10546 = CARTESIAN_POINT ( 'NONE',  ( 4.835817493089490604, 0.5191142932847807590, -20.60000000000000497 ) ) ;
#10547 = VECTOR ( 'NONE', #7612, 1000.000000000000227 ) ;
#10548 = ORIENTED_EDGE ( 'NONE', *, *, #8966, .F. ) ;
#10549 = EDGE_CURVE ( 'NONE', #8971, #1955, #1545, .T. ) ;
#10550 = CARTESIAN_POINT ( 'NONE',  ( -4.627917632715198515, 0.6218543391601795145, -20.40000000000000213 ) ) ;
#10551 = DIRECTION ( 'NONE',  ( 0.000000000000000000, 1.000000000000000000, 0.000000000000000000 ) ) ;
#10552 = CIRCLE ( 'NONE', #5364, 0.2000000000000000944 ) ;
#10553 = CARTESIAN_POINT ( 'NONE',  ( -1.035208431929194761, -0.1496152106112793034, -20.60000000000001563 ) ) ;
#10554 = EDGE_LOOP ( 'NONE', ( #112, #8849, #7303, #2937 ) ) ;
#10555 = STYLED_ITEM ( 'NONE', ( #1420 ), #3432 ) ;
#10556 = CARTESIAN_POINT ( 'NONE',  ( -3.569273152195717280, -0.8781456608398205965, -20.40000000000000213 ) ) ;
#10557 = CARTESIAN_POINT ( 'NONE',  ( 2.400000000000000355, 8.399999999999998579, -18.59999999999999787 ) ) ;
#10558 = DIRECTION ( 'NONE',  ( -0.000000000000000000, -0.000000000000000000, -1.000000000000000000 ) ) ;
#10559 = CARTESIAN_POINT ( 'NONE',  ( -0.5956390072244778233, -0.6605082053940024567, -20.60000000000000142 ) ) ;
#10560 = SURFACE_STYLE_FILL_AREA ( #9720 ) ;
#10561 = DIRECTION ( 'NONE',  ( 0.000000000000000000, -0.000000000000000000, 1.000000000000000000 ) ) ;
#10562 = LINE ( 'NONE', #5687, #3017 ) ;
#10563 = COLOUR_RGB ( '',1.000000000000000000, 1.000000000000000000, 1.000000000000000000 ) ;
#10564 = AXIS2_PLACEMENT_3D ( 'NONE', #3342, #9109, #6619 ) ;
#10565 = ORIENTED_EDGE ( 'NONE', *, *, #9960, .F. ) ;
#10566 = EDGE_CURVE ( 'NONE', #5825, #4048, #4763, .T. ) ;
#10567 = EDGE_CURVE ( 'NONE', #51, #3112, #9693, .T. ) ;
#10568 = CARTESIAN_POINT ( 'NONE',  ( 4.999858656002059476, -0.5792644667924343738, -20.40000000000000568 ) ) ;
#10569 = DIRECTION ( 'NONE',  ( 0.000000000000000000, 0.000000000000000000, -1.000000000000000000 ) ) ;
#10570 = ORIENTED_EDGE ( 'NONE', *, *, #5992, .T. ) ;
#10571 = CARTESIAN_POINT ( 'NONE',  ( 5.397292292752066345, 0.5887764220608344701, -20.60000000000000497 ) ) ;
#10572 = VECTOR ( 'NONE', #2774, 1000.000000000000000 ) ;
#10573 = CARTESIAN_POINT ( 'NONE',  ( 4.336808689942017736E-16, 6.799999999999997158, -20.60000000000000142 ) ) ;
#10574 = AXIS2_PLACEMENT_3D ( 'NONE', #5430, #3820, #8943 ) ;
#10575 = CARTESIAN_POINT ( 'NONE',  ( 9.799999999999997158, 1.200153863164405951E-15, -1.799999999999999600 ) ) ;
#10576 = CARTESIAN_POINT ( 'NONE',  ( -3.400000000000000355, 1.599999999999998535, -2.000000000000000000 ) ) ;
#10577 = AXIS2_PLACEMENT_3D ( 'NONE', #6783, #6733, #5117 ) ;
#10578 = PRESENTATION_STYLE_ASSIGNMENT (( #4678 ) ) ;
#10579 = CARTESIAN_POINT ( 'NONE',  ( -5.514228536670582770, -0.8900366848736642744, -20.40000000000000924 ) ) ;
#10580 = ORIENTED_EDGE ( 'NONE', *, *, #3088, .T. ) ;
#10581 = ADVANCED_FACE ( 'NONE', ( #8749 ), #4652, .F. ) ;
#10582 = CARTESIAN_POINT ( 'NONE',  ( -2.799999999999999822, 9.213878188659972324, -2.000000000000000000 ) ) ;
#10583 = VECTOR ( 'NONE', #3836, 1000.000000000000000 ) ;
#10584 = ORIENTED_EDGE ( 'NONE', *, *, #3554, .T. ) ;
#10585 = CARTESIAN_POINT ( 'NONE',  ( 0.5123475382979798542, 1.599999999999998535, -8.799999999999998934 ) ) ;
#10586 = CARTESIAN_POINT ( 'NONE',  ( 6.599999999999999645, 3.199999999999998845, -8.799999999999998934 ) ) ;
#10587 = CARTESIAN_POINT ( 'NONE',  ( 3.400000000000000355, 3.199999999999998401, 0.000000000000000000 ) ) ;
#10588 = FACE_OUTER_BOUND ( 'NONE', #10596, .T. ) ;
#10589 = ADVANCED_FACE ( 'NONE', ( #7138 ), #9126, .T. ) ;
#10590 = CARTESIAN_POINT ( 'NONE',  ( -1.700000000000000178, 9.213878188659972324, -8.799999999999998934 ) ) ;
#10591 = VERTEX_POINT ( 'NONE', #3202 ) ;
#10592 = CARTESIAN_POINT ( 'NONE',  ( 0.7070229116079889131, -0.3430373459431884098, -20.39999999999999858 ) ) ;
#10593 = VERTEX_POINT ( 'NONE', #151 ) ;
#10594 = CARTESIAN_POINT ( 'NONE',  ( -5.663955919419753293, -0.6433302629182148236, -20.40000000000000213 ) ) ;
#10595 = CARTESIAN_POINT ( 'NONE',  ( -0.5679650766118642391, -0.6772330428606009312, -20.40000000000000213 ) ) ;
#10596 = EDGE_LOOP ( 'NONE', ( #5241, #1084, #1520, #8998, #2509, #6735 ) ) ;
#10597 = CARTESIAN_POINT ( 'NONE',  ( -0.2716801181439501001, 0.3723418494999423678, -20.40000000000000213 ) ) ;
#10598 = DIRECTION ( 'NONE',  ( -0.000000000000000000, -0.000000000000000000, -1.000000000000000000 ) ) ;
#10599 = DIRECTION ( 'NONE',  ( 0.000000000000000000, -0.000000000000000000, 1.000000000000000000 ) ) ;
#10600 = CARTESIAN_POINT ( 'NONE',  ( 5.262089485800903077, 0.4539091782053207846, -20.40000000000000568 ) ) ;
#10601 = SURFACE_SIDE_STYLE ('',( #49 ) ) ;
#10602 = VERTEX_POINT ( 'NONE', #4152 ) ;
#10603 = ORIENTED_EDGE ( 'NONE', *, *, #5875, .F. ) ;
#10604 = CARTESIAN_POINT ( 'NONE',  ( 2.799999999999999822, 8.813878188659971968, -20.60000000000000142 ) ) ;
#10605 = COLOUR_RGB ( '',1.000000000000000000, 1.000000000000000000, 1.000000000000000000 ) ;
#10606 = CARTESIAN_POINT ( 'NONE',  ( 3.199999999999999734, -5.213878188659972324, -8.799999999999998934 ) ) ;
#10607 = DIRECTION ( 'NONE',  ( -1.000000000000000000, -3.422125580184494708E-16, -0.000000000000000000 ) ) ;
#10608 =( LENGTH_UNIT ( ) NAMED_UNIT ( * ) SI_UNIT ( .MILLI., .METRE. ) );
#10609 = EDGE_CURVE ( 'NONE', #8615, #7314, #7449, .T. ) ;
#10610 = CARTESIAN_POINT ( 'NONE',  ( -2.799999999999999822, 9.013878188659973034, -20.60000000000000142 ) ) ;
#10611 = PRESENTATION_STYLE_ASSIGNMENT (( #2949 ) ) ;
#10612 = CARTESIAN_POINT ( 'NONE',  ( 5.466696424174545044, -0.8758663848790336770, -20.39999999999999503 ) ) ;
#10613 = AXIS2_PLACEMENT_3D ( 'NONE', #5917, #5268, #1834 ) ;
#10614 = SURFACE_SIDE_STYLE ('',( #759 ) ) ;
#10615 = ORIENTED_EDGE ( 'NONE', *, *, #3032, .T. ) ;
#10616 = CARTESIAN_POINT ( 'NONE',  ( 1.600000000000000089, 7.599999999999996980, -2.000000000000000000 ) ) ;
#10617 = ORIENTED_EDGE ( 'NONE', *, *, #5060, .T. ) ;
#10618 = AXIS2_PLACEMENT_3D ( 'NONE', #2404, #7, #7902 ) ;
#10619 = CIRCLE ( 'NONE', #8884, 0.9500000000000000666 ) ;
#10620 = AXIS2_PLACEMENT_3D ( 'NONE', #105, #1755, #5682 ) ;
#10621 = FACE_OUTER_BOUND ( 'NONE', #3696, .T. ) ;
#10622 =( NAMED_UNIT ( * ) SI_UNIT ( $, .STERADIAN. ) SOLID_ANGLE_UNIT ( ) );
#10623 = EDGE_CURVE ( 'NONE', #1506, #693, #9068, .T. ) ;
#10624 = LINE ( 'NONE', #3126, #1441 ) ;
#10625 = SURFACE_SIDE_STYLE ('',( #3229 ) ) ;
#10626 = ORIENTED_EDGE ( 'NONE', *, *, #2769, .T. ) ;
#10627 = MECHANICAL_DESIGN_GEOMETRIC_PRESENTATION_REPRESENTATION (  '', ( #4576 ), #4765 ) ;
#10628 = MECHANICAL_DESIGN_GEOMETRIC_PRESENTATION_REPRESENTATION (  '', ( #6286 ), #2849 ) ;
#10629 = CARTESIAN_POINT ( 'NONE',  ( 1.021259218844690730, 0.09471229587822987961, -20.60000000000000142 ) ) ;
#10630 = ORIENTED_EDGE ( 'NONE', *, *, #254, .T. ) ;
#10631 = CARTESIAN_POINT ( 'NONE',  ( -5.070017231593901386, -0.3152398873612113905, -20.39999999999999503 ) ) ;
#10632 =( LENGTH_UNIT ( ) NAMED_UNIT ( * ) SI_UNIT ( .MILLI., .METRE. ) );
#10633 =( LENGTH_UNIT ( ) NAMED_UNIT ( * ) SI_UNIT ( .MILLI., .METRE. ) );
#10634 = ADVANCED_FACE ( 'NONE', ( #1697 ), #4003, .F. ) ;
#10635 = VECTOR ( 'NONE', #7081, 1000.000000000000114 ) ;
#10636 = MECHANICAL_DESIGN_GEOMETRIC_PRESENTATION_REPRESENTATION (  '', ( #9061 ), #10267 ) ;
#10637 = MECHANICAL_DESIGN_GEOMETRIC_PRESENTATION_REPRESENTATION (  '', ( #1845 ), #6656 ) ;
#10638 = CARTESIAN_POINT ( 'NONE',  ( 4.336808689942017736E-16, 6.799999999999997158, -8.799999999999998934 ) ) ;
#10639 = CARTESIAN_POINT ( 'NONE',  ( -1.500000000000000000, 9.375835069691863310, -8.799999999999998934 ) ) ;
#10640 = ORIENTED_EDGE ( 'NONE', *, *, #286, .F. ) ;
#10641 = PRESENTATION_LAYER_ASSIGNMENT (  '', '', ( #4077 ) ) ;
#10642 = CARTESIAN_POINT ( 'NONE',  ( -0.8436649645076821358, 0.2299959572633510085, -20.60000000000000497 ) ) ;
#10643 = B_SPLINE_CURVE_WITH_KNOTS ( 'NONE', 3,
 ( #9351, #1980, #9121, #7442, #8298, #391, #2545, #5263, #8554, #3349, #5873 ),
 .UNSPECIFIED., .F., .F.,
 ( 4, 1, 1, 1, 1, 1, 1, 1, 4 ),
 ( 0.000000000000000000, 0.1366324269812451697, 0.2676861219659234514, 0.3924633192238953239, 0.5144904340826531586, 0.6343216705865311056, 0.7541182771205581226, 0.8757281555217412139, 1.000000000000000000 ),
 .UNSPECIFIED. ) ;
#10644 = ORIENTED_EDGE ( 'NONE', *, *, #2642, .F. ) ;
#10645 = CARTESIAN_POINT ( 'NONE',  ( -5.531704316004638855, -0.7106669225390469524, -20.59999999999999076 ) ) ;
#10646 = CARTESIAN_POINT ( 'NONE',  ( -0.4552736141015541471, -0.7173422998363923053, -20.60000000000001208 ) ) ;
#10647 = ADVANCED_FACE ( 'NONE', ( #8968 ), #1939, .T. ) ;
#10648 = ORIENTED_EDGE ( 'NONE', *, *, #7270, .T. ) ;
#10649 = FILL_AREA_STYLE ('',( #7341 ) ) ;
#10650 = MECHANICAL_DESIGN_GEOMETRIC_PRESENTATION_REPRESENTATION (  '', ( #5285 ), #5465 ) ;
#10651 = UNCERTAINTY_MEASURE_WITH_UNIT (LENGTH_MEASURE( 1.000000000000000082E-05 ), #3109, 'distance_accuracy_value', 'NONE');
#10652 = CARTESIAN_POINT ( 'NONE',  ( 1.105774105080187031, 0.3926538521471922838, -20.60000000000000142 ) ) ;
#10653 =( NAMED_UNIT ( * ) PLANE_ANGLE_UNIT ( ) SI_UNIT ( $, .RADIAN. ) );
#10654 =( NAMED_UNIT ( * ) SI_UNIT ( $, .STERADIAN. ) SOLID_ANGLE_UNIT ( ) );
#10655 = CARTESIAN_POINT ( 'NONE',  ( 5.312399405978743161, 0.4365324966872953238, -20.39999999999999858 ) ) ;
#10656 = CARTESIAN_POINT ( 'NONE',  ( 0.5091831959892778592, -0.8781456608398205965, -20.40000000000000213 ) ) ;
#10657 = ORIENTED_EDGE ( 'NONE', *, *, #36, .T. ) ;
#10658 = ORIENTED_EDGE ( 'NONE', *, *, #631, .T. ) ;
#10659 = DIRECTION ( 'NONE',  ( -0.000000000000000000, -0.000000000000000000, -1.000000000000000000 ) ) ;
#10660 = CONICAL_SURFACE ( 'NONE', #3405, 9.000000000000000000, 0.4363323129985846038 ) ;
ENDSEC;
END-ISO-10303-21;
