ISO-10303-21;
HEADER;
/* Generated by software containing ST-Developer
 * from STEP Tools, Inc. (www.steptools.com) 
 */

FILE_DESCRIPTION(
/* description */ (''),
/* implementation_level */ '2;1');

FILE_NAME(
/* name */ 'Cover Telecamera.stp',
/* time_stamp */ '2025-12-01T09:27:22+05:30',
/* author */ ('Kartik'),
/* organization */ (''),
/* preprocessor_version */ 'ST-DEVELOPER v20.1',
/* originating_system */ 'Autodesk Inventor 2026',
/* authorisation */ '');

FILE_SCHEMA (('AUTOMOTIVE_DESIGN { 1 0 10303 214 3 1 1 }'));
ENDSEC;

DATA;
#10=MECHANICAL_DESIGN_GEOMETRIC_PRESENTATION_REPRESENTATION('',(#13),#4471);
#11=SHAPE_REPRESENTATION_RELATIONSHIP('SRR','None',#4477,#12);
#12=ADVANCED_BREP_SHAPE_REPRESENTATION('',(#14),#4470);
#13=STYLED_ITEM('',(#4487),#14);
#14=MANIFOLD_SOLID_BREP('Solid1',#1020);
#15=CONICAL_SURFACE('',#1076,2.325,0.5235987755983);
#16=CONICAL_SURFACE('',#1077,2.325,0.5235987755983);
#17=CONICAL_SURFACE('',#1101,0.125,1.02974425867665);
#18=CONICAL_SURFACE('',#1104,0.125,1.02974425867665);
#19=CONICAL_SURFACE('',#1107,0.125,1.02974425867665);
#20=CONICAL_SURFACE('',#1110,0.125,1.02974425867665);
#21=CONICAL_SURFACE('',#1113,0.125,1.02974425867665);
#22=CONICAL_SURFACE('',#1116,0.125,1.02974425867665);
#23=CONICAL_SURFACE('',#1119,0.125,1.02974425867665);
#24=CONICAL_SURFACE('',#1122,0.125,1.02974425867665);
#25=CYLINDRICAL_SURFACE('',#1064,2.325);
#26=CYLINDRICAL_SURFACE('',#1067,2.325);
#27=CYLINDRICAL_SURFACE('',#1071,2.025);
#28=CYLINDRICAL_SURFACE('',#1073,2.025);
#29=CYLINDRICAL_SURFACE('',#1079,0.200000000000001);
#30=CYLINDRICAL_SURFACE('',#1081,0.2);
#31=CYLINDRICAL_SURFACE('',#1083,1.525);
#32=CYLINDRICAL_SURFACE('',#1085,1.525);
#33=CYLINDRICAL_SURFACE('',#1103,0.124999999999999);
#34=CYLINDRICAL_SURFACE('',#1106,0.124999999999999);
#35=CYLINDRICAL_SURFACE('',#1109,0.124999999999999);
#36=CYLINDRICAL_SURFACE('',#1112,0.124999999999999);
#37=CYLINDRICAL_SURFACE('',#1115,0.124999999999999);
#38=CYLINDRICAL_SURFACE('',#1118,0.124999999999999);
#39=CYLINDRICAL_SURFACE('',#1121,0.124999999999999);
#40=CYLINDRICAL_SURFACE('',#1124,0.124999999999999);
#41=FACE_BOUND('',#132,.T.);
#42=FACE_BOUND('',#135,.T.);
#43=FACE_BOUND('',#159,.T.);
#44=FACE_BOUND('',#160,.T.);
#45=FACE_BOUND('',#161,.T.);
#46=FACE_BOUND('',#162,.T.);
#47=FACE_BOUND('',#163,.T.);
#48=FACE_BOUND('',#164,.T.);
#49=FACE_BOUND('',#165,.T.);
#50=FACE_BOUND('',#166,.T.);
#51=PLANE('',#1048);
#52=PLANE('',#1049);
#53=PLANE('',#1052);
#54=PLANE('',#1055);
#55=PLANE('',#1056);
#56=PLANE('',#1057);
#57=PLANE('',#1060);
#58=PLANE('',#1061);
#59=PLANE('',#1069);
#60=PLANE('',#1075);
#61=PLANE('',#1078);
#62=PLANE('',#1080);
#63=PLANE('',#1082);
#64=PLANE('',#1087);
#65=PLANE('',#1088);
#66=PLANE('',#1089);
#67=PLANE('',#1098);
#68=PLANE('',#1099);
#69=PLANE('',#1100);
#70=FACE_OUTER_BOUND('',#123,.T.);
#71=FACE_OUTER_BOUND('',#124,.T.);
#72=FACE_OUTER_BOUND('',#125,.T.);
#73=FACE_OUTER_BOUND('',#126,.T.);
#74=FACE_OUTER_BOUND('',#127,.T.);
#75=FACE_OUTER_BOUND('',#128,.T.);
#76=FACE_OUTER_BOUND('',#129,.T.);
#77=FACE_OUTER_BOUND('',#130,.T.);
#78=FACE_OUTER_BOUND('',#131,.T.);
#79=FACE_OUTER_BOUND('',#133,.T.);
#80=FACE_OUTER_BOUND('',#134,.T.);
#81=FACE_OUTER_BOUND('',#136,.T.);
#82=FACE_OUTER_BOUND('',#137,.T.);
#83=FACE_OUTER_BOUND('',#138,.T.);
#84=FACE_OUTER_BOUND('',#139,.T.);
#85=FACE_OUTER_BOUND('',#140,.T.);
#86=FACE_OUTER_BOUND('',#141,.T.);
#87=FACE_OUTER_BOUND('',#142,.T.);
#88=FACE_OUTER_BOUND('',#143,.T.);
#89=FACE_OUTER_BOUND('',#144,.T.);
#90=FACE_OUTER_BOUND('',#145,.T.);
#91=FACE_OUTER_BOUND('',#146,.T.);
#92=FACE_OUTER_BOUND('',#147,.T.);
#93=FACE_OUTER_BOUND('',#148,.T.);
#94=FACE_OUTER_BOUND('',#149,.T.);
#95=FACE_OUTER_BOUND('',#150,.T.);
#96=FACE_OUTER_BOUND('',#151,.T.);
#97=FACE_OUTER_BOUND('',#152,.T.);
#98=FACE_OUTER_BOUND('',#153,.T.);
#99=FACE_OUTER_BOUND('',#154,.T.);
#100=FACE_OUTER_BOUND('',#155,.T.);
#101=FACE_OUTER_BOUND('',#156,.T.);
#102=FACE_OUTER_BOUND('',#157,.T.);
#103=FACE_OUTER_BOUND('',#158,.T.);
#104=FACE_OUTER_BOUND('',#167,.T.);
#105=FACE_OUTER_BOUND('',#168,.T.);
#106=FACE_OUTER_BOUND('',#169,.T.);
#107=FACE_OUTER_BOUND('',#170,.T.);
#108=FACE_OUTER_BOUND('',#171,.T.);
#109=FACE_OUTER_BOUND('',#172,.T.);
#110=FACE_OUTER_BOUND('',#173,.T.);
#111=FACE_OUTER_BOUND('',#174,.T.);
#112=FACE_OUTER_BOUND('',#175,.T.);
#113=FACE_OUTER_BOUND('',#176,.T.);
#114=FACE_OUTER_BOUND('',#177,.T.);
#115=FACE_OUTER_BOUND('',#178,.T.);
#116=FACE_OUTER_BOUND('',#179,.T.);
#117=FACE_OUTER_BOUND('',#180,.T.);
#118=FACE_OUTER_BOUND('',#181,.T.);
#119=FACE_OUTER_BOUND('',#182,.T.);
#120=FACE_OUTER_BOUND('',#183,.T.);
#121=FACE_OUTER_BOUND('',#184,.T.);
#122=FACE_OUTER_BOUND('',#185,.T.);
#123=EDGE_LOOP('',(#663,#664,#665,#666,#667,#668,#669,#670,#671,#672,#673,
#674,#675,#676,#677,#678,#679,#680,#681,#682,#683,#684,#685,#686,#687,#688,
#689,#690,#691));
#124=EDGE_LOOP('',(#692,#693,#694,#695));
#125=EDGE_LOOP('',(#696,#697,#698,#699));
#126=EDGE_LOOP('',(#700,#701,#702,#703,#704,#705,#706,#707));
#127=EDGE_LOOP('',(#708,#709,#710,#711));
#128=EDGE_LOOP('',(#712,#713,#714,#715,#716,#717));
#129=EDGE_LOOP('',(#718,#719,#720,#721));
#130=EDGE_LOOP('',(#722,#723,#724,#725,#726,#727));
#131=EDGE_LOOP('',(#728,#729,#730,#731));
#132=EDGE_LOOP('',(#732,#733));
#133=EDGE_LOOP('',(#734,#735,#736,#737,#738,#739,#740,#741,#742));
#134=EDGE_LOOP('',(#743,#744,#745,#746));
#135=EDGE_LOOP('',(#747,#748,#749));
#136=EDGE_LOOP('',(#750,#751,#752,#753,#754,#755));
#137=EDGE_LOOP('',(#756,#757,#758,#759,#760,#761));
#138=EDGE_LOOP('',(#762,#763,#764,#765));
#139=EDGE_LOOP('',(#766,#767,#768,#769));
#140=EDGE_LOOP('',(#770,#771,#772,#773));
#141=EDGE_LOOP('',(#774,#775,#776,#777));
#142=EDGE_LOOP('',(#778,#779,#780,#781));
#143=EDGE_LOOP('',(#782,#783,#784,#785));
#144=EDGE_LOOP('',(#786,#787,#788,#789,#790,#791));
#145=EDGE_LOOP('',(#792,#793,#794,#795));
#146=EDGE_LOOP('',(#796,#797,#798,#799));
#147=EDGE_LOOP('',(#800,#801,#802,#803));
#148=EDGE_LOOP('',(#804,#805,#806,#807));
#149=EDGE_LOOP('',(#808,#809,#810,#811));
#150=EDGE_LOOP('',(#812,#813,#814,#815));
#151=EDGE_LOOP('',(#816,#817,#818,#819));
#152=EDGE_LOOP('',(#820,#821,#822,#823));
#153=EDGE_LOOP('',(#824,#825,#826,#827,#828,#829,#830,#831));
#154=EDGE_LOOP('',(#832,#833,#834,#835,#836,#837,#838,#839,#840,#841,#842,
#843,#844,#845,#846,#847,#848,#849,#850));
#155=EDGE_LOOP('',(#851,#852,#853,#854,#855,#856,#857,#858,#859));
#156=EDGE_LOOP('',(#860,#861,#862,#863,#864));
#157=EDGE_LOOP('',(#865,#866,#867,#868,#869));
#158=EDGE_LOOP('',(#870,#871,#872,#873,#874,#875,#876,#877,#878,#879,#880,
#881,#882));
#159=EDGE_LOOP('',(#883));
#160=EDGE_LOOP('',(#884));
#161=EDGE_LOOP('',(#885));
#162=EDGE_LOOP('',(#886));
#163=EDGE_LOOP('',(#887));
#164=EDGE_LOOP('',(#888));
#165=EDGE_LOOP('',(#889));
#166=EDGE_LOOP('',(#890));
#167=EDGE_LOOP('',(#891,#892,#893,#894));
#168=EDGE_LOOP('',(#895,#896,#897,#898));
#169=EDGE_LOOP('',(#899,#900,#901,#902));
#170=EDGE_LOOP('',(#903,#904,#905));
#171=EDGE_LOOP('',(#906,#907,#908,#909));
#172=EDGE_LOOP('',(#910,#911,#912));
#173=EDGE_LOOP('',(#913,#914,#915,#916));
#174=EDGE_LOOP('',(#917,#918,#919));
#175=EDGE_LOOP('',(#920,#921,#922,#923));
#176=EDGE_LOOP('',(#924,#925,#926));
#177=EDGE_LOOP('',(#927,#928,#929,#930));
#178=EDGE_LOOP('',(#931,#932,#933));
#179=EDGE_LOOP('',(#934,#935,#936,#937));
#180=EDGE_LOOP('',(#938,#939,#940));
#181=EDGE_LOOP('',(#941,#942,#943,#944));
#182=EDGE_LOOP('',(#945,#946,#947));
#183=EDGE_LOOP('',(#948,#949,#950,#951));
#184=EDGE_LOOP('',(#952,#953,#954));
#185=EDGE_LOOP('',(#955,#956,#957,#958));
#186=CIRCLE('',#1039,1.52884023306233);
#187=CIRCLE('',#1040,1.52878496512625);
#188=CIRCLE('',#1041,1.52010334518396);
#189=CIRCLE('',#1046,1.52022531928892);
#190=CIRCLE('',#1047,1.52869883269729);
#191=CIRCLE('',#1050,0.2);
#192=CIRCLE('',#1051,0.200000000000001);
#193=CIRCLE('',#1053,2.325);
#194=CIRCLE('',#1054,2.025);
#195=CIRCLE('',#1058,0.200000000000001);
#196=CIRCLE('',#1059,0.2);
#197=CIRCLE('',#1062,2.025);
#198=CIRCLE('',#1063,2.025);
#199=CIRCLE('',#1065,2.325);
#200=CIRCLE('',#1066,2.325);
#201=CIRCLE('',#1068,2.325);
#202=CIRCLE('',#1070,2.025);
#203=CIRCLE('',#1072,2.025);
#204=CIRCLE('',#1074,2.025);
#205=CIRCLE('',#1084,1.525);
#206=CIRCLE('',#1086,1.525);
#207=CIRCLE('',#1090,0.124999999999999);
#208=CIRCLE('',#1091,0.124999999999999);
#209=CIRCLE('',#1092,0.124999999999999);
#210=CIRCLE('',#1093,0.124999999999999);
#211=CIRCLE('',#1094,0.124999999999999);
#212=CIRCLE('',#1095,0.124999999999999);
#213=CIRCLE('',#1096,0.124999999999999);
#214=CIRCLE('',#1097,0.124999999999999);
#215=CIRCLE('',#1102,0.125);
#216=CIRCLE('',#1105,0.125);
#217=CIRCLE('',#1108,0.125);
#218=CIRCLE('',#1111,0.125);
#219=CIRCLE('',#1114,0.125);
#220=CIRCLE('',#1117,0.125);
#221=CIRCLE('',#1120,0.125);
#222=CIRCLE('',#1123,0.125);
#223=ELLIPSE('',#1037,1.25057132970474,1.01673297348582);
#224=ELLIPSE('',#1038,1.4587642498868,1.39105593065596);
#225=ELLIPSE('',#1042,1.23403464183285,0.987074327295764);
#226=ELLIPSE('',#1043,1.23123526304871,0.983371640081558);
#227=ELLIPSE('',#1044,1.24402072847895,1.00682686678175);
#228=ELLIPSE('',#1045,1.46241685899639,1.39461516003261);
#229=LINE('',#1728,#305);
#230=LINE('',#1765,#306);
#231=LINE('',#1808,#307);
#232=LINE('',#1810,#308);
#233=LINE('',#1865,#309);
#234=LINE('',#1956,#310);
#235=LINE('',#1958,#311);
#236=LINE('',#1960,#312);
#237=LINE('',#1961,#313);
#238=LINE('',#1965,#314);
#239=LINE('',#1967,#315);
#240=LINE('',#1969,#316);
#241=LINE('',#1971,#317);
#242=LINE('',#1975,#318);
#243=LINE('',#1978,#319);
#244=LINE('',#1982,#320);
#245=LINE('',#1986,#321);
#246=LINE('',#1990,#322);
#247=LINE('',#1992,#323);
#248=LINE('',#1994,#324);
#249=LINE('',#1995,#325);
#250=LINE('',#1996,#326);
#251=LINE('',#1999,#327);
#252=LINE('',#2000,#328);
#253=LINE('',#2005,#329);
#254=LINE('',#2008,#330);
#255=LINE('',#3383,#331);
#256=LINE('',#3386,#332);
#257=LINE('',#3389,#333);
#258=LINE('',#3392,#334);
#259=LINE('',#3395,#335);
#260=LINE('',#3397,#336);
#261=LINE('',#3400,#337);
#262=LINE('',#3403,#338);
#263=LINE('',#3612,#339);
#264=LINE('',#3617,#340);
#265=LINE('',#3618,#341);
#266=LINE('',#3623,#342);
#267=LINE('',#3624,#343);
#268=LINE('',#3965,#344);
#269=LINE('',#3966,#345);
#270=LINE('',#3995,#346);
#271=LINE('',#4024,#347);
#272=LINE('',#4358,#348);
#273=LINE('',#4359,#349);
#274=LINE('',#4361,#350);
#275=LINE('',#4363,#351);
#276=LINE('',#4366,#352);
#277=LINE('',#4368,#353);
#278=LINE('',#4370,#354);
#279=LINE('',#4373,#355);
#280=LINE('',#4374,#356);
#281=LINE('',#4378,#357);
#282=LINE('',#4381,#358);
#283=LINE('',#4384,#359);
#284=LINE('',#4386,#360);
#285=LINE('',#4388,#361);
#286=LINE('',#4390,#362);
#287=LINE('',#4391,#363);
#288=LINE('',#4392,#364);
#289=LINE('',#4415,#365);
#290=LINE('',#4418,#366);
#291=LINE('',#4422,#367);
#292=LINE('',#4425,#368);
#293=LINE('',#4429,#369);
#294=LINE('',#4432,#370);
#295=LINE('',#4436,#371);
#296=LINE('',#4439,#372);
#297=LINE('',#4443,#373);
#298=LINE('',#4446,#374);
#299=LINE('',#4450,#375);
#300=LINE('',#4453,#376);
#301=LINE('',#4457,#377);
#302=LINE('',#4460,#378);
#303=LINE('',#4464,#379);
#304=LINE('',#4467,#380);
#305=VECTOR('',#1127,1.);
#306=VECTOR('',#1138,1.);
#307=VECTOR('',#1145,1.);
#308=VECTOR('',#1146,1.);
#309=VECTOR('',#1153,1.);
#310=VECTOR('',#1156,9.5);
#311=VECTOR('',#1157,1.23038475772934);
#312=VECTOR('',#1158,9.5);
#313=VECTOR('',#1159,1.23038475772934);
#314=VECTOR('',#1162,7.4);
#315=VECTOR('',#1163,1.23038475772934);
#316=VECTOR('',#1164,9.5);
#317=VECTOR('',#1165,0.230384757729341);
#318=VECTOR('',#1168,1.7);
#319=VECTOR('',#1171,0.999999999999998);
#320=VECTOR('',#1174,0.299999999999998);
#321=VECTOR('',#1177,0.3);
#322=VECTOR('',#1182,0.800000000000001);
#323=VECTOR('',#1183,0.300000000000002);
#324=VECTOR('',#1184,0.450000000000001);
#325=VECTOR('',#1185,0.500000000000002);
#326=VECTOR('',#1186,1.45);
#327=VECTOR('',#1189,2.1);
#328=VECTOR('',#1190,0.499999999999999);
#329=VECTOR('',#1195,1.7);
#330=VECTOR('',#1198,0.450000000000001);
#331=VECTOR('',#1205,9.5);
#332=VECTOR('',#1208,9.5);
#333=VECTOR('',#1211,1.3);
#334=VECTOR('',#1214,0.300000000000001);
#335=VECTOR('',#1219,0.300000000000001);
#336=VECTOR('',#1222,0.300000000000001);
#337=VECTOR('',#1225,0.299999999999998);
#338=VECTOR('',#1228,0.3);
#339=VECTOR('',#1229,1.);
#340=VECTOR('',#1234,0.3);
#341=VECTOR('',#1235,0.300000000000001);
#342=VECTOR('',#1240,0.3);
#343=VECTOR('',#1241,0.300000000000001);
#344=VECTOR('',#1242,1.);
#345=VECTOR('',#1243,1.);
#346=VECTOR('',#1244,1.);
#347=VECTOR('',#1245,1.);
#348=VECTOR('',#1248,0.599999999999997);
#349=VECTOR('',#1249,0.599999999999996);
#350=VECTOR('',#1252,0.599999999999996);
#351=VECTOR('',#1255,0.599999999999996);
#352=VECTOR('',#1260,0.3);
#353=VECTOR('',#1263,0.3);
#354=VECTOR('',#1266,0.3);
#355=VECTOR('',#1269,0.499999999999999);
#356=VECTOR('',#1270,1.45);
#357=VECTOR('',#1275,1.45);
#358=VECTOR('',#1278,1.45);
#359=VECTOR('',#1281,1.45);
#360=VECTOR('',#1284,9.5);
#361=VECTOR('',#1287,7.4);
#362=VECTOR('',#1290,0.299999999999998);
#363=VECTOR('',#1291,0.299999999999998);
#364=VECTOR('',#1292,0.3);
#365=VECTOR('',#1317,0.125);
#366=VECTOR('',#1322,0.124999999999999);
#367=VECTOR('',#1325,0.125);
#368=VECTOR('',#1330,0.124999999999999);
#369=VECTOR('',#1333,0.125);
#370=VECTOR('',#1338,0.124999999999999);
#371=VECTOR('',#1341,0.125);
#372=VECTOR('',#1346,0.124999999999999);
#373=VECTOR('',#1349,0.125);
#374=VECTOR('',#1354,0.124999999999999);
#375=VECTOR('',#1357,0.125);
#376=VECTOR('',#1362,0.124999999999999);
#377=VECTOR('',#1365,0.125);
#378=VECTOR('',#1370,0.124999999999999);
#379=VECTOR('',#1373,0.125);
#380=VECTOR('',#1378,0.124999999999999);
#381=B_SPLINE_CURVE_WITH_KNOTS('',3,(#1590,#1591,#1592,#1593),
 .UNSPECIFIED.,.F.,.F.,(4,4),(0.,1.),.UNSPECIFIED.);
#382=B_SPLINE_CURVE_WITH_KNOTS('',3,(#1595,#1596,#1597,#1598,#1599,#1600,
#1601,#1602,#1603,#1604,#1605,#1606,#1607,#1608,#1609,#1610,#1611,#1612,
#1613,#1614,#1615,#1616,#1617,#1618,#1619,#1620,#1621,#1622,#1623,#1624,
#1625,#1626,#1627,#1628,#1629,#1630,#1631,#1632,#1633,#1634,#1635,#1636,
#1637,#1638,#1639,#1640,#1641,#1642,#1643,#1644,#1645,#1646,#1647,#1648,
#1649,#1650,#1651,#1652,#1653,#1654,#1655,#1656,#1657,#1658,#1659,#1660,
#1661,#1662,#1663,#1664,#1665,#1666,#1667,#1668,#1669,#1670,#1671,#1672,
#1673,#1674,#1675,#1676,#1677,#1678,#1679,#1680,#1681,#1682,#1683,#1684,
#1685,#1686,#1687,#1688,#1689,#1690,#1691,#1692,#1693,#1694,#1695,#1696,
#1697,#1698,#1699,#1700,#1701,#1702,#1703,#1704,#1705,#1706,#1707,#1708,
#1709,#1710,#1711,#1712,#1713,#1714,#1715,#1716,#1717,#1718,#1719,#1720,
#1721),.UNSPECIFIED.,.F.,.F.,(4,3,3,3,3,3,3,3,3,3,3,3,3,3,3,3,3,3,3,3,3,
3,3,3,3,3,3,3,3,3,3,3,3,3,3,3,3,3,3,3,3,3,4),(2.57777832786697,3.01742855607488,
3.07314459985933,3.14258511856642,3.22366406468341,3.30431339100996,3.42190827438067,
3.67519592749739,3.92392586048549,4.17395999088729,4.4225719436621,4.66878735002276,
4.91778627686221,4.98159322130747,5.08863105531413,5.18207837963693,5.23328648381683,
5.27511406211021,5.36798217898403,5.55388597833112,5.92569357702531,6.6693087744137,
7.21542825151193,7.26631663047411,7.32260900479118,7.37042013507471,7.45218087402435,
7.58175274325753,7.84089648172388,8.35939994348604,8.86640400423963,9.37380908466186,
9.876784491713,10.3721109341722,10.8732475377888,11.2860199924731,11.3785045870232,
11.4033136974193,11.4437097605154,11.5384871851963,11.6984697833694,12.0184349797155,
12.6583653724077),.UNSPECIFIED.);
#383=B_SPLINE_CURVE_WITH_KNOTS('',3,(#1723,#1724,#1725,#1726),
 .UNSPECIFIED.,.F.,.F.,(4,4),(0.,1.),.UNSPECIFIED.);
#384=B_SPLINE_CURVE_WITH_KNOTS('',3,(#1732,#1733,#1734,#1735,#1736,#1737),
 .UNSPECIFIED.,.F.,.F.,(4,2,4),(0.,0.162516111187442,0.323501400867542),
 .UNSPECIFIED.);
#385=B_SPLINE_CURVE_WITH_KNOTS('',3,(#1741,#1742,#1743,#1744,#1745,#1746),
 .UNSPECIFIED.,.F.,.F.,(4,2,4),(0.,0.110094401032462,0.220116313673002),
 .UNSPECIFIED.);
#386=B_SPLINE_CURVE_WITH_KNOTS('',3,(#1750,#1751,#1752,#1753,#1754,#1755,
#1756,#1757,#1758,#1759),.UNSPECIFIED.,.F.,.F.,(4,3,3,4),(0.609495850839803,
0.62419223031908,0.686826858630736,0.702234974395057),.UNSPECIFIED.);
#387=B_SPLINE_CURVE_WITH_KNOTS('',3,(#1767,#1768,#1769,#1770,#1771,#1772,
#1773,#1774,#1775,#1776),.UNSPECIFIED.,.F.,.F.,(4,3,3,4),(0.415395240880033,
0.436557601960817,0.498922973695769,0.544454638481593),.UNSPECIFIED.);
#388=B_SPLINE_CURVE_WITH_KNOTS('',3,(#1778,#1779,#1780,#1781,#1782,#1783,
#1784),.UNSPECIFIED.,.F.,.F.,(4,3,4),(0.349074430455209,0.374192230225866,
0.415395240880033),.UNSPECIFIED.);
#389=B_SPLINE_CURVE_WITH_KNOTS('',3,(#1788,#1789,#1790,#1791,#1792,#1793,
#1794,#1795),.UNSPECIFIED.,.F.,.F.,(4,2,2,4),(0.,0.155915092689419,0.212552593458591,
0.314744867225913),.UNSPECIFIED.);
#390=B_SPLINE_CURVE_WITH_KNOTS('',3,(#1799,#1800,#1801,#1802,#1803,#1804),
 .UNSPECIFIED.,.F.,.F.,(4,2,4),(0.,0.143224177911048,0.288242815201022),
 .UNSPECIFIED.);
#391=B_SPLINE_CURVE_WITH_KNOTS('',3,(#1812,#1813,#1814,#1815,#1816,#1817,
#1818,#1819,#1820,#1821,#1822,#1823,#1824,#1825,#1826,#1827,#1828,#1829,
#1830),.UNSPECIFIED.,.F.,.F.,(4,3,3,3,3,3,4),(0.608925311101844,0.625000000045881,
0.687500000069126,0.750000000092371,0.812500000115616,0.87500000013886,
1.),.UNSPECIFIED.);
#392=B_SPLINE_CURVE_WITH_KNOTS('',3,(#1834,#1835,#1836,#1837,#1838,#1839,
#1840),.UNSPECIFIED.,.F.,.F.,(4,3,4),(0.454309534883956,0.49999999999939,
0.545690465417074),.UNSPECIFIED.);
#393=B_SPLINE_CURVE_WITH_KNOTS('',3,(#1846,#1847,#1848,#1849,#1850,#1851,
#1852,#1853,#1854,#1855,#1856,#1857,#1858,#1859,#1860,#1861,#1862,#1863,
#1864),.UNSPECIFIED.,.F.,.F.,(4,3,3,3,3,3,4),(0.,0.12499999985992,0.187499999883165,
0.24999999990641,0.312499999929655,0.374999999952901,0.389843887636339),
 .UNSPECIFIED.);
#394=B_SPLINE_CURVE_WITH_KNOTS('',3,(#1908,#1909,#1910,#1911),
 .UNSPECIFIED.,.F.,.F.,(4,4),(-0.745339663816672,-0.220401197863336),
 .UNSPECIFIED.);
#395=B_SPLINE_CURVE_WITH_KNOTS('',3,(#1913,#1914,#1915,#1916,#1917,#1918,
#1919,#1920,#1921,#1922,#1923,#1924,#1925,#1926,#1927,#1928,#1929,#1930,
#1931,#1932,#1933,#1934,#1935,#1936,#1937),.UNSPECIFIED.,.F.,.F.,(4,3,3,
3,3,3,3,3,4),(4.99195479248918,5.99393788661427,6.2401887749875,7.13877610467544,
7.47096771409542,8.26799762555786,8.68848050879393,9.60247662194977,9.86397931467869),
 .UNSPECIFIED.);
#396=B_SPLINE_CURVE_WITH_KNOTS('',3,(#1939,#1940,#1941,#1942),
 .UNSPECIFIED.,.F.,.F.,(4,4),(-0.769433344403834,-0.205349059104937),
 .UNSPECIFIED.);
#397=B_SPLINE_CURVE_WITH_KNOTS('',3,(#1943,#1944,#1945,#1946,#1947,#1948,
#1949,#1950,#1951,#1952),.UNSPECIFIED.,.F.,.F.,(4,2,2,2,4),(0.00230659263553619,
3.07612493144693,4.10645672015378,4.69212888196631,4.69219631389368),
 .UNSPECIFIED.);
#398=B_SPLINE_CURVE_WITH_KNOTS('',3,(#2012,#2013,#2014,#2015,#2016,#2017,
#2018,#2019,#2020,#2021,#2022,#2023,#2024,#2025,#2026,#2027,#2028,#2029,
#2030),.UNSPECIFIED.,.F.,.F.,(4,3,3,3,3,3,4),(-1.,-0.75,-0.625,-0.5,-0.375,
-0.25,0.),.UNSPECIFIED.);
#399=B_SPLINE_CURVE_WITH_KNOTS('',3,(#2032,#2033,#2034,#2035,#2036,#2037,
#2038,#2039,#2040,#2041,#2042,#2043,#2044,#2045,#2046,#2047,#2048,#2049,
#2050,#2051,#2052,#2053,#2054,#2055,#2056,#2057,#2058,#2059,#2060,#2061,
#2062,#2063,#2064,#2065,#2066,#2067,#2068,#2069,#2070,#2071,#2072,#2073,
#2074,#2075,#2076,#2077,#2078,#2079,#2080,#2081,#2082,#2083,#2084,#2085,
#2086,#2087,#2088,#2089,#2090,#2091,#2092,#2093,#2094,#2095,#2096,#2097,
#2098,#2099,#2100,#2101,#2102,#2103,#2104,#2105,#2106,#2107,#2108,#2109,
#2110,#2111,#2112,#2113,#2114,#2115,#2116,#2117,#2118,#2119,#2120,#2121,
#2122,#2123,#2124,#2125,#2126,#2127,#2128,#2129,#2130,#2131,#2132,#2133,
#2134,#2135,#2136,#2137,#2138,#2139,#2140,#2141,#2142,#2143,#2144,#2145,
#2146,#2147,#2148,#2149,#2150,#2151,#2152,#2153,#2154,#2155,#2156,#2157,
#2158,#2159,#2160,#2161,#2162,#2163,#2164,#2165,#2166,#2167,#2168,#2169,
#2170,#2171,#2172,#2173,#2174,#2175,#2176,#2177,#2178,#2179,#2180,#2181,
#2182,#2183,#2184,#2185,#2186,#2187,#2188,#2189,#2190,#2191,#2192,#2193,
#2194,#2195,#2196,#2197,#2198,#2199,#2200,#2201,#2202,#2203,#2204,#2205,
#2206,#2207,#2208,#2209,#2210,#2211,#2212,#2213,#2214,#2215,#2216,#2217,
#2218,#2219,#2220,#2221,#2222,#2223,#2224,#2225,#2226,#2227,#2228,#2229,
#2230,#2231,#2232,#2233,#2234,#2235,#2236,#2237,#2238,#2239,#2240,#2241,
#2242,#2243,#2244,#2245,#2246,#2247,#2248,#2249,#2250,#2251,#2252,#2253,
#2254,#2255,#2256,#2257,#2258,#2259,#2260,#2261,#2262,#2263,#2264,#2265,
#2266,#2267,#2268,#2269,#2270,#2271,#2272,#2273,#2274,#2275,#2276,#2277,
#2278),.UNSPECIFIED.,.F.,.F.,(4,3,3,3,3,3,3,3,3,3,3,3,3,3,3,3,3,3,3,3,3,
3,3,3,3,3,3,3,3,3,3,3,3,3,3,3,3,3,3,3,3,3,3,3,3,3,3,3,3,3,3,3,3,3,3,3,3,
3,3,3,3,3,3,3,3,3,3,3,3,3,3,3,3,3,3,3,3,3,3,3,3,3,4),(-1.,-0.998046875,
-0.99609375,-0.9951171875,-0.994140625,-0.99365234375,-0.993408203125,-0.9931640625,
-0.99267578125,-0.9921875,-0.990234375,-0.98828125,-0.984375,-0.9765625,
-0.96875,-0.953125,-0.9375,-0.90625,-0.875,-0.84375,-0.8125,-0.796875,-0.78125,
-0.765625,-0.7578125,-0.75,-0.71875,-0.6875,-0.671875,-0.6640625,-0.65625,
-0.6484375,-0.640625,-0.625,-0.59375,-0.578125,-0.5625,-0.546875,-0.53125,
-0.515625,-0.5,-0.484375,-0.46875,-0.453125,-0.4453125,-0.4375,-0.421875,
-0.40625,-0.375,-0.359375,-0.34375,-0.3359375,-0.328125,-0.3125,-0.296875,
-0.28125,-0.265625,-0.25,-0.2421875,-0.234375,-0.2265625,-0.21875,-0.1875,
-0.15625,-0.125,-0.0937500000000001,-0.0625,-0.046875,-0.0312499999999999,
-0.0234374999999999,-0.015625,-0.0117187499999999,-0.009765625,-0.00781250000000006,
-0.00732421875000011,-0.00683593750000001,-0.00659179687499989,-0.00634765624999992,
-0.00585937499999997,-0.00488281250000007,-0.00390625000000003,-0.00195312500000009,
0.),.UNSPECIFIED.);
#400=B_SPLINE_CURVE_WITH_KNOTS('',3,(#2280,#2281,#2282,#2283,#2284,#2285,
#2286,#2287,#2288,#2289,#2290,#2291,#2292,#2293,#2294,#2295,#2296,#2297,
#2298),.UNSPECIFIED.,.F.,.F.,(4,3,3,3,3,3,4),(-1.,-0.75,-0.625,-0.5,-0.375,
-0.25,0.),.UNSPECIFIED.);
#401=B_SPLINE_CURVE_WITH_KNOTS('',3,(#2299,#2300,#2301,#2302,#2303,#2304,
#2305,#2306,#2307,#2308,#2309,#2310,#2311,#2312,#2313,#2314,#2315,#2316,
#2317,#2318,#2319,#2320,#2321,#2322,#2323,#2324,#2325,#2326,#2327,#2328,
#2329,#2330,#2331,#2332,#2333,#2334,#2335,#2336,#2337,#2338,#2339,#2340,
#2341,#2342,#2343,#2344,#2345,#2346,#2347,#2348,#2349,#2350,#2351,#2352,
#2353,#2354,#2355,#2356,#2357,#2358,#2359,#2360,#2361,#2362,#2363,#2364,
#2365,#2366,#2367,#2368,#2369,#2370,#2371,#2372,#2373,#2374,#2375,#2376,
#2377,#2378,#2379,#2380,#2381,#2382,#2383,#2384,#2385,#2386,#2387,#2388,
#2389,#2390,#2391,#2392,#2393,#2394,#2395,#2396,#2397,#2398,#2399,#2400,
#2401,#2402,#2403,#2404,#2405,#2406,#2407,#2408,#2409,#2410,#2411,#2412,
#2413,#2414,#2415,#2416,#2417,#2418,#2419,#2420,#2421,#2422,#2423,#2424,
#2425,#2426,#2427,#2428,#2429,#2430,#2431,#2432,#2433,#2434,#2435,#2436,
#2437,#2438,#2439,#2440,#2441,#2442,#2443,#2444,#2445,#2446,#2447,#2448,
#2449,#2450,#2451,#2452,#2453,#2454,#2455,#2456,#2457,#2458,#2459,#2460,
#2461,#2462,#2463,#2464,#2465,#2466,#2467,#2468,#2469,#2470,#2471,#2472,
#2473,#2474,#2475,#2476,#2477,#2478,#2479,#2480,#2481,#2482,#2483,#2484,
#2485,#2486,#2487,#2488,#2489,#2490,#2491,#2492,#2493,#2494,#2495,#2496,
#2497,#2498,#2499,#2500,#2501,#2502,#2503,#2504,#2505,#2506,#2507,#2508,
#2509,#2510,#2511,#2512,#2513,#2514,#2515,#2516,#2517,#2518,#2519,#2520,
#2521,#2522,#2523,#2524,#2525,#2526,#2527,#2528,#2529,#2530,#2531,#2532,
#2533,#2534,#2535,#2536,#2537,#2538,#2539,#2540,#2541,#2542,#2543,#2544,
#2545,#2546,#2547,#2548),.UNSPECIFIED.,.F.,.F.,(4,3,3,3,3,3,3,3,3,3,3,3,
3,3,3,3,3,3,3,3,3,3,3,3,3,3,3,3,3,3,3,3,3,3,3,3,3,3,3,3,3,3,3,3,3,3,3,3,
3,3,3,3,3,3,3,3,3,3,3,3,3,3,3,3,3,3,3,3,3,3,3,3,3,3,3,3,3,3,3,3,3,3,3,4),
(-1.,-0.998046875,-0.99609375,-0.9951171875,-0.994140625,-0.99365234375,
-0.993408203125,-0.9931640625,-0.99267578125,-0.9921875,-0.990234375,-0.98828125,
-0.984375,-0.9765625,-0.96875,-0.953125,-0.9375,-0.90625,-0.875,-0.84375,
-0.8125,-0.796875,-0.78125,-0.765625,-0.7578125,-0.75,-0.71875,-0.6875,
-0.671875,-0.6640625,-0.65625,-0.6484375,-0.640625,-0.625,-0.59375,-0.578125,
-0.5625,-0.546875,-0.53125,-0.515625,-0.5,-0.484375,-0.46875,-0.453125,
-0.4453125,-0.4375,-0.421875,-0.40625,-0.375,-0.359375,-0.34375,-0.3359375,
-0.328125,-0.3125,-0.296875,-0.28125,-0.265625,-0.25,-0.2421875,-0.234375,
-0.2265625,-0.21875,-0.1875,-0.15625,-0.125,-0.0937499999999999,-0.0624999999999999,
-0.0468749999999999,-0.03125,-0.0234375,-0.015625,-0.0117187499999999,-0.00976562500000002,
-0.00781249999999999,-0.00732421874999987,-0.0068359374999999,-0.00659179687499991,
-0.00634765624999993,-0.00610351562499994,-0.00585937499999995,-0.00488281250000001,
-0.00390625000000007,-0.00195312500000003,0.),.UNSPECIFIED.);
#402=B_SPLINE_CURVE_WITH_KNOTS('',3,(#2549,#2550,#2551,#2552),
 .UNSPECIFIED.,.F.,.F.,(4,4),(12.6583653724077,13.3706500001532),
 .UNSPECIFIED.);
#403=B_SPLINE_CURVE_WITH_KNOTS('',3,(#2898,#2899,#2900,#2901,#2902,#2903,
#2904,#2905),.UNSPECIFIED.,.F.,.F.,(4,2,2,4),(4.69219631389368,5.29215642142057,
6.37634883963494,9.61048103128671),.UNSPECIFIED.);
#404=B_SPLINE_CURVE_WITH_KNOTS('',3,(#2907,#2908,#2909,#2910,#2911,#2912,
#2913,#2914,#2915,#2916,#2917,#2918,#2919,#2920,#2921,#2922,#2923,#2924,
#2925,#2926,#2927,#2928,#2929,#2930,#2931,#2932,#2933,#2934,#2935,#2936,
#2937,#2938,#2939,#2940,#2941,#2942,#2943,#2944,#2945,#2946,#2947,#2948,
#2949,#2950,#2951,#2952,#2953,#2954,#2955,#2956,#2957,#2958),
 .UNSPECIFIED.,.F.,.F.,(4,2,2,2,2,2,2,2,2,2,2,2,2,2,2,2,2,2,2,2,2,2,2,2,
2,4),(0.,0.150834353170745,0.274116889753288,0.355372064824221,0.401558878294288,
0.454140943704334,0.514066108965576,0.58223855908429,0.659815531095832,
0.865954914918267,0.919252162757349,1.13217213469082,1.34241589531384,1.44804985719707,
1.55328938524789,1.65831538965172,1.76267023617623,1.86729918301353,2.07785527132539,
2.5317394848628,3.0665180452804,3.1610732732258,3.24407120858314,3.31682711725227,
3.44469309923546,3.98266209917866),.UNSPECIFIED.);
#405=B_SPLINE_CURVE_WITH_KNOTS('',3,(#2960,#2961,#2962,#2963,#2964,#2965,
#2966,#2967,#2968,#2969,#2970,#2971,#2972,#2973),.UNSPECIFIED.,.F.,.F.,
(4,2,2,2,2,2,4),(0.,3.07692472454532,4.1066976706333,4.69205983923378,5.29275709800164,
6.38042901758426,9.62773694913662),.UNSPECIFIED.);
#406=B_SPLINE_CURVE_WITH_KNOTS('',3,(#2975,#2976,#2977,#2978,#2979,#2980,
#2981,#2982,#2983,#2984,#2985,#2986,#2987,#2988,#2989,#2990,#2991,#2992,
#2993,#2994,#2995,#2996,#2997,#2998,#2999,#3000,#3001,#3002,#3003,#3004,
#3005,#3006,#3007,#3008,#3009,#3010,#3011,#3012,#3013,#3014,#3015,#3016,
#3017,#3018,#3019,#3020,#3021,#3022,#3023,#3024,#3025,#3026,#3027,#3028,
#3029,#3030,#3031,#3032,#3033,#3034,#3035,#3036,#3037,#3038,#3039,#3040,
#3041,#3042,#3043,#3044,#3045,#3046,#3047,#3048,#3049,#3050,#3051,#3052,
#3053,#3054,#3055,#3056,#3057,#3058,#3059,#3060,#3061,#3062,#3063,#3064,
#3065,#3066,#3067,#3068,#3069,#3070,#3071,#3072,#3073,#3074,#3075,#3076,
#3077,#3078,#3079,#3080,#3081,#3082,#3083,#3084,#3085,#3086,#3087,#3088,
#3089,#3090,#3091,#3092,#3093,#3094,#3095,#3096,#3097,#3098,#3099,#3100,
#3101,#3102,#3103,#3104,#3105,#3106,#3107,#3108,#3109,#3110,#3111,#3112,
#3113,#3114,#3115,#3116,#3117,#3118,#3119,#3120,#3121,#3122,#3123,#3124,
#3125,#3126,#3127,#3128,#3129,#3130,#3131,#3132,#3133,#3134,#3135,#3136,
#3137,#3138,#3139,#3140,#3141,#3142,#3143,#3144,#3145,#3146,#3147,#3148,
#3149,#3150,#3151,#3152,#3153,#3154,#3155,#3156,#3157,#3158,#3159,#3160,
#3161,#3162,#3163,#3164,#3165,#3166,#3167,#3168,#3169,#3170,#3171,#3172,
#3173,#3174,#3175,#3176,#3177,#3178,#3179,#3180,#3181,#3182,#3183,#3184,
#3185,#3186,#3187,#3188,#3189,#3190,#3191,#3192,#3193,#3194,#3195,#3196,
#3197,#3198,#3199,#3200,#3201,#3202,#3203,#3204,#3205,#3206,#3207,#3208,
#3209,#3210,#3211,#3212,#3213,#3214,#3215,#3216,#3217,#3218,#3219,#3220,
#3221,#3222,#3223,#3224,#3225,#3226,#3227),.UNSPECIFIED.,.F.,.F.,(4,3,3,
3,3,3,3,3,3,3,3,3,3,3,3,3,3,3,3,3,3,3,3,3,3,3,3,3,3,3,3,3,3,3,3,3,3,3,3,
3,3,3,3,3,3,3,3,3,3,3,3,3,3,3,3,3,3,3,3,3,3,3,3,3,3,3,3,3,3,3,3,3,3,3,3,
3,3,3,3,3,3,3,3,3,4),(-1.,-0.998046875,-0.99609375,-0.9951171875,-0.994140625,
-0.993896484375,-0.99365234375,-0.993408203125,-0.9931640625,-0.99267578125,
-0.9921875,-0.990234375,-0.98828125,-0.984375,-0.9765625,-0.96875,-0.953125,
-0.9375,-0.90625,-0.875,-0.84375,-0.8125,-0.78125,-0.7734375,-0.765625,
-0.7578125,-0.75,-0.734375,-0.71875,-0.703125,-0.6875,-0.671875,-0.6640625,
-0.65625,-0.640625,-0.625,-0.59375,-0.578125,-0.5625,-0.5546875,-0.546875,
-0.53125,-0.515625,-0.5,-0.484375,-0.46875,-0.453125,-0.4375,-0.421875,
-0.40625,-0.375,-0.359375,-0.3515625,-0.34375,-0.3359375,-0.328125,-0.3125,
-0.28125,-0.25,-0.2421875,-0.234375,-0.21875,-0.203125,-0.1875,-0.15625,
-0.125,-0.09375,-0.0625,-0.046875,-0.03125,-0.0234375,-0.015625,-0.01171875,
-0.009765625,-0.0078125,-0.00732421875,-0.0068359375,-0.006591796875,-0.0064697265625,
-0.00634765625,-0.005859375,-0.0048828125,-0.00390625,-0.001953125,-3.717522685437E-16),
 .UNSPECIFIED.);
#407=B_SPLINE_CURVE_WITH_KNOTS('',3,(#3228,#3229,#3230,#3231),
 .UNSPECIFIED.,.F.,.F.,(4,4),(0.,0.00230659263553619),.UNSPECIFIED.);
#408=B_SPLINE_CURVE_WITH_KNOTS('',3,(#3233,#3234,#3235,#3236,#3237,#3238,
#3239,#3240,#3241,#3242,#3243,#3244,#3245,#3246,#3247,#3248,#3249,#3250,
#3251,#3252,#3253,#3254,#3255,#3256,#3257,#3258,#3259,#3260,#3261,#3262,
#3263,#3264,#3265,#3266,#3267,#3268,#3269,#3270,#3271,#3272,#3273,#3274,
#3275,#3276,#3277,#3278,#3279,#3280,#3281,#3282,#3283,#3284,#3285,#3286,
#3287,#3288,#3289,#3290,#3291,#3292,#3293,#3294,#3295,#3296,#3297,#3298,
#3299,#3300,#3301,#3302,#3303,#3304,#3305,#3306,#3307,#3308,#3309,#3310,
#3311,#3312,#3313,#3314,#3315,#3316,#3317,#3318,#3319,#3320,#3321,#3322,
#3323,#3324,#3325,#3326,#3327,#3328,#3329,#3330,#3331,#3332,#3333,#3334,
#3335,#3336,#3337,#3338,#3339,#3340,#3341,#3342,#3343,#3344,#3345,#3346,
#3347,#3348,#3349,#3350,#3351,#3352,#3353,#3354,#3355,#3356,#3357,#3358,
#3359,#3360,#3361,#3362,#3363,#3364,#3365,#3366,#3367,#3368,#3369,#3370,
#3371),.UNSPECIFIED.,.F.,.F.,(4,3,3,3,3,3,3,3,3,3,3,3,3,3,3,3,3,3,3,3,3,
3,3,3,3,3,3,3,3,3,3,3,3,3,3,3,3,3,3,3,3,3,3,3,3,3,4),(9.99999997840653E-7,
0.0348257312639093,0.434373502157513,0.671552183569493,0.955806323775227,
1.23924423006005,1.52285815656585,1.80675823503857,2.08883436765798,2.36931585171343,
2.64895762367356,2.93093122948164,3.21293474153331,3.49536144426976,3.77086239521479,
4.02800969103463,4.21914688452105,4.59502195940951,4.98600539728338,5.60568273919862,
6.61900929817656,7.62228910054981,8.63857457630052,9.75758432412891,10.9019432753795,
11.9524805428463,12.4209009075436,12.7494192032781,12.889321272241,13.1060321455014,
13.2476914068178,13.2698525108623,13.4012794511213,13.5220827115194,13.644181417229,
13.688361743988,13.754845977101,13.8154967106394,13.8726439341563,13.9298582190041,
13.9871244797192,14.0445115057601,14.1005632189383,14.1528115808162,14.2315118722552,
14.2496537029937,14.254510980916),.UNSPECIFIED.);
#409=B_SPLINE_CURVE_WITH_KNOTS('',3,(#3372,#3373,#3374,#3375,#3376,#3377),
 .UNSPECIFIED.,.F.,.F.,(4,2,4),(1.00003766275701E-6,4.99186873988311,4.99195479248918),
 .UNSPECIFIED.);
#410=VERTEX_POINT('',#1588);
#411=VERTEX_POINT('',#1589);
#412=VERTEX_POINT('',#1594);
#413=VERTEX_POINT('',#1722);
#414=VERTEX_POINT('',#1727);
#415=VERTEX_POINT('',#1729);
#416=VERTEX_POINT('',#1731);
#417=VERTEX_POINT('',#1738);
#418=VERTEX_POINT('',#1740);
#419=VERTEX_POINT('',#1747);
#420=VERTEX_POINT('',#1749);
#421=VERTEX_POINT('',#1760);
#422=VERTEX_POINT('',#1762);
#423=VERTEX_POINT('',#1764);
#424=VERTEX_POINT('',#1766);
#425=VERTEX_POINT('',#1777);
#426=VERTEX_POINT('',#1785);
#427=VERTEX_POINT('',#1787);
#428=VERTEX_POINT('',#1796);
#429=VERTEX_POINT('',#1798);
#430=VERTEX_POINT('',#1805);
#431=VERTEX_POINT('',#1807);
#432=VERTEX_POINT('',#1809);
#433=VERTEX_POINT('',#1811);
#434=VERTEX_POINT('',#1831);
#435=VERTEX_POINT('',#1833);
#436=VERTEX_POINT('',#1841);
#437=VERTEX_POINT('',#1843);
#438=VERTEX_POINT('',#1845);
#439=VERTEX_POINT('',#1906);
#440=VERTEX_POINT('',#1907);
#441=VERTEX_POINT('',#1912);
#442=VERTEX_POINT('',#1938);
#443=VERTEX_POINT('',#1954);
#444=VERTEX_POINT('',#1955);
#445=VERTEX_POINT('',#1957);
#446=VERTEX_POINT('',#1959);
#447=VERTEX_POINT('',#1963);
#448=VERTEX_POINT('',#1964);
#449=VERTEX_POINT('',#1966);
#450=VERTEX_POINT('',#1968);
#451=VERTEX_POINT('',#1970);
#452=VERTEX_POINT('',#1972);
#453=VERTEX_POINT('',#1974);
#454=VERTEX_POINT('',#1976);
#455=VERTEX_POINT('',#1980);
#456=VERTEX_POINT('',#1981);
#457=VERTEX_POINT('',#1983);
#458=VERTEX_POINT('',#1985);
#459=VERTEX_POINT('',#1989);
#460=VERTEX_POINT('',#1991);
#461=VERTEX_POINT('',#1993);
#462=VERTEX_POINT('',#1998);
#463=VERTEX_POINT('',#2002);
#464=VERTEX_POINT('',#2004);
#465=VERTEX_POINT('',#2006);
#466=VERTEX_POINT('',#2010);
#467=VERTEX_POINT('',#2011);
#468=VERTEX_POINT('',#2031);
#469=VERTEX_POINT('',#2279);
#470=VERTEX_POINT('',#2897);
#471=VERTEX_POINT('',#2906);
#472=VERTEX_POINT('',#2959);
#473=VERTEX_POINT('',#2974);
#474=VERTEX_POINT('',#3232);
#475=VERTEX_POINT('',#3379);
#476=VERTEX_POINT('',#3380);
#477=VERTEX_POINT('',#3382);
#478=VERTEX_POINT('',#3384);
#479=VERTEX_POINT('',#3388);
#480=VERTEX_POINT('',#3391);
#481=VERTEX_POINT('',#3399);
#482=VERTEX_POINT('',#3401);
#483=VERTEX_POINT('',#3614);
#484=VERTEX_POINT('',#3615);
#485=VERTEX_POINT('',#3620);
#486=VERTEX_POINT('',#3621);
#487=VERTEX_POINT('',#4372);
#488=VERTEX_POINT('',#4376);
#489=VERTEX_POINT('',#4380);
#490=VERTEX_POINT('',#4382);
#491=VERTEX_POINT('',#4393);
#492=VERTEX_POINT('',#4395);
#493=VERTEX_POINT('',#4397);
#494=VERTEX_POINT('',#4399);
#495=VERTEX_POINT('',#4401);
#496=VERTEX_POINT('',#4403);
#497=VERTEX_POINT('',#4405);
#498=VERTEX_POINT('',#4407);
#499=VERTEX_POINT('',#4413);
#500=VERTEX_POINT('',#4414);
#501=VERTEX_POINT('',#4420);
#502=VERTEX_POINT('',#4421);
#503=VERTEX_POINT('',#4427);
#504=VERTEX_POINT('',#4428);
#505=VERTEX_POINT('',#4434);
#506=VERTEX_POINT('',#4435);
#507=VERTEX_POINT('',#4441);
#508=VERTEX_POINT('',#4442);
#509=VERTEX_POINT('',#4448);
#510=VERTEX_POINT('',#4449);
#511=VERTEX_POINT('',#4455);
#512=VERTEX_POINT('',#4456);
#513=VERTEX_POINT('',#4462);
#514=VERTEX_POINT('',#4463);
#515=EDGE_CURVE('',#410,#411,#381,.T.);
#516=EDGE_CURVE('',#410,#412,#382,.F.);
#517=EDGE_CURVE('',#412,#413,#383,.T.);
#518=EDGE_CURVE('',#414,#413,#229,.T.);
#519=EDGE_CURVE('',#415,#414,#223,.T.);
#520=EDGE_CURVE('',#416,#415,#384,.T.);
#521=EDGE_CURVE('',#417,#416,#224,.T.);
#522=EDGE_CURVE('',#418,#417,#385,.T.);
#523=EDGE_CURVE('',#419,#418,#186,.T.);
#524=EDGE_CURVE('',#420,#419,#386,.T.);
#525=EDGE_CURVE('',#421,#420,#187,.T.);
#526=EDGE_CURVE('',#422,#421,#188,.T.);
#527=EDGE_CURVE('',#423,#422,#230,.T.);
#528=EDGE_CURVE('',#424,#423,#387,.T.);
#529=EDGE_CURVE('',#425,#424,#388,.T.);
#530=EDGE_CURVE('',#426,#425,#225,.T.);
#531=EDGE_CURVE('',#427,#426,#389,.T.);
#532=EDGE_CURVE('',#428,#427,#226,.T.);
#533=EDGE_CURVE('',#429,#428,#390,.T.);
#534=EDGE_CURVE('',#430,#429,#227,.T.);
#535=EDGE_CURVE('',#431,#430,#231,.T.);
#536=EDGE_CURVE('',#432,#431,#232,.T.);
#537=EDGE_CURVE('',#433,#432,#391,.T.);
#538=EDGE_CURVE('',#434,#433,#228,.F.);
#539=EDGE_CURVE('',#435,#434,#392,.T.);
#540=EDGE_CURVE('',#436,#435,#189,.T.);
#541=EDGE_CURVE('',#437,#436,#190,.T.);
#542=EDGE_CURVE('',#438,#437,#393,.T.);
#543=EDGE_CURVE('',#411,#438,#233,.T.);
#544=EDGE_CURVE('',#439,#440,#394,.T.);
#545=EDGE_CURVE('',#439,#441,#395,.T.);
#546=EDGE_CURVE('',#441,#442,#396,.T.);
#547=EDGE_CURVE('',#442,#440,#397,.T.);
#548=EDGE_CURVE('',#443,#444,#234,.T.);
#549=EDGE_CURVE('',#444,#445,#235,.F.);
#550=EDGE_CURVE('',#445,#446,#236,.T.);
#551=EDGE_CURVE('',#443,#446,#237,.T.);
#552=EDGE_CURVE('',#447,#448,#238,.T.);
#553=EDGE_CURVE('',#448,#449,#239,.T.);
#554=EDGE_CURVE('',#449,#450,#240,.T.);
#555=EDGE_CURVE('',#451,#450,#241,.T.);
#556=EDGE_CURVE('',#452,#451,#191,.T.);
#557=EDGE_CURVE('',#453,#452,#242,.T.);
#558=EDGE_CURVE('',#454,#453,#192,.T.);
#559=EDGE_CURVE('',#447,#454,#243,.T.);
#560=EDGE_CURVE('',#455,#456,#244,.T.);
#561=EDGE_CURVE('',#455,#457,#193,.T.);
#562=EDGE_CURVE('',#458,#457,#245,.T.);
#563=EDGE_CURVE('',#456,#458,#194,.T.);
#564=EDGE_CURVE('',#447,#459,#246,.T.);
#565=EDGE_CURVE('',#460,#454,#247,.T.);
#566=EDGE_CURVE('',#460,#461,#248,.T.);
#567=EDGE_CURVE('',#461,#413,#249,.T.);
#568=EDGE_CURVE('',#459,#413,#250,.T.);
#569=EDGE_CURVE('',#461,#462,#251,.T.);
#570=EDGE_CURVE('',#414,#462,#252,.T.);
#571=EDGE_CURVE('',#460,#463,#195,.F.);
#572=EDGE_CURVE('',#463,#464,#253,.T.);
#573=EDGE_CURVE('',#464,#465,#196,.F.);
#574=EDGE_CURVE('',#465,#462,#254,.T.);
#575=EDGE_CURVE('',#466,#467,#398,.T.);
#576=EDGE_CURVE('',#467,#468,#399,.T.);
#577=EDGE_CURVE('',#468,#469,#400,.T.);
#578=EDGE_CURVE('',#469,#466,#401,.T.);
#579=EDGE_CURVE('',#412,#410,#402,.F.);
#580=EDGE_CURVE('',#440,#470,#403,.T.);
#581=EDGE_CURVE('',#470,#471,#404,.T.);
#582=EDGE_CURVE('',#471,#472,#405,.T.);
#583=EDGE_CURVE('',#472,#473,#406,.T.);
#584=EDGE_CURVE('',#473,#442,#407,.T.);
#585=EDGE_CURVE('',#441,#474,#408,.T.);
#586=EDGE_CURVE('',#474,#439,#409,.T.);
#587=EDGE_CURVE('',#475,#476,#197,.F.);
#588=EDGE_CURVE('',#476,#477,#255,.T.);
#589=EDGE_CURVE('',#477,#478,#198,.F.);
#590=EDGE_CURVE('',#478,#475,#256,.T.);
#591=EDGE_CURVE('',#479,#451,#257,.T.);
#592=EDGE_CURVE('',#450,#445,#199,.T.);
#593=EDGE_CURVE('',#480,#444,#258,.F.);
#594=EDGE_CURVE('',#479,#480,#200,.T.);
#595=EDGE_CURVE('',#455,#443,#259,.T.);
#596=EDGE_CURVE('',#446,#449,#201,.T.);
#597=EDGE_CURVE('',#457,#448,#260,.T.);
#598=EDGE_CURVE('',#481,#480,#261,.T.);
#599=EDGE_CURVE('',#482,#481,#202,.T.);
#600=EDGE_CURVE('',#482,#479,#262,.T.);
#601=EDGE_CURVE('',#413,#411,#263,.T.);
#602=EDGE_CURVE('',#483,#484,#203,.T.);
#603=EDGE_CURVE('',#482,#483,#264,.T.);
#604=EDGE_CURVE('',#481,#484,#265,.T.);
#605=EDGE_CURVE('',#485,#486,#204,.T.);
#606=EDGE_CURVE('',#456,#485,#266,.T.);
#607=EDGE_CURVE('',#458,#486,#267,.T.);
#608=EDGE_CURVE('',#473,#469,#268,.T.);
#609=EDGE_CURVE('',#466,#472,#269,.T.);
#610=EDGE_CURVE('',#467,#471,#270,.T.);
#611=EDGE_CURVE('',#470,#468,#271,.T.);
#612=EDGE_CURVE('',#475,#449,#272,.T.);
#613=EDGE_CURVE('',#450,#478,#273,.T.);
#614=EDGE_CURVE('',#445,#477,#274,.T.);
#615=EDGE_CURVE('',#476,#446,#275,.T.);
#616=EDGE_CURVE('',#463,#453,#276,.T.);
#617=EDGE_CURVE('',#464,#452,#277,.T.);
#618=EDGE_CURVE('',#465,#451,#278,.T.);
#619=EDGE_CURVE('',#487,#483,#279,.T.);
#620=EDGE_CURVE('',#487,#414,#280,.T.);
#621=EDGE_CURVE('',#488,#487,#205,.T.);
#622=EDGE_CURVE('',#488,#430,#281,.T.);
#623=EDGE_CURVE('',#489,#432,#282,.T.);
#624=EDGE_CURVE('',#490,#489,#206,.T.);
#625=EDGE_CURVE('',#490,#438,#283,.T.);
#626=EDGE_CURVE('',#489,#488,#284,.T.);
#627=EDGE_CURVE('',#459,#490,#285,.T.);
#628=EDGE_CURVE('',#444,#484,#286,.T.);
#629=EDGE_CURVE('',#485,#443,#287,.T.);
#630=EDGE_CURVE('',#448,#486,#288,.T.);
#631=EDGE_CURVE('',#491,#491,#207,.T.);
#632=EDGE_CURVE('',#492,#492,#208,.T.);
#633=EDGE_CURVE('',#493,#493,#209,.T.);
#634=EDGE_CURVE('',#494,#494,#210,.T.);
#635=EDGE_CURVE('',#495,#495,#211,.T.);
#636=EDGE_CURVE('',#496,#496,#212,.T.);
#637=EDGE_CURVE('',#497,#497,#213,.T.);
#638=EDGE_CURVE('',#498,#498,#214,.T.);
#639=EDGE_CURVE('',#499,#500,#289,.T.);
#640=EDGE_CURVE('',#500,#500,#215,.T.);
#641=EDGE_CURVE('',#500,#498,#290,.T.);
#642=EDGE_CURVE('',#501,#502,#291,.T.);
#643=EDGE_CURVE('',#502,#502,#216,.T.);
#644=EDGE_CURVE('',#502,#497,#292,.T.);
#645=EDGE_CURVE('',#503,#504,#293,.T.);
#646=EDGE_CURVE('',#504,#504,#217,.T.);
#647=EDGE_CURVE('',#504,#496,#294,.T.);
#648=EDGE_CURVE('',#505,#506,#295,.T.);
#649=EDGE_CURVE('',#506,#506,#218,.T.);
#650=EDGE_CURVE('',#506,#495,#296,.T.);
#651=EDGE_CURVE('',#507,#508,#297,.T.);
#652=EDGE_CURVE('',#508,#508,#219,.T.);
#653=EDGE_CURVE('',#508,#494,#298,.T.);
#654=EDGE_CURVE('',#509,#510,#299,.T.);
#655=EDGE_CURVE('',#510,#510,#220,.T.);
#656=EDGE_CURVE('',#510,#493,#300,.T.);
#657=EDGE_CURVE('',#511,#512,#301,.T.);
#658=EDGE_CURVE('',#512,#512,#221,.T.);
#659=EDGE_CURVE('',#512,#492,#302,.T.);
#660=EDGE_CURVE('',#513,#514,#303,.T.);
#661=EDGE_CURVE('',#514,#514,#222,.T.);
#662=EDGE_CURVE('',#514,#491,#304,.T.);
#663=ORIENTED_EDGE('',*,*,#515,.F.);
#664=ORIENTED_EDGE('',*,*,#516,.T.);
#665=ORIENTED_EDGE('',*,*,#517,.T.);
#666=ORIENTED_EDGE('',*,*,#518,.F.);
#667=ORIENTED_EDGE('',*,*,#519,.F.);
#668=ORIENTED_EDGE('',*,*,#520,.F.);
#669=ORIENTED_EDGE('',*,*,#521,.F.);
#670=ORIENTED_EDGE('',*,*,#522,.F.);
#671=ORIENTED_EDGE('',*,*,#523,.F.);
#672=ORIENTED_EDGE('',*,*,#524,.F.);
#673=ORIENTED_EDGE('',*,*,#525,.F.);
#674=ORIENTED_EDGE('',*,*,#526,.F.);
#675=ORIENTED_EDGE('',*,*,#527,.F.);
#676=ORIENTED_EDGE('',*,*,#528,.F.);
#677=ORIENTED_EDGE('',*,*,#529,.F.);
#678=ORIENTED_EDGE('',*,*,#530,.F.);
#679=ORIENTED_EDGE('',*,*,#531,.F.);
#680=ORIENTED_EDGE('',*,*,#532,.F.);
#681=ORIENTED_EDGE('',*,*,#533,.F.);
#682=ORIENTED_EDGE('',*,*,#534,.F.);
#683=ORIENTED_EDGE('',*,*,#535,.F.);
#684=ORIENTED_EDGE('',*,*,#536,.F.);
#685=ORIENTED_EDGE('',*,*,#537,.F.);
#686=ORIENTED_EDGE('',*,*,#538,.F.);
#687=ORIENTED_EDGE('',*,*,#539,.F.);
#688=ORIENTED_EDGE('',*,*,#540,.F.);
#689=ORIENTED_EDGE('',*,*,#541,.F.);
#690=ORIENTED_EDGE('',*,*,#542,.F.);
#691=ORIENTED_EDGE('',*,*,#543,.F.);
#692=ORIENTED_EDGE('',*,*,#544,.F.);
#693=ORIENTED_EDGE('',*,*,#545,.T.);
#694=ORIENTED_EDGE('',*,*,#546,.T.);
#695=ORIENTED_EDGE('',*,*,#547,.T.);
#696=ORIENTED_EDGE('',*,*,#548,.T.);
#697=ORIENTED_EDGE('',*,*,#549,.T.);
#698=ORIENTED_EDGE('',*,*,#550,.T.);
#699=ORIENTED_EDGE('',*,*,#551,.F.);
#700=ORIENTED_EDGE('',*,*,#552,.T.);
#701=ORIENTED_EDGE('',*,*,#553,.T.);
#702=ORIENTED_EDGE('',*,*,#554,.T.);
#703=ORIENTED_EDGE('',*,*,#555,.F.);
#704=ORIENTED_EDGE('',*,*,#556,.F.);
#705=ORIENTED_EDGE('',*,*,#557,.F.);
#706=ORIENTED_EDGE('',*,*,#558,.F.);
#707=ORIENTED_EDGE('',*,*,#559,.F.);
#708=ORIENTED_EDGE('',*,*,#560,.F.);
#709=ORIENTED_EDGE('',*,*,#561,.T.);
#710=ORIENTED_EDGE('',*,*,#562,.F.);
#711=ORIENTED_EDGE('',*,*,#563,.F.);
#712=ORIENTED_EDGE('',*,*,#564,.F.);
#713=ORIENTED_EDGE('',*,*,#559,.T.);
#714=ORIENTED_EDGE('',*,*,#565,.F.);
#715=ORIENTED_EDGE('',*,*,#566,.T.);
#716=ORIENTED_EDGE('',*,*,#567,.T.);
#717=ORIENTED_EDGE('',*,*,#568,.F.);
#718=ORIENTED_EDGE('',*,*,#569,.T.);
#719=ORIENTED_EDGE('',*,*,#570,.F.);
#720=ORIENTED_EDGE('',*,*,#518,.T.);
#721=ORIENTED_EDGE('',*,*,#567,.F.);
#722=ORIENTED_EDGE('',*,*,#569,.F.);
#723=ORIENTED_EDGE('',*,*,#566,.F.);
#724=ORIENTED_EDGE('',*,*,#571,.T.);
#725=ORIENTED_EDGE('',*,*,#572,.T.);
#726=ORIENTED_EDGE('',*,*,#573,.T.);
#727=ORIENTED_EDGE('',*,*,#574,.T.);
#728=ORIENTED_EDGE('',*,*,#575,.T.);
#729=ORIENTED_EDGE('',*,*,#576,.T.);
#730=ORIENTED_EDGE('',*,*,#577,.T.);
#731=ORIENTED_EDGE('',*,*,#578,.T.);
#732=ORIENTED_EDGE('',*,*,#579,.F.);
#733=ORIENTED_EDGE('',*,*,#516,.F.);
#734=ORIENTED_EDGE('',*,*,#544,.T.);
#735=ORIENTED_EDGE('',*,*,#580,.T.);
#736=ORIENTED_EDGE('',*,*,#581,.T.);
#737=ORIENTED_EDGE('',*,*,#582,.T.);
#738=ORIENTED_EDGE('',*,*,#583,.T.);
#739=ORIENTED_EDGE('',*,*,#584,.T.);
#740=ORIENTED_EDGE('',*,*,#546,.F.);
#741=ORIENTED_EDGE('',*,*,#585,.T.);
#742=ORIENTED_EDGE('',*,*,#586,.T.);
#743=ORIENTED_EDGE('',*,*,#587,.T.);
#744=ORIENTED_EDGE('',*,*,#588,.T.);
#745=ORIENTED_EDGE('',*,*,#589,.T.);
#746=ORIENTED_EDGE('',*,*,#590,.T.);
#747=ORIENTED_EDGE('',*,*,#586,.F.);
#748=ORIENTED_EDGE('',*,*,#585,.F.);
#749=ORIENTED_EDGE('',*,*,#545,.F.);
#750=ORIENTED_EDGE('',*,*,#591,.T.);
#751=ORIENTED_EDGE('',*,*,#555,.T.);
#752=ORIENTED_EDGE('',*,*,#592,.T.);
#753=ORIENTED_EDGE('',*,*,#549,.F.);
#754=ORIENTED_EDGE('',*,*,#593,.F.);
#755=ORIENTED_EDGE('',*,*,#594,.F.);
#756=ORIENTED_EDGE('',*,*,#595,.T.);
#757=ORIENTED_EDGE('',*,*,#551,.T.);
#758=ORIENTED_EDGE('',*,*,#596,.T.);
#759=ORIENTED_EDGE('',*,*,#553,.F.);
#760=ORIENTED_EDGE('',*,*,#597,.F.);
#761=ORIENTED_EDGE('',*,*,#561,.F.);
#762=ORIENTED_EDGE('',*,*,#598,.F.);
#763=ORIENTED_EDGE('',*,*,#599,.F.);
#764=ORIENTED_EDGE('',*,*,#600,.T.);
#765=ORIENTED_EDGE('',*,*,#594,.T.);
#766=ORIENTED_EDGE('',*,*,#515,.T.);
#767=ORIENTED_EDGE('',*,*,#601,.F.);
#768=ORIENTED_EDGE('',*,*,#517,.F.);
#769=ORIENTED_EDGE('',*,*,#579,.T.);
#770=ORIENTED_EDGE('',*,*,#602,.F.);
#771=ORIENTED_EDGE('',*,*,#603,.F.);
#772=ORIENTED_EDGE('',*,*,#599,.T.);
#773=ORIENTED_EDGE('',*,*,#604,.T.);
#774=ORIENTED_EDGE('',*,*,#605,.F.);
#775=ORIENTED_EDGE('',*,*,#606,.F.);
#776=ORIENTED_EDGE('',*,*,#563,.T.);
#777=ORIENTED_EDGE('',*,*,#607,.T.);
#778=ORIENTED_EDGE('',*,*,#608,.F.);
#779=ORIENTED_EDGE('',*,*,#583,.F.);
#780=ORIENTED_EDGE('',*,*,#609,.F.);
#781=ORIENTED_EDGE('',*,*,#578,.F.);
#782=ORIENTED_EDGE('',*,*,#609,.T.);
#783=ORIENTED_EDGE('',*,*,#582,.F.);
#784=ORIENTED_EDGE('',*,*,#610,.F.);
#785=ORIENTED_EDGE('',*,*,#575,.F.);
#786=ORIENTED_EDGE('',*,*,#608,.T.);
#787=ORIENTED_EDGE('',*,*,#577,.F.);
#788=ORIENTED_EDGE('',*,*,#611,.F.);
#789=ORIENTED_EDGE('',*,*,#580,.F.);
#790=ORIENTED_EDGE('',*,*,#547,.F.);
#791=ORIENTED_EDGE('',*,*,#584,.F.);
#792=ORIENTED_EDGE('',*,*,#610,.T.);
#793=ORIENTED_EDGE('',*,*,#581,.F.);
#794=ORIENTED_EDGE('',*,*,#611,.T.);
#795=ORIENTED_EDGE('',*,*,#576,.F.);
#796=ORIENTED_EDGE('',*,*,#612,.F.);
#797=ORIENTED_EDGE('',*,*,#590,.F.);
#798=ORIENTED_EDGE('',*,*,#613,.F.);
#799=ORIENTED_EDGE('',*,*,#554,.F.);
#800=ORIENTED_EDGE('',*,*,#613,.T.);
#801=ORIENTED_EDGE('',*,*,#589,.F.);
#802=ORIENTED_EDGE('',*,*,#614,.F.);
#803=ORIENTED_EDGE('',*,*,#592,.F.);
#804=ORIENTED_EDGE('',*,*,#612,.T.);
#805=ORIENTED_EDGE('',*,*,#596,.F.);
#806=ORIENTED_EDGE('',*,*,#615,.F.);
#807=ORIENTED_EDGE('',*,*,#587,.F.);
#808=ORIENTED_EDGE('',*,*,#614,.T.);
#809=ORIENTED_EDGE('',*,*,#588,.F.);
#810=ORIENTED_EDGE('',*,*,#615,.T.);
#811=ORIENTED_EDGE('',*,*,#550,.F.);
#812=ORIENTED_EDGE('',*,*,#565,.T.);
#813=ORIENTED_EDGE('',*,*,#558,.T.);
#814=ORIENTED_EDGE('',*,*,#616,.F.);
#815=ORIENTED_EDGE('',*,*,#571,.F.);
#816=ORIENTED_EDGE('',*,*,#616,.T.);
#817=ORIENTED_EDGE('',*,*,#557,.T.);
#818=ORIENTED_EDGE('',*,*,#617,.F.);
#819=ORIENTED_EDGE('',*,*,#572,.F.);
#820=ORIENTED_EDGE('',*,*,#617,.T.);
#821=ORIENTED_EDGE('',*,*,#556,.T.);
#822=ORIENTED_EDGE('',*,*,#618,.F.);
#823=ORIENTED_EDGE('',*,*,#573,.F.);
#824=ORIENTED_EDGE('',*,*,#603,.T.);
#825=ORIENTED_EDGE('',*,*,#619,.F.);
#826=ORIENTED_EDGE('',*,*,#620,.T.);
#827=ORIENTED_EDGE('',*,*,#570,.T.);
#828=ORIENTED_EDGE('',*,*,#574,.F.);
#829=ORIENTED_EDGE('',*,*,#618,.T.);
#830=ORIENTED_EDGE('',*,*,#591,.F.);
#831=ORIENTED_EDGE('',*,*,#600,.F.);
#832=ORIENTED_EDGE('',*,*,#522,.T.);
#833=ORIENTED_EDGE('',*,*,#521,.T.);
#834=ORIENTED_EDGE('',*,*,#520,.T.);
#835=ORIENTED_EDGE('',*,*,#519,.T.);
#836=ORIENTED_EDGE('',*,*,#620,.F.);
#837=ORIENTED_EDGE('',*,*,#621,.F.);
#838=ORIENTED_EDGE('',*,*,#622,.T.);
#839=ORIENTED_EDGE('',*,*,#534,.T.);
#840=ORIENTED_EDGE('',*,*,#533,.T.);
#841=ORIENTED_EDGE('',*,*,#532,.T.);
#842=ORIENTED_EDGE('',*,*,#531,.T.);
#843=ORIENTED_EDGE('',*,*,#530,.T.);
#844=ORIENTED_EDGE('',*,*,#529,.T.);
#845=ORIENTED_EDGE('',*,*,#528,.T.);
#846=ORIENTED_EDGE('',*,*,#527,.T.);
#847=ORIENTED_EDGE('',*,*,#526,.T.);
#848=ORIENTED_EDGE('',*,*,#525,.T.);
#849=ORIENTED_EDGE('',*,*,#524,.T.);
#850=ORIENTED_EDGE('',*,*,#523,.T.);
#851=ORIENTED_EDGE('',*,*,#542,.T.);
#852=ORIENTED_EDGE('',*,*,#541,.T.);
#853=ORIENTED_EDGE('',*,*,#540,.T.);
#854=ORIENTED_EDGE('',*,*,#539,.T.);
#855=ORIENTED_EDGE('',*,*,#538,.T.);
#856=ORIENTED_EDGE('',*,*,#537,.T.);
#857=ORIENTED_EDGE('',*,*,#623,.F.);
#858=ORIENTED_EDGE('',*,*,#624,.F.);
#859=ORIENTED_EDGE('',*,*,#625,.T.);
#860=ORIENTED_EDGE('',*,*,#536,.T.);
#861=ORIENTED_EDGE('',*,*,#535,.T.);
#862=ORIENTED_EDGE('',*,*,#622,.F.);
#863=ORIENTED_EDGE('',*,*,#626,.F.);
#864=ORIENTED_EDGE('',*,*,#623,.T.);
#865=ORIENTED_EDGE('',*,*,#601,.T.);
#866=ORIENTED_EDGE('',*,*,#543,.T.);
#867=ORIENTED_EDGE('',*,*,#625,.F.);
#868=ORIENTED_EDGE('',*,*,#627,.F.);
#869=ORIENTED_EDGE('',*,*,#568,.T.);
#870=ORIENTED_EDGE('',*,*,#624,.T.);
#871=ORIENTED_EDGE('',*,*,#626,.T.);
#872=ORIENTED_EDGE('',*,*,#621,.T.);
#873=ORIENTED_EDGE('',*,*,#619,.T.);
#874=ORIENTED_EDGE('',*,*,#602,.T.);
#875=ORIENTED_EDGE('',*,*,#628,.F.);
#876=ORIENTED_EDGE('',*,*,#548,.F.);
#877=ORIENTED_EDGE('',*,*,#629,.F.);
#878=ORIENTED_EDGE('',*,*,#605,.T.);
#879=ORIENTED_EDGE('',*,*,#630,.F.);
#880=ORIENTED_EDGE('',*,*,#552,.F.);
#881=ORIENTED_EDGE('',*,*,#564,.T.);
#882=ORIENTED_EDGE('',*,*,#627,.T.);
#883=ORIENTED_EDGE('',*,*,#631,.F.);
#884=ORIENTED_EDGE('',*,*,#632,.F.);
#885=ORIENTED_EDGE('',*,*,#633,.F.);
#886=ORIENTED_EDGE('',*,*,#634,.F.);
#887=ORIENTED_EDGE('',*,*,#635,.F.);
#888=ORIENTED_EDGE('',*,*,#636,.F.);
#889=ORIENTED_EDGE('',*,*,#637,.F.);
#890=ORIENTED_EDGE('',*,*,#638,.F.);
#891=ORIENTED_EDGE('',*,*,#630,.T.);
#892=ORIENTED_EDGE('',*,*,#607,.F.);
#893=ORIENTED_EDGE('',*,*,#562,.T.);
#894=ORIENTED_EDGE('',*,*,#597,.T.);
#895=ORIENTED_EDGE('',*,*,#629,.T.);
#896=ORIENTED_EDGE('',*,*,#595,.F.);
#897=ORIENTED_EDGE('',*,*,#560,.T.);
#898=ORIENTED_EDGE('',*,*,#606,.T.);
#899=ORIENTED_EDGE('',*,*,#628,.T.);
#900=ORIENTED_EDGE('',*,*,#604,.F.);
#901=ORIENTED_EDGE('',*,*,#598,.T.);
#902=ORIENTED_EDGE('',*,*,#593,.T.);
#903=ORIENTED_EDGE('',*,*,#639,.T.);
#904=ORIENTED_EDGE('',*,*,#640,.T.);
#905=ORIENTED_EDGE('',*,*,#639,.F.);
#906=ORIENTED_EDGE('',*,*,#640,.F.);
#907=ORIENTED_EDGE('',*,*,#641,.T.);
#908=ORIENTED_EDGE('',*,*,#638,.T.);
#909=ORIENTED_EDGE('',*,*,#641,.F.);
#910=ORIENTED_EDGE('',*,*,#642,.T.);
#911=ORIENTED_EDGE('',*,*,#643,.T.);
#912=ORIENTED_EDGE('',*,*,#642,.F.);
#913=ORIENTED_EDGE('',*,*,#643,.F.);
#914=ORIENTED_EDGE('',*,*,#644,.T.);
#915=ORIENTED_EDGE('',*,*,#637,.T.);
#916=ORIENTED_EDGE('',*,*,#644,.F.);
#917=ORIENTED_EDGE('',*,*,#645,.T.);
#918=ORIENTED_EDGE('',*,*,#646,.T.);
#919=ORIENTED_EDGE('',*,*,#645,.F.);
#920=ORIENTED_EDGE('',*,*,#646,.F.);
#921=ORIENTED_EDGE('',*,*,#647,.T.);
#922=ORIENTED_EDGE('',*,*,#636,.T.);
#923=ORIENTED_EDGE('',*,*,#647,.F.);
#924=ORIENTED_EDGE('',*,*,#648,.T.);
#925=ORIENTED_EDGE('',*,*,#649,.T.);
#926=ORIENTED_EDGE('',*,*,#648,.F.);
#927=ORIENTED_EDGE('',*,*,#649,.F.);
#928=ORIENTED_EDGE('',*,*,#650,.T.);
#929=ORIENTED_EDGE('',*,*,#635,.T.);
#930=ORIENTED_EDGE('',*,*,#650,.F.);
#931=ORIENTED_EDGE('',*,*,#651,.T.);
#932=ORIENTED_EDGE('',*,*,#652,.T.);
#933=ORIENTED_EDGE('',*,*,#651,.F.);
#934=ORIENTED_EDGE('',*,*,#652,.F.);
#935=ORIENTED_EDGE('',*,*,#653,.T.);
#936=ORIENTED_EDGE('',*,*,#634,.T.);
#937=ORIENTED_EDGE('',*,*,#653,.F.);
#938=ORIENTED_EDGE('',*,*,#654,.T.);
#939=ORIENTED_EDGE('',*,*,#655,.T.);
#940=ORIENTED_EDGE('',*,*,#654,.F.);
#941=ORIENTED_EDGE('',*,*,#655,.F.);
#942=ORIENTED_EDGE('',*,*,#656,.T.);
#943=ORIENTED_EDGE('',*,*,#633,.T.);
#944=ORIENTED_EDGE('',*,*,#656,.F.);
#945=ORIENTED_EDGE('',*,*,#657,.T.);
#946=ORIENTED_EDGE('',*,*,#658,.T.);
#947=ORIENTED_EDGE('',*,*,#657,.F.);
#948=ORIENTED_EDGE('',*,*,#658,.F.);
#949=ORIENTED_EDGE('',*,*,#659,.T.);
#950=ORIENTED_EDGE('',*,*,#632,.T.);
#951=ORIENTED_EDGE('',*,*,#659,.F.);
#952=ORIENTED_EDGE('',*,*,#660,.T.);
#953=ORIENTED_EDGE('',*,*,#661,.T.);
#954=ORIENTED_EDGE('',*,*,#660,.F.);
#955=ORIENTED_EDGE('',*,*,#661,.F.);
#956=ORIENTED_EDGE('',*,*,#662,.T.);
#957=ORIENTED_EDGE('',*,*,#631,.T.);
#958=ORIENTED_EDGE('',*,*,#662,.F.);
#959=B_SPLINE_SURFACE_WITH_KNOTS('',3,3,((#1380,#1381,#1382,#1383),(#1384,
#1385,#1386,#1387),(#1388,#1389,#1390,#1391),(#1392,#1393,#1394,#1395),
(#1396,#1397,#1398,#1399),(#1400,#1401,#1402,#1403),(#1404,#1405,#1406,
#1407),(#1408,#1409,#1410,#1411),(#1412,#1413,#1414,#1415),(#1416,#1417,
#1418,#1419),(#1420,#1421,#1422,#1423),(#1424,#1425,#1426,#1427),(#1428,
#1429,#1430,#1431),(#1432,#1433,#1434,#1435),(#1436,#1437,#1438,#1439),
(#1440,#1441,#1442,#1443),(#1444,#1445,#1446,#1447),(#1448,#1449,#1450,
#1451),(#1452,#1453,#1454,#1455),(#1456,#1457,#1458,#1459),(#1460,#1461,
#1462,#1463),(#1464,#1465,#1466,#1467),(#1468,#1469,#1470,#1471),(#1472,
#1473,#1474,#1475),(#1476,#1477,#1478,#1479),(#1480,#1481,#1482,#1483),
(#1484,#1485,#1486,#1487),(#1488,#1489,#1490,#1491),(#1492,#1493,#1494,
#1495),(#1496,#1497,#1498,#1499),(#1500,#1501,#1502,#1503),(#1504,#1505,
#1506,#1507),(#1508,#1509,#1510,#1511),(#1512,#1513,#1514,#1515),(#1516,
#1517,#1518,#1519),(#1520,#1521,#1522,#1523),(#1524,#1525,#1526,#1527),
(#1528,#1529,#1530,#1531),(#1532,#1533,#1534,#1535),(#1536,#1537,#1538,
#1539),(#1540,#1541,#1542,#1543),(#1544,#1545,#1546,#1547),(#1548,#1549,
#1550,#1551),(#1552,#1553,#1554,#1555),(#1556,#1557,#1558,#1559),(#1560,
#1561,#1562,#1563),(#1564,#1565,#1566,#1567),(#1568,#1569,#1570,#1571),
(#1572,#1573,#1574,#1575),(#1576,#1577,#1578,#1579),(#1580,#1581,#1582,
#1583),(#1584,#1585,#1586,#1587)),.UNSPECIFIED.,.T.,.F.,.F.,(4,1,1,1,2,
1,1,1,1,1,1,2,1,1,1,1,2,1,1,1,2,1,1,1,2,1,1,1,1,1,1,2,1,1,1,1,1,1,2,1,1,
1,4),(4,4),(-1.,-0.957270134112093,-0.914540268224187,-0.87181040233628,
-0.829080536448374,-0.80926781642724,-0.799361456416673,-0.789455096406106,
-0.77954873639554,-0.769642376384973,-0.759736016374406,-0.749829656363839,
-0.739965882262313,-0.730102108160786,-0.710374559957733,-0.69064701175468,
-0.670919463551626,-0.62818959766372,-0.585459731775813,-0.542729865887907,
-0.5,-0.457270134112093,-0.414540268224187,-0.37181040233628,-0.329080536448374,
-0.30931040233628,-0.299425335280233,-0.289540268224187,-0.27965520116814,
-0.269770134112093,-0.259885067056047,-0.25,-0.240114932943953,-0.230229865887907,
-0.22034479883186,-0.210459731775813,-0.200574664719767,-0.19068959766372,
-0.170919463551626,-0.12818959766372,-0.0854597317758132,-0.0427298658879066,
0.),(0.,1.),.UNSPECIFIED.);
#960=B_SPLINE_SURFACE_WITH_KNOTS('',3,3,((#1866,#1867,#1868,#1869),(#1870,
#1871,#1872,#1873),(#1874,#1875,#1876,#1877),(#1878,#1879,#1880,#1881),
(#1882,#1883,#1884,#1885),(#1886,#1887,#1888,#1889),(#1890,#1891,#1892,
#1893),(#1894,#1895,#1896,#1897),(#1898,#1899,#1900,#1901),(#1902,#1903,
#1904,#1905)),.UNSPECIFIED.,.F.,.F.,.F.,(4,2,2,2,4),(4,4),(-0.16969409327434,
-0.12818959766372,-0.0854597317758132,-0.0427298658879066,5.49801059543157E-18),
(0.205349059104937,0.76943334440384),.UNSPECIFIED.);
#961=B_SPLINE_SURFACE_WITH_KNOTS('',3,3,((#2553,#2554,#2555,#2556),(#2557,
#2558,#2559,#2560),(#2561,#2562,#2563,#2564),(#2565,#2566,#2567,#2568),
(#2569,#2570,#2571,#2572),(#2573,#2574,#2575,#2576),(#2577,#2578,#2579,
#2580),(#2581,#2582,#2583,#2584),(#2585,#2586,#2587,#2588),(#2589,#2590,
#2591,#2592),(#2593,#2594,#2595,#2596),(#2597,#2598,#2599,#2600),(#2601,
#2602,#2603,#2604),(#2605,#2606,#2607,#2608),(#2609,#2610,#2611,#2612),
(#2613,#2614,#2615,#2616),(#2617,#2618,#2619,#2620),(#2621,#2622,#2623,
#2624),(#2625,#2626,#2627,#2628),(#2629,#2630,#2631,#2632),(#2633,#2634,
#2635,#2636),(#2637,#2638,#2639,#2640),(#2641,#2642,#2643,#2644),(#2645,
#2646,#2647,#2648),(#2649,#2650,#2651,#2652),(#2653,#2654,#2655,#2656),
(#2657,#2658,#2659,#2660),(#2661,#2662,#2663,#2664),(#2665,#2666,#2667,
#2668),(#2669,#2670,#2671,#2672),(#2673,#2674,#2675,#2676),(#2677,#2678,
#2679,#2680),(#2681,#2682,#2683,#2684),(#2685,#2686,#2687,#2688),(#2689,
#2690,#2691,#2692),(#2693,#2694,#2695,#2696),(#2697,#2698,#2699,#2700),
(#2701,#2702,#2703,#2704),(#2705,#2706,#2707,#2708),(#2709,#2710,#2711,
#2712),(#2713,#2714,#2715,#2716),(#2717,#2718,#2719,#2720),(#2721,#2722,
#2723,#2724),(#2725,#2726,#2727,#2728),(#2729,#2730,#2731,#2732),(#2733,
#2734,#2735,#2736),(#2737,#2738,#2739,#2740),(#2741,#2742,#2743,#2744),
(#2745,#2746,#2747,#2748),(#2749,#2750,#2751,#2752),(#2753,#2754,#2755,
#2756),(#2757,#2758,#2759,#2760),(#2761,#2762,#2763,#2764),(#2765,#2766,
#2767,#2768),(#2769,#2770,#2771,#2772),(#2773,#2774,#2775,#2776),(#2777,
#2778,#2779,#2780),(#2781,#2782,#2783,#2784),(#2785,#2786,#2787,#2788),
(#2789,#2790,#2791,#2792),(#2793,#2794,#2795,#2796),(#2797,#2798,#2799,
#2800),(#2801,#2802,#2803,#2804),(#2805,#2806,#2807,#2808),(#2809,#2810,
#2811,#2812),(#2813,#2814,#2815,#2816),(#2817,#2818,#2819,#2820),(#2821,
#2822,#2823,#2824),(#2825,#2826,#2827,#2828),(#2829,#2830,#2831,#2832),
(#2833,#2834,#2835,#2836),(#2837,#2838,#2839,#2840),(#2841,#2842,#2843,
#2844),(#2845,#2846,#2847,#2848),(#2849,#2850,#2851,#2852),(#2853,#2854,
#2855,#2856),(#2857,#2858,#2859,#2860),(#2861,#2862,#2863,#2864),(#2865,
#2866,#2867,#2868),(#2869,#2870,#2871,#2872),(#2873,#2874,#2875,#2876),
(#2877,#2878,#2879,#2880),(#2881,#2882,#2883,#2884),(#2885,#2886,#2887,
#2888),(#2889,#2890,#2891,#2892),(#2893,#2894,#2895,#2896)),
 .UNSPECIFIED.,.F.,.F.,.F.,(4,1,2,2,2,2,2,2,2,2,2,1,2,2,2,1,2,2,2,2,2,2,
2,1,2,1,2,2,2,2,2,2,2,2,2,1,2,2,2,2,2,2,2,2,2,4),(4,4),(-1.98108196514113E-12,
0.0361577447789852,0.0427298658879066,0.0854597317758132,0.12818959766372,
0.170919463551626,0.194820485872444,0.206770997032852,0.218721508193261,
0.23067201935367,0.242622530514078,0.246298657505244,0.254573041674487,
0.266523552834895,0.278432418725771,0.287744113176221,0.290341284616646,
0.314159016398398,0.337976748180149,0.3617944799619,0.404563571789436,0.447332663616973,
0.49010175544451,0.494765451586749,0.532870847272047,0.569827347188119,
0.575645621536181,0.618420395800315,0.66119517006445,0.703969944328583,
0.727844940608099,0.739782438747857,0.751719936887615,0.763657435027373,
0.775594933167131,0.778842437819182,0.787532431306889,0.799469929446647,
0.811407427586405,0.823344925726163,0.835282423865921,0.847219922005679,
0.859157420145437,0.871094918285195,0.894969914564711,0.896196572641459),
(0.204006930913358,0.771446703673247),.UNSPECIFIED.);
#962=B_SPLINE_SURFACE_WITH_KNOTS('',3,3,((#3404,#3405,#3406,#3407),(#3408,
#3409,#3410,#3411),(#3412,#3413,#3414,#3415),(#3416,#3417,#3418,#3419),
(#3420,#3421,#3422,#3423),(#3424,#3425,#3426,#3427),(#3428,#3429,#3430,
#3431),(#3432,#3433,#3434,#3435),(#3436,#3437,#3438,#3439),(#3440,#3441,
#3442,#3443),(#3444,#3445,#3446,#3447),(#3448,#3449,#3450,#3451),(#3452,
#3453,#3454,#3455),(#3456,#3457,#3458,#3459),(#3460,#3461,#3462,#3463),
(#3464,#3465,#3466,#3467),(#3468,#3469,#3470,#3471),(#3472,#3473,#3474,
#3475),(#3476,#3477,#3478,#3479),(#3480,#3481,#3482,#3483),(#3484,#3485,
#3486,#3487),(#3488,#3489,#3490,#3491),(#3492,#3493,#3494,#3495),(#3496,
#3497,#3498,#3499),(#3500,#3501,#3502,#3503),(#3504,#3505,#3506,#3507),
(#3508,#3509,#3510,#3511),(#3512,#3513,#3514,#3515),(#3516,#3517,#3518,
#3519),(#3520,#3521,#3522,#3523),(#3524,#3525,#3526,#3527),(#3528,#3529,
#3530,#3531),(#3532,#3533,#3534,#3535),(#3536,#3537,#3538,#3539),(#3540,
#3541,#3542,#3543),(#3544,#3545,#3546,#3547),(#3548,#3549,#3550,#3551),
(#3552,#3553,#3554,#3555),(#3556,#3557,#3558,#3559),(#3560,#3561,#3562,
#3563),(#3564,#3565,#3566,#3567),(#3568,#3569,#3570,#3571),(#3572,#3573,
#3574,#3575),(#3576,#3577,#3578,#3579),(#3580,#3581,#3582,#3583),(#3584,
#3585,#3586,#3587),(#3588,#3589,#3590,#3591),(#3592,#3593,#3594,#3595),
(#3596,#3597,#3598,#3599),(#3600,#3601,#3602,#3603),(#3604,#3605,#3606,
#3607),(#3608,#3609,#3610,#3611)),.UNSPECIFIED.,.T.,.F.,.F.,(4,1,1,1,2,
1,1,1,1,1,1,2,1,1,1,1,2,1,1,1,2,1,1,1,2,1,1,1,1,1,1,2,1,1,1,1,1,1,2,1,1,
1,4),(4,4),(0.,0.0427298658879066,0.0854597317758132,0.12818959766372,0.170919463551626,
0.19073218357276,0.200638543583327,0.210544903593893,0.22045126360446,0.230357623615027,
0.240263983625594,0.250170343636161,0.260034117737687,0.269897891839214,
0.289625440042267,0.30935298824532,0.329080536448374,0.37181040233628,0.414540268224187,
0.457270134112093,0.5,0.542729865887907,0.585459731775813,0.62818959766372,
0.670919463551626,0.69068959766372,0.700574664719767,0.710459731775813,
0.72034479883186,0.730229865887907,0.740114932943953,0.75,0.759885067056047,
0.769770134112093,0.77965520116814,0.789540268224187,0.799425335280233,
0.80931040233628,0.829080536448374,0.87181040233628,0.914540268224187,0.957270134112093,
1.),(0.,1.),.UNSPECIFIED.);
#963=B_SPLINE_SURFACE_WITH_KNOTS('',1,3,((#3625,#3626,#3627,#3628,#3629,
#3630,#3631,#3632,#3633,#3634,#3635,#3636,#3637,#3638,#3639,#3640,#3641,
#3642,#3643,#3644,#3645,#3646,#3647,#3648,#3649,#3650,#3651,#3652,#3653,
#3654,#3655,#3656,#3657,#3658,#3659,#3660,#3661,#3662,#3663,#3664,#3665,
#3666,#3667,#3668,#3669,#3670,#3671,#3672,#3673,#3674,#3675,#3676,#3677,
#3678,#3679,#3680,#3681,#3682,#3683,#3684,#3685,#3686,#3687,#3688,#3689,
#3690,#3691,#3692,#3693,#3694,#3695,#3696,#3697,#3698,#3699,#3700,#3701,
#3702,#3703,#3704,#3705,#3706,#3707,#3708,#3709,#3710,#3711,#3712,#3713,
#3714,#3715,#3716,#3717,#3718,#3719,#3720,#3721,#3722,#3723,#3724,#3725,
#3726,#3727,#3728,#3729,#3730,#3731,#3732,#3733,#3734,#3735,#3736,#3737,
#3738,#3739,#3740,#3741,#3742,#3743,#3744,#3745,#3746,#3747,#3748,#3749,
#3750,#3751,#3752,#3753,#3754,#3755,#3756,#3757,#3758,#3759,#3760,#3761,
#3762,#3763,#3764,#3765,#3766,#3767,#3768,#3769,#3770,#3771,#3772,#3773,
#3774,#3775,#3776,#3777,#3778,#3779,#3780,#3781,#3782,#3783,#3784,#3785,
#3786,#3787,#3788,#3789,#3790,#3791,#3792,#3793,#3794),(#3795,#3796,#3797,
#3798,#3799,#3800,#3801,#3802,#3803,#3804,#3805,#3806,#3807,#3808,#3809,
#3810,#3811,#3812,#3813,#3814,#3815,#3816,#3817,#3818,#3819,#3820,#3821,
#3822,#3823,#3824,#3825,#3826,#3827,#3828,#3829,#3830,#3831,#3832,#3833,
#3834,#3835,#3836,#3837,#3838,#3839,#3840,#3841,#3842,#3843,#3844,#3845,
#3846,#3847,#3848,#3849,#3850,#3851,#3852,#3853,#3854,#3855,#3856,#3857,
#3858,#3859,#3860,#3861,#3862,#3863,#3864,#3865,#3866,#3867,#3868,#3869,
#3870,#3871,#3872,#3873,#3874,#3875,#3876,#3877,#3878,#3879,#3880,#3881,
#3882,#3883,#3884,#3885,#3886,#3887,#3888,#3889,#3890,#3891,#3892,#3893,
#3894,#3895,#3896,#3897,#3898,#3899,#3900,#3901,#3902,#3903,#3904,#3905,
#3906,#3907,#3908,#3909,#3910,#3911,#3912,#3913,#3914,#3915,#3916,#3917,
#3918,#3919,#3920,#3921,#3922,#3923,#3924,#3925,#3926,#3927,#3928,#3929,
#3930,#3931,#3932,#3933,#3934,#3935,#3936,#3937,#3938,#3939,#3940,#3941,
#3942,#3943,#3944,#3945,#3946,#3947,#3948,#3949,#3950,#3951,#3952,#3953,
#3954,#3955,#3956,#3957,#3958,#3959,#3960,#3961,#3962,#3963,#3964)),
 .UNSPECIFIED.,.F.,.F.,.F.,(2,2),(4,2,2,2,2,2,2,2,2,2,2,2,2,2,2,2,2,2,2,
2,2,2,2,2,2,2,2,2,2,2,2,2,2,2,2,2,2,2,2,2,2,2,2,2,2,2,2,2,2,2,2,2,2,2,2,
2,2,2,2,2,2,2,2,2,2,2,2,2,2,2,2,2,2,2,2,2,2,2,2,2,2,2,2,2,4),(0.,1.),(0.,
9.19231547154063E-5,0.000183846309430813,0.000229807886788516,0.000275769464146219,
0.00029875025282507,0.000304495449994783,0.000310240647164496,0.000321731041503922,
0.000344711830182773,0.000367692618861625,0.000459615773577031,0.000551538928292438,
0.00073538523772325,0.00110307785658488,0.0014707704754465,0.00220615571316975,
0.002941540950893,0.0044123114263395,0.005883081901786,0.0073538523772325,
0.008824622852679,0.00956000809040225,0.0102953933281255,0.0110307785658488,
0.0113984711847104,0.011766163803572,0.0132369342790185,0.014707704754465,
0.0154430899921883,0.0158107826110499,0.0161784752299115,0.0165461678487731,
0.0169138604676348,0.017649245705358,0.0191200161808045,0.0198554014185277,
0.020590786656251,0.0213261718939743,0.0220615571316975,0.0227969423694208,
0.023532327607144,0.0242677128448672,0.0250030980825905,0.0257384833203138,
0.0261061759391754,0.026473868558037,0.0272092537957603,0.0279446390334835,
0.02941540950893,0.0301507947466533,0.0308861799843765,0.0312538726032381,
0.0316215652220998,0.032356950459823,0.0330923356975463,0.0338277209352695,
0.0345631061729928,0.035298491410716,0.0356661840295776,0.0360338766484393,
0.0364015692673009,0.0367692618861625,0.038240032361609,0.0397108028370555,
0.041181573312502,0.0426523437879485,0.044123114263395,0.0448584995011183,
0.0455938847388415,0.0459615773577031,0.0463292699765648,0.0465131162859956,
0.046605039440711,0.0466969625954264,0.0467199433841052,0.0467429241727841,
0.0467544145671235,0.0467659049614629,0.0467773953558024,0.0467888857501418,
0.0468348473274995,0.0468808089048572,0.0469727320595726,0.047064655214288),
 .UNSPECIFIED.);
#964=B_SPLINE_SURFACE_WITH_KNOTS('',1,3,((#3967,#3968,#3969,#3970,#3971,
#3972,#3973,#3974,#3975,#3976,#3977,#3978,#3979,#3980),(#3981,#3982,#3983,
#3984,#3985,#3986,#3987,#3988,#3989,#3990,#3991,#3992,#3993,#3994)),
 .UNSPECIFIED.,.F.,.F.,.F.,(2,2),(4,2,2,2,2,2,4),(0.,1.00002053831829),
(0.,0.0237556375752806,0.0356334563629209,0.0475112751505612,0.0593890939382016,
0.0712669127258419,0.0950225503011225),.UNSPECIFIED.);
#965=B_SPLINE_SURFACE_WITH_KNOTS('',1,3,((#3996,#3997,#3998,#3999,#4000,
#4001,#4002,#4003,#4004,#4005,#4006,#4007,#4008,#4009),(#4010,#4011,#4012,
#4013,#4014,#4015,#4016,#4017,#4018,#4019,#4020,#4021,#4022,#4023)),
 .UNSPECIFIED.,.F.,.F.,.F.,(2,2),(4,2,2,2,2,2,4),(0.,1.00002235055116),
(0.,0.0237559547875411,0.0356339321813117,0.0475119095750823,0.0593898869688528,
0.0712678643626234,0.0950238191501645),.UNSPECIFIED.);
#966=B_SPLINE_SURFACE_WITH_KNOTS('',1,3,((#4025,#4026,#4027,#4028,#4029,
#4030,#4031,#4032,#4033,#4034,#4035,#4036,#4037,#4038,#4039,#4040,#4041,
#4042,#4043,#4044,#4045,#4046,#4047,#4048,#4049,#4050,#4051,#4052,#4053,
#4054,#4055,#4056,#4057,#4058,#4059,#4060,#4061,#4062,#4063,#4064,#4065,
#4066,#4067,#4068,#4069,#4070,#4071,#4072,#4073,#4074,#4075,#4076,#4077,
#4078,#4079,#4080,#4081,#4082,#4083,#4084,#4085,#4086,#4087,#4088,#4089,
#4090,#4091,#4092,#4093,#4094,#4095,#4096,#4097,#4098,#4099,#4100,#4101,
#4102,#4103,#4104,#4105,#4106,#4107,#4108,#4109,#4110,#4111,#4112,#4113,
#4114,#4115,#4116,#4117,#4118,#4119,#4120,#4121,#4122,#4123,#4124,#4125,
#4126,#4127,#4128,#4129,#4130,#4131,#4132,#4133,#4134,#4135,#4136,#4137,
#4138,#4139,#4140,#4141,#4142,#4143,#4144,#4145,#4146,#4147,#4148,#4149,
#4150,#4151,#4152,#4153,#4154,#4155,#4156,#4157,#4158,#4159,#4160,#4161,
#4162,#4163,#4164,#4165,#4166,#4167,#4168,#4169,#4170,#4171,#4172,#4173,
#4174,#4175,#4176,#4177,#4178,#4179,#4180,#4181,#4182,#4183,#4184,#4185,
#4186,#4187,#4188,#4189,#4190),(#4191,#4192,#4193,#4194,#4195,#4196,#4197,
#4198,#4199,#4200,#4201,#4202,#4203,#4204,#4205,#4206,#4207,#4208,#4209,
#4210,#4211,#4212,#4213,#4214,#4215,#4216,#4217,#4218,#4219,#4220,#4221,
#4222,#4223,#4224,#4225,#4226,#4227,#4228,#4229,#4230,#4231,#4232,#4233,
#4234,#4235,#4236,#4237,#4238,#4239,#4240,#4241,#4242,#4243,#4244,#4245,
#4246,#4247,#4248,#4249,#4250,#4251,#4252,#4253,#4254,#4255,#4256,#4257,
#4258,#4259,#4260,#4261,#4262,#4263,#4264,#4265,#4266,#4267,#4268,#4269,
#4270,#4271,#4272,#4273,#4274,#4275,#4276,#4277,#4278,#4279,#4280,#4281,
#4282,#4283,#4284,#4285,#4286,#4287,#4288,#4289,#4290,#4291,#4292,#4293,
#4294,#4295,#4296,#4297,#4298,#4299,#4300,#4301,#4302,#4303,#4304,#4305,
#4306,#4307,#4308,#4309,#4310,#4311,#4312,#4313,#4314,#4315,#4316,#4317,
#4318,#4319,#4320,#4321,#4322,#4323,#4324,#4325,#4326,#4327,#4328,#4329,
#4330,#4331,#4332,#4333,#4334,#4335,#4336,#4337,#4338,#4339,#4340,#4341,
#4342,#4343,#4344,#4345,#4346,#4347,#4348,#4349,#4350,#4351,#4352,#4353,
#4354,#4355,#4356)),.UNSPECIFIED.,.F.,.F.,.F.,(2,2),(4,2,2,2,2,2,2,2,2,
2,2,2,2,2,2,2,2,2,2,2,2,2,2,2,2,2,2,2,2,2,2,2,2,2,2,2,2,2,2,2,2,2,2,2,2,
2,2,2,2,2,2,2,2,2,2,2,2,2,2,2,2,2,2,2,2,2,2,2,2,2,2,2,2,2,2,2,2,2,2,2,2,
2,4),(0.,1.00006380995683),(0.,9.19259589743468E-5,0.000183851917948694,
0.000229814897435867,0.00027577787692304,0.000298759366666627,0.000310250111538421,
0.000321740856410214,0.000344722346153801,0.000367703835897387,0.000459629794871734,
0.000551555753846081,0.000735407671794775,0.00110311150769216,0.00147081534358955,
0.00220622301538432,0.0029416306871791,0.00441244603076865,0.0058832613743582,
0.00735407671794774,0.00882489206153729,0.00956029973333207,0.0102957074051268,
0.0110311150769216,0.011398818912819,0.0117665227487164,0.0132373380923059,
0.0147081534358955,0.0154435611076903,0.0158112649435877,0.016178968779485,
0.0165466726153824,0.0169143764512798,0.0176497841230746,0.0191205994666641,
0.0198560071384589,0.0205914148102537,0.0213268224820485,0.0220622301538432,
0.022797637825638,0.0235330454974328,0.0242684531692276,0.0250038608410223,
0.0257392685128171,0.0261069723487145,0.0264746761846119,0.0272100838564067,
0.0279454915282014,0.029416306871791,0.0301517145435858,0.0308871222153805,
0.0312548260512779,0.0316225298871753,0.0323579375589701,0.0330933452307648,
0.0338287529025596,0.0345641605743544,0.0352995682461492,0.0356672720820466,
0.0360349759179439,0.0364026797538413,0.0367703835897387,0.0382411989333283,
0.0397120142769178,0.0411828296205074,0.0426536449640969,0.0441244603076865,
0.0448598679794812,0.045595275651276,0.0459629794871734,0.0463306833230708,
0.0465145352410195,0.0466064611999938,0.0466983871589682,0.0467213686487118,
0.0467443501384554,0.0467558408833272,0.0467673316281989,0.0467903131179425,
0.0468362760974297,0.0468822390769169,0.0469741650358912,0.0470660909948656),
 .UNSPECIFIED.);
#967=ADVANCED_FACE('',(#70),#959,.F.);
#968=ADVANCED_FACE('',(#71),#960,.T.);
#969=ADVANCED_FACE('',(#72),#51,.F.);
#970=ADVANCED_FACE('',(#73),#52,.F.);
#971=ADVANCED_FACE('',(#74),#53,.T.);
#972=ADVANCED_FACE('',(#75),#54,.F.);
#973=ADVANCED_FACE('',(#76),#55,.T.);
#974=ADVANCED_FACE('',(#77),#56,.T.);
#975=ADVANCED_FACE('',(#78,#41),#57,.T.);
#976=ADVANCED_FACE('',(#79),#961,.T.);
#977=ADVANCED_FACE('',(#80,#42),#58,.F.);
#978=ADVANCED_FACE('',(#81),#25,.T.);
#979=ADVANCED_FACE('',(#82),#26,.T.);
#980=ADVANCED_FACE('',(#83),#59,.T.);
#981=ADVANCED_FACE('',(#84),#962,.F.);
#982=ADVANCED_FACE('',(#85),#27,.F.);
#983=ADVANCED_FACE('',(#86),#28,.F.);
#984=ADVANCED_FACE('',(#87),#963,.T.);
#985=ADVANCED_FACE('',(#88),#964,.T.);
#986=ADVANCED_FACE('',(#89),#965,.T.);
#987=ADVANCED_FACE('',(#90),#966,.T.);
#988=ADVANCED_FACE('',(#91),#60,.F.);
#989=ADVANCED_FACE('',(#92),#15,.T.);
#990=ADVANCED_FACE('',(#93),#16,.T.);
#991=ADVANCED_FACE('',(#94),#61,.F.);
#992=ADVANCED_FACE('',(#95),#29,.F.);
#993=ADVANCED_FACE('',(#96),#62,.F.);
#994=ADVANCED_FACE('',(#97),#30,.F.);
#995=ADVANCED_FACE('',(#98),#63,.F.);
#996=ADVANCED_FACE('',(#99),#31,.F.);
#997=ADVANCED_FACE('',(#100),#32,.F.);
#998=ADVANCED_FACE('',(#101),#64,.F.);
#999=ADVANCED_FACE('',(#102),#65,.F.);
#1000=ADVANCED_FACE('',(#103,#43,#44,#45,#46,#47,#48,#49,#50),#66,.T.);
#1001=ADVANCED_FACE('',(#104),#67,.F.);
#1002=ADVANCED_FACE('',(#105),#68,.F.);
#1003=ADVANCED_FACE('',(#106),#69,.F.);
#1004=ADVANCED_FACE('',(#107),#17,.F.);
#1005=ADVANCED_FACE('',(#108),#33,.F.);
#1006=ADVANCED_FACE('',(#109),#18,.F.);
#1007=ADVANCED_FACE('',(#110),#34,.F.);
#1008=ADVANCED_FACE('',(#111),#19,.F.);
#1009=ADVANCED_FACE('',(#112),#35,.F.);
#1010=ADVANCED_FACE('',(#113),#20,.F.);
#1011=ADVANCED_FACE('',(#114),#36,.F.);
#1012=ADVANCED_FACE('',(#115),#21,.F.);
#1013=ADVANCED_FACE('',(#116),#37,.F.);
#1014=ADVANCED_FACE('',(#117),#22,.F.);
#1015=ADVANCED_FACE('',(#118),#38,.F.);
#1016=ADVANCED_FACE('',(#119),#23,.F.);
#1017=ADVANCED_FACE('',(#120),#39,.F.);
#1018=ADVANCED_FACE('',(#121),#24,.F.);
#1019=ADVANCED_FACE('',(#122),#40,.F.);
#1020=CLOSED_SHELL('',(#967,#968,#969,#970,#971,#972,#973,#974,#975,#976,
#977,#978,#979,#980,#981,#982,#983,#984,#985,#986,#987,#988,#989,#990,#991,
#992,#993,#994,#995,#996,#997,#998,#999,#1000,#1001,#1002,#1003,#1004,#1005,
#1006,#1007,#1008,#1009,#1010,#1011,#1012,#1013,#1014,#1015,#1016,#1017,
#1018,#1019));
#1021=DERIVED_UNIT_ELEMENT(#1024,1.);
#1022=DERIVED_UNIT_ELEMENT(#4472,-3.);
#1023=DIMENSIONAL_EXPONENTS(0.,1.,0.,0.,0.,0.,0.);
#1024=(
CONVERSION_BASED_UNIT('gram',#1026)
MASS_UNIT()
NAMED_UNIT(#1023)
);
#1025=(
MASS_UNIT()
NAMED_UNIT(*)
SI_UNIT(.KILO.,.GRAM.)
);
#1026=MASS_MEASURE_WITH_UNIT(MASS_MEASURE(0.001),#1025);
#1027=DERIVED_UNIT((#1021,#1022));
#1028=MEASURE_REPRESENTATION_ITEM('density measure',
POSITIVE_RATIO_MEASURE(1.),#1027);
#1029=PROPERTY_DEFINITION_REPRESENTATION(#1034,#1031);
#1030=PROPERTY_DEFINITION_REPRESENTATION(#1035,#1032);
#1031=REPRESENTATION('material name',(#1033),#4470);
#1032=REPRESENTATION('density',(#1028),#4470);
#1033=DESCRIPTIVE_REPRESENTATION_ITEM('Generic','Generic');
#1034=PROPERTY_DEFINITION('material property','material name',#4479);
#1035=PROPERTY_DEFINITION('material property','density of part',#4479);
#1036=AXIS2_PLACEMENT_3D('',#1379,#1125,#1126);
#1037=AXIS2_PLACEMENT_3D('',#1730,#1128,#1129);
#1038=AXIS2_PLACEMENT_3D('',#1739,#1130,#1131);
#1039=AXIS2_PLACEMENT_3D('',#1748,#1132,#1133);
#1040=AXIS2_PLACEMENT_3D('',#1761,#1134,#1135);
#1041=AXIS2_PLACEMENT_3D('',#1763,#1136,#1137);
#1042=AXIS2_PLACEMENT_3D('',#1786,#1139,#1140);
#1043=AXIS2_PLACEMENT_3D('',#1797,#1141,#1142);
#1044=AXIS2_PLACEMENT_3D('',#1806,#1143,#1144);
#1045=AXIS2_PLACEMENT_3D('',#1832,#1147,#1148);
#1046=AXIS2_PLACEMENT_3D('',#1842,#1149,#1150);
#1047=AXIS2_PLACEMENT_3D('',#1844,#1151,#1152);
#1048=AXIS2_PLACEMENT_3D('',#1953,#1154,#1155);
#1049=AXIS2_PLACEMENT_3D('',#1962,#1160,#1161);
#1050=AXIS2_PLACEMENT_3D('',#1973,#1166,#1167);
#1051=AXIS2_PLACEMENT_3D('',#1977,#1169,#1170);
#1052=AXIS2_PLACEMENT_3D('',#1979,#1172,#1173);
#1053=AXIS2_PLACEMENT_3D('',#1984,#1175,#1176);
#1054=AXIS2_PLACEMENT_3D('',#1987,#1178,#1179);
#1055=AXIS2_PLACEMENT_3D('',#1988,#1180,#1181);
#1056=AXIS2_PLACEMENT_3D('',#1997,#1187,#1188);
#1057=AXIS2_PLACEMENT_3D('',#2001,#1191,#1192);
#1058=AXIS2_PLACEMENT_3D('',#2003,#1193,#1194);
#1059=AXIS2_PLACEMENT_3D('',#2007,#1196,#1197);
#1060=AXIS2_PLACEMENT_3D('',#2009,#1199,#1200);
#1061=AXIS2_PLACEMENT_3D('',#3378,#1201,#1202);
#1062=AXIS2_PLACEMENT_3D('',#3381,#1203,#1204);
#1063=AXIS2_PLACEMENT_3D('',#3385,#1206,#1207);
#1064=AXIS2_PLACEMENT_3D('',#3387,#1209,#1210);
#1065=AXIS2_PLACEMENT_3D('',#3390,#1212,#1213);
#1066=AXIS2_PLACEMENT_3D('',#3393,#1215,#1216);
#1067=AXIS2_PLACEMENT_3D('',#3394,#1217,#1218);
#1068=AXIS2_PLACEMENT_3D('',#3396,#1220,#1221);
#1069=AXIS2_PLACEMENT_3D('',#3398,#1223,#1224);
#1070=AXIS2_PLACEMENT_3D('',#3402,#1226,#1227);
#1071=AXIS2_PLACEMENT_3D('',#3613,#1230,#1231);
#1072=AXIS2_PLACEMENT_3D('',#3616,#1232,#1233);
#1073=AXIS2_PLACEMENT_3D('',#3619,#1236,#1237);
#1074=AXIS2_PLACEMENT_3D('',#3622,#1238,#1239);
#1075=AXIS2_PLACEMENT_3D('',#4357,#1246,#1247);
#1076=AXIS2_PLACEMENT_3D('',#4360,#1250,#1251);
#1077=AXIS2_PLACEMENT_3D('',#4362,#1253,#1254);
#1078=AXIS2_PLACEMENT_3D('',#4364,#1256,#1257);
#1079=AXIS2_PLACEMENT_3D('',#4365,#1258,#1259);
#1080=AXIS2_PLACEMENT_3D('',#4367,#1261,#1262);
#1081=AXIS2_PLACEMENT_3D('',#4369,#1264,#1265);
#1082=AXIS2_PLACEMENT_3D('',#4371,#1267,#1268);
#1083=AXIS2_PLACEMENT_3D('',#4375,#1271,#1272);
#1084=AXIS2_PLACEMENT_3D('',#4377,#1273,#1274);
#1085=AXIS2_PLACEMENT_3D('',#4379,#1276,#1277);
#1086=AXIS2_PLACEMENT_3D('',#4383,#1279,#1280);
#1087=AXIS2_PLACEMENT_3D('',#4385,#1282,#1283);
#1088=AXIS2_PLACEMENT_3D('',#4387,#1285,#1286);
#1089=AXIS2_PLACEMENT_3D('',#4389,#1288,#1289);
#1090=AXIS2_PLACEMENT_3D('',#4394,#1293,#1294);
#1091=AXIS2_PLACEMENT_3D('',#4396,#1295,#1296);
#1092=AXIS2_PLACEMENT_3D('',#4398,#1297,#1298);
#1093=AXIS2_PLACEMENT_3D('',#4400,#1299,#1300);
#1094=AXIS2_PLACEMENT_3D('',#4402,#1301,#1302);
#1095=AXIS2_PLACEMENT_3D('',#4404,#1303,#1304);
#1096=AXIS2_PLACEMENT_3D('',#4406,#1305,#1306);
#1097=AXIS2_PLACEMENT_3D('',#4408,#1307,#1308);
#1098=AXIS2_PLACEMENT_3D('',#4409,#1309,#1310);
#1099=AXIS2_PLACEMENT_3D('',#4410,#1311,#1312);
#1100=AXIS2_PLACEMENT_3D('',#4411,#1313,#1314);
#1101=AXIS2_PLACEMENT_3D('',#4412,#1315,#1316);
#1102=AXIS2_PLACEMENT_3D('',#4416,#1318,#1319);
#1103=AXIS2_PLACEMENT_3D('',#4417,#1320,#1321);
#1104=AXIS2_PLACEMENT_3D('',#4419,#1323,#1324);
#1105=AXIS2_PLACEMENT_3D('',#4423,#1326,#1327);
#1106=AXIS2_PLACEMENT_3D('',#4424,#1328,#1329);
#1107=AXIS2_PLACEMENT_3D('',#4426,#1331,#1332);
#1108=AXIS2_PLACEMENT_3D('',#4430,#1334,#1335);
#1109=AXIS2_PLACEMENT_3D('',#4431,#1336,#1337);
#1110=AXIS2_PLACEMENT_3D('',#4433,#1339,#1340);
#1111=AXIS2_PLACEMENT_3D('',#4437,#1342,#1343);
#1112=AXIS2_PLACEMENT_3D('',#4438,#1344,#1345);
#1113=AXIS2_PLACEMENT_3D('',#4440,#1347,#1348);
#1114=AXIS2_PLACEMENT_3D('',#4444,#1350,#1351);
#1115=AXIS2_PLACEMENT_3D('',#4445,#1352,#1353);
#1116=AXIS2_PLACEMENT_3D('',#4447,#1355,#1356);
#1117=AXIS2_PLACEMENT_3D('',#4451,#1358,#1359);
#1118=AXIS2_PLACEMENT_3D('',#4452,#1360,#1361);
#1119=AXIS2_PLACEMENT_3D('',#4454,#1363,#1364);
#1120=AXIS2_PLACEMENT_3D('',#4458,#1366,#1367);
#1121=AXIS2_PLACEMENT_3D('',#4459,#1368,#1369);
#1122=AXIS2_PLACEMENT_3D('',#4461,#1371,#1372);
#1123=AXIS2_PLACEMENT_3D('',#4465,#1374,#1375);
#1124=AXIS2_PLACEMENT_3D('',#4466,#1376,#1377);
#1125=DIRECTION('axis',(0.,0.,1.));
#1126=DIRECTION('refdir',(1.,0.,0.));
#1127=DIRECTION('',(-8.45884209238213E-16,1.,2.11471052309553E-16));
#1128=DIRECTION('center_axis',(9.79170640649083E-15,2.58451932304262E-16,
1.));
#1129=DIRECTION('ref_axis',(-0.177689204399105,-0.984086656062368,1.99421961889313E-15));
#1130=DIRECTION('center_axis',(3.67219667570209E-14,-2.48488481793122E-14,
1.));
#1131=DIRECTION('ref_axis',(-0.594967551151612,-0.803749720420887,1.87612385799239E-15));
#1132=DIRECTION('center_axis',(-3.82241791975844E-15,-3.17507586183533E-15,
1.));
#1133=DIRECTION('ref_axis',(0.64519973735584,-0.764013938953966,7.261864259036E-17));
#1134=DIRECTION('center_axis',(8.66138942882825E-15,-2.62108226683068E-14,
1.));
#1135=DIRECTION('ref_axis',(0.338048709267141,-0.941128615101475,-2.75960817892213E-14));
#1136=DIRECTION('center_axis',(8.83938822258873E-15,-5.33319193201657E-14,
1.));
#1137=DIRECTION('ref_axis',(0.239863615305393,-0.970806595595964,-5.39005847707156E-14));
#1138=DIRECTION('',(0.990515470269369,0.13740124874633,0.));
#1139=DIRECTION('center_axis',(1.07177608093364E-14,2.79870294836548E-14,
1.));
#1140=DIRECTION('ref_axis',(0.826165393435479,-0.563427672988822,6.91402382005235E-15));
#1141=DIRECTION('center_axis',(-9.3115515232726E-15,-1.15942156813347E-14,
1.));
#1142=DIRECTION('ref_axis',(0.530961093918057,-0.847396198212702,-4.88082270674992E-15));
#1143=DIRECTION('center_axis',(-1.83290814965013E-17,1.66965952144108E-15,
1.));
#1144=DIRECTION('ref_axis',(0.165776488201784,-0.986163351559712,1.64959556039037E-15));
#1145=DIRECTION('',(1.86984930463184E-16,-1.,0.));
#1146=DIRECTION('',(1.86984930463184E-16,-1.,0.));
#1147=DIRECTION('center_axis',(7.49723707691067E-16,7.44584845318655E-15,
-1.));
#1148=DIRECTION('ref_axis',(0.905668394226265,0.423986744721599,3.83594211381485E-15));
#1149=DIRECTION('center_axis',(3.0071563085742E-14,1.58481046672253E-13,
1.));
#1150=DIRECTION('ref_axis',(0.143597601124752,0.98963615988464,-1.61177569157566E-13));
#1151=DIRECTION('center_axis',(-2.76976370900155E-15,7.55627984936548E-16,
1.));
#1152=DIRECTION('ref_axis',(0.245742037340163,0.969335262478316,0.));
#1153=DIRECTION('',(-6.00120553851436E-17,1.,-6.00120553851436E-17));
#1154=DIRECTION('center_axis',(1.,0.,0.));
#1155=DIRECTION('ref_axis',(0.,0.,-1.));
#1156=DIRECTION('',(0.,-1.,0.));
#1157=DIRECTION('',(0.,0.,-1.));
#1158=DIRECTION('',(0.,1.,0.));
#1159=DIRECTION('',(0.,0.,1.));
#1160=DIRECTION('center_axis',(-1.,0.,0.));
#1161=DIRECTION('ref_axis',(0.,0.,1.));
#1162=DIRECTION('',(0.,1.,0.));
#1163=DIRECTION('',(0.,0.,1.));
#1164=DIRECTION('',(0.,-1.,0.));
#1165=DIRECTION('',(0.,0.,1.));
#1166=DIRECTION('center_axis',(1.,0.,0.));
#1167=DIRECTION('ref_axis',(0.,0.,1.));
#1168=DIRECTION('',(0.,-1.,0.));
#1169=DIRECTION('center_axis',(1.,0.,0.));
#1170=DIRECTION('ref_axis',(0.,0.,1.));
#1171=DIRECTION('',(0.,-4.44089209850063E-16,1.));
#1172=DIRECTION('center_axis',(0.,0.,-1.));
#1173=DIRECTION('ref_axis',(-1.,0.,0.));
#1174=DIRECTION('',(1.,0.,0.));
#1175=DIRECTION('center_axis',(0.,0.,-1.));
#1176=DIRECTION('ref_axis',(-1.,0.,0.));
#1177=DIRECTION('',(1.,0.,0.));
#1178=DIRECTION('center_axis',(0.,0.,-1.));
#1179=DIRECTION('ref_axis',(-1.,0.,0.));
#1180=DIRECTION('center_axis',(0.,1.,2.66880534765663E-16));
#1181=DIRECTION('ref_axis',(0.,-2.66880534765663E-16,1.));
#1182=DIRECTION('',(-1.,-1.11022302462515E-15,0.));
#1183=DIRECTION('',(1.,0.,0.));
#1184=DIRECTION('',(0.,0.,1.));
#1185=DIRECTION('',(-1.,-8.88178419700122E-16,0.));
#1186=DIRECTION('',(0.,0.,1.));
#1187=DIRECTION('center_axis',(0.,0.,-1.));
#1188=DIRECTION('ref_axis',(-1.,0.,0.));
#1189=DIRECTION('',(0.,-1.,0.));
#1190=DIRECTION('',(1.,1.77635683940025E-15,0.));
#1191=DIRECTION('center_axis',(-1.,0.,0.));
#1192=DIRECTION('ref_axis',(0.,0.,1.));
#1193=DIRECTION('center_axis',(-1.,0.,0.));
#1194=DIRECTION('ref_axis',(0.,0.,1.));
#1195=DIRECTION('',(0.,-1.,0.));
#1196=DIRECTION('center_axis',(-1.,0.,0.));
#1197=DIRECTION('ref_axis',(0.,0.,1.));
#1198=DIRECTION('',(0.,0.,1.));
#1199=DIRECTION('center_axis',(0.,0.,1.));
#1200=DIRECTION('ref_axis',(1.,0.,0.));
#1201=DIRECTION('center_axis',(0.,0.,-1.));
#1202=DIRECTION('ref_axis',(-1.,0.,0.));
#1203=DIRECTION('center_axis',(0.,0.,-1.));
#1204=DIRECTION('ref_axis',(-1.,0.,0.));
#1205=DIRECTION('',(0.,-1.,0.));
#1206=DIRECTION('center_axis',(0.,0.,-1.));
#1207=DIRECTION('ref_axis',(-1.,0.,0.));
#1208=DIRECTION('',(0.,1.,0.));
#1209=DIRECTION('center_axis',(0.,0.,1.));
#1210=DIRECTION('ref_axis',(1.,0.,0.));
#1211=DIRECTION('',(0.,0.,1.));
#1212=DIRECTION('center_axis',(0.,0.,-1.));
#1213=DIRECTION('ref_axis',(-1.,0.,0.));
#1214=DIRECTION('',(0.,0.,-1.));
#1215=DIRECTION('center_axis',(0.,0.,-1.));
#1216=DIRECTION('ref_axis',(-1.,0.,0.));
#1217=DIRECTION('center_axis',(0.,0.,1.));
#1218=DIRECTION('ref_axis',(1.,0.,0.));
#1219=DIRECTION('',(0.,0.,1.));
#1220=DIRECTION('center_axis',(0.,0.,-1.));
#1221=DIRECTION('ref_axis',(-1.,0.,0.));
#1222=DIRECTION('',(0.,0.,1.));
#1223=DIRECTION('center_axis',(0.,0.,-1.));
#1224=DIRECTION('ref_axis',(-1.,0.,0.));
#1225=DIRECTION('',(-1.,0.,0.));
#1226=DIRECTION('center_axis',(0.,0.,-1.));
#1227=DIRECTION('ref_axis',(-1.,0.,0.));
#1228=DIRECTION('',(1.,0.,0.));
#1229=DIRECTION('',(-6.00120553851436E-17,1.,-6.00120553851436E-17));
#1230=DIRECTION('center_axis',(0.,0.,1.));
#1231=DIRECTION('ref_axis',(1.,0.,0.));
#1232=DIRECTION('center_axis',(0.,0.,-1.));
#1233=DIRECTION('ref_axis',(-1.,0.,0.));
#1234=DIRECTION('',(0.,0.,1.));
#1235=DIRECTION('',(0.,0.,1.));
#1236=DIRECTION('center_axis',(0.,0.,1.));
#1237=DIRECTION('ref_axis',(1.,0.,0.));
#1238=DIRECTION('center_axis',(0.,0.,-1.));
#1239=DIRECTION('ref_axis',(-1.,0.,0.));
#1240=DIRECTION('',(0.,0.,1.));
#1241=DIRECTION('',(0.,0.,1.));
#1242=DIRECTION('',(-0.774097680877118,-0.00599607083235458,0.633037777383973));
#1243=DIRECTION('',(-0.774097680877118,0.0059960708323494,-0.633037777383974));
#1244=DIRECTION('',(-0.776075098626275,-0.0056273825914387,-0.630615392975297));
#1245=DIRECTION('',(-0.772090334260239,0.00635918574503476,0.635480980438103));
#1246=DIRECTION('center_axis',(-0.866025403784438,0.,-0.500000000000001));
#1247=DIRECTION('ref_axis',(-0.500000000000001,0.,0.866025403784438));
#1248=DIRECTION('',(0.500000000000001,0.,-0.866025403784438));
#1249=DIRECTION('',(-0.500000000000001,0.,0.866025403784438));
#1250=DIRECTION('center_axis',(0.,0.,-1.));
#1251=DIRECTION('ref_axis',(-1.,0.,0.));
#1252=DIRECTION('',(0.500000000000001,0.,0.866025403784438));
#1253=DIRECTION('center_axis',(0.,0.,-1.));
#1254=DIRECTION('ref_axis',(-1.,0.,0.));
#1255=DIRECTION('',(-0.500000000000001,0.,-0.866025403784438));
#1256=DIRECTION('center_axis',(0.866025403784438,0.,-0.500000000000001));
#1257=DIRECTION('ref_axis',(-0.500000000000001,0.,-0.866025403784438));
#1258=DIRECTION('center_axis',(1.,0.,0.));
#1259=DIRECTION('ref_axis',(0.,0.,-1.));
#1260=DIRECTION('',(1.,0.,0.));
#1261=DIRECTION('center_axis',(0.,0.,1.));
#1262=DIRECTION('ref_axis',(1.,0.,0.));
#1263=DIRECTION('',(1.,0.,0.));
#1264=DIRECTION('center_axis',(1.,0.,0.));
#1265=DIRECTION('ref_axis',(0.,0.,-1.));
#1266=DIRECTION('',(1.,0.,0.));
#1267=DIRECTION('center_axis',(0.,-1.,0.));
#1268=DIRECTION('ref_axis',(0.,0.,-1.));
#1269=DIRECTION('',(1.,1.77635683940025E-15,0.));
#1270=DIRECTION('',(0.,0.,1.));
#1271=DIRECTION('center_axis',(0.,0.,1.));
#1272=DIRECTION('ref_axis',(1.,0.,0.));
#1273=DIRECTION('center_axis',(0.,0.,1.));
#1274=DIRECTION('ref_axis',(-1.,0.,0.));
#1275=DIRECTION('',(0.,0.,1.));
#1276=DIRECTION('center_axis',(0.,0.,1.));
#1277=DIRECTION('ref_axis',(1.,0.,0.));
#1278=DIRECTION('',(0.,0.,1.));
#1279=DIRECTION('center_axis',(0.,0.,1.));
#1280=DIRECTION('ref_axis',(-1.,0.,0.));
#1281=DIRECTION('',(0.,0.,1.));
#1282=DIRECTION('center_axis',(-1.,-1.82602471155453E-16,0.));
#1283=DIRECTION('ref_axis',(0.,0.,1.));
#1284=DIRECTION('',(1.86984930463184E-16,-1.,0.));
#1285=DIRECTION('center_axis',(1.,0.,0.));
#1286=DIRECTION('ref_axis',(0.,0.,-1.));
#1287=DIRECTION('',(0.,1.,0.));
#1288=DIRECTION('center_axis',(0.,0.,-1.));
#1289=DIRECTION('ref_axis',(-1.,0.,0.));
#1290=DIRECTION('',(1.,0.,0.));
#1291=DIRECTION('',(-1.,0.,0.));
#1292=DIRECTION('',(-1.,0.,0.));
#1293=DIRECTION('center_axis',(0.,0.,-1.));
#1294=DIRECTION('ref_axis',(-1.,0.,0.));
#1295=DIRECTION('center_axis',(0.,0.,-1.));
#1296=DIRECTION('ref_axis',(-1.,0.,0.));
#1297=DIRECTION('center_axis',(0.,0.,-1.));
#1298=DIRECTION('ref_axis',(-1.,0.,0.));
#1299=DIRECTION('center_axis',(0.,0.,-1.));
#1300=DIRECTION('ref_axis',(-1.,0.,0.));
#1301=DIRECTION('center_axis',(0.,0.,-1.));
#1302=DIRECTION('ref_axis',(-1.,0.,0.));
#1303=DIRECTION('center_axis',(0.,0.,-1.));
#1304=DIRECTION('ref_axis',(-1.,0.,0.));
#1305=DIRECTION('center_axis',(0.,0.,-1.));
#1306=DIRECTION('ref_axis',(-1.,0.,0.));
#1307=DIRECTION('center_axis',(0.,0.,-1.));
#1308=DIRECTION('ref_axis',(-1.,0.,0.));
#1309=DIRECTION('center_axis',(0.,1.,0.));
#1310=DIRECTION('ref_axis',(0.,0.,1.));
#1311=DIRECTION('center_axis',(0.,1.,0.));
#1312=DIRECTION('ref_axis',(0.,0.,1.));
#1313=DIRECTION('center_axis',(0.,-1.,0.));
#1314=DIRECTION('ref_axis',(0.,0.,-1.));
#1315=DIRECTION('center_axis',(0.,0.,-1.));
#1316=DIRECTION('ref_axis',(-1.,0.,0.));
#1317=DIRECTION('',(0.857167300702111,-1.04972719113862E-16,-0.515038074910056));
#1318=DIRECTION('center_axis',(0.,0.,-1.));
#1319=DIRECTION('ref_axis',(-1.,0.,0.));
#1320=DIRECTION('center_axis',(0.,0.,-1.));
#1321=DIRECTION('ref_axis',(-1.,0.,0.));
#1322=DIRECTION('',(0.,0.,-1.));
#1323=DIRECTION('center_axis',(0.,0.,-1.));
#1324=DIRECTION('ref_axis',(-1.,0.,0.));
#1325=DIRECTION('',(0.857167300702111,-1.04972719113862E-16,-0.515038074910057));
#1326=DIRECTION('center_axis',(0.,0.,-1.));
#1327=DIRECTION('ref_axis',(-1.,0.,0.));
#1328=DIRECTION('center_axis',(0.,0.,-1.));
#1329=DIRECTION('ref_axis',(-1.,0.,0.));
#1330=DIRECTION('',(0.,0.,-1.));
#1331=DIRECTION('center_axis',(0.,0.,-1.));
#1332=DIRECTION('ref_axis',(-1.,0.,0.));
#1333=DIRECTION('',(0.857167300702111,-1.04972719113862E-16,-0.515038074910057));
#1334=DIRECTION('center_axis',(0.,0.,-1.));
#1335=DIRECTION('ref_axis',(-1.,0.,0.));
#1336=DIRECTION('center_axis',(0.,0.,-1.));
#1337=DIRECTION('ref_axis',(-1.,0.,0.));
#1338=DIRECTION('',(0.,0.,-1.));
#1339=DIRECTION('center_axis',(0.,0.,-1.));
#1340=DIRECTION('ref_axis',(-1.,0.,0.));
#1341=DIRECTION('',(0.857167300702111,-1.04972719113862E-16,-0.515038074910056));
#1342=DIRECTION('center_axis',(0.,0.,-1.));
#1343=DIRECTION('ref_axis',(-1.,0.,0.));
#1344=DIRECTION('center_axis',(0.,0.,-1.));
#1345=DIRECTION('ref_axis',(-1.,0.,0.));
#1346=DIRECTION('',(0.,0.,-1.));
#1347=DIRECTION('center_axis',(0.,0.,-1.));
#1348=DIRECTION('ref_axis',(-1.,0.,0.));
#1349=DIRECTION('',(0.857167300702111,-1.04972719113862E-16,-0.515038074910057));
#1350=DIRECTION('center_axis',(0.,0.,-1.));
#1351=DIRECTION('ref_axis',(-1.,0.,0.));
#1352=DIRECTION('center_axis',(0.,0.,-1.));
#1353=DIRECTION('ref_axis',(-1.,0.,0.));
#1354=DIRECTION('',(0.,0.,-1.));
#1355=DIRECTION('center_axis',(0.,0.,-1.));
#1356=DIRECTION('ref_axis',(-1.,0.,0.));
#1357=DIRECTION('',(0.857167300702111,-1.04972719113862E-16,-0.515038074910057));
#1358=DIRECTION('center_axis',(0.,0.,-1.));
#1359=DIRECTION('ref_axis',(-1.,0.,0.));
#1360=DIRECTION('center_axis',(0.,0.,-1.));
#1361=DIRECTION('ref_axis',(-1.,0.,0.));
#1362=DIRECTION('',(0.,0.,-1.));
#1363=DIRECTION('center_axis',(0.,0.,-1.));
#1364=DIRECTION('ref_axis',(-1.,0.,0.));
#1365=DIRECTION('',(0.857167300702111,-1.04972719113862E-16,-0.515038074910057));
#1366=DIRECTION('center_axis',(0.,0.,-1.));
#1367=DIRECTION('ref_axis',(-1.,0.,0.));
#1368=DIRECTION('center_axis',(0.,0.,-1.));
#1369=DIRECTION('ref_axis',(-1.,0.,0.));
#1370=DIRECTION('',(0.,0.,-1.));
#1371=DIRECTION('center_axis',(0.,0.,-1.));
#1372=DIRECTION('ref_axis',(-1.,0.,0.));
#1373=DIRECTION('',(0.857167300702111,-1.04972719113862E-16,-0.515038074910057));
#1374=DIRECTION('center_axis',(0.,0.,-1.));
#1375=DIRECTION('ref_axis',(-1.,0.,0.));
#1376=DIRECTION('center_axis',(0.,0.,-1.));
#1377=DIRECTION('ref_axis',(-1.,0.,0.));
#1378=DIRECTION('',(0.,0.,-1.));
#1379=CARTESIAN_POINT('',(0.,0.,0.));
#1380=CARTESIAN_POINT('Ctrl Pts',(1.28,-8.67361737988404E-17,0.));
#1381=CARTESIAN_POINT('Ctrl Pts',(1.44458116696345,3.15216479543834E-17,
-0.30737672796839));
#1382=CARTESIAN_POINT('Ctrl Pts',(1.52885612198954,3.15216479543834E-17,
-0.651356136238126));
#1383=CARTESIAN_POINT('Ctrl Pts',(1.525,4.33680868994202E-17,-1.));
#1384=CARTESIAN_POINT('Ctrl Pts',(1.28,-0.395833333333333,0.));
#1385=CARTESIAN_POINT('Ctrl Pts',(1.44458116696345,-0.395833333333333,-0.30737672796839));
#1386=CARTESIAN_POINT('Ctrl Pts',(1.52885612198954,-0.395833333333333,-0.651356136238126));
#1387=CARTESIAN_POINT('Ctrl Pts',(1.525,-0.395833333333333,-1.));
#1388=CARTESIAN_POINT('Ctrl Pts',(1.28,-1.19315543959938,0.));
#1389=CARTESIAN_POINT('Ctrl Pts',(1.43941782295512,-1.19420777655953,-0.307376278928073));
#1390=CARTESIAN_POINT('Ctrl Pts',(1.52353461337033,-1.19061874862896,-0.651355736305975));
#1391=CARTESIAN_POINT('Ctrl Pts',(1.525,-1.18193181651728,-1.));
#1392=CARTESIAN_POINT('Ctrl Pts',(1.28,-2.39344630018196,0.));
#1393=CARTESIAN_POINT('Ctrl Pts',(1.42147422651867,-2.40275394656272,-0.307374718431466));
#1394=CARTESIAN_POINT('Ctrl Pts',(1.5050413296853,-2.3912734265521,-0.651354346469152));
#1395=CARTESIAN_POINT('Ctrl Pts',(1.525,-2.35696164432528,-0.999999999999998));
#1396=CARTESIAN_POINT('Ctrl Pts',(1.28,-3.58487000204443,0.));
#1397=CARTESIAN_POINT('Ctrl Pts',(1.3986235012593,-3.6126456087602,-0.307372731183553));
#1398=CARTESIAN_POINT('Ctrl Pts',(1.4814905303455,-3.59904083392683,-0.651352576551611));
#1399=CARTESIAN_POINT('Ctrl Pts',(1.525,-3.53999214785867,-1.));
#1400=CARTESIAN_POINT('Ctrl Pts',(1.28,-4.36508846101068,0.));
#1401=CARTESIAN_POINT('Ctrl Pts',(1.38364589960513,-4.41430854039548,-0.307371428640621));
#1402=CARTESIAN_POINT('Ctrl Pts',(1.46605399041674,-4.40861604602624,-0.65135141645801));
#1403=CARTESIAN_POINT('Ctrl Pts',(1.525,-4.34262315427409,-1.));
#1404=CARTESIAN_POINT('Ctrl Pts',(1.28,-4.92847340137421,0.));
#1405=CARTESIAN_POINT('Ctrl Pts',(1.3740693183047,-4.99761186853613,-0.307370595807669));
#1406=CARTESIAN_POINT('Ctrl Pts',(1.45618391942533,-5.00316224784251,-0.651350674705739));
#1407=CARTESIAN_POINT('Ctrl Pts',(1.525,-4.9388899758211,-1.));
#1408=CARTESIAN_POINT('Ctrl Pts',(1.22404254089502,-5.18630911762866,0.));
#1409=CARTESIAN_POINT('Ctrl Pts',(1.31467685222064,-5.27067515510703,-0.307370226592026));
#1410=CARTESIAN_POINT('Ctrl Pts',(1.39747187344693,-5.28760119071828,-0.651350345868435));
#1411=CARTESIAN_POINT('Ctrl Pts',(1.47147417231174,-5.23047728019898,-0.999999999999998));
#1412=CARTESIAN_POINT('Ctrl Pts',(1.06081216712892,-5.48066054364623,0.));
#1413=CARTESIAN_POINT('Ctrl Pts',(1.13935554670159,-5.59041630092595,-0.307369810304027));
#1414=CARTESIAN_POINT('Ctrl Pts',(1.21469975291482,-5.62837345552173,-0.651349975106727));
#1415=CARTESIAN_POINT('Ctrl Pts',(1.28633159337341,-5.58749882433909,-1.));
#1416=CARTESIAN_POINT('Ctrl Pts',(0.900094950140733,-5.67129636382686,0.));
#1417=CARTESIAN_POINT('Ctrl Pts',(0.965451379306965,-5.79985556942463,-0.307369541822084));
#1418=CARTESIAN_POINT('Ctrl Pts',(1.03060124631255,-5.85379492021159,-0.651349735986636));
#1419=CARTESIAN_POINT('Ctrl Pts',(1.09531535322217,-5.82580826847729,-0.999999999999999));
#1420=CARTESIAN_POINT('Ctrl Pts',(0.70709907397173,-5.82639144983655,0.));
#1421=CARTESIAN_POINT('Ctrl Pts',(0.755295678416467,-5.97135965141245,-0.307369322808494));
#1422=CARTESIAN_POINT('Ctrl Pts',(0.805726938873638,-6.03939350075605,-0.651349540924917));
#1423=CARTESIAN_POINT('Ctrl Pts',(0.858395408453496,-6.02296418011053,-1.));
#1424=CARTESIAN_POINT('Ctrl Pts',(0.488363042252041,-5.94181320738708,0.));
#1425=CARTESIAN_POINT('Ctrl Pts',(0.516948038562012,-6.09875498970764,-0.30736915899755));
#1426=CARTESIAN_POINT('Ctrl Pts',(0.549593599362184,-6.1770137332996,-0.651349395028745));
#1427=CARTESIAN_POINT('Ctrl Pts',(0.586475727420136,-6.16889407499138,-1.));
#1428=CARTESIAN_POINT('Ctrl Pts',(0.250425358611797,-6.0134290421902,0.));
#1429=CARTESIAN_POINT('Ctrl Pts',(0.259013340741563,-6.17706874033592,-0.307369056123548));
#1430=CARTESIAN_POINT('Ctrl Pts',(0.272808569474396,-6.26090158040162,-0.651349303405299));
#1431=CARTESIAN_POINT('Ctrl Pts',(0.292096137872984,-6.25712760849475,-1.));
#1432=CARTESIAN_POINT('Ctrl Pts',(0.0839562610391292,-6.03,0.));
#1433=CARTESIAN_POINT('Ctrl Pts',(0.0804864650614469,-6.19457748474616,
-0.307369031988371));
#1434=CARTESIAN_POINT('Ctrl Pts',(0.0824929417390799,-6.2790548474211,-0.651349281909605));
#1435=CARTESIAN_POINT('Ctrl Pts',(0.0902865661073385,-6.27560759682223,
-1.));
#1436=CARTESIAN_POINT('Ctrl Pts',(-0.0835953460621328,-6.03,0.));
#1437=CARTESIAN_POINT('Ctrl Pts',(-0.0977540298362933,-6.19419811591969,
-0.307369031988371));
#1438=CARTESIAN_POINT('Ctrl Pts',(-0.106436434817474,-6.27825060366095,
-0.651349281909605));
#1439=CARTESIAN_POINT('Ctrl Pts',(-0.109331396391552,-6.27433297298177,
-1.));
#1440=CARTESIAN_POINT('Ctrl Pts',(-0.249605546617896,-6.01355291294555,
0.));
#1441=CARTESIAN_POINT('Ctrl Pts',(-0.275468009612317,-6.17601344333193,
-0.307369055981793));
#1442=CARTESIAN_POINT('Ctrl Pts',(-0.295620894143337,-6.25853631880636,
-0.651349303279047));
#1443=CARTESIAN_POINT('Ctrl Pts',(-0.30972934387206,-6.25332144408322,-1.));
#1444=CARTESIAN_POINT('Ctrl Pts',(-0.566707855660081,-5.91842467454071,
0.));
#1445=CARTESIAN_POINT('Ctrl Pts',(-0.617693744303595,-6.07099097198962,
-0.307369192363853));
#1446=CARTESIAN_POINT('Ctrl Pts',(-0.661643968160487,-6.14496933758084,
-0.651349424746024));
#1447=CARTESIAN_POINT('Ctrl Pts',(-0.698090070070052,-6.13269833693685,
-0.999999999999996));
#1448=CARTESIAN_POINT('Ctrl Pts',(-0.915996583466063,-5.68948978833318,
0.));
#1449=CARTESIAN_POINT('Ctrl Pts',(-0.996144509822488,-5.81710125474939,
-0.307369514372848));
#1450=CARTESIAN_POINT('Ctrl Pts',(-1.06612578889916,-5.86941324494705,-0.651349711539318));
#1451=CARTESIAN_POINT('Ctrl Pts',(-1.12515716813512,-5.83909171193194,-1.));
#1452=CARTESIAN_POINT('Ctrl Pts',(-1.20571376894284,-5.2717846273528,0.));
#1453=CARTESIAN_POINT('Ctrl Pts',(-1.3049642643611,-5.3606144530507,-0.307370097763102));
#1454=CARTESIAN_POINT('Ctrl Pts',(-1.38837565737443,-5.38017453891155,-0.651350231128562));
#1455=CARTESIAN_POINT('Ctrl Pts',(-1.45459483218481,-5.3237239708206,-0.999999999999998));
#1456=CARTESIAN_POINT('Ctrl Pts',(-1.28,-4.92794850587798,0.));
#1457=CARTESIAN_POINT('Ctrl Pts',(-1.38288001520476,-4.99750040143478,-0.307370587695722));
#1458=CARTESIAN_POINT('Ctrl Pts',(-1.46515718930494,-5.00287244561887,-0.651350667480934));
#1459=CARTESIAN_POINT('Ctrl Pts',(-1.525,-4.93782183826301,-1.));
#1460=CARTESIAN_POINT('Ctrl Pts',(-1.28,-4.36456356551104,0.));
#1461=CARTESIAN_POINT('Ctrl Pts',(-1.39123567641847,-4.41476224067726,-0.307371419211664));
#1462=CARTESIAN_POINT('Ctrl Pts',(-1.47378347381347,-4.40943282827999,-0.651351408060227));
#1463=CARTESIAN_POINT('Ctrl Pts',(-1.525,-4.34317792920521,-1.));
#1464=CARTESIAN_POINT('Ctrl Pts',(-1.28,-3.58377067818363,0.));
#1465=CARTESIAN_POINT('Ctrl Pts',(-1.40433489777536,-3.61281513953012,-0.30737272279249));
#1466=CARTESIAN_POINT('Ctrl Pts',(-1.4873068783444,-3.59993145821737,-0.651352569078215));
#1467=CARTESIAN_POINT('Ctrl Pts',(-1.52500000000001,-3.54104758309794,-1.));
#1468=CARTESIAN_POINT('Ctrl Pts',(-1.28,-2.39252660873182,0.));
#1469=CARTESIAN_POINT('Ctrl Pts',(-1.42433945672973,-2.40273782016267,-0.307374713576262));
#1470=CARTESIAN_POINT('Ctrl Pts',(-1.50795912141042,-2.39184392177059,-0.651354342144927));
#1471=CARTESIAN_POINT('Ctrl Pts',(-1.525,-2.3577968870759,-1.));
#1472=CARTESIAN_POINT('Ctrl Pts',(-1.28,-1.19287445712225,0.));
#1473=CARTESIAN_POINT('Ctrl Pts',(-1.44005665899159,-1.19418706187652,-0.307376277702544));
#1474=CARTESIAN_POINT('Ctrl Pts',(-1.52418514880384,-1.1907783003383,-0.651355735214472));
#1475=CARTESIAN_POINT('Ctrl Pts',(-1.525,-1.18219038864409,-0.999999999999999));
#1476=CARTESIAN_POINT('Ctrl Pts',(-1.28,-0.395833333333333,0.));
#1477=CARTESIAN_POINT('Ctrl Pts',(-1.44458116696346,-0.395833333333333,
-0.30737672796839));
#1478=CARTESIAN_POINT('Ctrl Pts',(-1.52885612198954,-0.395833333333333,
-0.651356136238126));
#1479=CARTESIAN_POINT('Ctrl Pts',(-1.525,-0.395833333333333,-1.));
#1480=CARTESIAN_POINT('Ctrl Pts',(-1.28,0.395833333333333,0.));
#1481=CARTESIAN_POINT('Ctrl Pts',(-1.44458116696346,0.395833333333333,-0.30737672796839));
#1482=CARTESIAN_POINT('Ctrl Pts',(-1.52885612198954,0.395833333333333,-0.651356136238126));
#1483=CARTESIAN_POINT('Ctrl Pts',(-1.525,0.395833333333333,-1.));
#1484=CARTESIAN_POINT('Ctrl Pts',(-1.28,1.19301492430396,0.));
#1485=CARTESIAN_POINT('Ctrl Pts',(-1.43973672758684,1.19420802357354,-0.30737672796839));
#1486=CARTESIAN_POINT('Ctrl Pts',(-1.52385928834186,1.19070907773758,-0.651356136238126));
#1487=CARTESIAN_POINT('Ctrl Pts',(-1.525,1.18206090398286,-1.));
#1488=CARTESIAN_POINT('Ctrl Pts',(-1.28,2.39298633277472,0.));
#1489=CARTESIAN_POINT('Ctrl Pts',(-1.42290480426884,2.40279345027735,-0.30737672796839));
#1490=CARTESIAN_POINT('Ctrl Pts',(-1.5064978736864,2.39160609069389,-0.651356136238126));
#1491=CARTESIAN_POINT('Ctrl Pts',(-1.525,2.35737859719876,-0.999999999999999));
#1492=CARTESIAN_POINT('Ctrl Pts',(-1.28000000000001,3.58432040695629,0.));
#1493=CARTESIAN_POINT('Ctrl Pts',(-1.40147567057451,3.61282549340327,-0.307376727968391));
#1494=CARTESIAN_POINT('Ctrl Pts',(-1.48439463160611,3.59958107745578,-0.651356136238127));
#1495=CARTESIAN_POINT('Ctrl Pts',(-1.525,3.54051917713037,-1.));
#1496=CARTESIAN_POINT('Ctrl Pts',(-1.28,4.36482619208607,0.));
#1497=CARTESIAN_POINT('Ctrl Pts',(-1.38743681044524,4.41466193548723,-0.307376727968391));
#1498=CARTESIAN_POINT('Ctrl Pts',(-1.46991414310878,4.40915094473272,-0.651356136238127));
#1499=CARTESIAN_POINT('Ctrl Pts',(-1.525,4.3429003527349,-1.));
#1500=CARTESIAN_POINT('Ctrl Pts',(-1.28,4.92821113245131,0.));
#1501=CARTESIAN_POINT('Ctrl Pts',(-1.37847116412893,4.99770266381524,-0.307376727968391));
#1502=CARTESIAN_POINT('Ctrl Pts',(-1.46066645938239,5.00316385211727,-0.651356136238127));
#1503=CARTESIAN_POINT('Ctrl Pts',(-1.525,4.93835571803952,-1.));
#1504=CARTESIAN_POINT('Ctrl Pts',(-1.22416363372303,5.18606813636923,0.));
#1505=CARTESIAN_POINT('Ctrl Pts',(-1.31954292095036,5.27040069061889,-0.30737672796839));
#1506=CARTESIAN_POINT('Ctrl Pts',(-1.4024898295301,5.28685941157875,-0.651356136238126));
#1507=CARTESIAN_POINT('Ctrl Pts',(-1.47179297514751,5.22883081848534,-0.999999999999998));
#1508=CARTESIAN_POINT('Ctrl Pts',(-1.06083363933407,5.48064893436739,0.));
#1509=CARTESIAN_POINT('Ctrl Pts',(-1.14497194587258,5.58982004023004,-0.307376727968392));
#1510=CARTESIAN_POINT('Ctrl Pts',(-1.22101076258696,5.62678442397945,-0.651356136238129));
#1511=CARTESIAN_POINT('Ctrl Pts',(-1.28816089255773,5.58450641745685,-1.));
#1512=CARTESIAN_POINT('Ctrl Pts',(-0.899956841645055,5.67145606401914,0.));
#1513=CARTESIAN_POINT('Ctrl Pts',(-0.971695037809674,5.7991300025707,-0.30737672796839));
#1514=CARTESIAN_POINT('Ctrl Pts',(-1.03812795539534,5.85180300776385,-0.651356136238125));
#1515=CARTESIAN_POINT('Ctrl Pts',(-1.09873865943423,5.82216714948814,-0.999999999999997));
#1516=CARTESIAN_POINT('Ctrl Pts',(-0.706762193171314,5.82662052625672,0.));
#1517=CARTESIAN_POINT('Ctrl Pts',(-0.762205383056801,5.97061703631556,-0.307376727968391));
#1518=CARTESIAN_POINT('Ctrl Pts',(-0.814622477270543,6.03733343010877,-0.651356136238126));
#1519=CARTESIAN_POINT('Ctrl Pts',(-0.863718619539604,6.01923969883105,-1.));
#1520=CARTESIAN_POINT('Ctrl Pts',(-0.487898822983494,5.94200968738198,0.));
#1521=CARTESIAN_POINT('Ctrl Pts',(-0.524533903902136,6.09815286284969,-0.307376727968391));
#1522=CARTESIAN_POINT('Ctrl Pts',(-0.559847470752738,6.17531134044806,-0.651356136238128));
#1523=CARTESIAN_POINT('Ctrl Pts',(-0.593710758038438,6.16578902059572,-1.));
#1524=CARTESIAN_POINT('Ctrl Pts',(-0.250015860152248,6.0134909136968,0.));
#1525=CARTESIAN_POINT('Ctrl Pts',(-0.267250133699079,6.17675507282969,-0.307376727968391));
#1526=CARTESIAN_POINT('Ctrl Pts',(-0.284233300512532,6.25996412675859,-0.651356136238126));
#1527=CARTESIAN_POINT('Ctrl Pts',(-0.300940893290992,6.25531767770686,-0.999999999999999));
#1528=CARTESIAN_POINT('Ctrl Pts',(-0.0837758035506305,6.03,0.));
#1529=CARTESIAN_POINT('Ctrl Pts',(-0.0891208743500848,6.19458116696345,
-0.307376727968391));
#1530=CARTESIAN_POINT('Ctrl Pts',(-0.0944659451495392,6.27885612198954,
-0.651356136238127));
#1531=CARTESIAN_POINT('Ctrl Pts',(-0.0998110159489935,6.275,-1.));
#1532=CARTESIAN_POINT('Ctrl Pts',(0.0837758035506306,6.03,0.));
#1533=CARTESIAN_POINT('Ctrl Pts',(0.0891208743500848,6.19458116696345,-0.307376727968391));
#1534=CARTESIAN_POINT('Ctrl Pts',(0.0944659451495392,6.27885612198954,-0.651356136238127));
#1535=CARTESIAN_POINT('Ctrl Pts',(0.0998110159489935,6.275,-1.));
#1536=CARTESIAN_POINT('Ctrl Pts',(0.250015860152247,6.0134909136968,0.));
#1537=CARTESIAN_POINT('Ctrl Pts',(0.267250133699079,6.1767550728297,-0.307376727968391));
#1538=CARTESIAN_POINT('Ctrl Pts',(0.284233300512531,6.25996412675861,-0.651356136238128));
#1539=CARTESIAN_POINT('Ctrl Pts',(0.300940893290992,6.25531767770689,-1.));
#1540=CARTESIAN_POINT('Ctrl Pts',(0.487898822983493,5.94200968738198,0.));
#1541=CARTESIAN_POINT('Ctrl Pts',(0.524533903902134,6.09815286284968,-0.30737672796839));
#1542=CARTESIAN_POINT('Ctrl Pts',(0.559847470752738,6.17531134044805,-0.651356136238126));
#1543=CARTESIAN_POINT('Ctrl Pts',(0.593710758038438,6.16578902059569,-0.999999999999999));
#1544=CARTESIAN_POINT('Ctrl Pts',(0.706762193171313,5.82662052625672,0.));
#1545=CARTESIAN_POINT('Ctrl Pts',(0.762205383056798,5.97061703631556,-0.307376727968391));
#1546=CARTESIAN_POINT('Ctrl Pts',(0.814622477270537,6.03733343010878,-0.651356136238127));
#1547=CARTESIAN_POINT('Ctrl Pts',(0.863718619539597,6.01923969883105,-1.));
#1548=CARTESIAN_POINT('Ctrl Pts',(0.899956841645053,5.67145606401915,0.));
#1549=CARTESIAN_POINT('Ctrl Pts',(0.971695037809673,5.7991300025707,-0.307376727968391));
#1550=CARTESIAN_POINT('Ctrl Pts',(1.03812795539534,5.85180300776385,-0.651356136238127));
#1551=CARTESIAN_POINT('Ctrl Pts',(1.09873865943423,5.82216714948814,-1.));
#1552=CARTESIAN_POINT('Ctrl Pts',(1.06083363933406,5.48064893436738,0.));
#1553=CARTESIAN_POINT('Ctrl Pts',(1.14497194587257,5.58982004023003,-0.307376727968391));
#1554=CARTESIAN_POINT('Ctrl Pts',(1.22101076258695,5.62678442397944,-0.651356136238126));
#1555=CARTESIAN_POINT('Ctrl Pts',(1.28816089255772,5.58450641745684,-0.999999999999999));
#1556=CARTESIAN_POINT('Ctrl Pts',(1.22416363372303,5.18606813636922,0.));
#1557=CARTESIAN_POINT('Ctrl Pts',(1.31954292095035,5.27040069061888,-0.307376727968391));
#1558=CARTESIAN_POINT('Ctrl Pts',(1.4024898295301,5.28685941157875,-0.651356136238127));
#1559=CARTESIAN_POINT('Ctrl Pts',(1.47179297514751,5.22883081848533,-1.));
#1560=CARTESIAN_POINT('Ctrl Pts',(1.28,4.92821113245131,0.));
#1561=CARTESIAN_POINT('Ctrl Pts',(1.37847116412893,4.99770266381524,-0.307376727968391));
#1562=CARTESIAN_POINT('Ctrl Pts',(1.46066645938239,5.00316385211727,-0.651356136238127));
#1563=CARTESIAN_POINT('Ctrl Pts',(1.525,4.93835571803952,-1.));
#1564=CARTESIAN_POINT('Ctrl Pts',(1.28,4.36482619208607,0.));
#1565=CARTESIAN_POINT('Ctrl Pts',(1.38743681044523,4.41466193548723,-0.307376727968391));
#1566=CARTESIAN_POINT('Ctrl Pts',(1.46991414310877,4.40915094473272,-0.651356136238127));
#1567=CARTESIAN_POINT('Ctrl Pts',(1.525,4.3429003527349,-1.));
#1568=CARTESIAN_POINT('Ctrl Pts',(1.28,3.58432040695629,0.));
#1569=CARTESIAN_POINT('Ctrl Pts',(1.40147567057451,3.61282549340326,-0.30737672796839));
#1570=CARTESIAN_POINT('Ctrl Pts',(1.48439463160611,3.59958107745578,-0.651356136238125));
#1571=CARTESIAN_POINT('Ctrl Pts',(1.525,3.54051917713037,-0.999999999999998));
#1572=CARTESIAN_POINT('Ctrl Pts',(1.28,2.39298633277472,0.));
#1573=CARTESIAN_POINT('Ctrl Pts',(1.42290480426884,2.40279345027735,-0.307376727968391));
#1574=CARTESIAN_POINT('Ctrl Pts',(1.50649787368639,2.39160609069389,-0.651356136238127));
#1575=CARTESIAN_POINT('Ctrl Pts',(1.525,2.35737859719876,-1.));
#1576=CARTESIAN_POINT('Ctrl Pts',(1.28,1.19301492430396,0.));
#1577=CARTESIAN_POINT('Ctrl Pts',(1.43973672758684,1.19420802357354,-0.30737672796839));
#1578=CARTESIAN_POINT('Ctrl Pts',(1.52385928834186,1.19070907773758,-0.651356136238126));
#1579=CARTESIAN_POINT('Ctrl Pts',(1.525,1.18206090398286,-0.999999999999999));
#1580=CARTESIAN_POINT('Ctrl Pts',(1.28,0.395833333333333,0.));
#1581=CARTESIAN_POINT('Ctrl Pts',(1.44458116696345,0.395833333333333,-0.30737672796839));
#1582=CARTESIAN_POINT('Ctrl Pts',(1.52885612198954,0.395833333333333,-0.651356136238126));
#1583=CARTESIAN_POINT('Ctrl Pts',(1.525,0.395833333333333,-1.));
#1584=CARTESIAN_POINT('Ctrl Pts',(1.28,-8.67361737988404E-17,0.));
#1585=CARTESIAN_POINT('Ctrl Pts',(1.44458116696345,3.15216479543834E-17,
-0.30737672796839));
#1586=CARTESIAN_POINT('Ctrl Pts',(1.52885612198954,3.15216479543834E-17,
-0.651356136238126));
#1587=CARTESIAN_POINT('Ctrl Pts',(1.525,4.33680868994202E-17,-1.));
#1588=CARTESIAN_POINT('',(1.28,-8.67361737988404E-17,0.));
#1589=CARTESIAN_POINT('',(1.525,1.72439840184779E-12,-1.));
#1590=CARTESIAN_POINT('Ctrl Pts',(1.28,-8.67361737988404E-17,0.));
#1591=CARTESIAN_POINT('Ctrl Pts',(1.44458116696345,3.15216479543834E-17,
-0.30737672796839));
#1592=CARTESIAN_POINT('Ctrl Pts',(1.52885612198954,3.15216479543834E-17,
-0.651356136238126));
#1593=CARTESIAN_POINT('Ctrl Pts',(1.525,4.33680868994202E-17,-1.));
#1594=CARTESIAN_POINT('',(1.28,-2.68725404557312,0.));
#1595=CARTESIAN_POINT('Ctrl Pts',(1.28,-2.68725404555688,0.));
#1596=CARTESIAN_POINT('Ctrl Pts',(1.28,-3.2410158240696,0.));
#1597=CARTESIAN_POINT('Ctrl Pts',(1.28,-3.79520448683197,-9.56645160414526E-35));
#1598=CARTESIAN_POINT('Ctrl Pts',(1.28,-4.35412680989094,-9.56645160414526E-35));
#1599=CARTESIAN_POINT('Ctrl Pts',(1.28,-4.42495798118498,-9.56645160414526E-35));
#1600=CARTESIAN_POINT('Ctrl Pts',(1.28,-4.4998037455599,0.));
#1601=CARTESIAN_POINT('Ctrl Pts',(1.28,-4.56206787718582,0.));
#1602=CARTESIAN_POINT('Ctrl Pts',(1.28,-4.6396694673791,0.));
#1603=CARTESIAN_POINT('Ctrl Pts',(1.28,-4.69976367161179,0.));
#1604=CARTESIAN_POINT('Ctrl Pts',(1.28,-4.74999999920662,0.));
#1605=CARTESIAN_POINT('Ctrl Pts',(1.28,-4.80865607744469,0.));
#1606=CARTESIAN_POINT('Ctrl Pts',(1.27654591295718,-4.85379460922984,0.));
#1607=CARTESIAN_POINT('Ctrl Pts',(1.27146432270531,-4.89756759927373,0.));
#1608=CARTESIAN_POINT('Ctrl Pts',(1.26640965870056,-4.94110864571562,0.));
#1609=CARTESIAN_POINT('Ctrl Pts',(1.25943031712112,-4.98458700574706,0.));
#1610=CARTESIAN_POINT('Ctrl Pts',(1.24758286869625,-5.03622863637058,0.));
#1611=CARTESIAN_POINT('Ctrl Pts',(1.23030808936181,-5.11152736243381,0.));
#1612=CARTESIAN_POINT('Ctrl Pts',(1.20629560489522,-5.18499203180847,0.));
#1613=CARTESIAN_POINT('Ctrl Pts',(1.17584991176243,-5.25577784671735,0.));
#1614=CARTESIAN_POINT('Ctrl Pts',(1.11027292456644,-5.40824343381016,0.));
#1615=CARTESIAN_POINT('Ctrl Pts',(1.0139539147291,-5.54882500866909,0.));
#1616=CARTESIAN_POINT('Ctrl Pts',(0.894715173610595,-5.6653729081317,0.));
#1617=CARTESIAN_POINT('Ctrl Pts',(0.777622043633494,-5.77982361611738,0.));
#1618=CARTESIAN_POINT('Ctrl Pts',(0.637260027409088,-5.87221849840728,1.35824861400912E-37));
#1619=CARTESIAN_POINT('Ctrl Pts',(0.485162766931944,-5.93451222026252,-5.91327381747932E-48));
#1620=CARTESIAN_POINT('Ctrl Pts',(0.332267995470248,-5.99713257474278,-5.91327381747932E-48));
#1621=CARTESIAN_POINT('Ctrl Pts',(0.165884357345754,-6.03000000000001,3.61737481232557E-46));
#1622=CARTESIAN_POINT('Ctrl Pts',(-3.62487817540114E-14,-6.03,-2.47843910922724E-45));
#1623=CARTESIAN_POINT('Ctrl Pts',(-0.164940818072578,-6.03,-2.47843910922724E-45));
#1624=CARTESIAN_POINT('Ctrl Pts',(-0.331073739222055,-5.99749272817607,
-1.09327167737404E-46));
#1625=CARTESIAN_POINT('Ctrl Pts',(-0.484293001166421,-5.93487176159516,
4.62836748847685E-32));
#1626=CARTESIAN_POINT('Ctrl Pts',(-0.636035274298738,-5.87285444279238,
4.62836748847685E-32));
#1627=CARTESIAN_POINT('Ctrl Pts',(-0.776752141340502,-5.78060361617383,
-1.79880435884987E-33));
#1628=CARTESIAN_POINT('Ctrl Pts',(-0.89442503548433,-5.66565923874462,-8.39645959837045E-37));
#1629=CARTESIAN_POINT('Ctrl Pts',(-1.01342824813052,-5.54941538930745,-8.39645959837045E-37));
#1630=CARTESIAN_POINT('Ctrl Pts',(-1.11014761222969,-5.40867818581449,0.));
#1631=CARTESIAN_POINT('Ctrl Pts',(-1.17599912912767,-5.25544312381416,0.));
#1632=CARTESIAN_POINT('Ctrl Pts',(-1.19287383671648,-5.2161760425772,0.));
#1633=CARTESIAN_POINT('Ctrl Pts',(-1.20777527013222,-5.17605874769026,0.));
#1634=CARTESIAN_POINT('Ctrl Pts',(-1.22065247821068,-5.13523186505428,0.));
#1635=CARTESIAN_POINT('Ctrl Pts',(-1.24225433476021,-5.06674369147705,0.));
#1636=CARTESIAN_POINT('Ctrl Pts',(-1.25845495663013,-4.99209869519303,0.));
#1637=CARTESIAN_POINT('Ctrl Pts',(-1.26729663667294,-4.92981642736583,0.));
#1638=CARTESIAN_POINT('Ctrl Pts',(-1.27501569554764,-4.87544209014927,0.));
#1639=CARTESIAN_POINT('Ctrl Pts',(-1.28,-4.82568679268616,0.));
#1640=CARTESIAN_POINT('Ctrl Pts',(-1.28,-4.74999999920787,0.));
#1641=CARTESIAN_POINT('Ctrl Pts',(-1.28,-4.70852447025543,0.));
#1642=CARTESIAN_POINT('Ctrl Pts',(-1.28,-4.65931530333865,0.));
#1643=CARTESIAN_POINT('Ctrl Pts',(-1.28,-4.59735291176346,0.));
#1644=CARTESIAN_POINT('Ctrl Pts',(-1.28,-4.54674106376864,0.));
#1645=CARTESIAN_POINT('Ctrl Pts',(-1.28,-4.48398706538042,0.));
#1646=CARTESIAN_POINT('Ctrl Pts',(-1.28,-4.42097545445339,0.));
#1647=CARTESIAN_POINT('Ctrl Pts',(-1.28,-4.28107326822271,0.));
#1648=CARTESIAN_POINT('Ctrl Pts',(-1.28,-4.14115259236424,0.));
#1649=CARTESIAN_POINT('Ctrl Pts',(-1.28,-4.00121341951759,0.));
#1650=CARTESIAN_POINT('Ctrl Pts',(-1.28,-3.72108257606536,0.));
#1651=CARTESIAN_POINT('Ctrl Pts',(-1.28,-3.4408776111008,0.));
#1652=CARTESIAN_POINT('Ctrl Pts',(-1.28,-3.16059846558122,0.));
#1653=CARTESIAN_POINT('Ctrl Pts',(-1.28,-2.60004017454206,0.));
#1654=CARTESIAN_POINT('Ctrl Pts',(-1.28,-2.03918516128284,0.));
#1655=CARTESIAN_POINT('Ctrl Pts',(-1.28,-1.47803295346212,0.));
#1656=CARTESIAN_POINT('Ctrl Pts',(-1.28,-0.355728537820695,0.));
#1657=CARTESIAN_POINT('Ctrl Pts',(-1.28,0.767764656066704,0.));
#1658=CARTESIAN_POINT('Ctrl Pts',(-1.28,1.8924504069315,0.));
#1659=CARTESIAN_POINT('Ctrl Pts',(-1.28,2.71843244215519,0.));
#1660=CARTESIAN_POINT('Ctrl Pts',(-1.28,3.54421862654382,-1.93585835756372E-37));
#1661=CARTESIAN_POINT('Ctrl Pts',(-1.28,4.37872597402846,-1.93585835756372E-37));
#1662=CARTESIAN_POINT('Ctrl Pts',(-1.28,4.45648684491181,-1.93585835756372E-37));
#1663=CARTESIAN_POINT('Ctrl Pts',(-1.28,4.53956199437288,0.));
#1664=CARTESIAN_POINT('Ctrl Pts',(-1.28,4.60078772723215,0.));
#1665=CARTESIAN_POINT('Ctrl Pts',(-1.28,4.66851521123224,0.));
#1666=CARTESIAN_POINT('Ctrl Pts',(-1.28,4.71533709743895,0.));
#1667=CARTESIAN_POINT('Ctrl Pts',(-1.28,4.74999999920724,0.));
#1668=CARTESIAN_POINT('Ctrl Pts',(-1.28,4.77944044354015,0.));
#1669=CARTESIAN_POINT('Ctrl Pts',(-1.27913520887749,4.80010006822469,0.));
#1670=CARTESIAN_POINT('Ctrl Pts',(-1.27822727236127,4.81732863111082,0.));
#1671=CARTESIAN_POINT('Ctrl Pts',(-1.27667463053824,4.84679080914878,0.));
#1672=CARTESIAN_POINT('Ctrl Pts',(-1.27458836346942,4.87042100869072,0.));
#1673=CARTESIAN_POINT('Ctrl Pts',(-1.27159649001493,4.89639615651842,0.));
#1674=CARTESIAN_POINT('Ctrl Pts',(-1.26685506227116,4.93756076071452,0.));
#1675=CARTESIAN_POINT('Ctrl Pts',(-1.26011821509875,4.97846026453934,0.));
#1676=CARTESIAN_POINT('Ctrl Pts',(-1.25141842113525,5.01894236628703,0.));
#1677=CARTESIAN_POINT('Ctrl Pts',(-1.23401883320827,5.09990656978241,0.));
#1678=CARTESIAN_POINT('Ctrl Pts',(-1.20877389579405,5.17920350225985,0.));
#1679=CARTESIAN_POINT('Ctrl Pts',(-1.17592434295749,5.25561095748885,0.));
#1680=CARTESIAN_POINT('Ctrl Pts',(-1.11019785863685,5.40848955017696,0.));
#1681=CARTESIAN_POINT('Ctrl Pts',(-1.01438910264123,5.5484380587958,0.));
#1682=CARTESIAN_POINT('Ctrl Pts',(-0.894570533180932,5.66551561945012,0.));
#1683=CARTESIAN_POINT('Ctrl Pts',(-0.777409307171761,5.77999662691172,0.));
#1684=CARTESIAN_POINT('Ctrl Pts',(-0.637651554625614,5.87212585949278,0.));
#1685=CARTESIAN_POINT('Ctrl Pts',(-0.484728890876252,5.93469169824691,0.));
#1686=CARTESIAN_POINT('Ctrl Pts',(-0.331685271496172,5.99730702404438,0.));
#1687=CARTESIAN_POINT('Ctrl Pts',(-0.166463111262588,6.03,0.));
#1688=CARTESIAN_POINT('Ctrl Pts',(-2.69922972861991E-15,6.03,0.));
#1689=CARTESIAN_POINT('Ctrl Pts',(0.165009879437201,6.03,0.));
#1690=CARTESIAN_POINT('Ctrl Pts',(0.330668568304625,5.99772299173931,0.));
#1691=CARTESIAN_POINT('Ctrl Pts',(0.484728890876252,5.93469169824691,0.));
#1692=CARTESIAN_POINT('Ctrl Pts',(0.636446351479168,5.8726189489007,0.));
#1693=CARTESIAN_POINT('Ctrl Pts',(0.776521796116599,5.78086383497355,0.));
#1694=CARTESIAN_POINT('Ctrl Pts',(0.894570533180933,5.66551561945011,0.));
#1695=CARTESIAN_POINT('Ctrl Pts',(1.01400397763818,5.54881437355324,0.));
#1696=CARTESIAN_POINT('Ctrl Pts',(1.11006923722956,5.40878872120273,0.));
#1697=CARTESIAN_POINT('Ctrl Pts',(1.17592434295748,5.25561095748884,0.));
#1698=CARTESIAN_POINT('Ctrl Pts',(1.23016738457255,5.12944264115565,0.));
#1699=CARTESIAN_POINT('Ctrl Pts',(1.26386655323755,4.99498929823745,0.));
#1700=CARTESIAN_POINT('Ctrl Pts',(1.27546393682852,4.8576391106117,0.));
#1701=CARTESIAN_POINT('Ctrl Pts',(1.27806241283407,4.82686482742058,0.));
#1702=CARTESIAN_POINT('Ctrl Pts',(1.28,4.80351158632143,0.));
#1703=CARTESIAN_POINT('Ctrl Pts',(1.28,4.74999999920724,0.));
#1704=CARTESIAN_POINT('Ctrl Pts',(1.28,4.73564544774229,0.));
#1705=CARTESIAN_POINT('Ctrl Pts',(1.28,4.71894311325448,0.));
#1706=CARTESIAN_POINT('Ctrl Pts',(1.28,4.69900750457733,0.));
#1707=CARTESIAN_POINT('Ctrl Pts',(1.28,4.66654684423423,0.));
#1708=CARTESIAN_POINT('Ctrl Pts',(1.28,4.62319501841298,0.));
#1709=CARTESIAN_POINT('Ctrl Pts',(1.28,4.57257280653005,0.));
#1710=CARTESIAN_POINT('Ctrl Pts',(1.28,4.45380274563313,0.));
#1711=CARTESIAN_POINT('Ctrl Pts',(1.28,4.3350202282283,0.));
#1712=CARTESIAN_POINT('Ctrl Pts',(1.28,4.21622525038022,0.));
#1713=CARTESIAN_POINT('Ctrl Pts',(1.28,4.01570145191211,0.));
#1714=CARTESIAN_POINT('Ctrl Pts',(1.28,3.81514215010699,0.));
#1715=CARTESIAN_POINT('Ctrl Pts',(1.28,3.61454732603771,0.));
#1716=CARTESIAN_POINT('Ctrl Pts',(1.28,3.21335767789914,0.));
#1717=CARTESIAN_POINT('Ctrl Pts',(1.28,2.81202594070396,0.));
#1718=CARTESIAN_POINT('Ctrl Pts',(1.28,2.41055196303504,0.));
#1719=CARTESIAN_POINT('Ctrl Pts',(1.28,1.60760400769722,0.));
#1720=CARTESIAN_POINT('Ctrl Pts',(1.28,0.804087090464481,0.));
#1721=CARTESIAN_POINT('Ctrl Pts',(1.28,-6.21724893790088E-15,0.));
#1722=CARTESIAN_POINT('',(1.525,-2.65,-1.));
#1723=CARTESIAN_POINT('Ctrl Pts',(1.28,-2.68725404557312,0.));
#1724=CARTESIAN_POINT('Ctrl Pts',(1.41547809758751,-2.70188722654556,-0.307374196969388));
#1725=CARTESIAN_POINT('Ctrl Pts',(1.49886149461676,-2.6903269666861,-0.651353882035464));
#1726=CARTESIAN_POINT('Ctrl Pts',(1.525,-2.65,-1.));
#1727=CARTESIAN_POINT('',(1.525,-4.7499999999089,-1.));
#1728=CARTESIAN_POINT('',(1.525,-4.75000000000001,-1.));
#1729=CARTESIAN_POINT('',(1.45747626983264,-5.19876265763644,-0.999999999968951));
#1730=CARTESIAN_POINT('Origin',(0.500067983827879,-4.84042122926721,-0.99999999999999));
#1731=CARTESIAN_POINT('',(1.33053462909524,-5.49518628609012,-1.));
#1732=CARTESIAN_POINT('Ctrl Pts',(1.33053462906507,-5.49518628601087,-0.999999999996416));
#1733=CARTESIAN_POINT('Ctrl Pts',(1.35700552965854,-5.44792233260308,-0.99985953813431));
#1734=CARTESIAN_POINT('Ctrl Pts',(1.38092481916579,-5.39930875675634,-0.999619012620974));
#1735=CARTESIAN_POINT('Ctrl Pts',(1.42328668669833,-5.30023202636399,-0.99949522278231));
#1736=CARTESIAN_POINT('Ctrl Pts',(1.44173019754046,-5.24990222174972,-0.99974714438615));
#1737=CARTESIAN_POINT('Ctrl Pts',(1.45747626982824,-5.19876265763493,-0.999999999937903));
#1738=CARTESIAN_POINT('',(1.1412202998495,-5.76155386774749,-1.));
#1739=CARTESIAN_POINT('Origin',(0.107593483591238,-4.8297386019431,-0.999999999999939));
#1740=CARTESIAN_POINT('',(0.984015407532872,-5.91504878770719,-0.999999999999484));
#1741=CARTESIAN_POINT('Ctrl Pts',(0.984015407578502,-5.91504878766862,-0.999999999998968));
#1742=CARTESIAN_POINT('Ctrl Pts',(1.01205152558882,-5.89136911658287,-0.999952248459819));
#1743=CARTESIAN_POINT('Ctrl Pts',(1.03921201342173,-5.86669552173028,-0.999845974503465));
#1744=CARTESIAN_POINT('Ctrl Pts',(1.09168192687413,-5.81545731796581,-0.999783731117189));
#1745=CARTESIAN_POINT('Ctrl Pts',(1.11695163275279,-5.78893342345122,-0.999888694560237));
#1746=CARTESIAN_POINT('Ctrl Pts',(1.14122029981431,-5.76155386771626,-0.999999999992163));
#1747=CARTESIAN_POINT('',(0.914063305644914,-5.97070195933003,-1.));
#1748=CARTESIAN_POINT('Origin',(-0.00239190925231114,-4.74699353917542,
-1.));
#1749=CARTESIAN_POINT('',(0.515707279928516,-6.18515539281631,-1.));
#1750=CARTESIAN_POINT('Ctrl Pts',(0.515707279886816,-6.18515539279658,-1.));
#1751=CARTESIAN_POINT('Ctrl Pts',(0.538234801753825,-6.17706304967898,-1.));
#1752=CARTESIAN_POINT('Ctrl Pts',(0.560586648531927,-6.16843523523357,-1.));
#1753=CARTESIAN_POINT('Ctrl Pts',(0.582732409334503,-6.1592780147618,-1.));
#1754=CARTESIAN_POINT('Ctrl Pts',(0.677115621097922,-6.12025077669777,-1.));
#1755=CARTESIAN_POINT('Ctrl Pts',(0.767755514775709,-6.07160747840415,-1.));
#1756=CARTESIAN_POINT('Ctrl Pts',(0.852562119076049,-6.0144265106518,-1.));
#1757=CARTESIAN_POINT('Ctrl Pts',(0.873424539942293,-6.00035999514124,-1.));
#1758=CARTESIAN_POINT('Ctrl Pts',(0.893933953596887,-5.98577681421352,-1.));
#1759=CARTESIAN_POINT('Ctrl Pts',(0.914063305608078,-5.97070195925974,-1.));
#1760=CARTESIAN_POINT('',(0.365543084661945,-6.23054154059805,-1.));
#1761=CARTESIAN_POINT('Origin',(-0.00109650432112451,-4.74637211577935,
-0.999999999999958));
#1762=CARTESIAN_POINT('',(0.210496840963755,-6.26040280494749,-1.));
#1763=CARTESIAN_POINT('Origin',(0.000925600930249348,-4.75481518697559,
-0.999999999999918));
#1764=CARTESIAN_POINT('',(0.208921491856401,-6.2606213325129,-1.));
#1765=CARTESIAN_POINT('',(0.208921493298331,-6.26062133231327,-1.));
#1766=CARTESIAN_POINT('',(-0.407965477336995,-6.21941796957851,-1.));
#1767=CARTESIAN_POINT('Ctrl Pts',(-0.407965477336996,-6.21941796957851,
-1.));
#1768=CARTESIAN_POINT('Ctrl Pts',(-0.374941842810714,-6.2285675193757,-1.));
#1769=CARTESIAN_POINT('Ctrl Pts',(-0.341647884964554,-6.23659762376661,
-1.));
#1770=CARTESIAN_POINT('Ctrl Pts',(-0.308174947776682,-6.24349643791456,
-1.));
#1771=CARTESIAN_POINT('Ctrl Pts',(-0.209530370131806,-6.26382720853249,
-1.));
#1772=CARTESIAN_POINT('Ctrl Pts',(-0.109331396391552,-6.27433297298177,
-1.));
#1773=CARTESIAN_POINT('Ctrl Pts',(-0.00973740893895125,-6.27496891209859,
-1.));
#1774=CARTESIAN_POINT('Ctrl Pts',(0.0629740962637674,-6.27543319806187,
-1.));
#1775=CARTESIAN_POINT('Ctrl Pts',(0.136151059681379,-6.27067716650668,-1.));
#1776=CARTESIAN_POINT('Ctrl Pts',(0.208921491856349,-6.26062133251253,-1.));
#1777=CARTESIAN_POINT('',(-0.70769861636049,-6.10084701889035,-0.999999999999998));
#1778=CARTESIAN_POINT('Ctrl Pts',(-0.70769861636049,-6.10084701889035,-0.999999999999998));
#1779=CARTESIAN_POINT('Ctrl Pts',(-0.671547642084833,-6.11982721628474,
-0.999999999999998));
#1780=CARTESIAN_POINT('Ctrl Pts',(-0.63464331850604,-6.13735200728938,-0.999999999999998));
#1781=CARTESIAN_POINT('Ctrl Pts',(-0.597107634541725,-6.15333226431865,
-0.999999999999998));
#1782=CARTESIAN_POINT('Ctrl Pts',(-0.535534439420553,-6.179546132836,-0.999999999999999));
#1783=CARTESIAN_POINT('Ctrl Pts',(-0.472262327770246,-6.20160384211252,
-1.));
#1784=CARTESIAN_POINT('Ctrl Pts',(-0.407965477336996,-6.21941796957851,
-1.));
#1785=CARTESIAN_POINT('',(-0.991134102991636,-5.9089987877086,-0.99999999980856));
#1786=CARTESIAN_POINT('Origin',(-0.303064881083762,-5.19431255161518,-1.00000000000003));
#1787=CARTESIAN_POINT('',(-1.20457431686577,-5.68521426163199,-0.999999999940533));
#1788=CARTESIAN_POINT('Ctrl Pts',(-1.20457431686297,-5.68521426162891,-0.999999999881064));
#1789=CARTESIAN_POINT('Ctrl Pts',(-1.17270472625326,-5.72626291958086,-0.999372128630715));
#1790=CARTESIAN_POINT('Ctrl Pts',(-1.13909296013109,-5.76523994230773,-0.998402503590141));
#1791=CARTESIAN_POINT('Ctrl Pts',(-1.09094410259676,-5.81574465999481,-0.998070495186565));
#1792=CARTESIAN_POINT('Ctrl Pts',(-1.07797632972275,-5.82885678396619,-0.998114593191311));
#1793=CARTESIAN_POINT('Ctrl Pts',(-1.04096228934334,-5.8649570274741,-0.998562342500119));
#1794=CARTESIAN_POINT('Ctrl Pts',(-1.01640502575472,-5.88738800291611,-0.999210520348357));
#1795=CARTESIAN_POINT('Ctrl Pts',(-0.991134102983274,-5.90899878770581,
-0.999999999617116));
#1796=CARTESIAN_POINT('',(-1.37126000283839,-5.41728629884665,-0.9999999999581));
#1797=CARTESIAN_POINT('Origin',(-0.45888878252059,-5.03757582356238,-0.999999999999987));
#1798=CARTESIAN_POINT('',(-1.47204495636577,-5.14838253782967,-0.999999999975731));
#1799=CARTESIAN_POINT('Ctrl Pts',(-1.47204495636279,-5.14838253782874,-0.999999999951462));
#1800=CARTESIAN_POINT('Ctrl Pts',(-1.4595734203497,-5.19446553580908,-0.999757806765296));
#1801=CARTESIAN_POINT('Ctrl Pts',(-1.44495417319711,-5.23990468084026,-0.999444319491804));
#1802=CARTESIAN_POINT('Ctrl Pts',(-1.41131193772839,-5.32978885497628,-0.999298886814269));
#1803=CARTESIAN_POINT('Ctrl Pts',(-1.39228968818033,-5.37407071591334,-0.999621716747468));
#1804=CARTESIAN_POINT('Ctrl Pts',(-1.37126000283447,-5.41728629884511,-0.999999999916201));
#1805=CARTESIAN_POINT('',(-1.525,-4.74999999992595,-1.));
#1806=CARTESIAN_POINT('Origin',(-0.510912949929396,-4.83605035691322,-1.));
#1807=CARTESIAN_POINT('',(-1.525,-9.76996261670138E-15,-1.));
#1808=CARTESIAN_POINT('',(-1.525,4.75,-1.));
#1809=CARTESIAN_POINT('',(-1.525,4.75,-1.));
#1810=CARTESIAN_POINT('',(-1.525,4.75,-1.));
#1811=CARTESIAN_POINT('',(-0.516831666216862,6.18475021643182,-1.));
#1812=CARTESIAN_POINT('Ctrl Pts',(-0.516831666216862,6.18475021643182,-1.));
#1813=CARTESIAN_POINT('Ctrl Pts',(-0.541418265726431,6.17589629090575,-1.));
#1814=CARTESIAN_POINT('Ctrl Pts',(-0.565793152455488,6.16640525668828,-1.));
#1815=CARTESIAN_POINT('Ctrl Pts',(-0.589917090830725,6.1562855764868,-1.));
#1816=CARTESIAN_POINT('Ctrl Pts',(-0.683713378538827,6.11693924667416,-1.));
#1817=CARTESIAN_POINT('Ctrl Pts',(-0.773715999039216,6.0680894727526,-1.));
#1818=CARTESIAN_POINT('Ctrl Pts',(-0.857887315938515,6.01081916090134,-0.999999999999999));
#1819=CARTESIAN_POINT('Ctrl Pts',(-0.942058632837813,5.95354884905008,-0.999999999999999));
#1820=CARTESIAN_POINT('Ctrl Pts',(-1.02039864613602,5.88785799926911,-0.999999999999998));
#1821=CARTESIAN_POINT('Ctrl Pts',(-1.09113902497238,5.81540245237341,-0.999999999999999));
#1822=CARTESIAN_POINT('Ctrl Pts',(-1.16187940380873,5.74294690547771,-0.999999999999999));
#1823=CARTESIAN_POINT('Ctrl Pts',(-1.22502014818323,5.66372666146728,-1.));
#1824=CARTESIAN_POINT('Ctrl Pts',(-1.2795445306942,5.57965708959062,-1.));
#1825=CARTESIAN_POINT('Ctrl Pts',(-1.33406891320518,5.49558751771397,-1.));
#1826=CARTESIAN_POINT('Ctrl Pts',(-1.37997693385262,5.40666861797109,-1.));
#1827=CARTESIAN_POINT('Ctrl Pts',(-1.41649417260119,5.3151143403152,-1.));
#1828=CARTESIAN_POINT('Ctrl Pts',(-1.48952864999005,5.13200578527492,-0.999999999999999));
#1829=CARTESIAN_POINT('Ctrl Pts',(-1.52499999989481,4.93835571861381,-1.));
#1830=CARTESIAN_POINT('Ctrl Pts',(-1.525,4.75,-1.));
#1831=CARTESIAN_POINT('',(-0.219232815469342,6.25915935958507,-1.));
#1832=CARTESIAN_POINT('Origin',(-0.0561649370251016,4.86772965636729,-1.00000000000001));
#1833=CARTESIAN_POINT('',(0.219232814018818,6.25915935979563,-1.));
#1834=CARTESIAN_POINT('Ctrl Pts',(0.219232814010273,6.25915935979687,-1.));
#1835=CARTESIAN_POINT('Ctrl Pts',(0.146336094894153,6.26974058468759,-1.));
#1836=CARTESIAN_POINT('Ctrl Pts',(0.0729665878505187,6.275,-1.));
#1837=CARTESIAN_POINT('Ctrl Pts',(0.,6.275,-1.));
#1838=CARTESIAN_POINT('Ctrl Pts',(-0.0729665883332035,6.275,-1.));
#1839=CARTESIAN_POINT('Ctrl Pts',(-0.146336095864854,6.269740584618,-1.));
#1840=CARTESIAN_POINT('Ctrl Pts',(-0.219232815456938,6.25915935958687,-1.));
#1841=CARTESIAN_POINT('',(0.374574878949486,6.22828233435352,-1.));
#1842=CARTESIAN_POINT('Origin',(0.000932104991273441,4.75468941265638,-0.999999999999755));
#1843=CARTESIAN_POINT('',(0.522475539985394,6.18270524193869,-1.));
#1844=CARTESIAN_POINT('Origin',(-0.00109068665470413,4.74646065010492,-1.));
#1845=CARTESIAN_POINT('',(1.525,4.75,-1.));
#1846=CARTESIAN_POINT('Ctrl Pts',(1.525,4.75000000000551,-1.));
#1847=CARTESIAN_POINT('Ctrl Pts',(1.52499999989411,4.93835571861759,-1.));
#1848=CARTESIAN_POINT('Ctrl Pts',(1.48952864998933,5.1320057852767,-1.));
#1849=CARTESIAN_POINT('Ctrl Pts',(1.41649417260119,5.31511434031519,-1.));
#1850=CARTESIAN_POINT('Ctrl Pts',(1.37997693385262,5.40666861797109,-1.));
#1851=CARTESIAN_POINT('Ctrl Pts',(1.33406891320517,5.49558751771396,-0.999999999999999));
#1852=CARTESIAN_POINT('Ctrl Pts',(1.2795445306942,5.57965708959062,-0.999999999999999));
#1853=CARTESIAN_POINT('Ctrl Pts',(1.22502014818323,5.66372666146727,-0.999999999999999));
#1854=CARTESIAN_POINT('Ctrl Pts',(1.16187940380873,5.74294690547771,-1.));
#1855=CARTESIAN_POINT('Ctrl Pts',(1.09113902497238,5.81540245237341,-1.));
#1856=CARTESIAN_POINT('Ctrl Pts',(1.02039864613602,5.88785799926911,-1.));
#1857=CARTESIAN_POINT('Ctrl Pts',(0.94205863283781,5.95354884905008,-1.));
#1858=CARTESIAN_POINT('Ctrl Pts',(0.857887315938511,6.01081916090134,-1.));
#1859=CARTESIAN_POINT('Ctrl Pts',(0.77371599903921,6.0680894727526,-1.));
#1860=CARTESIAN_POINT('Ctrl Pts',(0.683713378538823,6.11693924667415,-0.999999999999999));
#1861=CARTESIAN_POINT('Ctrl Pts',(0.58991709083072,6.15628557648679,-1.));
#1862=CARTESIAN_POINT('Ctrl Pts',(0.567640265881206,6.16563041649122,-1.));
#1863=CARTESIAN_POINT('Ctrl Pts',(0.545149450421226,6.17443919290739,-1.));
#1864=CARTESIAN_POINT('Ctrl Pts',(0.522475539952222,6.18270524189514,-1.));
#1865=CARTESIAN_POINT('',(1.525,-2.65,-1.));
#1866=CARTESIAN_POINT('Ctrl Pts',(1.62814961409298,4.74961442812204,-0.109403989777707));
#1867=CARTESIAN_POINT('Ctrl Pts',(1.68362211792867,4.77195228215532,-0.299425839245427));
#1868=CARTESIAN_POINT('Ctrl Pts',(1.73209741563462,4.7731329830708,-0.498258531270512));
#1869=CARTESIAN_POINT('Ctrl Pts',(1.77343885798102,4.75206533067491,-0.7));
#1870=CARTESIAN_POINT('Ctrl Pts',(1.63025111393787,4.36818276084054,-0.106485465226227));
#1871=CARTESIAN_POINT('Ctrl Pts',(1.68839898535676,4.3847414782826,-0.298404641119592));
#1872=CARTESIAN_POINT('Ctrl Pts',(1.7374531526766,4.38193316573539,-0.499089059984035));
#1873=CARTESIAN_POINT('Ctrl Pts',(1.77726636420301,4.35870278562809,-0.702731574819661));
#1874=CARTESIAN_POINT('Ctrl Pts',(1.63259952970748,3.98360930554393,-0.103211153824106));
#1875=CARTESIAN_POINT('Ctrl Pts',(1.69383784119742,3.99597808319366,-0.297209180910249));
#1876=CARTESIAN_POINT('Ctrl Pts',(1.74354804347158,3.99109247399675,-0.499975497155823));
#1877=CARTESIAN_POINT('Ctrl Pts',(1.78157012171804,3.96793726652169,-0.705821185668584));
#1878=CARTESIAN_POINT('Ctrl Pts',(1.63730223801596,3.19898841458576,-0.0965998096331044));
#1879=CARTESIAN_POINT('Ctrl Pts',(1.70497009141052,3.20514633598954,-0.294660236791703));
#1880=CARTESIAN_POINT('Ctrl Pts',(1.75605329871054,3.19847994005347,-0.501692314052615));
#1881=CARTESIAN_POINT('Ctrl Pts',(1.79026924987758,3.17808953955982,-0.712135726720084));
#1882=CARTESIAN_POINT('Ctrl Pts',(1.63965563207981,2.79882040416006,-0.0932662948627451));
#1883=CARTESIAN_POINT('Ctrl Pts',(1.71066719064524,2.80302578465329,-0.293301797176613));
#1884=CARTESIAN_POINT('Ctrl Pts',(1.76247229254845,2.79672768244938,-0.502523881025533));
#1885=CARTESIAN_POINT('Ctrl Pts',(1.79466397053554,2.77910328452076,-0.715364056643684));
#1886=CARTESIAN_POINT('Ctrl Pts',(1.64378636906431,1.99730868087199,-0.0873944977060848));
#1887=CARTESIAN_POINT('Ctrl Pts',(1.7208336551441,1.99902323759247,-0.29080430721633));
#1888=CARTESIAN_POINT('Ctrl Pts',(1.7739744351687,1.9944870951985,-0.503979746355785));
#1889=CARTESIAN_POINT('Ctrl Pts',(1.80243115789045,1.98307475736696,-0.721145302533902));
#1890=CARTESIAN_POINT('Ctrl Pts',(1.64556681040964,1.59596563936879,-0.0848547703815326));
#1891=CARTESIAN_POINT('Ctrl Pts',(1.7253023310963,1.59714210469607,-0.289671405050107));
#1892=CARTESIAN_POINT('Ctrl Pts',(1.779056151702,1.59399913538252,-0.504610640298914));
#1893=CARTESIAN_POINT('Ctrl Pts',(1.80580634329555,1.58603280057758,-0.723700294477618));
#1894=CARTESIAN_POINT('Ctrl Pts',(1.64809647986235,0.795506887019146,-0.0812488743864545));
#1895=CARTESIAN_POINT('Ctrl Pts',(1.73169949916098,0.796028075630124,-0.288032048078778));
#1896=CARTESIAN_POINT('Ctrl Pts',(1.78635342696294,0.795188460909398,-0.505531820987536));
#1897=CARTESIAN_POINT('Ctrl Pts',(1.81061459504785,0.79274388642544,-0.727381502307773));
#1898=CARTESIAN_POINT('Ctrl Pts',(1.64884946212841,0.396391484172481,-0.0801775374700681));
#1899=CARTESIAN_POINT('Ctrl Pts',(1.73362927149306,0.396795298385504,-0.287531794973885));
#1900=CARTESIAN_POINT('Ctrl Pts',(1.78856552444248,0.396865231543106,-0.50582608444825));
#1901=CARTESIAN_POINT('Ctrl Pts',(1.81205276168121,0.396496777031556,-0.728509780629325));
#1902=CARTESIAN_POINT('Ctrl Pts',(1.64884946212841,-2.02825015425025E-19,
-0.0801775374700681));
#1903=CARTESIAN_POINT('Ctrl Pts',(1.73362896239584,5.81855154929749E-17,
-0.287533450064759));
#1904=CARTESIAN_POINT('Ctrl Pts',(1.78856474381296,-5.68136238468672E-18,
-0.505826772192399));
#1905=CARTESIAN_POINT('Ctrl Pts',(1.81205276168121,1.08957059624206E-19,
-0.728509780629325));
#1906=CARTESIAN_POINT('',(1.80887103733121,2.392814681681E-16,-0.7));
#1907=CARTESIAN_POINT('',(1.65557249894532,-2.77555756156289E-17,-0.0968001586541611));
#1908=CARTESIAN_POINT('Ctrl Pts',(1.80887104278847,-2.66715674778747E-19,
-0.699999999357502));
#1909=CARTESIAN_POINT('Ctrl Pts',(1.78451572983133,-4.43455783343475E-19,
-0.493130633979974));
#1910=CARTESIAN_POINT('Ctrl Pts',(1.7329853041239,5.26055519614879E-17,
-0.290305034666172));
#1911=CARTESIAN_POINT('Ctrl Pts',(1.65557250111079,4.21380589247082E-18,
-0.0968001577878529));
#1912=CARTESIAN_POINT('',(1.77343885798102,4.75206533067491,-0.699999999999994));
#1913=CARTESIAN_POINT('Ctrl Pts',(1.80887104448866,1.55431223447522E-15,
-0.700000013798566));
#1914=CARTESIAN_POINT('Ctrl Pts',(1.80887111876892,0.315752527357594,-0.699999942587887));
#1915=CARTESIAN_POINT('Ctrl Pts',(1.80797148395383,0.633658952188156,-0.69999940332308));
#1916=CARTESIAN_POINT('Ctrl Pts',(1.80640043401179,0.953662799782172,-0.699999723480283));
#1917=CARTESIAN_POINT('Ctrl Pts',(1.80601432725392,1.03230807056061,-0.699999802163244));
#1918=CARTESIAN_POINT('Ctrl Pts',(1.80558789958863,1.11107991553666,-0.699999871493608));
#1919=CARTESIAN_POINT('Ctrl Pts',(1.80512493126328,1.18997746469658,-0.699999896915214));
#1920=CARTESIAN_POINT('Ctrl Pts',(1.80343552630739,1.47788033679134,-0.699999989680499));
#1921=CARTESIAN_POINT('Ctrl Pts',(1.80125696101616,1.76746144634522,-0.700001057575735));
#1922=CARTESIAN_POINT('Ctrl Pts',(1.7987790802725,2.05866956755403,-0.700000449419889));
#1923=CARTESIAN_POINT('Ctrl Pts',(1.7978630522305,2.16632398384111,-0.700000224595588));
#1924=CARTESIAN_POINT('Ctrl Pts',(1.79690621210097,2.27420118786166,-0.699999902977874));
#1925=CARTESIAN_POINT('Ctrl Pts',(1.79591832993179,2.38230044787889,-0.699999954772293));
#1926=CARTESIAN_POINT('Ctrl Pts',(1.79354809656192,2.64166384297223,-0.700000079043045));
#1927=CARTESIAN_POINT('Ctrl Pts',(1.79099874253051,2.90230488644863,-0.700002188787239));
#1928=CARTESIAN_POINT('Ctrl Pts',(1.78840895946694,3.16418169510697,-0.700001360638255));
#1929=CARTESIAN_POINT('Ctrl Pts',(1.78704268771996,3.30233801016329,-0.700000923738124));
#1930=CARTESIAN_POINT('Ctrl Pts',(1.78566510455025,3.44083908955591,-0.699999982064876));
#1931=CARTESIAN_POINT('Ctrl Pts',(1.78429583373536,3.57968417755815,-0.70000002354881));
#1932=CARTESIAN_POINT('Ctrl Pts',(1.78131947428636,3.88148925886886,-0.700000113721695));
#1933=CARTESIAN_POINT('Ctrl Pts',(1.77838372289262,4.18491064268928,-0.700001734414301));
#1934=CARTESIAN_POINT('Ctrl Pts',(1.77568887234295,4.48989975211626,-0.70000064108163));
#1935=CARTESIAN_POINT('Ctrl Pts',(1.77491785081989,4.5771599408853,-0.700000328269099));
#1936=CARTESIAN_POINT('Ctrl Pts',(1.7741664040729,4.66454873160506,-0.7));
#1937=CARTESIAN_POINT('Ctrl Pts',(1.77343885798102,4.75206533067491,-0.7));
#1938=CARTESIAN_POINT('',(1.62814961409298,4.74961442812204,-0.109403989777707));
#1939=CARTESIAN_POINT('Ctrl Pts',(1.77343885798102,4.75206533067491,-0.699999999999994));
#1940=CARTESIAN_POINT('Ctrl Pts',(1.73209741563462,4.77313298307079,-0.498258531270507));
#1941=CARTESIAN_POINT('Ctrl Pts',(1.68362211792867,4.77195228215531,-0.299425839245425));
#1942=CARTESIAN_POINT('Ctrl Pts',(1.62814961409298,4.74961442812204,-0.109403989777707));
#1943=CARTESIAN_POINT('Ctrl Pts',(1.62814961409298,4.74961442812204,-0.109403989777707));
#1944=CARTESIAN_POINT('Ctrl Pts',(1.6350426762893,3.72500630635641,-0.105825867240469));
#1945=CARTESIAN_POINT('Ctrl Pts',(1.64462235848455,2.67947807958226,-0.101446177616319));
#1946=CARTESIAN_POINT('Ctrl Pts',(1.65241100843152,1.29204281169078,-0.0981068884272464));
#1947=CARTESIAN_POINT('Ctrl Pts',(1.65395242410023,0.942737983074626,-0.0974663509448288));
#1948=CARTESIAN_POINT('Ctrl Pts',(1.65530166864625,0.396315052899327,-0.0969090028220935));
#1949=CARTESIAN_POINT('Ctrl Pts',(1.65557242040049,0.198106706724719,-0.0968001432189518));
#1950=CARTESIAN_POINT('Ctrl Pts',(1.65557249893755,4.5602512540141E-5,-0.0968001586451487));
#1951=CARTESIAN_POINT('Ctrl Pts',(1.65557249894315,2.28012315660488E-5,
-0.0968001586487445));
#1952=CARTESIAN_POINT('Ctrl Pts',(1.65557249894532,-1.77421480656553E-16,
-0.096800158654161));
#1953=CARTESIAN_POINT('Origin',(-2.325,-4.75,-2.75));
#1954=CARTESIAN_POINT('',(-2.325,4.75,-2.45));
#1955=CARTESIAN_POINT('',(-2.325,-4.75,-2.45));
#1956=CARTESIAN_POINT('',(-2.325,4.75,-2.45));
#1957=CARTESIAN_POINT('',(-2.325,-4.75,-1.21961524227066));
#1958=CARTESIAN_POINT('',(-2.325,-4.75,-1.21961524227066));
#1959=CARTESIAN_POINT('',(-2.325,4.75,-1.21961524227066));
#1960=CARTESIAN_POINT('',(-2.325,-4.75,-1.21961524227066));
#1961=CARTESIAN_POINT('',(-2.325,4.75,-2.45));
#1962=CARTESIAN_POINT('Origin',(2.325,4.75,-2.75));
#1963=CARTESIAN_POINT('',(2.325,-2.65,-2.45));
#1964=CARTESIAN_POINT('',(2.325,4.75,-2.45));
#1965=CARTESIAN_POINT('',(2.325,-2.65,-2.45));
#1966=CARTESIAN_POINT('',(2.325,4.75,-1.21961524227066));
#1967=CARTESIAN_POINT('',(2.325,4.75,-2.45));
#1968=CARTESIAN_POINT('',(2.325,-4.75,-1.21961524227066));
#1969=CARTESIAN_POINT('',(2.325,4.75,-1.21961524227066));
#1970=CARTESIAN_POINT('',(2.325,-4.75,-1.45));
#1971=CARTESIAN_POINT('',(2.325,-4.75,-1.45));
#1972=CARTESIAN_POINT('',(2.325,-4.55,-1.25));
#1973=CARTESIAN_POINT('Origin',(2.325,-4.55,-1.45));
#1974=CARTESIAN_POINT('',(2.325,-2.85,-1.25));
#1975=CARTESIAN_POINT('',(2.325,-2.85,-1.25));
#1976=CARTESIAN_POINT('',(2.325,-2.65,-1.45));
#1977=CARTESIAN_POINT('Origin',(2.325,-2.85,-1.45));
#1978=CARTESIAN_POINT('',(2.325,-2.65,-2.45));
#1979=CARTESIAN_POINT('Origin',(-1.74512168878498E-15,-4.75,-2.75));
#1980=CARTESIAN_POINT('',(-2.325,4.75,-2.75));
#1981=CARTESIAN_POINT('',(-2.02500000000001,4.75,-2.75));
#1982=CARTESIAN_POINT('',(-2.325,4.75,-2.75));
#1983=CARTESIAN_POINT('',(2.325,4.75,-2.75));
#1984=CARTESIAN_POINT('Origin',(-1.74512168878498E-15,4.75,-2.75));
#1985=CARTESIAN_POINT('',(2.025,4.75,-2.75));
#1986=CARTESIAN_POINT('',(2.025,4.75,-2.75));
#1987=CARTESIAN_POINT('Origin',(-1.74512168878498E-15,4.75,-2.75));
#1988=CARTESIAN_POINT('Origin',(-2.3251,-2.65,-1.45));
#1989=CARTESIAN_POINT('',(1.525,-2.65,-2.45));
#1990=CARTESIAN_POINT('',(2.325,-2.65,-2.45));
#1991=CARTESIAN_POINT('',(2.025,-2.65,-1.45));
#1992=CARTESIAN_POINT('',(2.025,-2.65,-1.45));
#1993=CARTESIAN_POINT('',(2.025,-2.65,-1.));
#1994=CARTESIAN_POINT('',(2.025,-2.65,-1.45));
#1995=CARTESIAN_POINT('',(2.025,-2.65,-1.));
#1996=CARTESIAN_POINT('',(1.525,-2.65,-2.45));
#1997=CARTESIAN_POINT('Origin',(-1.74512168878498E-15,-4.75,-1.));
#1998=CARTESIAN_POINT('',(2.025,-4.75,-1.));
#1999=CARTESIAN_POINT('',(2.025,-2.65,-1.));
#2000=CARTESIAN_POINT('',(1.525,-4.75,-1.));
#2001=CARTESIAN_POINT('Origin',(2.025,4.75,-2.75));
#2002=CARTESIAN_POINT('',(2.025,-2.85,-1.25));
#2003=CARTESIAN_POINT('Origin',(2.025,-2.85,-1.45));
#2004=CARTESIAN_POINT('',(2.025,-4.55,-1.25));
#2005=CARTESIAN_POINT('',(2.025,-2.85,-1.25));
#2006=CARTESIAN_POINT('',(2.025,-4.75,-1.45));
#2007=CARTESIAN_POINT('Origin',(2.025,-4.55,-1.45));
#2008=CARTESIAN_POINT('',(2.025,-4.75,-1.45));
#2009=CARTESIAN_POINT('Origin',(0.,-4.75,0.));
#2010=CARTESIAN_POINT('',(-1.49434175529664,4.75088464993984,0.));
#2011=CARTESIAN_POINT('',(-1.49640080668211,-4.75085429337623,0.));
#2012=CARTESIAN_POINT('Ctrl Pts',(-1.49434175529664,4.75088464993984,1.51788304147971E-16));
#2013=CARTESIAN_POINT('Ctrl Pts',(-1.5004759458012,3.95905355172756,4.18888323135346E-16));
#2014=CARTESIAN_POINT('Ctrl Pts',(-1.50835085447066,3.16723681035612,-5.64296249109978E-15));
#2015=CARTESIAN_POINT('Ctrl Pts',(-1.51475282276345,2.37540861256441,-2.81892564846229E-16));
#2016=CARTESIAN_POINT('Ctrl Pts',(-1.51795380690984,1.97949451366856,2.39864239828055E-15));
#2017=CARTESIAN_POINT('Ctrl Pts',(-1.52079173695056,1.58358156231043,5.23826914360611E-15));
#2018=CARTESIAN_POINT('Ctrl Pts',(-1.52283617476882,1.18767045851331,2.16840434497093E-17));
#2019=CARTESIAN_POINT('Ctrl Pts',(-1.52488061258708,0.79175935471618,-5.19490105670669E-15));
#2020=CARTESIAN_POINT('Ctrl Pts',(-1.52613392086817,0.395850215585666,-2.40231581712824E-15));
#2021=CARTESIAN_POINT('Ctrl Pts',(-1.52613382343695,-5.58108802617419E-5,
-3.68628738645072E-16));
#2022=CARTESIAN_POINT('Ctrl Pts',(-1.52613372600573,-0.39596183734619,1.66505833983809E-15));
#2023=CARTESIAN_POINT('Ctrl Pts',(-1.52496278461797,-0.791864956175247,
3.19469261259227E-16));
#2024=CARTESIAN_POINT('Ctrl Pts',(-1.52305231298757,-1.18776623848086,1.95156391047391E-16));
#2025=CARTESIAN_POINT('Ctrl Pts',(-1.52114184135717,-1.58366752078648,7.08435208355546E-17));
#2026=CARTESIAN_POINT('Ctrl Pts',(-1.5184894373563,-1.97956696059441,2.85216292682913E-17));
#2027=CARTESIAN_POINT('Ctrl Pts',(-1.51549671990138,-2.37546555529248,-6.50521303491303E-17));
#2028=CARTESIAN_POINT('Ctrl Pts',(-1.50951128499153,-3.16726274468863,-2.52199649583973E-16));
#2029=CARTESIAN_POINT('Ctrl Pts',(-1.5021433130624,-3.95905650071228,-3.92979208417657E-16));
#2030=CARTESIAN_POINT('Ctrl Pts',(-1.49640080668211,-4.75085429337623,-4.33680868994203E-17));
#2031=CARTESIAN_POINT('',(1.49229532179852,-4.75091055773598,0.));
#2032=CARTESIAN_POINT('Ctrl Pts',(-1.49640080668211,-4.75085429337623,2.16840434497101E-17));
#2033=CARTESIAN_POINT('Ctrl Pts',(-1.49637824218892,-4.75396617372061,-9.18645070561776E-17));
#2034=CARTESIAN_POINT('Ctrl Pts',(-1.49635570285134,-4.75707805871224,6.81947453418419E-16));
#2035=CARTESIAN_POINT('Ctrl Pts',(-1.49633318885623,-4.76018994838565,2.16840434497103E-17));
#2036=CARTESIAN_POINT('Ctrl Pts',(-1.49631067486111,-4.76330183805905,-6.38579366518998E-16));
#2037=CARTESIAN_POINT('Ctrl Pts',(-1.49628818620845,-4.76641373241423,9.38526682978628E-16));
#2038=CARTESIAN_POINT('Ctrl Pts',(-1.49626572308521,-4.76952563148572,2.38524477946812E-16));
#2039=CARTESIAN_POINT('Ctrl Pts',(-1.49625449152359,-4.77108158102146,-1.11476624569097E-16));
#2040=CARTESIAN_POINT('Ctrl Pts',(-1.49624326634432,-4.77263753173629,1.53223777003616E-16));
#2041=CARTESIAN_POINT('Ctrl Pts',(-1.4962320475708,-4.77419348363451,-2.168404344971E-17));
#2042=CARTESIAN_POINT('Ctrl Pts',(-1.49622082879727,-4.77574943553273,-1.96591863903037E-16));
#2043=CARTESIAN_POINT('Ctrl Pts',(-1.49620967568728,-4.77730539955939,-7.08595600954678E-16));
#2044=CARTESIAN_POINT('Ctrl Pts',(-1.49619841049081,-4.77886134288368,-1.51788304147971E-16));
#2045=CARTESIAN_POINT('Ctrl Pts',(-1.49619277789257,-4.77963931454583,1.26615344255383E-16));
#2046=CARTESIAN_POINT('Ctrl Pts',(-1.49618722651767,-4.7804173012104,-1.75089521708823E-15));
#2047=CARTESIAN_POINT('Ctrl Pts',(-1.49618160640758,-4.78119527517901,-4.98732999343332E-16));
#2048=CARTESIAN_POINT('Ctrl Pts',(-1.49617879635253,-4.78158426216332,1.27348109529115E-16));
#2049=CARTESIAN_POINT('Ctrl Pts',(-1.49617599723112,-4.78197325116685,-4.6577525639948E-16));
#2050=CARTESIAN_POINT('Ctrl Pts',(-1.49617320798782,-4.78236224199579,-1.0842021724855E-16));
#2051=CARTESIAN_POINT('Ctrl Pts',(-1.49617041874453,-4.78275123282472,2.48934821902379E-16));
#2052=CARTESIAN_POINT('Ctrl Pts',(-1.49616751799633,-4.7831402030539,-6.07653451443962E-17));
#2053=CARTESIAN_POINT('Ctrl Pts',(-1.49616444004324,-4.78352914054644,-1.30104260698261E-16));
#2054=CARTESIAN_POINT('Ctrl Pts',(-1.49615828413706,-4.78430701553151,-2.6878209180599E-16));
#2055=CARTESIAN_POINT('Ctrl Pts',(-1.49615154648028,-4.7850847830436,-6.94174489650746E-17));
#2056=CARTESIAN_POINT('Ctrl Pts',(-1.49614419396668,-4.78586243696698,-1.30104260698261E-16));
#2057=CARTESIAN_POINT('Ctrl Pts',(-1.49613684145309,-4.78664009089036,-1.90791072431446E-16));
#2058=CARTESIAN_POINT('Ctrl Pts',(-1.49612895879322,-4.78741764686476,9.5146871608642E-17));
#2059=CARTESIAN_POINT('Ctrl Pts',(-1.49612032607205,-4.78819506429186,-2.38524477946811E-16));
#2060=CARTESIAN_POINT('Ctrl Pts',(-1.49608579518737,-4.79130473400022,-1.57320987616862E-15));
#2061=CARTESIAN_POINT('Ctrl Pts',(-1.49604220299377,-4.79441272964302,-2.71747559010785E-16));
#2062=CARTESIAN_POINT('Ctrl Pts',(-1.49598870215105,-4.79751889479769,-1.08420217248551E-16));
#2063=CARTESIAN_POINT('Ctrl Pts',(-1.49593520130832,-4.80062505995235,5.49071245136842E-17));
#2064=CARTESIAN_POINT('Ctrl Pts',(-1.49587208576274,-4.80372944888418,-2.48605019884971E-16));
#2065=CARTESIAN_POINT('Ctrl Pts',(-1.49579938874845,-4.80683206773284,-2.16840434497102E-17));
#2066=CARTESIAN_POINT('Ctrl Pts',(-1.49565399471987,-4.81303730543017,4.32157909420811E-16));
#2067=CARTESIAN_POINT('Ctrl Pts',(-1.4954702758414,-4.8192354629842,-1.25988419922905E-16));
#2068=CARTESIAN_POINT('Ctrl Pts',(-1.49524848264892,-4.82542658667902,6.50521303491306E-17));
#2069=CARTESIAN_POINT('Ctrl Pts',(-1.49480489626397,-4.83780883406864,4.47133230893201E-16));
#2070=CARTESIAN_POINT('Ctrl Pts',(-1.49420903058629,-4.85016294933991,-8.46936659104263E-17));
#2071=CARTESIAN_POINT('Ctrl Pts',(-1.49346264252936,-4.8624892570655,2.16840434497101E-17));
#2072=CARTESIAN_POINT('Ctrl Pts',(-1.49271625447243,-4.8748155647911,1.28061752809847E-16));
#2073=CARTESIAN_POINT('Ctrl Pts',(-1.49181934025347,-4.88711406427213,-1.25701785808778E-16));
#2074=CARTESIAN_POINT('Ctrl Pts',(-1.49077334729534,-4.89938502290607,-2.81892564846231E-16));
#2075=CARTESIAN_POINT('Ctrl Pts',(-1.48868136137907,-4.92392694017393,-5.94274122921138E-16));
#2076=CARTESIAN_POINT('Ctrl Pts',(-1.48599332920798,-4.94835874369264,-4.69840510807596E-16));
#2077=CARTESIAN_POINT('Ctrl Pts',(-1.48271712535242,-4.97268188821328,-4.98732999343332E-16));
#2078=CARTESIAN_POINT('Ctrl Pts',(-1.47944092149685,-4.99700503273391,-5.27625487879068E-16));
#2079=CARTESIAN_POINT('Ctrl Pts',(-1.47557651449639,-5.02121951243683,1.28307329595562E-16));
#2080=CARTESIAN_POINT('Ctrl Pts',(-1.47112705940621,-5.04532591020897,-1.51788304147971E-16));
#2081=CARTESIAN_POINT('Ctrl Pts',(-1.46222814922586,-5.09353870575323,-7.11979571635035E-16));
#2082=CARTESIAN_POINT('Ctrl Pts',(-1.450993901582,-5.14132009741081,-6.01264171315426E-16));
#2083=CARTESIAN_POINT('Ctrl Pts',(-1.43739081826294,-5.18866381567875,6.505213034913E-17));
#2084=CARTESIAN_POINT('Ctrl Pts',(-1.42378773494387,-5.23600753394668,7.31368432013686E-16));
#2085=CARTESIAN_POINT('Ctrl Pts',(-1.40781455234291,-5.28291884410062,-8.62926391693444E-16));
#2086=CARTESIAN_POINT('Ctrl Pts',(-1.38935933943056,-5.3293607240778,-5.20417042793043E-16));
#2087=CARTESIAN_POINT('Ctrl Pts',(-1.37090412651821,-5.37580260405498,-1.7790769389264E-16));
#2088=CARTESIAN_POINT('Ctrl Pts',(-1.35030524711057,-5.42089890729807,4.97564399429728E-16));
#2089=CARTESIAN_POINT('Ctrl Pts',(-1.32765071664063,-5.46472151654496,2.8189256484623E-16));
#2090=CARTESIAN_POINT('Ctrl Pts',(-1.3049961861707,-5.50854412579186,6.62207302627354E-17));
#2091=CARTESIAN_POINT('Ctrl Pts',(-1.28028911811254,-5.5510892774781,1.13432425972582E-15));
#2092=CARTESIAN_POINT('Ctrl Pts',(-1.25355380655264,-5.59237209186833,2.38524477946812E-16));
#2093=CARTESIAN_POINT('Ctrl Pts',(-1.24018615077269,-5.61301349906344,-2.09375412942694E-16));
#2094=CARTESIAN_POINT('Ctrl Pts',(-1.22631047865968,-5.63333872724383,8.64250971237324E-16));
#2095=CARTESIAN_POINT('Ctrl Pts',(-1.21192312411268,-5.65334549473148,2.16840434497099E-17));
#2096=CARTESIAN_POINT('Ctrl Pts',(-1.19753576956569,-5.67335226221914,-8.20882884337904E-16));
#2097=CARTESIAN_POINT('Ctrl Pts',(-1.18263680224626,-5.69304061235959,7.86271527204164E-16));
#2098=CARTESIAN_POINT('Ctrl Pts',(-1.16721799520977,-5.71240542487189,-3.68628738645071E-16));
#2099=CARTESIAN_POINT('Ctrl Pts',(-1.15179918817328,-5.7317702373842,-1.52352900449431E-15));
#2100=CARTESIAN_POINT('Ctrl Pts',(-1.13586279184978,-5.75080847806986,2.58638428994827E-15));
#2101=CARTESIAN_POINT('Ctrl Pts',(-1.11938892675259,-5.76952107879978,6.72205346941015E-16));
#2102=CARTESIAN_POINT('Ctrl Pts',(-1.11115199420399,-5.77887737916474,-2.84884124562617E-16));
#2103=CARTESIAN_POINT('Ctrl Pts',(-1.10277197450853,-5.7881602375411,-4.93946171243453E-16));
#2104=CARTESIAN_POINT('Ctrl Pts',(-1.09430184702618,-5.79731057146655,-1.06251812903579E-15));
#2105=CARTESIAN_POINT('Ctrl Pts',(-1.08583171954383,-5.806460905392,-1.63109008682814E-15));
#2106=CARTESIAN_POINT('Ctrl Pts',(-1.07726256961637,-5.81549042642089,6.03387965850672E-17));
#2107=CARTESIAN_POINT('Ctrl Pts',(-1.06859824749126,-5.82439365759483,-2.38524477946811E-16));
#2108=CARTESIAN_POINT('Ctrl Pts',(-1.03394095899082,-5.86000658229062,-1.43397757607432E-15));
#2109=CARTESIAN_POINT('Ctrl Pts',(-0.997738128767865,-5.89366113370304,
-1.68068891312123E-16));
#2110=CARTESIAN_POINT('Ctrl Pts',(-0.960040117645508,-5.92540355247631,
-8.89045781438114E-16));
#2111=CARTESIAN_POINT('Ctrl Pts',(-0.922342106523152,-5.95714597124959,
-1.6100226715641E-15));
#2112=CARTESIAN_POINT('Ctrl Pts',(-0.883149071150871,-5.98698244439228,
-1.44894593791199E-15));
#2113=CARTESIAN_POINT('Ctrl Pts',(-0.842456958914324,-6.01490780558699,
-4.55364912443909E-16));
#2114=CARTESIAN_POINT('Ctrl Pts',(-0.82211090279605,-6.02887048618435,4.14256002901139E-17));
#2115=CARTESIAN_POINT('Ctrl Pts',(-0.801389373832169,-6.04235449171283,
-3.29410886057585E-15));
#2116=CARTESIAN_POINT('Ctrl Pts',(-0.780286608056727,-6.05535247397175,
-2.81892564846231E-16));
#2117=CARTESIAN_POINT('Ctrl Pts',(-0.769735225169006,-6.06185146510121,
1.22421558301858E-15));
#2118=CARTESIAN_POINT('Ctrl Pts',(-0.759088493642663,-6.06822890013423,
-1.60365647766993E-15));
#2119=CARTESIAN_POINT('Ctrl Pts',(-0.748345354105831,-6.07448342852114,
-2.16840434497085E-17));
#2120=CARTESIAN_POINT('Ctrl Pts',(-0.737602214568999,-6.08073795690804,
1.56028839077049E-15));
#2121=CARTESIAN_POINT('Ctrl Pts',(-0.726765016367962,-6.08686824151759,
1.17058379484743E-15));
#2122=CARTESIAN_POINT('Ctrl Pts',(-0.715825423254037,-6.09287665145688,
1.53956708492941E-15));
#2123=CARTESIAN_POINT('Ctrl Pts',(-0.704885830140111,-6.09888506139618,
1.90855037501143E-15));
#2124=CARTESIAN_POINT('Ctrl Pts',(-0.693856363195293,-6.10476389060675,
8.769559228516E-16));
#2125=CARTESIAN_POINT('Ctrl Pts',(-0.682793923298812,-6.11048346871576,
2.81892564846248E-16));
#2126=CARTESIAN_POINT('Ctrl Pts',(-0.67173148340233,-6.11620304682477,-3.13170793159132E-16));
#2127=CARTESIAN_POINT('Ctrl Pts',(-0.660613090233328,-6.1217760721401,5.87290534058085E-16));
#2128=CARTESIAN_POINT('Ctrl Pts',(-0.649449106756777,-6.12719821005985,
-1.30104260698261E-16));
#2129=CARTESIAN_POINT('Ctrl Pts',(-0.627121139803675,-6.13804248589935,
-1.56489385021093E-15));
#2130=CARTESIAN_POINT('Ctrl Pts',(-0.604587906838104,-6.14829604374034,
5.19848891165054E-17));
#2131=CARTESIAN_POINT('Ctrl Pts',(-0.58186089856799,-6.157958893453,-8.02309607639274E-16));
#2132=CARTESIAN_POINT('Ctrl Pts',(-0.536406882027759,-6.17728459287832,
-2.51089860115083E-15));
#2133=CARTESIAN_POINT('Ctrl Pts',(-0.490156144585036,-6.19425926785049,
2.48747109083936E-15));
#2134=CARTESIAN_POINT('Ctrl Pts',(-0.443126870424072,-6.20891402963251,
6.28837260041595E-16));
#2135=CARTESIAN_POINT('Ctrl Pts',(-0.41961223334359,-6.21624141052352,-3.00479655357292E-16));
#2136=CARTESIAN_POINT('Ctrl Pts',(-0.395902027919871,-6.22298794657992,
-1.89676576064713E-16));
#2137=CARTESIAN_POINT('Ctrl Pts',(-0.37199499118425,-6.22914988682793,-1.51788304147971E-16));
#2138=CARTESIAN_POINT('Ctrl Pts',(-0.348087954448628,-6.23531182707593,
-1.13900032231229E-16));
#2139=CARTESIAN_POINT('Ctrl Pts',(-0.323983711518965,-6.24088930186352,
-1.31928435505473E-17));
#2140=CARTESIAN_POINT('Ctrl Pts',(-0.299680367357977,-6.24587295148999,
-2.16840434497101E-17));
#2141=CARTESIAN_POINT('Ctrl Pts',(-0.275377023196988,-6.25085660111647,
-3.01752433488728E-17));
#2142=CARTESIAN_POINT('Ctrl Pts',(-0.250863007313019,-6.25524814480749,
-2.67629927573545E-16));
#2143=CARTESIAN_POINT('Ctrl Pts',(-0.226165941859123,-6.25902838228615,
-2.16840434497135E-17));
#2144=CARTESIAN_POINT('Ctrl Pts',(-0.201468876405226,-6.26280861976481,
2.24261840674137E-16));
#2145=CARTESIAN_POINT('Ctrl Pts',(-0.176798238607229,-6.2659464710889,-7.64891384975104E-16));
#2146=CARTESIAN_POINT('Ctrl Pts',(-0.152129025348233,-6.26845774328084,
-6.28837260041592E-16));
#2147=CARTESIAN_POINT('Ctrl Pts',(-0.127459812089236,-6.27096901547279,
-4.92783135108082E-16));
#2148=CARTESIAN_POINT('Ctrl Pts',(-0.102800296551547,-6.27285240137092,
-4.79135590870006E-17));
#2149=CARTESIAN_POINT('Ctrl Pts',(-0.078150382656636,-6.27411412157496,
1.51788304147971E-16));
#2150=CARTESIAN_POINT('Ctrl Pts',(-0.0535004687617253,-6.27537584177901,
3.51490167382942E-16));
#2151=CARTESIAN_POINT('Ctrl Pts',(-0.028860157366448,-6.27601584088052,
-1.41870994006926E-15));
#2152=CARTESIAN_POINT('Ctrl Pts',(-0.00422943550452631,-6.27603495833375,
-1.2793585635329E-15));
#2153=CARTESIAN_POINT('Ctrl Pts',(0.0204012863573953,-6.27605407578699,
-1.14000718699653E-15));
#2154=CARTESIAN_POINT('Ctrl Pts',(0.0450224463829096,-6.27545410490274,
-2.07159376866448E-15));
#2155=CARTESIAN_POINT('Ctrl Pts',(0.0696340667109922,-6.27423647903093,
-4.98732999343332E-16));
#2156=CARTESIAN_POINT('Ctrl Pts',(0.0942456870390749,-6.27301885315911,
1.07412776997783E-15));
#2157=CARTESIAN_POINT('Ctrl Pts',(0.118847768280067,-6.27118361188307,-1.91106792044308E-15));
#2158=CARTESIAN_POINT('Ctrl Pts',(0.143440251484637,-6.26872693840985,1.0842021724855E-16));
#2159=CARTESIAN_POINT('Ctrl Pts',(0.168032734689207,-6.26627026493663,2.12790835494018E-15));
#2160=CARTESIAN_POINT('Ctrl Pts',(0.192622893391496,-6.26319069527863,8.11053163455709E-16));
#2161=CARTESIAN_POINT('Ctrl Pts',(0.217188763849601,-6.25948335387561,1.95156391047383E-16));
#2162=CARTESIAN_POINT('Ctrl Pts',(0.229471699078653,-6.2576296831741,-1.12791995156805E-16));
#2163=CARTESIAN_POINT('Ctrl Pts',(0.241759423941421,-6.25561665976984,-1.71464335570645E-15));
#2164=CARTESIAN_POINT('Ctrl Pts',(0.254041141494889,-6.25344501909638,-4.55364912443911E-16));
#2165=CARTESIAN_POINT('Ctrl Pts',(0.266322859048358,-6.25127337842292,8.03913530818628E-16));
#2166=CARTESIAN_POINT('Ctrl Pts',(0.278606824361043,-6.24894080355316,8.23097807563193E-16));
#2167=CARTESIAN_POINT('Ctrl Pts',(0.290820329195427,-6.24646109004498,1.32272665043231E-15));
#2168=CARTESIAN_POINT('Ctrl Pts',(0.315247338864195,-6.2415016630286,2.32198433617057E-15));
#2169=CARTESIAN_POINT('Ctrl Pts',(0.339451762778228,-6.2359470885975,-1.20414665438226E-15));
#2170=CARTESIAN_POINT('Ctrl Pts',(0.363443000477519,-6.22980803527915,-1.0842021724855E-16));
#2171=CARTESIAN_POINT('Ctrl Pts',(0.38743423817681,-6.2236689819608,9.87306219885148E-16));
#2172=CARTESIAN_POINT('Ctrl Pts',(0.411210703441953,-6.21694609881148,6.84803050868676E-16));
#2173=CARTESIAN_POINT('Ctrl Pts',(0.43477510577823,-6.2096467511735,9.74982775046594E-30));
#2174=CARTESIAN_POINT('Ctrl Pts',(0.481903910450787,-6.19504805589754,-1.36960610173734E-15));
#2175=CARTESIAN_POINT('Ctrl Pts',(0.528186099103187,-6.17814794944835,-2.39428673657324E-15));
#2176=CARTESIAN_POINT('Ctrl Pts',(0.573619574608536,-6.15894073078286,-6.28837260041605E-16));
#2177=CARTESIAN_POINT('Ctrl Pts',(0.596336312361211,-6.14933712145011,2.53887478224267E-16));
#2178=CARTESIAN_POINT('Ctrl Pts',(0.61884073520555,-6.13915636275336,-3.21840170497597E-15));
#2179=CARTESIAN_POINT('Ctrl Pts',(0.641131472304085,-6.12839472819087,-9.32413868337531E-16));
#2180=CARTESIAN_POINT('Ctrl Pts',(0.66342220940262,-6.11763309362839,1.35357396830089E-15));
#2181=CARTESIAN_POINT('Ctrl Pts',(0.685501309023847,-6.10628906787271,2.51860114132657E-15));
#2182=CARTESIAN_POINT('Ctrl Pts',(0.707359489606988,-6.09435867012924,1.17093834628434E-15));
#2183=CARTESIAN_POINT('Ctrl Pts',(0.718288579898558,-6.0883934712575,4.97106948763244E-16));
#2184=CARTESIAN_POINT('Ctrl Pts',(0.729174876509361,-6.0822736600005,1.54354370159452E-15));
#2185=CARTESIAN_POINT('Ctrl Pts',(0.739980899078411,-6.07601972405782,3.68628738645072E-16));
#2186=CARTESIAN_POINT('Ctrl Pts',(0.750786921647462,-6.06976578811513,-8.06286224304404E-16));
#2187=CARTESIAN_POINT('Ctrl Pts',(0.761489574294155,-6.06339163082836,7.57451880546107E-16));
#2188=CARTESIAN_POINT('Ctrl Pts',(0.772089500504824,-6.05689844542995,-5.42101086242752E-16));
#2189=CARTESIAN_POINT('Ctrl Pts',(0.793289352926163,-6.04391207463313,-3.14120701982044E-15));
#2190=CARTESIAN_POINT('Ctrl Pts',(0.814107190279414,-6.03043520854829,-2.99386838685466E-16));
#2191=CARTESIAN_POINT('Ctrl Pts',(0.834528823126468,-6.01648734781794,-4.55364912443911E-16));
#2192=CARTESIAN_POINT('Ctrl Pts',(0.854950455973522,-6.00253948708758,-6.11342986202358E-16));
#2193=CARTESIAN_POINT('Ctrl Pts',(0.874983184495338,-5.98811726666292,-1.84249444969331E-15));
#2194=CARTESIAN_POINT('Ctrl Pts',(0.894631352247254,-5.97322598452324,-1.23599047663347E-15));
#2195=CARTESIAN_POINT('Ctrl Pts',(0.914279519999171,-5.95833470238356,-6.29486503573632E-16));
#2196=CARTESIAN_POINT('Ctrl Pts',(0.933543137607352,-5.94297437149166,7.38862167882808E-16));
#2197=CARTESIAN_POINT('Ctrl Pts',(0.952423100735806,-5.92714608431723,-1.08420217248551E-16));
#2198=CARTESIAN_POINT('Ctrl Pts',(0.97130306386426,-5.91131779714279,-9.557026023799E-16));
#2199=CARTESIAN_POINT('Ctrl Pts',(0.989799341204214,-5.89502151549905,-2.27299318116577E-16));
#2200=CARTESIAN_POINT('Ctrl Pts',(1.0079094628597,-5.87825422676963,-1.01915004213637E-15));
#2201=CARTESIAN_POINT('Ctrl Pts',(1.02601958451519,-5.8614869380402,-1.81100076615617E-15));
#2202=CARTESIAN_POINT('Ctrl Pts',(1.0437432050012,-5.84424822082607,-2.43015552324562E-15));
#2203=CARTESIAN_POINT('Ctrl Pts',(1.06107517049435,-5.82653178883497,-5.42101086242752E-16));
#2204=CARTESIAN_POINT('Ctrl Pts',(1.06974115324092,-5.81767357283942,4.01926132258683E-16));
#2205=CARTESIAN_POINT('Ctrl Pts',(1.07830935501439,-5.8086960901,-2.97944458984347E-16));
#2206=CARTESIAN_POINT('Ctrl Pts',(1.08677903842103,-5.7995984411927,6.28837260041593E-16));
#2207=CARTESIAN_POINT('Ctrl Pts',(1.09524872182767,-5.79050079228541,1.55561897906752E-15));
#2208=CARTESIAN_POINT('Ctrl Pts',(1.10361855263914,-5.78128446014,1.8783051039214E-15));
#2209=CARTESIAN_POINT('Ctrl Pts',(1.11189170623872,-5.77194398687943,9.75781955236955E-16));
#2210=CARTESIAN_POINT('Ctrl Pts',(1.12016485983829,-5.76260351361887,7.32588065525111E-17));
#2211=CARTESIAN_POINT('Ctrl Pts',(1.12833553788773,-5.75314430085533,1.53945925764764E-18));
#2212=CARTESIAN_POINT('Ctrl Pts',(1.13635943572346,-5.74361922139686,2.60208521396521E-16));
#2213=CARTESIAN_POINT('Ctrl Pts',(1.14438333355918,-5.73409414193838,5.18877583535399E-16));
#2214=CARTESIAN_POINT('Ctrl Pts',(1.15228013119905,-5.72448200403936,-8.35867492646706E-16));
#2215=CARTESIAN_POINT('Ctrl Pts',(1.16003944349071,-5.71479446201941,-4.11996825544492E-16));
#2216=CARTESIAN_POINT('Ctrl Pts',(1.19107669265735,-5.67604429393957,1.28348584286436E-15));
#2217=CARTESIAN_POINT('Ctrl Pts',(1.22003452280141,-5.63599719863921,-8.00980807388483E-16));
#2218=CARTESIAN_POINT('Ctrl Pts',(1.24693590437181,-5.59470130708956,-2.81892564846231E-16));
#2219=CARTESIAN_POINT('Ctrl Pts',(1.27383728594221,-5.5534054155399,2.37195677696021E-16));
#2220=CARTESIAN_POINT('Ctrl Pts',(1.29869207622512,-5.51085529458515,-5.68483322092865E-17));
#2221=CARTESIAN_POINT('Ctrl Pts',(1.32148494135047,-5.46704191339635,4.98732999343332E-16));
#2222=CARTESIAN_POINT('Ctrl Pts',(1.34427780647582,-5.42322853220756,1.05431433089595E-15));
#2223=CARTESIAN_POINT('Ctrl Pts',(1.36501192724752,-5.37814144990375,1.45201475213003E-16));
#2224=CARTESIAN_POINT('Ctrl Pts',(1.38359116491759,-5.33175823792362,1.51788304147971E-16));
#2225=CARTESIAN_POINT('Ctrl Pts',(1.40217040258766,-5.28537502594349,1.58375133082938E-16));
#2226=CARTESIAN_POINT('Ctrl Pts',(1.41829212540789,-5.23847772281971,8.34870782816078E-16));
#2227=CARTESIAN_POINT('Ctrl Pts',(1.43206058661424,-5.19106021734957,4.11996825544491E-16));
#2228=CARTESIAN_POINT('Ctrl Pts',(1.44582904782059,-5.14364271187944,-1.08771317270967E-17));
#2229=CARTESIAN_POINT('Ctrl Pts',(1.45724015074263,-5.09571369279282,-8.97088035229393E-17));
#2230=CARTESIAN_POINT('Ctrl Pts',(1.46630616077249,-5.04727582139429,-1.95156391047391E-16));
#2231=CARTESIAN_POINT('Ctrl Pts',(1.47083916578742,-5.02305688569503,-2.47880184809616E-16));
#2232=CARTESIAN_POINT('Ctrl Pts',(1.47478474588716,-4.99871048704369,3.38490331809625E-16));
#2233=CARTESIAN_POINT('Ctrl Pts',(1.47813714718994,-4.97423537690737,2.38524477946811E-16));
#2234=CARTESIAN_POINT('Ctrl Pts',(1.48148954849271,-4.94976026677104,1.38558624083996E-16));
#2235=CARTESIAN_POINT('Ctrl Pts',(1.48424888128744,-4.92515480630048,-5.95653701486983E-16));
#2236=CARTESIAN_POINT('Ctrl Pts',(1.48640443198911,-4.90042165916149,-2.81892564846231E-16));
#2237=CARTESIAN_POINT('Ctrl Pts',(1.48748220733994,-4.888055085592,-1.25011996525855E-16));
#2238=CARTESIAN_POINT('Ctrl Pts',(1.48840911712916,-4.87565251285683,7.17373050973781E-16));
#2239=CARTESIAN_POINT('Ctrl Pts',(1.48918310671736,-4.8632207913116,5.42101086242752E-16));
#2240=CARTESIAN_POINT('Ctrl Pts',(1.48995709630556,-4.85078906976636,3.66829121511726E-16));
#2241=CARTESIAN_POINT('Ctrl Pts',(1.49057872016449,-4.8383117180218,-3.3043643759421E-16));
#2242=CARTESIAN_POINT('Ctrl Pts',(1.49104448459722,-4.82582956336432,-2.16840434497102E-17));
#2243=CARTESIAN_POINT('Ctrl Pts',(1.49127736681359,-4.81958848603559,1.32692153622543E-16));
#2244=CARTESIAN_POINT('Ctrl Pts',(1.4914713441206,-4.81334741935146,1.11394983089657E-15));
#2245=CARTESIAN_POINT('Ctrl Pts',(1.49162641851445,-4.80710518312566,6.50521303491299E-17));
#2246=CARTESIAN_POINT('Ctrl Pts',(1.49170395571138,-4.80398406501276,-4.59396719924572E-16));
#2247=CARTESIAN_POINT('Ctrl Pts',(1.49177176580121,-4.80086275283912,-3.29704708407567E-15));
#2248=CARTESIAN_POINT('Ctrl Pts',(1.49182984566149,-4.79774124654243,-3.38271077815477E-15));
#2249=CARTESIAN_POINT('Ctrl Pts',(1.49188792552178,-4.79461974024574,-3.46837447223388E-15));
#2250=CARTESIAN_POINT('Ctrl Pts',(1.49193627514853,-4.79149803982593,-1.03594889889347E-16));
#2251=CARTESIAN_POINT('Ctrl Pts',(1.49197489035096,-4.7883761451994,1.95156391047391E-16));
#2252=CARTESIAN_POINT('Ctrl Pts',(1.49198454415156,-4.78759567154277,2.6984421128157E-16));
#2253=CARTESIAN_POINT('Ctrl Pts',(1.49199358953901,-4.78681518574799,6.67159895837232E-16));
#2254=CARTESIAN_POINT('Ctrl Pts',(1.49200202644391,-4.78603468781367,2.16840434497101E-17));
#2255=CARTESIAN_POINT('Ctrl Pts',(1.49201046334881,-4.78525418987935,-6.23791808938006E-16));
#2256=CARTESIAN_POINT('Ctrl Pts',(1.49201827036995,-4.78447367937909,3.87466138326692E-16));
#2257=CARTESIAN_POINT('Ctrl Pts',(1.49202551162234,-4.78369315759031,1.51788304147971E-16));
#2258=CARTESIAN_POINT('Ctrl Pts',(1.49202913224854,-4.78330289669592,3.39493870585742E-17));
#2259=CARTESIAN_POINT('Ctrl Pts',(1.4920325803116,-4.78291263235939,1.72014043778334E-16));
#2260=CARTESIAN_POINT('Ctrl Pts',(1.49203588496743,-4.78252236516152,1.95156391047391E-16));
#2261=CARTESIAN_POINT('Ctrl Pts',(1.49203918962326,-4.78213209796364,2.18298738316434E-16));
#2262=CARTESIAN_POINT('Ctrl Pts',(1.49204233273441,-4.78174182754322,1.20082427148719E-16));
#2263=CARTESIAN_POINT('Ctrl Pts',(1.49204552156906,-4.78135155803431,-1.30104260698261E-16));
#2264=CARTESIAN_POINT('Ctrl Pts',(1.49205189923837,-4.78057101901649,-6.3047763639222E-16));
#2265=CARTESIAN_POINT('Ctrl Pts',(1.49205824064857,-4.77979047927932,2.479544976659E-16));
#2266=CARTESIAN_POINT('Ctrl Pts',(1.49206467105762,-4.77900994131174,2.16840434497101E-17));
#2267=CARTESIAN_POINT('Ctrl Pts',(1.4920775318757,-4.77744886537658,-4.3085686498267E-16));
#2268=CARTESIAN_POINT('Ctrl Pts',(1.49209021845847,-4.77588778597589,-5.48763123056348E-16));
#2269=CARTESIAN_POINT('Ctrl Pts',(1.49210300319106,-4.77432670852807,-3.68628738645071E-16));
#2270=CARTESIAN_POINT('Ctrl Pts',(1.49211578792364,-4.77276563108025,-1.88494354233768E-16));
#2271=CARTESIAN_POINT('Ctrl Pts',(1.49212858000214,-4.77120455377898,3.64659092779598E-17));
#2272=CARTESIAN_POINT('Ctrl Pts',(1.49214137939993,-4.76964347662373,1.0842021724855E-16));
#2273=CARTESIAN_POINT('Ctrl Pts',(1.49216697819552,-4.76652132231324,2.52328833189721E-16));
#2274=CARTESIAN_POINT('Ctrl Pts',(1.49219260626833,-4.76339916858684,6.67032311040597E-16));
#2275=CARTESIAN_POINT('Ctrl Pts',(1.49221826340564,-4.7602770154403,1.30104260698261E-16));
#2276=CARTESIAN_POINT('Ctrl Pts',(1.49224392054296,-4.75715486229375,-4.06823789644116E-16));
#2277=CARTESIAN_POINT('Ctrl Pts',(1.49226960674479,-4.75403270972706,6.25911443274874E-16));
#2278=CARTESIAN_POINT('Ctrl Pts',(1.49229532179852,-4.75091055773598,-2.16840434497101E-16));
#2279=CARTESIAN_POINT('',(1.49434175529664,4.75088464993961,0.));
#2280=CARTESIAN_POINT('Ctrl Pts',(1.49229532179852,-4.75091055773598,-2.16840434497101E-17));
#2281=CARTESIAN_POINT('Ctrl Pts',(1.49881748995449,-3.95907194622531,1.3756327081344E-16));
#2282=CARTESIAN_POINT('Ctrl Pts',(1.50719574959339,-3.16724962306515,-7.67019972634871E-16));
#2283=CARTESIAN_POINT('Ctrl Pts',(1.51401196241435,-2.37541437882518,-1.9515639104739E-16));
#2284=CARTESIAN_POINT('Ctrl Pts',(1.51742006882483,-1.9794967567052,9.07753997463497E-17));
#2285=CARTESIAN_POINT('Ctrl Pts',(1.52044266586978,-1.58358043753596,3.12669854950557E-15));
#2286=CARTESIAN_POINT('Ctrl Pts',(1.52262055343042,-1.18766622880681,-1.5178830414797E-16));
#2287=CARTESIAN_POINT('Ctrl Pts',(1.52479844099106,-0.791752020077674,-3.43027515780151E-15));
#2288=CARTESIAN_POINT('Ctrl Pts',(1.5261339580701,-0.395840053892247,8.56266273384393E-16));
#2289=CARTESIAN_POINT('Ctrl Pts',(1.52613382343223,6.83565498231786E-5,
-7.58941520739853E-16));
#2290=CARTESIAN_POINT('Ctrl Pts',(1.52613368879436,0.395976766991893,-2.3741493148641E-15));
#2291=CARTESIAN_POINT('Ctrl Pts',(1.52488013254421,0.791881840598135,-3.49310673711681E-16));
#2292=CARTESIAN_POINT('Ctrl Pts',(1.52283558424027,1.18778480844287,-2.16840434497117E-17));
#2293=CARTESIAN_POINT('Ctrl Pts',(1.52079103593634,1.58368777628761,3.05942586812259E-16));
#2294=CARTESIAN_POINT('Ctrl Pts',(1.5179530908374,1.97958863195836,-4.7592384345503E-16));
#2295=CARTESIAN_POINT('Ctrl Pts',(1.51475217636201,2.37548852135552,-2.81892564846232E-16));
#2296=CARTESIAN_POINT('Ctrl Pts',(1.50835034741121,3.16728830014984,1.06169992371366E-16));
#2297=CARTESIAN_POINT('Ctrl Pts',(1.50047570550114,3.95908415801954,-5.22905425971032E-16));
#2298=CARTESIAN_POINT('Ctrl Pts',(1.49434175529664,4.75088464993961,4.33680868994202E-17));
#2299=CARTESIAN_POINT('Ctrl Pts',(1.49434175529664,4.75088464993961,2.16840434497101E-17));
#2300=CARTESIAN_POINT('Ctrl Pts',(1.49431765164692,4.75399645096211,7.22801064609995E-16));
#2301=CARTESIAN_POINT('Ctrl Pts',(1.4942935748878,4.75710825696752,1.36941079090524E-16));
#2302=CARTESIAN_POINT('Ctrl Pts',(1.49426952521802,4.76022006799267,1.0842021724855E-16));
#2303=CARTESIAN_POINT('Ctrl Pts',(1.49424547554824,4.76333187901781,7.98993554065767E-17));
#2304=CARTESIAN_POINT('Ctrl Pts',(1.49422145296781,4.7664436950627,-1.28575852390694E-15));
#2305=CARTESIAN_POINT('Ctrl Pts',(1.4941974576756,4.76955551616416,-2.60208521396522E-16));
#2306=CARTESIAN_POINT('Ctrl Pts',(1.49418546002949,4.77111142671489,2.52566479858688E-16));
#2307=CARTESIAN_POINT('Ctrl Pts',(1.49417346920544,4.77266733852977,3.60739009930463E-16));
#2308=CARTESIAN_POINT('Ctrl Pts',(1.49416148522831,4.7742232516134,5.20417042793042E-16));
#2309=CARTESIAN_POINT('Ctrl Pts',(1.49414950125118,4.77577916469703,6.80095075655621E-16));
#2310=CARTESIAN_POINT('Ctrl Pts',(1.49413759565946,4.77733509230241,4.3281214217975E-16));
#2311=CARTESIAN_POINT('Ctrl Pts',(1.49412555386258,4.77889099467518,1.0842021724855E-16));
#2312=CARTESIAN_POINT('Ctrl Pts',(1.49411953296414,4.77966894586157,-5.37757452170493E-17));
#2313=CARTESIAN_POINT('Ctrl Pts',(1.49411359623188,4.78044691264069,2.36647726707702E-15));
#2314=CARTESIAN_POINT('Ctrl Pts',(1.49410760363194,4.78122486906941,5.42101086242753E-16));
#2315=CARTESIAN_POINT('Ctrl Pts',(1.49410460733198,4.78161384728377,-3.70087004174384E-16));
#2316=CARTESIAN_POINT('Ctrl Pts',(1.49410162739175,4.78200282852942,-2.69169898443607E-16));
#2317=CARTESIAN_POINT('Ctrl Pts',(1.49409863164029,4.78239180684535,2.16840434497099E-17));
#2318=CARTESIAN_POINT('Ctrl Pts',(1.49409563588883,4.78278078516128,3.12537985343027E-16));
#2319=CARTESIAN_POINT('Ctrl Pts',(1.49409248508119,4.78316973474459,4.30644416467405E-17));
#2320=CARTESIAN_POINT('Ctrl Pts',(1.49408917177764,4.78355865421738,-6.72205346941013E-16));
#2321=CARTESIAN_POINT('Ctrl Pts',(1.49408254517055,4.78433649316297,-2.10274492411652E-15));
#2322=CARTESIAN_POINT('Ctrl Pts',(1.49407535077741,4.78511422689532,-4.15294844575313E-16));
#2323=CARTESIAN_POINT('Ctrl Pts',(1.4940675350123,4.78589184548606,-2.81892564846234E-16));
#2324=CARTESIAN_POINT('Ctrl Pts',(1.49405971924719,4.78666946407681,-1.48490285117159E-16));
#2325=CARTESIAN_POINT('Ctrl Pts',(1.49405137360235,4.7874469844697,3.13661120705069E-17));
#2326=CARTESIAN_POINT('Ctrl Pts',(1.49404227828726,4.78822436596573,-2.81892564846231E-16));
#2327=CARTESIAN_POINT('Ctrl Pts',(1.49400589702689,4.79133389194985,-1.53492727251318E-15));
#2328=CARTESIAN_POINT('Ctrl Pts',(1.49396045898568,4.79444173960944,2.01702930045004E-17));
#2329=CARTESIAN_POINT('Ctrl Pts',(1.49390511703518,4.79754775208438,-2.81892564846232E-16));
#2330=CARTESIAN_POINT('Ctrl Pts',(1.49384977508468,4.80065376455933,-5.83955422696966E-16));
#2331=CARTESIAN_POINT('Ctrl Pts',(1.49378482299867,4.80375799624833,1.74066080556418E-16));
#2332=CARTESIAN_POINT('Ctrl Pts',(1.49371029372687,4.80686045325709,1.9515639104739E-16));
#2333=CARTESIAN_POINT('Ctrl Pts',(1.49356123518326,4.81306536727461,2.37337012029337E-16));
#2334=CARTESIAN_POINT('Ctrl Pts',(1.49337386890538,4.81926318275808,-2.075233548663E-16));
#2335=CARTESIAN_POINT('Ctrl Pts',(1.49314844340815,4.82545394575802,-2.38524477946811E-16));
#2336=CARTESIAN_POINT('Ctrl Pts',(1.4926975924137,4.83783547175792,-3.00526724107833E-16));
#2337=CARTESIAN_POINT('Ctrl Pts',(1.49209452222972,4.85018879110133,4.1319055878498E-17));
#2338=CARTESIAN_POINT('Ctrl Pts',(1.49134097762975,4.86251422709987,3.68628738645072E-16));
#2339=CARTESIAN_POINT('Ctrl Pts',(1.49058743302979,4.87483966309841,6.95938421411645E-16));
#2340=CARTESIAN_POINT('Ctrl Pts',(1.48968341032507,4.88713721506847,1.68137064764664E-16));
#2341=CARTESIAN_POINT('Ctrl Pts',(1.48863034960871,4.89940714986364,4.98732999343332E-16));
#2342=CARTESIAN_POINT('Ctrl Pts',(1.486524228176,4.92394701945398,1.15992486850067E-15));
#2343=CARTESIAN_POINT('Ctrl Pts',(1.48382221975904,4.9483764694608,-1.93237822677072E-16));
#2344=CARTESIAN_POINT('Ctrl Pts',(1.48053219565293,4.9726969584586,2.16840434497112E-17));
#2345=CARTESIAN_POINT('Ctrl Pts',(1.47724217154681,4.99701744745641,2.36605909576493E-16));
#2346=CARTESIAN_POINT('Ctrl Pts',(1.47336410125991,5.0212289697876,2.38404695379583E-16));
#2347=CARTESIAN_POINT('Ctrl Pts',(1.46890120284981,5.04533212178817,6.50521303491303E-17));
#2348=CARTESIAN_POINT('Ctrl Pts',(1.45997540602961,5.09353842578929,-2.81652999711776E-16));
#2349=CARTESIAN_POINT('Ctrl Pts',(1.44871508932838,5.1413121619715,1.68603021154312E-16));
#2350=CARTESIAN_POINT('Ctrl Pts',(1.4350880534242,5.18864728724768,0.));
#2351=CARTESIAN_POINT('Ctrl Pts',(1.42146101752003,5.23598241252386,-1.68603021154312E-16));
#2352=CARTESIAN_POINT('Ctrl Pts',(1.40546611167725,5.28288407668366,2.36097105726383E-17));
#2353=CARTESIAN_POINT('Ctrl Pts',(1.38699346984324,5.32931597581064,-1.95156391047391E-16));
#2354=CARTESIAN_POINT('Ctrl Pts',(1.36852082800923,5.37574787493761,-4.1392249266742E-16));
#2355=CARTESIAN_POINT('Ctrl Pts',(1.34790949166028,5.42083655785877,9.26374982729404E-16));
#2356=CARTESIAN_POINT('Ctrl Pts',(1.32524446680491,5.46465156367622,4.11996825544493E-16));
#2357=CARTESIAN_POINT('Ctrl Pts',(1.30257944194955,5.50846656949367,-1.02381331640421E-16));
#2358=CARTESIAN_POINT('Ctrl Pts',(1.27786352514225,5.55100410994363,-5.62807682917913E-16));
#2359=CARTESIAN_POINT('Ctrl Pts',(1.25111795756118,5.59227741590272,-8.02309607639273E-16));
#2360=CARTESIAN_POINT('Ctrl Pts',(1.23774517377064,5.61291406888227,-9.22060569999953E-16));
#2361=CARTESIAN_POINT('Ctrl Pts',(1.22386372280857,5.63323388181795,-4.28593784956515E-16));
#2362=CARTESIAN_POINT('Ctrl Pts',(1.20947022532208,5.65323474979202,-4.98732999343332E-16));
#2363=CARTESIAN_POINT('Ctrl Pts',(1.1950767278356,5.67323561776609,-5.6887221373015E-16));
#2364=CARTESIAN_POINT('Ctrl Pts',(1.18017138210326,5.69291766427452,6.99602503290427E-16));
#2365=CARTESIAN_POINT('Ctrl Pts',(1.1647466568224,5.71227619819963,3.90312782094782E-16));
#2366=CARTESIAN_POINT('Ctrl Pts',(1.14932193154153,5.73163473212474,8.1023060899136E-17));
#2367=CARTESIAN_POINT('Ctrl Pts',(1.13337997348242,5.75066686175538,3.31656519181965E-16));
#2368=CARTESIAN_POINT('Ctrl Pts',(1.11690212663213,5.7693736532717,2.38524477946812E-16));
#2369=CARTESIAN_POINT('Ctrl Pts',(1.10866320320698,5.77872704902985,1.91958457329246E-16));
#2370=CARTESIAN_POINT('Ctrl Pts',(1.10028140978784,5.78800728893419,-1.09250343412964E-15));
#2371=CARTESIAN_POINT('Ctrl Pts',(1.09180953521049,5.79715569427575,-4.55364912443912E-16));
#2372=CARTESIAN_POINT('Ctrl Pts',(1.08333766063314,5.80630409961731,1.81773609241819E-16));
#2373=CARTESIAN_POINT('Ctrl Pts',(1.0747672264207,5.81533191971815,2.00070614078997E-17));
#2374=CARTESIAN_POINT('Ctrl Pts',(1.06610188467454,5.82423400105752,2.81892564846231E-16));
#2375=CARTESIAN_POINT('Ctrl Pts',(1.03144051768988,5.85984232641501,1.32943457859956E-15));
#2376=CARTESIAN_POINT('Ctrl Pts',(0.995241230982457,5.8935011699726,9.60440123457795E-16));
#2377=CARTESIAN_POINT('Ctrl Pts',(0.957549171328351,5.92525072407282,5.20417042793044E-16));
#2378=CARTESIAN_POINT('Ctrl Pts',(0.919857111674245,5.95700027817305,8.03939621282921E-17));
#2379=CARTESIAN_POINT('Ctrl Pts',(0.880672222037755,5.98684626202054,-2.34539355311032E-16));
#2380=CARTESIAN_POINT('Ctrl Pts',(0.839985008492116,6.01477656969477,-5.20417042793041E-16));
#2381=CARTESIAN_POINT('Ctrl Pts',(0.819641401719296,6.02874172353189,-6.63355886534054E-16));
#2382=CARTESIAN_POINT('Ctrl Pts',(0.798921143361613,6.04222659310331,8.9063716995029E-16));
#2383=CARTESIAN_POINT('Ctrl Pts',(0.777818939503458,6.05522442795188,1.51788304147975E-16));
#2384=CARTESIAN_POINT('Ctrl Pts',(0.767267837574381,6.06172334537617,-2.17636128753211E-16));
#2385=CARTESIAN_POINT('Ctrl Pts',(0.756621230470372,6.06810048014403,1.90471189526858E-15));
#2386=CARTESIAN_POINT('Ctrl Pts',(0.745878138317504,6.07435458277737,1.19262238973406E-15));
#2387=CARTESIAN_POINT('Ctrl Pts',(0.735135046164635,6.08060868541071,4.80532884199534E-16));
#2388=CARTESIAN_POINT('Ctrl Pts',(0.724297652527316,6.08673851271721,-2.38641894331031E-16));
#2389=CARTESIAN_POINT('Ctrl Pts',(0.713358222128996,6.09274628376162,-2.60208521396521E-16));
#2390=CARTESIAN_POINT('Ctrl Pts',(0.702418791730675,6.09875405480604,-2.81775148462011E-16));
#2391=CARTESIAN_POINT('Ctrl Pts',(0.691388098944365,6.10463300213102,-9.74667267027341E-16));
#2392=CARTESIAN_POINT('Ctrl Pts',(0.680324921048703,6.11035258637193,1.0842021724858E-16));
#2393=CARTESIAN_POINT('Ctrl Pts',(0.669261743153041,6.11607217061286,1.19150770152442E-15));
#2394=CARTESIAN_POINT('Ctrl Pts',(0.658142452042386,6.12164545249277,5.01077553838817E-16));
#2395=CARTESIAN_POINT('Ctrl Pts',(0.646977870503223,6.12706801705146,1.17093834628436E-15));
#2396=CARTESIAN_POINT('Ctrl Pts',(0.624648707424896,6.13791314616883,2.51065993117536E-15));
#2397=CARTESIAN_POINT('Ctrl Pts',(0.60211434612439,6.14816886428639,-3.80130108367299E-16));
#2398=CARTESIAN_POINT('Ctrl Pts',(0.579387266391566,6.15783600178605,-2.16840434497107E-17));
#2399=CARTESIAN_POINT('Ctrl Pts',(0.533933106925918,6.17717027678538,6.95208086385474E-16));
#2400=CARTESIAN_POINT('Ctrl Pts',(0.487685356577457,6.19416363828617,6.96095872196474E-16));
#2401=CARTESIAN_POINT('Ctrl Pts',(0.440660249623207,6.20883988104313,-1.5178830414797E-16));
#2402=CARTESIAN_POINT('Ctrl Pts',(0.417147696146082,6.21617800242161,-5.75730392320193E-16));
#2403=CARTESIAN_POINT('Ctrl Pts',(0.393439835724533,6.22293600489822,9.44165483322428E-16));
#2404=CARTESIAN_POINT('Ctrl Pts',(0.369535114495522,6.22910927313085,1.49619899803E-15));
#2405=CARTESIAN_POINT('Ctrl Pts',(0.345630393266511,6.23528254136348,2.04823251273756E-15));
#2406=CARTESIAN_POINT('Ctrl Pts',(0.321528562048358,6.24087117951308,1.41094012188324E-15));
#2407=CARTESIAN_POINT('Ctrl Pts',(0.29722706313416,6.24586505743964,3.68628738645072E-16));
#2408=CARTESIAN_POINT('Ctrl Pts',(0.272925564219961,6.25085893536619,-6.73682644593105E-16));
#2409=CARTESIAN_POINT('Ctrl Pts',(0.248415043775221,6.25525924215731,-1.08384646990994E-15));
#2410=CARTESIAN_POINT('Ctrl Pts',(0.223717200901221,6.25904827300192,-1.01915004213637E-15));
#2411=CARTESIAN_POINT('Ctrl Pts',(0.199019358027221,6.26283730384653,-9.54453614362811E-16));
#2412=CARTESIAN_POINT('Ctrl Pts',(0.174345642929273,6.26598345504272,-1.19256483268977E-15));
#2413=CARTESIAN_POINT('Ctrl Pts',(0.149674745954256,6.2685027448215,-4.11996825544481E-16));
#2414=CARTESIAN_POINT('Ctrl Pts',(0.125003848979239,6.27102203460027,3.68571181600778E-16));
#2415=CARTESIAN_POINT('Ctrl Pts',(0.100342807192645,6.27291333891142,-8.78273403751478E-16));
#2416=CARTESIAN_POINT('Ctrl Pts',(0.0756915114027194,6.27418361551728,-6.50521303491315E-17));
#2417=CARTESIAN_POINT('Ctrl Pts',(0.0510402156127932,6.27545389212314,7.48169143053223E-16));
#2418=CARTESIAN_POINT('Ctrl Pts',(0.0263986663321729,6.27610310843209,-2.26404843172511E-15));
#2419=CARTESIAN_POINT('Ctrl Pts',(0.00176684008902604,6.27613276003016,
-1.45283091113058E-15));
#2420=CARTESIAN_POINT('Ctrl Pts',(-0.0228649861541209,6.27616241162823,
-6.4161339053604E-16));
#2421=CARTESIAN_POINT('Ctrl Pts',(-0.0474870872517904,6.27557236425911,
-7.47684512676789E-16));
#2422=CARTESIAN_POINT('Ctrl Pts',(-0.0720994898632577,6.27436431661784,
-6.72205346941013E-16));
#2423=CARTESIAN_POINT('Ctrl Pts',(-0.0967118924747251,6.27315626897656,
-5.96726181205237E-16));
#2424=CARTESIAN_POINT('Ctrl Pts',(-0.121314596876715,6.27133023876679,1.57996023964841E-16));
#2425=CARTESIAN_POINT('Ctrl Pts',(-0.145907545532415,6.26888255959499,9.32413868337534E-16));
#2426=CARTESIAN_POINT('Ctrl Pts',(-0.170500494188115,6.26643488042319,1.70683171271023E-15));
#2427=CARTESIAN_POINT('Ctrl Pts',(-0.195090640151607,6.26336416241371,3.00179117911036E-15));
#2428=CARTESIAN_POINT('Ctrl Pts',(-0.219656980441527,6.25966541100025,8.02309607639272E-16));
#2429=CARTESIAN_POINT('Ctrl Pts',(-0.231940150586486,6.25781603529352,-2.97431178096261E-16));
#2430=CARTESIAN_POINT('Ctrl Pts',(-0.244228474739985,6.2558072178249,1.21603621444177E-15));
#2431=CARTESIAN_POINT('Ctrl Pts',(-0.256509462931208,6.25363999563204,4.98732999343312E-16));
#2432=CARTESIAN_POINT('Ctrl Pts',(-0.268790451122431,6.25147277343918,-2.1857021575509E-16));
#2433=CARTESIAN_POINT('Ctrl Pts',(-0.281077209920075,6.24914394513934,-8.8360561690016E-17));
#2434=CARTESIAN_POINT('Ctrl Pts',(-0.293294446540389,6.24666764127612,-1.95156391047394E-16));
#2435=CARTESIAN_POINT('Ctrl Pts',(-0.317728919781016,6.24171503354968,-4.08748049762114E-16));
#2436=CARTESIAN_POINT('Ctrl Pts',(-0.341938093717306,6.23616720122684,2.17405836596576E-15));
#2437=CARTESIAN_POINT('Ctrl Pts',(-0.365934602748445,6.23003428009141,1.79977560632594E-15));
#2438=CARTESIAN_POINT('Ctrl Pts',(-0.389931111779583,6.22390135895597,1.42549284668612E-15));
#2439=CARTESIAN_POINT('Ctrl Pts',(-0.413712299505244,6.21718418992316,4.09634939965034E-16));
#2440=CARTESIAN_POINT('Ctrl Pts',(-0.437280885219226,6.20989015138002,-8.02309607639273E-16));
#2441=CARTESIAN_POINT('Ctrl Pts',(-0.484418056647189,6.19530207429373,-3.2261987028479E-15));
#2442=CARTESIAN_POINT('Ctrl Pts',(-0.530706484445951,6.17841103572877,2.14523098063003E-15));
#2443=CARTESIAN_POINT('Ctrl Pts',(-0.576143953864374,6.15921102593547,5.85469173142163E-16));
#2444=CARTESIAN_POINT('Ctrl Pts',(-0.598862688573585,6.14961102103882,-1.94411730601735E-16));
#2445=CARTESIAN_POINT('Ctrl Pts',(-0.621368515233491,6.13943331633568,9.74821136204883E-16));
#2446=CARTESIAN_POINT('Ctrl Pts',(-0.643660129589293,6.12867437282266,-2.16840434497102E-17));
#2447=CARTESIAN_POINT('Ctrl Pts',(-0.665951743945095,6.11791542930964,-1.0181892231043E-15));
#2448=CARTESIAN_POINT('Ctrl Pts',(-0.688031587985745,6.10657350039275,1.14364492056549E-15));
#2449=CARTESIAN_POINT('Ctrl Pts',(-0.709889235198629,6.09464541297536,4.98732999343322E-16));
#2450=CARTESIAN_POINT('Ctrl Pts',(-0.72081805880507,6.08868136926666,1.76277038732229E-16));
#2451=CARTESIAN_POINT('Ctrl Pts',(-0.73170295851773,6.08256325594444,-1.38919852137675E-15));
#2452=CARTESIAN_POINT('Ctrl Pts',(-0.742511685187076,6.07630850946491,-6.50521303491303E-16));
#2453=CARTESIAN_POINT('Ctrl Pts',(-0.753320411856422,6.07005376298538,8.81559143941453E-17));
#2454=CARTESIAN_POINT('Ctrl Pts',(-0.764025228109074,6.06367889030953,-8.79506275996528E-16));
#2455=CARTESIAN_POINT('Ctrl Pts',(-0.774627361850059,6.0571847712126,2.3852447794681E-16));
#2456=CARTESIAN_POINT('Ctrl Pts',(-0.795831629332027,6.04419653301874,2.47458598583348E-15));
#2457=CARTESIAN_POINT('Ctrl Pts',(-0.81665284104135,6.03071771671738,-1.82131192001864E-15));
#2458=CARTESIAN_POINT('Ctrl Pts',(-0.837077220923439,6.01676763274115,1.51788304147973E-16));
#2459=CARTESIAN_POINT('Ctrl Pts',(-0.857501600805529,6.00281754876492,2.12488852831459E-15));
#2460=CARTESIAN_POINT('Ctrl Pts',(-0.877536311943727,5.98839289157523,1.0140577779722E-15));
#2461=CARTESIAN_POINT('Ctrl Pts',(-0.897185734542292,5.97349899577258,6.50521303491587E-17));
#2462=CARTESIAN_POINT('Ctrl Pts',(-0.916835157140858,5.95860509996993,-8.83953517273898E-16));
#2463=CARTESIAN_POINT('Ctrl Pts',(-0.936099299339603,5.94324197546942,-1.45946992513063E-15));
#2464=CARTESIAN_POINT('Ctrl Pts',(-0.954979068467129,5.92741072729457,-5.85469173142173E-16));
#2465=CARTESIAN_POINT('Ctrl Pts',(-0.973858837594655,5.91157947911971,2.88531578846284E-16));
#2466=CARTESIAN_POINT('Ctrl Pts',(-0.992354203975995,5.89528007113131,-3.13989829991954E-16));
#2467=CARTESIAN_POINT('Ctrl Pts',(-1.01046268746801,5.87850948278957,6.72205346941012E-16));
#2468=CARTESIAN_POINT('Ctrl Pts',(-1.02857117096003,5.86173889444784,1.65840052387398E-15));
#2469=CARTESIAN_POINT('Ctrl Pts',(-1.04629244123516,5.84449672345119,1.68853522147641E-15));
#2470=CARTESIAN_POINT('Ctrl Pts',(-1.06362128047215,5.82677661507294,1.19262238973405E-15));
#2471=CARTESIAN_POINT('Ctrl Pts',(-1.07228570009064,5.81791656088382,9.44665973862875E-16));
#2472=CARTESIAN_POINT('Ctrl Pts',(-1.08085215102511,5.80893719172793,2.39471867008728E-16));
#2473=CARTESIAN_POINT('Ctrl Pts',(-1.08931990574426,5.79983762155291,1.51788304147971E-16));
#2474=CARTESIAN_POINT('Ctrl Pts',(-1.09778766046341,5.79073805137788,6.41047412872127E-17));
#2475=CARTESIAN_POINT('Ctrl Pts',(-1.10615568343292,5.78151941898717,4.70335885162954E-16));
#2476=CARTESIAN_POINT('Ctrl Pts',(-1.11442626502214,5.77217731388881,2.81892564846231E-16));
#2477=CARTESIAN_POINT('Ctrl Pts',(-1.12269684661137,5.76283520879045,9.34492445295089E-17));
#2478=CARTESIAN_POINT('Ctrl Pts',(-1.13086694606514,5.75337185915853,6.71888399454694E-16));
#2479=CARTESIAN_POINT('Ctrl Pts',(-1.13888950738775,5.74384324096679,1.51788304147971E-16));
#2480=CARTESIAN_POINT('Ctrl Pts',(-1.14691206871037,5.73431462277505,-3.68311791158755E-16));
#2481=CARTESIAN_POINT('Ctrl Pts',(-1.15480740793189,5.72469885277548,-1.17666556491029E-17));
#2482=CARTESIAN_POINT('Ctrl Pts',(-1.16256511212926,5.71500761973032,-6.72205346941012E-16));
#2483=CARTESIAN_POINT('Ctrl Pts',(-1.19359592891874,5.67624268754968,-3.31396011210865E-15));
#2484=CARTESIAN_POINT('Ctrl Pts',(-1.22254368295488,5.63618169477452,-4.40593471014623E-16));
#2485=CARTESIAN_POINT('Ctrl Pts',(-1.24943276225598,5.5948721590575,9.86076131526265E-32));
#2486=CARTESIAN_POINT('Ctrl Pts',(-1.27632184155709,5.55356262334048,4.40593471014623E-16));
#2487=CARTESIAN_POINT('Ctrl Pts',(-1.3011617278005,5.51099939715619,2.69273949062317E-16));
#2488=CARTESIAN_POINT('Ctrl Pts',(-1.32393700413704,5.46717329519572,-3.68628738645071E-16));
#2489=CARTESIAN_POINT('Ctrl Pts',(-1.34671228047358,5.42334719323525,-1.00653142635246E-15));
#2490=CARTESIAN_POINT('Ctrl Pts',(-1.36742536411829,5.3782495415836,-3.51548875549953E-16));
#2491=CARTESIAN_POINT('Ctrl Pts',(-1.38598164512316,5.33185245748162,-4.55364912443912E-16));
#2492=CARTESIAN_POINT('Ctrl Pts',(-1.40453792612803,5.28545537337965,-5.59180949337871E-16));
#2493=CARTESIAN_POINT('Ctrl Pts',(-1.420634857425,5.23854221679609,-4.43155143615967E-16));
#2494=CARTESIAN_POINT('Ctrl Pts',(-1.43437632999766,5.19111171592859,1.51788304147971E-16));
#2495=CARTESIAN_POINT('Ctrl Pts',(-1.44811780257032,5.14368121506109,7.46731751911905E-16));
#2496=CARTESIAN_POINT('Ctrl Pts',(-1.45950035283932,5.0957405345697,-5.59511198885852E-16));
#2497=CARTESIAN_POINT('Ctrl Pts',(-1.46853689205341,5.04729246673936,-1.0842021724855E-16));
#2498=CARTESIAN_POINT('Ctrl Pts',(-1.47305516166046,5.02306843282419,1.17125273570101E-16));
#2499=CARTESIAN_POINT('Ctrl Pts',(-1.4769857649879,4.99871730046057,-6.83947369090921E-16));
#2500=CARTESIAN_POINT('Ctrl Pts',(-1.48032294342972,4.97423782417506,-3.90312782094782E-16));
#2501=CARTESIAN_POINT('Ctrl Pts',(-1.48366012187153,4.94975834788954,-9.6678195098642E-17));
#2502=CARTESIAN_POINT('Ctrl Pts',(-1.48640398701126,4.92514886095266,9.61230893186954E-16));
#2503=CARTESIAN_POINT('Ctrl Pts',(-1.48854376101749,4.90041210498154,6.50521303491308E-17));
#2504=CARTESIAN_POINT('Ctrl Pts',(-1.4896136480206,4.88804372699598,-3.83037251069782E-16));
#2505=CARTESIAN_POINT('Ctrl Pts',(-1.49053259044707,4.87563940011205,-2.84942704843056E-16));
#2506=CARTESIAN_POINT('Ctrl Pts',(-1.49129852152982,4.86320605038853,-3.68628738645072E-16));
#2507=CARTESIAN_POINT('Ctrl Pts',(-1.49206445261258,4.85077270066501,-4.52314772447087E-16));
#2508=CARTESIAN_POINT('Ctrl Pts',(-1.49267791786085,4.83829374545853,-4.29068246915758E-16));
#2509=CARTESIAN_POINT('Ctrl Pts',(-1.49313542363502,4.82581033940609,-6.50521303491304E-17));
#2510=CARTESIAN_POINT('Ctrl Pts',(-1.49336417652211,4.81956863637986,1.16955927934187E-16));
#2511=CARTESIAN_POINT('Ctrl Pts',(-1.4935540045215,4.81332694003444,2.36618661659641E-15));
#2512=CARTESIAN_POINT('Ctrl Pts',(-1.49370490426109,4.80708410876548,6.50521303491299E-17));
#2513=CARTESIAN_POINT('Ctrl Pts',(-1.49378035413089,4.80396269313099,-1.08551511277443E-15));
#2514=CARTESIAN_POINT('Ctrl Pts',(-1.49384607077729,4.80084108887142,-5.42849941849562E-15));
#2515=CARTESIAN_POINT('Ctrl Pts',(-1.49390205071759,4.79771929591928,-5.31259064517897E-15));
#2516=CARTESIAN_POINT('Ctrl Pts',(-1.49395803065789,4.79459750296714,-5.19668187186232E-15));
#2517=CARTESIAN_POINT('Ctrl Pts',(-1.49400397958979,4.79147551565716,-1.49440461766541E-15));
#2518=CARTESIAN_POINT('Ctrl Pts',(-1.49404077584089,4.78835335089638,-1.51788304147971E-16));
#2519=CARTESIAN_POINT('Ctrl Pts',(-1.49404997490366,4.78757280970618,1.83865774231465E-16));
#2520=CARTESIAN_POINT('Ctrl Pts',(-1.49405841797563,4.78679225388434,5.30575094893456E-16));
#2521=CARTESIAN_POINT('Ctrl Pts',(-1.49406632570519,4.78601168767829,2.60208521396521E-16));
#2522=CARTESIAN_POINT('Ctrl Pts',(-1.49407423343474,4.78523112147223,-1.01580521003319E-17));
#2523=CARTESIAN_POINT('Ctrl Pts',(-1.49408151056807,4.78445054304614,-2.89716614569753E-16));
#2524=CARTESIAN_POINT('Ctrl Pts',(-1.49408822204802,4.78366995365674,-1.95156391047391E-16));
#2525=CARTESIAN_POINT('Ctrl Pts',(-1.49409157778799,4.78327965896205,-1.4787627928621E-16));
#2526=CARTESIAN_POINT('Ctrl Pts',(-1.49409477084209,4.78288936111534,1.1974974725532E-16));
#2527=CARTESIAN_POINT('Ctrl Pts',(-1.49409779998624,4.78249906009152,-2.16840434497102E-17));
#2528=CARTESIAN_POINT('Ctrl Pts',(-1.49410082913038,4.7821087590677,-1.6311783415474E-16));
#2529=CARTESIAN_POINT('Ctrl Pts',(-1.49410380617237,4.7817184570345,1.970427274712E-16));
#2530=CARTESIAN_POINT('Ctrl Pts',(-1.49410680947692,4.78132815551008,1.5178830414797E-16));
#2531=CARTESIAN_POINT('Ctrl Pts',(-1.49410981278148,4.78093785398565,1.06533880824741E-16));
#2532=CARTESIAN_POINT('Ctrl Pts',(-1.49411281178274,4.78054755237784,3.76925011997626E-16));
#2533=CARTESIAN_POINT('Ctrl Pts',(-1.49411581358593,4.78015725082433,2.38524477946811E-16));
#2534=CARTESIAN_POINT('Ctrl Pts',(-1.49411881538911,4.77976694927082,1.00123943895997E-16));
#2535=CARTESIAN_POINT('Ctrl Pts',(-1.49412180178898,4.77937664741968,8.03284878229152E-17));
#2536=CARTESIAN_POINT('Ctrl Pts',(-1.49412482029527,4.77898634618898,2.16840434497101E-17));
#2537=CARTESIAN_POINT('Ctrl Pts',(-1.49413689432042,4.77742514126619,-2.12893734043111E-16));
#2538=CARTESIAN_POINT('Ctrl Pts',(-1.49414884857982,4.77586393402945,-1.56085129873049E-17));
#2539=CARTESIAN_POINT('Ctrl Pts',(-1.4941608730889,4.7743027281506,1.0842021724855E-16));
#2540=CARTESIAN_POINT('Ctrl Pts',(-1.49417289759798,4.77274152227174,2.32448947484406E-16));
#2541=CARTESIAN_POINT('Ctrl Pts',(-1.49418492900988,4.77118031652665,-8.20716224692224E-17));
#2542=CARTESIAN_POINT('Ctrl Pts',(-1.49419696729947,4.76961911091485,-3.90312782094782E-16));
#2543=CARTESIAN_POINT('Ctrl Pts',(-1.49422104387866,4.76649669969126,-1.00679510134595E-15));
#2544=CARTESIAN_POINT('Ctrl Pts',(-1.49424514796863,4.76337428900079,-6.22598843124437E-16));
#2545=CARTESIAN_POINT('Ctrl Pts',(-1.49426927936845,4.76025187883959,2.168404344971E-17));
#2546=CARTESIAN_POINT('Ctrl Pts',(-1.49429341076826,4.75712946867838,6.65966930023857E-16));
#2547=CARTESIAN_POINT('Ctrl Pts',(-1.49431756947794,4.75400705904643,2.81959331025563E-16));
#2548=CARTESIAN_POINT('Ctrl Pts',(-1.49434175529664,4.75088464993984,-3.90312782094782E-16));
#2549=CARTESIAN_POINT('Ctrl Pts',(1.28,-5.55111512312578E-15,0.));
#2550=CARTESIAN_POINT('Ctrl Pts',(1.28,-0.895001832147531,0.));
#2551=CARTESIAN_POINT('Ctrl Pts',(1.28,-1.7900954022522,0.));
#2552=CARTESIAN_POINT('Ctrl Pts',(1.28,-2.68725404555688,0.));
#2553=CARTESIAN_POINT('Ctrl Pts',(1.64824380662107,5.51382547066486E-11,
-0.0786976349288164));
#2554=CARTESIAN_POINT('Ctrl Pts',(1.73367046846289,5.51987256130111E-11,
-0.287234596840816));
#2555=CARTESIAN_POINT('Ctrl Pts',(1.7889011824518,5.52090941300844E-11,
-0.506855317405486));
#2556=CARTESIAN_POINT('Ctrl Pts',(1.81230306366272,5.51537233054486E-11,
-0.730894383660209));
#2557=CARTESIAN_POINT('Ctrl Pts',(1.64824380662113,-0.335452375564163,-0.0786976349287262));
#2558=CARTESIAN_POINT('Ctrl Pts',(1.73367078170398,-0.335819972138862,-0.287233016188087));
#2559=CARTESIAN_POINT('Ctrl Pts',(1.78890194850765,-0.33588300219782,-0.506854650651614));
#2560=CARTESIAN_POINT('Ctrl Pts',(1.81230306366284,-0.33554609726792,-0.730894383660304));
#2561=CARTESIAN_POINT('Ctrl Pts',(1.64757231753081,-0.73420410076721,-0.0796670072435171));
#2562=CARTESIAN_POINT('Ctrl Pts',(1.73192786328823,-0.734732229887212,-0.287685088021927));
#2563=CARTESIAN_POINT('Ctrl Pts',(1.78690411913532,-0.73401341195003,-0.506585228412645));
#2564=CARTESIAN_POINT('Ctrl Pts',(1.81101423095416,-0.731809154976674,-0.729868868684339));
#2565=CARTESIAN_POINT('Ctrl Pts',(1.6463211993772,-1.13431951786232,-0.0814766862001038));
#2566=CARTESIAN_POINT('Ctrl Pts',(1.72872196004334,-1.13512613273573,-0.288507905010349));
#2567=CARTESIAN_POINT('Ctrl Pts',(1.78324624375221,-1.13325603018452,-0.50611522698546));
#2568=CARTESIAN_POINT('Ctrl Pts',(1.80862364167612,-1.12833342750522,-0.728009974904762));
#2569=CARTESIAN_POINT('Ctrl Pts',(1.64478168885346,-1.59617249347823,-0.0837039816293775));
#2570=CARTESIAN_POINT('Ctrl Pts',(1.72478260593795,-1.59733560395084,-0.289517724867163));
#2571=CARTESIAN_POINT('Ctrl Pts',(1.77875381129626,-1.59409230684325,-0.505541111258139));
#2572=CARTESIAN_POINT('Ctrl Pts',(1.80568343485067,-1.58591079540042,-0.72572948810275));
#2573=CARTESIAN_POINT('Ctrl Pts',(1.64290221822269,-1.9975702777347,-0.0864254020351514));
#2574=CARTESIAN_POINT('Ctrl Pts',(1.7200123319088,-1.99924079328042,-0.29072665135704));
#2575=CARTESIAN_POINT('Ctrl Pts',(1.77333164312181,-1.99455550810742,-0.504859697430995));
#2576=CARTESIAN_POINT('Ctrl Pts',(1.80210389689465,-1.98285901458442,-0.722986060581266));
#2577=CARTESIAN_POINT('Ctrl Pts',(1.63853339543111,-2.79912033000285,-0.0927266846605097));
#2578=CARTESIAN_POINT('Ctrl Pts',(1.70915857341679,-2.80324671190296,-0.293387445575904));
#2579=CARTESIAN_POINT('Ctrl Pts',(1.76106094937058,-2.79672951432558,-0.503286660261809));
#2580=CARTESIAN_POINT('Ctrl Pts',(1.79385664097221,-2.77871883120233,-0.716780939466569));
#2581=CARTESIAN_POINT('Ctrl Pts',(1.6360403225369,-3.19927182625491,-0.0963082799752185));
#2582=CARTESIAN_POINT('Ctrl Pts',(1.70307606631604,-3.20534645762962,-0.29483220700559));
#2583=CARTESIAN_POINT('Ctrl Pts',(1.75421415601569,-3.19843991493605,-0.502387439863994));
#2584=CARTESIAN_POINT('Ctrl Pts',(1.78918572860724,-3.17763007075928,-0.713317115137302));
#2585=CARTESIAN_POINT('Ctrl Pts',(1.63097442285367,-3.99514955304508,-0.103523903501577));
#2586=CARTESIAN_POINT('Ctrl Pts',(1.69101762015104,-4.00759248086301,-0.297576936225804));
#2587=CARTESIAN_POINT('Ctrl Pts',(1.74068128562243,-4.00252823729871,-0.500501220229267));
#2588=CARTESIAN_POINT('Ctrl Pts',(1.77979413754137,-3.97892899607676,-0.706447441324606));
#2589=CARTESIAN_POINT('Ctrl Pts',(1.62839979375572,-4.39087461939177,-0.107155073644284));
#2590=CARTESIAN_POINT('Ctrl Pts',(1.6850406075046,-4.4077368383255,-0.29887777075989));
#2591=CARTESIAN_POINT('Ctrl Pts',(1.73398988758491,-4.40490431902103,-0.499509571717905));
#2592=CARTESIAN_POINT('Ctrl Pts',(1.77507252212263,-4.381315672242,-0.703039303672578));
#2593=CARTESIAN_POINT('Ctrl Pts',(1.62354003760589,-5.00415821527327,-0.107688635317068));
#2594=CARTESIAN_POINT('Ctrl Pts',(1.6766086986087,-5.02936763876732,-0.299171948614368));
#2595=CARTESIAN_POINT('Ctrl Pts',(1.72526498074952,-5.03240493895869,-0.499354583206252));
#2596=CARTESIAN_POINT('Ctrl Pts',(1.76941366010291,-5.01203480197854,-0.702331857185259));
#2597=CARTESIAN_POINT('Ctrl Pts',(1.57619382825831,-5.21905572646479,-0.104714976640107));
#2598=CARTESIAN_POINT('Ctrl Pts',(1.62954643103077,-5.24898807581222,-0.298153385890541));
#2599=CARTESIAN_POINT('Ctrl Pts',(1.679132650688,-5.25606874391467,-0.500061902582754));
#2600=CARTESIAN_POINT('Ctrl Pts',(1.72514842240471,-5.23919172298582,-0.704829415912282));
#2601=CARTESIAN_POINT('Ctrl Pts',(1.4484946421977,-5.5135665532139,-0.0997889653896024));
#2602=CARTESIAN_POINT('Ctrl Pts',(1.49977277664387,-5.55363061720708,-0.296272794581583));
#2603=CARTESIAN_POINT('Ctrl Pts',(1.54809201976578,-5.56967667741346,-0.501252651125233));
#2604=CARTESIAN_POINT('Ctrl Pts',(1.59385739611614,-5.56078734770658,-0.709402501423437));
#2605=CARTESIAN_POINT('Ctrl Pts',(1.39658810564358,-5.60683727896109,-0.0981324079900017));
#2606=CARTESIAN_POINT('Ctrl Pts',(1.44679440342582,-5.65060611608203,-0.295634917689026));
#2607=CARTESIAN_POINT('Ctrl Pts',(1.49428139909302,-5.66998503873535,-0.501676616908221));
#2608=CARTESIAN_POINT('Ctrl Pts',(1.53948770554783,-5.66404570552681,-0.710986750748586));
#2609=CARTESIAN_POINT('Ctrl Pts',(1.27634308059513,-5.78107855073967,-0.0947726291685491));
#2610=CARTESIAN_POINT('Ctrl Pts',(1.32337294654073,-5.83261263153285,-0.294279327211938));
#2611=CARTESIAN_POINT('Ctrl Pts',(1.36812808383532,-5.8588963631853,-0.502506651973988));
#2612=CARTESIAN_POINT('Ctrl Pts',(1.41108755065322,-5.85908081176422,-0.714243805041798));
#2613=CARTESIAN_POINT('Ctrl Pts',(1.20805046208826,-5.86199445380702,-0.0930885166357162));
#2614=CARTESIAN_POINT('Ctrl Pts',(1.25300625785181,-5.91750137369835,-0.293579415356992));
#2615=CARTESIAN_POINT('Ctrl Pts',(1.29590245254685,-5.94732072574307,-0.502921156358611));
#2616=CARTESIAN_POINT('Ctrl Pts',(1.33720006237861,-5.95060000860255,-0.715890938045115));
#2617=CARTESIAN_POINT('Ctrl Pts',(1.0573091179954,-6.00908123466906,-0.0898228410169923));
#2618=CARTESIAN_POINT('Ctrl Pts',(1.09698026678165,-6.07233237912665,-0.292198616712724));
#2619=CARTESIAN_POINT('Ctrl Pts',(1.13504354795151,-6.10897584584003,-0.503766175283568));
#2620=CARTESIAN_POINT('Ctrl Pts',(1.1718876581471,-6.11814330574893,-0.719207541230882));
#2621=CARTESIAN_POINT('Ctrl Pts',(0.975113774643572,-6.07501383704048,-0.0882578004614982));
#2622=CARTESIAN_POINT('Ctrl Pts',(1.01163862377054,-6.14195457788532,-0.291520788386081));
#2623=CARTESIAN_POINT('Ctrl Pts',(1.04679072996967,-6.18182566117474,-0.504171279116003));
#2624=CARTESIAN_POINT('Ctrl Pts',(1.08090412629917,-6.19371583034926,-0.720801508046203));
#2625=CARTESIAN_POINT('Ctrl Pts',(0.799735338552197,-6.18992085482634,-0.0853723295620439));
#2626=CARTESIAN_POINT('Ctrl Pts',(0.82903693442003,-6.26348940733988,-0.290251241864798));
#2627=CARTESIAN_POINT('Ctrl Pts',(0.857493337389183,-6.30909320132993,-0.504952566956492));
#2628=CARTESIAN_POINT('Ctrl Pts',(0.885323164680922,-6.32569212419088,-0.723832144211993));
#2629=CARTESIAN_POINT('Ctrl Pts',(0.706667669479378,-6.23882363200368,-0.0840624202366131));
#2630=CARTESIAN_POINT('Ctrl Pts',(0.732000302453715,-6.31525128108683,-0.2896718810429));
#2631=CARTESIAN_POINT('Ctrl Pts',(0.75676936126514,-6.36328870752127,-0.505324191809862));
#2632=CARTESIAN_POINT('Ctrl Pts',(0.781139809393735,-6.38180493145931,-0.725226531392398));
#2633=CARTESIAN_POINT('Ctrl Pts',(0.579694272498817,-6.29053557548783,-0.0825695442514952));
#2634=CARTESIAN_POINT('Ctrl Pts',(0.599539515915719,-6.36998301594475,-0.288997290811269));
#2635=CARTESIAN_POINT('Ctrl Pts',(0.619225346609983,-6.42054666435595,-0.505743095951418));
#2636=CARTESIAN_POINT('Ctrl Pts',(0.638868092554502,-6.44097195828596,-0.726812532822283));
#2637=CARTESIAN_POINT('Ctrl Pts',(0.48145090805813,-6.32716583826266,-0.0814852999861482));
#2638=CARTESIAN_POINT('Ctrl Pts',(0.497052297871642,-6.40874107595789,-0.288504366638235));
#2639=CARTESIAN_POINT('Ctrl Pts',(0.512810207815309,-6.46107272118374,-0.506045614030766));
#2640=CARTESIAN_POINT('Ctrl Pts',(0.528808519814099,-6.48280936189671,-0.727958994256631));
#2641=CARTESIAN_POINT('Ctrl Pts',(0.379963646251626,-6.35417390348625,-0.0806057711830405));
#2642=CARTESIAN_POINT('Ctrl Pts',(0.391220935414493,-6.43727721908077,-0.288098090834762));
#2643=CARTESIAN_POINT('Ctrl Pts',(0.402969608733747,-6.49084226833444,-0.506289488313836));
#2644=CARTESIAN_POINT('Ctrl Pts',(0.41527910465402,-6.51342401151127,-0.728880516670833));
#2645=CARTESIAN_POINT('Ctrl Pts',(0.20562658893511,-6.38823531119048,-0.0794046223862652));
#2646=CARTESIAN_POINT('Ctrl Pts',(0.209556163896985,-6.47319724379305,-0.287543632851876));
#2647=CARTESIAN_POINT('Ctrl Pts',(0.214557229814007,-6.52821889191996,-0.506631788254537));
#2648=CARTESIAN_POINT('Ctrl Pts',(0.220702647655125,-6.55172909401012,-0.730152870990594));
#2649=CARTESIAN_POINT('Ctrl Pts',(0.100541643017514,-6.39839539770816,-0.0789461324801764));
#2650=CARTESIAN_POINT('Ctrl Pts',(0.100291462862373,-6.48380327449232,-0.287338523930234));
#2651=CARTESIAN_POINT('Ctrl Pts',(0.101467769745438,-6.53912636955356,-0.506777164499943));
#2652=CARTESIAN_POINT('Ctrl Pts',(0.104148372716292,-6.56273195456321,-0.730644907609575));
#2653=CARTESIAN_POINT('Ctrl Pts',(-0.110330900241698,-6.39796647618817,
-0.0786021222218868));
#2654=CARTESIAN_POINT('Ctrl Pts',(-0.118282847461642,-6.48321369005776,
-0.287183577597802));
#2655=CARTESIAN_POINT('Ctrl Pts',(-0.124132113241467,-6.53831621279322,
-0.506874278008267));
#2656=CARTESIAN_POINT('Ctrl Pts',(-0.127757198942943,-6.56161047241477,
-0.730982761585391));
#2657=CARTESIAN_POINT('Ctrl Pts',(-0.214985303549048,-6.38744448945185,
-0.0787432196082398));
#2658=CARTESIAN_POINT('Ctrl Pts',(-0.227034235927074,-6.47207329272873,
-0.287259243471833));
#2659=CARTESIAN_POINT('Ctrl Pts',(-0.236608012818809,-6.5266220015487,-0.506842860540202));
#2660=CARTESIAN_POINT('Ctrl Pts',(-0.243590871754665,-6.54950130256832,
-0.7308436557223));
#2661=CARTESIAN_POINT('Ctrl Pts',(-0.397747012246803,-6.35110057671861,
-0.0794193122193001));
#2662=CARTESIAN_POINT('Ctrl Pts',(-0.417211975569216,-6.43354079647894,
-0.287577756452118));
#2663=CARTESIAN_POINT('Ctrl Pts',(-0.433571216602278,-6.48624928296372,
-0.506640743474165));
#2664=CARTESIAN_POINT('Ctrl Pts',(-0.446691385521239,-6.50769868633553,
-0.730083904140441));
#2665=CARTESIAN_POINT('Ctrl Pts',(-0.498651843088343,-6.3229938778865,-0.0799794284429273));
#2666=CARTESIAN_POINT('Ctrl Pts',(-0.522302040064809,-6.40376488611261,
-0.287830869798572));
#2667=CARTESIAN_POINT('Ctrl Pts',(-0.542488057463411,-6.45503168947291,
-0.506449697986145));
#2668=CARTESIAN_POINT('Ctrl Pts',(-0.559104438017421,-6.47540117706258,
-0.729433412319111));
#2669=CARTESIAN_POINT('Ctrl Pts',(-0.59624087747562,-6.28531102585264,-0.0807821486179247));
#2670=CARTESIAN_POINT('Ctrl Pts',(-0.623952155313708,-6.36379148502104,
-0.288207365224763));
#2671=CARTESIAN_POINT('Ctrl Pts',(-0.647867020719529,-6.41310688052996,
-0.506224331570702));
#2672=CARTESIAN_POINT('Ctrl Pts',(-0.667903386819458,-6.43193772091639,
-0.728557227994145));
#2673=CARTESIAN_POINT('Ctrl Pts',(-0.810936973959059,-6.19713331316676,
-0.08268156107466));
#2674=CARTESIAN_POINT('Ctrl Pts',(-0.847575238128934,-6.27022483356043,
-0.28910596421215));
#2675=CARTESIAN_POINT('Ctrl Pts',(-0.879697183792028,-6.3149670583364,-0.505716609590027));
#2676=CARTESIAN_POINT('Ctrl Pts',(-0.907263247942873,-6.33014912461188,
-0.726512821438262));
#2677=CARTESIAN_POINT('Ctrl Pts',(-0.988171741885242,-6.08048989687938,
-0.0851339153407642));
#2678=CARTESIAN_POINT('Ctrl Pts',(-1.03157549107163,-6.14673156233357,-0.290217553587172));
#2679=CARTESIAN_POINT('Ctrl Pts',(-1.06992649892389,-6.1854833496118,-0.50503924562393));
#2680=CARTESIAN_POINT('Ctrl Pts',(-1.10336898130439,-6.19582919337532,-0.723933655306775));
#2681=CARTESIAN_POINT('Ctrl Pts',(-1.28858168950267,-5.78614011221107,-0.0908597315465681));
#2682=CARTESIAN_POINT('Ctrl Pts',(-1.34168314870235,-5.83695786360954,-0.29270795042035));
#2683=CARTESIAN_POINT('Ctrl Pts',(-1.38882555649929,-5.8622046505537,-0.503499012596701));
#2684=CARTESIAN_POINT('Ctrl Pts',(-1.43040396490609,-5.86101786424058,-0.717897881361723));
#2685=CARTESIAN_POINT('Ctrl Pts',(-1.41038286289425,-5.60969709696304,-0.0940604689133222));
#2686=CARTESIAN_POINT('Ctrl Pts',(-1.46590203031494,-5.65259543232749,-0.294072403360693));
#2687=CARTESIAN_POINT('Ctrl Pts',(-1.51513782164471,-5.67085325198764,-0.502789854640609));
#2688=CARTESIAN_POINT('Ctrl Pts',(-1.55848412712184,-5.66353763364847,-0.714917492779758));
#2689=CARTESIAN_POINT('Ctrl Pts',(-1.57971870551372,-5.21757244795045,-0.100334087884805));
#2690=CARTESIAN_POINT('Ctrl Pts',(-1.63735037788721,-5.24739773040074,-0.296499952608888));
#2691=CARTESIAN_POINT('Ctrl Pts',(-1.68780904354524,-5.25419895974475,-0.501159378132459));
#2692=CARTESIAN_POINT('Ctrl Pts',(-1.73138708098261,-5.23697077402254,-0.708846511530451));
#2693=CARTESIAN_POINT('Ctrl Pts',(-1.6265891235496,-5.00324732695165,-0.103372506570304));
#2694=CARTESIAN_POINT('Ctrl Pts',(-1.68367564531545,-5.02843217855533,-0.297600405409328));
#2695=CARTESIAN_POINT('Ctrl Pts',(-1.73314129337924,-5.03144908972434,-0.500472064813622));
#2696=CARTESIAN_POINT('Ctrl Pts',(-1.77495886532922,-5.01097263565045,-0.70627016997218));
#2697=CARTESIAN_POINT('Ctrl Pts',(-1.63098984466933,-4.39054008299624,-0.103466358196563));
#2698=CARTESIAN_POINT('Ctrl Pts',(-1.69107137875518,-4.40759387938833,-0.29751893477182));
#2699=CARTESIAN_POINT('Ctrl Pts',(-1.74071845892766,-4.40497922375072,-0.500449644035359));
#2700=CARTESIAN_POINT('Ctrl Pts',(-1.77980206958062,-4.38160670203543,-0.706421483572297));
#2701=CARTESIAN_POINT('Ctrl Pts',(-1.63321042066971,-3.9946108378396,-0.100322466664374));
#2702=CARTESIAN_POINT('Ctrl Pts',(-1.69630611072518,-4.00732587928012,-0.296359745187838));
#2703=CARTESIAN_POINT('Ctrl Pts',(-1.74659021648268,-4.00257266178891,-0.501307896119151));
#2704=CARTESIAN_POINT('Ctrl Pts',(-1.78390604642768,-3.97931010451129,-0.709421349909163));
#2705=CARTESIAN_POINT('Ctrl Pts',(-1.63759650968383,-3.19853945582483,-0.094062386012551));
#2706=CARTESIAN_POINT('Ctrl Pts',(-1.70686751227203,-3.20492334619131,-0.293923975810108));
#2707=CARTESIAN_POINT('Ctrl Pts',(-1.75846744657418,-3.1983890141209,-0.502947075887319));
#2708=CARTESIAN_POINT('Ctrl Pts',(-1.79208480094658,-3.1780276535043,-0.715462698629791));
#2709=CARTESIAN_POINT('Ctrl Pts',(-1.63976332692972,-2.79839823185768,-0.0909483144749654));
#2710=CARTESIAN_POINT('Ctrl Pts',(-1.71219517445312,-2.80279034042535,-0.292646932502898));
#2711=CARTESIAN_POINT('Ctrl Pts',(-1.76447699740025,-2.79661340019083,-0.503731911641405));
#2712=CARTESIAN_POINT('Ctrl Pts',(-1.79616038295479,-2.77904261449064,-0.718506373991041));
#2713=CARTESIAN_POINT('Ctrl Pts',(-1.6435702620436,-1.99698778650536,-0.0854579652121748));
#2714=CARTESIAN_POINT('Ctrl Pts',(-1.72170279107501,-1.99880251273501,-0.290301704401888));
#2715=CARTESIAN_POINT('Ctrl Pts',(-1.77524464889129,-1.99434871865267,-0.505107733665632));
#2716=CARTESIAN_POINT('Ctrl Pts',(-1.80336724238841,-1.98300846364882,-0.723955652877131));
#2717=CARTESIAN_POINT('Ctrl Pts',(-1.64521314501391,-1.59571915800882,-0.0830803663517174));
#2718=CARTESIAN_POINT('Ctrl Pts',(-1.72588224913004,-1.59694846199961,-0.289239171336757));
#2719=CARTESIAN_POINT('Ctrl Pts',(-1.78000145762437,-1.59385998053838,-0.505704815274569));
#2720=CARTESIAN_POINT('Ctrl Pts',(-1.80650103610652,-1.58595962951253,-0.726363305598288));
#2721=CARTESIAN_POINT('Ctrl Pts',(-1.64650798255477,-1.15192534709026,-0.0812072946655261));
#2722=CARTESIAN_POINT('Ctrl Pts',(-1.72920014566118,-1.15275717211414,-0.288386876296297));
#2723=CARTESIAN_POINT('Ctrl Pts',(-1.78378886924593,-1.15092198468141,-0.506188101653614));
#2724=CARTESIAN_POINT('Ctrl Pts',(-1.80897728064215,-1.14606895250579,-0.728286553107033));
#2725=CARTESIAN_POINT('Ctrl Pts',(-1.64762404926501,-0.751887350693918,
-0.0795929722540195));
#2726=CARTESIAN_POINT('Ctrl Pts',(-1.73206243379896,-0.752385514419636,
-0.287651033001596));
#2727=CARTESIAN_POINT('Ctrl Pts',(-1.78705726688675,-0.751654674556675,
-0.506606704354352));
#2728=CARTESIAN_POINT('Ctrl Pts',(-1.81111231994616,-0.749473896657245,
-0.729947494004683));
#2729=CARTESIAN_POINT('Ctrl Pts',(-1.64824380662107,-0.353132348696037,
-0.0786976349288161));
#2730=CARTESIAN_POINT('Ctrl Pts',(-1.73367069419181,-0.353471768512947,
-0.287233286962611));
#2731=CARTESIAN_POINT('Ctrl Pts',(-1.78890179114856,-0.353530440983675,
-0.506854766213575));
#2732=CARTESIAN_POINT('Ctrl Pts',(-1.81230306366272,-0.353219376670831,
-0.730894383660209));
#2733=CARTESIAN_POINT('Ctrl Pts',(-1.64824380662107,0.342471360029248,-0.0786976349288161));
#2734=CARTESIAN_POINT('Ctrl Pts',(-1.73367073524156,0.342823639458184,-0.287233159708881));
#2735=CARTESIAN_POINT('Ctrl Pts',(-1.78890186549193,0.342884262123532,-0.506854712592863));
#2736=CARTESIAN_POINT('Ctrl Pts',(-1.81230306366272,0.342561403296204,-0.730894383660209));
#2737=CARTESIAN_POINT('Ctrl Pts',(-1.64760044730858,0.741215077533818,-0.0796268574598564));
#2738=CARTESIAN_POINT('Ctrl Pts',(-1.73200100565719,0.741729051754734,-0.287666682757663));
#2739=CARTESIAN_POINT('Ctrl Pts',(-1.78698742307622,0.741007982275038,-0.50659700422516));
#2740=CARTESIAN_POINT('Ctrl Pts',(-1.81106761146881,0.738822704524789,-0.729911719997437));
#2741=CARTESIAN_POINT('Ctrl Pts',(-1.64641835397561,1.14129076696,-0.0813368830944208));
#2742=CARTESIAN_POINT('Ctrl Pts',(-1.7289705692324,1.14211233609758,-0.288445337431287));
#2743=CARTESIAN_POINT('Ctrl Pts',(-1.78352842723725,1.14026449609506,-0.506153436630963));
#2744=CARTESIAN_POINT('Ctrl Pts',(-1.80880760494281,1.13538449187235,-0.728154020284636));
#2745=CARTESIAN_POINT('Ctrl Pts',(-1.64499723352289,1.59595712458231,-0.0833929907750236));
#2746=CARTESIAN_POINT('Ctrl Pts',(-1.72533159044902,1.59716115036662,-0.289379378790528));
#2747=CARTESIAN_POINT('Ctrl Pts',(-1.77937661891958,1.5939955439895,-0.505623530168369));
#2748=CARTESIAN_POINT('Ctrl Pts',(-1.80609173498434,1.58594733382496,-0.726046290047337));
#2749=CARTESIAN_POINT('Ctrl Pts',(-1.64323603232404,1.99729628983634,-0.0859427457527674));
#2750=CARTESIAN_POINT('Ctrl Pts',(-1.72085629763495,1.99905087494772,-0.290515619487635));
#2751=CARTESIAN_POINT('Ctrl Pts',(-1.77428655447303,1.99448181441163,-0.50498459038517));
#2752=CARTESIAN_POINT('Ctrl Pts',(-1.80273493036878,1.98295231494229,-0.723470684273891));
#2753=CARTESIAN_POINT('Ctrl Pts',(-1.63914855468347,2.79879017402988,-0.0918385762088616));
#2754=CARTESIAN_POINT('Ctrl Pts',(-1.71067468886939,2.80307081358885,-0.293019975525337));
#2755=CARTESIAN_POINT('Ctrl Pts',(-1.76276603094106,2.79672472277232,-0.50351100362636));
#2756=CARTESIAN_POINT('Ctrl Pts',(-1.79500802245906,2.77891415405059,-0.717643185037151));
#2757=CARTESIAN_POINT('Ctrl Pts',(-1.6368190572674,3.19894421413511,-0.0951861743529888));
#2758=CARTESIAN_POINT('Ctrl Pts',(-1.70496909113113,3.20520015378045,-0.294381732876347));
#2759=CARTESIAN_POINT('Ctrl Pts',(-1.75633707811103,3.19848099488743,-0.502669535120325));
#2760=CARTESIAN_POINT('Ctrl Pts',(-1.79063507210735,3.1778706958732,-0.714389189542913));
#2761=CARTESIAN_POINT('Ctrl Pts',(-1.63209468268054,3.99493406303546,-0.101923117547263));
#2762=CARTESIAN_POINT('Ctrl Pts',(-1.69365810890881,4.00755025144211,-0.296973939885005));
#2763=CARTESIAN_POINT('Ctrl Pts',(-1.74363061659738,4.00264343335825,-0.500908263421335));
#2764=CARTESIAN_POINT('Ctrl Pts',(-1.78185103841037,3.97917824858183,-0.707932907243793));
#2765=CARTESIAN_POINT('Ctrl Pts',(-1.62969826598969,4.39076883768166,-0.105309996253317));
#2766=CARTESIAN_POINT('Ctrl Pts',(-1.68805168515156,4.40776929140206,-0.29820504106493));
#2767=CARTESIAN_POINT('Ctrl Pts',(-1.73734843175954,4.40504794959647,-0.499984185009452));
#2768=CARTESIAN_POINT('Ctrl Pts',(-1.7774390817885,4.38152835006576,-0.70472836733007));
#2769=CARTESIAN_POINT('Ctrl Pts',(-1.62506729512661,5.00378028487825,-0.105518535500766));
#2770=CARTESIAN_POINT('Ctrl Pts',(-1.68013936867212,5.0290379884001,-0.298390854882088));
#2771=CARTESIAN_POINT('Ctrl Pts',(-1.72919548788994,5.03206086692244,-0.499919129561917));
#2772=CARTESIAN_POINT('Ctrl Pts',(-1.7721918557919,5.01160476327401,-0.704308575573252));
#2773=CARTESIAN_POINT('Ctrl Pts',(-1.57794811565305,5.21838791311238,-0.102515637643074));
#2774=CARTESIAN_POINT('Ctrl Pts',(-1.63342415365093,5.2483051235718,-0.297342209836302));
#2775=CARTESIAN_POINT('Ctrl Pts',(-1.68344322580019,5.25526027437687,-0.500637249065542));
#2776=CARTESIAN_POINT('Ctrl Pts',(-1.72824066309967,5.23815632029109,-0.706866293056494));
#2777=CARTESIAN_POINT('Ctrl Pts',(-1.4506148334067,5.51267663363889,-0.0976657062827276));
#2778=CARTESIAN_POINT('Ctrl Pts',(-1.50428993232098,5.55257434703929,-0.295466089514336));
#2779=CARTESIAN_POINT('Ctrl Pts',(-1.55322651061259,5.56828073146344,-0.501820482214294));
#2780=CARTESIAN_POINT('Ctrl Pts',(-1.59783074602353,5.55889170350198,-0.711415684644361));
#2781=CARTESIAN_POINT('Ctrl Pts',(-1.39883925037366,5.60588693297265,-0.0960519365952625));
#2782=CARTESIAN_POINT('Ctrl Pts',(-1.45154570637828,5.6494407960052,-0.294833998250528));
#2783=CARTESIAN_POINT('Ctrl Pts',(-1.49973035627433,5.66840899460299,-0.502234738241524));
#2784=CARTESIAN_POINT('Ctrl Pts',(-1.54381988107997,5.6618791350128,-0.712972166273706));
#2785=CARTESIAN_POINT('Ctrl Pts',(-1.27888117442545,5.78004598096183,-0.0928168477144336));
#2786=CARTESIAN_POINT('Ctrl Pts',(-1.3286379301344,5.83127618134445,-0.293508016850926));
#2787=CARTESIAN_POINT('Ctrl Pts',(-1.3742877609884,5.85702635440013,-0.503037703487131));
#2788=CARTESIAN_POINT('Ctrl Pts',(-1.41626713405994,5.85645580232283,-0.716135542617444));
#2789=CARTESIAN_POINT('Ctrl Pts',(-1.21074138402821,5.86094339174091,-0.0912131427730802));
#2790=CARTESIAN_POINT('Ctrl Pts',(-1.2585464292128,5.91610976446998,-0.292830590686932));
#2791=CARTESIAN_POINT('Ctrl Pts',(-1.30245152960017,5.94534485912876,-0.503434398240775));
#2792=CARTESIAN_POINT('Ctrl Pts',(-1.34286107415962,5.94779876995975,-0.717718073193359));
#2793=CARTESIAN_POINT('Ctrl Pts',(-1.06031077701938,6.00803619129874,-0.0881409616672338));
#2794=CARTESIAN_POINT('Ctrl Pts',(-1.10309207603375,6.07089662234481,-0.291512372552433));
#2795=CARTESIAN_POINT('Ctrl Pts',(-1.14241918426133,6.10689025450609,-0.504235073560065));
#2796=CARTESIAN_POINT('Ctrl Pts',(-1.17860137790221,6.11513486975672,-0.720866126873549));
#2797=CARTESIAN_POINT('Ctrl Pts',(-0.978280410912844,6.07398418426563,-0.0866860728075582));
#2798=CARTESIAN_POINT('Ctrl Pts',(-1.01804790802284,6.14052630627412,-0.290871181641958));
#2799=CARTESIAN_POINT('Ctrl Pts',(-1.05459927365082,6.1797370844544,-0.50461156350461));
#2800=CARTESIAN_POINT('Ctrl Pts',(-1.08818053576251,6.19068313127322,-0.722357736788899));
#2801=CARTESIAN_POINT('Ctrl Pts',(-0.803253930721405,6.18896736416245,-0.0840489685064571));
#2802=CARTESIAN_POINT('Ctrl Pts',(-0.836056076990148,6.26215409441717,-0.289694073420074));
#2803=CARTESIAN_POINT('Ctrl Pts',(-0.866180681995811,6.30712286027039,-0.505330087545249));
#2804=CARTESIAN_POINT('Ctrl Pts',(-0.893749196153288,6.32279722850166,-0.725152239771137));
#2805=CARTESIAN_POINT('Ctrl Pts',(-0.710367864701678,6.23793361138079,-0.0828750907042092));
#2806=CARTESIAN_POINT('Ctrl Pts',(-0.739322512107176,6.31400676664648,-0.289167364911293));
#2807=CARTESIAN_POINT('Ctrl Pts',(-0.765890367963538,6.36144600962344,-0.505665651952652));
#2808=CARTESIAN_POINT('Ctrl Pts',(-0.790137601847596,6.37908107314906,-0.726414559238001));
#2809=CARTESIAN_POINT('Ctrl Pts',(-0.587079054989819,6.2883513455844,-0.0816101281103786));
#2810=CARTESIAN_POINT('Ctrl Pts',(-0.610833936993744,6.36741687896263,-0.288588363070257));
#2811=CARTESIAN_POINT('Ctrl Pts',(-0.632607691454716,6.41738931828945,-0.506023670736134));
#2812=CARTESIAN_POINT('Ctrl Pts',(-0.652419247389553,6.43697702797786,-0.727773418889663));
#2813=CARTESIAN_POINT('Ctrl Pts',(-0.489152234698143,6.32541191592203,-0.0806681887927705));
#2814=CARTESIAN_POINT('Ctrl Pts',(-0.508772086468472,6.40667465416914,-0.288154284559564));
#2815=CARTESIAN_POINT('Ctrl Pts',(-0.526735988575338,6.45849994537862,-0.506287528318319));
#2816=CARTESIAN_POINT('Ctrl Pts',(-0.543030378434401,6.47950100577664,-0.728779621808448));
#2817=CARTESIAN_POINT('Ctrl Pts',(-0.387940219875045,6.35288837627206,-0.0799356729716868));
#2818=CARTESIAN_POINT('Ctrl Pts',(-0.403297136732633,6.43576625680556,-0.287809540407071));
#2819=CARTESIAN_POINT('Ctrl Pts',(-0.417342809249387,6.48893136815276,-0.506488071065088));
#2820=CARTESIAN_POINT('Ctrl Pts',(-0.43004974307935,6.51090902295691,-0.729551576342866));
#2821=CARTESIAN_POINT('Ctrl Pts',(-0.210293232692894,6.38790765579729,-0.0789887399367881));
#2822=CARTESIAN_POINT('Ctrl Pts',(-0.218277811350851,6.4728055383719,-0.287365879737957));
#2823=CARTESIAN_POINT('Ctrl Pts',(-0.225559492363291,6.52762837015228,-0.506759536548729));
#2824=CARTESIAN_POINT('Ctrl Pts',(-0.232115041386584,6.55077980071706,-0.730570062460126));
#2825=CARTESIAN_POINT('Ctrl Pts',(-0.105421252329412,6.39824220418457,-0.0786978514244144));
#2826=CARTESIAN_POINT('Ctrl Pts',(-0.109261213575658,6.4836684380633,-0.287234840048476));
#2827=CARTESIAN_POINT('Ctrl Pts',(-0.112759475659646,6.53889961107637,-0.506855618595895));
#2828=CARTESIAN_POINT('Ctrl Pts',(-0.115900683425133,6.56230093642751,-0.730894460869313));
#2829=CARTESIAN_POINT('Ctrl Pts',(0.105421252329412,6.39824220418457,-0.0786978514244144));
#2830=CARTESIAN_POINT('Ctrl Pts',(0.109261213575657,6.4836684380633,-0.287234840048476));
#2831=CARTESIAN_POINT('Ctrl Pts',(0.112759475659641,6.53889961107636,-0.506855618595895));
#2832=CARTESIAN_POINT('Ctrl Pts',(0.115900683425127,6.56230093642751,-0.730894460869313));
#2833=CARTESIAN_POINT('Ctrl Pts',(0.210293232692891,6.38790765579729,-0.0789887399367856));
#2834=CARTESIAN_POINT('Ctrl Pts',(0.218277811350842,6.4728055383719,-0.287365879737954));
#2835=CARTESIAN_POINT('Ctrl Pts',(0.225559492363278,6.52762837015228,-0.506759536548726));
#2836=CARTESIAN_POINT('Ctrl Pts',(0.232115041386566,6.55077980071707,-0.730570062460124));
#2837=CARTESIAN_POINT('Ctrl Pts',(0.415908206856497,6.34737508967263,-0.0800847540859355));
#2838=CARTESIAN_POINT('Ctrl Pts',(0.43242579332105,6.42993494966616,-0.287879388458055));
#2839=CARTESIAN_POINT('Ctrl Pts',(0.44753635992544,6.48283907655068,-0.506445332692583));
#2840=CARTESIAN_POINT('Ctrl Pts',(0.461211741647038,6.50463193708551,-0.729391230215299));
#2841=CARTESIAN_POINT('Ctrl Pts',(0.51652398376645,6.31720414119472,-0.080886221973958));
#2842=CARTESIAN_POINT('Ctrl Pts',(0.537303171389761,6.39798213697203,-0.288257014943627));
#2843=CARTESIAN_POINT('Ctrl Pts',(0.556333382732802,6.44940426057517,-0.506228555841498));
#2844=CARTESIAN_POINT('Ctrl Pts',(0.573606512233303,6.47010942033396,-0.728551059940214));
#2845=CARTESIAN_POINT('Ctrl Pts',(0.710367864701674,6.23793361138079,-0.0828750907042126));
#2846=CARTESIAN_POINT('Ctrl Pts',(0.739322512107171,6.31400676664648,-0.289167364911296));
#2847=CARTESIAN_POINT('Ctrl Pts',(0.765890367963529,6.36144600962344,-0.505665651952657));
#2848=CARTESIAN_POINT('Ctrl Pts',(0.790137601847585,6.37908107314905,-0.726414559238006));
#2849=CARTESIAN_POINT('Ctrl Pts',(0.8032539307214,6.18896736416246,-0.0840489685064592));
#2850=CARTESIAN_POINT('Ctrl Pts',(0.836056076990139,6.26215409441717,-0.289694073420077));
#2851=CARTESIAN_POINT('Ctrl Pts',(0.866180681995798,6.3071228602704,-0.505330087545252));
#2852=CARTESIAN_POINT('Ctrl Pts',(0.893749196153271,6.32279722850167,-0.725152239771141));
#2853=CARTESIAN_POINT('Ctrl Pts',(0.978280410912842,6.07398418426564,-0.0866860728075584));
#2854=CARTESIAN_POINT('Ctrl Pts',(1.01804790802284,6.14052630627413,-0.290871181641958));
#2855=CARTESIAN_POINT('Ctrl Pts',(1.05459927365082,6.17973708445441,-0.504611563504611));
#2856=CARTESIAN_POINT('Ctrl Pts',(1.0881805357625,6.19068313127323,-0.722357736788902));
#2857=CARTESIAN_POINT('Ctrl Pts',(1.06031077701938,6.00803619129875,-0.0881409616672335));
#2858=CARTESIAN_POINT('Ctrl Pts',(1.10309207603375,6.07089662234482,-0.291512372552433));
#2859=CARTESIAN_POINT('Ctrl Pts',(1.14241918426133,6.1068902545061,-0.504235073560068));
#2860=CARTESIAN_POINT('Ctrl Pts',(1.17860137790221,6.11513486975673,-0.720866126873551));
#2861=CARTESIAN_POINT('Ctrl Pts',(1.21074138402821,5.86094339174091,-0.0912131427730803));
#2862=CARTESIAN_POINT('Ctrl Pts',(1.25854642921281,5.91610976446998,-0.292830590686933));
#2863=CARTESIAN_POINT('Ctrl Pts',(1.30245152960017,5.94534485912875,-0.503434398240774));
#2864=CARTESIAN_POINT('Ctrl Pts',(1.34286107415962,5.94779876995975,-0.717718073193359));
#2865=CARTESIAN_POINT('Ctrl Pts',(1.27888117442545,5.78004598096183,-0.0928168477144334));
#2866=CARTESIAN_POINT('Ctrl Pts',(1.3286379301344,5.83127618134445,-0.293508016850926));
#2867=CARTESIAN_POINT('Ctrl Pts',(1.3742877609884,5.85702635440012,-0.503037703487131));
#2868=CARTESIAN_POINT('Ctrl Pts',(1.41626713405994,5.85645580232283,-0.716135542617443));
#2869=CARTESIAN_POINT('Ctrl Pts',(1.39883925037366,5.60588693297265,-0.0960519365952617));
#2870=CARTESIAN_POINT('Ctrl Pts',(1.45154570637828,5.6494407960052,-0.294833998250527));
#2871=CARTESIAN_POINT('Ctrl Pts',(1.49973035627433,5.66840899460299,-0.502234738241523));
#2872=CARTESIAN_POINT('Ctrl Pts',(1.54381988107997,5.6618791350128,-0.712972166273705));
#2873=CARTESIAN_POINT('Ctrl Pts',(1.4506148334067,5.51267663363889,-0.0976657062827267));
#2874=CARTESIAN_POINT('Ctrl Pts',(1.50428993232098,5.55257434703928,-0.295466089514334));
#2875=CARTESIAN_POINT('Ctrl Pts',(1.55322651061258,5.56828073146344,-0.501820482214293));
#2876=CARTESIAN_POINT('Ctrl Pts',(1.59783074602353,5.55889170350198,-0.71141568464436));
#2877=CARTESIAN_POINT('Ctrl Pts',(1.57794811565305,5.21838791311238,-0.102515637643072));
#2878=CARTESIAN_POINT('Ctrl Pts',(1.63342415365092,5.2483051235718,-0.297342209836301));
#2879=CARTESIAN_POINT('Ctrl Pts',(1.68344322580019,5.25526027437686,-0.500637249065542));
#2880=CARTESIAN_POINT('Ctrl Pts',(1.72824066309967,5.23815632029109,-0.706866293056495));
#2881=CARTESIAN_POINT('Ctrl Pts',(1.62506729512661,5.00378028487825,-0.105518535500766));
#2882=CARTESIAN_POINT('Ctrl Pts',(1.68013936867212,5.0290379884001,-0.298390854882089));
#2883=CARTESIAN_POINT('Ctrl Pts',(1.72919548788993,5.03206086692244,-0.499919129561917));
#2884=CARTESIAN_POINT('Ctrl Pts',(1.7721918557919,5.011604763274,-0.704308575573251));
#2885=CARTESIAN_POINT('Ctrl Pts',(1.62763079470353,4.77197205858323,-0.108220598475789));
#2886=CARTESIAN_POINT('Ctrl Pts',(1.68330763807407,4.79488929528975,-0.299218292273626));
#2887=CARTESIAN_POINT('Ctrl Pts',(1.73202910091909,4.796292850885,-0.499148723600057));
#2888=CARTESIAN_POINT('Ctrl Pts',(1.77365664140146,4.77506965197406,-0.701998128796753));
#2889=CARTESIAN_POINT('Ctrl Pts',(1.62769205791089,4.76071471503722,-0.108134344986057));
#2890=CARTESIAN_POINT('Ctrl Pts',(1.68344833465735,4.78345867091227,-0.299188155825276));
#2891=CARTESIAN_POINT('Ctrl Pts',(1.73218685585413,4.78474213970346,-0.49917340495992));
#2892=CARTESIAN_POINT('Ctrl Pts',(1.77376874226405,4.76345312981304,-0.702079060744468));
#2893=CARTESIAN_POINT('Ctrl Pts',(1.62775353703085,4.74945462293417,-0.108047779697274));
#2894=CARTESIAN_POINT('Ctrl Pts',(1.68358960692962,4.77202668993709,-0.299157876250043));
#2895=CARTESIAN_POINT('Ctrl Pts',(1.7323452530961,4.77319174878151,-0.499198142863904));
#2896=CARTESIAN_POINT('Ctrl Pts',(1.77388125878951,4.75183889246011,-0.702160308667119));
#2897=CARTESIAN_POINT('',(1.62635538344349,-4.75201471976879,-0.110340222680499));
#2898=CARTESIAN_POINT('Ctrl Pts',(1.65557249894532,2.22044604925031E-16,
-0.0968001586541612));
#2899=CARTESIAN_POINT('Ctrl Pts',(1.655572518225,-0.202868728165763,-0.0968002068466488));
#2900=CARTESIAN_POINT('Ctrl Pts',(1.65526974679338,-0.401826252494067,-0.096922033059437));
#2901=CARTESIAN_POINT('Ctrl Pts',(1.65384422275799,-0.943356474547568,-0.0975110126416624));
#2902=CARTESIAN_POINT('Ctrl Pts',(1.65220001763509,-1.2928995610424,-0.0981947137152671));
#2903=CARTESIAN_POINT('Ctrl Pts',(1.64389595262812,-2.68113159315275,-0.101765917072448));
#2904=CARTESIAN_POINT('Ctrl Pts',(1.63369348117632,-3.72695267509317,-0.106467874836542));
#2905=CARTESIAN_POINT('Ctrl Pts',(1.62635538344349,-4.75201471976879,-0.110340222680499));
#2906=CARTESIAN_POINT('',(-1.62992181048113,-4.75182246485048,-0.108495170673839));
#2907=CARTESIAN_POINT('Ctrl Pts',(1.62635538344349,-4.7520147197688,-0.110340222680499));
#2908=CARTESIAN_POINT('Ctrl Pts',(1.62599504576676,-4.80229119307935,-0.110528663754446));
#2909=CARTESIAN_POINT('Ctrl Pts',(1.62533610141191,-4.85911457387775,-0.110041614829968));
#2910=CARTESIAN_POINT('Ctrl Pts',(1.61153003187254,-4.9943492352948,-0.109262339956924));
#2911=CARTESIAN_POINT('Ctrl Pts',(1.60192713136154,-5.05477937712025,-0.10890067027709));
#2912=CARTESIAN_POINT('Ctrl Pts',(1.58044604456665,-5.15394822739155,-0.108271368084256));
#2913=CARTESIAN_POINT('Ctrl Pts',(1.57046349247255,-5.19304025899925,-0.108018712405911));
#2914=CARTESIAN_POINT('Ctrl Pts',(1.55257994303189,-5.25368411323521,-0.107610481246439));
#2915=CARTESIAN_POINT('Ctrl Pts',(1.54563862686107,-5.27552924496222,-0.107459699537601));
#2916=CARTESIAN_POINT('Ctrl Pts',(1.52982773873704,-5.32190887309564,-0.107137148331743));
#2917=CARTESIAN_POINT('Ctrl Pts',(1.52082187868819,-5.3464038920098,-0.106965451684597));
#2918=CARTESIAN_POINT('Ctrl Pts',(1.50031645802771,-5.3983167338868,-0.106593065186441));
#2919=CARTESIAN_POINT('Ctrl Pts',(1.48864928828793,-5.42565363379298,-0.106392332512861));
#2920=CARTESIAN_POINT('Ctrl Pts',(1.46210990396757,-5.48342830465237,-0.105963878837324));
#2921=CARTESIAN_POINT('Ctrl Pts',(1.44703623810865,-5.51373570487979,-0.105736969482876));
#2922=CARTESIAN_POINT('Ctrl Pts',(1.41282261050748,-5.57750461156212,-0.105244221541055));
#2923=CARTESIAN_POINT('Ctrl Pts',(1.39341365363149,-5.61081489773672,-0.104980503555763));
#2924=CARTESIAN_POINT('Ctrl Pts',(1.31826689815846,-5.72996610221514,-0.104019411979076));
#2925=CARTESIAN_POINT('Ctrl Pts',(1.25569207752497,-5.8112784410729,-0.10331443280211));
#2926=CARTESIAN_POINT('Ctrl Pts',(1.16799289054553,-5.90552860943815,-0.102451093944112));
#2927=CARTESIAN_POINT('Ctrl Pts',(1.14950643910143,-5.92445516367529,-0.102275012105431));
#2928=CARTESIAN_POINT('Ctrl Pts',(1.05489922687174,-6.01671272387128,-0.101405457266767));
#2929=CARTESIAN_POINT('Ctrl Pts',(0.972135215882352,-6.08307949168002,-0.100741347986824));
#2930=CARTESIAN_POINT('Ctrl Pts',(0.796274135546753,-6.1980276835238,-0.0995369205083724));
#2931=CARTESIAN_POINT('Ctrl Pts',(0.703490604716262,-6.24671067224935,-0.0989969048819789));
#2932=CARTESIAN_POINT('Ctrl Pts',(0.558191317581758,-6.30583921661608,-0.0982893843592985));
#2933=CARTESIAN_POINT('Ctrl Pts',(0.508636208493007,-6.32325149229099,-0.0980761784869709));
#2934=CARTESIAN_POINT('Ctrl Pts',(0.408177033787967,-6.35315597972061,-0.0976902537155722));
#2935=CARTESIAN_POINT('Ctrl Pts',(0.357318150342991,-6.3656545912351,-0.0975193381937816));
#2936=CARTESIAN_POINT('Ctrl Pts',(0.254693386833772,-6.38565260102034,-0.0972315381873914));
#2937=CARTESIAN_POINT('Ctrl Pts',(0.202990407889087,-6.39315158088535,-0.0971142957766381));
#2938=CARTESIAN_POINT('Ctrl Pts',(0.0993922505192475,-6.40308223569354,
-0.0969330163179676));
#2939=CARTESIAN_POINT('Ctrl Pts',(0.0475334874040755,-6.40554145976532,
-0.0968690952295137));
#2940=CARTESIAN_POINT('Ctrl Pts',(-0.0563297744289528,-6.40543263553837,
-0.0967987673719918));
#2941=CARTESIAN_POINT('Ctrl Pts',(-0.108277073380706,-6.40284611611102,
-0.0967954831898735));
#2942=CARTESIAN_POINT('Ctrl Pts',(-0.263941764967125,-6.38754858220101,
-0.0968674636883599));
#2943=CARTESIAN_POINT('Ctrl Pts',(-0.366799490185613,-6.36724067355498,
-0.0970230810403225));
#2944=CARTESIAN_POINT('Ctrl Pts',(-0.682609081322148,-6.27247381534517,
-0.0978115402001272));
#2945=CARTESIAN_POINT('Ctrl Pts',(-0.867208636813958,-6.16802280342625,
-0.0987650540207049));
#2946=CARTESIAN_POINT('Ctrl Pts',(-1.19503036392415,-5.90460561685619,-0.100953647241113));
#2947=CARTESIAN_POINT('Ctrl Pts',(-1.32860227117885,-5.73660528306936,-0.102310083672044));
#2948=CARTESIAN_POINT('Ctrl Pts',(-1.44127109336105,-5.53317396166101,-0.103781080496789));
#2949=CARTESIAN_POINT('Ctrl Pts',(-1.45720902017183,-5.50209750713122,-0.10400000249651));
#2950=CARTESIAN_POINT('Ctrl Pts',(-1.48525642742894,-5.44281795022682,-0.104414252666381));
#2951=CARTESIAN_POINT('Ctrl Pts',(-1.49758574064649,-5.41474789248699,-0.104609638185962));
#2952=CARTESIAN_POINT('Ctrl Pts',(-1.51924424397404,-5.36140602372615,-0.104977796896051));
#2953=CARTESIAN_POINT('Ctrl Pts',(-1.52874153205396,-5.3362516836034,-0.105148347777534));
#2954=CARTESIAN_POINT('Ctrl Pts',(-1.55320647614341,-5.26630841180432,-0.105619544713032));
#2955=CARTESIAN_POINT('Ctrl Pts',(-1.56686906221275,-5.22108256780638,-0.105920662470333));
#2956=CARTESIAN_POINT('Ctrl Pts',(-1.62781682877318,-4.98269567785384,-0.107454337528812));
#2957=CARTESIAN_POINT('Ctrl Pts',(-1.62941910585944,-4.83169557357035,-0.108749843426576));
#2958=CARTESIAN_POINT('Ctrl Pts',(-1.62992181048113,-4.75182246485049,-0.108495170673838));
#2959=CARTESIAN_POINT('',(-1.62813410098404,4.75192098992817,-0.109412043514939));
#2960=CARTESIAN_POINT('Ctrl Pts',(-1.62992181048113,-4.75182246485048,-0.108495170673839));
#2961=CARTESIAN_POINT('Ctrl Pts',(-1.63636962325178,-3.72620644775476,-0.105201047913527));
#2962=CARTESIAN_POINT('Ctrl Pts',(-1.64534192000902,-2.67945366134092,-0.101131283437471));
#2963=CARTESIAN_POINT('Ctrl Pts',(-1.65262219228723,-1.29124351238899,-0.0980191787140225));
#2964=CARTESIAN_POINT('Ctrl Pts',(-1.65406073842462,-0.942162644497663,
-0.0974217804927857));
#2965=CARTESIAN_POINT('Ctrl Pts',(-1.65531983979433,-0.396066928516184,
-0.0969017927641584));
#2966=CARTESIAN_POINT('Ctrl Pts',(-1.65557243520083,-0.197977228522975,
-0.096800137203477));
#2967=CARTESIAN_POINT('Ctrl Pts',(-1.65557256433391,0.203050601909164,-0.0968001806415809));
#2968=CARTESIAN_POINT('Ctrl Pts',(-1.65528781162067,0.401947178945824,-0.0969148632280566));
#2969=CARTESIAN_POINT('Ctrl Pts',(-1.65395242890577,0.942742447178248,-0.0974664137737816));
#2970=CARTESIAN_POINT('Ctrl Pts',(-1.65241099780678,1.29204524230844,-0.0981068942700714));
#2971=CARTESIAN_POINT('Ctrl Pts',(-1.64461795967606,2.68026012515555,-0.101448060867561));
#2972=CARTESIAN_POINT('Ctrl Pts',(-1.63502828056045,3.7265766323774,-0.105832415880225));
#2973=CARTESIAN_POINT('Ctrl Pts',(-1.62813410098404,4.75192098992817,-0.109412043514937));
#2974=CARTESIAN_POINT('',(1.62813410098404,4.75192098992794,-0.109412043514937));
#2975=CARTESIAN_POINT('Ctrl Pts',(-1.62813410098404,4.75192098992817,-0.109412043514938));
#2976=CARTESIAN_POINT('Ctrl Pts',(-1.62811308755588,4.75504264909315,-0.109422859334483));
#2977=CARTESIAN_POINT('Ctrl Pts',(-1.62809209729853,4.75816430583021,-0.109433666511114));
#2978=CARTESIAN_POINT('Ctrl Pts',(-1.62807113039009,4.76128596014114,-0.109444464943124));
#2979=CARTESIAN_POINT('Ctrl Pts',(-1.62805016348165,4.76440761445208,-0.109455263375135));
#2980=CARTESIAN_POINT('Ctrl Pts',(-1.62802921992211,4.76752926633688,-0.109466053062526));
#2981=CARTESIAN_POINT('Ctrl Pts',(-1.62800829988971,4.77065091579732,-0.109476833903421));
#2982=CARTESIAN_POINT('Ctrl Pts',(-1.6279978398735,4.77221174052753,-0.109482224323868));
#2983=CARTESIAN_POINT('Ctrl Pts',(-1.62798738573909,4.77377256465166,-0.109487612532689));
#2984=CARTESIAN_POINT('Ctrl Pts',(-1.62797693750875,4.77533338816991,-0.109492998517134));
#2985=CARTESIAN_POINT('Ctrl Pts',(-1.62796648927842,4.77689421168817,-0.109498384501578));
#2986=CARTESIAN_POINT('Ctrl Pts',(-1.62795636326447,4.77844872424191,-0.109504449319965));
#2987=CARTESIAN_POINT('Ctrl Pts',(-1.62794561055228,4.78001585690728,-0.109509149784573));
#2988=CARTESIAN_POINT('Ctrl Pts',(-1.62794292237423,4.78040764007362,-0.109510324900725));
#2989=CARTESIAN_POINT('Ctrl Pts',(-1.62794039272274,4.78079626802279,-0.109511840406216));
#2990=CARTESIAN_POINT('Ctrl Pts',(-1.62793778436392,4.78118647352377,-0.109513185507105));
#2991=CARTESIAN_POINT('Ctrl Pts',(-1.62793517600509,4.78157667902474,-0.109514530607995));
#2992=CARTESIAN_POINT('Ctrl Pts',(-1.62793272329534,4.78196298746306,-0.109516296075313));
#2993=CARTESIAN_POINT('Ctrl Pts',(-1.62792996040004,4.78235708991316,-0.109517220389513));
#2994=CARTESIAN_POINT('Ctrl Pts',(-1.62792719750474,4.78275119236326,-0.109518144703714));
#2995=CARTESIAN_POINT('Ctrl Pts',(-1.62792550380626,4.78311873639284,-0.109521934798435));
#2996=CARTESIAN_POINT('Ctrl Pts',(-1.62792158834723,4.78354152802144,-0.109519762882003));
#2997=CARTESIAN_POINT('Ctrl Pts',(-1.62791767288821,4.78396431965005,-0.109517590965571));
#2998=CARTESIAN_POINT('Ctrl Pts',(-1.62791345799929,4.78439018985758,-0.109515086256921));
#2999=CARTESIAN_POINT('Ctrl Pts',(-1.62790903574615,4.78481682350105,-0.109512498624719));
#3000=CARTESIAN_POINT('Ctrl Pts',(-1.62790019123987,4.78567009078798,-0.109507323360314));
#3001=CARTESIAN_POINT('Ctrl Pts',(-1.62789097172931,4.78651718063796,-0.109502812642534));
#3002=CARTESIAN_POINT('Ctrl Pts',(-1.62788094442077,4.78736733157733,-0.10949796937501));
#3003=CARTESIAN_POINT('Ctrl Pts',(-1.62787091711224,4.78821748251669,-0.109493126107487));
#3004=CARTESIAN_POINT('Ctrl Pts',(-1.6278602785288,4.78906832919463,-0.109488205757653));
#3005=CARTESIAN_POINT('Ctrl Pts',(-1.62784887208714,4.78991772913364,-0.109483438936343));
#3006=CARTESIAN_POINT('Ctrl Pts',(-1.62780324632048,4.79331532888966,-0.109464371651104));
#3007=CARTESIAN_POINT('Ctrl Pts',(-1.62774742394445,4.79671834716279,-0.109444685451442));
#3008=CARTESIAN_POINT('Ctrl Pts',(-1.62768078349505,4.80011821397217,-0.109425300351961));
#3009=CARTESIAN_POINT('Ctrl Pts',(-1.62761414304564,4.80351808078155,-0.109405915252481));
#3010=CARTESIAN_POINT('Ctrl Pts',(-1.6275368934195,4.80691765276191,-0.109386523717591));
#3011=CARTESIAN_POINT('Ctrl Pts',(-1.62744903866787,4.810316929885,-0.109367123241955));
#3012=CARTESIAN_POINT('Ctrl Pts',(-1.62727332916462,4.81711548413118,-0.109328322290684));
#3013=CARTESIAN_POINT('Ctrl Pts',(-1.62705520489069,4.8239124445497,-0.109289487851214));
#3014=CARTESIAN_POINT('Ctrl Pts',(-1.62679466972511,4.83070905457943,-0.109250593899149));
#3015=CARTESIAN_POINT('Ctrl Pts',(-1.62627359939394,4.84430227463889,-0.109172805995021));
#3016=CARTESIAN_POINT('Ctrl Pts',(-1.6255826103774,4.85788921241712,-0.109094805657289));
#3017=CARTESIAN_POINT('Ctrl Pts',(-1.62472560467979,4.8714250884253,-0.109016718758654));
#3018=CARTESIAN_POINT('Ctrl Pts',(-1.62386859898217,4.88496096443348,-0.108938631860018));
#3019=CARTESIAN_POINT('Ctrl Pts',(-1.62284495259466,4.89846383645163,-0.108860355705116));
#3020=CARTESIAN_POINT('Ctrl Pts',(-1.62165695207151,4.91192621507517,-0.108781826375057));
#3021=CARTESIAN_POINT('Ctrl Pts',(-1.61928095102522,4.93885097232225,-0.108624767714938));
#3022=CARTESIAN_POINT('Ctrl Pts',(-1.61624716752172,4.96563173867,-0.108466578114202));
#3023=CARTESIAN_POINT('Ctrl Pts',(-1.61256751774649,4.99226614767314,-0.108306678871507));
#3024=CARTESIAN_POINT('Ctrl Pts',(-1.60888786797125,5.01890055667628,-0.108146779628811));
#3025=CARTESIAN_POINT('Ctrl Pts',(-1.60456223591769,5.04539042966992,-0.107985172118773));
#3026=CARTESIAN_POINT('Ctrl Pts',(-1.59959699171442,5.0717379709023,-0.107821527058655));
#3027=CARTESIAN_POINT('Ctrl Pts',(-1.58966650330787,5.12443305336706,-0.107494236938421));
#3028=CARTESIAN_POINT('Ctrl Pts',(-1.57718285195266,5.1765597748513,-0.10715869096944));
#3029=CARTESIAN_POINT('Ctrl Pts',(-1.56213130569443,5.22812437034763,-0.106815070051302));
#3030=CARTESIAN_POINT('Ctrl Pts',(-1.5470797594362,5.27968896584396,-0.106471449133164));
#3031=CARTESIAN_POINT('Ctrl Pts',(-1.52946520311198,5.33068145513258,-0.10612020735865));
#3032=CARTESIAN_POINT('Ctrl Pts',(-1.50916772655957,5.38112184778662,-0.105763060615136));
#3033=CARTESIAN_POINT('Ctrl Pts',(-1.48887025000717,5.43156224044066,-0.105405913871622));
#3034=CARTESIAN_POINT('Ctrl Pts',(-1.46622695262647,5.48058314592837,-0.105051527710347));
#3035=CARTESIAN_POINT('Ctrl Pts',(-1.44135395673002,5.52819150855111,-0.104698288640504));
#3036=CARTESIAN_POINT('Ctrl Pts',(-1.41648096083357,5.57579987117384,-0.10434504957066));
#3037=CARTESIAN_POINT('Ctrl Pts',(-1.38937022220827,5.62201800574374,-0.103991791945247));
#3038=CARTESIAN_POINT('Ctrl Pts',(-1.36003500416981,5.66686533836254,-0.103639062224768));
#3039=CARTESIAN_POINT('Ctrl Pts',(-1.33069978613135,5.71171267098134,-0.103286332504289));
#3040=CARTESIAN_POINT('Ctrl Pts',(-1.29913201549814,5.75519229424827,-0.102935337988154));
#3041=CARTESIAN_POINT('Ctrl Pts',(-1.26530302478002,5.79725767155144,-0.102586457517909));
#3042=CARTESIAN_POINT('Ctrl Pts',(-1.25684577710049,5.80777401587723,-0.102499237400348));
#3043=CARTESIAN_POINT('Ctrl Pts',(-1.2482389492463,5.81820816687888,-0.102412085462547));
#3044=CARTESIAN_POINT('Ctrl Pts',(-1.23949382567118,5.82854751256655,-0.102325144078679));
#3045=CARTESIAN_POINT('Ctrl Pts',(-1.23074870209607,5.83888685825421,-0.102238202694812));
#3046=CARTESIAN_POINT('Ctrl Pts',(-1.22184311643994,5.84915517757955,-0.102151263142495));
#3047=CARTESIAN_POINT('Ctrl Pts',(-1.21282821397211,5.85929190486404,-0.102064871502039));
#3048=CARTESIAN_POINT('Ctrl Pts',(-1.20381331150427,5.86942863214853,-0.101978479861583));
#3049=CARTESIAN_POINT('Ctrl Pts',(-1.19469240469998,5.87943135087595,-0.10189265998275));
#3050=CARTESIAN_POINT('Ctrl Pts',(-1.18546283823554,5.88930501052887,-0.101807421801883));
#3051=CARTESIAN_POINT('Ctrl Pts',(-1.17623327177111,5.8991786701818,-0.101722183621016));
#3052=CARTESIAN_POINT('Ctrl Pts',(-1.16689623237735,5.90892197371656,-0.101637546868909));
#3053=CARTESIAN_POINT('Ctrl Pts',(-1.15745217354666,5.9185362194322,-0.101553536228275));
#3054=CARTESIAN_POINT('Ctrl Pts',(-1.13856405588527,5.9377647108635,-0.101385514947005));
#3055=CARTESIAN_POINT('Ctrl Pts',(-1.11924744909048,5.95647587058743,-0.101220194645687));
#3056=CARTESIAN_POINT('Ctrl Pts',(-1.09951727892432,5.97466815995686,-0.101058052400587));
#3057=CARTESIAN_POINT('Ctrl Pts',(-1.07978710875816,5.99286044932629,-0.100895910155488));
#3058=CARTESIAN_POINT('Ctrl Pts',(-1.05963994698633,6.01053802468496,-0.100736626591135));
#3059=CARTESIAN_POINT('Ctrl Pts',(-1.03907846101267,6.02770459580243,-0.100580246385261));
#3060=CARTESIAN_POINT('Ctrl Pts',(-1.01851697503901,6.0448711669199,-0.100423866179387));
#3061=CARTESIAN_POINT('Ctrl Pts',(-0.997540806652641,6.06152715653426,-0.100270359355982));
#3062=CARTESIAN_POINT('Ctrl Pts',(-0.976147592562944,6.07767286204313,-0.100119994074071));
#3063=CARTESIAN_POINT('Ctrl Pts',(-0.954754378473248,6.09381856755199,-0.0999696287921604));
#3064=CARTESIAN_POINT('Ctrl Pts',(-0.932944299716053,6.10945385817213,-0.0998224320318198));
#3065=CARTESIAN_POINT('Ctrl Pts',(-0.910710471289895,6.12457471116257,-0.0996789020737573));
#3066=CARTESIAN_POINT('Ctrl Pts',(-0.888476642863737,6.13969556415301,-0.0995353721156949));
#3067=CARTESIAN_POINT('Ctrl Pts',(-0.865812458817658,6.15430480704834,-0.0993957636856436));
#3068=CARTESIAN_POINT('Ctrl Pts',(-0.842734939156415,6.16838033490637,-0.0992602145462783));
#3069=CARTESIAN_POINT('Ctrl Pts',(-0.831196179325793,6.17541809883539,-0.0991924399765956));
#3070=CARTESIAN_POINT('Ctrl Pts',(-0.819546186906749,6.18232635041659,-0.0991256147256907));
#3071=CARTESIAN_POINT('Ctrl Pts',(-0.807783560644036,6.18910417066829,-0.0990597349150001));
#3072=CARTESIAN_POINT('Ctrl Pts',(-0.796020934381322,6.19588199091999,-0.0989938551043094));
#3073=CARTESIAN_POINT('Ctrl Pts',(-0.784175809216993,6.20251152468042,-0.0989290896632387));
#3074=CARTESIAN_POINT('Ctrl Pts',(-0.772283053917488,6.20897400078799,-0.0988656172327582));
#3075=CARTESIAN_POINT('Ctrl Pts',(-0.748497543318479,6.22189895300312,-0.0987386723717971));
#3076=CARTESIAN_POINT('Ctrl Pts',(-0.724470895469213,6.23418833108626,-0.0986165738370356));
#3077=CARTESIAN_POINT('Ctrl Pts',(-0.700212643963696,6.2458463955142,-0.0984994390171682));
#3078=CARTESIAN_POINT('Ctrl Pts',(-0.675954392458179,6.25750445994215,-0.0983823041973008));
#3079=CARTESIAN_POINT('Ctrl Pts',(-0.651462592031662,6.26853281215596,-0.0982701452532598));
#3080=CARTESIAN_POINT('Ctrl Pts',(-0.626734732932748,6.27893676465489,-0.0981632268308807));
#3081=CARTESIAN_POINT('Ctrl Pts',(-0.57727901473492,6.29974466965275,-0.0979493899861225));
#3082=CARTESIAN_POINT('Ctrl Pts',(-0.526915056808065,6.31804265778545,-0.0977578500980846));
#3083=CARTESIAN_POINT('Ctrl Pts',(-0.47564178005284,6.33384136953616,-0.0975891729017077));
#3084=CARTESIAN_POINT('Ctrl Pts',(-0.450005141675227,6.34174072541152,-0.0975048343035192));
#3085=CARTESIAN_POINT('Ctrl Pts',(-0.424139590365664,6.34901443991611,-0.0974262286768386));
#3086=CARTESIAN_POINT('Ctrl Pts',(-0.398040275897057,6.35565526929367,-0.0973538478409372));
#3087=CARTESIAN_POINT('Ctrl Pts',(-0.371940961428449,6.36229609867123,-0.0972814670050359));
#3088=CARTESIAN_POINT('Ctrl Pts',(-0.34561093631637,6.3683031156818,-0.0972153186087034));
#3089=CARTESIAN_POINT('Ctrl Pts',(-0.319033587852682,6.37366610895757,-0.0971561677266222));
#3090=CARTESIAN_POINT('Ctrl Pts',(-0.305744913620838,6.37634760559546,-0.0971265922855815));
#3091=CARTESIAN_POINT('Ctrl Pts',(-0.292380941050947,6.37886936479155,-0.0970987901402474));
#3092=CARTESIAN_POINT('Ctrl Pts',(-0.279023670990867,6.38121606498052,-0.0970729014117219));
#3093=CARTESIAN_POINT('Ctrl Pts',(-0.265666400930786,6.38356276516949,-0.0970470126831964));
#3094=CARTESIAN_POINT('Ctrl Pts',(-0.252301427364767,6.38573790141053,-0.0970229952904363));
#3095=CARTESIAN_POINT('Ctrl Pts',(-0.238942146260312,6.38774037512029,-0.0970008397301477));
#3096=CARTESIAN_POINT('Ctrl Pts',(-0.212223584051402,6.3917453225398,-0.0969565286095704));
#3097=CARTESIAN_POINT('Ctrl Pts',(-0.185479354824506,6.39507019009441,-0.0969195308013316));
#3098=CARTESIAN_POINT('Ctrl Pts',(-0.158730473982772,6.39772051010046,-0.0968897861139336));
#3099=CARTESIAN_POINT('Ctrl Pts',(-0.131981593141038,6.4003708301065,-0.0968600414265357));
#3100=CARTESIAN_POINT('Ctrl Pts',(-0.105220482774702,6.40234810523668,-0.0968375312524829));
#3101=CARTESIAN_POINT('Ctrl Pts',(-0.0784455058008336,6.40365626860127,
-0.0968224686990945));
#3102=CARTESIAN_POINT('Ctrl Pts',(-0.0516705288269654,6.40496443196586,
-0.0968074061457061));
#3103=CARTESIAN_POINT('Ctrl Pts',(-0.0248814338278459,6.40560346049774,
-0.0967997892366785));
#3104=CARTESIAN_POINT('Ctrl Pts',(0.00192264874573933,6.4055713472436,-0.0968001723730295));
#3105=CARTESIAN_POINT('Ctrl Pts',(0.0287267313193246,6.40553923398947,-0.0968005555093805));
#3106=CARTESIAN_POINT('Ctrl Pts',(0.0555361451209734,6.40483613482289,-0.0968089055178202));
#3107=CARTESIAN_POINT('Ctrl Pts',(0.0823531185209832,6.40346059264828,-0.096824720079597));
#3108=CARTESIAN_POINT('Ctrl Pts',(0.109170091920993,6.40208505047366,-0.0968405346413738));
#3109=CARTESIAN_POINT('Ctrl Pts',(0.13599440930155,6.40003710472529,-0.0968638152263694));
#3110=CARTESIAN_POINT('Ctrl Pts',(0.16282791242734,6.39730925134305,-0.096894399376398));
#3111=CARTESIAN_POINT('Ctrl Pts',(0.189661415553131,6.39458139796081,-0.0969249835264267));
#3112=CARTESIAN_POINT('Ctrl Pts',(0.216496501248082,6.39117484901241,-0.0969628610183095));
#3113=CARTESIAN_POINT('Ctrl Pts',(0.243358081093763,6.38707214724374,-0.0970082313599542));
#3114=CARTESIAN_POINT('Ctrl Pts',(0.270219660939444,6.38296944547508,-0.097053601701599));
#3115=CARTESIAN_POINT('Ctrl Pts',(0.296878458438439,6.37820468211862,-0.0971061127883124));
#3116=CARTESIAN_POINT('Ctrl Pts',(0.323311038184225,6.37279703157261,-0.097165751415216));
#3117=CARTESIAN_POINT('Ctrl Pts',(0.34974361793001,6.3673893810266,-0.0972253900421196));
#3118=CARTESIAN_POINT('Ctrl Pts',(0.375956778219534,6.36133819818854,-0.0972919694192193));
#3119=CARTESIAN_POINT('Ctrl Pts',(0.401956302120575,6.35465365441767,-0.097364759846295));
#3120=CARTESIAN_POINT('Ctrl Pts',(0.427955826021616,6.34796911064679,-0.0974375502733708));
#3121=CARTESIAN_POINT('Ctrl Pts',(0.453741814552595,6.34065110160649,-0.0975165514670161));
#3122=CARTESIAN_POINT('Ctrl Pts',(0.479317697138197,6.33270392876517,-0.0976013114553664));
#3123=CARTESIAN_POINT('Ctrl Pts',(0.530469462309402,6.31680958308252,-0.0977708314320672));
#3124=CARTESIAN_POINT('Ctrl Pts',(0.580791159219574,6.29839995267301,-0.0979633976668047));
#3125=CARTESIAN_POINT('Ctrl Pts',(0.630264745195225,6.27744663854421,-0.0981785291130824));
#3126=CARTESIAN_POINT('Ctrl Pts',(0.655001538183051,6.26696998147981,-0.0982860948362213));
#3127=CARTESIAN_POINT('Ctrl Pts',(0.679524075258744,6.25585721714793,-0.098398980237887));
#3128=CARTESIAN_POINT('Ctrl Pts',(0.703823078279525,6.24410579987829,-0.0985169176384681));
#3129=CARTESIAN_POINT('Ctrl Pts',(0.715972579789916,6.23823009124346,-0.0985758863387586));
#3130=CARTESIAN_POINT('Ctrl Pts',(0.728072528390494,6.23219115626427,-0.0986361480777348));
#3131=CARTESIAN_POINT('Ctrl Pts',(0.740111374942357,6.22599368029295,-0.0986976300740701));
#3132=CARTESIAN_POINT('Ctrl Pts',(0.75215022149422,6.21979620432163,-0.0987591120704055));
#3133=CARTESIAN_POINT('Ctrl Pts',(0.764153678478932,6.21342603514023,-0.0988219528526589));
#3134=CARTESIAN_POINT('Ctrl Pts',(0.776058014598366,6.2069161518287,-0.0988858169955927));
#3135=CARTESIAN_POINT('Ctrl Pts',(0.7879623507178,6.20040626851716,-0.0989496811385266));
#3136=CARTESIAN_POINT('Ctrl Pts',(0.79975584169665,6.19376400404847,-0.0990144983765856));
#3137=CARTESIAN_POINT('Ctrl Pts',(0.811447125560099,6.1869868328849,-0.0990803047381046));
#3138=CARTESIAN_POINT('Ctrl Pts',(0.823138409423547,6.18020966172133,-0.0991461110996235));
#3139=CARTESIAN_POINT('Ctrl Pts',(0.834725168393018,6.17329889333984,-0.0992128989055969));
#3140=CARTESIAN_POINT('Ctrl Pts',(0.846208504587686,6.1662558644365,-0.0992806660769603));
#3141=CARTESIAN_POINT('Ctrl Pts',(0.869175176977021,6.15216980662983,-0.0994162004196871));
#3142=CARTESIAN_POINT('Ctrl Pts',(0.891729635067752,6.13755392594869,-0.0995557706461957));
#3143=CARTESIAN_POINT('Ctrl Pts',(0.913875845839384,6.12241656219302,-0.0996993761957218));
#3144=CARTESIAN_POINT('Ctrl Pts',(0.958168267382649,6.09214183468167,-0.0999865872947738));
#3145=CARTESIAN_POINT('Ctrl Pts',(1.00082814703573,6.05978966550868,-0.100288326644554));
#3146=CARTESIAN_POINT('Ctrl Pts',(1.04187752032551,6.02536238354889,-0.100601572057773));
#3147=CARTESIAN_POINT('Ctrl Pts',(1.08292689361529,5.99093510158911,-0.100914817470992));
#3148=CARTESIAN_POINT('Ctrl Pts',(1.1223749212499,5.95441724748327,-0.101240292481943));
#3149=CARTESIAN_POINT('Ctrl Pts',(1.16015596692962,5.91577719673476,-0.101577629252351));
#3150=CARTESIAN_POINT('Ctrl Pts',(1.16960122834955,5.90611718404763,-0.101661963444953));
#3151=CARTESIAN_POINT('Ctrl Pts',(1.17894238455644,5.89632156351576,-0.101746938121497));
#3152=CARTESIAN_POINT('Ctrl Pts',(1.1881764516372,5.88639493855346,-0.101832528712503));
#3153=CARTESIAN_POINT('Ctrl Pts',(1.19741051871795,5.87646831359116,-0.101918119303509));
#3154=CARTESIAN_POINT('Ctrl Pts',(1.20654646210281,5.86639875535186,-0.102004400327803));
#3155=CARTESIAN_POINT('Ctrl Pts',(1.21552690008397,5.85624976882373,-0.102090781325357));
#3156=CARTESIAN_POINT('Ctrl Pts',(1.23348777604629,5.83595179576746,-0.102263543320463));
#3157=CARTESIAN_POINT('Ctrl Pts',(1.25086543709646,5.81530060682464,-0.102437012037365));
#3158=CARTESIAN_POINT('Ctrl Pts',(1.26768130780138,5.79429367725991,-0.102611026039857));
#3159=CARTESIAN_POINT('Ctrl Pts',(1.28449717850631,5.77328674769518,-0.102785040042348));
#3160=CARTESIAN_POINT('Ctrl Pts',(1.30074897869389,5.75192712553771,-0.102959588284788));
#3161=CARTESIAN_POINT('Ctrl Pts',(1.31644561892342,5.7302187694575,-0.103134596765324));
#3162=CARTESIAN_POINT('Ctrl Pts',(1.33214225915296,5.70851041337729,-0.103309605245861));
#3163=CARTESIAN_POINT('Ctrl Pts',(1.34728403258249,5.68645246225754,-0.103485202544929));
#3164=CARTESIAN_POINT('Ctrl Pts',(1.36187349573736,5.66404839764041,-0.103661198359363));
#3165=CARTESIAN_POINT('Ctrl Pts',(1.3910524220471,5.61924026840616,-0.104013189988232));
#3166=CARTESIAN_POINT('Ctrl Pts',(1.41802869269188,5.57304900020299,-0.104365847116912));
#3167=CARTESIAN_POINT('Ctrl Pts',(1.44278189535204,5.5254520499626,-0.104718609428638));
#3168=CARTESIAN_POINT('Ctrl Pts',(1.46753509801219,5.47785509972221,-0.105071371740363));
#3169=CARTESIAN_POINT('Ctrl Pts',(1.49006823425306,5.42884232546079,-0.105425483608383));
#3170=CARTESIAN_POINT('Ctrl Pts',(1.51027445041716,5.37836445219085,-0.10578256218353));
#3171=CARTESIAN_POINT('Ctrl Pts',(1.53048066658125,5.3278865789209,-0.106139640758677));
#3172=CARTESIAN_POINT('Ctrl Pts',(1.54798415124338,5.2769062926452,-0.10649038175379));
#3173=CARTESIAN_POINT('Ctrl Pts',(1.56291089652393,5.22544513242685,-0.106832913277281));
#3174=CARTESIAN_POINT('Ctrl Pts',(1.57783764180448,5.17398397220851,-0.107175444800773));
#3175=CARTESIAN_POINT('Ctrl Pts',(1.59018790028246,5.12203833421899,-0.10750941430375));
#3176=CARTESIAN_POINT('Ctrl Pts',(1.59999735557156,5.06960577063221,-0.107834763440997));
#3177=CARTESIAN_POINT('Ctrl Pts',(1.60490208321611,5.04338948883882,-0.10799743800962));
#3178=CARTESIAN_POINT('Ctrl Pts',(1.60917025134353,5.01705126253621,-0.108157984982283));
#3179=CARTESIAN_POINT('Ctrl Pts',(1.61279825504562,4.99058963280767,-0.108316740397502));
#3180=CARTESIAN_POINT('Ctrl Pts',(1.61642625874771,4.96412800307913,-0.108475495812721));
#3181=CARTESIAN_POINT('Ctrl Pts',(1.61941412267659,4.93754297033179,-0.108632448879498));
#3182=CARTESIAN_POINT('Ctrl Pts',(1.62175310708991,4.91083236720529,-0.108788205954243));
#3183=CARTESIAN_POINT('Ctrl Pts',(1.62292259929657,4.89747706564205,-0.108866084491616));
#3184=CARTESIAN_POINT('Ctrl Pts',(1.62392979831053,4.88409036146946,-0.108943667824121));
#3185=CARTESIAN_POINT('Ctrl Pts',(1.62477311389328,4.87067191628767,-0.10902106332607));
#3186=CARTESIAN_POINT('Ctrl Pts',(1.62561642947603,4.85725347110588,-0.109098458828019));
#3187=CARTESIAN_POINT('Ctrl Pts',(1.62629586529811,4.84380328541187,-0.109175665984917));
#3188=CARTESIAN_POINT('Ctrl Pts',(1.62680950048925,4.83032097603274,-0.109252814632955));
#3189=CARTESIAN_POINT('Ctrl Pts',(1.62706631808482,4.82357982134318,-0.109291388956974));
#3190=CARTESIAN_POINT('Ctrl Pts',(1.62728168071925,4.81683063508409,-0.109329948977966));
#3191=CARTESIAN_POINT('Ctrl Pts',(1.6274553154742,4.81007336490681,-0.109368513306507));
#3192=CARTESIAN_POINT('Ctrl Pts',(1.62754213285167,4.80669472981817,-0.109387795470778));
#3193=CARTESIAN_POINT('Ctrl Pts',(1.62761851798592,4.80331407371307,-0.109407078730884));
#3194=CARTESIAN_POINT('Ctrl Pts',(1.62768443473328,4.79993138977204,-0.109426365563685));
#3195=CARTESIAN_POINT('Ctrl Pts',(1.62775035148064,4.79654870583101,-0.109445652396486));
#3196=CARTESIAN_POINT('Ctrl Pts',(1.62780553341558,4.79316256940548,-0.109465090384807));
#3197=CARTESIAN_POINT('Ctrl Pts',(1.62785074233491,4.78977724743977,-0.109484239357464));
#3198=CARTESIAN_POINT('Ctrl Pts',(1.62786204456474,4.78893091694834,-0.109489026600629));
#3199=CARTESIAN_POINT('Ctrl Pts',(1.6278725569516,4.78808374695341,-0.10949388802075));
#3200=CARTESIAN_POINT('Ctrl Pts',(1.62788247872279,4.7872368058312,-0.109498712971304));
#3201=CARTESIAN_POINT('Ctrl Pts',(1.62789240049399,4.786389864709,-0.109503537921858));
#3202=CARTESIAN_POINT('Ctrl Pts',(1.62790142513549,4.78554841380713,-0.109507756776219));
#3203=CARTESIAN_POINT('Ctrl Pts',(1.62791027175683,4.78469560048309,-0.109513189143954));
#3204=CARTESIAN_POINT('Ctrl Pts',(1.6279146950675,4.78426919382107,-0.109515905327822));
#3205=CARTESIAN_POINT('Ctrl Pts',(1.62791925888546,4.78383465149236,-0.109519496082655));
#3206=CARTESIAN_POINT('Ctrl Pts',(1.62792268838235,4.78342471119669,-0.1095204282681));
#3207=CARTESIAN_POINT('Ctrl Pts',(1.62792440313079,4.78321974104886,-0.109520894360823));
#3208=CARTESIAN_POINT('Ctrl Pts',(1.62792540365993,4.78303285472625,-0.109519409056086));
#3209=CARTESIAN_POINT('Ctrl Pts',(1.62792675247333,4.7828371540607,-0.109518874832409));
#3210=CARTESIAN_POINT('Ctrl Pts',(1.62792810128673,4.78264145339515,-0.109518340608732));
#3211=CARTESIAN_POINT('Ctrl Pts',(1.62792939324763,4.78244711747287,-0.109517659056261));
#3212=CARTESIAN_POINT('Ctrl Pts',(1.62793065046864,4.78225382891451,-0.109516864503125));
#3213=CARTESIAN_POINT('Ctrl Pts',(1.62793567935264,4.78148067468107,-0.109513686290583));
#3214=CARTESIAN_POINT('Ctrl Pts',(1.62794081819851,4.78070314190192,-0.109510979097737));
#3215=CARTESIAN_POINT('Ctrl Pts',(1.62794624796844,4.7799205288358,-0.109508821102353));
#3216=CARTESIAN_POINT('Ctrl Pts',(1.62795710750831,4.77835530270357,-0.109504505111587));
#3217=CARTESIAN_POINT('Ctrl Pts',(1.62796705639495,4.77680946314129,-0.109498092130253));
#3218=CARTESIAN_POINT('Ctrl Pts',(1.62797746940345,4.77525393109697,-0.109492724330109));
#3219=CARTESIAN_POINT('Ctrl Pts',(1.62798788241194,4.77369839905265,-0.109487356529966));
#3220=CARTESIAN_POINT('Ctrl Pts',(1.62799830127658,4.77214286754217,-0.109481986524635));
#3221=CARTESIAN_POINT('Ctrl Pts',(1.62800872597529,4.77058733656119,-0.109476614326734));
#3222=CARTESIAN_POINT('Ctrl Pts',(1.6280295753727,4.76747627459925,-0.109465869930934));
#3223=CARTESIAN_POINT('Ctrl Pts',(1.62805044810639,4.7643652147553,-0.10945511676486));
#3224=CARTESIAN_POINT('Ctrl Pts',(1.62807134399996,4.76125415699466,-0.109444354929322));
#3225=CARTESIAN_POINT('Ctrl Pts',(1.62809223989353,4.75814309923402,-0.109433593093785));
#3226=CARTESIAN_POINT('Ctrl Pts',(1.62811315894697,4.75503204355668,-0.109422822588776));
#3227=CARTESIAN_POINT('Ctrl Pts',(1.62813410098404,4.75192098992794,-0.109412043514937));
#3228=CARTESIAN_POINT('Ctrl Pts',(1.62813410098404,4.75192098992794,-0.109412043514938));
#3229=CARTESIAN_POINT('Ctrl Pts',(1.62813927050332,4.75115214778046,-0.10940935937949));
#3230=CARTESIAN_POINT('Ctrl Pts',(1.62814444154056,4.75038329384131,-0.109406674800107));
#3231=CARTESIAN_POINT('Ctrl Pts',(1.62814961409298,4.74961442812204,-0.109403989777707));
#3232=CARTESIAN_POINT('',(1.77119241111512,-4.75217074333386,-0.699999999999618));
#3233=CARTESIAN_POINT('Ctrl Pts',(1.77343885798102,4.75206533067491,-0.7));
#3234=CARTESIAN_POINT('Ctrl Pts',(1.77334235924451,4.76367317425731,-0.7));
#3235=CARTESIAN_POINT('Ctrl Pts',(1.77324630935964,4.77528000237669,-0.7));
#3236=CARTESIAN_POINT('Ctrl Pts',(1.7731507010762,4.78688785362553,-0.7));
#3237=CARTESIAN_POINT('Ctrl Pts',(1.77205377727691,4.92006594066345,-0.7));
#3238=CARTESIAN_POINT('Ctrl Pts',(1.75689527686103,5.05350956578439,-0.7));
#3239=CARTESIAN_POINT('Ctrl Pts',(1.72242700342837,5.1955539858826,-0.7));
#3240=CARTESIAN_POINT('Ctrl Pts',(1.70196602169139,5.27987408654409,-0.7));
#3241=CARTESIAN_POINT('Ctrl Pts',(1.67465137971474,5.36596061649572,-0.7));
#3242=CARTESIAN_POINT('Ctrl Pts',(1.63917667174197,5.45253235122094,-0.7));
#3243=CARTESIAN_POINT('Ctrl Pts',(1.59666090871547,5.55628692930501,-0.7));
#3244=CARTESIAN_POINT('Ctrl Pts',(1.54142323811258,5.66176788515167,-0.7));
#3245=CARTESIAN_POINT('Ctrl Pts',(1.47707973810727,5.75937193682031,-0.7));
#3246=CARTESIAN_POINT('Ctrl Pts',(1.41292100004512,5.8566957190873,-0.7));
#3247=CARTESIAN_POINT('Ctrl Pts',(1.33933415415171,5.94771731820099,-0.7));
#3248=CARTESIAN_POINT('Ctrl Pts',(1.25729077293889,6.03091611130841,-0.7));
#3249=CARTESIAN_POINT('Ctrl Pts',(1.17519644125765,6.11416657241655,-0.7));
#3250=CARTESIAN_POINT('Ctrl Pts',(1.08446469243198,6.18963484609823,-0.7));
#3251=CARTESIAN_POINT('Ctrl Pts',(0.987631760921285,6.25518239574057,-0.7));
#3252=CARTESIAN_POINT('Ctrl Pts',(0.890701129928208,6.32079607951281,-0.7));
#3253=CARTESIAN_POINT('Ctrl Pts',(0.787438184226879,6.37673836902107,-0.7));
#3254=CARTESIAN_POINT('Ctrl Pts',(0.6792841545858,6.42206151201495,-0.7));
#3255=CARTESIAN_POINT('Ctrl Pts',(0.571824971860384,6.46709347171938,-0.7));
#3256=CARTESIAN_POINT('Ctrl Pts',(0.459466356943313,6.5015645676236,-0.7));
#3257=CARTESIAN_POINT('Ctrl Pts',(0.345298312259439,6.52450034362563,-0.7));
#3258=CARTESIAN_POINT('Ctrl Pts',(0.231775688748969,6.54730645781642,-0.7));
#3259=CARTESIAN_POINT('Ctrl Pts',(0.116126632358187,6.55887103733122,-0.7));
#3260=CARTESIAN_POINT('Ctrl Pts',(-3.88578058618805E-16,6.55887103733122,
-0.7));
#3261=CARTESIAN_POINT('Ctrl Pts',(-0.115778969701917,6.55887103733121,-0.7));
#3262=CARTESIAN_POINT('Ctrl Pts',(-0.231955749258399,6.5472702845814,-0.7));
#3263=CARTESIAN_POINT('Ctrl Pts',(-0.345298312259436,6.52450034362563,-0.7));
#3264=CARTESIAN_POINT('Ctrl Pts',(-0.459585998812539,6.50154053218425,-0.7));
#3265=CARTESIAN_POINT('Ctrl Pts',(-0.571441596971238,6.46725412920926,-0.7));
#3266=CARTESIAN_POINT('Ctrl Pts',(-0.679284154585793,6.42206151201496,-0.7));
#3267=CARTESIAN_POINT('Ctrl Pts',(-0.787138150029032,6.37686410167198,-0.7));
#3268=CARTESIAN_POINT('Ctrl Pts',(-0.890879082311065,6.32067562108543,-0.7));
#3269=CARTESIAN_POINT('Ctrl Pts',(-0.987631760921295,6.25518239574057,-0.7));
#3270=CARTESIAN_POINT('Ctrl Pts',(-1.08452963216412,6.18959088749603,-0.7));
#3271=CARTESIAN_POINT('Ctrl Pts',(-1.17485017011242,6.11451772007704,-0.7));
#3272=CARTESIAN_POINT('Ctrl Pts',(-1.25729077293889,6.03091611130841,-0.7));
#3273=CARTESIAN_POINT('Ctrl Pts',(-1.33770974272861,5.94936460611032,-0.7));
#3274=CARTESIAN_POINT('Ctrl Pts',(-1.41090038568642,5.85976083286341,-0.7));
#3275=CARTESIAN_POINT('Ctrl Pts',(-1.47707973810728,5.75937193682031,-0.7));
#3276=CARTESIAN_POINT('Ctrl Pts',(-1.53885027449111,5.66567086951266,-0.7));
#3277=CARTESIAN_POINT('Ctrl Pts',(-1.59379078633813,5.56329111587284,-0.7));
#3278=CARTESIAN_POINT('Ctrl Pts',(-1.63917667174197,5.45253235122094,-0.7));
#3279=CARTESIAN_POINT('Ctrl Pts',(-1.67291193126446,5.37020553008098,-0.7));
#3280=CARTESIAN_POINT('Ctrl Pts',(-1.70118493098236,5.28141213232653,-0.7));
#3281=CARTESIAN_POINT('Ctrl Pts',(-1.72040582995443,5.20379855781739,-0.7));
#3282=CARTESIAN_POINT('Ctrl Pts',(-1.75820410829454,5.05116992704775,-0.7));
#3283=CARTESIAN_POINT('Ctrl Pts',(-1.77201867911583,4.92432722659201,-0.7));
#3284=CARTESIAN_POINT('Ctrl Pts',(-1.7731507010762,4.78688785362553,-0.7));
#3285=CARTESIAN_POINT('Ctrl Pts',(-1.77432822485307,4.64392408153287,-0.7));
#3286=CARTESIAN_POINT('Ctrl Pts',(-1.77574366590054,4.48141828147516,-0.7));
#3287=CARTESIAN_POINT('Ctrl Pts',(-1.77717769377628,4.32412882191718,-0.7));
#3288=CARTESIAN_POINT('Ctrl Pts',(-1.77945051276601,4.07483766334485,-0.7));
#3289=CARTESIAN_POINT('Ctrl Pts',(-1.78186259066082,3.82640385822514,-0.7));
#3290=CARTESIAN_POINT('Ctrl Pts',(-1.78429570530646,3.5796841669933,-0.7));
#3291=CARTESIAN_POINT('Ctrl Pts',(-1.78827445283312,3.17623611614902,-0.7));
#3292=CARTESIAN_POINT('Ctrl Pts',(-1.79227086151875,2.78138859238155,-0.7));
#3293=CARTESIAN_POINT('Ctrl Pts',(-1.79591809173326,2.38230046205022,-0.7));
#3294=CARTESIAN_POINT('Ctrl Pts',(-1.79952916101433,1.98716914235781,-0.7));
#3295=CARTESIAN_POINT('Ctrl Pts',(-1.80278663262165,1.5883911623455,-0.7));
#3296=CARTESIAN_POINT('Ctrl Pts',(-1.80512477039871,1.18997755111893,-0.7));
#3297=CARTESIAN_POINT('Ctrl Pts',(-1.80749321782235,0.786399241784708,-0.7));
#3298=CARTESIAN_POINT('Ctrl Pts',(-1.80887103733122,0.377811485633882,-0.7));
#3299=CARTESIAN_POINT('Ctrl Pts',(-1.80887103733122,8.32667268468867E-16,
-0.7));
#3300=CARTESIAN_POINT('Ctrl Pts',(-1.80887103733122,-0.41599997771644,-0.7));
#3301=CARTESIAN_POINT('Ctrl Pts',(-1.80748122536969,-0.805034611647682,
-0.7));
#3302=CARTESIAN_POINT('Ctrl Pts',(-1.80536980521814,-1.18995581474984,-0.7));
#3303=CARTESIAN_POINT('Ctrl Pts',(-1.80321055454586,-1.5835967326694,-0.7));
#3304=CARTESIAN_POINT('Ctrl Pts',(-1.80026071522782,-1.97293650230871,-0.7));
#3305=CARTESIAN_POINT('Ctrl Pts',(-1.79675992792299,-2.38241270969397,-0.7));
#3306=CARTESIAN_POINT('Ctrl Pts',(-1.79354615699456,-2.75831750384011,-0.7));
#3307=CARTESIAN_POINT('Ctrl Pts',(-1.78983961745156,-3.15119167951309,-0.7));
#3308=CARTESIAN_POINT('Ctrl Pts',(-1.78587827434252,-3.57994076665837,-0.7));
#3309=CARTESIAN_POINT('Ctrl Pts',(-1.78411196500605,-3.77111418809114,-0.7));
#3310=CARTESIAN_POINT('Ctrl Pts',(-1.7822733889768,-3.97229400607619,-0.7));
#3311=CARTESIAN_POINT('Ctrl Pts',(-1.78050153279992,-4.17470462006975,-0.7));
#3312=CARTESIAN_POINT('Ctrl Pts',(-1.77925887296833,-4.31666170596777,-0.7));
#3313=CARTESIAN_POINT('Ctrl Pts',(-1.77805403272355,-4.4586247040242,-0.7));
#3314=CARTESIAN_POINT('Ctrl Pts',(-1.77690417492303,-4.60067124147189,-0.7));
#3315=CARTESIAN_POINT('Ctrl Pts',(-1.77641449904381,-4.66116286320494,-0.7));
#3316=CARTESIAN_POINT('Ctrl Pts',(-1.77593890022515,-4.7210556680989,-0.7));
#3317=CARTESIAN_POINT('Ctrl Pts',(-1.77542909336426,-4.78700887197091,-0.7));
#3318=CARTESIAN_POINT('Ctrl Pts',(-1.77463939317727,-4.88917159559161,-0.7));
#3319=CARTESIAN_POINT('Ctrl Pts',(-1.76548123941268,-5.00265844889842,-0.7));
#3320=CARTESIAN_POINT('Ctrl Pts',(-1.73927897418005,-5.1312775630625,-0.7));
#3321=CARTESIAN_POINT('Ctrl Pts',(-1.72215111399552,-5.2153531261828,-0.7));
#3322=CARTESIAN_POINT('Ctrl Pts',(-1.69766762421248,-5.30608698366027,-0.7));
#3323=CARTESIAN_POINT('Ctrl Pts',(-1.66075093165458,-5.40431740376978,-0.7));
#3324=CARTESIAN_POINT('Ctrl Pts',(-1.65497570272036,-5.41968452159993,-0.7));
#3325=CARTESIAN_POINT('Ctrl Pts',(-1.64886231346955,-5.43529956929471,-0.7));
#3326=CARTESIAN_POINT('Ctrl Pts',(-1.64247828762829,-5.45093307213406,-0.7));
#3327=CARTESIAN_POINT('Ctrl Pts',(-1.60461767467474,-5.5436479224223,-0.7));
#3328=CARTESIAN_POINT('Ctrl Pts',(-1.56292269887376,-5.62830686599311,-0.7));
#3329=CARTESIAN_POINT('Ctrl Pts',(-1.49882248055592,-5.72989964819919,-0.7));
#3330=CARTESIAN_POINT('Ctrl Pts',(-1.43990369762019,-5.82328034548415,-0.7));
#3331=CARTESIAN_POINT('Ctrl Pts',(-1.36313513854743,-5.926115067039,-0.7));
#3332=CARTESIAN_POINT('Ctrl Pts',(-1.26325894795171,-6.0279130815768,-0.7));
#3333=CARTESIAN_POINT('Ctrl Pts',(-1.16231172547819,-6.13080273685517,-0.7));
#3334=CARTESIAN_POINT('Ctrl Pts',(-1.03790346269631,-6.23383874867822,-0.7));
#3335=CARTESIAN_POINT('Ctrl Pts',(-0.876892512572735,-6.32604512543924,
-0.7));
#3336=CARTESIAN_POINT('Ctrl Pts',(-0.818632137518839,-6.35940917979911,
-0.7));
#3337=CARTESIAN_POINT('Ctrl Pts',(-0.755950283534033,-6.39093947396133,
-0.7));
#3338=CARTESIAN_POINT('Ctrl Pts',(-0.688766139990743,-6.41941325859433,
-0.7));
#3339=CARTESIAN_POINT('Ctrl Pts',(-0.587664889988709,-6.46226169078176,
-0.7));
#3340=CARTESIAN_POINT('Ctrl Pts',(-0.47561861474532,-6.49831764243151,-0.7));
#3341=CARTESIAN_POINT('Ctrl Pts',(-0.356133186123754,-6.52284534616416,
-0.7));
#3342=CARTESIAN_POINT('Ctrl Pts',(-0.247131719855438,-6.54522092536153,
-0.7));
#3343=CARTESIAN_POINT('Ctrl Pts',(-0.131868029615738,-6.55816135022118,
-0.7));
#3344=CARTESIAN_POINT('Ctrl Pts',(-0.0119173275925145,-6.55874038378841,
-0.7));
#3345=CARTESIAN_POINT('Ctrl Pts',(0.101104381785337,-6.55928596928688,-0.7));
#3346=CARTESIAN_POINT('Ctrl Pts',(0.219646679668058,-6.54840870023862,-0.7));
#3347=CARTESIAN_POINT('Ctrl Pts',(0.334387144769444,-6.52588428844278,-0.7));
#3348=CARTESIAN_POINT('Ctrl Pts',(0.449262255927605,-6.50333344461857,-0.7));
#3349=CARTESIAN_POINT('Ctrl Pts',(0.561600719862116,-6.4693822022472,-0.7));
#3350=CARTESIAN_POINT('Ctrl Pts',(0.669849136519858,-6.42451619704723,-0.7));
#3351=CARTESIAN_POINT('Ctrl Pts',(0.77819589060079,-6.37960943367751,-0.7));
#3352=CARTESIAN_POINT('Ctrl Pts',(0.882584721769397,-6.32357082133956,-0.7));
#3353=CARTESIAN_POINT('Ctrl Pts',(0.979934163116149,-6.25814410039806,-0.7));
#3354=CARTESIAN_POINT('Ctrl Pts',(1.07748889876437,-6.19257940503382,-0.7));
#3355=CARTESIAN_POINT('Ctrl Pts',(1.16838231193222,-6.11747450946309,-0.7));
#3356=CARTESIAN_POINT('Ctrl Pts',(1.25133738671436,-6.03380194485764,-0.7));
#3357=CARTESIAN_POINT('Ctrl Pts',(1.33236221722322,-5.95207631947302,-0.7));
#3358=CARTESIAN_POINT('Ctrl Pts',(1.40597600905131,-5.8623833970862,-0.7));
#3359=CARTESIAN_POINT('Ctrl Pts',(1.47264160593816,-5.76170585408083,-0.7));
#3360=CARTESIAN_POINT('Ctrl Pts',(1.53478365358397,-5.66785971804575,-0.7));
#3361=CARTESIAN_POINT('Ctrl Pts',(1.590125330945,-5.56520666677794,-0.7));
#3362=CARTESIAN_POINT('Ctrl Pts',(1.6358755692093,-5.45401933618697,-0.7));
#3363=CARTESIAN_POINT('Ctrl Pts',(1.70478791316402,-5.28654087356501,-0.7));
#3364=CARTESIAN_POINT('Ctrl Pts',(1.75008435395112,-5.10054769883124,-0.7));
#3365=CARTESIAN_POINT('Ctrl Pts',(1.76511821883023,-4.91511139662938,-0.7));
#3366=CARTESIAN_POINT('Ctrl Pts',(1.76858379471307,-4.87236499828932,-0.7));
#3367=CARTESIAN_POINT('Ctrl Pts',(1.77051546449733,-4.82949657957122,-0.7));
#3368=CARTESIAN_POINT('Ctrl Pts',(1.77089010487654,-4.78661385952928,-0.7));
#3369=CARTESIAN_POINT('Ctrl Pts',(1.77099041076457,-4.77513247750616,-0.7));
#3370=CARTESIAN_POINT('Ctrl Pts',(1.77109117681219,-4.76365211743105,-0.7));
#3371=CARTESIAN_POINT('Ctrl Pts',(1.77119241111488,-4.75217074337151,-0.7));
#3372=CARTESIAN_POINT('Ctrl Pts',(1.77119241111488,-4.75217074337151,-0.7));
#3373=CARTESIAN_POINT('Ctrl Pts',(1.78586337837857,-3.08827956730029,-0.7));
#3374=CARTESIAN_POINT('Ctrl Pts',(1.80887022014377,-1.57315511610535,-0.7));
#3375=CARTESIAN_POINT('Ctrl Pts',(1.80887103732417,-5.42350971280969E-5,
-0.7));
#3376=CARTESIAN_POINT('Ctrl Pts',(1.80887103733121,-2.71175565088476E-5,
-0.7));
#3377=CARTESIAN_POINT('Ctrl Pts',(1.80887103733121,4.40247439216279E-16,
-0.7));
#3378=CARTESIAN_POINT('Origin',(-1.74512168878498E-15,-4.75,-0.7));
#3379=CARTESIAN_POINT('',(2.025,4.75,-0.7));
#3380=CARTESIAN_POINT('',(-2.02500000000001,4.75,-0.7));
#3381=CARTESIAN_POINT('Origin',(-1.74512168878498E-15,4.75,-0.7));
#3382=CARTESIAN_POINT('',(-2.02500000000001,-4.75,-0.7));
#3383=CARTESIAN_POINT('',(-2.025,4.75,-0.7));
#3384=CARTESIAN_POINT('',(2.025,-4.75,-0.7));
#3385=CARTESIAN_POINT('Origin',(-1.74512168878498E-15,-4.75,-0.7));
#3386=CARTESIAN_POINT('',(2.025,-4.75,-0.7));
#3387=CARTESIAN_POINT('Origin',(-1.74512168878498E-15,-4.75,-2.75));
#3388=CARTESIAN_POINT('',(2.325,-4.75,-2.75));
#3389=CARTESIAN_POINT('',(2.325,-4.75,-2.75));
#3390=CARTESIAN_POINT('Origin',(-1.74512168878498E-15,-4.75,-1.21961524227066));
#3391=CARTESIAN_POINT('',(-2.325,-4.75,-2.75));
#3392=CARTESIAN_POINT('',(-2.325,-4.75,-2.45));
#3393=CARTESIAN_POINT('Origin',(-1.74512168878498E-15,-4.75,-2.75));
#3394=CARTESIAN_POINT('Origin',(-1.74512168878498E-15,4.75,-2.75));
#3395=CARTESIAN_POINT('',(-2.325,4.75,-2.75));
#3396=CARTESIAN_POINT('Origin',(-1.74512168878498E-15,4.75,-1.21961524227066));
#3397=CARTESIAN_POINT('',(2.325,4.75,-2.75));
#3398=CARTESIAN_POINT('Origin',(-1.74512168878498E-15,-4.75,-2.75));
#3399=CARTESIAN_POINT('',(-2.02500000000001,-4.75,-2.75));
#3400=CARTESIAN_POINT('',(-2.02500000000001,-4.75,-2.75));
#3401=CARTESIAN_POINT('',(2.025,-4.75,-2.75));
#3402=CARTESIAN_POINT('Origin',(-1.74512168878498E-15,-4.75,-2.75));
#3403=CARTESIAN_POINT('',(2.025,-4.75,-2.75));
#3404=CARTESIAN_POINT('Ctrl Pts',(1.28,-8.67361737988404E-17,0.));
#3405=CARTESIAN_POINT('Ctrl Pts',(1.44458116696345,3.15216479543834E-17,
-0.30737672796839));
#3406=CARTESIAN_POINT('Ctrl Pts',(1.52885612198954,3.15216479543834E-17,
-0.651356136238126));
#3407=CARTESIAN_POINT('Ctrl Pts',(1.525,4.33680868994202E-17,-1.));
#3408=CARTESIAN_POINT('Ctrl Pts',(1.28,-0.395833333333333,0.));
#3409=CARTESIAN_POINT('Ctrl Pts',(1.44458116696345,-0.395833333333333,-0.30737672796839));
#3410=CARTESIAN_POINT('Ctrl Pts',(1.52885612198954,-0.395833333333333,-0.651356136238126));
#3411=CARTESIAN_POINT('Ctrl Pts',(1.525,-0.395833333333333,-1.));
#3412=CARTESIAN_POINT('Ctrl Pts',(1.28,-1.19315543959938,0.));
#3413=CARTESIAN_POINT('Ctrl Pts',(1.43941782295512,-1.19420777655953,-0.307376278928073));
#3414=CARTESIAN_POINT('Ctrl Pts',(1.52353461337033,-1.19061874862896,-0.651355736305975));
#3415=CARTESIAN_POINT('Ctrl Pts',(1.525,-1.18193181651728,-1.));
#3416=CARTESIAN_POINT('Ctrl Pts',(1.28,-2.39344630018196,0.));
#3417=CARTESIAN_POINT('Ctrl Pts',(1.42147422651867,-2.40275394656272,-0.307374718431466));
#3418=CARTESIAN_POINT('Ctrl Pts',(1.5050413296853,-2.3912734265521,-0.651354346469152));
#3419=CARTESIAN_POINT('Ctrl Pts',(1.525,-2.35696164432528,-0.999999999999998));
#3420=CARTESIAN_POINT('Ctrl Pts',(1.28,-3.58487000204443,0.));
#3421=CARTESIAN_POINT('Ctrl Pts',(1.3986235012593,-3.6126456087602,-0.307372731183553));
#3422=CARTESIAN_POINT('Ctrl Pts',(1.4814905303455,-3.59904083392683,-0.651352576551611));
#3423=CARTESIAN_POINT('Ctrl Pts',(1.525,-3.53999214785867,-1.));
#3424=CARTESIAN_POINT('Ctrl Pts',(1.28,-4.36508846101068,0.));
#3425=CARTESIAN_POINT('Ctrl Pts',(1.38364589960513,-4.41430854039548,-0.307371428640621));
#3426=CARTESIAN_POINT('Ctrl Pts',(1.46605399041674,-4.40861604602624,-0.65135141645801));
#3427=CARTESIAN_POINT('Ctrl Pts',(1.525,-4.34262315427409,-1.));
#3428=CARTESIAN_POINT('Ctrl Pts',(1.28,-4.92847340137421,0.));
#3429=CARTESIAN_POINT('Ctrl Pts',(1.3740693183047,-4.99761186853613,-0.307370595807669));
#3430=CARTESIAN_POINT('Ctrl Pts',(1.45618391942533,-5.00316224784251,-0.651350674705739));
#3431=CARTESIAN_POINT('Ctrl Pts',(1.525,-4.9388899758211,-1.));
#3432=CARTESIAN_POINT('Ctrl Pts',(1.22404254089502,-5.18630911762866,0.));
#3433=CARTESIAN_POINT('Ctrl Pts',(1.31467685222064,-5.27067515510703,-0.307370226592026));
#3434=CARTESIAN_POINT('Ctrl Pts',(1.39747187344693,-5.28760119071828,-0.651350345868435));
#3435=CARTESIAN_POINT('Ctrl Pts',(1.47147417231174,-5.23047728019898,-0.999999999999998));
#3436=CARTESIAN_POINT('Ctrl Pts',(1.06081216712892,-5.48066054364623,0.));
#3437=CARTESIAN_POINT('Ctrl Pts',(1.13935554670159,-5.59041630092595,-0.307369810304027));
#3438=CARTESIAN_POINT('Ctrl Pts',(1.21469975291482,-5.62837345552173,-0.651349975106727));
#3439=CARTESIAN_POINT('Ctrl Pts',(1.28633159337341,-5.58749882433909,-1.));
#3440=CARTESIAN_POINT('Ctrl Pts',(0.900094950140733,-5.67129636382686,0.));
#3441=CARTESIAN_POINT('Ctrl Pts',(0.965451379306965,-5.79985556942463,-0.307369541822084));
#3442=CARTESIAN_POINT('Ctrl Pts',(1.03060124631255,-5.85379492021159,-0.651349735986636));
#3443=CARTESIAN_POINT('Ctrl Pts',(1.09531535322217,-5.82580826847729,-0.999999999999999));
#3444=CARTESIAN_POINT('Ctrl Pts',(0.70709907397173,-5.82639144983655,0.));
#3445=CARTESIAN_POINT('Ctrl Pts',(0.755295678416467,-5.97135965141245,-0.307369322808494));
#3446=CARTESIAN_POINT('Ctrl Pts',(0.805726938873638,-6.03939350075605,-0.651349540924917));
#3447=CARTESIAN_POINT('Ctrl Pts',(0.858395408453496,-6.02296418011053,-1.));
#3448=CARTESIAN_POINT('Ctrl Pts',(0.488363042252041,-5.94181320738708,0.));
#3449=CARTESIAN_POINT('Ctrl Pts',(0.516948038562012,-6.09875498970764,-0.30736915899755));
#3450=CARTESIAN_POINT('Ctrl Pts',(0.549593599362184,-6.1770137332996,-0.651349395028745));
#3451=CARTESIAN_POINT('Ctrl Pts',(0.586475727420136,-6.16889407499138,-1.));
#3452=CARTESIAN_POINT('Ctrl Pts',(0.250425358611797,-6.0134290421902,0.));
#3453=CARTESIAN_POINT('Ctrl Pts',(0.259013340741563,-6.17706874033592,-0.307369056123548));
#3454=CARTESIAN_POINT('Ctrl Pts',(0.272808569474396,-6.26090158040162,-0.651349303405299));
#3455=CARTESIAN_POINT('Ctrl Pts',(0.292096137872984,-6.25712760849475,-1.));
#3456=CARTESIAN_POINT('Ctrl Pts',(0.0839562610391292,-6.03,0.));
#3457=CARTESIAN_POINT('Ctrl Pts',(0.0804864650614469,-6.19457748474616,
-0.307369031988371));
#3458=CARTESIAN_POINT('Ctrl Pts',(0.0824929417390799,-6.2790548474211,-0.651349281909605));
#3459=CARTESIAN_POINT('Ctrl Pts',(0.0902865661073385,-6.27560759682223,
-1.));
#3460=CARTESIAN_POINT('Ctrl Pts',(-0.0835953460621328,-6.03,0.));
#3461=CARTESIAN_POINT('Ctrl Pts',(-0.0977540298362933,-6.19419811591969,
-0.307369031988371));
#3462=CARTESIAN_POINT('Ctrl Pts',(-0.106436434817474,-6.27825060366095,
-0.651349281909605));
#3463=CARTESIAN_POINT('Ctrl Pts',(-0.109331396391552,-6.27433297298177,
-1.));
#3464=CARTESIAN_POINT('Ctrl Pts',(-0.249605546617896,-6.01355291294555,
0.));
#3465=CARTESIAN_POINT('Ctrl Pts',(-0.275468009612317,-6.17601344333193,
-0.307369055981793));
#3466=CARTESIAN_POINT('Ctrl Pts',(-0.295620894143337,-6.25853631880636,
-0.651349303279047));
#3467=CARTESIAN_POINT('Ctrl Pts',(-0.30972934387206,-6.25332144408322,-1.));
#3468=CARTESIAN_POINT('Ctrl Pts',(-0.566707855660081,-5.91842467454071,
0.));
#3469=CARTESIAN_POINT('Ctrl Pts',(-0.617693744303595,-6.07099097198962,
-0.307369192363853));
#3470=CARTESIAN_POINT('Ctrl Pts',(-0.661643968160487,-6.14496933758084,
-0.651349424746024));
#3471=CARTESIAN_POINT('Ctrl Pts',(-0.698090070070052,-6.13269833693685,
-0.999999999999996));
#3472=CARTESIAN_POINT('Ctrl Pts',(-0.915996583466063,-5.68948978833318,
0.));
#3473=CARTESIAN_POINT('Ctrl Pts',(-0.996144509822488,-5.81710125474939,
-0.307369514372848));
#3474=CARTESIAN_POINT('Ctrl Pts',(-1.06612578889916,-5.86941324494705,-0.651349711539318));
#3475=CARTESIAN_POINT('Ctrl Pts',(-1.12515716813512,-5.83909171193194,-1.));
#3476=CARTESIAN_POINT('Ctrl Pts',(-1.20571376894284,-5.2717846273528,0.));
#3477=CARTESIAN_POINT('Ctrl Pts',(-1.3049642643611,-5.3606144530507,-0.307370097763102));
#3478=CARTESIAN_POINT('Ctrl Pts',(-1.38837565737443,-5.38017453891155,-0.651350231128562));
#3479=CARTESIAN_POINT('Ctrl Pts',(-1.45459483218481,-5.3237239708206,-0.999999999999998));
#3480=CARTESIAN_POINT('Ctrl Pts',(-1.28,-4.92794850587798,0.));
#3481=CARTESIAN_POINT('Ctrl Pts',(-1.38288001520476,-4.99750040143478,-0.307370587695722));
#3482=CARTESIAN_POINT('Ctrl Pts',(-1.46515718930494,-5.00287244561887,-0.651350667480934));
#3483=CARTESIAN_POINT('Ctrl Pts',(-1.525,-4.93782183826301,-1.));
#3484=CARTESIAN_POINT('Ctrl Pts',(-1.28,-4.36456356551104,0.));
#3485=CARTESIAN_POINT('Ctrl Pts',(-1.39123567641847,-4.41476224067726,-0.307371419211664));
#3486=CARTESIAN_POINT('Ctrl Pts',(-1.47378347381347,-4.40943282827999,-0.651351408060227));
#3487=CARTESIAN_POINT('Ctrl Pts',(-1.525,-4.34317792920521,-1.));
#3488=CARTESIAN_POINT('Ctrl Pts',(-1.28,-3.58377067818363,0.));
#3489=CARTESIAN_POINT('Ctrl Pts',(-1.40433489777536,-3.61281513953012,-0.30737272279249));
#3490=CARTESIAN_POINT('Ctrl Pts',(-1.4873068783444,-3.59993145821737,-0.651352569078215));
#3491=CARTESIAN_POINT('Ctrl Pts',(-1.52500000000001,-3.54104758309794,-1.));
#3492=CARTESIAN_POINT('Ctrl Pts',(-1.28,-2.39252660873182,0.));
#3493=CARTESIAN_POINT('Ctrl Pts',(-1.42433945672973,-2.40273782016267,-0.307374713576262));
#3494=CARTESIAN_POINT('Ctrl Pts',(-1.50795912141042,-2.39184392177059,-0.651354342144927));
#3495=CARTESIAN_POINT('Ctrl Pts',(-1.525,-2.3577968870759,-1.));
#3496=CARTESIAN_POINT('Ctrl Pts',(-1.28,-1.19287445712225,0.));
#3497=CARTESIAN_POINT('Ctrl Pts',(-1.44005665899159,-1.19418706187652,-0.307376277702544));
#3498=CARTESIAN_POINT('Ctrl Pts',(-1.52418514880384,-1.1907783003383,-0.651355735214472));
#3499=CARTESIAN_POINT('Ctrl Pts',(-1.525,-1.18219038864409,-0.999999999999999));
#3500=CARTESIAN_POINT('Ctrl Pts',(-1.28,-0.395833333333333,0.));
#3501=CARTESIAN_POINT('Ctrl Pts',(-1.44458116696346,-0.395833333333333,
-0.30737672796839));
#3502=CARTESIAN_POINT('Ctrl Pts',(-1.52885612198954,-0.395833333333333,
-0.651356136238126));
#3503=CARTESIAN_POINT('Ctrl Pts',(-1.525,-0.395833333333333,-1.));
#3504=CARTESIAN_POINT('Ctrl Pts',(-1.28,0.395833333333333,0.));
#3505=CARTESIAN_POINT('Ctrl Pts',(-1.44458116696346,0.395833333333333,-0.30737672796839));
#3506=CARTESIAN_POINT('Ctrl Pts',(-1.52885612198954,0.395833333333333,-0.651356136238126));
#3507=CARTESIAN_POINT('Ctrl Pts',(-1.525,0.395833333333333,-1.));
#3508=CARTESIAN_POINT('Ctrl Pts',(-1.28,1.19301492430396,0.));
#3509=CARTESIAN_POINT('Ctrl Pts',(-1.43973672758684,1.19420802357354,-0.30737672796839));
#3510=CARTESIAN_POINT('Ctrl Pts',(-1.52385928834186,1.19070907773758,-0.651356136238126));
#3511=CARTESIAN_POINT('Ctrl Pts',(-1.525,1.18206090398286,-1.));
#3512=CARTESIAN_POINT('Ctrl Pts',(-1.28,2.39298633277472,0.));
#3513=CARTESIAN_POINT('Ctrl Pts',(-1.42290480426884,2.40279345027735,-0.30737672796839));
#3514=CARTESIAN_POINT('Ctrl Pts',(-1.5064978736864,2.39160609069389,-0.651356136238126));
#3515=CARTESIAN_POINT('Ctrl Pts',(-1.525,2.35737859719876,-0.999999999999999));
#3516=CARTESIAN_POINT('Ctrl Pts',(-1.28000000000001,3.58432040695629,0.));
#3517=CARTESIAN_POINT('Ctrl Pts',(-1.40147567057451,3.61282549340327,-0.307376727968391));
#3518=CARTESIAN_POINT('Ctrl Pts',(-1.48439463160611,3.59958107745578,-0.651356136238127));
#3519=CARTESIAN_POINT('Ctrl Pts',(-1.525,3.54051917713037,-1.));
#3520=CARTESIAN_POINT('Ctrl Pts',(-1.28,4.36482619208607,0.));
#3521=CARTESIAN_POINT('Ctrl Pts',(-1.38743681044524,4.41466193548723,-0.307376727968391));
#3522=CARTESIAN_POINT('Ctrl Pts',(-1.46991414310878,4.40915094473272,-0.651356136238127));
#3523=CARTESIAN_POINT('Ctrl Pts',(-1.525,4.3429003527349,-1.));
#3524=CARTESIAN_POINT('Ctrl Pts',(-1.28,4.92821113245131,0.));
#3525=CARTESIAN_POINT('Ctrl Pts',(-1.37847116412893,4.99770266381524,-0.307376727968391));
#3526=CARTESIAN_POINT('Ctrl Pts',(-1.46066645938239,5.00316385211727,-0.651356136238127));
#3527=CARTESIAN_POINT('Ctrl Pts',(-1.525,4.93835571803952,-1.));
#3528=CARTESIAN_POINT('Ctrl Pts',(-1.22416363372303,5.18606813636923,0.));
#3529=CARTESIAN_POINT('Ctrl Pts',(-1.31954292095036,5.27040069061889,-0.30737672796839));
#3530=CARTESIAN_POINT('Ctrl Pts',(-1.4024898295301,5.28685941157875,-0.651356136238126));
#3531=CARTESIAN_POINT('Ctrl Pts',(-1.47179297514751,5.22883081848534,-0.999999999999998));
#3532=CARTESIAN_POINT('Ctrl Pts',(-1.06083363933407,5.48064893436739,0.));
#3533=CARTESIAN_POINT('Ctrl Pts',(-1.14497194587258,5.58982004023004,-0.307376727968392));
#3534=CARTESIAN_POINT('Ctrl Pts',(-1.22101076258696,5.62678442397945,-0.651356136238129));
#3535=CARTESIAN_POINT('Ctrl Pts',(-1.28816089255773,5.58450641745685,-1.));
#3536=CARTESIAN_POINT('Ctrl Pts',(-0.899956841645055,5.67145606401914,0.));
#3537=CARTESIAN_POINT('Ctrl Pts',(-0.971695037809674,5.7991300025707,-0.30737672796839));
#3538=CARTESIAN_POINT('Ctrl Pts',(-1.03812795539534,5.85180300776385,-0.651356136238125));
#3539=CARTESIAN_POINT('Ctrl Pts',(-1.09873865943423,5.82216714948814,-0.999999999999997));
#3540=CARTESIAN_POINT('Ctrl Pts',(-0.706762193171314,5.82662052625672,0.));
#3541=CARTESIAN_POINT('Ctrl Pts',(-0.762205383056801,5.97061703631556,-0.307376727968391));
#3542=CARTESIAN_POINT('Ctrl Pts',(-0.814622477270543,6.03733343010877,-0.651356136238126));
#3543=CARTESIAN_POINT('Ctrl Pts',(-0.863718619539604,6.01923969883105,-1.));
#3544=CARTESIAN_POINT('Ctrl Pts',(-0.487898822983494,5.94200968738198,0.));
#3545=CARTESIAN_POINT('Ctrl Pts',(-0.524533903902136,6.09815286284969,-0.307376727968391));
#3546=CARTESIAN_POINT('Ctrl Pts',(-0.559847470752738,6.17531134044806,-0.651356136238128));
#3547=CARTESIAN_POINT('Ctrl Pts',(-0.593710758038438,6.16578902059572,-1.));
#3548=CARTESIAN_POINT('Ctrl Pts',(-0.250015860152248,6.0134909136968,0.));
#3549=CARTESIAN_POINT('Ctrl Pts',(-0.267250133699079,6.17675507282969,-0.307376727968391));
#3550=CARTESIAN_POINT('Ctrl Pts',(-0.284233300512532,6.25996412675859,-0.651356136238126));
#3551=CARTESIAN_POINT('Ctrl Pts',(-0.300940893290992,6.25531767770686,-0.999999999999999));
#3552=CARTESIAN_POINT('Ctrl Pts',(-0.0837758035506305,6.03,0.));
#3553=CARTESIAN_POINT('Ctrl Pts',(-0.0891208743500848,6.19458116696345,
-0.307376727968391));
#3554=CARTESIAN_POINT('Ctrl Pts',(-0.0944659451495392,6.27885612198954,
-0.651356136238127));
#3555=CARTESIAN_POINT('Ctrl Pts',(-0.0998110159489935,6.275,-1.));
#3556=CARTESIAN_POINT('Ctrl Pts',(0.0837758035506306,6.03,0.));
#3557=CARTESIAN_POINT('Ctrl Pts',(0.0891208743500848,6.19458116696345,-0.307376727968391));
#3558=CARTESIAN_POINT('Ctrl Pts',(0.0944659451495392,6.27885612198954,-0.651356136238127));
#3559=CARTESIAN_POINT('Ctrl Pts',(0.0998110159489935,6.275,-1.));
#3560=CARTESIAN_POINT('Ctrl Pts',(0.250015860152247,6.0134909136968,0.));
#3561=CARTESIAN_POINT('Ctrl Pts',(0.267250133699079,6.1767550728297,-0.307376727968391));
#3562=CARTESIAN_POINT('Ctrl Pts',(0.284233300512531,6.25996412675861,-0.651356136238128));
#3563=CARTESIAN_POINT('Ctrl Pts',(0.300940893290992,6.25531767770689,-1.));
#3564=CARTESIAN_POINT('Ctrl Pts',(0.487898822983493,5.94200968738198,0.));
#3565=CARTESIAN_POINT('Ctrl Pts',(0.524533903902134,6.09815286284968,-0.30737672796839));
#3566=CARTESIAN_POINT('Ctrl Pts',(0.559847470752738,6.17531134044805,-0.651356136238126));
#3567=CARTESIAN_POINT('Ctrl Pts',(0.593710758038438,6.16578902059569,-0.999999999999999));
#3568=CARTESIAN_POINT('Ctrl Pts',(0.706762193171313,5.82662052625672,0.));
#3569=CARTESIAN_POINT('Ctrl Pts',(0.762205383056798,5.97061703631556,-0.307376727968391));
#3570=CARTESIAN_POINT('Ctrl Pts',(0.814622477270537,6.03733343010878,-0.651356136238127));
#3571=CARTESIAN_POINT('Ctrl Pts',(0.863718619539597,6.01923969883105,-1.));
#3572=CARTESIAN_POINT('Ctrl Pts',(0.899956841645053,5.67145606401915,0.));
#3573=CARTESIAN_POINT('Ctrl Pts',(0.971695037809673,5.7991300025707,-0.307376727968391));
#3574=CARTESIAN_POINT('Ctrl Pts',(1.03812795539534,5.85180300776385,-0.651356136238127));
#3575=CARTESIAN_POINT('Ctrl Pts',(1.09873865943423,5.82216714948814,-1.));
#3576=CARTESIAN_POINT('Ctrl Pts',(1.06083363933406,5.48064893436738,0.));
#3577=CARTESIAN_POINT('Ctrl Pts',(1.14497194587257,5.58982004023003,-0.307376727968391));
#3578=CARTESIAN_POINT('Ctrl Pts',(1.22101076258695,5.62678442397944,-0.651356136238126));
#3579=CARTESIAN_POINT('Ctrl Pts',(1.28816089255772,5.58450641745684,-0.999999999999999));
#3580=CARTESIAN_POINT('Ctrl Pts',(1.22416363372303,5.18606813636922,0.));
#3581=CARTESIAN_POINT('Ctrl Pts',(1.31954292095035,5.27040069061888,-0.307376727968391));
#3582=CARTESIAN_POINT('Ctrl Pts',(1.4024898295301,5.28685941157875,-0.651356136238127));
#3583=CARTESIAN_POINT('Ctrl Pts',(1.47179297514751,5.22883081848533,-1.));
#3584=CARTESIAN_POINT('Ctrl Pts',(1.28,4.92821113245131,0.));
#3585=CARTESIAN_POINT('Ctrl Pts',(1.37847116412893,4.99770266381524,-0.307376727968391));
#3586=CARTESIAN_POINT('Ctrl Pts',(1.46066645938239,5.00316385211727,-0.651356136238127));
#3587=CARTESIAN_POINT('Ctrl Pts',(1.525,4.93835571803952,-1.));
#3588=CARTESIAN_POINT('Ctrl Pts',(1.28,4.36482619208607,0.));
#3589=CARTESIAN_POINT('Ctrl Pts',(1.38743681044523,4.41466193548723,-0.307376727968391));
#3590=CARTESIAN_POINT('Ctrl Pts',(1.46991414310877,4.40915094473272,-0.651356136238127));
#3591=CARTESIAN_POINT('Ctrl Pts',(1.525,4.3429003527349,-1.));
#3592=CARTESIAN_POINT('Ctrl Pts',(1.28,3.58432040695629,0.));
#3593=CARTESIAN_POINT('Ctrl Pts',(1.40147567057451,3.61282549340326,-0.30737672796839));
#3594=CARTESIAN_POINT('Ctrl Pts',(1.48439463160611,3.59958107745578,-0.651356136238125));
#3595=CARTESIAN_POINT('Ctrl Pts',(1.525,3.54051917713037,-0.999999999999998));
#3596=CARTESIAN_POINT('Ctrl Pts',(1.28,2.39298633277472,0.));
#3597=CARTESIAN_POINT('Ctrl Pts',(1.42290480426884,2.40279345027735,-0.307376727968391));
#3598=CARTESIAN_POINT('Ctrl Pts',(1.50649787368639,2.39160609069389,-0.651356136238127));
#3599=CARTESIAN_POINT('Ctrl Pts',(1.525,2.35737859719876,-1.));
#3600=CARTESIAN_POINT('Ctrl Pts',(1.28,1.19301492430396,0.));
#3601=CARTESIAN_POINT('Ctrl Pts',(1.43973672758684,1.19420802357354,-0.30737672796839));
#3602=CARTESIAN_POINT('Ctrl Pts',(1.52385928834186,1.19070907773758,-0.651356136238126));
#3603=CARTESIAN_POINT('Ctrl Pts',(1.525,1.18206090398286,-0.999999999999999));
#3604=CARTESIAN_POINT('Ctrl Pts',(1.28,0.395833333333333,0.));
#3605=CARTESIAN_POINT('Ctrl Pts',(1.44458116696345,0.395833333333333,-0.30737672796839));
#3606=CARTESIAN_POINT('Ctrl Pts',(1.52885612198954,0.395833333333333,-0.651356136238126));
#3607=CARTESIAN_POINT('Ctrl Pts',(1.525,0.395833333333333,-1.));
#3608=CARTESIAN_POINT('Ctrl Pts',(1.28,-8.67361737988404E-17,0.));
#3609=CARTESIAN_POINT('Ctrl Pts',(1.44458116696345,3.15216479543834E-17,
-0.30737672796839));
#3610=CARTESIAN_POINT('Ctrl Pts',(1.52885612198954,3.15216479543834E-17,
-0.651356136238126));
#3611=CARTESIAN_POINT('Ctrl Pts',(1.525,4.33680868994202E-17,-1.));
#3612=CARTESIAN_POINT('',(1.525,-2.65,-1.));
#3613=CARTESIAN_POINT('Origin',(-1.74512168878498E-15,-4.75,-2.75));
#3614=CARTESIAN_POINT('',(2.025,-4.75,-2.45));
#3615=CARTESIAN_POINT('',(-2.02500000000001,-4.75,-2.45));
#3616=CARTESIAN_POINT('Origin',(-1.74512168878498E-15,-4.75,-2.45));
#3617=CARTESIAN_POINT('',(2.025,-4.75,-2.75));
#3618=CARTESIAN_POINT('',(-2.025,-4.75,-2.75));
#3619=CARTESIAN_POINT('Origin',(-1.74512168878498E-15,4.75,-2.75));
#3620=CARTESIAN_POINT('',(-2.025,4.75,-2.45));
#3621=CARTESIAN_POINT('',(2.025,4.75,-2.45));
#3622=CARTESIAN_POINT('Origin',(-1.74512168878498E-15,4.75,-2.45));
#3623=CARTESIAN_POINT('',(-2.025,4.75,-2.75));
#3624=CARTESIAN_POINT('',(2.025,4.75,-2.75));
#3625=CARTESIAN_POINT('Ctrl Pts',(1.49434175529664,4.75088464993961,2.16840434497101E-17));
#3626=CARTESIAN_POINT('Ctrl Pts',(1.49431765164692,4.75399645096211,7.22801064609995E-16));
#3627=CARTESIAN_POINT('Ctrl Pts',(1.4942935748878,4.75710825696752,1.36941079090524E-16));
#3628=CARTESIAN_POINT('Ctrl Pts',(1.49424547554824,4.76333187901781,7.98993554065767E-17));
#3629=CARTESIAN_POINT('Ctrl Pts',(1.49422145296781,4.7664436950627,-1.28575852390694E-15));
#3630=CARTESIAN_POINT('Ctrl Pts',(1.49418546002949,4.77111142671489,2.52566479858689E-16));
#3631=CARTESIAN_POINT('Ctrl Pts',(1.49417346920544,4.77266733852977,3.60739009930463E-16));
#3632=CARTESIAN_POINT('Ctrl Pts',(1.49414950125118,4.77577916469703,6.80095075655621E-16));
#3633=CARTESIAN_POINT('Ctrl Pts',(1.49413759565946,4.77733509230241,4.3281214217975E-16));
#3634=CARTESIAN_POINT('Ctrl Pts',(1.49411953296414,4.77966894586157,-5.37757452170491E-17));
#3635=CARTESIAN_POINT('Ctrl Pts',(1.49411359623188,4.78044691264069,2.36647726707702E-15));
#3636=CARTESIAN_POINT('Ctrl Pts',(1.49410610548196,4.78141935817659,8.60070410341848E-17));
#3637=CARTESIAN_POINT('Ctrl Pts',(1.49410461311679,4.78161384835562,-1.56434309316572E-16));
#3638=CARTESIAN_POINT('Ctrl Pts',(1.49410162225731,4.78200282757802,-4.94086994174731E-16));
#3639=CARTESIAN_POINT('Ctrl Pts',(1.49410012951602,4.78219731768739,-1.23742927496948E-16));
#3640=CARTESIAN_POINT('Ctrl Pts',(1.49409563588883,4.78278078516128,3.12537985343028E-16));
#3641=CARTESIAN_POINT('Ctrl Pts',(1.49409248508119,4.78316973474459,4.30644416467428E-17));
#3642=CARTESIAN_POINT('Ctrl Pts',(1.49408254517055,4.78433649316297,-2.10274492411652E-15));
#3643=CARTESIAN_POINT('Ctrl Pts',(1.49407535077741,4.78511422689532,-4.15294844575305E-16));
#3644=CARTESIAN_POINT('Ctrl Pts',(1.49405971924719,4.78666946407681,-1.48490285117158E-16));
#3645=CARTESIAN_POINT('Ctrl Pts',(1.49405137360235,4.7874469844697,3.13661120705065E-17));
#3646=CARTESIAN_POINT('Ctrl Pts',(1.49400589702689,4.79133389194985,-1.53492727251318E-15));
#3647=CARTESIAN_POINT('Ctrl Pts',(1.49396045898568,4.79444173960944,2.01702930045029E-17));
#3648=CARTESIAN_POINT('Ctrl Pts',(1.49384977508468,4.80065376455933,-5.83955422696965E-16));
#3649=CARTESIAN_POINT('Ctrl Pts',(1.49378482299867,4.80375799624833,1.74066080556418E-16));
#3650=CARTESIAN_POINT('Ctrl Pts',(1.49356123518326,4.81306536727461,2.37337012029337E-16));
#3651=CARTESIAN_POINT('Ctrl Pts',(1.49337386890538,4.81926318275808,-2.075233548663E-16));
#3652=CARTESIAN_POINT('Ctrl Pts',(1.4926975924137,4.83783547175792,-3.00526724107833E-16));
#3653=CARTESIAN_POINT('Ctrl Pts',(1.49209452222972,4.85018879110133,4.13190558784979E-17));
#3654=CARTESIAN_POINT('Ctrl Pts',(1.49058743302979,4.87483966309841,6.95938421411645E-16));
#3655=CARTESIAN_POINT('Ctrl Pts',(1.48968341032507,4.88713721506847,1.68137064764664E-16));
#3656=CARTESIAN_POINT('Ctrl Pts',(1.486524228176,4.92394701945398,1.15992486850067E-15));
#3657=CARTESIAN_POINT('Ctrl Pts',(1.48382221975904,4.9483764694608,-1.93237822677073E-16));
#3658=CARTESIAN_POINT('Ctrl Pts',(1.47724217154681,4.99701744745641,2.36605909576493E-16));
#3659=CARTESIAN_POINT('Ctrl Pts',(1.47336410125991,5.0212289697876,2.38404695379583E-16));
#3660=CARTESIAN_POINT('Ctrl Pts',(1.45997540602961,5.09353842578929,-2.81652999711776E-16));
#3661=CARTESIAN_POINT('Ctrl Pts',(1.44871508932838,5.1413121619715,1.68603021154312E-16));
#3662=CARTESIAN_POINT('Ctrl Pts',(1.42146101752003,5.23598241252386,-1.68603021154312E-16));
#3663=CARTESIAN_POINT('Ctrl Pts',(1.40546611167725,5.28288407668366,2.36097105726383E-17));
#3664=CARTESIAN_POINT('Ctrl Pts',(1.36852082800923,5.37574787493761,-4.1392249266742E-16));
#3665=CARTESIAN_POINT('Ctrl Pts',(1.34790949166028,5.42083655785877,9.26374982729405E-16));
#3666=CARTESIAN_POINT('Ctrl Pts',(1.30257944194955,5.50846656949367,-1.02381331640422E-16));
#3667=CARTESIAN_POINT('Ctrl Pts',(1.27786352514225,5.55100410994363,-5.62807682917913E-16));
#3668=CARTESIAN_POINT('Ctrl Pts',(1.23774517377064,5.61291406888227,-9.22060569999953E-16));
#3669=CARTESIAN_POINT('Ctrl Pts',(1.22386372280857,5.63323388181795,-4.28593784956514E-16));
#3670=CARTESIAN_POINT('Ctrl Pts',(1.1950767278356,5.67323561776609,-5.6887221373015E-16));
#3671=CARTESIAN_POINT('Ctrl Pts',(1.18017138210326,5.69291766427452,6.99602503290427E-16));
#3672=CARTESIAN_POINT('Ctrl Pts',(1.14932193154153,5.73163473212474,8.10230608991357E-17));
#3673=CARTESIAN_POINT('Ctrl Pts',(1.13337997348242,5.75066686175538,3.31656519181966E-16));
#3674=CARTESIAN_POINT('Ctrl Pts',(1.10866320320698,5.77872704902985,1.91958457329234E-16));
#3675=CARTESIAN_POINT('Ctrl Pts',(1.10028140978784,5.78800728893419,-1.09250343412964E-15));
#3676=CARTESIAN_POINT('Ctrl Pts',(1.08333766063314,5.80630409961731,1.81773609241819E-16));
#3677=CARTESIAN_POINT('Ctrl Pts',(1.0747672264207,5.81533191971815,2.00070614078999E-17));
#3678=CARTESIAN_POINT('Ctrl Pts',(1.03144051768988,5.85984232641501,1.32943457859956E-15));
#3679=CARTESIAN_POINT('Ctrl Pts',(0.995241230982457,5.8935011699726,9.60440123457794E-16));
#3680=CARTESIAN_POINT('Ctrl Pts',(0.919857111674244,5.95700027817305,8.03939621282908E-17));
#3681=CARTESIAN_POINT('Ctrl Pts',(0.880672222037755,5.98684626202054,-2.34539355311033E-16));
#3682=CARTESIAN_POINT('Ctrl Pts',(0.819641401719296,6.02874172353189,-6.63355886534047E-16));
#3683=CARTESIAN_POINT('Ctrl Pts',(0.798921143361613,6.04222659310331,8.90637169950297E-16));
#3684=CARTESIAN_POINT('Ctrl Pts',(0.767267837574381,6.06172334537617,-2.17636128753192E-16));
#3685=CARTESIAN_POINT('Ctrl Pts',(0.756621230470372,6.06810048014403,1.90471189526858E-15));
#3686=CARTESIAN_POINT('Ctrl Pts',(0.735135046164635,6.08060868541071,4.80532884199535E-16));
#3687=CARTESIAN_POINT('Ctrl Pts',(0.724297652527316,6.08673851271721,-2.38641894331031E-16));
#3688=CARTESIAN_POINT('Ctrl Pts',(0.702418791730675,6.09875405480604,-2.81775148462011E-16));
#3689=CARTESIAN_POINT('Ctrl Pts',(0.691388098944365,6.10463300213102,-9.74667267027332E-16));
#3690=CARTESIAN_POINT('Ctrl Pts',(0.669261743153041,6.11607217061286,1.19150770152442E-15));
#3691=CARTESIAN_POINT('Ctrl Pts',(0.658142452042387,6.12164545249277,5.01077553838825E-16));
#3692=CARTESIAN_POINT('Ctrl Pts',(0.624648707424896,6.13791314616883,2.51065993117538E-15));
#3693=CARTESIAN_POINT('Ctrl Pts',(0.60211434612439,6.14816886428639,-3.80130108367302E-16));
#3694=CARTESIAN_POINT('Ctrl Pts',(0.533933106925918,6.17717027678538,6.95208086385473E-16));
#3695=CARTESIAN_POINT('Ctrl Pts',(0.487685356577457,6.19416363828617,6.96095872196472E-16));
#3696=CARTESIAN_POINT('Ctrl Pts',(0.417147696146082,6.21617800242161,-5.75730392320192E-16));
#3697=CARTESIAN_POINT('Ctrl Pts',(0.393439835724533,6.22293600489822,9.44165483322429E-16));
#3698=CARTESIAN_POINT('Ctrl Pts',(0.345630393266511,6.23528254136348,2.04823251273757E-15));
#3699=CARTESIAN_POINT('Ctrl Pts',(0.321528562048358,6.24087117951308,1.41094012188324E-15));
#3700=CARTESIAN_POINT('Ctrl Pts',(0.272925564219961,6.25085893536619,-6.73682644593101E-16));
#3701=CARTESIAN_POINT('Ctrl Pts',(0.248415043775222,6.25525924215731,-1.08384646990994E-15));
#3702=CARTESIAN_POINT('Ctrl Pts',(0.199019358027222,6.26283730384653,-9.54453614362809E-16));
#3703=CARTESIAN_POINT('Ctrl Pts',(0.174345642929273,6.26598345504272,-1.19256483268977E-15));
#3704=CARTESIAN_POINT('Ctrl Pts',(0.125003848979239,6.27102203460027,3.68571181600791E-16));
#3705=CARTESIAN_POINT('Ctrl Pts',(0.100342807192646,6.27291333891142,-8.78273403751483E-16));
#3706=CARTESIAN_POINT('Ctrl Pts',(0.0510402156127932,6.27545389212314,7.48169143053222E-16));
#3707=CARTESIAN_POINT('Ctrl Pts',(0.0263986663321729,6.27610310843209,-2.26404843172511E-15));
#3708=CARTESIAN_POINT('Ctrl Pts',(-0.0228649861541208,6.27616241162823,
-6.41613390536041E-16));
#3709=CARTESIAN_POINT('Ctrl Pts',(-0.0474870872517905,6.27557236425911,
-7.47684512676789E-16));
#3710=CARTESIAN_POINT('Ctrl Pts',(-0.0967118924747252,6.27315626897656,
-5.96726181205237E-16));
#3711=CARTESIAN_POINT('Ctrl Pts',(-0.121314596876715,6.27133023876679,1.57996023964839E-16));
#3712=CARTESIAN_POINT('Ctrl Pts',(-0.170500494188115,6.26643488042319,1.70683171271023E-15));
#3713=CARTESIAN_POINT('Ctrl Pts',(-0.195090640151607,6.26336416241371,3.00179117911035E-15));
#3714=CARTESIAN_POINT('Ctrl Pts',(-0.231940150586486,6.25781603529352,-2.97431178096259E-16));
#3715=CARTESIAN_POINT('Ctrl Pts',(-0.244228474739985,6.2558072178249,1.21603621444175E-15));
#3716=CARTESIAN_POINT('Ctrl Pts',(-0.26879045112243,6.25147277343918,-2.18570215755084E-16));
#3717=CARTESIAN_POINT('Ctrl Pts',(-0.281077209920075,6.24914394513934,-8.83605616900175E-17));
#3718=CARTESIAN_POINT('Ctrl Pts',(-0.317728919781015,6.24171503354968,-4.08748049762138E-16));
#3719=CARTESIAN_POINT('Ctrl Pts',(-0.341938093717306,6.23616720122684,2.17405836596576E-15));
#3720=CARTESIAN_POINT('Ctrl Pts',(-0.389931111779583,6.22390135895597,1.42549284668612E-15));
#3721=CARTESIAN_POINT('Ctrl Pts',(-0.413712299505244,6.21718418992316,4.09634939965036E-16));
#3722=CARTESIAN_POINT('Ctrl Pts',(-0.484418056647189,6.19530207429373,-3.2261987028479E-15));
#3723=CARTESIAN_POINT('Ctrl Pts',(-0.530706484445951,6.17841103572877,2.14523098063E-15));
#3724=CARTESIAN_POINT('Ctrl Pts',(-0.598862688573585,6.14961102103882,-1.94411730601745E-16));
#3725=CARTESIAN_POINT('Ctrl Pts',(-0.62136851523349,6.13943331633568,9.74821136204887E-16));
#3726=CARTESIAN_POINT('Ctrl Pts',(-0.665951743945095,6.11791542930964,-1.0181892231043E-15));
#3727=CARTESIAN_POINT('Ctrl Pts',(-0.688031587985744,6.10657350039275,1.14364492056548E-15));
#3728=CARTESIAN_POINT('Ctrl Pts',(-0.72081805880507,6.08868136926666,1.7627703873226E-16));
#3729=CARTESIAN_POINT('Ctrl Pts',(-0.73170295851773,6.08256325594444,-1.38919852137675E-15));
#3730=CARTESIAN_POINT('Ctrl Pts',(-0.753320411856422,6.07005376298538,8.81559143941443E-17));
#3731=CARTESIAN_POINT('Ctrl Pts',(-0.764025228109074,6.06367889030953,-8.79506275996526E-16));
#3732=CARTESIAN_POINT('Ctrl Pts',(-0.795831629332027,6.04419653301874,2.47458598583349E-15));
#3733=CARTESIAN_POINT('Ctrl Pts',(-0.81665284104135,6.03071771671738,-1.82131192001865E-15));
#3734=CARTESIAN_POINT('Ctrl Pts',(-0.857501600805529,6.00281754876492,2.12488852831461E-15));
#3735=CARTESIAN_POINT('Ctrl Pts',(-0.877536311943727,5.98839289157523,1.01405777797218E-15));
#3736=CARTESIAN_POINT('Ctrl Pts',(-0.916835157140858,5.95860509996993,-8.8395351727391E-16));
#3737=CARTESIAN_POINT('Ctrl Pts',(-0.936099299339603,5.94324197546942,-1.45946992513063E-15));
#3738=CARTESIAN_POINT('Ctrl Pts',(-0.973858837594655,5.91157947911971,2.88531578846282E-16));
#3739=CARTESIAN_POINT('Ctrl Pts',(-0.992354203975995,5.89528007113131,-3.13989829991952E-16));
#3740=CARTESIAN_POINT('Ctrl Pts',(-1.02857117096003,5.86173889444784,1.65840052387398E-15));
#3741=CARTESIAN_POINT('Ctrl Pts',(-1.04629244123516,5.84449672345119,1.68853522147642E-15));
#3742=CARTESIAN_POINT('Ctrl Pts',(-1.07228570009064,5.81791656088382,9.44665973862875E-16));
#3743=CARTESIAN_POINT('Ctrl Pts',(-1.08085215102511,5.80893719172793,2.39471867008728E-16));
#3744=CARTESIAN_POINT('Ctrl Pts',(-1.09778766046341,5.79073805137788,6.41047412872128E-17));
#3745=CARTESIAN_POINT('Ctrl Pts',(-1.10615568343292,5.78151941898717,4.70335885162954E-16));
#3746=CARTESIAN_POINT('Ctrl Pts',(-1.12269684661137,5.76283520879045,9.34492445295085E-17));
#3747=CARTESIAN_POINT('Ctrl Pts',(-1.13086694606514,5.75337185915853,6.71888399454695E-16));
#3748=CARTESIAN_POINT('Ctrl Pts',(-1.14691206871037,5.73431462277505,-3.68311791158754E-16));
#3749=CARTESIAN_POINT('Ctrl Pts',(-1.15480740793189,5.72469885277548,-1.17666556491037E-17));
#3750=CARTESIAN_POINT('Ctrl Pts',(-1.19359592891874,5.67624268754968,-3.31396011210865E-15));
#3751=CARTESIAN_POINT('Ctrl Pts',(-1.22254368295488,5.63618169477452,-4.40593471014623E-16));
#3752=CARTESIAN_POINT('Ctrl Pts',(-1.27632184155709,5.55356262334048,4.40593471014623E-16));
#3753=CARTESIAN_POINT('Ctrl Pts',(-1.3011617278005,5.51099939715619,2.69273949062317E-16));
#3754=CARTESIAN_POINT('Ctrl Pts',(-1.34671228047358,5.42334719323525,-1.00653142635246E-15));
#3755=CARTESIAN_POINT('Ctrl Pts',(-1.36742536411829,5.3782495415836,-3.51548875549953E-16));
#3756=CARTESIAN_POINT('Ctrl Pts',(-1.40453792612803,5.28545537337965,-5.59180949337871E-16));
#3757=CARTESIAN_POINT('Ctrl Pts',(-1.420634857425,5.23854221679609,-4.43155143615967E-16));
#3758=CARTESIAN_POINT('Ctrl Pts',(-1.44811780257032,5.14368121506109,7.46731751911905E-16));
#3759=CARTESIAN_POINT('Ctrl Pts',(-1.45950035283932,5.0957405345697,-5.59511198885853E-16));
#3760=CARTESIAN_POINT('Ctrl Pts',(-1.47305516166046,5.02306843282419,1.17125273570101E-16));
#3761=CARTESIAN_POINT('Ctrl Pts',(-1.4769857649879,4.99871730046057,-6.83947369090921E-16));
#3762=CARTESIAN_POINT('Ctrl Pts',(-1.48366012187153,4.94975834788954,-9.66781950986419E-17));
#3763=CARTESIAN_POINT('Ctrl Pts',(-1.48640398701126,4.92514886095266,9.61230893186954E-16));
#3764=CARTESIAN_POINT('Ctrl Pts',(-1.4896136480206,4.88804372699598,-3.83037251069782E-16));
#3765=CARTESIAN_POINT('Ctrl Pts',(-1.49053259044707,4.87563940011205,-2.84942704843056E-16));
#3766=CARTESIAN_POINT('Ctrl Pts',(-1.49206445261258,4.85077270066501,-4.52314772447087E-16));
#3767=CARTESIAN_POINT('Ctrl Pts',(-1.49267791786085,4.83829374545853,-4.29068246915758E-16));
#3768=CARTESIAN_POINT('Ctrl Pts',(-1.49336417652211,4.81956863637986,1.16955927934187E-16));
#3769=CARTESIAN_POINT('Ctrl Pts',(-1.4935540045215,4.81332694003444,2.36618661659641E-15));
#3770=CARTESIAN_POINT('Ctrl Pts',(-1.49378035413089,4.80396269313099,-1.08551511277442E-15));
#3771=CARTESIAN_POINT('Ctrl Pts',(-1.49384607077729,4.80084108887142,-5.42849941849562E-15));
#3772=CARTESIAN_POINT('Ctrl Pts',(-1.49395803065789,4.79459750296714,-5.19668187186232E-15));
#3773=CARTESIAN_POINT('Ctrl Pts',(-1.49400397958979,4.79147551565716,-1.49440461766541E-15));
#3774=CARTESIAN_POINT('Ctrl Pts',(-1.49404997490366,4.78757280970618,1.83865774231465E-16));
#3775=CARTESIAN_POINT('Ctrl Pts',(-1.49405841797563,4.78679225388434,5.30575094893456E-16));
#3776=CARTESIAN_POINT('Ctrl Pts',(-1.49407423343474,4.78523112147223,-1.0158052100332E-17));
#3777=CARTESIAN_POINT('Ctrl Pts',(-1.49408151056807,4.78445054304614,-2.89716614569753E-16));
#3778=CARTESIAN_POINT('Ctrl Pts',(-1.49409157778799,4.78327965896205,-1.4787627928621E-16));
#3779=CARTESIAN_POINT('Ctrl Pts',(-1.49409477084209,4.78288936111534,1.1974974725532E-16));
#3780=CARTESIAN_POINT('Ctrl Pts',(-1.49410082913038,4.7821087590677,-1.6311783415474E-16));
#3781=CARTESIAN_POINT('Ctrl Pts',(-1.49410380617237,4.7817184570345,1.970427274712E-16));
#3782=CARTESIAN_POINT('Ctrl Pts',(-1.49410981278148,4.78093785398565,1.06533880824741E-16));
#3783=CARTESIAN_POINT('Ctrl Pts',(-1.49411281178274,4.78054755237784,3.76925011997626E-16));
#3784=CARTESIAN_POINT('Ctrl Pts',(-1.49411881538911,4.77976694927082,1.00123943895996E-16));
#3785=CARTESIAN_POINT('Ctrl Pts',(-1.49412180178898,4.77937664741968,8.03284878229153E-17));
#3786=CARTESIAN_POINT('Ctrl Pts',(-1.49413689432042,4.77742514126619,-2.12893734043111E-16));
#3787=CARTESIAN_POINT('Ctrl Pts',(-1.49414884857982,4.77586393402945,-1.56085129873049E-17));
#3788=CARTESIAN_POINT('Ctrl Pts',(-1.49417289759798,4.77274152227174,2.32448947484406E-16));
#3789=CARTESIAN_POINT('Ctrl Pts',(-1.49418492900988,4.77118031652665,-8.20716224692225E-17));
#3790=CARTESIAN_POINT('Ctrl Pts',(-1.49422104387866,4.76649669969126,-1.00679510134595E-15));
#3791=CARTESIAN_POINT('Ctrl Pts',(-1.49424514796863,4.76337428900079,-6.22598843124437E-16));
#3792=CARTESIAN_POINT('Ctrl Pts',(-1.49429341076826,4.75712946867838,6.65966930023857E-16));
#3793=CARTESIAN_POINT('Ctrl Pts',(-1.49431756947794,4.75400705904643,2.81959331025563E-16));
#3794=CARTESIAN_POINT('Ctrl Pts',(-1.49434175529664,4.75088464993984,-3.90312782094782E-16));
#3795=CARTESIAN_POINT('Ctrl Pts',(1.62813410098404,4.75192098992794,-0.109412043514937));
#3796=CARTESIAN_POINT('Ctrl Pts',(1.62811315894697,4.75503204355668,-0.109422822588776));
#3797=CARTESIAN_POINT('Ctrl Pts',(1.62809223989353,4.75814309923402,-0.109433593093785));
#3798=CARTESIAN_POINT('Ctrl Pts',(1.62805044810639,4.7643652147553,-0.10945511676486));
#3799=CARTESIAN_POINT('Ctrl Pts',(1.6280295753727,4.76747627459925,-0.109465869930934));
#3800=CARTESIAN_POINT('Ctrl Pts',(1.62799830127658,4.77214286754217,-0.109481986524635));
#3801=CARTESIAN_POINT('Ctrl Pts',(1.62798788241194,4.77369839905265,-0.109487356529966));
#3802=CARTESIAN_POINT('Ctrl Pts',(1.62796705639495,4.77680946314129,-0.109498092130253));
#3803=CARTESIAN_POINT('Ctrl Pts',(1.62795710750831,4.77835530270357,-0.109504505111587));
#3804=CARTESIAN_POINT('Ctrl Pts',(1.62794081819851,4.78070314190192,-0.109510979097737));
#3805=CARTESIAN_POINT('Ctrl Pts',(1.62793567935264,4.78148067468107,-0.109513686290583));
#3806=CARTESIAN_POINT('Ctrl Pts',(1.62792939324763,4.78244711747287,-0.109517659056261));
#3807=CARTESIAN_POINT('Ctrl Pts',(1.62792810128673,4.78264145339515,-0.109518340608732));
#3808=CARTESIAN_POINT('Ctrl Pts',(1.62792540365993,4.78303285472625,-0.109519409056086));
#3809=CARTESIAN_POINT('Ctrl Pts',(1.62792440313079,4.78321974104886,-0.109520894360823));
#3810=CARTESIAN_POINT('Ctrl Pts',(1.62791925888546,4.78383465149236,-0.109519496082655));
#3811=CARTESIAN_POINT('Ctrl Pts',(1.6279146950675,4.78426919382107,-0.109515905327822));
#3812=CARTESIAN_POINT('Ctrl Pts',(1.62790142513549,4.78554841380713,-0.109507756776219));
#3813=CARTESIAN_POINT('Ctrl Pts',(1.62789240049399,4.786389864709,-0.109503537921858));
#3814=CARTESIAN_POINT('Ctrl Pts',(1.6278725569516,4.78808374695341,-0.10949388802075));
#3815=CARTESIAN_POINT('Ctrl Pts',(1.62786204456474,4.78893091694834,-0.109489026600629));
#3816=CARTESIAN_POINT('Ctrl Pts',(1.62780553341558,4.79316256940548,-0.109465090384807));
#3817=CARTESIAN_POINT('Ctrl Pts',(1.62775035148064,4.79654870583101,-0.109445652396486));
#3818=CARTESIAN_POINT('Ctrl Pts',(1.62761851798592,4.80331407371307,-0.109407078730884));
#3819=CARTESIAN_POINT('Ctrl Pts',(1.62754213285167,4.80669472981817,-0.109387795470778));
#3820=CARTESIAN_POINT('Ctrl Pts',(1.62728168071925,4.81683063508409,-0.109329948977966));
#3821=CARTESIAN_POINT('Ctrl Pts',(1.62706631808482,4.82357982134318,-0.109291388956974));
#3822=CARTESIAN_POINT('Ctrl Pts',(1.62629586529811,4.84380328541187,-0.109175665984917));
#3823=CARTESIAN_POINT('Ctrl Pts',(1.62561642947603,4.85725347110588,-0.109098458828019));
#3824=CARTESIAN_POINT('Ctrl Pts',(1.62392979831053,4.88409036146946,-0.108943667824121));
#3825=CARTESIAN_POINT('Ctrl Pts',(1.62292259929657,4.89747706564205,-0.108866084491616));
#3826=CARTESIAN_POINT('Ctrl Pts',(1.61941412267659,4.93754297033179,-0.108632448879498));
#3827=CARTESIAN_POINT('Ctrl Pts',(1.61642625874771,4.96412800307913,-0.108475495812721));
#3828=CARTESIAN_POINT('Ctrl Pts',(1.60917025134353,5.01705126253621,-0.108157984982283));
#3829=CARTESIAN_POINT('Ctrl Pts',(1.60490208321611,5.04338948883882,-0.10799743800962));
#3830=CARTESIAN_POINT('Ctrl Pts',(1.59018790028246,5.12203833421899,-0.10750941430375));
#3831=CARTESIAN_POINT('Ctrl Pts',(1.57783764180448,5.17398397220851,-0.107175444800773));
#3832=CARTESIAN_POINT('Ctrl Pts',(1.54798415124338,5.2769062926452,-0.10649038175379));
#3833=CARTESIAN_POINT('Ctrl Pts',(1.53048066658125,5.3278865789209,-0.106139640758677));
#3834=CARTESIAN_POINT('Ctrl Pts',(1.49006823425306,5.42884232546079,-0.105425483608383));
#3835=CARTESIAN_POINT('Ctrl Pts',(1.46753509801219,5.47785509972221,-0.105071371740363));
#3836=CARTESIAN_POINT('Ctrl Pts',(1.41802869269188,5.57304900020299,-0.104365847116912));
#3837=CARTESIAN_POINT('Ctrl Pts',(1.3910524220471,5.61924026840616,-0.104013189988232));
#3838=CARTESIAN_POINT('Ctrl Pts',(1.34728403258249,5.68645246225754,-0.103485202544929));
#3839=CARTESIAN_POINT('Ctrl Pts',(1.33214225915296,5.70851041337729,-0.103309605245861));
#3840=CARTESIAN_POINT('Ctrl Pts',(1.30074897869389,5.75192712553771,-0.102959588284788));
#3841=CARTESIAN_POINT('Ctrl Pts',(1.28449717850631,5.77328674769518,-0.102785040042348));
#3842=CARTESIAN_POINT('Ctrl Pts',(1.25086543709646,5.81530060682464,-0.102437012037365));
#3843=CARTESIAN_POINT('Ctrl Pts',(1.23348777604629,5.83595179576746,-0.102263543320463));
#3844=CARTESIAN_POINT('Ctrl Pts',(1.20654646210281,5.86639875535186,-0.102004400327803));
#3845=CARTESIAN_POINT('Ctrl Pts',(1.19741051871795,5.87646831359116,-0.101918119303509));
#3846=CARTESIAN_POINT('Ctrl Pts',(1.17894238455644,5.89632156351576,-0.101746938121497));
#3847=CARTESIAN_POINT('Ctrl Pts',(1.16960122834955,5.90611718404763,-0.101661963444953));
#3848=CARTESIAN_POINT('Ctrl Pts',(1.1223749212499,5.95441724748327,-0.101240292481943));
#3849=CARTESIAN_POINT('Ctrl Pts',(1.08292689361529,5.99093510158911,-0.100914817470992));
#3850=CARTESIAN_POINT('Ctrl Pts',(1.00082814703573,6.05978966550868,-0.100288326644554));
#3851=CARTESIAN_POINT('Ctrl Pts',(0.958168267382649,6.09214183468167,-0.0999865872947738));
#3852=CARTESIAN_POINT('Ctrl Pts',(0.891729635067752,6.13755392594869,-0.0995557706461957));
#3853=CARTESIAN_POINT('Ctrl Pts',(0.869175176977021,6.15216980662983,-0.0994162004196871));
#3854=CARTESIAN_POINT('Ctrl Pts',(0.834725168393018,6.17329889333984,-0.0992128989055969));
#3855=CARTESIAN_POINT('Ctrl Pts',(0.823138409423547,6.18020966172133,-0.0991461110996235));
#3856=CARTESIAN_POINT('Ctrl Pts',(0.79975584169665,6.19376400404847,-0.0990144983765856));
#3857=CARTESIAN_POINT('Ctrl Pts',(0.7879623507178,6.20040626851716,-0.0989496811385266));
#3858=CARTESIAN_POINT('Ctrl Pts',(0.764153678478932,6.21342603514023,-0.0988219528526589));
#3859=CARTESIAN_POINT('Ctrl Pts',(0.75215022149422,6.21979620432163,-0.0987591120704055));
#3860=CARTESIAN_POINT('Ctrl Pts',(0.728072528390494,6.23219115626427,-0.0986361480777348));
#3861=CARTESIAN_POINT('Ctrl Pts',(0.715972579789916,6.23823009124346,-0.0985758863387586));
#3862=CARTESIAN_POINT('Ctrl Pts',(0.679524075258744,6.25585721714793,-0.098398980237887));
#3863=CARTESIAN_POINT('Ctrl Pts',(0.655001538183051,6.26696998147981,-0.0982860948362213));
#3864=CARTESIAN_POINT('Ctrl Pts',(0.580791159219574,6.29839995267301,-0.0979633976668047));
#3865=CARTESIAN_POINT('Ctrl Pts',(0.530469462309402,6.31680958308252,-0.0977708314320672));
#3866=CARTESIAN_POINT('Ctrl Pts',(0.453741814552595,6.34065110160649,-0.097516551467016));
#3867=CARTESIAN_POINT('Ctrl Pts',(0.427955826021616,6.34796911064679,-0.0974375502733708));
#3868=CARTESIAN_POINT('Ctrl Pts',(0.375956778219534,6.36133819818854,-0.0972919694192193));
#3869=CARTESIAN_POINT('Ctrl Pts',(0.34974361793001,6.3673893810266,-0.0972253900421196));
#3870=CARTESIAN_POINT('Ctrl Pts',(0.296878458438439,6.37820468211862,-0.0971061127883124));
#3871=CARTESIAN_POINT('Ctrl Pts',(0.270219660939444,6.38296944547508,-0.097053601701599));
#3872=CARTESIAN_POINT('Ctrl Pts',(0.216496501248082,6.39117484901241,-0.0969628610183095));
#3873=CARTESIAN_POINT('Ctrl Pts',(0.189661415553131,6.39458139796081,-0.0969249835264267));
#3874=CARTESIAN_POINT('Ctrl Pts',(0.13599440930155,6.40003710472529,-0.0968638152263694));
#3875=CARTESIAN_POINT('Ctrl Pts',(0.109170091920993,6.40208505047366,-0.0968405346413738));
#3876=CARTESIAN_POINT('Ctrl Pts',(0.0555361451209735,6.40483613482289,-0.0968089055178202));
#3877=CARTESIAN_POINT('Ctrl Pts',(0.0287267313193245,6.40553923398947,-0.0968005555093805));
#3878=CARTESIAN_POINT('Ctrl Pts',(-0.0248814338278459,6.40560346049774,
-0.0967997892366785));
#3879=CARTESIAN_POINT('Ctrl Pts',(-0.0516705288269654,6.40496443196586,
-0.0968074061457061));
#3880=CARTESIAN_POINT('Ctrl Pts',(-0.105220482774702,6.40234810523668,-0.0968375312524829));
#3881=CARTESIAN_POINT('Ctrl Pts',(-0.131981593141038,6.4003708301065,-0.0968600414265357));
#3882=CARTESIAN_POINT('Ctrl Pts',(-0.185479354824506,6.39507019009441,-0.0969195308013316));
#3883=CARTESIAN_POINT('Ctrl Pts',(-0.212223584051402,6.3917453225398,-0.0969565286095704));
#3884=CARTESIAN_POINT('Ctrl Pts',(-0.252301427364767,6.38573790141053,-0.0970229952904363));
#3885=CARTESIAN_POINT('Ctrl Pts',(-0.265666400930786,6.38356276516949,-0.0970470126831964));
#3886=CARTESIAN_POINT('Ctrl Pts',(-0.292380941050947,6.37886936479155,-0.0970987901402474));
#3887=CARTESIAN_POINT('Ctrl Pts',(-0.305744913620838,6.37634760559546,-0.0971265922855815));
#3888=CARTESIAN_POINT('Ctrl Pts',(-0.34561093631637,6.3683031156818,-0.0972153186087034));
#3889=CARTESIAN_POINT('Ctrl Pts',(-0.371940961428449,6.36229609867123,-0.0972814670050359));
#3890=CARTESIAN_POINT('Ctrl Pts',(-0.424139590365664,6.34901443991611,-0.0974262286768386));
#3891=CARTESIAN_POINT('Ctrl Pts',(-0.450005141675228,6.34174072541152,-0.0975048343035192));
#3892=CARTESIAN_POINT('Ctrl Pts',(-0.526915056808065,6.31804265778545,-0.0977578500980846));
#3893=CARTESIAN_POINT('Ctrl Pts',(-0.577279014734919,6.29974466965275,-0.0979493899861225));
#3894=CARTESIAN_POINT('Ctrl Pts',(-0.651462592031662,6.26853281215596,-0.0982701452532598));
#3895=CARTESIAN_POINT('Ctrl Pts',(-0.675954392458179,6.25750445994215,-0.0983823041973008));
#3896=CARTESIAN_POINT('Ctrl Pts',(-0.724470895469213,6.23418833108626,-0.0986165738370355));
#3897=CARTESIAN_POINT('Ctrl Pts',(-0.748497543318478,6.22189895300312,-0.0987386723717971));
#3898=CARTESIAN_POINT('Ctrl Pts',(-0.784175809216992,6.20251152468042,-0.0989290896632387));
#3899=CARTESIAN_POINT('Ctrl Pts',(-0.796020934381322,6.19588199091999,-0.0989938551043094));
#3900=CARTESIAN_POINT('Ctrl Pts',(-0.819546186906749,6.18232635041659,-0.0991256147256907));
#3901=CARTESIAN_POINT('Ctrl Pts',(-0.831196179325793,6.17541809883539,-0.0991924399765956));
#3902=CARTESIAN_POINT('Ctrl Pts',(-0.865812458817658,6.15430480704834,-0.0993957636856436));
#3903=CARTESIAN_POINT('Ctrl Pts',(-0.888476642863737,6.13969556415301,-0.0995353721156949));
#3904=CARTESIAN_POINT('Ctrl Pts',(-0.932944299716053,6.10945385817213,-0.0998224320318198));
#3905=CARTESIAN_POINT('Ctrl Pts',(-0.954754378473248,6.09381856755199,-0.0999696287921604));
#3906=CARTESIAN_POINT('Ctrl Pts',(-0.997540806652641,6.06152715653426,-0.100270359355982));
#3907=CARTESIAN_POINT('Ctrl Pts',(-1.01851697503901,6.0448711669199,-0.100423866179387));
#3908=CARTESIAN_POINT('Ctrl Pts',(-1.05963994698633,6.01053802468496,-0.100736626591135));
#3909=CARTESIAN_POINT('Ctrl Pts',(-1.07978710875816,5.99286044932629,-0.100895910155488));
#3910=CARTESIAN_POINT('Ctrl Pts',(-1.11924744909048,5.95647587058743,-0.101220194645687));
#3911=CARTESIAN_POINT('Ctrl Pts',(-1.13856405588527,5.9377647108635,-0.101385514947005));
#3912=CARTESIAN_POINT('Ctrl Pts',(-1.16689623237735,5.90892197371656,-0.101637546868909));
#3913=CARTESIAN_POINT('Ctrl Pts',(-1.17623327177111,5.8991786701818,-0.101722183621016));
#3914=CARTESIAN_POINT('Ctrl Pts',(-1.19469240469998,5.87943135087595,-0.10189265998275));
#3915=CARTESIAN_POINT('Ctrl Pts',(-1.20381331150427,5.86942863214853,-0.101978479861583));
#3916=CARTESIAN_POINT('Ctrl Pts',(-1.22184311643994,5.84915517757955,-0.102151263142495));
#3917=CARTESIAN_POINT('Ctrl Pts',(-1.23074870209607,5.83888685825421,-0.102238202694812));
#3918=CARTESIAN_POINT('Ctrl Pts',(-1.2482389492463,5.81820816687888,-0.102412085462547));
#3919=CARTESIAN_POINT('Ctrl Pts',(-1.25684577710049,5.80777401587723,-0.102499237400348));
#3920=CARTESIAN_POINT('Ctrl Pts',(-1.29913201549814,5.75519229424827,-0.102935337988154));
#3921=CARTESIAN_POINT('Ctrl Pts',(-1.33069978613135,5.71171267098134,-0.103286332504289));
#3922=CARTESIAN_POINT('Ctrl Pts',(-1.38937022220827,5.62201800574374,-0.103991791945247));
#3923=CARTESIAN_POINT('Ctrl Pts',(-1.41648096083357,5.57579987117384,-0.10434504957066));
#3924=CARTESIAN_POINT('Ctrl Pts',(-1.46622695262647,5.48058314592837,-0.105051527710347));
#3925=CARTESIAN_POINT('Ctrl Pts',(-1.48887025000717,5.43156224044066,-0.105405913871622));
#3926=CARTESIAN_POINT('Ctrl Pts',(-1.52946520311198,5.33068145513258,-0.10612020735865));
#3927=CARTESIAN_POINT('Ctrl Pts',(-1.5470797594362,5.27968896584396,-0.106471449133164));
#3928=CARTESIAN_POINT('Ctrl Pts',(-1.57718285195266,5.1765597748513,-0.10715869096944));
#3929=CARTESIAN_POINT('Ctrl Pts',(-1.58966650330787,5.12443305336706,-0.107494236938421));
#3930=CARTESIAN_POINT('Ctrl Pts',(-1.60456223591769,5.04539042966992,-0.107985172118773));
#3931=CARTESIAN_POINT('Ctrl Pts',(-1.60888786797125,5.01890055667628,-0.108146779628811));
#3932=CARTESIAN_POINT('Ctrl Pts',(-1.61624716752172,4.96563173867,-0.108466578114202));
#3933=CARTESIAN_POINT('Ctrl Pts',(-1.61928095102522,4.93885097232225,-0.108624767714938));
#3934=CARTESIAN_POINT('Ctrl Pts',(-1.62284495259466,4.89846383645163,-0.108860355705116));
#3935=CARTESIAN_POINT('Ctrl Pts',(-1.62386859898217,4.88496096443348,-0.108938631860018));
#3936=CARTESIAN_POINT('Ctrl Pts',(-1.6255826103774,4.85788921241712,-0.109094805657289));
#3937=CARTESIAN_POINT('Ctrl Pts',(-1.62627359939394,4.84430227463889,-0.109172805995021));
#3938=CARTESIAN_POINT('Ctrl Pts',(-1.62705520489069,4.8239124445497,-0.109289487851214));
#3939=CARTESIAN_POINT('Ctrl Pts',(-1.62727332916462,4.81711548413118,-0.109328322290684));
#3940=CARTESIAN_POINT('Ctrl Pts',(-1.6275368934195,4.80691765276191,-0.109386523717591));
#3941=CARTESIAN_POINT('Ctrl Pts',(-1.62761414304564,4.80351808078155,-0.109405915252481));
#3942=CARTESIAN_POINT('Ctrl Pts',(-1.62774742394445,4.79671834716279,-0.109444685451442));
#3943=CARTESIAN_POINT('Ctrl Pts',(-1.62780324632048,4.79331532888966,-0.109464371651104));
#3944=CARTESIAN_POINT('Ctrl Pts',(-1.6278602785288,4.78906832919463,-0.109488205757653));
#3945=CARTESIAN_POINT('Ctrl Pts',(-1.62787091711224,4.78821748251669,-0.109493126107487));
#3946=CARTESIAN_POINT('Ctrl Pts',(-1.62789097172931,4.78651718063796,-0.109502812642534));
#3947=CARTESIAN_POINT('Ctrl Pts',(-1.62790019123987,4.78567009078798,-0.109507323360314));
#3948=CARTESIAN_POINT('Ctrl Pts',(-1.62791345799929,4.78439018985758,-0.109515086256921));
#3949=CARTESIAN_POINT('Ctrl Pts',(-1.62791767288821,4.78396431965005,-0.109517590965571));
#3950=CARTESIAN_POINT('Ctrl Pts',(-1.62792550380626,4.78311873639284,-0.109521934798435));
#3951=CARTESIAN_POINT('Ctrl Pts',(-1.62792719750474,4.78275119236326,-0.109518144703714));
#3952=CARTESIAN_POINT('Ctrl Pts',(-1.62793272329534,4.78196298746306,-0.109516296075313));
#3953=CARTESIAN_POINT('Ctrl Pts',(-1.62793517600509,4.78157667902474,-0.109514530607995));
#3954=CARTESIAN_POINT('Ctrl Pts',(-1.62794039272274,4.78079626802279,-0.109511840406216));
#3955=CARTESIAN_POINT('Ctrl Pts',(-1.62794292237423,4.78040764007362,-0.109510324900725));
#3956=CARTESIAN_POINT('Ctrl Pts',(-1.62795636326447,4.77844872424191,-0.109504449319965));
#3957=CARTESIAN_POINT('Ctrl Pts',(-1.62796648927842,4.77689421168817,-0.109498384501578));
#3958=CARTESIAN_POINT('Ctrl Pts',(-1.62798738573909,4.77377256465166,-0.109487612532689));
#3959=CARTESIAN_POINT('Ctrl Pts',(-1.6279978398735,4.77221174052753,-0.109482224323868));
#3960=CARTESIAN_POINT('Ctrl Pts',(-1.62802921992211,4.76752926633688,-0.109466053062526));
#3961=CARTESIAN_POINT('Ctrl Pts',(-1.62805016348165,4.76440761445208,-0.109455263375135));
#3962=CARTESIAN_POINT('Ctrl Pts',(-1.62809209729853,4.75816430583021,-0.109433666511114));
#3963=CARTESIAN_POINT('Ctrl Pts',(-1.62811308755588,4.75504264909315,-0.109422859334483));
#3964=CARTESIAN_POINT('Ctrl Pts',(-1.62813410098404,4.75192098992817,-0.109412043514938));
#3965=CARTESIAN_POINT('',(1.62813410098404,4.75192098992794,-0.109412043514937));
#3966=CARTESIAN_POINT('',(-1.49434175529664,4.75088464993984,1.51788304147971E-16));
#3967=CARTESIAN_POINT('Ctrl Pts',(-1.49434175529664,4.75088464993984,1.51788304147971E-16));
#3968=CARTESIAN_POINT('Ctrl Pts',(-1.5004759458012,3.95905355172756,4.18888323135346E-16));
#3969=CARTESIAN_POINT('Ctrl Pts',(-1.50835085447066,3.16723681035612,-5.64296249109979E-15));
#3970=CARTESIAN_POINT('Ctrl Pts',(-1.51795380690984,1.97949451366856,2.39864239828055E-15));
#3971=CARTESIAN_POINT('Ctrl Pts',(-1.52079173695056,1.58358156231043,5.23826914360611E-15));
#3972=CARTESIAN_POINT('Ctrl Pts',(-1.52488061258708,0.79175935471618,-5.19490105670669E-15));
#3973=CARTESIAN_POINT('Ctrl Pts',(-1.52613392086817,0.395850215585666,-2.40231581712824E-15));
#3974=CARTESIAN_POINT('Ctrl Pts',(-1.52613372600573,-0.39596183734619,1.66505833983809E-15));
#3975=CARTESIAN_POINT('Ctrl Pts',(-1.52496278461797,-0.791864956175247,
3.19469261259227E-16));
#3976=CARTESIAN_POINT('Ctrl Pts',(-1.52114184135717,-1.58366752078648,7.08435208355546E-17));
#3977=CARTESIAN_POINT('Ctrl Pts',(-1.5184894373563,-1.97956696059441,2.85216292682913E-17));
#3978=CARTESIAN_POINT('Ctrl Pts',(-1.50951128499153,-3.16726274468863,-2.52199649583973E-16));
#3979=CARTESIAN_POINT('Ctrl Pts',(-1.5021433130624,-3.95905650071228,-3.92979208417657E-16));
#3980=CARTESIAN_POINT('Ctrl Pts',(-1.49640080668211,-4.75085429337623,-4.33680868994202E-17));
#3981=CARTESIAN_POINT('Ctrl Pts',(-1.62813684885382,4.75192101121285,-0.109414290654312));
#3982=CARTESIAN_POINT('Ctrl Pts',(-1.63346890708663,3.96027948285608,-0.106658068543102));
#3983=CARTESIAN_POINT('Ctrl Pts',(-1.6402726182872,3.16846681686962,-0.103429061750291));
#3984=CARTESIAN_POINT('Ctrl Pts',(-1.64854172594666,1.98046942864413,-0.0997610480426483));
#3985=CARTESIAN_POINT('Ctrl Pts',(-1.65098262530665,1.58442766380688,-0.0987167843698532));
#3986=CARTESIAN_POINT('Ctrl Pts',(-1.65449801819632,0.792254911016992,-0.0972408145632695));
#3987=CARTESIAN_POINT('Ctrl Pts',(-1.65557523561696,0.396115013103793,-0.0968021527698324));
#3988=CARTESIAN_POINT('Ctrl Pts',(-1.65557507915359,-0.396226707007788,
-0.0968021407385325));
#3989=CARTESIAN_POINT('Ctrl Pts',(-1.65456872259362,-0.792327959704584,
-0.0972123522130373));
#3990=CARTESIAN_POINT('Ctrl Pts',(-1.6512839077494,-1.58445800576787,-0.098589495884637));
#3991=CARTESIAN_POINT('Ctrl Pts',(-1.64900276515262,-1.98047778521639,-0.0995626592500251));
#3992=CARTESIAN_POINT('Ctrl Pts',(-1.64127296119049,-3.16841186889442,-0.10297290440125));
#3993=CARTESIAN_POINT('Ctrl Pts',(-1.63490992871438,-3.96020192434932,-0.105961813828465));
#3994=CARTESIAN_POINT('Ctrl Pts',(-1.629924552778,-4.7518224847351,-0.108497398982187));
#3995=CARTESIAN_POINT('',(-1.49640080668211,-4.75085429337623,2.16840434497101E-17));
#3996=CARTESIAN_POINT('Ctrl Pts',(1.49229532179852,-4.75091055773598,-2.16840434497101E-17));
#3997=CARTESIAN_POINT('Ctrl Pts',(1.49881748995449,-3.95907194622531,1.3756327081344E-16));
#3998=CARTESIAN_POINT('Ctrl Pts',(1.50719574959339,-3.16724962306515,-7.67019972634872E-16));
#3999=CARTESIAN_POINT('Ctrl Pts',(1.51742006882483,-1.9794967567052,9.07753997463497E-17));
#4000=CARTESIAN_POINT('Ctrl Pts',(1.52044266586978,-1.58358043753596,3.12669854950557E-15));
#4001=CARTESIAN_POINT('Ctrl Pts',(1.52479844099106,-0.791752020077674,-3.43027515780151E-15));
#4002=CARTESIAN_POINT('Ctrl Pts',(1.5261339580701,-0.395840053892247,8.56266273384393E-16));
#4003=CARTESIAN_POINT('Ctrl Pts',(1.52613368879436,0.395976766991893,-2.3741493148641E-15));
#4004=CARTESIAN_POINT('Ctrl Pts',(1.52488013254421,0.791881840598136,-3.49310673711678E-16));
#4005=CARTESIAN_POINT('Ctrl Pts',(1.52079103593634,1.58368777628761,3.05942586812258E-16));
#4006=CARTESIAN_POINT('Ctrl Pts',(1.5179530908374,1.97958863195836,-4.7592384345503E-16));
#4007=CARTESIAN_POINT('Ctrl Pts',(1.50835034741121,3.16728830014984,1.06169992371366E-16));
#4008=CARTESIAN_POINT('Ctrl Pts',(1.50047570550114,3.95908415801954,-5.22905425971032E-16));
#4009=CARTESIAN_POINT('Ctrl Pts',(1.49434175529664,4.75088464993961,4.33680868994202E-17));
#4010=CARTESIAN_POINT('Ctrl Pts',(1.62635837975975,-4.75201474444742,-0.110342688845291));
#4011=CARTESIAN_POINT('Ctrl Pts',(1.63203529314146,-3.96037803011258,-0.107360187667714));
#4012=CARTESIAN_POINT('Ctrl Pts',(1.63927702308183,-3.168560215928,-0.103887464791225));
#4013=CARTESIAN_POINT('Ctrl Pts',(1.64808258515229,-1.98053554043883,-0.0999598617038376));
#4014=CARTESIAN_POINT('Ctrl Pts',(1.6506824915033,-1.58448196885466,-0.0988443077484083));
#4015=CARTESIAN_POINT('Ctrl Pts',(1.65442755232194,-0.792280038932116,-0.0972694441692191));
#4016=CARTESIAN_POINT('Ctrl Pts',(1.65557550157289,-0.39612283088664,-0.0968023175285116));
#4017=CARTESIAN_POINT('Ctrl Pts',(1.65557528233561,0.396259638574592,-0.0968023268320295));
#4018=CARTESIAN_POINT('Ctrl Pts',(1.65449784049782,0.792377460244284,-0.0972411609444691));
#4019=CARTESIAN_POINT('Ctrl Pts',(1.65098225840843,1.58453391811215,-0.0987172196212283));
#4020=CARTESIAN_POINT('Ctrl Pts',(1.64854134645689,1.98056357435597,-0.0997614965606817));
#4021=CARTESIAN_POINT('Ctrl Pts',(1.64027241952492,3.16851830904221,-0.103429455589429));
#4022=CARTESIAN_POINT('Ctrl Pts',(1.63346893913888,3.96031008474204,-0.106658370202804));
#4023=CARTESIAN_POINT('Ctrl Pts',(1.62813709131671,4.75192101309071,-0.109414488934413));
#4024=CARTESIAN_POINT('',(1.62635538344349,-4.75201471976879,-0.110340222680499));
#4025=CARTESIAN_POINT('Ctrl Pts',(-1.49640080668211,-4.75085429337623,2.16840434497101E-17));
#4026=CARTESIAN_POINT('Ctrl Pts',(-1.49637824218892,-4.75396617372061,-9.18645070561776E-17));
#4027=CARTESIAN_POINT('Ctrl Pts',(-1.49635570285134,-4.75707805871224,6.81947453418419E-16));
#4028=CARTESIAN_POINT('Ctrl Pts',(-1.49631067486111,-4.76330183805905,-6.38579366518998E-16));
#4029=CARTESIAN_POINT('Ctrl Pts',(-1.49628818620845,-4.76641373241423,9.38526682978628E-16));
#4030=CARTESIAN_POINT('Ctrl Pts',(-1.49625449152359,-4.77108158102146,-1.11476624569097E-16));
#4031=CARTESIAN_POINT('Ctrl Pts',(-1.49624326634432,-4.77263753173629,1.53223777003616E-16));
#4032=CARTESIAN_POINT('Ctrl Pts',(-1.49622082879727,-4.77574943553273,-1.96591863903036E-16));
#4033=CARTESIAN_POINT('Ctrl Pts',(-1.49620967568728,-4.77730539955939,-7.08595600954678E-16));
#4034=CARTESIAN_POINT('Ctrl Pts',(-1.49619277789257,-4.77963931454583,1.26615344255383E-16));
#4035=CARTESIAN_POINT('Ctrl Pts',(-1.49618722651767,-4.7804173012104,-1.75089521708823E-15));
#4036=CARTESIAN_POINT('Ctrl Pts',(-1.49617879635253,-4.78158426216332,1.27348109529117E-16));
#4037=CARTESIAN_POINT('Ctrl Pts',(-1.49617599723112,-4.78197325116685,-4.65775256399481E-16));
#4038=CARTESIAN_POINT('Ctrl Pts',(-1.49617041874453,-4.78275123282472,2.48934821902379E-16));
#4039=CARTESIAN_POINT('Ctrl Pts',(-1.49616751799633,-4.7831402030539,-6.07653451443962E-17));
#4040=CARTESIAN_POINT('Ctrl Pts',(-1.49615828413706,-4.78430701553151,-2.6878209180599E-16));
#4041=CARTESIAN_POINT('Ctrl Pts',(-1.49615154648028,-4.7850847830436,-6.94174489650746E-17));
#4042=CARTESIAN_POINT('Ctrl Pts',(-1.49613684145309,-4.78664009089036,-1.90791072431446E-16));
#4043=CARTESIAN_POINT('Ctrl Pts',(-1.49612895879322,-4.78741764686476,9.51468716086421E-17));
#4044=CARTESIAN_POINT('Ctrl Pts',(-1.49608579518737,-4.79130473400022,-1.57320987616862E-15));
#4045=CARTESIAN_POINT('Ctrl Pts',(-1.49604220299377,-4.79441272964302,-2.71747559010785E-16));
#4046=CARTESIAN_POINT('Ctrl Pts',(-1.49593520130832,-4.80062505995235,5.49071245136844E-17));
#4047=CARTESIAN_POINT('Ctrl Pts',(-1.49587208576274,-4.80372944888418,-2.48605019884971E-16));
#4048=CARTESIAN_POINT('Ctrl Pts',(-1.49565399471987,-4.81303730543017,4.32157909420811E-16));
#4049=CARTESIAN_POINT('Ctrl Pts',(-1.4954702758414,-4.8192354629842,-1.25988419922905E-16));
#4050=CARTESIAN_POINT('Ctrl Pts',(-1.49480489626397,-4.83780883406864,4.47133230893201E-16));
#4051=CARTESIAN_POINT('Ctrl Pts',(-1.49420903058629,-4.85016294933991,-8.46936659104264E-17));
#4052=CARTESIAN_POINT('Ctrl Pts',(-1.49271625447243,-4.8748155647911,1.28061752809847E-16));
#4053=CARTESIAN_POINT('Ctrl Pts',(-1.49181934025347,-4.88711406427213,-1.25701785808778E-16));
#4054=CARTESIAN_POINT('Ctrl Pts',(-1.48868136137907,-4.92392694017393,-5.94274122921138E-16));
#4055=CARTESIAN_POINT('Ctrl Pts',(-1.48599332920798,-4.94835874369264,-4.69840510807596E-16));
#4056=CARTESIAN_POINT('Ctrl Pts',(-1.47944092149685,-4.99700503273391,-5.27625487879068E-16));
#4057=CARTESIAN_POINT('Ctrl Pts',(-1.47557651449639,-5.02121951243683,1.28307329595562E-16));
#4058=CARTESIAN_POINT('Ctrl Pts',(-1.46222814922586,-5.09353870575323,-7.11979571635035E-16));
#4059=CARTESIAN_POINT('Ctrl Pts',(-1.450993901582,-5.14132009741081,-6.01264171315426E-16));
#4060=CARTESIAN_POINT('Ctrl Pts',(-1.42378773494387,-5.23600753394668,7.31368432013687E-16));
#4061=CARTESIAN_POINT('Ctrl Pts',(-1.40781455234291,-5.28291884410062,-8.62926391693444E-16));
#4062=CARTESIAN_POINT('Ctrl Pts',(-1.37090412651821,-5.37580260405498,-1.7790769389264E-16));
#4063=CARTESIAN_POINT('Ctrl Pts',(-1.35030524711057,-5.42089890729807,4.97564399429728E-16));
#4064=CARTESIAN_POINT('Ctrl Pts',(-1.3049961861707,-5.50854412579186,6.62207302627343E-17));
#4065=CARTESIAN_POINT('Ctrl Pts',(-1.28028911811254,-5.5510892774781,1.13432425972582E-15));
#4066=CARTESIAN_POINT('Ctrl Pts',(-1.24018615077269,-5.61301349906344,-2.09375412942694E-16));
#4067=CARTESIAN_POINT('Ctrl Pts',(-1.22631047865968,-5.63333872724383,8.64250971237325E-16));
#4068=CARTESIAN_POINT('Ctrl Pts',(-1.19753576956569,-5.67335226221914,-8.20882884337905E-16));
#4069=CARTESIAN_POINT('Ctrl Pts',(-1.18263680224626,-5.69304061235959,7.86271527204165E-16));
#4070=CARTESIAN_POINT('Ctrl Pts',(-1.15179918817328,-5.7317702373842,-1.52352900449431E-15));
#4071=CARTESIAN_POINT('Ctrl Pts',(-1.13586279184978,-5.75080847806986,2.58638428994827E-15));
#4072=CARTESIAN_POINT('Ctrl Pts',(-1.11115199420399,-5.77887737916474,-2.84884124562619E-16));
#4073=CARTESIAN_POINT('Ctrl Pts',(-1.10277197450853,-5.7881602375411,-4.93946171243451E-16));
#4074=CARTESIAN_POINT('Ctrl Pts',(-1.08583171954383,-5.806460905392,-1.63109008682813E-15));
#4075=CARTESIAN_POINT('Ctrl Pts',(-1.07726256961637,-5.81549042642089,6.03387965850667E-17));
#4076=CARTESIAN_POINT('Ctrl Pts',(-1.03394095899082,-5.86000658229062,-1.43397757607432E-15));
#4077=CARTESIAN_POINT('Ctrl Pts',(-0.997738128767865,-5.89366113370304,
-1.68068891312123E-16));
#4078=CARTESIAN_POINT('Ctrl Pts',(-0.922342106523152,-5.95714597124959,
-1.6100226715641E-15));
#4079=CARTESIAN_POINT('Ctrl Pts',(-0.883149071150872,-5.98698244439228,
-1.44894593791199E-15));
#4080=CARTESIAN_POINT('Ctrl Pts',(-0.82211090279605,-6.02887048618435,4.14256002901286E-17));
#4081=CARTESIAN_POINT('Ctrl Pts',(-0.801389373832169,-6.04235449171283,
-3.29410886057586E-15));
#4082=CARTESIAN_POINT('Ctrl Pts',(-0.769735225169006,-6.06185146510121,
1.22421558301858E-15));
#4083=CARTESIAN_POINT('Ctrl Pts',(-0.759088493642663,-6.06822890013423,
-1.60365647766992E-15));
#4084=CARTESIAN_POINT('Ctrl Pts',(-0.737602214568999,-6.08073795690804,
1.5602883907705E-15));
#4085=CARTESIAN_POINT('Ctrl Pts',(-0.726765016367962,-6.08686824151759,
1.17058379484742E-15));
#4086=CARTESIAN_POINT('Ctrl Pts',(-0.704885830140111,-6.09888506139618,
1.90855037501141E-15));
#4087=CARTESIAN_POINT('Ctrl Pts',(-0.693856363195293,-6.10476389060675,
8.76955922851574E-16));
#4088=CARTESIAN_POINT('Ctrl Pts',(-0.671731483402329,-6.11620304682477,
-3.13170793159117E-16));
#4089=CARTESIAN_POINT('Ctrl Pts',(-0.660613090233328,-6.1217760721401,5.8729053405808E-16));
#4090=CARTESIAN_POINT('Ctrl Pts',(-0.627121139803675,-6.13804248589935,
-1.56489385021093E-15));
#4091=CARTESIAN_POINT('Ctrl Pts',(-0.604587906838104,-6.14829604374034,
5.19848891165038E-17));
#4092=CARTESIAN_POINT('Ctrl Pts',(-0.536406882027759,-6.17728459287832,
-2.51089860115083E-15));
#4093=CARTESIAN_POINT('Ctrl Pts',(-0.490156144585036,-6.19425926785049,
2.48747109083936E-15));
#4094=CARTESIAN_POINT('Ctrl Pts',(-0.41961223334359,-6.21624141052352,-3.00479655357294E-16));
#4095=CARTESIAN_POINT('Ctrl Pts',(-0.395902027919871,-6.22298794657992,
-1.89676576064713E-16));
#4096=CARTESIAN_POINT('Ctrl Pts',(-0.348087954448628,-6.23531182707593,
-1.13900032231229E-16));
#4097=CARTESIAN_POINT('Ctrl Pts',(-0.323983711518965,-6.24088930186352,
-1.31928435505473E-17));
#4098=CARTESIAN_POINT('Ctrl Pts',(-0.275377023196988,-6.25085660111647,
-3.01752433488728E-17));
#4099=CARTESIAN_POINT('Ctrl Pts',(-0.250863007313019,-6.25524814480749,
-2.67629927573547E-16));
#4100=CARTESIAN_POINT('Ctrl Pts',(-0.201468876405226,-6.26280861976481,
2.24261840674128E-16));
#4101=CARTESIAN_POINT('Ctrl Pts',(-0.176798238607229,-6.2659464710889,-7.64891384975103E-16));
#4102=CARTESIAN_POINT('Ctrl Pts',(-0.127459812089236,-6.27096901547279,
-4.92783135108082E-16));
#4103=CARTESIAN_POINT('Ctrl Pts',(-0.102800296551547,-6.27285240137092,
-4.7913559087001E-17));
#4104=CARTESIAN_POINT('Ctrl Pts',(-0.0535004687617253,-6.27537584177901,
3.51490167382941E-16));
#4105=CARTESIAN_POINT('Ctrl Pts',(-0.028860157366448,-6.27601584088052,
-1.41870994006926E-15));
#4106=CARTESIAN_POINT('Ctrl Pts',(0.0204012863573954,-6.27605407578699,
-1.14000718699653E-15));
#4107=CARTESIAN_POINT('Ctrl Pts',(0.0450224463829096,-6.27545410490274,
-2.07159376866448E-15));
#4108=CARTESIAN_POINT('Ctrl Pts',(0.0942456870390749,-6.27301885315911,
1.07412776997782E-15));
#4109=CARTESIAN_POINT('Ctrl Pts',(0.118847768280067,-6.27118361188307,-1.91106792044307E-15));
#4110=CARTESIAN_POINT('Ctrl Pts',(0.168032734689206,-6.26627026493663,2.12790835494018E-15));
#4111=CARTESIAN_POINT('Ctrl Pts',(0.192622893391495,-6.26319069527863,8.11053163455722E-16));
#4112=CARTESIAN_POINT('Ctrl Pts',(0.229471699078652,-6.2576296831741,-1.12791995156773E-16));
#4113=CARTESIAN_POINT('Ctrl Pts',(0.241759423941421,-6.25561665976984,-1.71464335570646E-15));
#4114=CARTESIAN_POINT('Ctrl Pts',(0.266322859048358,-6.25127337842292,8.03913530818635E-16));
#4115=CARTESIAN_POINT('Ctrl Pts',(0.278606824361043,-6.24894080355316,8.23097807563191E-16));
#4116=CARTESIAN_POINT('Ctrl Pts',(0.315247338864195,-6.2415016630286,2.32198433617056E-15));
#4117=CARTESIAN_POINT('Ctrl Pts',(0.339451762778228,-6.2359470885975,-1.20414665438225E-15));
#4118=CARTESIAN_POINT('Ctrl Pts',(0.387434238176811,-6.2236689819608,9.87306219885153E-16));
#4119=CARTESIAN_POINT('Ctrl Pts',(0.411210703441953,-6.21694609881148,6.84803050868673E-16));
#4120=CARTESIAN_POINT('Ctrl Pts',(0.481903910450787,-6.19504805589754,-1.36960610173735E-15));
#4121=CARTESIAN_POINT('Ctrl Pts',(0.528186099103187,-6.17814794944835,-2.39428673657324E-15));
#4122=CARTESIAN_POINT('Ctrl Pts',(0.596336312361211,-6.14933712145011,2.53887478224234E-16));
#4123=CARTESIAN_POINT('Ctrl Pts',(0.61884073520555,-6.13915636275336,-3.21840170497596E-15));
#4124=CARTESIAN_POINT('Ctrl Pts',(0.66342220940262,-6.11763309362839,1.35357396830088E-15));
#4125=CARTESIAN_POINT('Ctrl Pts',(0.685501309023847,-6.10628906787271,2.51860114132656E-15));
#4126=CARTESIAN_POINT('Ctrl Pts',(0.718288579898558,-6.0883934712575,4.97106948763242E-16));
#4127=CARTESIAN_POINT('Ctrl Pts',(0.729174876509361,-6.0822736600005,1.54354370159452E-15));
#4128=CARTESIAN_POINT('Ctrl Pts',(0.750786921647462,-6.06976578811513,-8.06286224304404E-16));
#4129=CARTESIAN_POINT('Ctrl Pts',(0.761489574294155,-6.06339163082836,7.57451880546107E-16));
#4130=CARTESIAN_POINT('Ctrl Pts',(0.793289352926163,-6.04391207463313,-3.14120701982045E-15));
#4131=CARTESIAN_POINT('Ctrl Pts',(0.814107190279414,-6.03043520854829,-2.99386838685466E-16));
#4132=CARTESIAN_POINT('Ctrl Pts',(0.854950455973522,-6.00253948708758,-6.11342986202357E-16));
#4133=CARTESIAN_POINT('Ctrl Pts',(0.874983184495338,-5.98811726666292,-1.84249444969331E-15));
#4134=CARTESIAN_POINT('Ctrl Pts',(0.914279519999171,-5.95833470238356,-6.29486503573632E-16));
#4135=CARTESIAN_POINT('Ctrl Pts',(0.933543137607352,-5.94297437149166,7.38862167882808E-16));
#4136=CARTESIAN_POINT('Ctrl Pts',(0.97130306386426,-5.91131779714279,-9.55702602379901E-16));
#4137=CARTESIAN_POINT('Ctrl Pts',(0.989799341204214,-5.89502151549905,-2.27299318116576E-16));
#4138=CARTESIAN_POINT('Ctrl Pts',(1.02601958451519,-5.8614869380402,-1.81100076615617E-15));
#4139=CARTESIAN_POINT('Ctrl Pts',(1.0437432050012,-5.84424822082607,-2.43015552324561E-15));
#4140=CARTESIAN_POINT('Ctrl Pts',(1.06974115324092,-5.81767357283942,4.01926132258687E-16));
#4141=CARTESIAN_POINT('Ctrl Pts',(1.07830935501439,-5.8086960901,-2.97944458984351E-16));
#4142=CARTESIAN_POINT('Ctrl Pts',(1.09524872182767,-5.79050079228541,1.55561897906752E-15));
#4143=CARTESIAN_POINT('Ctrl Pts',(1.10361855263914,-5.78128446014,1.8783051039214E-15));
#4144=CARTESIAN_POINT('Ctrl Pts',(1.12016485983829,-5.76260351361887,7.32588065525118E-17));
#4145=CARTESIAN_POINT('Ctrl Pts',(1.12833553788773,-5.75314430085533,1.53945925764795E-18));
#4146=CARTESIAN_POINT('Ctrl Pts',(1.14438333355918,-5.73409414193838,5.18877583535399E-16));
#4147=CARTESIAN_POINT('Ctrl Pts',(1.15228013119905,-5.72448200403936,-8.35867492646706E-16));
#4148=CARTESIAN_POINT('Ctrl Pts',(1.19107669265735,-5.67604429393957,1.28348584286436E-15));
#4149=CARTESIAN_POINT('Ctrl Pts',(1.22003452280141,-5.63599719863921,-8.00980807388483E-16));
#4150=CARTESIAN_POINT('Ctrl Pts',(1.27383728594221,-5.5534054155399,2.37195677696021E-16));
#4151=CARTESIAN_POINT('Ctrl Pts',(1.29869207622512,-5.51085529458515,-5.68483322092864E-17));
#4152=CARTESIAN_POINT('Ctrl Pts',(1.34427780647582,-5.42322853220756,1.05431433089595E-15));
#4153=CARTESIAN_POINT('Ctrl Pts',(1.36501192724752,-5.37814144990375,1.45201475213003E-16));
#4154=CARTESIAN_POINT('Ctrl Pts',(1.40217040258766,-5.28537502594349,1.58375133082938E-16));
#4155=CARTESIAN_POINT('Ctrl Pts',(1.41829212540789,-5.23847772281971,8.34870782816078E-16));
#4156=CARTESIAN_POINT('Ctrl Pts',(1.44582904782059,-5.14364271187944,-1.08771317270967E-17));
#4157=CARTESIAN_POINT('Ctrl Pts',(1.45724015074263,-5.09571369279282,-8.97088035229393E-17));
#4158=CARTESIAN_POINT('Ctrl Pts',(1.47083916578742,-5.02305688569503,-2.47880184809616E-16));
#4159=CARTESIAN_POINT('Ctrl Pts',(1.47478474588716,-4.99871048704369,3.38490331809625E-16));
#4160=CARTESIAN_POINT('Ctrl Pts',(1.48148954849271,-4.94976026677104,1.38558624083996E-16));
#4161=CARTESIAN_POINT('Ctrl Pts',(1.48424888128744,-4.92515480630048,-5.95653701486983E-16));
#4162=CARTESIAN_POINT('Ctrl Pts',(1.48748220733994,-4.888055085592,-1.25011996525855E-16));
#4163=CARTESIAN_POINT('Ctrl Pts',(1.48840911712916,-4.87565251285683,7.17373050973781E-16));
#4164=CARTESIAN_POINT('Ctrl Pts',(1.48995709630556,-4.85078906976636,3.66829121511726E-16));
#4165=CARTESIAN_POINT('Ctrl Pts',(1.49057872016449,-4.8383117180218,-3.3043643759421E-16));
#4166=CARTESIAN_POINT('Ctrl Pts',(1.49127736681359,-4.81958848603559,1.32692153622543E-16));
#4167=CARTESIAN_POINT('Ctrl Pts',(1.4914713441206,-4.81334741935146,1.11394983089657E-15));
#4168=CARTESIAN_POINT('Ctrl Pts',(1.49170395571138,-4.80398406501276,-4.59396719924572E-16));
#4169=CARTESIAN_POINT('Ctrl Pts',(1.49177176580121,-4.80086275283912,-3.29704708407567E-15));
#4170=CARTESIAN_POINT('Ctrl Pts',(1.49188792552178,-4.79461974024574,-3.46837447223388E-15));
#4171=CARTESIAN_POINT('Ctrl Pts',(1.49193627514853,-4.79149803982593,-1.03594889889347E-16));
#4172=CARTESIAN_POINT('Ctrl Pts',(1.49198454415156,-4.78759567154277,2.6984421128157E-16));
#4173=CARTESIAN_POINT('Ctrl Pts',(1.49199358953901,-4.78681518574799,6.67159895837232E-16));
#4174=CARTESIAN_POINT('Ctrl Pts',(1.49201046334881,-4.78525418987935,-6.23791808938007E-16));
#4175=CARTESIAN_POINT('Ctrl Pts',(1.49201827036995,-4.78447367937909,3.87466138326692E-16));
#4176=CARTESIAN_POINT('Ctrl Pts',(1.49202913224854,-4.78330289669592,3.39493870585745E-17));
#4177=CARTESIAN_POINT('Ctrl Pts',(1.4920325803116,-4.78291263235939,1.72014043778334E-16));
#4178=CARTESIAN_POINT('Ctrl Pts',(1.49203918962326,-4.78213209796364,2.18298738316434E-16));
#4179=CARTESIAN_POINT('Ctrl Pts',(1.49204233273441,-4.78174182754322,1.20082427148719E-16));
#4180=CARTESIAN_POINT('Ctrl Pts',(1.49205189923837,-4.78057101901649,-6.3047763639222E-16));
#4181=CARTESIAN_POINT('Ctrl Pts',(1.49205824064857,-4.77979047927932,2.479544976659E-16));
#4182=CARTESIAN_POINT('Ctrl Pts',(1.4920775318757,-4.77744886537658,-4.3085686498267E-16));
#4183=CARTESIAN_POINT('Ctrl Pts',(1.49209021845847,-4.77588778597589,-5.48763123056348E-16));
#4184=CARTESIAN_POINT('Ctrl Pts',(1.49211578792364,-4.77276563108025,-1.88494354233768E-16));
#4185=CARTESIAN_POINT('Ctrl Pts',(1.49212858000214,-4.77120455377898,3.64659092779598E-17));
#4186=CARTESIAN_POINT('Ctrl Pts',(1.49216697819552,-4.76652132231324,2.52328833189721E-16));
#4187=CARTESIAN_POINT('Ctrl Pts',(1.49219260626833,-4.76339916858684,6.67032311040597E-16));
#4188=CARTESIAN_POINT('Ctrl Pts',(1.49224392054296,-4.75715486229375,-4.06823789644116E-16));
#4189=CARTESIAN_POINT('Ctrl Pts',(1.49226960674479,-4.75403270972706,6.25911443274874E-16));
#4190=CARTESIAN_POINT('Ctrl Pts',(1.49229532179852,-4.75091055773598,-2.16840434497101E-16));
#4191=CARTESIAN_POINT('Ctrl Pts',(-1.62993033045062,-4.75182252662946,-0.108502093745996));
#4192=CARTESIAN_POINT('Ctrl Pts',(-1.62991074951641,-4.75493370803227,-0.108512014277638));
#4193=CARTESIAN_POINT('Ctrl Pts',(-1.62989119011683,-4.7580448913346,-0.108521926716152));
#4194=CARTESIAN_POINT('Ctrl Pts',(-1.6298521147176,-4.76426726180326,-0.108541735223102));
#4195=CARTESIAN_POINT('Ctrl Pts',(-1.62983259871794,-4.76737844896958,-0.108551631291536));
#4196=CARTESIAN_POINT('Ctrl Pts',(-1.62980335751658,-4.7720452326658,-0.108566462978553));
#4197=CARTESIAN_POINT('Ctrl Pts',(-1.62979361591582,-4.77360082772233,-0.108571404804949));
#4198=CARTESIAN_POINT('Ctrl Pts',(-1.62977414368839,-4.77671201882576,-0.108581284296149));
#4199=CARTESIAN_POINT('Ctrl Pts',(-1.62976488755802,-4.77825715426148,-0.108587339472016));
#4200=CARTESIAN_POINT('Ctrl Pts',(-1.62974958813524,-4.78060623999747,-0.108593066564136));
#4201=CARTESIAN_POINT('Ctrl Pts',(-1.62974482642574,-4.78138289721153,-0.108595656550284));
#4202=CARTESIAN_POINT('Ctrl Pts',(-1.62973774338396,-4.78254346131368,-0.108600010707044));
#4203=CARTESIAN_POINT('Ctrl Pts',(-1.62973547917521,-4.78292814646025,-0.10860169362605));
#4204=CARTESIAN_POINT('Ctrl Pts',(-1.62973015228154,-4.7837184625234,-0.108602824445614));
#4205=CARTESIAN_POINT('Ctrl Pts',(-1.62972561413273,-4.78415837732188,-0.108598610566016));
#4206=CARTESIAN_POINT('Ctrl Pts',(-1.62971307791406,-4.78543568762093,-0.108590487213221));
#4207=CARTESIAN_POINT('Ctrl Pts',(-1.62970443310061,-4.78627825933677,-0.108586016180017));
#4208=CARTESIAN_POINT('Ctrl Pts',(-1.62968545805905,-4.78797198915604,-0.108576131962629));
#4209=CARTESIAN_POINT('Ctrl Pts',(-1.62967540701464,-4.78881838800466,-0.108571228268288));
#4210=CARTESIAN_POINT('Ctrl Pts',(-1.62962092937949,-4.79305313355052,-0.108546337182315));
#4211=CARTESIAN_POINT('Ctrl Pts',(-1.62956758987116,-4.796436184775,-0.108526737248577));
#4212=CARTESIAN_POINT('Ctrl Pts',(-1.62943921939486,-4.80320094114613,-0.10848725520059));
#4213=CARTESIAN_POINT('Ctrl Pts',(-1.62936456383686,-4.80658129135158,-0.10846752361825));
#4214=CARTESIAN_POINT('Ctrl Pts',(-1.62910929581177,-4.81671627951606,-0.108408350202148));
#4215=CARTESIAN_POINT('Ctrl Pts',(-1.62889738310835,-4.82346485517489,-0.108368929625347));
#4216=CARTESIAN_POINT('Ctrl Pts',(-1.62813727010126,-4.84368649790478,-0.108250700576921));
#4217=CARTESIAN_POINT('Ctrl Pts',(-1.62746471448275,-4.85713548339315,-0.108171923522403));
#4218=CARTESIAN_POINT('Ctrl Pts',(-1.62579185191069,-4.88397004242597,-0.108014211690535));
#4219=CARTESIAN_POINT('Ctrl Pts',(-1.62479154116438,-4.89735561545902,-0.107935277419191));
#4220=CARTESIAN_POINT('Ctrl Pts',(-1.62130377325192,-4.9374182882062,-0.107697941788666));
#4221=CARTESIAN_POINT('Ctrl Pts',(-1.61832977853644,-4.96400138268938,-0.107538992851576));
#4222=CARTESIAN_POINT('Ctrl Pts',(-1.61110165910918,-5.01692147787084,-0.107218549303504));
#4223=CARTESIAN_POINT('Ctrl Pts',(-1.60684750828618,-5.04325847799843,-0.107057065179256));
#4224=CARTESIAN_POINT('Ctrl Pts',(-1.59217536738748,-5.12190507647565,-0.106567973276015));
#4225=CARTESIAN_POINT('Ctrl Pts',(-1.57985320201059,-5.17385114490552,-0.106235617179631));
#4226=CARTESIAN_POINT('Ctrl Pts',(-1.55005271951926,-5.27677965896227,-0.105559131131013));
#4227=CARTESIAN_POINT('Ctrl Pts',(-1.5325741782639,-5.32776545865227,-0.10521537774664));
#4228=CARTESIAN_POINT('Ctrl Pts',(-1.49220220404144,-5.42873944694006,-0.104521040799019));
#4229=CARTESIAN_POINT('Ctrl Pts',(-1.46968488478252,-5.47775933869294,-0.104179980158182));
#4230=CARTESIAN_POINT('Ctrl Pts',(-1.42021199459618,-5.57295935250198,-0.103503929474221));
#4231=CARTESIAN_POINT('Ctrl Pts',(-1.39325280928198,-5.61915176458281,-0.1031675301032));
#4232=CARTESIAN_POINT('Ctrl Pts',(-1.34951659337983,-5.68636413388397,-0.102663719766114));
#4233=CARTESIAN_POINT('Ctrl Pts',(-1.33438703046018,-5.70842199773582,-0.102495959240032));
#4234=CARTESIAN_POINT('Ctrl Pts',(-1.30301667099851,-5.75184333079475,-0.102161248472526));
#4235=CARTESIAN_POINT('Ctrl Pts',(-1.28677595443309,-5.77320685151029,-0.10199430041485));
#4236=CARTESIAN_POINT('Ctrl Pts',(-1.25316352816192,-5.81523158309488,-0.101662176404726));
#4237=CARTESIAN_POINT('Ctrl Pts',(-1.23579427201125,-5.83588950624575,-0.101497027773268));
#4238=CARTESIAN_POINT('Ctrl Pts',(-1.20886150957277,-5.86634852405482,-0.101251629138657));
#4239=CARTESIAN_POINT('Ctrl Pts',(-1.19972793298159,-5.87642220333613,-0.101170149076554));
#4240=CARTESIAN_POINT('Ctrl Pts',(-1.18126394959755,-5.89628303179722,-0.101009069576773));
#4241=CARTESIAN_POINT('Ctrl Pts',(-1.17192421143951,-5.90608250361488,-0.100929405802342));
#4242=CARTESIAN_POINT('Ctrl Pts',(-1.12470111475952,-5.95440202858401,-0.100535719878003));
#4243=CARTESIAN_POINT('Ctrl Pts',(-1.0852480165549,-5.99092764126337,-0.100238575465397));
#4244=CARTESIAN_POINT('Ctrl Pts',(-1.00315168542606,-6.05977878744557,-0.0996732191119987));
#4245=CARTESIAN_POINT('Ctrl Pts',(-0.960495591078435,-6.092123888735,-0.0994039670904186));
#4246=CARTESIAN_POINT('Ctrl Pts',(-0.894080379128525,-6.13752465766504,
-0.0990185295059294));
#4247=CARTESIAN_POINT('Ctrl Pts',(-0.871535725784454,-6.15213803338315,
-0.0988931704138439));
#4248=CARTESIAN_POINT('Ctrl Pts',(-0.83709741337207,-6.17326766499157,-0.0987102163093897));
#4249=CARTESIAN_POINT('Ctrl Pts',(-0.82551437536079,-6.18017908105741,-0.0986500825144027));
#4250=CARTESIAN_POINT('Ctrl Pts',(-0.802138336778522,-6.19373567808235,
-0.098531638994322));
#4251=CARTESIAN_POINT('Ctrl Pts',(-0.790347892122289,-6.20037941012045,
-0.098473341805834));
#4252=CARTESIAN_POINT('Ctrl Pts',(-0.766543537014837,-6.21340313943529,
-0.0983586800902239));
#4253=CARTESIAN_POINT('Ctrl Pts',(-0.7545432464376,-6.21977478669854,-0.0983023885857442));
#4254=CARTESIAN_POINT('Ctrl Pts',(-0.730469782968503,-6.23217356255101,
-0.0981926198125709));
#4255=CARTESIAN_POINT('Ctrl Pts',(-0.718371607663189,-6.23821445323233,
-0.0981390216190738));
#4256=CARTESIAN_POINT('Ctrl Pts',(-0.68192587589825,-6.25584783828961,-0.0979825030045131));
#4257=CARTESIAN_POINT('Ctrl Pts',(-0.657403260866739,-6.26696452242677,
-0.0978837557159075));
#4258=CARTESIAN_POINT('Ctrl Pts',(-0.583181412630185,-6.29840371816427,
-0.0976068411263865));
#4259=CARTESIAN_POINT('Ctrl Pts',(-0.532852199002607,-6.31680851287954,
-0.0974495539230967));
#4260=CARTESIAN_POINT('Ctrl Pts',(-0.456120895793699,-6.34063620426542,
-0.0972505053105945));
#4261=CARTESIAN_POINT('Ctrl Pts',(-0.430334723216316,-6.34794859697721,
-0.0971903114711556));
#4262=CARTESIAN_POINT('Ctrl Pts',(-0.378337928194235,-6.36130627976995,
-0.097082340580812));
#4263=CARTESIAN_POINT('Ctrl Pts',(-0.35212686322336,-6.36735174342046,-0.097034555788397));
#4264=CARTESIAN_POINT('Ctrl Pts',(-0.299270320048581,-6.37815698845272,
-0.0969521027090799));
#4265=CARTESIAN_POINT('Ctrl Pts',(-0.272613508929985,-6.38291838516598,
-0.0969174669937115));
#4266=CARTESIAN_POINT('Ctrl Pts',(-0.218899740991262,-6.3911176364683,-0.0968620030221969));
#4267=CARTESIAN_POINT('Ctrl Pts',(-0.192070399151304,-6.39452181513852,
-0.0968413975499805));
#4268=CARTESIAN_POINT('Ctrl Pts',(-0.138408704971833,-6.39997376226239,
-0.0968147833779716));
#4269=CARTESIAN_POINT('Ctrl Pts',(-0.111585260916089,-6.4020201118901,-0.0968087841302493));
#4270=CARTESIAN_POINT('Ctrl Pts',(-0.0579499625376592,-6.40476691304929,
-0.0968123770122835));
#4271=CARTESIAN_POINT('Ctrl Pts',(-0.0311346099717233,-6.40546732918216,
-0.0968220317045379));
#4272=CARTESIAN_POINT('Ctrl Pts',(0.0224745357563455,-6.40552342952748,
-0.0968582810818713));
#4273=CARTESIAN_POINT('Ctrl Pts',(0.0492587155671844,-6.40488092781105,
-0.0968841560154698));
#4274=CARTESIAN_POINT('Ctrl Pts',(0.102806561555522,-6.40225828801288,-0.0969506465682984));
#4275=CARTESIAN_POINT('Ctrl Pts',(0.1295673487674,-6.40027817288699,-0.0969912102802381));
#4276=CARTESIAN_POINT('Ctrl Pts',(0.183065771903263,-6.39497208099239,-0.0970865950628725));
#4277=CARTESIAN_POINT('Ctrl Pts',(0.209811341424154,-6.39164452141808,-0.0971414415844552));
#4278=CARTESIAN_POINT('Ctrl Pts',(0.249890957150393,-6.38563327177178,-0.0972345526317458));
#4279=CARTESIAN_POINT('Ctrl Pts',(0.263256249263171,-6.38345691740712,-0.0972674395893917));
#4280=CARTESIAN_POINT('Ctrl Pts',(0.289974422480066,-6.37876055598175,-0.0973369267240509));
#4281=CARTESIAN_POINT('Ctrl Pts',(0.303336542789185,-6.37623799478474,-0.097373572313555));
#4282=CARTESIAN_POINT('Ctrl Pts',(0.343193661622818,-6.36819211122193,-0.0974886126513538));
#4283=CARTESIAN_POINT('Ctrl Pts',(0.369520817574299,-6.36218403604842,-0.09757200170519));
#4284=CARTESIAN_POINT('Ctrl Pts',(0.421712973292563,-6.34890113642231,-0.0977507638278435));
#4285=CARTESIAN_POINT('Ctrl Pts',(0.447576054943983,-6.34162703187128,-0.0978461251172703));
#4286=CARTESIAN_POINT('Ctrl Pts',(0.524480517598342,-6.31792855598744,-0.0981488029585482));
#4287=CARTESIAN_POINT('Ctrl Pts',(0.574844020416413,-6.29963102524253,-0.0983727518080487));
#4288=CARTESIAN_POINT('Ctrl Pts',(0.649029345294246,-6.26842246983061,-0.0987413397928319));
#4289=CARTESIAN_POINT('Ctrl Pts',(0.673522689378596,-6.25739548196611,-0.0988691718405207));
#4290=CARTESIAN_POINT('Ctrl Pts',(0.722044147655683,-6.23408211007978,-0.0991343418576409));
#4291=CARTESIAN_POINT('Ctrl Pts',(0.746073741309589,-6.22179438546206,-0.0992716512714884));
#4292=CARTESIAN_POINT('Ctrl Pts',(0.781758896921713,-6.20240852806011,-0.099484550617626));
#4293=CARTESIAN_POINT('Ctrl Pts',(0.793607615621078,-6.19577883767453,-0.0995567680960368));
#4294=CARTESIAN_POINT('Ctrl Pts',(0.817131232529428,-6.18222812656106,-0.0997032387132327));
#4295=CARTESIAN_POINT('Ctrl Pts',(0.828781048029579,-6.17532213314193,-0.099777336364871));
#4296=CARTESIAN_POINT('Ctrl Pts',(0.863396730461389,-6.15421605498316,-0.100002217489852));
#4297=CARTESIAN_POINT('Ctrl Pts',(0.886061911911321,-6.139611267604,-0.100155923007371));
#4298=CARTESIAN_POINT('Ctrl Pts',(0.930532486360921,-6.10937870351473,-0.10047046226647));
#4299=CARTESIAN_POINT('Ctrl Pts',(0.952344860547259,-6.09374788473323,-0.10063102596057));
#4300=CARTESIAN_POINT('Ctrl Pts',(0.99513728990865,-6.06146527603361,-0.10095779410469));
#4301=CARTESIAN_POINT('Ctrl Pts',(1.01611718483782,-6.0448136074919,-0.101123967834224));
#4302=CARTESIAN_POINT('Ctrl Pts',(1.05724897881553,-6.01048898356846,-0.101461404168925));
#4303=CARTESIAN_POINT('Ctrl Pts',(1.0774012295241,-5.99281561116837,-0.101632703401547));
#4304=CARTESIAN_POINT('Ctrl Pts',(1.11687311354604,-5.95643936162618,-0.10198039999166));
#4305=CARTESIAN_POINT('Ctrl Pts',(1.13619609989592,-5.93773239516481,-0.102157182076807));
#4306=CARTESIAN_POINT('Ctrl Pts',(1.16453882930481,-5.90889603424535,-0.102425821360336));
#4307=CARTESIAN_POINT('Ctrl Pts',(1.17387963806185,-5.89915476834222,-0.102515898772674));
#4308=CARTESIAN_POINT('Ctrl Pts',(1.19234667671123,-5.87941142392611,-0.102697060981787));
#4309=CARTESIAN_POINT('Ctrl Pts',(1.20147141048996,-5.86941099933145,-0.10278812183177));
#4310=CARTESIAN_POINT('Ctrl Pts',(1.21951053322629,-5.84914047954753,-0.102971201741387));
#4311=CARTESIAN_POINT('Ctrl Pts',(1.22841860266701,-5.83887624396124,-0.103063163931028));
#4312=CARTESIAN_POINT('Ctrl Pts',(1.24591542958946,-5.8182042341048,-0.103246841331607));
#4313=CARTESIAN_POINT('Ctrl Pts',(1.2545256665092,-5.80777342844148,-0.103338771989269));
#4314=CARTESIAN_POINT('Ctrl Pts',(1.29682962162781,-5.75520833620689,-0.103798128468291));
#4315=CARTESIAN_POINT('Ctrl Pts',(1.32841524772816,-5.71173954354965,-0.104165836348251));
#4316=CARTESIAN_POINT('Ctrl Pts',(1.38712428362415,-5.62206473388893,-0.104900872565022));
#4317=CARTESIAN_POINT('Ctrl Pts',(1.41425613688936,-5.57585538328001,-0.105266897048412));
#4318=CARTESIAN_POINT('Ctrl Pts',(1.46404803624811,-5.4806548829429,-0.105994939514148));
#4319=CARTESIAN_POINT('Ctrl Pts',(1.48671672657078,-5.43164012180214,-0.106358201257872));
#4320=CARTESIAN_POINT('Ctrl Pts',(1.52736505806941,-5.33077760460073,-0.107086415861308));
#4321=CARTESIAN_POINT('Ctrl Pts',(1.54500798950522,-5.27979441807127,-0.107442468559144));
#4322=CARTESIAN_POINT('Ctrl Pts',(1.57517079867532,-5.17667606910276,-0.10813483601383));
#4323=CARTESIAN_POINT('Ctrl Pts',(1.58768516032523,-5.12455236921649,-0.108470664416825));
#4324=CARTESIAN_POINT('Ctrl Pts',(1.60262684218376,-5.04551174480962,-0.108958497086897));
#4325=CARTESIAN_POINT('Ctrl Pts',(1.60696778645762,-5.01902212054804,-0.109118483951436));
#4326=CARTESIAN_POINT('Ctrl Pts',(1.61435769824993,-4.96575320094126,-0.10943388099252));
#4327=CARTESIAN_POINT('Ctrl Pts',(1.61740677970333,-4.93897211444964,-0.109589288907885));
#4328=CARTESIAN_POINT('Ctrl Pts',(1.62099383467834,-4.89858416382986,-0.109819862278622));
#4329=CARTESIAN_POINT('Ctrl Pts',(1.62202518494034,-4.88508102294115,-0.10989632565976));
#4330=CARTESIAN_POINT('Ctrl Pts',(1.62375467652526,-4.85800861007927,-0.110048602166322));
#4331=CARTESIAN_POINT('Ctrl Pts',(1.62445344986492,-4.84442138809454,-0.110124514379051));
#4332=CARTESIAN_POINT('Ctrl Pts',(1.62524681078174,-4.82403070196861,-0.110237875796743));
#4333=CARTESIAN_POINT('Ctrl Pts',(1.62546886120626,-4.81723348486532,-0.110275571793913));
#4334=CARTESIAN_POINT('Ctrl Pts',(1.62573833597804,-4.80703525124296,-0.110332019462417));
#4335=CARTESIAN_POINT('Ctrl Pts',(1.62581755909014,-4.80363554582589,-0.110350818728812));
#4336=CARTESIAN_POINT('Ctrl Pts',(1.62595479456653,-4.79683554714642,-0.11038838925907));
#4337=CARTESIAN_POINT('Ctrl Pts',(1.62601280692623,-4.79343525388416,-0.110407160522981));
#4338=CARTESIAN_POINT('Ctrl Pts',(1.62607205977667,-4.78918452032084,-0.110430610490995));
#4339=CARTESIAN_POINT('Ctrl Pts',(1.62608324720442,-4.78833435525941,-0.110435299779995));
#4340=CARTESIAN_POINT('Ctrl Pts',(1.62610429562,-4.78663398844984,-0.110444677034211));
#4341=CARTESIAN_POINT('Ctrl Pts',(1.62611424467887,-4.78578093506405,-0.11044967477901));
#4342=CARTESIAN_POINT('Ctrl Pts',(1.62612790907702,-4.78450988239256,-0.110456241131132));
#4343=CARTESIAN_POINT('Ctrl Pts',(1.62613206773336,-4.78409151971313,-0.11045785109601));
#4344=CARTESIAN_POINT('Ctrl Pts',(1.62614123884633,-4.78322492575902,-0.110464314724632));
#4345=CARTESIAN_POINT('Ctrl Pts',(1.62614402246067,-4.78283324371381,-0.110463024572614));
#4346=CARTESIAN_POINT('Ctrl Pts',(1.62615177884868,-4.78167722798221,-0.110457085556236));
#4347=CARTESIAN_POINT('Ctrl Pts',(1.62615760818788,-4.78088867675689,-0.110455067934274));
#4348=CARTESIAN_POINT('Ctrl Pts',(1.62617459162965,-4.77854335265329,-0.110446804623871));
#4349=CARTESIAN_POINT('Ctrl Pts',(1.6261854971464,-4.77698556333578,-0.110440666903826));
#4350=CARTESIAN_POINT('Ctrl Pts',(1.62620774379771,-4.7738642226973,-0.110429013257042));
#4351=CARTESIAN_POINT('Ctrl Pts',(1.62621887339549,-4.77230355173845,-0.110423184087244));
#4352=CARTESIAN_POINT('Ctrl Pts',(1.62625228093426,-4.76762153694231,-0.11040568958033));
#4353=CARTESIAN_POINT('Ctrl Pts',(1.62627457762063,-4.76450019118543,-0.110394017245707));
#4354=CARTESIAN_POINT('Ctrl Pts',(1.62631922060283,-4.75825749454866,-0.110370654138543));
#4355=CARTESIAN_POINT('Ctrl Pts',(1.62634156689866,-4.75513614366878,-0.110358963365995));
#4356=CARTESIAN_POINT('Ctrl Pts',(1.62636393781023,-4.75201479022532,-0.110347263485345));
#4357=CARTESIAN_POINT('Origin',(2.325,4.75,-1.21961524227066));
#4358=CARTESIAN_POINT('',(2.025,4.75,-0.7));
#4359=CARTESIAN_POINT('',(2.325,-4.75,-1.21961524227066));
#4360=CARTESIAN_POINT('Origin',(-1.74512168878498E-15,-4.75,-1.21961524227066));
#4361=CARTESIAN_POINT('',(-2.325,-4.75,-1.21961524227066));
#4362=CARTESIAN_POINT('Origin',(-1.74512168878498E-15,4.75,-1.21961524227066));
#4363=CARTESIAN_POINT('',(-2.02500000000001,4.75,-0.7));
#4364=CARTESIAN_POINT('Origin',(-2.325,-4.75,-1.21961524227066));
#4365=CARTESIAN_POINT('Origin',(-2.3251,-2.85,-1.45));
#4366=CARTESIAN_POINT('',(2.025,-2.85,-1.25));
#4367=CARTESIAN_POINT('Origin',(-2.3251,-4.55,-1.25));
#4368=CARTESIAN_POINT('',(2.025,-4.55,-1.25));
#4369=CARTESIAN_POINT('Origin',(-2.3251,-4.55,-1.45));
#4370=CARTESIAN_POINT('',(2.025,-4.75,-1.45));
#4371=CARTESIAN_POINT('Origin',(-2.3251,-4.75,-1.45));
#4372=CARTESIAN_POINT('',(1.525,-4.75,-2.45));
#4373=CARTESIAN_POINT('',(1.525,-4.75,-2.45));
#4374=CARTESIAN_POINT('',(1.525,-4.75,-2.45));
#4375=CARTESIAN_POINT('Origin',(0.,-4.75,-2.45));
#4376=CARTESIAN_POINT('',(-1.525,-4.75,-2.45));
#4377=CARTESIAN_POINT('Origin',(0.,-4.75,-2.45));
#4378=CARTESIAN_POINT('',(-1.525,-4.75,-2.45));
#4379=CARTESIAN_POINT('Origin',(-1.74512168878498E-15,4.75,-2.45));
#4380=CARTESIAN_POINT('',(-1.525,4.75,-2.45));
#4381=CARTESIAN_POINT('',(-1.525,4.75,-2.45));
#4382=CARTESIAN_POINT('',(1.525,4.75,-2.45));
#4383=CARTESIAN_POINT('Origin',(-1.74512168878498E-15,4.75,-2.45));
#4384=CARTESIAN_POINT('',(1.525,4.75,-2.45));
#4385=CARTESIAN_POINT('Origin',(-1.525,4.75,-2.45));
#4386=CARTESIAN_POINT('',(-1.525,4.75,-2.45));
#4387=CARTESIAN_POINT('Origin',(1.525,-2.65,-2.45));
#4388=CARTESIAN_POINT('',(1.525,-2.65,-2.45));
#4389=CARTESIAN_POINT('Origin',(-1.74512168878498E-15,4.75,-2.45));
#4390=CARTESIAN_POINT('',(-2.325,-4.75,-2.45));
#4391=CARTESIAN_POINT('',(-2.025,4.75,-2.45));
#4392=CARTESIAN_POINT('',(2.325,4.75,-2.45));
#4393=CARTESIAN_POINT('',(2.05,4.,-2.45));
#4394=CARTESIAN_POINT('Origin',(1.925,4.,-2.45));
#4395=CARTESIAN_POINT('',(-1.8,4.,-2.45));
#4396=CARTESIAN_POINT('Origin',(-1.925,4.,-2.45));
#4397=CARTESIAN_POINT('',(-1.8,-4.,-2.45));
#4398=CARTESIAN_POINT('Origin',(-1.925,-4.,-2.45));
#4399=CARTESIAN_POINT('',(2.05,-2.05,-2.45));
#4400=CARTESIAN_POINT('Origin',(1.925,-2.05,-2.45));
#4401=CARTESIAN_POINT('',(0.124999999999998,-6.525,-2.45));
#4402=CARTESIAN_POINT('Origin',(-1.73735329463593E-15,-6.525,-2.45));
#4403=CARTESIAN_POINT('',(2.05,-1.53080849893418E-17,-2.45));
#4404=CARTESIAN_POINT('Origin',(1.925,0.,-2.45));
#4405=CARTESIAN_POINT('',(-1.8,-1.53080849893418E-17,-2.45));
#4406=CARTESIAN_POINT('Origin',(-1.925,0.,-2.45));
#4407=CARTESIAN_POINT('',(0.124999999999999,6.525,-2.45));
#4408=CARTESIAN_POINT('Origin',(0.,6.525,-2.45));
#4409=CARTESIAN_POINT('Origin',(2.025,4.75,7.05473566176358));
#4410=CARTESIAN_POINT('Origin',(-2.02500000000001,4.75,7.05473566176358));
#4411=CARTESIAN_POINT('Origin',(-2.02500000000001,-4.75,7.05473566176358));
#4412=CARTESIAN_POINT('Origin',(0.,6.525,-1.45));
#4413=CARTESIAN_POINT('',(-2.63325410675116E-16,6.525,-1.37489242262155));
#4414=CARTESIAN_POINT('',(0.125,6.525,-1.45));
#4415=CARTESIAN_POINT('',(0.125,6.525,-1.45));
#4416=CARTESIAN_POINT('Origin',(0.,6.525,-1.45));
#4417=CARTESIAN_POINT('Origin',(0.,6.525,-2.45));
#4418=CARTESIAN_POINT('',(0.124999999999999,6.525,-2.45));
#4419=CARTESIAN_POINT('Origin',(-1.925,0.,-1.45));
#4420=CARTESIAN_POINT('',(-1.925,0.,-1.37489242262155));
#4421=CARTESIAN_POINT('',(-1.8,-1.53080849893419E-17,-1.45));
#4422=CARTESIAN_POINT('',(-1.8,-1.53080849893419E-17,-1.45));
#4423=CARTESIAN_POINT('Origin',(-1.925,0.,-1.45));
#4424=CARTESIAN_POINT('Origin',(-1.925,0.,-2.45));
#4425=CARTESIAN_POINT('',(-1.8,-1.53080849893418E-17,-2.45));
#4426=CARTESIAN_POINT('Origin',(1.925,0.,-1.45));
#4427=CARTESIAN_POINT('',(1.925,0.,-1.37489242262155));
#4428=CARTESIAN_POINT('',(2.05,-1.53080849893419E-17,-1.45));
#4429=CARTESIAN_POINT('',(2.05,-1.53080849893419E-17,-1.45));
#4430=CARTESIAN_POINT('Origin',(1.925,0.,-1.45));
#4431=CARTESIAN_POINT('Origin',(1.925,0.,-2.45));
#4432=CARTESIAN_POINT('',(2.05,-1.53080849893418E-17,-2.45));
#4433=CARTESIAN_POINT('Origin',(-1.73735329463593E-15,-6.525,-1.45));
#4434=CARTESIAN_POINT('',(-2.00067870531105E-15,-6.525,-1.37489242262155));
#4435=CARTESIAN_POINT('',(0.124999999999998,-6.525,-1.45));
#4436=CARTESIAN_POINT('',(0.124999999999998,-6.525,-1.45));
#4437=CARTESIAN_POINT('Origin',(-1.73735329463593E-15,-6.525,-1.45));
#4438=CARTESIAN_POINT('Origin',(-1.73735329463593E-15,-6.525,-2.45));
#4439=CARTESIAN_POINT('',(0.124999999999998,-6.525,-2.45));
#4440=CARTESIAN_POINT('Origin',(1.925,-2.05,-1.45));
#4441=CARTESIAN_POINT('',(1.925,-2.05,-1.37489242262155));
#4442=CARTESIAN_POINT('',(2.05,-2.05,-1.45));
#4443=CARTESIAN_POINT('',(2.05,-2.05,-1.45));
#4444=CARTESIAN_POINT('Origin',(1.925,-2.05,-1.45));
#4445=CARTESIAN_POINT('Origin',(1.925,-2.05,-2.45));
#4446=CARTESIAN_POINT('',(2.05,-2.05,-2.45));
#4447=CARTESIAN_POINT('Origin',(-1.925,-4.,-1.45));
#4448=CARTESIAN_POINT('',(-1.925,-4.,-1.37489242262155));
#4449=CARTESIAN_POINT('',(-1.8,-4.,-1.45));
#4450=CARTESIAN_POINT('',(-1.8,-4.,-1.45));
#4451=CARTESIAN_POINT('Origin',(-1.925,-4.,-1.45));
#4452=CARTESIAN_POINT('Origin',(-1.925,-4.,-2.45));
#4453=CARTESIAN_POINT('',(-1.8,-4.,-2.45));
#4454=CARTESIAN_POINT('Origin',(-1.925,4.,-1.45));
#4455=CARTESIAN_POINT('',(-1.925,4.,-1.37489242262155));
#4456=CARTESIAN_POINT('',(-1.8,4.,-1.45));
#4457=CARTESIAN_POINT('',(-1.8,4.,-1.45));
#4458=CARTESIAN_POINT('Origin',(-1.925,4.,-1.45));
#4459=CARTESIAN_POINT('Origin',(-1.925,4.,-2.45));
#4460=CARTESIAN_POINT('',(-1.8,4.,-2.45));
#4461=CARTESIAN_POINT('Origin',(1.925,4.,-1.45));
#4462=CARTESIAN_POINT('',(1.925,4.,-1.37489242262155));
#4463=CARTESIAN_POINT('',(2.05,4.,-1.45));
#4464=CARTESIAN_POINT('',(2.05,4.,-1.45));
#4465=CARTESIAN_POINT('Origin',(1.925,4.,-1.45));
#4466=CARTESIAN_POINT('Origin',(1.925,4.,-2.45));
#4467=CARTESIAN_POINT('',(2.05,4.,-2.45));
#4468=UNCERTAINTY_MEASURE_WITH_UNIT(LENGTH_MEASURE(0.001),#4472,
'DISTANCE_ACCURACY_VALUE',
'Maximum model space distance between geometric entities at asserted c
onnectivities');
#4469=UNCERTAINTY_MEASURE_WITH_UNIT(LENGTH_MEASURE(0.001),#4472,
'DISTANCE_ACCURACY_VALUE',
'Maximum model space distance between geometric entities at asserted c
onnectivities');
#4470=(
GEOMETRIC_REPRESENTATION_CONTEXT(3)
GLOBAL_UNCERTAINTY_ASSIGNED_CONTEXT((#4468))
GLOBAL_UNIT_ASSIGNED_CONTEXT((#4472,#4473,#4474))
REPRESENTATION_CONTEXT('','3D')
);
#4471=(
GEOMETRIC_REPRESENTATION_CONTEXT(3)
GLOBAL_UNCERTAINTY_ASSIGNED_CONTEXT((#4469))
GLOBAL_UNIT_ASSIGNED_CONTEXT((#4472,#4473,#4474))
REPRESENTATION_CONTEXT('','3D')
);
#4472=(
LENGTH_UNIT()
NAMED_UNIT(*)
SI_UNIT(.CENTI.,.METRE.)
);
#4473=(
NAMED_UNIT(*)
PLANE_ANGLE_UNIT()
SI_UNIT($,.RADIAN.)
);
#4474=(
NAMED_UNIT(*)
SI_UNIT($,.STERADIAN.)
SOLID_ANGLE_UNIT()
);
#4475=SHAPE_DEFINITION_REPRESENTATION(#4476,#4477);
#4476=PRODUCT_DEFINITION_SHAPE('',$,#4479);
#4477=SHAPE_REPRESENTATION('',(#1036),#4470);
#4478=PRODUCT_DEFINITION_CONTEXT('part definition',#4483,'design');
#4479=PRODUCT_DEFINITION('Cover Telecamera','Cover Telecamera',#4480,#4478);
#4480=PRODUCT_DEFINITION_FORMATION('',$,#4485);
#4481=PRODUCT_RELATED_PRODUCT_CATEGORY('Cover Telecamera',
'Cover Telecamera',(#4485));
#4482=APPLICATION_PROTOCOL_DEFINITION('international standard',
'automotive_design',2009,#4483);
#4483=APPLICATION_CONTEXT(
'Core Data for Automotive Mechanical Design Process');
#4484=PRODUCT_CONTEXT('part definition',#4483,'mechanical');
#4485=PRODUCT('Cover Telecamera','Cover Telecamera',$,(#4484));
#4486=PRESENTATION_STYLE_ASSIGNMENT((#4488));
#4487=PRESENTATION_STYLE_ASSIGNMENT((#4489));
#4488=SURFACE_STYLE_USAGE(.BOTH.,#4494);
#4489=SURFACE_STYLE_USAGE(.BOTH.,#4495);
#4490=SURFACE_STYLE_RENDERING_WITH_PROPERTIES($,#4502,(#4492));
#4491=SURFACE_STYLE_RENDERING_WITH_PROPERTIES($,#4503,(#4493));
#4492=SURFACE_STYLE_TRANSPARENT(0.);
#4493=SURFACE_STYLE_TRANSPARENT(0.);
#4494=SURFACE_SIDE_STYLE('',(#4496,#4490));
#4495=SURFACE_SIDE_STYLE('',(#4497,#4491));
#4496=SURFACE_STYLE_FILL_AREA(#4498);
#4497=SURFACE_STYLE_FILL_AREA(#4499);
#4498=FILL_AREA_STYLE('',(#4500));
#4499=FILL_AREA_STYLE('',(#4501));
#4500=FILL_AREA_STYLE_COLOUR('',#4502);
#4501=FILL_AREA_STYLE_COLOUR('',#4503);
#4502=COLOUR_RGB('',0.796078431372549,0.823529411764706,0.937254901960784);
#4503=COLOUR_RGB('',0.501960784313725,0.501960784313725,0.501960784313725);
ENDSEC;
END-ISO-10303-21;
