ISO-10303-21;
HEADER;
/* Generated by software containing ST-Developer
 * from STEP Tools, Inc. (www.steptools.com) 
 */

FILE_DESCRIPTION(
/* description */ (''),
/* implementation_level */ '2;1');

FILE_NAME(
/* name */ 'INTEL REALSENSE  DEPTH CAMERA D455.step',
/* time_stamp */ '2024-04-07T12:08:24+05:30',
/* author */ (''),
/* organization */ (''),
/* preprocessor_version */ 'ST-DEVELOPER v20',
/* originating_system */ 'Autodesk Translation Framework v12.20.1.177',

/* authorisation */ '');

FILE_SCHEMA (('AUTOMOTIVE_DESIGN { 1 0 10303 214 3 1 1 }'));
ENDSEC;

DATA;
#10=MECHANICAL_DESIGN_GEOMETRIC_PRESENTATION_REPRESENTATION('',(#1431,#1432,
#1433,#1434,#1435,#1436,#1437,#1438,#1439,#1440,#1441,#1442,#1443,#1444,
#1445,#1446,#1447,#1448,#1449,#1450,#1451,#1452,#1453,#1454,#1455,#1456,
#1457,#1458,#1459,#1460,#1461,#1462,#1463,#1464,#1465,#1466,#1467,#1468,
#1469),#2798);
#11=SHAPE_REPRESENTATION_RELATIONSHIP('SRR','None',#2805,#12);
#12=ADVANCED_BREP_SHAPE_REPRESENTATION('',(#13,#14),#2797);
#13=MANIFOLD_SOLID_BREP('CAM BODY',#1569);
#14=MANIFOLD_SOLID_BREP('GLASS',#1570);
#15=(
BOUNDED_CURVE()
B_SPLINE_CURVE(2,(#2495,#2496,#2497),.UNSPECIFIED.,.F.,.F.)
B_SPLINE_CURVE_WITH_KNOTS((3,3),(0.00660771512686441,0.0694288714795705),
 .UNSPECIFIED.)
CURVE()
GEOMETRIC_REPRESENTATION_ITEM()
RATIONAL_B_SPLINE_CURVE((1.,1.,1.))
REPRESENTATION_ITEM('')
);
#16=(
BOUNDED_CURVE()
B_SPLINE_CURVE(2,(#2525,#2526,#2527),.UNSPECIFIED.,.F.,.F.)
B_SPLINE_CURVE_WITH_KNOTS((3,3),(0.0198572583421558,0.223124789864166),
 .UNSPECIFIED.)
CURVE()
GEOMETRIC_REPRESENTATION_ITEM()
RATIONAL_B_SPLINE_CURVE((1.,1.,1.))
REPRESENTATION_ITEM('')
);
#17=(
BOUNDED_CURVE()
B_SPLINE_CURVE(2,(#2530,#2531,#2532),.UNSPECIFIED.,.F.,.F.)
B_SPLINE_CURVE_WITH_KNOTS((3,3),(0.0198572583428906,0.223124789864967),
 .UNSPECIFIED.)
CURVE()
GEOMETRIC_REPRESENTATION_ITEM()
RATIONAL_B_SPLINE_CURVE((1.,1.,1.))
REPRESENTATION_ITEM('')
);
#18=(
BOUNDED_CURVE()
B_SPLINE_CURVE(2,(#2538,#2539,#2540),.UNSPECIFIED.,.F.,.F.)
B_SPLINE_CURVE_WITH_KNOTS((3,3),(0.0198572583421234,0.22312478986413),
 .UNSPECIFIED.)
CURVE()
GEOMETRIC_REPRESENTATION_ITEM()
RATIONAL_B_SPLINE_CURVE((1.,1.,1.))
REPRESENTATION_ITEM('')
);
#19=(
BOUNDED_CURVE()
B_SPLINE_CURVE(2,(#2546,#2547,#2548),.UNSPECIFIED.,.F.,.F.)
B_SPLINE_CURVE_WITH_KNOTS((3,3),(0.0198572583421477,0.223124789864157),
 .UNSPECIFIED.)
CURVE()
GEOMETRIC_REPRESENTATION_ITEM()
RATIONAL_B_SPLINE_CURVE((1.,1.,1.))
REPRESENTATION_ITEM('')
);
#20=(
BOUNDED_CURVE()
B_SPLINE_CURVE(2,(#2590,#2591,#2592),.UNSPECIFIED.,.F.,.F.)
B_SPLINE_CURVE_WITH_KNOTS((3,3),(0.00660771512686555,0.0694288714795702),
 .UNSPECIFIED.)
CURVE()
GEOMETRIC_REPRESENTATION_ITEM()
RATIONAL_B_SPLINE_CURVE((1.,1.,1.))
REPRESENTATION_ITEM('')
);
#21=B_SPLINE_CURVE_WITH_KNOTS('',3,(#2476,#2477,#2478,#2479),
 .UNSPECIFIED.,.F.,.F.,(4,4),(-0.0554021003575076,0.),.UNSPECIFIED.);
#22=B_SPLINE_CURVE_WITH_KNOTS('',3,(#2482,#2483,#2484,#2485,#2486,#2487,
#2488,#2489,#2490,#2491),.UNSPECIFIED.,.F.,.F.,(4,3,3,4),(-0.0628282872310005,
-0.0321374065956075,-0.0162053082698415,0.),.UNSPECIFIED.);
#23=B_SPLINE_CURVE_WITH_KNOTS('',3,(#2499,#2500,#2501,#2502,#2503,#2504),
 .UNSPECIFIED.,.F.,.F.,(4,2,4),(1.08839603353614,1.09323594173053,1.24683973811805),
 .UNSPECIFIED.);
#24=B_SPLINE_CURVE_WITH_KNOTS('',3,(#2507,#2508,#2509,#2510),
 .UNSPECIFIED.,.F.,.F.,(4,4),(1.08936623928877,1.24676096767361),
 .UNSPECIFIED.);
#25=B_SPLINE_CURVE_WITH_KNOTS('',3,(#2571,#2572,#2573,#2574),
 .UNSPECIFIED.,.F.,.F.,(4,4),(-0.0554021003575064,0.),.UNSPECIFIED.);
#26=B_SPLINE_CURVE_WITH_KNOTS('',3,(#2577,#2578,#2579,#2580,#2581,#2582,
#2583,#2584,#2585,#2586),.UNSPECIFIED.,.F.,.F.,(4,3,3,4),(-0.0628282872303537,
-0.0321374065954119,-0.016205308269831,0.),.UNSPECIFIED.);
#27=B_SPLINE_CURVE_WITH_KNOTS('',3,(#2594,#2595,#2596,#2597,#2598,#2599),
 .UNSPECIFIED.,.F.,.F.,(4,2,4),(1.08839603353615,1.09323594173053,1.24683973811805),
 .UNSPECIFIED.);
#28=B_SPLINE_CURVE_WITH_KNOTS('',3,(#2602,#2603,#2604,#2605),
 .UNSPECIFIED.,.F.,.F.,(4,4),(1.08936623928877,1.24676096767361),
 .UNSPECIFIED.);
#29=B_SPLINE_SURFACE_WITH_KNOTS('',3,3,((#2458,#2459,#2460,#2461),(#2462,
#2463,#2464,#2465),(#2466,#2467,#2468,#2469),(#2470,#2471,#2472,#2473)),
 .UNSPECIFIED.,.F.,.F.,.F.,(4,4),(4,4),(0.627999998509884,0.65599998807907),
(-0.0554021003575076,0.),.UNSPECIFIED.);
#30=B_SPLINE_SURFACE_WITH_KNOTS('',3,3,((#2553,#2554,#2555,#2556),(#2557,
#2558,#2559,#2560),(#2561,#2562,#2563,#2564),(#2565,#2566,#2567,#2568)),
 .UNSPECIFIED.,.F.,.F.,.F.,(4,4),(4,4),(0.627999998509884,0.65599998807907),
(-0.0554021003575064,0.),.UNSPECIFIED.);
#31=FACE_BOUND('',#492,.T.);
#32=FACE_BOUND('',#493,.T.);
#33=FACE_BOUND('',#500,.T.);
#34=FACE_BOUND('',#501,.T.);
#35=FACE_BOUND('',#516,.T.);
#36=FACE_BOUND('',#526,.T.);
#37=FACE_BOUND('',#529,.T.);
#38=FACE_BOUND('',#532,.T.);
#39=FACE_BOUND('',#534,.T.);
#40=FACE_BOUND('',#536,.T.);
#41=FACE_BOUND('',#538,.T.);
#42=FACE_BOUND('',#551,.T.);
#43=FACE_BOUND('',#552,.T.);
#44=FACE_BOUND('',#553,.T.);
#45=FACE_BOUND('',#554,.T.);
#46=FACE_BOUND('',#556,.T.);
#47=FACE_BOUND('',#575,.T.);
#48=FACE_BOUND('',#576,.T.);
#49=FACE_BOUND('',#577,.T.);
#50=FACE_BOUND('',#578,.T.);
#51=FACE_BOUND('',#580,.T.);
#52=FACE_BOUND('',#581,.T.);
#53=FACE_BOUND('',#582,.T.);
#54=FACE_BOUND('',#583,.T.);
#55=(
BOUNDED_SURFACE()
B_SPLINE_SURFACE(2,2,((#2314,#2315,#2316,#2317,#2318),(#2319,#2320,#2321,
#2322,#2323),(#2324,#2325,#2326,#2327,#2328)),.UNSPECIFIED.,.F.,.F.,.F.)
B_SPLINE_SURFACE_WITH_KNOTS((3,3),(3,2,3),(-3.31520596913877E-15,1.5707963267949),
(-1.5707963267949,-2.22044604925031E-16,1.5707963267949),.UNSPECIFIED.)
GEOMETRIC_REPRESENTATION_ITEM()
RATIONAL_B_SPLINE_SURFACE(((1.,0.707106781186548,1.,0.707106781186548,1.),
(0.707106781186541,0.499999999999995,0.707106781186541,0.499999999999995,
0.707106781186541),(1.,0.707106781186548,1.,0.707106781186548,1.)))
REPRESENTATION_ITEM('')
SURFACE()
);
#56=(
BOUNDED_SURFACE()
B_SPLINE_SURFACE(2,2,((#2363,#2364,#2365,#2366,#2367),(#2368,#2369,#2370,
#2371,#2372),(#2373,#2374,#2375,#2376,#2377)),.UNSPECIFIED.,.F.,.F.,.F.)
B_SPLINE_SURFACE_WITH_KNOTS((3,3),(3,2,3),(-9.43689570931383E-15,1.5707963267949),
(-1.5707963267949,0.,1.5707963267949),.UNSPECIFIED.)
GEOMETRIC_REPRESENTATION_ITEM()
RATIONAL_B_SPLINE_SURFACE(((1.,0.707106781186548,1.,0.707106781186548,1.),
(0.707106781186551,0.500000000000003,0.707106781186551,0.500000000000003,
0.707106781186551),(1.,0.707106781186548,1.,0.707106781186548,1.)))
REPRESENTATION_ITEM('')
SURFACE()
);
#57=ELLIPSE('',#1618,0.707106781186548,0.5);
#58=ELLIPSE('',#1620,0.707106781186547,0.5);
#59=ELLIPSE('',#1630,0.707106781186546,0.5);
#60=ELLIPSE('',#1631,0.707106781186549,0.5);
#61=CONICAL_SURFACE('',#1605,2.5,0.174532925199433);
#62=CONICAL_SURFACE('',#1647,13.25,0.785398163397448);
#63=CONICAL_SURFACE('',#1651,13.25,0.785398163397448);
#64=CONICAL_SURFACE('',#1666,5.00000007450581,0.174532925199433);
#65=CONICAL_SURFACE('',#1670,4.00000005960464,0.174532925199433);
#66=CONICAL_SURFACE('',#1675,4.54274085472338,0.174532925199433);
#67=CONICAL_SURFACE('',#1679,4.54274085472338,0.174532925199433);
#68=CONICAL_SURFACE('',#1683,5.00000007450581,0.174532925199433);
#69=CONICAL_SURFACE('',#1687,4.00000005960464,0.174532925199433);
#70=CONICAL_SURFACE('',#1735,13.25,0.785398163397448);
#71=CONICAL_SURFACE('',#1737,13.25,0.785398163397448);
#72=PLANE('',#1591);
#73=PLANE('',#1599);
#74=PLANE('',#1607);
#75=PLANE('',#1615);
#76=PLANE('',#1627);
#77=PLANE('',#1628);
#78=PLANE('',#1638);
#79=PLANE('',#1639);
#80=PLANE('',#1640);
#81=PLANE('',#1641);
#82=PLANE('',#1642);
#83=PLANE('',#1643);
#84=PLANE('',#1646);
#85=PLANE('',#1650);
#86=PLANE('',#1656);
#87=PLANE('',#1657);
#88=PLANE('',#1662);
#89=PLANE('',#1665);
#90=PLANE('',#1669);
#91=PLANE('',#1673);
#92=PLANE('',#1674);
#93=PLANE('',#1678);
#94=PLANE('',#1682);
#95=PLANE('',#1686);
#96=PLANE('',#1690);
#97=PLANE('',#1691);
#98=PLANE('',#1692);
#99=PLANE('',#1696);
#100=PLANE('',#1700);
#101=PLANE('',#1704);
#102=PLANE('',#1705);
#103=PLANE('',#1707);
#104=PLANE('',#1709);
#105=PLANE('',#1713);
#106=PLANE('',#1716);
#107=PLANE('',#1723);
#108=PLANE('',#1727);
#109=PLANE('',#1731);
#110=PLANE('',#1732);
#111=PLANE('',#1736);
#112=PLANE('',#1739);
#113=PLANE('',#1741);
#114=PLANE('',#1748);
#115=PLANE('',#1752);
#116=PLANE('',#1762);
#117=PLANE('',#1766);
#118=PLANE('',#1767);
#119=PLANE('',#1768);
#120=LINE('',#2257,#225);
#121=LINE('',#2270,#226);
#122=LINE('',#2284,#227);
#123=LINE('',#2296,#228);
#124=LINE('',#2302,#229);
#125=LINE('',#2306,#230);
#126=LINE('',#2310,#231);
#127=LINE('',#2312,#232);
#128=LINE('',#2335,#233);
#129=LINE('',#2336,#234);
#130=LINE('',#2339,#235);
#131=LINE('',#2342,#236);
#132=LINE('',#2345,#237);
#133=LINE('',#2346,#238);
#134=LINE('',#2351,#239);
#135=LINE('',#2355,#240);
#136=LINE('',#2359,#241);
#137=LINE('',#2362,#242);
#138=LINE('',#2384,#243);
#139=LINE('',#2385,#244);
#140=LINE('',#2388,#245);
#141=LINE('',#2390,#246);
#142=LINE('',#2391,#247);
#143=LINE('',#2394,#248);
#144=LINE('',#2395,#249);
#145=LINE('',#2399,#250);
#146=LINE('',#2400,#251);
#147=LINE('',#2402,#252);
#148=LINE('',#2405,#253);
#149=LINE('',#2406,#254);
#150=LINE('',#2412,#255);
#151=LINE('',#2414,#256);
#152=LINE('',#2416,#257);
#153=LINE('',#2417,#258);
#154=LINE('',#2421,#259);
#155=LINE('',#2427,#260);
#156=LINE('',#2428,#261);
#157=LINE('',#2429,#262);
#158=LINE('',#2435,#263);
#159=LINE('',#2438,#264);
#160=LINE('',#2441,#265);
#161=LINE('',#2442,#266);
#162=LINE('',#2450,#267);
#163=LINE('',#2455,#268);
#164=LINE('',#2481,#269);
#165=LINE('',#2514,#270);
#166=LINE('',#2515,#271);
#167=LINE('',#2523,#272);
#168=LINE('',#2529,#273);
#169=LINE('',#2543,#274);
#170=LINE('',#2545,#275);
#171=LINE('',#2576,#276);
#172=LINE('',#2609,#277);
#173=LINE('',#2610,#278);
#174=LINE('',#2616,#279);
#175=LINE('',#2617,#280);
#176=LINE('',#2619,#281);
#177=LINE('',#2620,#282);
#178=LINE('',#2625,#283);
#179=LINE('',#2632,#284);
#180=LINE('',#2639,#285);
#181=LINE('',#2653,#286);
#182=LINE('',#2657,#287);
#183=LINE('',#2659,#288);
#184=LINE('',#2660,#289);
#185=LINE('',#2663,#290);
#186=LINE('',#2667,#291);
#187=LINE('',#2668,#292);
#188=LINE('',#2673,#293);
#189=LINE('',#2677,#294);
#190=LINE('',#2682,#295);
#191=LINE('',#2684,#296);
#192=LINE('',#2686,#297);
#193=LINE('',#2687,#298);
#194=LINE('',#2692,#299);
#195=LINE('',#2696,#300);
#196=LINE('',#2698,#301);
#197=LINE('',#2699,#302);
#198=LINE('',#2709,#303);
#199=LINE('',#2712,#304);
#200=LINE('',#2714,#305);
#201=LINE('',#2715,#306);
#202=LINE('',#2718,#307);
#203=LINE('',#2719,#308);
#204=LINE('',#2721,#309);
#205=LINE('',#2725,#310);
#206=LINE('',#2731,#311);
#207=LINE('',#2738,#312);
#208=LINE('',#2741,#313);
#209=LINE('',#2744,#314);
#210=LINE('',#2746,#315);
#211=LINE('',#2747,#316);
#212=LINE('',#2753,#317);
#213=LINE('',#2755,#318);
#214=LINE('',#2756,#319);
#215=LINE('',#2761,#320);
#216=LINE('',#2767,#321);
#217=LINE('',#2774,#322);
#218=LINE('',#2777,#323);
#219=LINE('',#2780,#324);
#220=LINE('',#2782,#325);
#221=LINE('',#2783,#326);
#222=LINE('',#2789,#327);
#223=LINE('',#2791,#328);
#224=LINE('',#2792,#329);
#225=VECTOR('',#1783,2.5);
#226=VECTOR('',#1800,2.5);
#227=VECTOR('',#1819,2.5);
#228=VECTOR('',#1834,2.5);
#229=VECTOR('',#1841,10.);
#230=VECTOR('',#1844,10.);
#231=VECTOR('',#1849,10.);
#232=VECTOR('',#1850,10.);
#233=VECTOR('',#1861,10.);
#234=VECTOR('',#1862,10.);
#235=VECTOR('',#1865,10.);
#236=VECTOR('',#1868,10.);
#237=VECTOR('',#1871,10.);
#238=VECTOR('',#1872,10.);
#239=VECTOR('',#1877,10.);
#240=VECTOR('',#1880,10.);
#241=VECTOR('',#1885,10.);
#242=VECTOR('',#1888,10.);
#243=VECTOR('',#1897,10.);
#244=VECTOR('',#1898,10.);
#245=VECTOR('',#1901,10.);
#246=VECTOR('',#1902,10.);
#247=VECTOR('',#1903,10.);
#248=VECTOR('',#1906,10.);
#249=VECTOR('',#1907,10.);
#250=VECTOR('',#1912,10.);
#251=VECTOR('',#1913,10.);
#252=VECTOR('',#1916,10.);
#253=VECTOR('',#1919,10.);
#254=VECTOR('',#1920,10.);
#255=VECTOR('',#1927,10.);
#256=VECTOR('',#1928,10.);
#257=VECTOR('',#1929,10.);
#258=VECTOR('',#1930,10.);
#259=VECTOR('',#1933,10.);
#260=VECTOR('',#1940,10.);
#261=VECTOR('',#1941,10.);
#262=VECTOR('',#1942,10.);
#263=VECTOR('',#1951,10.);
#264=VECTOR('',#1954,10.);
#265=VECTOR('',#1957,10.);
#266=VECTOR('',#1958,10.);
#267=VECTOR('',#1967,2.);
#268=VECTOR('',#1974,2.);
#269=VECTOR('',#1979,10.);
#270=VECTOR('',#1988,10.);
#271=VECTOR('',#1989,10.);
#272=VECTOR('',#2000,10.);
#273=VECTOR('',#2001,10.);
#274=VECTOR('',#2010,10.);
#275=VECTOR('',#2011,10.);
#276=VECTOR('',#2020,10.);
#277=VECTOR('',#2029,10.);
#278=VECTOR('',#2030,10.);
#279=VECTOR('',#2041,10.);
#280=VECTOR('',#2042,10.);
#281=VECTOR('',#2045,10.);
#282=VECTOR('',#2046,10.);
#283=VECTOR('',#2051,5.);
#284=VECTOR('',#2060,5.);
#285=VECTOR('',#2069,5.);
#286=VECTOR('',#2088,6.);
#287=VECTOR('',#2093,10.);
#288=VECTOR('',#2094,10.);
#289=VECTOR('',#2095,10.);
#290=VECTOR('',#2098,10.);
#291=VECTOR('',#2103,10.);
#292=VECTOR('',#2104,10.);
#293=VECTOR('',#2111,6.00000000000001);
#294=VECTOR('',#2116,6.);
#295=VECTOR('',#2121,10.);
#296=VECTOR('',#2122,10.);
#297=VECTOR('',#2123,10.);
#298=VECTOR('',#2124,10.);
#299=VECTOR('',#2129,10.);
#300=VECTOR('',#2134,10.);
#301=VECTOR('',#2135,10.);
#302=VECTOR('',#2136,10.);
#303=VECTOR('',#2149,10.);
#304=VECTOR('',#2152,10.);
#305=VECTOR('',#2155,10.);
#306=VECTOR('',#2156,10.);
#307=VECTOR('',#2159,10.);
#308=VECTOR('',#2160,10.);
#309=VECTOR('',#2163,10.);
#310=VECTOR('',#2170,10.);
#311=VECTOR('',#2177,6.);
#312=VECTOR('',#2184,10.);
#313=VECTOR('',#2187,10.);
#314=VECTOR('',#2190,10.);
#315=VECTOR('',#2191,10.);
#316=VECTOR('',#2192,10.);
#317=VECTOR('',#2199,10.);
#318=VECTOR('',#2202,10.);
#319=VECTOR('',#2203,10.);
#320=VECTOR('',#2208,6.00000000000001);
#321=VECTOR('',#2215,6.);
#322=VECTOR('',#2222,10.);
#323=VECTOR('',#2225,10.);
#324=VECTOR('',#2228,10.);
#325=VECTOR('',#2229,10.);
#326=VECTOR('',#2230,10.);
#327=VECTOR('',#2237,10.);
#328=VECTOR('',#2240,10.);
#329=VECTOR('',#2241,10.);
#330=CYLINDRICAL_SURFACE('',#1589,2.5);
#331=CYLINDRICAL_SURFACE('',#1597,2.5);
#332=CYLINDRICAL_SURFACE('',#1613,2.5);
#333=CYLINDRICAL_SURFACE('',#1616,0.5);
#334=CYLINDRICAL_SURFACE('',#1619,0.5);
#335=CYLINDRICAL_SURFACE('',#1624,0.5);
#336=CYLINDRICAL_SURFACE('',#1625,1.);
#337=CYLINDRICAL_SURFACE('',#1629,0.5);
#338=CYLINDRICAL_SURFACE('',#1632,0.5);
#339=CYLINDRICAL_SURFACE('',#1637,0.5);
#340=CYLINDRICAL_SURFACE('',#1644,1.);
#341=CYLINDRICAL_SURFACE('',#1654,14.5);
#342=CYLINDRICAL_SURFACE('',#1660,2.);
#343=CYLINDRICAL_SURFACE('',#1663,2.);
#344=CYLINDRICAL_SURFACE('',#1693,5.);
#345=CYLINDRICAL_SURFACE('',#1697,5.);
#346=CYLINDRICAL_SURFACE('',#1701,5.);
#347=CYLINDRICAL_SURFACE('',#1711,6.);
#348=CYLINDRICAL_SURFACE('',#1714,4.00000005960464);
#349=CYLINDRICAL_SURFACE('',#1717,4.00000005960464);
#350=CYLINDRICAL_SURFACE('',#1719,6.00000000000001);
#351=CYLINDRICAL_SURFACE('',#1721,6.);
#352=CYLINDRICAL_SURFACE('',#1724,10.0000001490116);
#353=CYLINDRICAL_SURFACE('',#1728,10.0000001490116);
#354=CYLINDRICAL_SURFACE('',#1740,14.5);
#355=CYLINDRICAL_SURFACE('',#1742,6.);
#356=CYLINDRICAL_SURFACE('',#1745,4.00000005960464);
#357=CYLINDRICAL_SURFACE('',#1749,4.00000005960464);
#358=CYLINDRICAL_SURFACE('',#1753,6.00000000000001);
#359=CYLINDRICAL_SURFACE('',#1756,6.);
#360=CYLINDRICAL_SURFACE('',#1759,10.0000001490116);
#361=CYLINDRICAL_SURFACE('',#1763,10.0000001490116);
#362=FACE_OUTER_BOUND('',#461,.T.);
#363=FACE_OUTER_BOUND('',#462,.T.);
#364=FACE_OUTER_BOUND('',#463,.T.);
#365=FACE_OUTER_BOUND('',#464,.T.);
#366=FACE_OUTER_BOUND('',#465,.T.);
#367=FACE_OUTER_BOUND('',#466,.T.);
#368=FACE_OUTER_BOUND('',#467,.T.);
#369=FACE_OUTER_BOUND('',#468,.T.);
#370=FACE_OUTER_BOUND('',#469,.T.);
#371=FACE_OUTER_BOUND('',#470,.T.);
#372=FACE_OUTER_BOUND('',#471,.T.);
#373=FACE_OUTER_BOUND('',#472,.T.);
#374=FACE_OUTER_BOUND('',#473,.T.);
#375=FACE_OUTER_BOUND('',#474,.T.);
#376=FACE_OUTER_BOUND('',#475,.T.);
#377=FACE_OUTER_BOUND('',#476,.T.);
#378=FACE_OUTER_BOUND('',#477,.T.);
#379=FACE_OUTER_BOUND('',#478,.T.);
#380=FACE_OUTER_BOUND('',#479,.T.);
#381=FACE_OUTER_BOUND('',#480,.T.);
#382=FACE_OUTER_BOUND('',#481,.T.);
#383=FACE_OUTER_BOUND('',#482,.T.);
#384=FACE_OUTER_BOUND('',#483,.T.);
#385=FACE_OUTER_BOUND('',#484,.T.);
#386=FACE_OUTER_BOUND('',#485,.T.);
#387=FACE_OUTER_BOUND('',#486,.T.);
#388=FACE_OUTER_BOUND('',#487,.T.);
#389=FACE_OUTER_BOUND('',#488,.T.);
#390=FACE_OUTER_BOUND('',#489,.T.);
#391=FACE_OUTER_BOUND('',#490,.T.);
#392=FACE_OUTER_BOUND('',#491,.T.);
#393=FACE_OUTER_BOUND('',#494,.T.);
#394=FACE_OUTER_BOUND('',#495,.T.);
#395=FACE_OUTER_BOUND('',#496,.T.);
#396=FACE_OUTER_BOUND('',#497,.T.);
#397=FACE_OUTER_BOUND('',#498,.T.);
#398=FACE_OUTER_BOUND('',#499,.T.);
#399=FACE_OUTER_BOUND('',#502,.T.);
#400=FACE_OUTER_BOUND('',#503,.T.);
#401=FACE_OUTER_BOUND('',#504,.T.);
#402=FACE_OUTER_BOUND('',#505,.T.);
#403=FACE_OUTER_BOUND('',#506,.T.);
#404=FACE_OUTER_BOUND('',#507,.T.);
#405=FACE_OUTER_BOUND('',#508,.T.);
#406=FACE_OUTER_BOUND('',#509,.T.);
#407=FACE_OUTER_BOUND('',#510,.T.);
#408=FACE_OUTER_BOUND('',#511,.T.);
#409=FACE_OUTER_BOUND('',#512,.T.);
#410=FACE_OUTER_BOUND('',#513,.T.);
#411=FACE_OUTER_BOUND('',#514,.T.);
#412=FACE_OUTER_BOUND('',#515,.T.);
#413=FACE_OUTER_BOUND('',#517,.T.);
#414=FACE_OUTER_BOUND('',#518,.T.);
#415=FACE_OUTER_BOUND('',#519,.T.);
#416=FACE_OUTER_BOUND('',#520,.T.);
#417=FACE_OUTER_BOUND('',#521,.T.);
#418=FACE_OUTER_BOUND('',#522,.T.);
#419=FACE_OUTER_BOUND('',#523,.T.);
#420=FACE_OUTER_BOUND('',#524,.T.);
#421=FACE_OUTER_BOUND('',#525,.T.);
#422=FACE_OUTER_BOUND('',#527,.T.);
#423=FACE_OUTER_BOUND('',#528,.T.);
#424=FACE_OUTER_BOUND('',#530,.T.);
#425=FACE_OUTER_BOUND('',#531,.T.);
#426=FACE_OUTER_BOUND('',#533,.T.);
#427=FACE_OUTER_BOUND('',#535,.T.);
#428=FACE_OUTER_BOUND('',#537,.T.);
#429=FACE_OUTER_BOUND('',#539,.T.);
#430=FACE_OUTER_BOUND('',#540,.T.);
#431=FACE_OUTER_BOUND('',#541,.T.);
#432=FACE_OUTER_BOUND('',#542,.T.);
#433=FACE_OUTER_BOUND('',#543,.T.);
#434=FACE_OUTER_BOUND('',#544,.T.);
#435=FACE_OUTER_BOUND('',#545,.T.);
#436=FACE_OUTER_BOUND('',#546,.T.);
#437=FACE_OUTER_BOUND('',#547,.T.);
#438=FACE_OUTER_BOUND('',#548,.T.);
#439=FACE_OUTER_BOUND('',#549,.T.);
#440=FACE_OUTER_BOUND('',#550,.T.);
#441=FACE_OUTER_BOUND('',#555,.T.);
#442=FACE_OUTER_BOUND('',#557,.T.);
#443=FACE_OUTER_BOUND('',#558,.T.);
#444=FACE_OUTER_BOUND('',#559,.T.);
#445=FACE_OUTER_BOUND('',#560,.T.);
#446=FACE_OUTER_BOUND('',#561,.T.);
#447=FACE_OUTER_BOUND('',#562,.T.);
#448=FACE_OUTER_BOUND('',#563,.T.);
#449=FACE_OUTER_BOUND('',#564,.T.);
#450=FACE_OUTER_BOUND('',#565,.T.);
#451=FACE_OUTER_BOUND('',#566,.T.);
#452=FACE_OUTER_BOUND('',#567,.T.);
#453=FACE_OUTER_BOUND('',#568,.T.);
#454=FACE_OUTER_BOUND('',#569,.T.);
#455=FACE_OUTER_BOUND('',#570,.T.);
#456=FACE_OUTER_BOUND('',#571,.T.);
#457=FACE_OUTER_BOUND('',#572,.T.);
#458=FACE_OUTER_BOUND('',#573,.T.);
#459=FACE_OUTER_BOUND('',#574,.T.);
#460=FACE_OUTER_BOUND('',#579,.T.);
#461=EDGE_LOOP('',(#1009,#1010,#1011,#1012,#1013));
#462=EDGE_LOOP('',(#1014,#1015,#1016,#1017,#1018));
#463=EDGE_LOOP('',(#1019));
#464=EDGE_LOOP('',(#1020,#1021,#1022,#1023,#1024));
#465=EDGE_LOOP('',(#1025,#1026,#1027,#1028,#1029));
#466=EDGE_LOOP('',(#1030));
#467=EDGE_LOOP('',(#1031,#1032,#1033,#1034,#1035));
#468=EDGE_LOOP('',(#1036,#1037,#1038,#1039,#1040));
#469=EDGE_LOOP('',(#1041));
#470=EDGE_LOOP('',(#1042,#1043,#1044,#1045,#1046));
#471=EDGE_LOOP('',(#1047,#1048,#1049,#1050,#1051));
#472=EDGE_LOOP('',(#1052));
#473=EDGE_LOOP('',(#1053,#1054,#1055,#1056));
#474=EDGE_LOOP('',(#1057,#1058,#1059,#1060));
#475=EDGE_LOOP('',(#1061,#1062,#1063,#1064));
#476=EDGE_LOOP('',(#1065,#1066,#1067,#1068));
#477=EDGE_LOOP('',(#1069,#1070,#1071,#1072));
#478=EDGE_LOOP('',(#1073,#1074,#1075,#1076));
#479=EDGE_LOOP('',(#1077,#1078,#1079,#1080));
#480=EDGE_LOOP('',(#1081,#1082,#1083,#1084));
#481=EDGE_LOOP('',(#1085,#1086,#1087,#1088));
#482=EDGE_LOOP('',(#1089,#1090,#1091,#1092));
#483=EDGE_LOOP('',(#1093,#1094,#1095,#1096));
#484=EDGE_LOOP('',(#1097,#1098,#1099,#1100));
#485=EDGE_LOOP('',(#1101,#1102,#1103,#1104));
#486=EDGE_LOOP('',(#1105,#1106,#1107,#1108));
#487=EDGE_LOOP('',(#1109,#1110,#1111,#1112));
#488=EDGE_LOOP('',(#1113,#1114,#1115,#1116));
#489=EDGE_LOOP('',(#1117,#1118,#1119,#1120));
#490=EDGE_LOOP('',(#1121,#1122,#1123,#1124));
#491=EDGE_LOOP('',(#1125,#1126,#1127,#1128));
#492=EDGE_LOOP('',(#1129,#1130,#1131,#1132));
#493=EDGE_LOOP('',(#1133,#1134,#1135,#1136));
#494=EDGE_LOOP('',(#1137,#1138,#1139,#1140));
#495=EDGE_LOOP('',(#1141,#1142,#1143,#1144));
#496=EDGE_LOOP('',(#1145,#1146,#1147,#1148));
#497=EDGE_LOOP('',(#1149,#1150,#1151,#1152));
#498=EDGE_LOOP('',(#1153,#1154,#1155,#1156));
#499=EDGE_LOOP('',(#1157,#1158,#1159,#1160));
#500=EDGE_LOOP('',(#1161));
#501=EDGE_LOOP('',(#1162));
#502=EDGE_LOOP('',(#1163,#1164,#1165,#1166));
#503=EDGE_LOOP('',(#1167));
#504=EDGE_LOOP('',(#1168,#1169,#1170,#1171));
#505=EDGE_LOOP('',(#1172));
#506=EDGE_LOOP('',(#1173,#1174,#1175));
#507=EDGE_LOOP('',(#1176,#1177,#1178,#1179,#1180,#1181));
#508=EDGE_LOOP('',(#1182,#1183,#1184));
#509=EDGE_LOOP('',(#1185,#1186,#1187,#1188,#1189,#1190));
#510=EDGE_LOOP('',(#1191,#1192));
#511=EDGE_LOOP('',(#1193,#1194,#1195,#1196));
#512=EDGE_LOOP('',(#1197,#1198,#1199,#1200));
#513=EDGE_LOOP('',(#1201,#1202,#1203,#1204));
#514=EDGE_LOOP('',(#1205,#1206,#1207,#1208));
#515=EDGE_LOOP('',(#1209,#1210,#1211,#1212));
#516=EDGE_LOOP('',(#1213));
#517=EDGE_LOOP('',(#1214,#1215,#1216));
#518=EDGE_LOOP('',(#1217,#1218,#1219,#1220,#1221,#1222));
#519=EDGE_LOOP('',(#1223,#1224,#1225));
#520=EDGE_LOOP('',(#1226,#1227,#1228,#1229,#1230,#1231));
#521=EDGE_LOOP('',(#1232,#1233));
#522=EDGE_LOOP('',(#1234,#1235,#1236,#1237));
#523=EDGE_LOOP('',(#1238,#1239,#1240,#1241));
#524=EDGE_LOOP('',(#1242,#1243,#1244,#1245));
#525=EDGE_LOOP('',(#1246));
#526=EDGE_LOOP('',(#1247));
#527=EDGE_LOOP('',(#1248,#1249,#1250,#1251));
#528=EDGE_LOOP('',(#1252));
#529=EDGE_LOOP('',(#1253));
#530=EDGE_LOOP('',(#1254,#1255,#1256,#1257));
#531=EDGE_LOOP('',(#1258));
#532=EDGE_LOOP('',(#1259));
#533=EDGE_LOOP('',(#1260));
#534=EDGE_LOOP('',(#1261));
#535=EDGE_LOOP('',(#1262));
#536=EDGE_LOOP('',(#1263));
#537=EDGE_LOOP('',(#1264));
#538=EDGE_LOOP('',(#1265));
#539=EDGE_LOOP('',(#1266,#1267,#1268,#1269));
#540=EDGE_LOOP('',(#1270,#1271,#1272,#1273,#1274,#1275,#1276,#1277));
#541=EDGE_LOOP('',(#1278,#1279,#1280,#1281));
#542=EDGE_LOOP('',(#1282,#1283,#1284,#1285,#1286,#1287,#1288,#1289));
#543=EDGE_LOOP('',(#1290,#1291,#1292,#1293));
#544=EDGE_LOOP('',(#1294,#1295,#1296,#1297));
#545=EDGE_LOOP('',(#1298,#1299,#1300,#1301));
#546=EDGE_LOOP('',(#1302,#1303,#1304,#1305));
#547=EDGE_LOOP('',(#1306,#1307,#1308,#1309));
#548=EDGE_LOOP('',(#1310,#1311,#1312,#1313));
#549=EDGE_LOOP('',(#1314,#1315,#1316,#1317));
#550=EDGE_LOOP('',(#1318,#1319,#1320,#1321));
#551=EDGE_LOOP('',(#1322));
#552=EDGE_LOOP('',(#1323));
#553=EDGE_LOOP('',(#1324,#1325,#1326,#1327));
#554=EDGE_LOOP('',(#1328));
#555=EDGE_LOOP('',(#1329,#1330,#1331,#1332));
#556=EDGE_LOOP('',(#1333,#1334,#1335,#1336));
#557=EDGE_LOOP('',(#1337,#1338,#1339,#1340));
#558=EDGE_LOOP('',(#1341,#1342,#1343,#1344));
#559=EDGE_LOOP('',(#1345,#1346,#1347,#1348));
#560=EDGE_LOOP('',(#1349,#1350,#1351,#1352));
#561=EDGE_LOOP('',(#1353,#1354,#1355,#1356));
#562=EDGE_LOOP('',(#1357,#1358,#1359,#1360));
#563=EDGE_LOOP('',(#1361,#1362,#1363,#1364));
#564=EDGE_LOOP('',(#1365,#1366,#1367,#1368));
#565=EDGE_LOOP('',(#1369,#1370,#1371,#1372));
#566=EDGE_LOOP('',(#1373,#1374,#1375,#1376));
#567=EDGE_LOOP('',(#1377,#1378,#1379,#1380));
#568=EDGE_LOOP('',(#1381,#1382,#1383,#1384));
#569=EDGE_LOOP('',(#1385,#1386,#1387,#1388));
#570=EDGE_LOOP('',(#1389,#1390,#1391,#1392));
#571=EDGE_LOOP('',(#1393,#1394,#1395,#1396));
#572=EDGE_LOOP('',(#1397,#1398,#1399,#1400));
#573=EDGE_LOOP('',(#1401,#1402,#1403,#1404));
#574=EDGE_LOOP('',(#1405,#1406,#1407,#1408));
#575=EDGE_LOOP('',(#1409));
#576=EDGE_LOOP('',(#1410));
#577=EDGE_LOOP('',(#1411,#1412,#1413,#1414));
#578=EDGE_LOOP('',(#1415));
#579=EDGE_LOOP('',(#1416,#1417,#1418,#1419));
#580=EDGE_LOOP('',(#1420));
#581=EDGE_LOOP('',(#1421));
#582=EDGE_LOOP('',(#1422,#1423,#1424,#1425));
#583=EDGE_LOOP('',(#1426));
#584=CIRCLE('',#1585,1.5);
#585=CIRCLE('',#1586,1.);
#586=CIRCLE('',#1587,2.5);
#587=CIRCLE('',#1588,2.5);
#588=CIRCLE('',#1590,2.5);
#589=CIRCLE('',#1593,1.5);
#590=CIRCLE('',#1594,1.);
#591=CIRCLE('',#1595,2.5);
#592=CIRCLE('',#1596,2.5);
#593=CIRCLE('',#1598,2.5);
#594=CIRCLE('',#1601,1.66090036882272);
#595=CIRCLE('',#1602,1.);
#596=CIRCLE('',#1603,2.64570812183493);
#597=CIRCLE('',#1604,2.64570812183493);
#598=CIRCLE('',#1606,2.85265396141693);
#599=CIRCLE('',#1609,1.5);
#600=CIRCLE('',#1610,1.);
#601=CIRCLE('',#1611,2.5);
#602=CIRCLE('',#1612,2.5);
#603=CIRCLE('',#1614,2.5);
#604=CIRCLE('',#1617,0.499999999999999);
#605=CIRCLE('',#1621,0.500000000000004);
#606=CIRCLE('',#1622,0.5);
#607=CIRCLE('',#1623,1.);
#608=CIRCLE('',#1626,1.);
#609=CIRCLE('',#1633,0.499999999999997);
#610=CIRCLE('',#1634,0.500000000000004);
#611=CIRCLE('',#1635,0.5);
#612=CIRCLE('',#1636,1.);
#613=CIRCLE('',#1645,1.);
#614=CIRCLE('',#1648,12.);
#615=CIRCLE('',#1649,14.5);
#616=CIRCLE('',#1652,12.);
#617=CIRCLE('',#1653,14.5);
#618=CIRCLE('',#1655,14.5);
#619=CIRCLE('',#1658,2.);
#620=CIRCLE('',#1659,2.);
#621=CIRCLE('',#1661,2.);
#622=CIRCLE('',#1664,2.);
#623=CIRCLE('',#1667,5.35265403592274);
#624=CIRCLE('',#1668,5.00000007450581);
#625=CIRCLE('',#1671,3.64734609818771);
#626=CIRCLE('',#1672,4.00000005960464);
#627=CIRCLE('',#1676,4.19008689330645);
#628=CIRCLE('',#1677,4.54274085472338);
#629=CIRCLE('',#1680,4.19008689330645);
#630=CIRCLE('',#1681,4.54274085472338);
#631=CIRCLE('',#1684,5.35265403592274);
#632=CIRCLE('',#1685,5.00000007450581);
#633=CIRCLE('',#1688,3.64734609818771);
#634=CIRCLE('',#1689,4.00000005960464);
#635=CIRCLE('',#1694,5.);
#636=CIRCLE('',#1695,5.);
#637=CIRCLE('',#1698,5.);
#638=CIRCLE('',#1699,5.);
#639=CIRCLE('',#1702,5.);
#640=CIRCLE('',#1703,5.);
#641=CIRCLE('',#1706,6.00000000000001);
#642=CIRCLE('',#1708,6.);
#643=CIRCLE('',#1710,6.);
#644=CIRCLE('',#1712,6.);
#645=CIRCLE('',#1715,4.00000005960464);
#646=CIRCLE('',#1718,4.00000005960464);
#647=CIRCLE('',#1720,6.00000000000001);
#648=CIRCLE('',#1722,6.);
#649=CIRCLE('',#1725,10.0000001490116);
#650=CIRCLE('',#1726,10.0000001490116);
#651=CIRCLE('',#1729,10.0000001490116);
#652=CIRCLE('',#1730,10.0000001490116);
#653=CIRCLE('',#1733,12.);
#654=CIRCLE('',#1734,12.);
#655=CIRCLE('',#1738,14.5);
#656=CIRCLE('',#1743,6.);
#657=CIRCLE('',#1744,6.);
#658=CIRCLE('',#1746,4.00000005960464);
#659=CIRCLE('',#1747,4.00000005960464);
#660=CIRCLE('',#1750,4.00000005960464);
#661=CIRCLE('',#1751,4.00000005960464);
#662=CIRCLE('',#1754,6.00000000000001);
#663=CIRCLE('',#1755,6.00000000000001);
#664=CIRCLE('',#1757,6.);
#665=CIRCLE('',#1758,6.);
#666=CIRCLE('',#1760,10.0000001490116);
#667=CIRCLE('',#1761,10.0000001490116);
#668=CIRCLE('',#1764,10.0000001490116);
#669=CIRCLE('',#1765,10.0000001490116);
#670=VERTEX_POINT('',#2248);
#671=VERTEX_POINT('',#2250);
#672=VERTEX_POINT('',#2252);
#673=VERTEX_POINT('',#2256);
#674=VERTEX_POINT('',#2261);
#675=VERTEX_POINT('',#2263);
#676=VERTEX_POINT('',#2265);
#677=VERTEX_POINT('',#2269);
#678=VERTEX_POINT('',#2274);
#679=VERTEX_POINT('',#2276);
#680=VERTEX_POINT('',#2278);
#681=VERTEX_POINT('',#2282);
#682=VERTEX_POINT('',#2287);
#683=VERTEX_POINT('',#2289);
#684=VERTEX_POINT('',#2291);
#685=VERTEX_POINT('',#2295);
#686=VERTEX_POINT('',#2300);
#687=VERTEX_POINT('',#2301);
#688=VERTEX_POINT('',#2303);
#689=VERTEX_POINT('',#2305);
#690=VERTEX_POINT('',#2309);
#691=VERTEX_POINT('',#2311);
#692=VERTEX_POINT('',#2329);
#693=VERTEX_POINT('',#2330);
#694=VERTEX_POINT('',#2338);
#695=VERTEX_POINT('',#2340);
#696=VERTEX_POINT('',#2344);
#697=VERTEX_POINT('',#2349);
#698=VERTEX_POINT('',#2350);
#699=VERTEX_POINT('',#2352);
#700=VERTEX_POINT('',#2354);
#701=VERTEX_POINT('',#2358);
#702=VERTEX_POINT('',#2360);
#703=VERTEX_POINT('',#2378);
#704=VERTEX_POINT('',#2379);
#705=VERTEX_POINT('',#2387);
#706=VERTEX_POINT('',#2389);
#707=VERTEX_POINT('',#2393);
#708=VERTEX_POINT('',#2398);
#709=VERTEX_POINT('',#2404);
#710=VERTEX_POINT('',#2410);
#711=VERTEX_POINT('',#2411);
#712=VERTEX_POINT('',#2413);
#713=VERTEX_POINT('',#2415);
#714=VERTEX_POINT('',#2419);
#715=VERTEX_POINT('',#2420);
#716=VERTEX_POINT('',#2425);
#717=VERTEX_POINT('',#2426);
#718=VERTEX_POINT('',#2434);
#719=VERTEX_POINT('',#2436);
#720=VERTEX_POINT('',#2440);
#721=VERTEX_POINT('',#2444);
#722=VERTEX_POINT('',#2446);
#723=VERTEX_POINT('',#2449);
#724=VERTEX_POINT('',#2454);
#725=VERTEX_POINT('',#2474);
#726=VERTEX_POINT('',#2475);
#727=VERTEX_POINT('',#2480);
#728=VERTEX_POINT('',#2493);
#729=VERTEX_POINT('',#2494);
#730=VERTEX_POINT('',#2498);
#731=VERTEX_POINT('',#2505);
#732=VERTEX_POINT('',#2513);
#733=VERTEX_POINT('',#2521);
#734=VERTEX_POINT('',#2522);
#735=VERTEX_POINT('',#2524);
#736=VERTEX_POINT('',#2528);
#737=VERTEX_POINT('',#2534);
#738=VERTEX_POINT('',#2536);
#739=VERTEX_POINT('',#2542);
#740=VERTEX_POINT('',#2544);
#741=VERTEX_POINT('',#2569);
#742=VERTEX_POINT('',#2570);
#743=VERTEX_POINT('',#2575);
#744=VERTEX_POINT('',#2588);
#745=VERTEX_POINT('',#2589);
#746=VERTEX_POINT('',#2593);
#747=VERTEX_POINT('',#2600);
#748=VERTEX_POINT('',#2608);
#749=VERTEX_POINT('',#2622);
#750=VERTEX_POINT('',#2624);
#751=VERTEX_POINT('',#2629);
#752=VERTEX_POINT('',#2631);
#753=VERTEX_POINT('',#2636);
#754=VERTEX_POINT('',#2638);
#755=VERTEX_POINT('',#2643);
#756=VERTEX_POINT('',#2646);
#757=VERTEX_POINT('',#2649);
#758=VERTEX_POINT('',#2652);
#759=VERTEX_POINT('',#2656);
#760=VERTEX_POINT('',#2658);
#761=VERTEX_POINT('',#2662);
#762=VERTEX_POINT('',#2666);
#763=VERTEX_POINT('',#2672);
#764=VERTEX_POINT('',#2676);
#765=VERTEX_POINT('',#2680);
#766=VERTEX_POINT('',#2681);
#767=VERTEX_POINT('',#2683);
#768=VERTEX_POINT('',#2685);
#769=VERTEX_POINT('',#2689);
#770=VERTEX_POINT('',#2691);
#771=VERTEX_POINT('',#2695);
#772=VERTEX_POINT('',#2697);
#773=VERTEX_POINT('',#2705);
#774=VERTEX_POINT('',#2706);
#775=VERTEX_POINT('',#2708);
#776=VERTEX_POINT('',#2710);
#777=VERTEX_POINT('',#2717);
#778=VERTEX_POINT('',#2728);
#779=VERTEX_POINT('',#2730);
#780=VERTEX_POINT('',#2734);
#781=VERTEX_POINT('',#2735);
#782=VERTEX_POINT('',#2737);
#783=VERTEX_POINT('',#2739);
#784=VERTEX_POINT('',#2743);
#785=VERTEX_POINT('',#2745);
#786=VERTEX_POINT('',#2749);
#787=VERTEX_POINT('',#2751);
#788=VERTEX_POINT('',#2758);
#789=VERTEX_POINT('',#2760);
#790=VERTEX_POINT('',#2764);
#791=VERTEX_POINT('',#2766);
#792=VERTEX_POINT('',#2770);
#793=VERTEX_POINT('',#2771);
#794=VERTEX_POINT('',#2773);
#795=VERTEX_POINT('',#2775);
#796=VERTEX_POINT('',#2779);
#797=VERTEX_POINT('',#2781);
#798=VERTEX_POINT('',#2785);
#799=VERTEX_POINT('',#2787);
#800=EDGE_CURVE('',#670,#670,#584,.T.);
#801=EDGE_CURVE('',#670,#671,#585,.T.);
#802=EDGE_CURVE('',#671,#672,#586,.T.);
#803=EDGE_CURVE('',#672,#671,#587,.T.);
#804=EDGE_CURVE('',#672,#673,#120,.T.);
#805=EDGE_CURVE('',#673,#673,#588,.T.);
#806=EDGE_CURVE('',#674,#674,#589,.T.);
#807=EDGE_CURVE('',#674,#675,#590,.T.);
#808=EDGE_CURVE('',#675,#676,#591,.T.);
#809=EDGE_CURVE('',#676,#675,#592,.T.);
#810=EDGE_CURVE('',#676,#677,#121,.T.);
#811=EDGE_CURVE('',#677,#677,#593,.T.);
#812=EDGE_CURVE('',#678,#678,#594,.T.);
#813=EDGE_CURVE('',#678,#679,#595,.T.);
#814=EDGE_CURVE('',#679,#680,#596,.T.);
#815=EDGE_CURVE('',#680,#679,#597,.T.);
#816=EDGE_CURVE('',#681,#681,#598,.T.);
#817=EDGE_CURVE('',#681,#680,#122,.T.);
#818=EDGE_CURVE('',#682,#682,#599,.T.);
#819=EDGE_CURVE('',#682,#683,#600,.T.);
#820=EDGE_CURVE('',#683,#684,#601,.T.);
#821=EDGE_CURVE('',#684,#683,#602,.T.);
#822=EDGE_CURVE('',#684,#685,#123,.T.);
#823=EDGE_CURVE('',#685,#685,#603,.T.);
#824=EDGE_CURVE('',#686,#687,#124,.T.);
#825=EDGE_CURVE('',#687,#688,#604,.T.);
#826=EDGE_CURVE('',#688,#689,#125,.T.);
#827=EDGE_CURVE('',#689,#686,#57,.T.);
#828=EDGE_CURVE('',#690,#686,#126,.T.);
#829=EDGE_CURVE('',#689,#691,#127,.T.);
#830=EDGE_CURVE('',#691,#690,#58,.T.);
#831=EDGE_CURVE('',#692,#693,#605,.T.);
#832=EDGE_CURVE('',#693,#688,#606,.T.);
#833=EDGE_CURVE('',#687,#692,#607,.T.);
#834=EDGE_CURVE('',#691,#693,#128,.T.);
#835=EDGE_CURVE('',#692,#690,#129,.T.);
#836=EDGE_CURVE('',#694,#687,#130,.T.);
#837=EDGE_CURVE('',#695,#694,#608,.T.);
#838=EDGE_CURVE('',#695,#692,#131,.T.);
#839=EDGE_CURVE('',#696,#686,#132,.T.);
#840=EDGE_CURVE('',#694,#696,#133,.T.);
#841=EDGE_CURVE('',#697,#698,#134,.T.);
#842=EDGE_CURVE('',#698,#699,#59,.T.);
#843=EDGE_CURVE('',#699,#700,#135,.T.);
#844=EDGE_CURVE('',#697,#700,#60,.T.);
#845=EDGE_CURVE('',#700,#701,#136,.T.);
#846=EDGE_CURVE('',#701,#702,#609,.T.);
#847=EDGE_CURVE('',#702,#697,#137,.T.);
#848=EDGE_CURVE('',#703,#704,#610,.T.);
#849=EDGE_CURVE('',#704,#702,#611,.T.);
#850=EDGE_CURVE('',#701,#703,#612,.T.);
#851=EDGE_CURVE('',#698,#704,#138,.T.);
#852=EDGE_CURVE('',#703,#699,#139,.T.);
#853=EDGE_CURVE('',#705,#700,#140,.T.);
#854=EDGE_CURVE('',#706,#705,#141,.T.);
#855=EDGE_CURVE('',#706,#701,#142,.T.);
#856=EDGE_CURVE('',#707,#699,#143,.T.);
#857=EDGE_CURVE('',#705,#707,#144,.T.);
#858=EDGE_CURVE('',#708,#695,#145,.T.);
#859=EDGE_CURVE('',#708,#690,#146,.T.);
#860=EDGE_CURVE('',#696,#708,#147,.T.);
#861=EDGE_CURVE('',#709,#703,#148,.T.);
#862=EDGE_CURVE('',#707,#709,#149,.T.);
#863=EDGE_CURVE('',#709,#706,#613,.T.);
#864=EDGE_CURVE('',#710,#711,#150,.T.);
#865=EDGE_CURVE('',#711,#712,#151,.T.);
#866=EDGE_CURVE('',#712,#713,#152,.T.);
#867=EDGE_CURVE('',#713,#710,#153,.T.);
#868=EDGE_CURVE('',#714,#715,#154,.T.);
#869=EDGE_CURVE('',#715,#711,#614,.T.);
#870=EDGE_CURVE('',#710,#714,#615,.T.);
#871=EDGE_CURVE('',#716,#717,#155,.T.);
#872=EDGE_CURVE('',#717,#715,#156,.T.);
#873=EDGE_CURVE('',#714,#716,#157,.T.);
#874=EDGE_CURVE('',#712,#717,#616,.T.);
#875=EDGE_CURVE('',#716,#713,#617,.T.);
#876=EDGE_CURVE('',#718,#710,#158,.T.);
#877=EDGE_CURVE('',#719,#718,#618,.T.);
#878=EDGE_CURVE('',#719,#714,#159,.T.);
#879=EDGE_CURVE('',#720,#713,#160,.T.);
#880=EDGE_CURVE('',#718,#720,#161,.T.);
#881=EDGE_CURVE('',#721,#721,#619,.T.);
#882=EDGE_CURVE('',#722,#722,#620,.T.);
#883=EDGE_CURVE('',#722,#723,#162,.T.);
#884=EDGE_CURVE('',#723,#723,#621,.T.);
#885=EDGE_CURVE('',#721,#724,#163,.T.);
#886=EDGE_CURVE('',#724,#724,#622,.T.);
#887=EDGE_CURVE('',#725,#726,#21,.T.);
#888=EDGE_CURVE('',#725,#727,#164,.T.);
#889=EDGE_CURVE('',#727,#726,#22,.T.);
#890=EDGE_CURVE('',#728,#729,#15,.T.);
#891=EDGE_CURVE('',#729,#730,#23,.T.);
#892=EDGE_CURVE('',#731,#730,#623,.T.);
#893=EDGE_CURVE('',#726,#731,#24,.T.);
#894=EDGE_CURVE('',#728,#727,#624,.T.);
#895=EDGE_CURVE('',#728,#732,#165,.T.);
#896=EDGE_CURVE('',#732,#729,#166,.T.);
#897=EDGE_CURVE('',#730,#731,#625,.T.);
#898=EDGE_CURVE('',#732,#725,#626,.T.);
#899=EDGE_CURVE('',#733,#734,#167,.T.);
#900=EDGE_CURVE('',#735,#733,#16,.T.);
#901=EDGE_CURVE('',#735,#736,#168,.T.);
#902=EDGE_CURVE('',#736,#734,#17,.T.);
#903=EDGE_CURVE('',#734,#737,#627,.T.);
#904=EDGE_CURVE('',#738,#736,#628,.T.);
#905=EDGE_CURVE('',#738,#737,#18,.T.);
#906=EDGE_CURVE('',#737,#739,#169,.T.);
#907=EDGE_CURVE('',#738,#740,#170,.T.);
#908=EDGE_CURVE('',#740,#739,#19,.T.);
#909=EDGE_CURVE('',#739,#733,#629,.T.);
#910=EDGE_CURVE('',#735,#740,#630,.T.);
#911=EDGE_CURVE('',#741,#742,#25,.T.);
#912=EDGE_CURVE('',#741,#743,#171,.T.);
#913=EDGE_CURVE('',#743,#742,#26,.T.);
#914=EDGE_CURVE('',#744,#745,#20,.T.);
#915=EDGE_CURVE('',#745,#746,#27,.T.);
#916=EDGE_CURVE('',#747,#746,#631,.T.);
#917=EDGE_CURVE('',#742,#747,#28,.T.);
#918=EDGE_CURVE('',#744,#743,#632,.T.);
#919=EDGE_CURVE('',#744,#748,#172,.T.);
#920=EDGE_CURVE('',#748,#745,#173,.T.);
#921=EDGE_CURVE('',#746,#747,#633,.T.);
#922=EDGE_CURVE('',#748,#741,#634,.T.);
#923=EDGE_CURVE('',#740,#744,#174,.T.);
#924=EDGE_CURVE('',#743,#735,#175,.T.);
#925=EDGE_CURVE('',#727,#738,#176,.T.);
#926=EDGE_CURVE('',#736,#728,#177,.T.);
#927=EDGE_CURVE('',#749,#749,#635,.T.);
#928=EDGE_CURVE('',#749,#750,#178,.T.);
#929=EDGE_CURVE('',#750,#750,#636,.T.);
#930=EDGE_CURVE('',#751,#751,#637,.T.);
#931=EDGE_CURVE('',#751,#752,#179,.T.);
#932=EDGE_CURVE('',#752,#752,#638,.T.);
#933=EDGE_CURVE('',#753,#753,#639,.T.);
#934=EDGE_CURVE('',#753,#754,#180,.T.);
#935=EDGE_CURVE('',#754,#754,#640,.T.);
#936=EDGE_CURVE('',#755,#755,#641,.T.);
#937=EDGE_CURVE('',#756,#756,#642,.T.);
#938=EDGE_CURVE('',#757,#757,#643,.T.);
#939=EDGE_CURVE('',#757,#758,#181,.T.);
#940=EDGE_CURVE('',#758,#758,#644,.T.);
#941=EDGE_CURVE('',#741,#759,#182,.T.);
#942=EDGE_CURVE('',#759,#760,#183,.T.);
#943=EDGE_CURVE('',#732,#760,#184,.T.);
#944=EDGE_CURVE('',#748,#761,#185,.T.);
#945=EDGE_CURVE('',#761,#759,#645,.T.);
#946=EDGE_CURVE('',#725,#762,#186,.T.);
#947=EDGE_CURVE('',#762,#761,#187,.T.);
#948=EDGE_CURVE('',#760,#762,#646,.T.);
#949=EDGE_CURVE('',#755,#763,#188,.T.);
#950=EDGE_CURVE('',#763,#763,#647,.T.);
#951=EDGE_CURVE('',#756,#764,#189,.T.);
#952=EDGE_CURVE('',#764,#764,#648,.T.);
#953=EDGE_CURVE('',#765,#766,#190,.T.);
#954=EDGE_CURVE('',#765,#767,#191,.T.);
#955=EDGE_CURVE('',#767,#768,#192,.T.);
#956=EDGE_CURVE('',#766,#768,#193,.T.);
#957=EDGE_CURVE('',#769,#765,#649,.T.);
#958=EDGE_CURVE('',#769,#770,#194,.T.);
#959=EDGE_CURVE('',#770,#767,#650,.T.);
#960=EDGE_CURVE('',#771,#769,#195,.T.);
#961=EDGE_CURVE('',#771,#772,#196,.T.);
#962=EDGE_CURVE('',#772,#770,#197,.T.);
#963=EDGE_CURVE('',#766,#771,#651,.T.);
#964=EDGE_CURVE('',#768,#772,#652,.T.);
#965=EDGE_CURVE('',#773,#774,#653,.T.);
#966=EDGE_CURVE('',#775,#773,#198,.T.);
#967=EDGE_CURVE('',#776,#775,#654,.T.);
#968=EDGE_CURVE('',#774,#776,#199,.T.);
#969=EDGE_CURVE('',#774,#719,#200,.T.);
#970=EDGE_CURVE('',#718,#773,#201,.T.);
#971=EDGE_CURVE('',#776,#777,#202,.T.);
#972=EDGE_CURVE('',#777,#719,#203,.T.);
#973=EDGE_CURVE('',#775,#720,#204,.T.);
#974=EDGE_CURVE('',#720,#777,#655,.T.);
#975=EDGE_CURVE('',#777,#716,#205,.T.);
#976=EDGE_CURVE('',#778,#778,#656,.T.);
#977=EDGE_CURVE('',#778,#779,#206,.T.);
#978=EDGE_CURVE('',#779,#779,#657,.T.);
#979=EDGE_CURVE('',#780,#781,#658,.T.);
#980=EDGE_CURVE('',#781,#782,#207,.T.);
#981=EDGE_CURVE('',#783,#782,#659,.T.);
#982=EDGE_CURVE('',#780,#783,#208,.T.);
#983=EDGE_CURVE('',#784,#780,#209,.T.);
#984=EDGE_CURVE('',#785,#783,#210,.T.);
#985=EDGE_CURVE('',#784,#785,#211,.T.);
#986=EDGE_CURVE('',#786,#784,#660,.T.);
#987=EDGE_CURVE('',#787,#785,#661,.T.);
#988=EDGE_CURVE('',#786,#787,#212,.T.);
#989=EDGE_CURVE('',#781,#786,#213,.T.);
#990=EDGE_CURVE('',#782,#787,#214,.T.);
#991=EDGE_CURVE('',#788,#788,#662,.T.);
#992=EDGE_CURVE('',#788,#789,#215,.T.);
#993=EDGE_CURVE('',#789,#789,#663,.T.);
#994=EDGE_CURVE('',#790,#790,#664,.T.);
#995=EDGE_CURVE('',#790,#791,#216,.T.);
#996=EDGE_CURVE('',#791,#791,#665,.T.);
#997=EDGE_CURVE('',#792,#793,#666,.T.);
#998=EDGE_CURVE('',#793,#794,#217,.T.);
#999=EDGE_CURVE('',#795,#794,#667,.T.);
#1000=EDGE_CURVE('',#792,#795,#218,.T.);
#1001=EDGE_CURVE('',#796,#792,#219,.T.);
#1002=EDGE_CURVE('',#797,#795,#220,.T.);
#1003=EDGE_CURVE('',#796,#797,#221,.T.);
#1004=EDGE_CURVE('',#798,#796,#668,.T.);
#1005=EDGE_CURVE('',#799,#797,#669,.T.);
#1006=EDGE_CURVE('',#798,#799,#222,.T.);
#1007=EDGE_CURVE('',#793,#798,#223,.T.);
#1008=EDGE_CURVE('',#794,#799,#224,.T.);
#1009=ORIENTED_EDGE('',*,*,#800,.T.);
#1010=ORIENTED_EDGE('',*,*,#801,.T.);
#1011=ORIENTED_EDGE('',*,*,#802,.T.);
#1012=ORIENTED_EDGE('',*,*,#803,.T.);
#1013=ORIENTED_EDGE('',*,*,#801,.F.);
#1014=ORIENTED_EDGE('',*,*,#803,.F.);
#1015=ORIENTED_EDGE('',*,*,#804,.T.);
#1016=ORIENTED_EDGE('',*,*,#805,.T.);
#1017=ORIENTED_EDGE('',*,*,#804,.F.);
#1018=ORIENTED_EDGE('',*,*,#802,.F.);
#1019=ORIENTED_EDGE('',*,*,#800,.F.);
#1020=ORIENTED_EDGE('',*,*,#806,.T.);
#1021=ORIENTED_EDGE('',*,*,#807,.T.);
#1022=ORIENTED_EDGE('',*,*,#808,.T.);
#1023=ORIENTED_EDGE('',*,*,#809,.T.);
#1024=ORIENTED_EDGE('',*,*,#807,.F.);
#1025=ORIENTED_EDGE('',*,*,#809,.F.);
#1026=ORIENTED_EDGE('',*,*,#810,.T.);
#1027=ORIENTED_EDGE('',*,*,#811,.T.);
#1028=ORIENTED_EDGE('',*,*,#810,.F.);
#1029=ORIENTED_EDGE('',*,*,#808,.F.);
#1030=ORIENTED_EDGE('',*,*,#806,.F.);
#1031=ORIENTED_EDGE('',*,*,#812,.T.);
#1032=ORIENTED_EDGE('',*,*,#813,.T.);
#1033=ORIENTED_EDGE('',*,*,#814,.T.);
#1034=ORIENTED_EDGE('',*,*,#815,.T.);
#1035=ORIENTED_EDGE('',*,*,#813,.F.);
#1036=ORIENTED_EDGE('',*,*,#816,.T.);
#1037=ORIENTED_EDGE('',*,*,#817,.T.);
#1038=ORIENTED_EDGE('',*,*,#814,.F.);
#1039=ORIENTED_EDGE('',*,*,#815,.F.);
#1040=ORIENTED_EDGE('',*,*,#817,.F.);
#1041=ORIENTED_EDGE('',*,*,#812,.F.);
#1042=ORIENTED_EDGE('',*,*,#818,.T.);
#1043=ORIENTED_EDGE('',*,*,#819,.T.);
#1044=ORIENTED_EDGE('',*,*,#820,.T.);
#1045=ORIENTED_EDGE('',*,*,#821,.T.);
#1046=ORIENTED_EDGE('',*,*,#819,.F.);
#1047=ORIENTED_EDGE('',*,*,#821,.F.);
#1048=ORIENTED_EDGE('',*,*,#822,.T.);
#1049=ORIENTED_EDGE('',*,*,#823,.T.);
#1050=ORIENTED_EDGE('',*,*,#822,.F.);
#1051=ORIENTED_EDGE('',*,*,#820,.F.);
#1052=ORIENTED_EDGE('',*,*,#818,.F.);
#1053=ORIENTED_EDGE('',*,*,#824,.T.);
#1054=ORIENTED_EDGE('',*,*,#825,.T.);
#1055=ORIENTED_EDGE('',*,*,#826,.T.);
#1056=ORIENTED_EDGE('',*,*,#827,.T.);
#1057=ORIENTED_EDGE('',*,*,#828,.T.);
#1058=ORIENTED_EDGE('',*,*,#827,.F.);
#1059=ORIENTED_EDGE('',*,*,#829,.T.);
#1060=ORIENTED_EDGE('',*,*,#830,.T.);
#1061=ORIENTED_EDGE('',*,*,#831,.T.);
#1062=ORIENTED_EDGE('',*,*,#832,.T.);
#1063=ORIENTED_EDGE('',*,*,#825,.F.);
#1064=ORIENTED_EDGE('',*,*,#833,.T.);
#1065=ORIENTED_EDGE('',*,*,#834,.T.);
#1066=ORIENTED_EDGE('',*,*,#831,.F.);
#1067=ORIENTED_EDGE('',*,*,#835,.T.);
#1068=ORIENTED_EDGE('',*,*,#830,.F.);
#1069=ORIENTED_EDGE('',*,*,#833,.F.);
#1070=ORIENTED_EDGE('',*,*,#836,.F.);
#1071=ORIENTED_EDGE('',*,*,#837,.F.);
#1072=ORIENTED_EDGE('',*,*,#838,.T.);
#1073=ORIENTED_EDGE('',*,*,#824,.F.);
#1074=ORIENTED_EDGE('',*,*,#839,.F.);
#1075=ORIENTED_EDGE('',*,*,#840,.F.);
#1076=ORIENTED_EDGE('',*,*,#836,.T.);
#1077=ORIENTED_EDGE('',*,*,#826,.F.);
#1078=ORIENTED_EDGE('',*,*,#832,.F.);
#1079=ORIENTED_EDGE('',*,*,#834,.F.);
#1080=ORIENTED_EDGE('',*,*,#829,.F.);
#1081=ORIENTED_EDGE('',*,*,#841,.T.);
#1082=ORIENTED_EDGE('',*,*,#842,.T.);
#1083=ORIENTED_EDGE('',*,*,#843,.T.);
#1084=ORIENTED_EDGE('',*,*,#844,.F.);
#1085=ORIENTED_EDGE('',*,*,#845,.T.);
#1086=ORIENTED_EDGE('',*,*,#846,.T.);
#1087=ORIENTED_EDGE('',*,*,#847,.T.);
#1088=ORIENTED_EDGE('',*,*,#844,.T.);
#1089=ORIENTED_EDGE('',*,*,#848,.T.);
#1090=ORIENTED_EDGE('',*,*,#849,.T.);
#1091=ORIENTED_EDGE('',*,*,#846,.F.);
#1092=ORIENTED_EDGE('',*,*,#850,.T.);
#1093=ORIENTED_EDGE('',*,*,#851,.T.);
#1094=ORIENTED_EDGE('',*,*,#848,.F.);
#1095=ORIENTED_EDGE('',*,*,#852,.T.);
#1096=ORIENTED_EDGE('',*,*,#842,.F.);
#1097=ORIENTED_EDGE('',*,*,#845,.F.);
#1098=ORIENTED_EDGE('',*,*,#853,.F.);
#1099=ORIENTED_EDGE('',*,*,#854,.F.);
#1100=ORIENTED_EDGE('',*,*,#855,.T.);
#1101=ORIENTED_EDGE('',*,*,#843,.F.);
#1102=ORIENTED_EDGE('',*,*,#856,.F.);
#1103=ORIENTED_EDGE('',*,*,#857,.F.);
#1104=ORIENTED_EDGE('',*,*,#853,.T.);
#1105=ORIENTED_EDGE('',*,*,#841,.F.);
#1106=ORIENTED_EDGE('',*,*,#847,.F.);
#1107=ORIENTED_EDGE('',*,*,#849,.F.);
#1108=ORIENTED_EDGE('',*,*,#851,.F.);
#1109=ORIENTED_EDGE('',*,*,#835,.F.);
#1110=ORIENTED_EDGE('',*,*,#838,.F.);
#1111=ORIENTED_EDGE('',*,*,#858,.F.);
#1112=ORIENTED_EDGE('',*,*,#859,.T.);
#1113=ORIENTED_EDGE('',*,*,#828,.F.);
#1114=ORIENTED_EDGE('',*,*,#859,.F.);
#1115=ORIENTED_EDGE('',*,*,#860,.F.);
#1116=ORIENTED_EDGE('',*,*,#839,.T.);
#1117=ORIENTED_EDGE('',*,*,#852,.F.);
#1118=ORIENTED_EDGE('',*,*,#861,.F.);
#1119=ORIENTED_EDGE('',*,*,#862,.F.);
#1120=ORIENTED_EDGE('',*,*,#856,.T.);
#1121=ORIENTED_EDGE('',*,*,#850,.F.);
#1122=ORIENTED_EDGE('',*,*,#855,.F.);
#1123=ORIENTED_EDGE('',*,*,#863,.F.);
#1124=ORIENTED_EDGE('',*,*,#861,.T.);
#1125=ORIENTED_EDGE('',*,*,#864,.T.);
#1126=ORIENTED_EDGE('',*,*,#865,.T.);
#1127=ORIENTED_EDGE('',*,*,#866,.T.);
#1128=ORIENTED_EDGE('',*,*,#867,.T.);
#1129=ORIENTED_EDGE('',*,*,#858,.T.);
#1130=ORIENTED_EDGE('',*,*,#837,.T.);
#1131=ORIENTED_EDGE('',*,*,#840,.T.);
#1132=ORIENTED_EDGE('',*,*,#860,.T.);
#1133=ORIENTED_EDGE('',*,*,#862,.T.);
#1134=ORIENTED_EDGE('',*,*,#863,.T.);
#1135=ORIENTED_EDGE('',*,*,#854,.T.);
#1136=ORIENTED_EDGE('',*,*,#857,.T.);
#1137=ORIENTED_EDGE('',*,*,#868,.T.);
#1138=ORIENTED_EDGE('',*,*,#869,.T.);
#1139=ORIENTED_EDGE('',*,*,#864,.F.);
#1140=ORIENTED_EDGE('',*,*,#870,.T.);
#1141=ORIENTED_EDGE('',*,*,#871,.T.);
#1142=ORIENTED_EDGE('',*,*,#872,.T.);
#1143=ORIENTED_EDGE('',*,*,#868,.F.);
#1144=ORIENTED_EDGE('',*,*,#873,.T.);
#1145=ORIENTED_EDGE('',*,*,#866,.F.);
#1146=ORIENTED_EDGE('',*,*,#874,.T.);
#1147=ORIENTED_EDGE('',*,*,#871,.F.);
#1148=ORIENTED_EDGE('',*,*,#875,.T.);
#1149=ORIENTED_EDGE('',*,*,#870,.F.);
#1150=ORIENTED_EDGE('',*,*,#876,.F.);
#1151=ORIENTED_EDGE('',*,*,#877,.F.);
#1152=ORIENTED_EDGE('',*,*,#878,.T.);
#1153=ORIENTED_EDGE('',*,*,#867,.F.);
#1154=ORIENTED_EDGE('',*,*,#879,.F.);
#1155=ORIENTED_EDGE('',*,*,#880,.F.);
#1156=ORIENTED_EDGE('',*,*,#876,.T.);
#1157=ORIENTED_EDGE('',*,*,#865,.F.);
#1158=ORIENTED_EDGE('',*,*,#869,.F.);
#1159=ORIENTED_EDGE('',*,*,#872,.F.);
#1160=ORIENTED_EDGE('',*,*,#874,.F.);
#1161=ORIENTED_EDGE('',*,*,#881,.T.);
#1162=ORIENTED_EDGE('',*,*,#882,.T.);
#1163=ORIENTED_EDGE('',*,*,#882,.F.);
#1164=ORIENTED_EDGE('',*,*,#883,.T.);
#1165=ORIENTED_EDGE('',*,*,#884,.T.);
#1166=ORIENTED_EDGE('',*,*,#883,.F.);
#1167=ORIENTED_EDGE('',*,*,#884,.F.);
#1168=ORIENTED_EDGE('',*,*,#881,.F.);
#1169=ORIENTED_EDGE('',*,*,#885,.T.);
#1170=ORIENTED_EDGE('',*,*,#886,.T.);
#1171=ORIENTED_EDGE('',*,*,#885,.F.);
#1172=ORIENTED_EDGE('',*,*,#886,.F.);
#1173=ORIENTED_EDGE('',*,*,#887,.F.);
#1174=ORIENTED_EDGE('',*,*,#888,.T.);
#1175=ORIENTED_EDGE('',*,*,#889,.T.);
#1176=ORIENTED_EDGE('',*,*,#890,.T.);
#1177=ORIENTED_EDGE('',*,*,#891,.T.);
#1178=ORIENTED_EDGE('',*,*,#892,.F.);
#1179=ORIENTED_EDGE('',*,*,#893,.F.);
#1180=ORIENTED_EDGE('',*,*,#889,.F.);
#1181=ORIENTED_EDGE('',*,*,#894,.F.);
#1182=ORIENTED_EDGE('',*,*,#890,.F.);
#1183=ORIENTED_EDGE('',*,*,#895,.T.);
#1184=ORIENTED_EDGE('',*,*,#896,.T.);
#1185=ORIENTED_EDGE('',*,*,#887,.T.);
#1186=ORIENTED_EDGE('',*,*,#893,.T.);
#1187=ORIENTED_EDGE('',*,*,#897,.F.);
#1188=ORIENTED_EDGE('',*,*,#891,.F.);
#1189=ORIENTED_EDGE('',*,*,#896,.F.);
#1190=ORIENTED_EDGE('',*,*,#898,.T.);
#1191=ORIENTED_EDGE('',*,*,#892,.T.);
#1192=ORIENTED_EDGE('',*,*,#897,.T.);
#1193=ORIENTED_EDGE('',*,*,#899,.F.);
#1194=ORIENTED_EDGE('',*,*,#900,.F.);
#1195=ORIENTED_EDGE('',*,*,#901,.T.);
#1196=ORIENTED_EDGE('',*,*,#902,.T.);
#1197=ORIENTED_EDGE('',*,*,#903,.F.);
#1198=ORIENTED_EDGE('',*,*,#902,.F.);
#1199=ORIENTED_EDGE('',*,*,#904,.F.);
#1200=ORIENTED_EDGE('',*,*,#905,.T.);
#1201=ORIENTED_EDGE('',*,*,#906,.F.);
#1202=ORIENTED_EDGE('',*,*,#905,.F.);
#1203=ORIENTED_EDGE('',*,*,#907,.T.);
#1204=ORIENTED_EDGE('',*,*,#908,.T.);
#1205=ORIENTED_EDGE('',*,*,#909,.F.);
#1206=ORIENTED_EDGE('',*,*,#908,.F.);
#1207=ORIENTED_EDGE('',*,*,#910,.F.);
#1208=ORIENTED_EDGE('',*,*,#900,.T.);
#1209=ORIENTED_EDGE('',*,*,#899,.T.);
#1210=ORIENTED_EDGE('',*,*,#903,.T.);
#1211=ORIENTED_EDGE('',*,*,#906,.T.);
#1212=ORIENTED_EDGE('',*,*,#909,.T.);
#1213=ORIENTED_EDGE('',*,*,#816,.F.);
#1214=ORIENTED_EDGE('',*,*,#911,.F.);
#1215=ORIENTED_EDGE('',*,*,#912,.T.);
#1216=ORIENTED_EDGE('',*,*,#913,.T.);
#1217=ORIENTED_EDGE('',*,*,#914,.T.);
#1218=ORIENTED_EDGE('',*,*,#915,.T.);
#1219=ORIENTED_EDGE('',*,*,#916,.F.);
#1220=ORIENTED_EDGE('',*,*,#917,.F.);
#1221=ORIENTED_EDGE('',*,*,#913,.F.);
#1222=ORIENTED_EDGE('',*,*,#918,.F.);
#1223=ORIENTED_EDGE('',*,*,#914,.F.);
#1224=ORIENTED_EDGE('',*,*,#919,.T.);
#1225=ORIENTED_EDGE('',*,*,#920,.T.);
#1226=ORIENTED_EDGE('',*,*,#911,.T.);
#1227=ORIENTED_EDGE('',*,*,#917,.T.);
#1228=ORIENTED_EDGE('',*,*,#921,.F.);
#1229=ORIENTED_EDGE('',*,*,#915,.F.);
#1230=ORIENTED_EDGE('',*,*,#920,.F.);
#1231=ORIENTED_EDGE('',*,*,#922,.T.);
#1232=ORIENTED_EDGE('',*,*,#916,.T.);
#1233=ORIENTED_EDGE('',*,*,#921,.T.);
#1234=ORIENTED_EDGE('',*,*,#910,.T.);
#1235=ORIENTED_EDGE('',*,*,#923,.T.);
#1236=ORIENTED_EDGE('',*,*,#918,.T.);
#1237=ORIENTED_EDGE('',*,*,#924,.T.);
#1238=ORIENTED_EDGE('',*,*,#894,.T.);
#1239=ORIENTED_EDGE('',*,*,#925,.T.);
#1240=ORIENTED_EDGE('',*,*,#904,.T.);
#1241=ORIENTED_EDGE('',*,*,#926,.T.);
#1242=ORIENTED_EDGE('',*,*,#927,.F.);
#1243=ORIENTED_EDGE('',*,*,#928,.T.);
#1244=ORIENTED_EDGE('',*,*,#929,.T.);
#1245=ORIENTED_EDGE('',*,*,#928,.F.);
#1246=ORIENTED_EDGE('',*,*,#929,.F.);
#1247=ORIENTED_EDGE('',*,*,#805,.F.);
#1248=ORIENTED_EDGE('',*,*,#930,.F.);
#1249=ORIENTED_EDGE('',*,*,#931,.T.);
#1250=ORIENTED_EDGE('',*,*,#932,.T.);
#1251=ORIENTED_EDGE('',*,*,#931,.F.);
#1252=ORIENTED_EDGE('',*,*,#932,.F.);
#1253=ORIENTED_EDGE('',*,*,#811,.F.);
#1254=ORIENTED_EDGE('',*,*,#933,.F.);
#1255=ORIENTED_EDGE('',*,*,#934,.T.);
#1256=ORIENTED_EDGE('',*,*,#935,.T.);
#1257=ORIENTED_EDGE('',*,*,#934,.F.);
#1258=ORIENTED_EDGE('',*,*,#935,.F.);
#1259=ORIENTED_EDGE('',*,*,#823,.F.);
#1260=ORIENTED_EDGE('',*,*,#936,.T.);
#1261=ORIENTED_EDGE('',*,*,#927,.T.);
#1262=ORIENTED_EDGE('',*,*,#937,.T.);
#1263=ORIENTED_EDGE('',*,*,#930,.T.);
#1264=ORIENTED_EDGE('',*,*,#938,.T.);
#1265=ORIENTED_EDGE('',*,*,#933,.T.);
#1266=ORIENTED_EDGE('',*,*,#938,.F.);
#1267=ORIENTED_EDGE('',*,*,#939,.T.);
#1268=ORIENTED_EDGE('',*,*,#940,.T.);
#1269=ORIENTED_EDGE('',*,*,#939,.F.);
#1270=ORIENTED_EDGE('',*,*,#912,.F.);
#1271=ORIENTED_EDGE('',*,*,#941,.T.);
#1272=ORIENTED_EDGE('',*,*,#942,.T.);
#1273=ORIENTED_EDGE('',*,*,#943,.F.);
#1274=ORIENTED_EDGE('',*,*,#895,.F.);
#1275=ORIENTED_EDGE('',*,*,#926,.F.);
#1276=ORIENTED_EDGE('',*,*,#901,.F.);
#1277=ORIENTED_EDGE('',*,*,#924,.F.);
#1278=ORIENTED_EDGE('',*,*,#922,.F.);
#1279=ORIENTED_EDGE('',*,*,#944,.T.);
#1280=ORIENTED_EDGE('',*,*,#945,.T.);
#1281=ORIENTED_EDGE('',*,*,#941,.F.);
#1282=ORIENTED_EDGE('',*,*,#888,.F.);
#1283=ORIENTED_EDGE('',*,*,#946,.T.);
#1284=ORIENTED_EDGE('',*,*,#947,.T.);
#1285=ORIENTED_EDGE('',*,*,#944,.F.);
#1286=ORIENTED_EDGE('',*,*,#919,.F.);
#1287=ORIENTED_EDGE('',*,*,#923,.F.);
#1288=ORIENTED_EDGE('',*,*,#907,.F.);
#1289=ORIENTED_EDGE('',*,*,#925,.F.);
#1290=ORIENTED_EDGE('',*,*,#898,.F.);
#1291=ORIENTED_EDGE('',*,*,#943,.T.);
#1292=ORIENTED_EDGE('',*,*,#948,.T.);
#1293=ORIENTED_EDGE('',*,*,#946,.F.);
#1294=ORIENTED_EDGE('',*,*,#936,.F.);
#1295=ORIENTED_EDGE('',*,*,#949,.T.);
#1296=ORIENTED_EDGE('',*,*,#950,.T.);
#1297=ORIENTED_EDGE('',*,*,#949,.F.);
#1298=ORIENTED_EDGE('',*,*,#937,.F.);
#1299=ORIENTED_EDGE('',*,*,#951,.T.);
#1300=ORIENTED_EDGE('',*,*,#952,.T.);
#1301=ORIENTED_EDGE('',*,*,#951,.F.);
#1302=ORIENTED_EDGE('',*,*,#953,.F.);
#1303=ORIENTED_EDGE('',*,*,#954,.T.);
#1304=ORIENTED_EDGE('',*,*,#955,.T.);
#1305=ORIENTED_EDGE('',*,*,#956,.F.);
#1306=ORIENTED_EDGE('',*,*,#957,.F.);
#1307=ORIENTED_EDGE('',*,*,#958,.T.);
#1308=ORIENTED_EDGE('',*,*,#959,.T.);
#1309=ORIENTED_EDGE('',*,*,#954,.F.);
#1310=ORIENTED_EDGE('',*,*,#960,.F.);
#1311=ORIENTED_EDGE('',*,*,#961,.T.);
#1312=ORIENTED_EDGE('',*,*,#962,.T.);
#1313=ORIENTED_EDGE('',*,*,#958,.F.);
#1314=ORIENTED_EDGE('',*,*,#963,.F.);
#1315=ORIENTED_EDGE('',*,*,#956,.T.);
#1316=ORIENTED_EDGE('',*,*,#964,.T.);
#1317=ORIENTED_EDGE('',*,*,#961,.F.);
#1318=ORIENTED_EDGE('',*,*,#964,.F.);
#1319=ORIENTED_EDGE('',*,*,#955,.F.);
#1320=ORIENTED_EDGE('',*,*,#959,.F.);
#1321=ORIENTED_EDGE('',*,*,#962,.F.);
#1322=ORIENTED_EDGE('',*,*,#952,.F.);
#1323=ORIENTED_EDGE('',*,*,#950,.F.);
#1324=ORIENTED_EDGE('',*,*,#948,.F.);
#1325=ORIENTED_EDGE('',*,*,#942,.F.);
#1326=ORIENTED_EDGE('',*,*,#945,.F.);
#1327=ORIENTED_EDGE('',*,*,#947,.F.);
#1328=ORIENTED_EDGE('',*,*,#940,.F.);
#1329=ORIENTED_EDGE('',*,*,#965,.F.);
#1330=ORIENTED_EDGE('',*,*,#966,.F.);
#1331=ORIENTED_EDGE('',*,*,#967,.F.);
#1332=ORIENTED_EDGE('',*,*,#968,.F.);
#1333=ORIENTED_EDGE('',*,*,#953,.T.);
#1334=ORIENTED_EDGE('',*,*,#963,.T.);
#1335=ORIENTED_EDGE('',*,*,#960,.T.);
#1336=ORIENTED_EDGE('',*,*,#957,.T.);
#1337=ORIENTED_EDGE('',*,*,#969,.T.);
#1338=ORIENTED_EDGE('',*,*,#877,.T.);
#1339=ORIENTED_EDGE('',*,*,#970,.T.);
#1340=ORIENTED_EDGE('',*,*,#965,.T.);
#1341=ORIENTED_EDGE('',*,*,#971,.T.);
#1342=ORIENTED_EDGE('',*,*,#972,.T.);
#1343=ORIENTED_EDGE('',*,*,#969,.F.);
#1344=ORIENTED_EDGE('',*,*,#968,.T.);
#1345=ORIENTED_EDGE('',*,*,#973,.T.);
#1346=ORIENTED_EDGE('',*,*,#974,.T.);
#1347=ORIENTED_EDGE('',*,*,#971,.F.);
#1348=ORIENTED_EDGE('',*,*,#967,.T.);
#1349=ORIENTED_EDGE('',*,*,#970,.F.);
#1350=ORIENTED_EDGE('',*,*,#880,.T.);
#1351=ORIENTED_EDGE('',*,*,#973,.F.);
#1352=ORIENTED_EDGE('',*,*,#966,.T.);
#1353=ORIENTED_EDGE('',*,*,#875,.F.);
#1354=ORIENTED_EDGE('',*,*,#975,.F.);
#1355=ORIENTED_EDGE('',*,*,#974,.F.);
#1356=ORIENTED_EDGE('',*,*,#879,.T.);
#1357=ORIENTED_EDGE('',*,*,#873,.F.);
#1358=ORIENTED_EDGE('',*,*,#878,.F.);
#1359=ORIENTED_EDGE('',*,*,#972,.F.);
#1360=ORIENTED_EDGE('',*,*,#975,.T.);
#1361=ORIENTED_EDGE('',*,*,#976,.F.);
#1362=ORIENTED_EDGE('',*,*,#977,.T.);
#1363=ORIENTED_EDGE('',*,*,#978,.T.);
#1364=ORIENTED_EDGE('',*,*,#977,.F.);
#1365=ORIENTED_EDGE('',*,*,#979,.T.);
#1366=ORIENTED_EDGE('',*,*,#980,.T.);
#1367=ORIENTED_EDGE('',*,*,#981,.F.);
#1368=ORIENTED_EDGE('',*,*,#982,.F.);
#1369=ORIENTED_EDGE('',*,*,#983,.T.);
#1370=ORIENTED_EDGE('',*,*,#982,.T.);
#1371=ORIENTED_EDGE('',*,*,#984,.F.);
#1372=ORIENTED_EDGE('',*,*,#985,.F.);
#1373=ORIENTED_EDGE('',*,*,#986,.T.);
#1374=ORIENTED_EDGE('',*,*,#985,.T.);
#1375=ORIENTED_EDGE('',*,*,#987,.F.);
#1376=ORIENTED_EDGE('',*,*,#988,.F.);
#1377=ORIENTED_EDGE('',*,*,#989,.T.);
#1378=ORIENTED_EDGE('',*,*,#988,.T.);
#1379=ORIENTED_EDGE('',*,*,#990,.F.);
#1380=ORIENTED_EDGE('',*,*,#980,.F.);
#1381=ORIENTED_EDGE('',*,*,#991,.F.);
#1382=ORIENTED_EDGE('',*,*,#992,.T.);
#1383=ORIENTED_EDGE('',*,*,#993,.T.);
#1384=ORIENTED_EDGE('',*,*,#992,.F.);
#1385=ORIENTED_EDGE('',*,*,#994,.F.);
#1386=ORIENTED_EDGE('',*,*,#995,.T.);
#1387=ORIENTED_EDGE('',*,*,#996,.T.);
#1388=ORIENTED_EDGE('',*,*,#995,.F.);
#1389=ORIENTED_EDGE('',*,*,#997,.T.);
#1390=ORIENTED_EDGE('',*,*,#998,.T.);
#1391=ORIENTED_EDGE('',*,*,#999,.F.);
#1392=ORIENTED_EDGE('',*,*,#1000,.F.);
#1393=ORIENTED_EDGE('',*,*,#1001,.T.);
#1394=ORIENTED_EDGE('',*,*,#1000,.T.);
#1395=ORIENTED_EDGE('',*,*,#1002,.F.);
#1396=ORIENTED_EDGE('',*,*,#1003,.F.);
#1397=ORIENTED_EDGE('',*,*,#1004,.T.);
#1398=ORIENTED_EDGE('',*,*,#1003,.T.);
#1399=ORIENTED_EDGE('',*,*,#1005,.F.);
#1400=ORIENTED_EDGE('',*,*,#1006,.F.);
#1401=ORIENTED_EDGE('',*,*,#1007,.T.);
#1402=ORIENTED_EDGE('',*,*,#1006,.T.);
#1403=ORIENTED_EDGE('',*,*,#1008,.F.);
#1404=ORIENTED_EDGE('',*,*,#998,.F.);
#1405=ORIENTED_EDGE('',*,*,#1007,.F.);
#1406=ORIENTED_EDGE('',*,*,#997,.F.);
#1407=ORIENTED_EDGE('',*,*,#1001,.F.);
#1408=ORIENTED_EDGE('',*,*,#1004,.F.);
#1409=ORIENTED_EDGE('',*,*,#996,.F.);
#1410=ORIENTED_EDGE('',*,*,#993,.F.);
#1411=ORIENTED_EDGE('',*,*,#989,.F.);
#1412=ORIENTED_EDGE('',*,*,#979,.F.);
#1413=ORIENTED_EDGE('',*,*,#983,.F.);
#1414=ORIENTED_EDGE('',*,*,#986,.F.);
#1415=ORIENTED_EDGE('',*,*,#978,.F.);
#1416=ORIENTED_EDGE('',*,*,#1008,.T.);
#1417=ORIENTED_EDGE('',*,*,#1005,.T.);
#1418=ORIENTED_EDGE('',*,*,#1002,.T.);
#1419=ORIENTED_EDGE('',*,*,#999,.T.);
#1420=ORIENTED_EDGE('',*,*,#994,.T.);
#1421=ORIENTED_EDGE('',*,*,#991,.T.);
#1422=ORIENTED_EDGE('',*,*,#990,.T.);
#1423=ORIENTED_EDGE('',*,*,#987,.T.);
#1424=ORIENTED_EDGE('',*,*,#984,.T.);
#1425=ORIENTED_EDGE('',*,*,#981,.T.);
#1426=ORIENTED_EDGE('',*,*,#976,.T.);
#1427=TOROIDAL_SURFACE('',#1584,1.5,1.);
#1428=TOROIDAL_SURFACE('',#1592,1.5,1.);
#1429=TOROIDAL_SURFACE('',#1600,1.66090036882272,1.);
#1430=TOROIDAL_SURFACE('',#1608,1.5,1.);
#1431=STYLED_ITEM('',(#2816),#1470);
#1432=STYLED_ITEM('',(#2816),#1471);
#1433=STYLED_ITEM('',(#2816),#1472);
#1434=STYLED_ITEM('',(#2816),#1473);
#1435=STYLED_ITEM('',(#2816),#1474);
#1436=STYLED_ITEM('',(#2816),#1475);
#1437=STYLED_ITEM('',(#2816),#1476);
#1438=STYLED_ITEM('',(#2816),#1477);
#1439=STYLED_ITEM('',(#2816),#1478);
#1440=STYLED_ITEM('',(#2816),#1479);
#1441=STYLED_ITEM('',(#2816),#1480);
#1442=STYLED_ITEM('',(#2816),#1481);
#1443=STYLED_ITEM('',(#2817),#1507);
#1444=STYLED_ITEM('',(#2817),#1508);
#1445=STYLED_ITEM('',(#2817),#1509);
#1446=STYLED_ITEM('',(#2817),#1510);
#1447=STYLED_ITEM('',(#2817),#1514);
#1448=STYLED_ITEM('',(#2817),#1516);
#1449=STYLED_ITEM('',(#2817),#1517);
#1450=STYLED_ITEM('',(#2817),#1518);
#1451=STYLED_ITEM('',(#2817),#1519);
#1452=STYLED_ITEM('',(#2817),#1520);
#1453=STYLED_ITEM('',(#2817),#1525);
#1454=STYLED_ITEM('',(#2817),#1528);
#1455=STYLED_ITEM('',(#2817),#1529);
#1456=STYLED_ITEM('',(#2817),#1530);
#1457=STYLED_ITEM('',(#2817),#1531);
#1458=STYLED_ITEM('',(#2817),#1532);
#1459=STYLED_ITEM('',(#2817),#1533);
#1460=STYLED_ITEM('',(#2817),#1537);
#1461=STYLED_ITEM('',(#2817),#1538);
#1462=STYLED_ITEM('',(#2817),#1539);
#1463=STYLED_ITEM('',(#2817),#1540);
#1464=STYLED_ITEM('',(#2817),#1541);
#1465=STYLED_ITEM('',(#2817),#1542);
#1466=STYLED_ITEM('',(#2817),#1543);
#1467=STYLED_ITEM('',(#2818),#1548);
#1468=STYLED_ITEM('',(#2815),#13);
#1469=STYLED_ITEM('',(#2819),#14);
#1470=ADVANCED_FACE('',(#362),#1427,.T.);
#1471=ADVANCED_FACE('',(#363),#330,.T.);
#1472=ADVANCED_FACE('',(#364),#72,.F.);
#1473=ADVANCED_FACE('',(#365),#1428,.T.);
#1474=ADVANCED_FACE('',(#366),#331,.T.);
#1475=ADVANCED_FACE('',(#367),#73,.F.);
#1476=ADVANCED_FACE('',(#368),#1429,.T.);
#1477=ADVANCED_FACE('',(#369),#61,.T.);
#1478=ADVANCED_FACE('',(#370),#74,.F.);
#1479=ADVANCED_FACE('',(#371),#1430,.T.);
#1480=ADVANCED_FACE('',(#372),#332,.T.);
#1481=ADVANCED_FACE('',(#373),#75,.F.);
#1482=ADVANCED_FACE('',(#374),#333,.T.);
#1483=ADVANCED_FACE('',(#375),#334,.T.);
#1484=ADVANCED_FACE('',(#376),#55,.F.);
#1485=ADVANCED_FACE('',(#377),#335,.T.);
#1486=ADVANCED_FACE('',(#378),#336,.T.);
#1487=ADVANCED_FACE('',(#379),#76,.T.);
#1488=ADVANCED_FACE('',(#380),#77,.T.);
#1489=ADVANCED_FACE('',(#381),#337,.T.);
#1490=ADVANCED_FACE('',(#382),#338,.T.);
#1491=ADVANCED_FACE('',(#383),#56,.F.);
#1492=ADVANCED_FACE('',(#384),#339,.T.);
#1493=ADVANCED_FACE('',(#385),#78,.T.);
#1494=ADVANCED_FACE('',(#386),#79,.T.);
#1495=ADVANCED_FACE('',(#387),#80,.T.);
#1496=ADVANCED_FACE('',(#388),#81,.T.);
#1497=ADVANCED_FACE('',(#389),#82,.T.);
#1498=ADVANCED_FACE('',(#390),#83,.T.);
#1499=ADVANCED_FACE('',(#391),#340,.T.);
#1500=ADVANCED_FACE('',(#392,#31,#32),#84,.T.);
#1501=ADVANCED_FACE('',(#393),#62,.T.);
#1502=ADVANCED_FACE('',(#394),#85,.T.);
#1503=ADVANCED_FACE('',(#395),#63,.T.);
#1504=ADVANCED_FACE('',(#396),#341,.T.);
#1505=ADVANCED_FACE('',(#397),#86,.T.);
#1506=ADVANCED_FACE('',(#398,#33,#34),#87,.T.);
#1507=ADVANCED_FACE('',(#399),#342,.F.);
#1508=ADVANCED_FACE('',(#400),#88,.T.);
#1509=ADVANCED_FACE('',(#401),#343,.F.);
#1510=ADVANCED_FACE('',(#402),#89,.T.);
#1511=ADVANCED_FACE('',(#403),#29,.F.);
#1512=ADVANCED_FACE('',(#404),#64,.T.);
#1513=ADVANCED_FACE('',(#405),#90,.F.);
#1514=ADVANCED_FACE('',(#406),#65,.F.);
#1515=ADVANCED_FACE('',(#407),#91,.F.);
#1516=ADVANCED_FACE('',(#408),#92,.F.);
#1517=ADVANCED_FACE('',(#409),#66,.F.);
#1518=ADVANCED_FACE('',(#410),#93,.F.);
#1519=ADVANCED_FACE('',(#411),#67,.F.);
#1520=ADVANCED_FACE('',(#412,#35),#94,.F.);
#1521=ADVANCED_FACE('',(#413),#30,.F.);
#1522=ADVANCED_FACE('',(#414),#68,.T.);
#1523=ADVANCED_FACE('',(#415),#95,.F.);
#1524=ADVANCED_FACE('',(#416),#69,.F.);
#1525=ADVANCED_FACE('',(#417),#96,.F.);
#1526=ADVANCED_FACE('',(#418),#97,.F.);
#1527=ADVANCED_FACE('',(#419),#98,.F.);
#1528=ADVANCED_FACE('',(#420),#344,.F.);
#1529=ADVANCED_FACE('',(#421,#36),#99,.T.);
#1530=ADVANCED_FACE('',(#422),#345,.F.);
#1531=ADVANCED_FACE('',(#423,#37),#100,.T.);
#1532=ADVANCED_FACE('',(#424),#346,.F.);
#1533=ADVANCED_FACE('',(#425,#38),#101,.T.);
#1534=ADVANCED_FACE('',(#426,#39),#102,.F.);
#1535=ADVANCED_FACE('',(#427,#40),#103,.F.);
#1536=ADVANCED_FACE('',(#428,#41),#104,.F.);
#1537=ADVANCED_FACE('',(#429),#347,.T.);
#1538=ADVANCED_FACE('',(#430),#105,.F.);
#1539=ADVANCED_FACE('',(#431),#348,.T.);
#1540=ADVANCED_FACE('',(#432),#106,.F.);
#1541=ADVANCED_FACE('',(#433),#349,.T.);
#1542=ADVANCED_FACE('',(#434),#350,.T.);
#1543=ADVANCED_FACE('',(#435),#351,.T.);
#1544=ADVANCED_FACE('',(#436),#107,.F.);
#1545=ADVANCED_FACE('',(#437),#352,.F.);
#1546=ADVANCED_FACE('',(#438),#108,.F.);
#1547=ADVANCED_FACE('',(#439),#353,.F.);
#1548=ADVANCED_FACE('',(#440,#42,#43,#44,#45),#109,.F.);
#1549=ADVANCED_FACE('',(#441,#46),#110,.F.);
#1550=ADVANCED_FACE('',(#442),#70,.T.);
#1551=ADVANCED_FACE('',(#443),#111,.T.);
#1552=ADVANCED_FACE('',(#444),#71,.T.);
#1553=ADVANCED_FACE('',(#445),#112,.T.);
#1554=ADVANCED_FACE('',(#446),#354,.T.);
#1555=ADVANCED_FACE('',(#447),#113,.T.);
#1556=ADVANCED_FACE('',(#448),#355,.F.);
#1557=ADVANCED_FACE('',(#449),#356,.F.);
#1558=ADVANCED_FACE('',(#450),#114,.T.);
#1559=ADVANCED_FACE('',(#451),#357,.F.);
#1560=ADVANCED_FACE('',(#452),#115,.T.);
#1561=ADVANCED_FACE('',(#453),#358,.F.);
#1562=ADVANCED_FACE('',(#454),#359,.F.);
#1563=ADVANCED_FACE('',(#455),#360,.T.);
#1564=ADVANCED_FACE('',(#456),#116,.T.);
#1565=ADVANCED_FACE('',(#457),#361,.T.);
#1566=ADVANCED_FACE('',(#458),#117,.T.);
#1567=ADVANCED_FACE('',(#459,#47,#48,#49,#50),#118,.T.);
#1568=ADVANCED_FACE('',(#460,#51,#52,#53,#54),#119,.F.);
#1569=CLOSED_SHELL('',(#1470,#1471,#1472,#1473,#1474,#1475,#1476,#1477,
#1478,#1479,#1480,#1481,#1482,#1483,#1484,#1485,#1486,#1487,#1488,#1489,
#1490,#1491,#1492,#1493,#1494,#1495,#1496,#1497,#1498,#1499,#1500,#1501,
#1502,#1503,#1504,#1505,#1506,#1507,#1508,#1509,#1510,#1511,#1512,#1513,
#1514,#1515,#1516,#1517,#1518,#1519,#1520,#1521,#1522,#1523,#1524,#1525,
#1526,#1527,#1528,#1529,#1530,#1531,#1532,#1533,#1534,#1535,#1536,#1537,
#1538,#1539,#1540,#1541,#1542,#1543,#1544,#1545,#1546,#1547,#1548,#1549,
#1550,#1551,#1552,#1553,#1554,#1555));
#1570=CLOSED_SHELL('',(#1556,#1557,#1558,#1559,#1560,#1561,#1562,#1563,
#1564,#1565,#1566,#1567,#1568));
#1571=DERIVED_UNIT_ELEMENT(#1573,1.);
#1572=DERIVED_UNIT_ELEMENT(#2800,-3.);
#1573=(
MASS_UNIT()
NAMED_UNIT(*)
SI_UNIT(.KILO.,.GRAM.)
);
#1574=DERIVED_UNIT((#1571,#1572));
#1575=MEASURE_REPRESENTATION_ITEM('density measure',
POSITIVE_RATIO_MEASURE(7850.),#1574);
#1576=PROPERTY_DEFINITION_REPRESENTATION(#1581,#1578);
#1577=PROPERTY_DEFINITION_REPRESENTATION(#1582,#1579);
#1578=REPRESENTATION('material name',(#1580),#2797);
#1579=REPRESENTATION('density',(#1575),#2797);
#1580=DESCRIPTIVE_REPRESENTATION_ITEM('Steel','Steel');
#1581=PROPERTY_DEFINITION('material property','material name',#2807);
#1582=PROPERTY_DEFINITION('material property','density of part',#2807);
#1583=AXIS2_PLACEMENT_3D('',#2246,#1769,#1770);
#1584=AXIS2_PLACEMENT_3D('',#2247,#1771,#1772);
#1585=AXIS2_PLACEMENT_3D('',#2249,#1773,#1774);
#1586=AXIS2_PLACEMENT_3D('',#2251,#1775,#1776);
#1587=AXIS2_PLACEMENT_3D('',#2253,#1777,#1778);
#1588=AXIS2_PLACEMENT_3D('',#2254,#1779,#1780);
#1589=AXIS2_PLACEMENT_3D('',#2255,#1781,#1782);
#1590=AXIS2_PLACEMENT_3D('',#2258,#1784,#1785);
#1591=AXIS2_PLACEMENT_3D('',#2259,#1786,#1787);
#1592=AXIS2_PLACEMENT_3D('',#2260,#1788,#1789);
#1593=AXIS2_PLACEMENT_3D('',#2262,#1790,#1791);
#1594=AXIS2_PLACEMENT_3D('',#2264,#1792,#1793);
#1595=AXIS2_PLACEMENT_3D('',#2266,#1794,#1795);
#1596=AXIS2_PLACEMENT_3D('',#2267,#1796,#1797);
#1597=AXIS2_PLACEMENT_3D('',#2268,#1798,#1799);
#1598=AXIS2_PLACEMENT_3D('',#2271,#1801,#1802);
#1599=AXIS2_PLACEMENT_3D('',#2272,#1803,#1804);
#1600=AXIS2_PLACEMENT_3D('',#2273,#1805,#1806);
#1601=AXIS2_PLACEMENT_3D('',#2275,#1807,#1808);
#1602=AXIS2_PLACEMENT_3D('',#2277,#1809,#1810);
#1603=AXIS2_PLACEMENT_3D('',#2279,#1811,#1812);
#1604=AXIS2_PLACEMENT_3D('',#2280,#1813,#1814);
#1605=AXIS2_PLACEMENT_3D('',#2281,#1815,#1816);
#1606=AXIS2_PLACEMENT_3D('',#2283,#1817,#1818);
#1607=AXIS2_PLACEMENT_3D('',#2285,#1820,#1821);
#1608=AXIS2_PLACEMENT_3D('',#2286,#1822,#1823);
#1609=AXIS2_PLACEMENT_3D('',#2288,#1824,#1825);
#1610=AXIS2_PLACEMENT_3D('',#2290,#1826,#1827);
#1611=AXIS2_PLACEMENT_3D('',#2292,#1828,#1829);
#1612=AXIS2_PLACEMENT_3D('',#2293,#1830,#1831);
#1613=AXIS2_PLACEMENT_3D('',#2294,#1832,#1833);
#1614=AXIS2_PLACEMENT_3D('',#2297,#1835,#1836);
#1615=AXIS2_PLACEMENT_3D('',#2298,#1837,#1838);
#1616=AXIS2_PLACEMENT_3D('',#2299,#1839,#1840);
#1617=AXIS2_PLACEMENT_3D('',#2304,#1842,#1843);
#1618=AXIS2_PLACEMENT_3D('',#2307,#1845,#1846);
#1619=AXIS2_PLACEMENT_3D('',#2308,#1847,#1848);
#1620=AXIS2_PLACEMENT_3D('',#2313,#1851,#1852);
#1621=AXIS2_PLACEMENT_3D('',#2331,#1853,#1854);
#1622=AXIS2_PLACEMENT_3D('',#2332,#1855,#1856);
#1623=AXIS2_PLACEMENT_3D('',#2333,#1857,#1858);
#1624=AXIS2_PLACEMENT_3D('',#2334,#1859,#1860);
#1625=AXIS2_PLACEMENT_3D('',#2337,#1863,#1864);
#1626=AXIS2_PLACEMENT_3D('',#2341,#1866,#1867);
#1627=AXIS2_PLACEMENT_3D('',#2343,#1869,#1870);
#1628=AXIS2_PLACEMENT_3D('',#2347,#1873,#1874);
#1629=AXIS2_PLACEMENT_3D('',#2348,#1875,#1876);
#1630=AXIS2_PLACEMENT_3D('',#2353,#1878,#1879);
#1631=AXIS2_PLACEMENT_3D('',#2356,#1881,#1882);
#1632=AXIS2_PLACEMENT_3D('',#2357,#1883,#1884);
#1633=AXIS2_PLACEMENT_3D('',#2361,#1886,#1887);
#1634=AXIS2_PLACEMENT_3D('',#2380,#1889,#1890);
#1635=AXIS2_PLACEMENT_3D('',#2381,#1891,#1892);
#1636=AXIS2_PLACEMENT_3D('',#2382,#1893,#1894);
#1637=AXIS2_PLACEMENT_3D('',#2383,#1895,#1896);
#1638=AXIS2_PLACEMENT_3D('',#2386,#1899,#1900);
#1639=AXIS2_PLACEMENT_3D('',#2392,#1904,#1905);
#1640=AXIS2_PLACEMENT_3D('',#2396,#1908,#1909);
#1641=AXIS2_PLACEMENT_3D('',#2397,#1910,#1911);
#1642=AXIS2_PLACEMENT_3D('',#2401,#1914,#1915);
#1643=AXIS2_PLACEMENT_3D('',#2403,#1917,#1918);
#1644=AXIS2_PLACEMENT_3D('',#2407,#1921,#1922);
#1645=AXIS2_PLACEMENT_3D('',#2408,#1923,#1924);
#1646=AXIS2_PLACEMENT_3D('',#2409,#1925,#1926);
#1647=AXIS2_PLACEMENT_3D('',#2418,#1931,#1932);
#1648=AXIS2_PLACEMENT_3D('',#2422,#1934,#1935);
#1649=AXIS2_PLACEMENT_3D('',#2423,#1936,#1937);
#1650=AXIS2_PLACEMENT_3D('',#2424,#1938,#1939);
#1651=AXIS2_PLACEMENT_3D('',#2430,#1943,#1944);
#1652=AXIS2_PLACEMENT_3D('',#2431,#1945,#1946);
#1653=AXIS2_PLACEMENT_3D('',#2432,#1947,#1948);
#1654=AXIS2_PLACEMENT_3D('',#2433,#1949,#1950);
#1655=AXIS2_PLACEMENT_3D('',#2437,#1952,#1953);
#1656=AXIS2_PLACEMENT_3D('',#2439,#1955,#1956);
#1657=AXIS2_PLACEMENT_3D('',#2443,#1959,#1960);
#1658=AXIS2_PLACEMENT_3D('',#2445,#1961,#1962);
#1659=AXIS2_PLACEMENT_3D('',#2447,#1963,#1964);
#1660=AXIS2_PLACEMENT_3D('',#2448,#1965,#1966);
#1661=AXIS2_PLACEMENT_3D('',#2451,#1968,#1969);
#1662=AXIS2_PLACEMENT_3D('',#2452,#1970,#1971);
#1663=AXIS2_PLACEMENT_3D('',#2453,#1972,#1973);
#1664=AXIS2_PLACEMENT_3D('',#2456,#1975,#1976);
#1665=AXIS2_PLACEMENT_3D('',#2457,#1977,#1978);
#1666=AXIS2_PLACEMENT_3D('',#2492,#1980,#1981);
#1667=AXIS2_PLACEMENT_3D('',#2506,#1982,#1983);
#1668=AXIS2_PLACEMENT_3D('',#2511,#1984,#1985);
#1669=AXIS2_PLACEMENT_3D('',#2512,#1986,#1987);
#1670=AXIS2_PLACEMENT_3D('',#2516,#1990,#1991);
#1671=AXIS2_PLACEMENT_3D('',#2517,#1992,#1993);
#1672=AXIS2_PLACEMENT_3D('',#2518,#1994,#1995);
#1673=AXIS2_PLACEMENT_3D('',#2519,#1996,#1997);
#1674=AXIS2_PLACEMENT_3D('',#2520,#1998,#1999);
#1675=AXIS2_PLACEMENT_3D('',#2533,#2002,#2003);
#1676=AXIS2_PLACEMENT_3D('',#2535,#2004,#2005);
#1677=AXIS2_PLACEMENT_3D('',#2537,#2006,#2007);
#1678=AXIS2_PLACEMENT_3D('',#2541,#2008,#2009);
#1679=AXIS2_PLACEMENT_3D('',#2549,#2012,#2013);
#1680=AXIS2_PLACEMENT_3D('',#2550,#2014,#2015);
#1681=AXIS2_PLACEMENT_3D('',#2551,#2016,#2017);
#1682=AXIS2_PLACEMENT_3D('',#2552,#2018,#2019);
#1683=AXIS2_PLACEMENT_3D('',#2587,#2021,#2022);
#1684=AXIS2_PLACEMENT_3D('',#2601,#2023,#2024);
#1685=AXIS2_PLACEMENT_3D('',#2606,#2025,#2026);
#1686=AXIS2_PLACEMENT_3D('',#2607,#2027,#2028);
#1687=AXIS2_PLACEMENT_3D('',#2611,#2031,#2032);
#1688=AXIS2_PLACEMENT_3D('',#2612,#2033,#2034);
#1689=AXIS2_PLACEMENT_3D('',#2613,#2035,#2036);
#1690=AXIS2_PLACEMENT_3D('',#2614,#2037,#2038);
#1691=AXIS2_PLACEMENT_3D('',#2615,#2039,#2040);
#1692=AXIS2_PLACEMENT_3D('',#2618,#2043,#2044);
#1693=AXIS2_PLACEMENT_3D('',#2621,#2047,#2048);
#1694=AXIS2_PLACEMENT_3D('',#2623,#2049,#2050);
#1695=AXIS2_PLACEMENT_3D('',#2626,#2052,#2053);
#1696=AXIS2_PLACEMENT_3D('',#2627,#2054,#2055);
#1697=AXIS2_PLACEMENT_3D('',#2628,#2056,#2057);
#1698=AXIS2_PLACEMENT_3D('',#2630,#2058,#2059);
#1699=AXIS2_PLACEMENT_3D('',#2633,#2061,#2062);
#1700=AXIS2_PLACEMENT_3D('',#2634,#2063,#2064);
#1701=AXIS2_PLACEMENT_3D('',#2635,#2065,#2066);
#1702=AXIS2_PLACEMENT_3D('',#2637,#2067,#2068);
#1703=AXIS2_PLACEMENT_3D('',#2640,#2070,#2071);
#1704=AXIS2_PLACEMENT_3D('',#2641,#2072,#2073);
#1705=AXIS2_PLACEMENT_3D('',#2642,#2074,#2075);
#1706=AXIS2_PLACEMENT_3D('',#2644,#2076,#2077);
#1707=AXIS2_PLACEMENT_3D('',#2645,#2078,#2079);
#1708=AXIS2_PLACEMENT_3D('',#2647,#2080,#2081);
#1709=AXIS2_PLACEMENT_3D('',#2648,#2082,#2083);
#1710=AXIS2_PLACEMENT_3D('',#2650,#2084,#2085);
#1711=AXIS2_PLACEMENT_3D('',#2651,#2086,#2087);
#1712=AXIS2_PLACEMENT_3D('',#2654,#2089,#2090);
#1713=AXIS2_PLACEMENT_3D('',#2655,#2091,#2092);
#1714=AXIS2_PLACEMENT_3D('',#2661,#2096,#2097);
#1715=AXIS2_PLACEMENT_3D('',#2664,#2099,#2100);
#1716=AXIS2_PLACEMENT_3D('',#2665,#2101,#2102);
#1717=AXIS2_PLACEMENT_3D('',#2669,#2105,#2106);
#1718=AXIS2_PLACEMENT_3D('',#2670,#2107,#2108);
#1719=AXIS2_PLACEMENT_3D('',#2671,#2109,#2110);
#1720=AXIS2_PLACEMENT_3D('',#2674,#2112,#2113);
#1721=AXIS2_PLACEMENT_3D('',#2675,#2114,#2115);
#1722=AXIS2_PLACEMENT_3D('',#2678,#2117,#2118);
#1723=AXIS2_PLACEMENT_3D('',#2679,#2119,#2120);
#1724=AXIS2_PLACEMENT_3D('',#2688,#2125,#2126);
#1725=AXIS2_PLACEMENT_3D('',#2690,#2127,#2128);
#1726=AXIS2_PLACEMENT_3D('',#2693,#2130,#2131);
#1727=AXIS2_PLACEMENT_3D('',#2694,#2132,#2133);
#1728=AXIS2_PLACEMENT_3D('',#2700,#2137,#2138);
#1729=AXIS2_PLACEMENT_3D('',#2701,#2139,#2140);
#1730=AXIS2_PLACEMENT_3D('',#2702,#2141,#2142);
#1731=AXIS2_PLACEMENT_3D('',#2703,#2143,#2144);
#1732=AXIS2_PLACEMENT_3D('',#2704,#2145,#2146);
#1733=AXIS2_PLACEMENT_3D('',#2707,#2147,#2148);
#1734=AXIS2_PLACEMENT_3D('',#2711,#2150,#2151);
#1735=AXIS2_PLACEMENT_3D('',#2713,#2153,#2154);
#1736=AXIS2_PLACEMENT_3D('',#2716,#2157,#2158);
#1737=AXIS2_PLACEMENT_3D('',#2720,#2161,#2162);
#1738=AXIS2_PLACEMENT_3D('',#2722,#2164,#2165);
#1739=AXIS2_PLACEMENT_3D('',#2723,#2166,#2167);
#1740=AXIS2_PLACEMENT_3D('',#2724,#2168,#2169);
#1741=AXIS2_PLACEMENT_3D('',#2726,#2171,#2172);
#1742=AXIS2_PLACEMENT_3D('',#2727,#2173,#2174);
#1743=AXIS2_PLACEMENT_3D('',#2729,#2175,#2176);
#1744=AXIS2_PLACEMENT_3D('',#2732,#2178,#2179);
#1745=AXIS2_PLACEMENT_3D('',#2733,#2180,#2181);
#1746=AXIS2_PLACEMENT_3D('',#2736,#2182,#2183);
#1747=AXIS2_PLACEMENT_3D('',#2740,#2185,#2186);
#1748=AXIS2_PLACEMENT_3D('',#2742,#2188,#2189);
#1749=AXIS2_PLACEMENT_3D('',#2748,#2193,#2194);
#1750=AXIS2_PLACEMENT_3D('',#2750,#2195,#2196);
#1751=AXIS2_PLACEMENT_3D('',#2752,#2197,#2198);
#1752=AXIS2_PLACEMENT_3D('',#2754,#2200,#2201);
#1753=AXIS2_PLACEMENT_3D('',#2757,#2204,#2205);
#1754=AXIS2_PLACEMENT_3D('',#2759,#2206,#2207);
#1755=AXIS2_PLACEMENT_3D('',#2762,#2209,#2210);
#1756=AXIS2_PLACEMENT_3D('',#2763,#2211,#2212);
#1757=AXIS2_PLACEMENT_3D('',#2765,#2213,#2214);
#1758=AXIS2_PLACEMENT_3D('',#2768,#2216,#2217);
#1759=AXIS2_PLACEMENT_3D('',#2769,#2218,#2219);
#1760=AXIS2_PLACEMENT_3D('',#2772,#2220,#2221);
#1761=AXIS2_PLACEMENT_3D('',#2776,#2223,#2224);
#1762=AXIS2_PLACEMENT_3D('',#2778,#2226,#2227);
#1763=AXIS2_PLACEMENT_3D('',#2784,#2231,#2232);
#1764=AXIS2_PLACEMENT_3D('',#2786,#2233,#2234);
#1765=AXIS2_PLACEMENT_3D('',#2788,#2235,#2236);
#1766=AXIS2_PLACEMENT_3D('',#2790,#2238,#2239);
#1767=AXIS2_PLACEMENT_3D('',#2793,#2242,#2243);
#1768=AXIS2_PLACEMENT_3D('',#2794,#2244,#2245);
#1769=DIRECTION('axis',(0.,0.,1.));
#1770=DIRECTION('refdir',(1.,0.,0.));
#1771=DIRECTION('center_axis',(0.,-1.,0.));
#1772=DIRECTION('ref_axis',(0.,0.,-1.));
#1773=DIRECTION('center_axis',(0.,1.,0.));
#1774=DIRECTION('ref_axis',(1.,0.,0.));
#1775=DIRECTION('center_axis',(-1.,0.,0.));
#1776=DIRECTION('ref_axis',(0.,0.,1.));
#1777=DIRECTION('center_axis',(0.,-1.,0.));
#1778=DIRECTION('ref_axis',(1.,0.,0.));
#1779=DIRECTION('center_axis',(0.,-1.,0.));
#1780=DIRECTION('ref_axis',(1.,0.,0.));
#1781=DIRECTION('center_axis',(0.,1.,0.));
#1782=DIRECTION('ref_axis',(1.,0.,0.));
#1783=DIRECTION('',(0.,1.,0.));
#1784=DIRECTION('center_axis',(0.,-1.,0.));
#1785=DIRECTION('ref_axis',(1.,0.,0.));
#1786=DIRECTION('center_axis',(0.,1.,0.));
#1787=DIRECTION('ref_axis',(1.,0.,0.));
#1788=DIRECTION('center_axis',(0.,-1.,0.));
#1789=DIRECTION('ref_axis',(0.,0.,-1.));
#1790=DIRECTION('center_axis',(0.,1.,0.));
#1791=DIRECTION('ref_axis',(1.,0.,0.));
#1792=DIRECTION('center_axis',(-1.,0.,0.));
#1793=DIRECTION('ref_axis',(0.,0.,1.));
#1794=DIRECTION('center_axis',(0.,-1.,0.));
#1795=DIRECTION('ref_axis',(1.,0.,0.));
#1796=DIRECTION('center_axis',(0.,-1.,0.));
#1797=DIRECTION('ref_axis',(1.,0.,0.));
#1798=DIRECTION('center_axis',(0.,1.,0.));
#1799=DIRECTION('ref_axis',(1.,0.,0.));
#1800=DIRECTION('',(0.,1.,0.));
#1801=DIRECTION('center_axis',(0.,-1.,0.));
#1802=DIRECTION('ref_axis',(1.,0.,0.));
#1803=DIRECTION('center_axis',(0.,1.,0.));
#1804=DIRECTION('ref_axis',(1.,0.,0.));
#1805=DIRECTION('center_axis',(0.,-1.,0.));
#1806=DIRECTION('ref_axis',(0.,0.,-1.));
#1807=DIRECTION('center_axis',(0.,1.,0.));
#1808=DIRECTION('ref_axis',(1.,0.,0.));
#1809=DIRECTION('center_axis',(-1.,0.,0.));
#1810=DIRECTION('ref_axis',(0.,0.,1.));
#1811=DIRECTION('center_axis',(0.,-1.,0.));
#1812=DIRECTION('ref_axis',(1.,0.,-6.12323399573676E-17));
#1813=DIRECTION('center_axis',(0.,-1.,0.));
#1814=DIRECTION('ref_axis',(1.,0.,-6.12323399573676E-17));
#1815=DIRECTION('center_axis',(0.,1.,0.));
#1816=DIRECTION('ref_axis',(1.,0.,0.));
#1817=DIRECTION('center_axis',(0.,-1.,0.));
#1818=DIRECTION('ref_axis',(1.,0.,0.));
#1819=DIRECTION('',(0.17364817766693,-0.984807753012208,-2.12657684957577E-17));
#1820=DIRECTION('center_axis',(0.,1.,0.));
#1821=DIRECTION('ref_axis',(1.,0.,0.));
#1822=DIRECTION('center_axis',(0.,-1.,0.));
#1823=DIRECTION('ref_axis',(0.,0.,-1.));
#1824=DIRECTION('center_axis',(0.,1.,0.));
#1825=DIRECTION('ref_axis',(1.,0.,0.));
#1826=DIRECTION('center_axis',(-1.,0.,0.));
#1827=DIRECTION('ref_axis',(0.,0.,1.));
#1828=DIRECTION('center_axis',(0.,-1.,0.));
#1829=DIRECTION('ref_axis',(1.,0.,0.));
#1830=DIRECTION('center_axis',(0.,-1.,0.));
#1831=DIRECTION('ref_axis',(1.,0.,0.));
#1832=DIRECTION('center_axis',(0.,1.,0.));
#1833=DIRECTION('ref_axis',(1.,0.,0.));
#1834=DIRECTION('',(0.,1.,0.));
#1835=DIRECTION('center_axis',(0.,-1.,0.));
#1836=DIRECTION('ref_axis',(1.,0.,0.));
#1837=DIRECTION('center_axis',(0.,1.,0.));
#1838=DIRECTION('ref_axis',(1.,0.,0.));
#1839=DIRECTION('center_axis',(-1.,0.,0.));
#1840=DIRECTION('ref_axis',(0.,1.,6.28036983473511E-15));
#1841=DIRECTION('',(-1.,0.,0.));
#1842=DIRECTION('center_axis',(1.,0.,0.));
#1843=DIRECTION('ref_axis',(0.,0.707106781186548,-0.707106781186548));
#1844=DIRECTION('',(1.,0.,0.));
#1845=DIRECTION('center_axis',(-0.707106781186547,0.500000000000002,-0.499999999999999));
#1846=DIRECTION('ref_axis',(0.707106781186548,0.500000000000001,-0.499999999999998));
#1847=DIRECTION('center_axis',(0.,0.707106781186548,-0.707106781186548));
#1848=DIRECTION('ref_axis',(0.707106781186546,0.499999999999998,0.500000000000004));
#1849=DIRECTION('',(0.,0.707106781186548,-0.707106781186548));
#1850=DIRECTION('',(0.,-0.707106781186548,0.707106781186548));
#1851=DIRECTION('center_axis',(0.707106781186547,0.500000000000003,-0.499999999999998));
#1852=DIRECTION('ref_axis',(0.707106781186548,-0.499999999999997,0.500000000000002));
#1853=DIRECTION('center_axis',(-1.,0.,0.));
#1854=DIRECTION('ref_axis',(0.,-0.70710678118655,0.707106781186545));
#1855=DIRECTION('center_axis',(0.,-0.707106781186548,-0.707106781186548));
#1856=DIRECTION('ref_axis',(-1.,6.16297582203916E-32,6.16297582203916E-32));
#1857=DIRECTION('center_axis',(0.,0.707106781186548,0.707106781186548));
#1858=DIRECTION('ref_axis',(-1.,-1.38777878078144E-16,-1.38777878078144E-16));
#1859=DIRECTION('center_axis',(1.,0.,0.));
#1860=DIRECTION('ref_axis',(0.,0.,1.));
#1861=DIRECTION('',(-1.,0.,0.));
#1862=DIRECTION('',(1.,0.,0.));
#1863=DIRECTION('center_axis',(0.,0.707106781186546,0.707106781186549));
#1864=DIRECTION('ref_axis',(0.,0.707106781186549,-0.707106781186546));
#1865=DIRECTION('',(0.,0.707106781186546,0.707106781186549));
#1866=DIRECTION('center_axis',(0.,-0.707106781186548,-0.707106781186548));
#1867=DIRECTION('ref_axis',(0.,0.707106781186549,-0.707106781186546));
#1868=DIRECTION('',(0.,0.707106781186546,0.707106781186549));
#1869=DIRECTION('center_axis',(0.,0.707106781186549,-0.707106781186546));
#1870=DIRECTION('ref_axis',(-1.,0.,0.));
#1871=DIRECTION('',(0.,0.707106781186546,0.707106781186549));
#1872=DIRECTION('',(1.,0.,0.));
#1873=DIRECTION('center_axis',(0.,0.707106781186548,0.707106781186548));
#1874=DIRECTION('ref_axis',(-1.,0.,0.));
#1875=DIRECTION('center_axis',(0.,-0.707106781186548,0.707106781186548));
#1876=DIRECTION('ref_axis',(-0.707106781186548,0.5,0.5));
#1877=DIRECTION('',(0.,0.707106781186548,-0.707106781186548));
#1878=DIRECTION('center_axis',(-0.707106781186546,-0.500000000000002,0.500000000000001));
#1879=DIRECTION('ref_axis',(-0.707106781186549,0.499999999999998,-0.499999999999999));
#1880=DIRECTION('',(0.,-0.707106781186548,0.707106781186548));
#1881=DIRECTION('center_axis',(0.707106781186546,-0.5,0.500000000000003));
#1882=DIRECTION('ref_axis',(-0.707106781186549,-0.499999999999997,0.500000000000001));
#1883=DIRECTION('center_axis',(1.,0.,0.));
#1884=DIRECTION('ref_axis',(0.,0.,1.));
#1885=DIRECTION('',(1.,0.,0.));
#1886=DIRECTION('center_axis',(-1.,0.,0.));
#1887=DIRECTION('ref_axis',(0.,-0.70710678118655,0.707106781186545));
#1888=DIRECTION('',(-1.,0.,0.));
#1889=DIRECTION('center_axis',(1.,0.,0.));
#1890=DIRECTION('ref_axis',(0.,0.70710678118655,-0.707106781186545));
#1891=DIRECTION('center_axis',(0.,-0.707106781186548,-0.707106781186548));
#1892=DIRECTION('ref_axis',(1.,6.16297582203916E-32,6.16297582203916E-32));
#1893=DIRECTION('center_axis',(0.,0.707106781186548,0.707106781186548));
#1894=DIRECTION('ref_axis',(1.,-1.38777878078144E-16,-1.38777878078144E-16));
#1895=DIRECTION('center_axis',(-1.,0.,0.));
#1896=DIRECTION('ref_axis',(0.,1.,0.));
#1897=DIRECTION('',(1.,0.,0.));
#1898=DIRECTION('',(-1.,0.,0.));
#1899=DIRECTION('center_axis',(0.,-0.707106781186549,0.707106781186546));
#1900=DIRECTION('ref_axis',(1.,0.,0.));
#1901=DIRECTION('',(0.,0.707106781186546,0.707106781186549));
#1902=DIRECTION('',(-1.,0.,0.));
#1903=DIRECTION('',(0.,0.707106781186546,0.707106781186549));
#1904=DIRECTION('center_axis',(-1.,0.,0.));
#1905=DIRECTION('ref_axis',(0.,-0.707106781186548,0.707106781186548));
#1906=DIRECTION('',(0.,0.707106781186546,0.707106781186549));
#1907=DIRECTION('',(0.,0.707106781186548,-0.707106781186548));
#1908=DIRECTION('center_axis',(0.,0.707106781186548,0.707106781186548));
#1909=DIRECTION('ref_axis',(-1.,0.,0.));
#1910=DIRECTION('center_axis',(0.,-0.707106781186549,0.707106781186546));
#1911=DIRECTION('ref_axis',(1.,0.,0.));
#1912=DIRECTION('',(-1.,0.,0.));
#1913=DIRECTION('',(0.,0.707106781186546,0.707106781186549));
#1914=DIRECTION('center_axis',(1.,0.,0.));
#1915=DIRECTION('ref_axis',(0.,0.707106781186548,-0.707106781186548));
#1916=DIRECTION('',(0.,-0.707106781186547,0.707106781186547));
#1917=DIRECTION('center_axis',(0.,0.707106781186549,-0.707106781186546));
#1918=DIRECTION('ref_axis',(-1.,0.,0.));
#1919=DIRECTION('',(0.,0.707106781186546,0.707106781186549));
#1920=DIRECTION('',(1.,0.,0.));
#1921=DIRECTION('center_axis',(0.,0.707106781186546,0.707106781186549));
#1922=DIRECTION('ref_axis',(0.,-0.707106781186549,0.707106781186546));
#1923=DIRECTION('center_axis',(0.,-0.707106781186548,-0.707106781186548));
#1924=DIRECTION('ref_axis',(0.,-0.707106781186549,0.707106781186546));
#1925=DIRECTION('center_axis',(0.,0.707106781186548,0.707106781186548));
#1926=DIRECTION('ref_axis',(1.,0.,0.));
#1927=DIRECTION('',(0.,0.707106781186547,-0.707106781186547));
#1928=DIRECTION('',(-1.,0.,0.));
#1929=DIRECTION('',(0.,-0.707106781186547,0.707106781186547));
#1930=DIRECTION('',(1.,0.,0.));
#1931=DIRECTION('center_axis',(0.,-1.,0.));
#1932=DIRECTION('ref_axis',(0.,0.,1.));
#1933=DIRECTION('',(0.,0.707106781186547,0.707106781186547));
#1934=DIRECTION('center_axis',(0.,-1.,0.));
#1935=DIRECTION('ref_axis',(0.,0.,1.));
#1936=DIRECTION('center_axis',(0.,1.,0.));
#1937=DIRECTION('ref_axis',(0.,0.,1.));
#1938=DIRECTION('center_axis',(0.,0.707106781186548,-0.707106781186548));
#1939=DIRECTION('ref_axis',(-1.,0.,0.));
#1940=DIRECTION('',(0.,0.707106781186547,0.707106781186547));
#1941=DIRECTION('',(1.,0.,0.));
#1942=DIRECTION('',(-1.,0.,0.));
#1943=DIRECTION('center_axis',(0.,-1.,0.));
#1944=DIRECTION('ref_axis',(0.,0.,-1.));
#1945=DIRECTION('center_axis',(0.,-1.,0.));
#1946=DIRECTION('ref_axis',(0.,0.,-1.));
#1947=DIRECTION('center_axis',(0.,1.,0.));
#1948=DIRECTION('ref_axis',(0.,0.,-1.));
#1949=DIRECTION('center_axis',(0.,1.,0.));
#1950=DIRECTION('ref_axis',(0.,0.,1.));
#1951=DIRECTION('',(0.,1.,0.));
#1952=DIRECTION('center_axis',(0.,-1.,0.));
#1953=DIRECTION('ref_axis',(0.,0.,1.));
#1954=DIRECTION('',(0.,1.,0.));
#1955=DIRECTION('center_axis',(0.,0.,1.));
#1956=DIRECTION('ref_axis',(1.,0.,0.));
#1957=DIRECTION('',(0.,1.,0.));
#1958=DIRECTION('',(-1.,0.,0.));
#1959=DIRECTION('center_axis',(0.,1.,0.));
#1960=DIRECTION('ref_axis',(1.,0.,0.));
#1961=DIRECTION('center_axis',(0.,-1.,0.));
#1962=DIRECTION('ref_axis',(-1.,0.,0.));
#1963=DIRECTION('center_axis',(0.,-1.,0.));
#1964=DIRECTION('ref_axis',(-1.,0.,0.));
#1965=DIRECTION('center_axis',(0.,-1.,0.));
#1966=DIRECTION('ref_axis',(-1.,0.,0.));
#1967=DIRECTION('',(0.,-1.,0.));
#1968=DIRECTION('center_axis',(0.,-1.,0.));
#1969=DIRECTION('ref_axis',(-1.,0.,0.));
#1970=DIRECTION('center_axis',(0.,1.,0.));
#1971=DIRECTION('ref_axis',(-1.,0.,0.));
#1972=DIRECTION('center_axis',(0.,-1.,0.));
#1973=DIRECTION('ref_axis',(-1.,0.,0.));
#1974=DIRECTION('',(0.,-1.,0.));
#1975=DIRECTION('center_axis',(0.,-1.,0.));
#1976=DIRECTION('ref_axis',(-1.,0.,0.));
#1977=DIRECTION('center_axis',(0.,1.,0.));
#1978=DIRECTION('ref_axis',(-1.,0.,0.));
#1979=DIRECTION('',(1.,0.,0.));
#1980=DIRECTION('center_axis',(0.,1.,0.));
#1981=DIRECTION('ref_axis',(-0.600000000000001,0.,-0.8));
#1982=DIRECTION('center_axis',(0.,1.,0.));
#1983=DIRECTION('ref_axis',(-0.600000000000001,0.,-0.799999999999999));
#1984=DIRECTION('center_axis',(0.,-1.,0.));
#1985=DIRECTION('ref_axis',(-0.600000000000001,0.,-0.8));
#1986=DIRECTION('center_axis',(0.,0.17364817766693,0.984807753012208));
#1987=DIRECTION('ref_axis',(1.,0.,0.));
#1988=DIRECTION('',(-1.,0.,0.));
#1989=DIRECTION('',(0.,0.984807753012208,-0.173648177666931));
#1990=DIRECTION('center_axis',(0.,-1.,0.));
#1991=DIRECTION('ref_axis',(0.,0.,-1.));
#1992=DIRECTION('center_axis',(0.,-1.,0.));
#1993=DIRECTION('ref_axis',(0.,0.,-1.));
#1994=DIRECTION('center_axis',(0.,-1.,0.));
#1995=DIRECTION('ref_axis',(0.,0.,-1.));
#1996=DIRECTION('center_axis',(0.,1.,0.));
#1997=DIRECTION('ref_axis',(0.,0.,1.));
#1998=DIRECTION('center_axis',(0.,0.173648177666931,0.984807753012208));
#1999=DIRECTION('ref_axis',(1.,0.,0.));
#2000=DIRECTION('',(-1.,0.,0.));
#2001=DIRECTION('',(-1.,0.,0.));
#2002=DIRECTION('center_axis',(0.,-1.,0.));
#2003=DIRECTION('ref_axis',(-0.473998413569425,0.,-0.880525697486262));
#2004=DIRECTION('center_axis',(0.,-1.,0.));
#2005=DIRECTION('ref_axis',(-0.473998413569425,0.,-0.880525697486262));
#2006=DIRECTION('center_axis',(0.,1.,0.));
#2007=DIRECTION('ref_axis',(-0.473998413569425,0.,-0.880525697486262));
#2008=DIRECTION('center_axis',(0.,0.17364817766693,-0.984807753012208));
#2009=DIRECTION('ref_axis',(-1.,0.,0.));
#2010=DIRECTION('',(1.,0.,0.));
#2011=DIRECTION('',(1.,0.,0.));
#2012=DIRECTION('center_axis',(0.,-1.,0.));
#2013=DIRECTION('ref_axis',(0.473998413569425,0.,0.880525697486262));
#2014=DIRECTION('center_axis',(0.,-1.,0.));
#2015=DIRECTION('ref_axis',(0.473998413569425,0.,0.880525697486262));
#2016=DIRECTION('center_axis',(0.,1.,0.));
#2017=DIRECTION('ref_axis',(0.473998413569425,0.,0.880525697486262));
#2018=DIRECTION('center_axis',(0.,1.,0.));
#2019=DIRECTION('ref_axis',(0.,0.,1.));
#2020=DIRECTION('',(-1.,0.,0.));
#2021=DIRECTION('center_axis',(0.,1.,0.));
#2022=DIRECTION('ref_axis',(0.600000000000001,0.,0.8));
#2023=DIRECTION('center_axis',(0.,1.,0.));
#2024=DIRECTION('ref_axis',(0.600000000000001,0.,0.799999999999999));
#2025=DIRECTION('center_axis',(0.,-1.,0.));
#2026=DIRECTION('ref_axis',(0.600000000000001,0.,0.8));
#2027=DIRECTION('center_axis',(0.,0.17364817766693,-0.984807753012208));
#2028=DIRECTION('ref_axis',(-1.,0.,0.));
#2029=DIRECTION('',(1.,0.,0.));
#2030=DIRECTION('',(0.,0.984807753012208,0.173648177666931));
#2031=DIRECTION('center_axis',(0.,-1.,0.));
#2032=DIRECTION('ref_axis',(0.,0.,1.));
#2033=DIRECTION('center_axis',(0.,-1.,0.));
#2034=DIRECTION('ref_axis',(0.,0.,1.));
#2035=DIRECTION('center_axis',(0.,-1.,0.));
#2036=DIRECTION('ref_axis',(0.,0.,1.));
#2037=DIRECTION('center_axis',(0.,1.,0.));
#2038=DIRECTION('ref_axis',(0.,0.,1.));
#2039=DIRECTION('center_axis',(0.,1.,0.));
#2040=DIRECTION('ref_axis',(1.,0.,0.));
#2041=DIRECTION('',(1.,0.,0.));
#2042=DIRECTION('',(-1.,0.,0.));
#2043=DIRECTION('center_axis',(0.,1.,0.));
#2044=DIRECTION('ref_axis',(1.,0.,0.));
#2045=DIRECTION('',(1.,0.,0.));
#2046=DIRECTION('',(-1.,0.,0.));
#2047=DIRECTION('center_axis',(0.,1.,0.));
#2048=DIRECTION('ref_axis',(1.,0.,0.));
#2049=DIRECTION('center_axis',(0.,1.,0.));
#2050=DIRECTION('ref_axis',(1.,0.,0.));
#2051=DIRECTION('',(0.,1.,0.));
#2052=DIRECTION('center_axis',(0.,1.,0.));
#2053=DIRECTION('ref_axis',(1.,0.,0.));
#2054=DIRECTION('center_axis',(0.,-1.,0.));
#2055=DIRECTION('ref_axis',(0.,0.,-1.));
#2056=DIRECTION('center_axis',(0.,1.,0.));
#2057=DIRECTION('ref_axis',(1.,0.,0.));
#2058=DIRECTION('center_axis',(0.,1.,0.));
#2059=DIRECTION('ref_axis',(1.,0.,0.));
#2060=DIRECTION('',(0.,1.,0.));
#2061=DIRECTION('center_axis',(0.,1.,0.));
#2062=DIRECTION('ref_axis',(1.,0.,0.));
#2063=DIRECTION('center_axis',(0.,-1.,0.));
#2064=DIRECTION('ref_axis',(0.,0.,-1.));
#2065=DIRECTION('center_axis',(0.,1.,0.));
#2066=DIRECTION('ref_axis',(1.,0.,0.));
#2067=DIRECTION('center_axis',(0.,1.,0.));
#2068=DIRECTION('ref_axis',(1.,0.,0.));
#2069=DIRECTION('',(0.,1.,0.));
#2070=DIRECTION('center_axis',(0.,1.,0.));
#2071=DIRECTION('ref_axis',(1.,0.,0.));
#2072=DIRECTION('center_axis',(0.,-1.,0.));
#2073=DIRECTION('ref_axis',(0.,0.,-1.));
#2074=DIRECTION('center_axis',(0.,1.,0.));
#2075=DIRECTION('ref_axis',(1.,0.,0.));
#2076=DIRECTION('center_axis',(0.,-1.,0.));
#2077=DIRECTION('ref_axis',(1.,0.,0.));
#2078=DIRECTION('center_axis',(0.,1.,0.));
#2079=DIRECTION('ref_axis',(1.,0.,0.));
#2080=DIRECTION('center_axis',(0.,-1.,0.));
#2081=DIRECTION('ref_axis',(1.,0.,0.));
#2082=DIRECTION('center_axis',(0.,1.,0.));
#2083=DIRECTION('ref_axis',(1.,0.,0.));
#2084=DIRECTION('center_axis',(0.,-1.,0.));
#2085=DIRECTION('ref_axis',(1.,0.,0.));
#2086=DIRECTION('center_axis',(0.,1.,0.));
#2087=DIRECTION('ref_axis',(1.,0.,0.));
#2088=DIRECTION('',(0.,1.,0.));
#2089=DIRECTION('center_axis',(0.,-1.,0.));
#2090=DIRECTION('ref_axis',(1.,0.,0.));
#2091=DIRECTION('center_axis',(0.,0.,-1.));
#2092=DIRECTION('ref_axis',(-1.,0.,0.));
#2093=DIRECTION('',(0.,1.,0.));
#2094=DIRECTION('',(-1.,0.,0.));
#2095=DIRECTION('',(0.,1.,0.));
#2096=DIRECTION('center_axis',(0.,1.,0.));
#2097=DIRECTION('ref_axis',(0.,0.,1.));
#2098=DIRECTION('',(0.,1.,0.));
#2099=DIRECTION('center_axis',(0.,-1.,0.));
#2100=DIRECTION('ref_axis',(0.,0.,1.));
#2101=DIRECTION('center_axis',(0.,0.,1.));
#2102=DIRECTION('ref_axis',(1.,0.,0.));
#2103=DIRECTION('',(0.,1.,0.));
#2104=DIRECTION('',(1.,0.,0.));
#2105=DIRECTION('center_axis',(0.,1.,0.));
#2106=DIRECTION('ref_axis',(0.,0.,-1.));
#2107=DIRECTION('center_axis',(0.,-1.,0.));
#2108=DIRECTION('ref_axis',(0.,0.,-1.));
#2109=DIRECTION('center_axis',(0.,1.,0.));
#2110=DIRECTION('ref_axis',(1.,0.,0.));
#2111=DIRECTION('',(0.,1.,0.));
#2112=DIRECTION('center_axis',(0.,-1.,0.));
#2113=DIRECTION('ref_axis',(1.,0.,0.));
#2114=DIRECTION('center_axis',(0.,1.,0.));
#2115=DIRECTION('ref_axis',(1.,0.,0.));
#2116=DIRECTION('',(0.,1.,0.));
#2117=DIRECTION('center_axis',(0.,-1.,0.));
#2118=DIRECTION('ref_axis',(1.,0.,0.));
#2119=DIRECTION('center_axis',(0.,0.,-1.));
#2120=DIRECTION('ref_axis',(-1.,0.,0.));
#2121=DIRECTION('',(-1.,0.,0.));
#2122=DIRECTION('',(0.,1.,0.));
#2123=DIRECTION('',(-1.,0.,0.));
#2124=DIRECTION('',(0.,1.,0.));
#2125=DIRECTION('center_axis',(0.,1.,0.));
#2126=DIRECTION('ref_axis',(0.,0.,1.));
#2127=DIRECTION('center_axis',(0.,1.,0.));
#2128=DIRECTION('ref_axis',(0.,0.,1.));
#2129=DIRECTION('',(0.,1.,0.));
#2130=DIRECTION('center_axis',(0.,1.,0.));
#2131=DIRECTION('ref_axis',(0.,0.,1.));
#2132=DIRECTION('center_axis',(0.,0.,1.));
#2133=DIRECTION('ref_axis',(1.,0.,0.));
#2134=DIRECTION('',(1.,0.,0.));
#2135=DIRECTION('',(0.,1.,0.));
#2136=DIRECTION('',(1.,0.,0.));
#2137=DIRECTION('center_axis',(0.,1.,0.));
#2138=DIRECTION('ref_axis',(0.,0.,-1.));
#2139=DIRECTION('center_axis',(0.,1.,0.));
#2140=DIRECTION('ref_axis',(0.,0.,-1.));
#2141=DIRECTION('center_axis',(0.,1.,0.));
#2142=DIRECTION('ref_axis',(0.,0.,-1.));
#2143=DIRECTION('center_axis',(0.,1.,0.));
#2144=DIRECTION('ref_axis',(1.,0.,0.));
#2145=DIRECTION('center_axis',(0.,1.,0.));
#2146=DIRECTION('ref_axis',(1.,0.,0.));
#2147=DIRECTION('center_axis',(0.,1.,0.));
#2148=DIRECTION('ref_axis',(0.,0.,1.));
#2149=DIRECTION('',(1.,0.,0.));
#2150=DIRECTION('center_axis',(0.,1.,0.));
#2151=DIRECTION('ref_axis',(0.,0.,-1.));
#2152=DIRECTION('',(-1.,0.,0.));
#2153=DIRECTION('center_axis',(0.,1.,0.));
#2154=DIRECTION('ref_axis',(0.,0.,1.));
#2155=DIRECTION('',(0.,0.707106781186547,-0.707106781186547));
#2156=DIRECTION('',(0.,-0.707106781186547,-0.707106781186547));
#2157=DIRECTION('center_axis',(0.,-0.707106781186548,-0.707106781186548));
#2158=DIRECTION('ref_axis',(-1.,0.,0.));
#2159=DIRECTION('',(0.,0.707106781186547,-0.707106781186547));
#2160=DIRECTION('',(1.,0.,0.));
#2161=DIRECTION('center_axis',(0.,1.,0.));
#2162=DIRECTION('ref_axis',(0.,0.,-1.));
#2163=DIRECTION('',(0.,0.707106781186547,0.707106781186547));
#2164=DIRECTION('center_axis',(0.,-1.,0.));
#2165=DIRECTION('ref_axis',(0.,0.,-1.));
#2166=DIRECTION('center_axis',(0.,-0.707106781186548,0.707106781186548));
#2167=DIRECTION('ref_axis',(1.,0.,0.));
#2168=DIRECTION('center_axis',(0.,1.,0.));
#2169=DIRECTION('ref_axis',(0.,0.,-1.));
#2170=DIRECTION('',(0.,1.,0.));
#2171=DIRECTION('center_axis',(0.,0.,-1.));
#2172=DIRECTION('ref_axis',(-1.,0.,0.));
#2173=DIRECTION('center_axis',(0.,1.,0.));
#2174=DIRECTION('ref_axis',(1.,0.,0.));
#2175=DIRECTION('center_axis',(0.,-1.,0.));
#2176=DIRECTION('ref_axis',(1.,0.,0.));
#2177=DIRECTION('',(0.,-1.,0.));
#2178=DIRECTION('center_axis',(0.,-1.,0.));
#2179=DIRECTION('ref_axis',(1.,0.,0.));
#2180=DIRECTION('center_axis',(0.,1.,0.));
#2181=DIRECTION('ref_axis',(0.,0.,-1.));
#2182=DIRECTION('center_axis',(0.,-1.,0.));
#2183=DIRECTION('ref_axis',(0.,0.,-1.));
#2184=DIRECTION('',(0.,1.,0.));
#2185=DIRECTION('center_axis',(0.,-1.,0.));
#2186=DIRECTION('ref_axis',(0.,0.,-1.));
#2187=DIRECTION('',(0.,1.,0.));
#2188=DIRECTION('center_axis',(0.,0.,-1.));
#2189=DIRECTION('ref_axis',(-1.,0.,0.));
#2190=DIRECTION('',(-1.,0.,0.));
#2191=DIRECTION('',(-1.,0.,0.));
#2192=DIRECTION('',(0.,1.,0.));
#2193=DIRECTION('center_axis',(0.,1.,0.));
#2194=DIRECTION('ref_axis',(0.,0.,1.));
#2195=DIRECTION('center_axis',(0.,-1.,0.));
#2196=DIRECTION('ref_axis',(0.,0.,1.));
#2197=DIRECTION('center_axis',(0.,-1.,0.));
#2198=DIRECTION('ref_axis',(0.,0.,1.));
#2199=DIRECTION('',(0.,1.,0.));
#2200=DIRECTION('center_axis',(0.,0.,1.));
#2201=DIRECTION('ref_axis',(1.,0.,0.));
#2202=DIRECTION('',(1.,0.,0.));
#2203=DIRECTION('',(1.,0.,0.));
#2204=DIRECTION('center_axis',(0.,1.,0.));
#2205=DIRECTION('ref_axis',(1.,0.,0.));
#2206=DIRECTION('center_axis',(0.,-1.,0.));
#2207=DIRECTION('ref_axis',(1.,0.,0.));
#2208=DIRECTION('',(0.,-1.,0.));
#2209=DIRECTION('center_axis',(0.,-1.,0.));
#2210=DIRECTION('ref_axis',(1.,0.,0.));
#2211=DIRECTION('center_axis',(0.,1.,0.));
#2212=DIRECTION('ref_axis',(1.,0.,0.));
#2213=DIRECTION('center_axis',(0.,-1.,0.));
#2214=DIRECTION('ref_axis',(1.,0.,0.));
#2215=DIRECTION('',(0.,-1.,0.));
#2216=DIRECTION('center_axis',(0.,-1.,0.));
#2217=DIRECTION('ref_axis',(1.,0.,0.));
#2218=DIRECTION('center_axis',(0.,1.,0.));
#2219=DIRECTION('ref_axis',(0.,0.,-1.));
#2220=DIRECTION('center_axis',(0.,1.,0.));
#2221=DIRECTION('ref_axis',(0.,0.,-1.));
#2222=DIRECTION('',(0.,1.,0.));
#2223=DIRECTION('center_axis',(0.,1.,0.));
#2224=DIRECTION('ref_axis',(0.,0.,-1.));
#2225=DIRECTION('',(0.,1.,0.));
#2226=DIRECTION('center_axis',(0.,0.,-1.));
#2227=DIRECTION('ref_axis',(-1.,0.,0.));
#2228=DIRECTION('',(-1.,0.,0.));
#2229=DIRECTION('',(-1.,0.,0.));
#2230=DIRECTION('',(0.,1.,0.));
#2231=DIRECTION('center_axis',(0.,1.,0.));
#2232=DIRECTION('ref_axis',(0.,0.,1.));
#2233=DIRECTION('center_axis',(0.,1.,0.));
#2234=DIRECTION('ref_axis',(0.,0.,1.));
#2235=DIRECTION('center_axis',(0.,1.,0.));
#2236=DIRECTION('ref_axis',(0.,0.,1.));
#2237=DIRECTION('',(0.,1.,0.));
#2238=DIRECTION('center_axis',(0.,0.,1.));
#2239=DIRECTION('ref_axis',(1.,0.,0.));
#2240=DIRECTION('',(1.,0.,0.));
#2241=DIRECTION('',(1.,0.,0.));
#2242=DIRECTION('center_axis',(0.,-1.,0.));
#2243=DIRECTION('ref_axis',(0.,0.,-1.));
#2244=DIRECTION('center_axis',(0.,-1.,0.));
#2245=DIRECTION('ref_axis',(0.,0.,-1.));
#2246=CARTESIAN_POINT('',(0.,0.,0.));
#2247=CARTESIAN_POINT('Origin',(-47.5,-59.0000000000001,0.));
#2248=CARTESIAN_POINT('',(-47.5,-60.0000000000001,1.5));
#2249=CARTESIAN_POINT('Origin',(-47.5,-60.0000000000001,0.));
#2250=CARTESIAN_POINT('',(-47.5,-59.0000000000001,2.5));
#2251=CARTESIAN_POINT('Origin',(-47.5,-59.0000000000001,1.5));
#2252=CARTESIAN_POINT('',(-50.,-59.0000000000001,-3.06161699786838E-16));
#2253=CARTESIAN_POINT('Origin',(-47.5,-59.0000000000001,0.));
#2254=CARTESIAN_POINT('Origin',(-47.5,-59.0000000000001,0.));
#2255=CARTESIAN_POINT('Origin',(-47.5,-60.0000000000001,0.));
#2256=CARTESIAN_POINT('',(-50.,-58.0000000000001,-3.06161699786838E-16));
#2257=CARTESIAN_POINT('',(-50.,-60.0000000000001,3.06161699786838E-16));
#2258=CARTESIAN_POINT('Origin',(-47.5,-58.0000000000001,0.));
#2259=CARTESIAN_POINT('Origin',(0.,-60.0000000000001,0.));
#2260=CARTESIAN_POINT('Origin',(-11.5,-59.0000000000001,0.));
#2261=CARTESIAN_POINT('',(-11.5,-60.0000000000001,1.5));
#2262=CARTESIAN_POINT('Origin',(-11.5,-60.0000000000001,0.));
#2263=CARTESIAN_POINT('',(-11.5,-59.0000000000001,2.5));
#2264=CARTESIAN_POINT('Origin',(-11.5,-59.0000000000001,1.5));
#2265=CARTESIAN_POINT('',(-14.,-59.0000000000001,-3.06161699786838E-16));
#2266=CARTESIAN_POINT('Origin',(-11.5,-59.0000000000001,0.));
#2267=CARTESIAN_POINT('Origin',(-11.5,-59.0000000000001,0.));
#2268=CARTESIAN_POINT('Origin',(-11.5,-60.0000000000001,0.));
#2269=CARTESIAN_POINT('',(-14.,-58.0000000000001,-3.06161699786838E-16));
#2270=CARTESIAN_POINT('',(-14.,-60.0000000000001,3.06161699786838E-16));
#2271=CARTESIAN_POINT('Origin',(-11.5,-58.0000000000001,0.));
#2272=CARTESIAN_POINT('Origin',(0.,-60.0000000000001,0.));
#2273=CARTESIAN_POINT('Origin',(10.,-59.0000000000001,0.));
#2274=CARTESIAN_POINT('',(10.,-60.0000000000001,1.66090036882272));
#2275=CARTESIAN_POINT('Origin',(10.,-60.0000000000001,0.));
#2276=CARTESIAN_POINT('',(10.,-59.1736481776671,2.64570812183493));
#2277=CARTESIAN_POINT('Origin',(10.,-59.0000000000001,1.66090036882272));
#2278=CARTESIAN_POINT('',(7.35429187816508,-59.1736481776671,-6.16297582203915E-32));
#2279=CARTESIAN_POINT('Origin',(10.,-59.1736481776671,1.62002899144165E-16));
#2280=CARTESIAN_POINT('Origin',(10.,-59.1736481776671,1.62002899144165E-16));
#2281=CARTESIAN_POINT('Origin',(10.,-60.0000000000001,0.));
#2282=CARTESIAN_POINT('',(7.14734603858307,-58.0000000000001,-3.49349354292426E-16));
#2283=CARTESIAN_POINT('Origin',(10.,-58.0000000000001,0.));
#2284=CARTESIAN_POINT('',(7.5,-60.0000000000001,3.06161699786838E-16));
#2285=CARTESIAN_POINT('Origin',(0.,-60.0000000000001,0.));
#2286=CARTESIAN_POINT('Origin',(47.5,-59.0000000000001,0.));
#2287=CARTESIAN_POINT('',(47.5,-60.0000000000001,1.5));
#2288=CARTESIAN_POINT('Origin',(47.5,-60.0000000000001,0.));
#2289=CARTESIAN_POINT('',(47.5,-59.0000000000001,2.5));
#2290=CARTESIAN_POINT('Origin',(47.5,-59.0000000000001,1.5));
#2291=CARTESIAN_POINT('',(45.,-59.0000000000001,-3.06161699786838E-16));
#2292=CARTESIAN_POINT('Origin',(47.5,-59.0000000000001,0.));
#2293=CARTESIAN_POINT('Origin',(47.5,-59.0000000000001,0.));
#2294=CARTESIAN_POINT('Origin',(47.5,-60.0000000000001,0.));
#2295=CARTESIAN_POINT('',(45.,-58.0000000000001,-3.06161699786838E-16));
#2296=CARTESIAN_POINT('',(45.,-60.0000000000001,3.06161699786838E-16));
#2297=CARTESIAN_POINT('Origin',(47.5,-58.0000000000001,0.));
#2298=CARTESIAN_POINT('Origin',(0.,-60.0000000000001,0.));
#2299=CARTESIAN_POINT('Origin',(-4.37500005587936,-34.5428932188136,13.25));
#2300=CARTESIAN_POINT('',(-0.5,-34.1893398282203,12.8964466094067));
#2301=CARTESIAN_POINT('',(-15.0000002235174,-34.1893398282203,12.8964466094067));
#2302=CARTESIAN_POINT('',(-4.37500005587936,-34.1893398282203,12.8964466094067));
#2303=CARTESIAN_POINT('',(-15.0000002235174,-34.1893398282203,13.6035533905933));
#2304=CARTESIAN_POINT('Origin',(-15.0000002235174,-34.5428932188136,13.25));
#2305=CARTESIAN_POINT('',(-1.,-34.1893398282203,13.6035533905933));
#2306=CARTESIAN_POINT('',(-4.37500005587936,-34.1893398282203,13.6035533905933));
#2307=CARTESIAN_POINT('Origin',(-1.,-34.5428932188136,13.25));
#2308=CARTESIAN_POINT('Origin',(-1.,-35.2500000000001,13.9571067811865));
#2309=CARTESIAN_POINT('',(-0.5,-35.6035533905934,14.3106601717798));
#2310=CARTESIAN_POINT('',(-0.5,-35.2500000000001,13.9571067811865));
#2311=CARTESIAN_POINT('',(-1.,-34.8964466094069,14.3106601717798));
#2312=CARTESIAN_POINT('',(-1.,-34.8964466094069,14.3106601717798));
#2313=CARTESIAN_POINT('Origin',(-1.,-35.2500000000001,13.9571067811865));
#2314=CARTESIAN_POINT('Ctrl Pts',(-15.0000002235174,-34.1893398282203,12.8964466094067));
#2315=CARTESIAN_POINT('Ctrl Pts',(-16.0000002235174,-34.1893398282203,12.8964466094067));
#2316=CARTESIAN_POINT('Ctrl Pts',(-16.0000002235174,-34.8964466094069,13.6035533905933));
#2317=CARTESIAN_POINT('Ctrl Pts',(-16.0000002235174,-35.6035533905934,14.3106601717798));
#2318=CARTESIAN_POINT('Ctrl Pts',(-15.0000002235174,-35.6035533905934,14.3106601717798));
#2319=CARTESIAN_POINT('Ctrl Pts',(-15.0000002235174,-33.835786437627,13.25));
#2320=CARTESIAN_POINT('Ctrl Pts',(-16.0000002235174,-33.835786437627,13.25));
#2321=CARTESIAN_POINT('Ctrl Pts',(-16.0000002235174,-34.5428932188136,13.9571067811865));
#2322=CARTESIAN_POINT('Ctrl Pts',(-16.0000002235174,-35.2500000000001,14.6642135623731));
#2323=CARTESIAN_POINT('Ctrl Pts',(-15.0000002235174,-35.2500000000001,14.6642135623731));
#2324=CARTESIAN_POINT('Ctrl Pts',(-15.0000002235174,-34.1893398282203,13.6035533905933));
#2325=CARTESIAN_POINT('Ctrl Pts',(-15.5000002235174,-34.1893398282203,13.6035533905933));
#2326=CARTESIAN_POINT('Ctrl Pts',(-15.5000002235174,-34.5428932188136,13.9571067811865));
#2327=CARTESIAN_POINT('Ctrl Pts',(-15.5000002235174,-34.8964466094069,14.3106601717798));
#2328=CARTESIAN_POINT('Ctrl Pts',(-15.0000002235174,-34.8964466094069,14.3106601717798));
#2329=CARTESIAN_POINT('',(-15.0000002235174,-35.6035533905934,14.3106601717798));
#2330=CARTESIAN_POINT('',(-15.0000002235174,-34.8964466094069,14.3106601717798));
#2331=CARTESIAN_POINT('Origin',(-15.0000002235174,-35.2500000000001,13.9571067811865));
#2332=CARTESIAN_POINT('Origin',(-15.0000002235174,-34.5428932188136,13.9571067811865));
#2333=CARTESIAN_POINT('Origin',(-15.0000002235174,-34.8964466094069,13.6035533905933));
#2334=CARTESIAN_POINT('Origin',(-11.6250001676381,-35.2500000000001,13.9571067811865));
#2335=CARTESIAN_POINT('',(-11.6250001676381,-34.8964466094069,14.3106601717798));
#2336=CARTESIAN_POINT('',(-11.6250001676381,-35.6035533905934,14.3106601717798));
#2337=CARTESIAN_POINT('Origin',(-15.0000002235174,-35.2500000000001,13.25));
#2338=CARTESIAN_POINT('',(-15.0000002235174,-34.5428932188136,12.5428932188135));
#2339=CARTESIAN_POINT('',(-15.0000002235174,-34.5428932188136,12.5428932188135));
#2340=CARTESIAN_POINT('',(-15.0000002235174,-35.9571067811867,13.9571067811865));
#2341=CARTESIAN_POINT('Origin',(-15.0000002235174,-35.2500000000001,13.25));
#2342=CARTESIAN_POINT('',(-15.0000002235174,-35.9571067811867,13.9571067811865));
#2343=CARTESIAN_POINT('Origin',(-0.5,-34.5428932188136,12.5428932188135));
#2344=CARTESIAN_POINT('',(-0.5,-34.5428932188136,12.5428932188135));
#2345=CARTESIAN_POINT('',(-0.5,-34.5428932188136,12.5428932188135));
#2346=CARTESIAN_POINT('',(-12.125,-34.5428932188136,12.5428932188135));
#2347=CARTESIAN_POINT('Origin',(-8.25000011175871,-34.5428932188136,13.9571067811865));
#2348=CARTESIAN_POINT('Origin',(1.,-34.5428932188136,13.25));
#2349=CARTESIAN_POINT('',(1.,-34.8964466094069,14.3106601717798));
#2350=CARTESIAN_POINT('',(1.,-34.1893398282203,13.6035533905933));
#2351=CARTESIAN_POINT('',(1.,-34.1893398282203,13.6035533905933));
#2352=CARTESIAN_POINT('',(0.5,-34.1893398282203,12.8964466094067));
#2353=CARTESIAN_POINT('Origin',(1.,-34.5428932188136,13.25));
#2354=CARTESIAN_POINT('',(0.5,-35.6035533905934,14.3106601717798));
#2355=CARTESIAN_POINT('',(0.5,-34.5428932188136,13.25));
#2356=CARTESIAN_POINT('Origin',(1.,-35.2500000000001,13.9571067811865));
#2357=CARTESIAN_POINT('Origin',(4.37500005587936,-35.2500000000001,13.9571067811865));
#2358=CARTESIAN_POINT('',(15.0000002235174,-35.6035533905934,14.3106601717798));
#2359=CARTESIAN_POINT('',(4.37500005587936,-35.6035533905934,14.3106601717798));
#2360=CARTESIAN_POINT('',(15.0000002235174,-34.8964466094069,14.3106601717798));
#2361=CARTESIAN_POINT('Origin',(15.0000002235174,-35.2500000000001,13.9571067811865));
#2362=CARTESIAN_POINT('',(4.37500005587936,-34.8964466094069,14.3106601717798));
#2363=CARTESIAN_POINT('Ctrl Pts',(15.0000002235174,-35.6035533905934,14.3106601717798));
#2364=CARTESIAN_POINT('Ctrl Pts',(16.0000002235174,-35.6035533905934,14.3106601717798));
#2365=CARTESIAN_POINT('Ctrl Pts',(16.0000002235174,-34.8964466094069,13.6035533905933));
#2366=CARTESIAN_POINT('Ctrl Pts',(16.0000002235174,-34.1893398282203,12.8964466094067));
#2367=CARTESIAN_POINT('Ctrl Pts',(15.0000002235174,-34.1893398282203,12.8964466094067));
#2368=CARTESIAN_POINT('Ctrl Pts',(15.0000002235174,-35.2500000000001,14.6642135623731));
#2369=CARTESIAN_POINT('Ctrl Pts',(16.0000002235174,-35.2500000000001,14.6642135623731));
#2370=CARTESIAN_POINT('Ctrl Pts',(16.0000002235174,-34.5428932188136,13.9571067811866));
#2371=CARTESIAN_POINT('Ctrl Pts',(16.0000002235174,-33.835786437627,13.25));
#2372=CARTESIAN_POINT('Ctrl Pts',(15.0000002235174,-33.835786437627,13.25));
#2373=CARTESIAN_POINT('Ctrl Pts',(15.0000002235174,-34.8964466094069,14.3106601717798));
#2374=CARTESIAN_POINT('Ctrl Pts',(15.5000002235174,-34.8964466094069,14.3106601717798));
#2375=CARTESIAN_POINT('Ctrl Pts',(15.5000002235174,-34.5428932188136,13.9571067811865));
#2376=CARTESIAN_POINT('Ctrl Pts',(15.5000002235174,-34.1893398282203,13.6035533905933));
#2377=CARTESIAN_POINT('Ctrl Pts',(15.0000002235174,-34.1893398282203,13.6035533905933));
#2378=CARTESIAN_POINT('',(15.0000002235174,-34.1893398282203,12.8964466094067));
#2379=CARTESIAN_POINT('',(15.0000002235174,-34.1893398282203,13.6035533905933));
#2380=CARTESIAN_POINT('Origin',(15.0000002235174,-34.5428932188136,13.25));
#2381=CARTESIAN_POINT('Origin',(15.0000002235174,-34.5428932188136,13.9571067811865));
#2382=CARTESIAN_POINT('Origin',(15.0000002235174,-34.8964466094069,13.6035533905933));
#2383=CARTESIAN_POINT('Origin',(11.6250001676381,-34.5428932188136,13.25));
#2384=CARTESIAN_POINT('',(11.6250001676381,-34.1893398282203,13.6035533905933));
#2385=CARTESIAN_POINT('',(11.6250001676381,-34.1893398282203,12.8964466094067));
#2386=CARTESIAN_POINT('Origin',(0.5,-35.9571067811867,13.9571067811865));
#2387=CARTESIAN_POINT('',(0.5,-35.9571067811867,13.9571067811865));
#2388=CARTESIAN_POINT('',(0.5,-35.9571067811867,13.9571067811865));
#2389=CARTESIAN_POINT('',(15.0000002235174,-35.9571067811867,13.9571067811865));
#2390=CARTESIAN_POINT('',(-11.625,-35.9571067811867,13.9571067811865));
#2391=CARTESIAN_POINT('',(15.0000002235174,-35.9571067811867,13.9571067811865));
#2392=CARTESIAN_POINT('Origin',(0.5,-34.5428932188136,12.5428932188135));
#2393=CARTESIAN_POINT('',(0.5,-34.5428932188136,12.5428932188135));
#2394=CARTESIAN_POINT('',(0.5,-34.5428932188136,12.5428932188135));
#2395=CARTESIAN_POINT('',(0.499999999999998,-34.8964466094069,12.8964466094067));
#2396=CARTESIAN_POINT('Origin',(8.25000011175871,-34.5428932188136,13.9571067811865));
#2397=CARTESIAN_POINT('Origin',(-15.0000002235174,-35.9571067811867,13.9571067811865));
#2398=CARTESIAN_POINT('',(-0.5,-35.9571067811867,13.9571067811865));
#2399=CARTESIAN_POINT('',(-19.3750001117587,-35.9571067811867,13.9571067811865));
#2400=CARTESIAN_POINT('',(-0.5,-35.9571067811867,13.9571067811865));
#2401=CARTESIAN_POINT('Origin',(-0.5,-35.9571067811867,13.9571067811865));
#2402=CARTESIAN_POINT('',(-0.499999999999998,-35.6035533905934,13.6035533905933));
#2403=CARTESIAN_POINT('Origin',(15.0000002235174,-34.5428932188136,12.5428932188135));
#2404=CARTESIAN_POINT('',(15.0000002235174,-34.5428932188136,12.5428932188135));
#2405=CARTESIAN_POINT('',(15.0000002235174,-34.5428932188136,12.5428932188135));
#2406=CARTESIAN_POINT('',(-4.37499988824129,-34.5428932188136,12.5428932188135));
#2407=CARTESIAN_POINT('Origin',(15.0000002235174,-35.2500000000001,13.25));
#2408=CARTESIAN_POINT('Origin',(15.0000002235174,-35.2500000000001,13.25));
#2409=CARTESIAN_POINT('Origin',(-23.75,-35.2500000000001,13.25));
#2410=CARTESIAN_POINT('',(47.5,-36.5000000000001,14.5));
#2411=CARTESIAN_POINT('',(47.5,-34.0000000000001,12.));
#2412=CARTESIAN_POINT('',(47.5,-36.5000000000001,14.5));
#2413=CARTESIAN_POINT('',(-47.5,-34.0000000000001,12.));
#2414=CARTESIAN_POINT('',(-23.75,-34.0000000000001,12.));
#2415=CARTESIAN_POINT('',(-47.5,-36.5000000000001,14.5));
#2416=CARTESIAN_POINT('',(-47.5,-34.0000000000001,12.));
#2417=CARTESIAN_POINT('',(-23.75,-36.5000000000001,14.5));
#2418=CARTESIAN_POINT('Origin',(47.5,-35.2500000000001,0.));
#2419=CARTESIAN_POINT('',(47.5,-36.5000000000001,-14.5));
#2420=CARTESIAN_POINT('',(47.5,-34.0000000000001,-12.));
#2421=CARTESIAN_POINT('',(47.5,-36.5000000000001,-14.5));
#2422=CARTESIAN_POINT('Origin',(47.5,-34.0000000000001,0.));
#2423=CARTESIAN_POINT('Origin',(47.5,-36.5000000000001,0.));
#2424=CARTESIAN_POINT('Origin',(23.75,-35.2500000000001,-13.25));
#2425=CARTESIAN_POINT('',(-47.5,-36.5000000000001,-14.5));
#2426=CARTESIAN_POINT('',(-47.5,-34.0000000000001,-12.));
#2427=CARTESIAN_POINT('',(-47.5,-36.5000000000001,-14.5));
#2428=CARTESIAN_POINT('',(23.75,-34.0000000000001,-12.));
#2429=CARTESIAN_POINT('',(23.75,-36.5000000000001,-14.5));
#2430=CARTESIAN_POINT('Origin',(-47.5,-35.2500000000001,0.));
#2431=CARTESIAN_POINT('Origin',(-47.5,-34.0000000000001,0.));
#2432=CARTESIAN_POINT('Origin',(-47.5,-36.5000000000001,0.));
#2433=CARTESIAN_POINT('Origin',(47.5,-60.0000000000001,0.));
#2434=CARTESIAN_POINT('',(47.5,-57.5000000000001,14.5));
#2435=CARTESIAN_POINT('',(47.5,-60.0000000000001,14.5));
#2436=CARTESIAN_POINT('',(47.5,-57.5000000000001,-14.5));
#2437=CARTESIAN_POINT('Origin',(47.5,-57.5000000000001,0.));
#2438=CARTESIAN_POINT('',(47.5,-60.0000000000001,-14.5));
#2439=CARTESIAN_POINT('Origin',(-47.5,-60.0000000000001,14.5));
#2440=CARTESIAN_POINT('',(-47.5,-57.5000000000001,14.5));
#2441=CARTESIAN_POINT('',(-47.5,-60.0000000000001,14.5));
#2442=CARTESIAN_POINT('',(-23.75,-57.5000000000001,14.5));
#2443=CARTESIAN_POINT('Origin',(0.,-34.0000000000001,0.));
#2444=CARTESIAN_POINT('',(-45.5,-34.0000000000001,-2.44929359829471E-16));
#2445=CARTESIAN_POINT('Origin',(-47.5,-34.0000000000001,0.));
#2446=CARTESIAN_POINT('',(49.5,-34.0000000000001,-2.44929359829471E-16));
#2447=CARTESIAN_POINT('Origin',(47.5,-34.0000000000001,0.));
#2448=CARTESIAN_POINT('Origin',(47.5,-34.0000000000001,0.));
#2449=CARTESIAN_POINT('',(49.5,-38.0000000000001,-2.44929359829471E-16));
#2450=CARTESIAN_POINT('',(49.5,-34.0000000000001,2.44929359829471E-16));
#2451=CARTESIAN_POINT('Origin',(47.5,-38.0000000000001,0.));
#2452=CARTESIAN_POINT('Origin',(47.5,-38.0000000000001,0.));
#2453=CARTESIAN_POINT('Origin',(-47.5,-34.0000000000001,0.));
#2454=CARTESIAN_POINT('',(-45.5,-38.0000000000001,-2.44929359829471E-16));
#2455=CARTESIAN_POINT('',(-45.5,-34.0000000000001,2.44929359829471E-16));
#2456=CARTESIAN_POINT('Origin',(-47.5,-38.0000000000001,0.));
#2457=CARTESIAN_POINT('Origin',(-47.5,-38.0000000000001,0.));
#2458=CARTESIAN_POINT('Ctrl Pts',(6.99999995529652,-60.0000000000001,-4.00000005960464));
#2459=CARTESIAN_POINT('Ctrl Pts',(6.99999995529652,-59.8153263321418,-3.96743710933482));
#2460=CARTESIAN_POINT('Ctrl Pts',(6.99999995529652,-59.6306526642834,-3.934874159065));
#2461=CARTESIAN_POINT('Ctrl Pts',(6.99999995529652,-59.4459789964251,-3.90231120879518));
#2462=CARTESIAN_POINT('Ctrl Pts',(6.90666665673256,-60.0000000000001,-4.00000005960464));
#2463=CARTESIAN_POINT('Ctrl Pts',(6.90666665673256,-59.8153263321418,-3.96743710933482));
#2464=CARTESIAN_POINT('Ctrl Pts',(6.90666665673256,-59.6306526642834,-3.934874159065));
#2465=CARTESIAN_POINT('Ctrl Pts',(6.90666665673256,-59.4459789964251,-3.90231120879518));
#2466=CARTESIAN_POINT('Ctrl Pts',(6.81333335816861,-60.0000000000001,-4.00000005960464));
#2467=CARTESIAN_POINT('Ctrl Pts',(6.81333335816861,-59.8153263321418,-3.96743710933482));
#2468=CARTESIAN_POINT('Ctrl Pts',(6.81333335816861,-59.6306526642834,-3.934874159065));
#2469=CARTESIAN_POINT('Ctrl Pts',(6.81333335816861,-59.4459789964251,-3.90231120879518));
#2470=CARTESIAN_POINT('Ctrl Pts',(6.72000005960465,-60.0000000000001,-4.00000005960464));
#2471=CARTESIAN_POINT('Ctrl Pts',(6.72000005960465,-59.8153263321418,-3.96743710933482));
#2472=CARTESIAN_POINT('Ctrl Pts',(6.72000005960465,-59.6306526642834,-3.934874159065));
#2473=CARTESIAN_POINT('Ctrl Pts',(6.72000005960465,-59.4459789964251,-3.90231120879518));
#2474=CARTESIAN_POINT('',(6.72000005960465,-60.0000000000001,-4.00000005960464));
#2475=CARTESIAN_POINT('',(6.72000005960465,-59.4459789964251,-3.90231120879518));
#2476=CARTESIAN_POINT('Ctrl Pts',(6.72000005960465,-60.0000000000001,-4.00000005960464));
#2477=CARTESIAN_POINT('Ctrl Pts',(6.72000005960465,-59.8153263321418,-3.96743710933482));
#2478=CARTESIAN_POINT('Ctrl Pts',(6.72000005960465,-59.6306526642834,-3.934874159065));
#2479=CARTESIAN_POINT('Ctrl Pts',(6.72000005960465,-59.4459789964251,-3.90231120879518));
#2480=CARTESIAN_POINT('',(6.99999995529652,-60.0000000000001,-4.00000005960464));
#2481=CARTESIAN_POINT('',(3.36000002980232,-60.0000000000001,-4.00000005960464));
#2482=CARTESIAN_POINT('Ctrl Pts',(6.99999995529652,-60.0000000000001,-4.00000005960464));
#2483=CARTESIAN_POINT('Ctrl Pts',(6.95273451937531,-59.9106481308547,-3.98424491429758));
#2484=CARTESIAN_POINT('Ctrl Pts',(6.90629430042238,-59.8207446348519,-3.96839250229226));
#2485=CARTESIAN_POINT('Ctrl Pts',(6.86070211603356,-59.730553959129,-3.95248945275398));
#2486=CARTESIAN_POINT('Ctrl Pts',(6.83703452652388,-59.6837346211388,-3.94423394024741));
#2487=CARTESIAN_POINT('Ctrl Pts',(6.81357483184479,-59.6367970753777,-3.93595758452148));
#2488=CARTESIAN_POINT('Ctrl Pts',(6.79032584568212,-59.5897747960314,-3.92766628797832));
#2489=CARTESIAN_POINT('Ctrl Pts',(6.76667817667934,-59.54194615998,-3.91923280899198));
#2490=CARTESIAN_POINT('Ctrl Pts',(6.74323533712531,-59.4940032267127,-3.91077917632265));
#2491=CARTESIAN_POINT('Ctrl Pts',(6.72000005960465,-59.4459789964251,-3.90231120879518));
#2492=CARTESIAN_POINT('Origin',(10.,-60.0000000000001,0.));
#2493=CARTESIAN_POINT('',(6.99999995529652,-60.0000000000001,4.00000005960464));
#2494=CARTESIAN_POINT('',(6.72000005960465,-59.4459789964251,3.90231120879518));
#2495=CARTESIAN_POINT('Ctrl Pts',(6.99999995529654,-60.0000000000002,4.00000005960465));
#2496=CARTESIAN_POINT('Ctrl Pts',(6.8600000074506,-59.7353402803448,3.95333341032267));
#2497=CARTESIAN_POINT('Ctrl Pts',(6.72000005960466,-59.4459789964251,3.90231120879518));
#2498=CARTESIAN_POINT('',(6.02040064760443,-57.9999999999999,3.57962207819395));
#2499=CARTESIAN_POINT('Ctrl Pts',(6.72000005960465,-59.4459789964251,3.90231120879518));
#2500=CARTESIAN_POINT('Ctrl Pts',(6.71305008255601,-59.4316143176309,3.89977832835456));
#2501=CARTESIAN_POINT('Ctrl Pts',(6.70610657558312,-59.4172630116233,3.89722923913701));
#2502=CARTESIAN_POINT('Ctrl Pts',(6.47901151881882,-58.9478877139307,3.8132499175114));
#2503=CARTESIAN_POINT('Ctrl Pts',(6.25003084669475,-58.4746150999184,3.70977163796201));
#2504=CARTESIAN_POINT('Ctrl Pts',(6.02040064760452,-57.9999999999999,3.57962207819399));
#2505=CARTESIAN_POINT('',(6.0204006476121,-58.0000000000079,-3.57962207819829));
#2506=CARTESIAN_POINT('Origin',(10.,-58.0000000000001,0.));
#2507=CARTESIAN_POINT('Ctrl Pts',(6.72000005960465,-59.4459789964251,-3.90231120879518));
#2508=CARTESIAN_POINT('Ctrl Pts',(6.48876698447919,-58.9680509647901,-3.81803960198104));
#2509=CARTESIAN_POINT('Ctrl Pts',(6.25335091130892,-58.4814772321852,-3.711653380649));
#2510=CARTESIAN_POINT('Ctrl Pts',(6.02040064760935,-58.0000000000099,-3.57962207819673));
#2511=CARTESIAN_POINT('Origin',(10.,-60.0000000000001,0.));
#2512=CARTESIAN_POINT('Origin',(6.99999995529652,-60.0000000000001,4.00000005960464));
#2513=CARTESIAN_POINT('',(6.72000005960465,-60.0000000000001,4.00000005960464));
#2514=CARTESIAN_POINT('',(6.63999997019768,-60.0000000000001,4.00000005960464));
#2515=CARTESIAN_POINT('',(6.72000005960465,-60.0000000000001,4.00000005960464));
#2516=CARTESIAN_POINT('Origin',(6.72000005960465,-60.0000000000001,0.));
#2517=CARTESIAN_POINT('Origin',(6.72000005960465,-58.0000000000001,0.));
#2518=CARTESIAN_POINT('Origin',(6.72000005960465,-60.0000000000001,0.));
#2519=CARTESIAN_POINT('Origin',(6.72000005960465,-58.0000000000001,-4.00000005960464));
#2520=CARTESIAN_POINT('Origin',(12.1532519583959,-60.0000000000001,4.00000005960464));
#2521=CARTESIAN_POINT('',(12.0624486935421,-58.0000000000001,3.64734609818771));
#2522=CARTESIAN_POINT('',(7.93755130645795,-58.0000000000001,3.64734609818771));
#2523=CARTESIAN_POINT('',(6.72000005960465,-58.0000000000001,3.64734609818771));
#2524=CARTESIAN_POINT('',(12.1532519583959,-60.0000000000001,4.00000005960464));
#2525=CARTESIAN_POINT('Ctrl Pts',(12.1532519583959,-60.0000000000001,4.00000005960464));
#2526=CARTESIAN_POINT('Ctrl Pts',(12.1078503259702,-58.9784606943803,3.81987511816968));
#2527=CARTESIAN_POINT('Ctrl Pts',(12.0624486935421,-58.0000000000001,3.64734609818771));
#2528=CARTESIAN_POINT('',(7.84674804160411,-60.0000000000001,4.00000005960465));
#2529=CARTESIAN_POINT('',(6.63999997019768,-60.0000000000001,4.00000005960464));
#2530=CARTESIAN_POINT('Ctrl Pts',(7.84674804160409,-60.0000000000001,4.00000005960464));
#2531=CARTESIAN_POINT('Ctrl Pts',(7.89214967402828,-58.9784606944146,3.81987511817572));
#2532=CARTESIAN_POINT('Ctrl Pts',(7.93755130645795,-58.0000000000001,3.64734609818771));
#2533=CARTESIAN_POINT('Origin',(10.,-60.0000000000001,0.));
#2534=CARTESIAN_POINT('',(7.93755130645794,-58.0000000000001,-3.64734609818771));
#2535=CARTESIAN_POINT('Origin',(10.,-58.0000000000001,0.));
#2536=CARTESIAN_POINT('',(7.84674804160411,-60.0000000000001,-4.00000005960464));
#2537=CARTESIAN_POINT('Origin',(10.,-60.0000000000001,0.));
#2538=CARTESIAN_POINT('Ctrl Pts',(7.8467480416041,-60.0000000000001,-4.00000005960464));
#2539=CARTESIAN_POINT('Ctrl Pts',(7.8921496740299,-58.9784606943788,-3.81987511816942));
#2540=CARTESIAN_POINT('Ctrl Pts',(7.93755130645794,-58.0000000000001,-3.64734609818771));
#2541=CARTESIAN_POINT('Origin',(7.84674804160411,-60.0000000000001,-4.00000005960464));
#2542=CARTESIAN_POINT('',(12.0624486935421,-58.0000000000001,-3.64734609818772));
#2543=CARTESIAN_POINT('',(13.2799999403954,-58.0000000000001,-3.64734609818771));
#2544=CARTESIAN_POINT('',(12.1532519583959,-60.0000000000001,-4.00000005960464));
#2545=CARTESIAN_POINT('',(3.36000002980232,-60.0000000000001,-4.00000005960464));
#2546=CARTESIAN_POINT('Ctrl Pts',(12.1532519583959,-60.0000000000001,-4.00000005960464));
#2547=CARTESIAN_POINT('Ctrl Pts',(12.1078503259702,-58.97846069438,-3.81987511816962));
#2548=CARTESIAN_POINT('Ctrl Pts',(12.0624486935421,-58.0000000000001,-3.64734609818772));
#2549=CARTESIAN_POINT('Origin',(10.,-60.0000000000001,0.));
#2550=CARTESIAN_POINT('Origin',(10.,-58.0000000000001,0.));
#2551=CARTESIAN_POINT('Origin',(10.,-60.0000000000001,0.));
#2552=CARTESIAN_POINT('Origin',(10.,-58.0000000000001,-6.93889390390723E-17));
#2553=CARTESIAN_POINT('Ctrl Pts',(13.0000000447035,-60.0000000000001,4.00000005960464));
#2554=CARTESIAN_POINT('Ctrl Pts',(13.0000000447035,-59.8153263321418,3.96743710933482));
#2555=CARTESIAN_POINT('Ctrl Pts',(13.0000000447035,-59.6306526642834,3.934874159065));
#2556=CARTESIAN_POINT('Ctrl Pts',(13.0000000447035,-59.4459789964251,3.90231120879518));
#2557=CARTESIAN_POINT('Ctrl Pts',(13.0933333432674,-60.0000000000001,4.00000005960464));
#2558=CARTESIAN_POINT('Ctrl Pts',(13.0933333432674,-59.8153263321418,3.96743710933482));
#2559=CARTESIAN_POINT('Ctrl Pts',(13.0933333432674,-59.6306526642834,3.934874159065));
#2560=CARTESIAN_POINT('Ctrl Pts',(13.0933333432674,-59.4459789964251,3.90231120879518));
#2561=CARTESIAN_POINT('Ctrl Pts',(13.1866666418314,-60.0000000000001,4.00000005960464));
#2562=CARTESIAN_POINT('Ctrl Pts',(13.1866666418314,-59.8153263321418,3.96743710933482));
#2563=CARTESIAN_POINT('Ctrl Pts',(13.1866666418314,-59.6306526642834,3.934874159065));
#2564=CARTESIAN_POINT('Ctrl Pts',(13.1866666418314,-59.4459789964251,3.90231120879518));
#2565=CARTESIAN_POINT('Ctrl Pts',(13.2799999403954,-60.0000000000001,4.00000005960464));
#2566=CARTESIAN_POINT('Ctrl Pts',(13.2799999403954,-59.8153263321418,3.96743710933482));
#2567=CARTESIAN_POINT('Ctrl Pts',(13.2799999403954,-59.6306526642834,3.934874159065));
#2568=CARTESIAN_POINT('Ctrl Pts',(13.2799999403954,-59.4459789964251,3.90231120879518));
#2569=CARTESIAN_POINT('',(13.2799999403954,-60.0000000000001,4.00000005960464));
#2570=CARTESIAN_POINT('',(13.2799999403954,-59.4459789964251,3.90231120879518));
#2571=CARTESIAN_POINT('Ctrl Pts',(13.2799999403954,-60.0000000000001,4.00000005960464));
#2572=CARTESIAN_POINT('Ctrl Pts',(13.2799999403954,-59.8153263321418,3.96743710933482));
#2573=CARTESIAN_POINT('Ctrl Pts',(13.2799999403954,-59.6306526642834,3.934874159065));
#2574=CARTESIAN_POINT('Ctrl Pts',(13.2799999403954,-59.4459789964251,3.90231120879518));
#2575=CARTESIAN_POINT('',(13.0000000447035,-60.0000000000001,4.00000005960464));
#2576=CARTESIAN_POINT('',(6.63999997019768,-60.0000000000001,4.00000005960464));
#2577=CARTESIAN_POINT('Ctrl Pts',(13.0000000447035,-60.0000000000001,4.00000005960464));
#2578=CARTESIAN_POINT('Ctrl Pts',(13.0472654806247,-59.9106481308548,3.98424491429759));
#2579=CARTESIAN_POINT('Ctrl Pts',(13.0937056995775,-59.8207446348521,3.96839250229229));
#2580=CARTESIAN_POINT('Ctrl Pts',(13.1392978839664,-59.730553959129,3.95248945275398));
#2581=CARTESIAN_POINT('Ctrl Pts',(13.1629654734763,-59.6837346211386,3.94423394024736));
#2582=CARTESIAN_POINT('Ctrl Pts',(13.1864251681555,-59.6367970753772,3.9359575845214));
#2583=CARTESIAN_POINT('Ctrl Pts',(13.2096741543179,-59.5897747960314,3.92766628797832));
#2584=CARTESIAN_POINT('Ctrl Pts',(13.2333218233207,-59.54194615998,3.91923280899198));
#2585=CARTESIAN_POINT('Ctrl Pts',(13.2567646628747,-59.4940032267127,3.91077917632264));
#2586=CARTESIAN_POINT('Ctrl Pts',(13.2799999403954,-59.4459789964251,3.90231120879518));
#2587=CARTESIAN_POINT('Origin',(10.,-60.0000000000001,0.));
#2588=CARTESIAN_POINT('',(13.0000000447035,-60.0000000000001,-4.00000005960464));
#2589=CARTESIAN_POINT('',(13.2799999403954,-59.4459789964251,-3.90231120879518));
#2590=CARTESIAN_POINT('Ctrl Pts',(13.0000000447035,-60.0000000000002,-4.00000005960465));
#2591=CARTESIAN_POINT('Ctrl Pts',(13.1399999925494,-59.7353402803449,-3.95333341032268));
#2592=CARTESIAN_POINT('Ctrl Pts',(13.2799999403953,-59.4459789964251,-3.90231120879518));
#2593=CARTESIAN_POINT('',(13.9795993523956,-57.9999999999999,-3.57962207819395));
#2594=CARTESIAN_POINT('Ctrl Pts',(13.2799999403954,-59.4459789964251,-3.90231120879518));
#2595=CARTESIAN_POINT('Ctrl Pts',(13.286949917444,-59.4316143176309,-3.89977832835456));
#2596=CARTESIAN_POINT('Ctrl Pts',(13.2938934244169,-59.4172630116234,-3.89722923913702));
#2597=CARTESIAN_POINT('Ctrl Pts',(13.5209884811812,-58.9478877139307,-3.81324991751141));
#2598=CARTESIAN_POINT('Ctrl Pts',(13.7499691533053,-58.4746150999185,-3.70977163796201));
#2599=CARTESIAN_POINT('Ctrl Pts',(13.9795993523955,-57.9999999999999,-3.57962207819399));
#2600=CARTESIAN_POINT('',(13.9795993523879,-58.0000000000079,3.57962207819829));
#2601=CARTESIAN_POINT('Origin',(10.,-58.0000000000001,0.));
#2602=CARTESIAN_POINT('Ctrl Pts',(13.2799999403954,-59.4459789964251,3.90231120879518));
#2603=CARTESIAN_POINT('Ctrl Pts',(13.5112330155208,-58.9680509647901,3.81803960198104));
#2604=CARTESIAN_POINT('Ctrl Pts',(13.7466490886911,-58.4814772321852,3.711653380649));
#2605=CARTESIAN_POINT('Ctrl Pts',(13.9795993523907,-58.0000000000099,3.57962207819673));
#2606=CARTESIAN_POINT('Origin',(10.,-60.0000000000001,0.));
#2607=CARTESIAN_POINT('Origin',(13.0000000447035,-60.0000000000001,-4.00000005960464));
#2608=CARTESIAN_POINT('',(13.2799999403954,-60.0000000000001,-4.00000005960464));
#2609=CARTESIAN_POINT('',(3.36000002980232,-60.0000000000001,-4.00000005960464));
#2610=CARTESIAN_POINT('',(13.2799999403954,-60.0000000000001,-4.00000005960464));
#2611=CARTESIAN_POINT('Origin',(13.2799999403954,-60.0000000000001,0.));
#2612=CARTESIAN_POINT('Origin',(13.2799999403954,-58.0000000000001,0.));
#2613=CARTESIAN_POINT('Origin',(13.2799999403954,-60.0000000000001,0.));
#2614=CARTESIAN_POINT('Origin',(13.2799999403954,-58.0000000000001,4.00000005960464));
#2615=CARTESIAN_POINT('Origin',(0.,-60.0000000000001,0.));
#2616=CARTESIAN_POINT('',(3.36000002980232,-60.0000000000001,-4.00000005960464));
#2617=CARTESIAN_POINT('',(6.63999997019768,-60.0000000000001,4.00000005960464));
#2618=CARTESIAN_POINT('Origin',(0.,-60.0000000000001,0.));
#2619=CARTESIAN_POINT('',(3.36000002980232,-60.0000000000001,-4.00000005960464));
#2620=CARTESIAN_POINT('',(6.63999997019768,-60.0000000000001,4.00000005960464));
#2621=CARTESIAN_POINT('Origin',(-47.5,-60.0000000000001,0.));
#2622=CARTESIAN_POINT('',(-52.5,-60.0000000000001,6.12323399573677E-16));
#2623=CARTESIAN_POINT('Origin',(-47.5,-60.0000000000001,0.));
#2624=CARTESIAN_POINT('',(-52.5,-58.0000000000001,6.12323399573677E-16));
#2625=CARTESIAN_POINT('',(-52.5,-60.0000000000001,6.12323399573677E-16));
#2626=CARTESIAN_POINT('Origin',(-47.5,-58.0000000000001,0.));
#2627=CARTESIAN_POINT('Origin',(0.,-58.0000000000001,0.));
#2628=CARTESIAN_POINT('Origin',(-11.5,-60.0000000000001,0.));
#2629=CARTESIAN_POINT('',(-16.5,-60.0000000000001,6.12323399573677E-16));
#2630=CARTESIAN_POINT('Origin',(-11.5,-60.0000000000001,0.));
#2631=CARTESIAN_POINT('',(-16.5,-58.0000000000001,6.12323399573677E-16));
#2632=CARTESIAN_POINT('',(-16.5,-60.0000000000001,6.12323399573677E-16));
#2633=CARTESIAN_POINT('Origin',(-11.5,-58.0000000000001,0.));
#2634=CARTESIAN_POINT('Origin',(0.,-58.0000000000001,0.));
#2635=CARTESIAN_POINT('Origin',(47.5,-60.0000000000001,0.));
#2636=CARTESIAN_POINT('',(42.5,-60.0000000000001,6.12323399573677E-16));
#2637=CARTESIAN_POINT('Origin',(47.5,-60.0000000000001,0.));
#2638=CARTESIAN_POINT('',(42.5,-58.0000000000001,6.12323399573677E-16));
#2639=CARTESIAN_POINT('',(42.5,-60.0000000000001,6.12323399573677E-16));
#2640=CARTESIAN_POINT('Origin',(47.5,-58.0000000000001,0.));
#2641=CARTESIAN_POINT('Origin',(0.,-58.0000000000001,0.));
#2642=CARTESIAN_POINT('Origin',(0.,-60.0000000000001,0.));
#2643=CARTESIAN_POINT('',(-53.5,-60.0000000000001,7.34788079488412E-16));
#2644=CARTESIAN_POINT('Origin',(-47.5,-60.0000000000001,0.));
#2645=CARTESIAN_POINT('Origin',(0.,-60.0000000000001,0.));
#2646=CARTESIAN_POINT('',(-17.5,-60.0000000000001,7.34788079488412E-16));
#2647=CARTESIAN_POINT('Origin',(-11.5,-60.0000000000001,0.));
#2648=CARTESIAN_POINT('Origin',(0.,-60.0000000000001,0.));
#2649=CARTESIAN_POINT('',(41.5,-60.0000000000001,7.34788079488411E-16));
#2650=CARTESIAN_POINT('Origin',(47.5,-60.0000000000001,0.));
#2651=CARTESIAN_POINT('Origin',(47.5,-60.0000000000001,0.));
#2652=CARTESIAN_POINT('',(41.5,-58.0000000000001,7.34788079488411E-16));
#2653=CARTESIAN_POINT('',(41.5,-60.0000000000001,7.34788079488411E-16));
#2654=CARTESIAN_POINT('Origin',(47.5,-58.0000000000001,0.));
#2655=CARTESIAN_POINT('Origin',(13.2799999403954,-60.0000000000001,4.00000005960464));
#2656=CARTESIAN_POINT('',(13.2799999403954,-58.0000000000001,4.00000005960464));
#2657=CARTESIAN_POINT('',(13.2799999403954,-60.0000000000001,4.00000005960464));
#2658=CARTESIAN_POINT('',(6.72000005960465,-58.0000000000001,4.00000005960464));
#2659=CARTESIAN_POINT('',(6.72000005960465,-58.0000000000001,4.00000005960464));
#2660=CARTESIAN_POINT('',(6.72000005960465,-60.0000000000001,4.00000005960464));
#2661=CARTESIAN_POINT('Origin',(13.2799999403954,-60.0000000000001,0.));
#2662=CARTESIAN_POINT('',(13.2799999403954,-58.0000000000001,-4.00000005960464));
#2663=CARTESIAN_POINT('',(13.2799999403954,-60.0000000000001,-4.00000005960464));
#2664=CARTESIAN_POINT('Origin',(13.2799999403954,-58.0000000000001,0.));
#2665=CARTESIAN_POINT('Origin',(6.72000005960465,-60.0000000000001,-4.00000005960464));
#2666=CARTESIAN_POINT('',(6.72000005960465,-58.0000000000001,-4.00000005960464));
#2667=CARTESIAN_POINT('',(6.72000005960465,-60.0000000000001,-4.00000005960464));
#2668=CARTESIAN_POINT('',(13.2799999403954,-58.0000000000001,-4.00000005960464));
#2669=CARTESIAN_POINT('Origin',(6.72000005960465,-60.0000000000001,0.));
#2670=CARTESIAN_POINT('Origin',(6.72000005960465,-58.0000000000001,0.));
#2671=CARTESIAN_POINT('Origin',(-47.5,-60.0000000000001,0.));
#2672=CARTESIAN_POINT('',(-53.5,-58.0000000000001,7.34788079488412E-16));
#2673=CARTESIAN_POINT('',(-53.5,-60.0000000000001,7.34788079488412E-16));
#2674=CARTESIAN_POINT('Origin',(-47.5,-58.0000000000001,0.));
#2675=CARTESIAN_POINT('Origin',(-11.5,-60.0000000000001,0.));
#2676=CARTESIAN_POINT('',(-17.5,-58.0000000000001,7.34788079488412E-16));
#2677=CARTESIAN_POINT('',(-17.5,-60.0000000000001,7.34788079488412E-16));
#2678=CARTESIAN_POINT('Origin',(-11.5,-58.0000000000001,0.));
#2679=CARTESIAN_POINT('Origin',(47.5,-60.0000000000001,-10.0000001490116));
#2680=CARTESIAN_POINT('',(47.5,-60.0000000000001,-10.0000001490116));
#2681=CARTESIAN_POINT('',(-47.5,-60.0000000000001,-10.0000001490116));
#2682=CARTESIAN_POINT('',(23.75,-60.0000000000001,-10.0000001490116));
#2683=CARTESIAN_POINT('',(47.5,-58.0000000000001,-10.0000001490116));
#2684=CARTESIAN_POINT('',(47.5,-60.0000000000001,-10.0000001490116));
#2685=CARTESIAN_POINT('',(-47.5,-58.0000000000001,-10.0000001490116));
#2686=CARTESIAN_POINT('',(47.5,-58.0000000000001,-10.0000001490116));
#2687=CARTESIAN_POINT('',(-47.5,-60.0000000000001,-10.0000001490116));
#2688=CARTESIAN_POINT('Origin',(47.5,-60.0000000000001,0.));
#2689=CARTESIAN_POINT('',(47.5,-60.0000000000001,10.0000001490116));
#2690=CARTESIAN_POINT('Origin',(47.5,-60.0000000000001,0.));
#2691=CARTESIAN_POINT('',(47.5,-58.0000000000001,10.0000001490116));
#2692=CARTESIAN_POINT('',(47.5,-60.0000000000001,10.0000001490116));
#2693=CARTESIAN_POINT('Origin',(47.5,-58.0000000000001,0.));
#2694=CARTESIAN_POINT('Origin',(-47.5,-60.0000000000001,10.0000001490116));
#2695=CARTESIAN_POINT('',(-47.5,-60.0000000000001,10.0000001490116));
#2696=CARTESIAN_POINT('',(-23.75,-60.0000000000001,10.0000001490116));
#2697=CARTESIAN_POINT('',(-47.5,-58.0000000000001,10.0000001490116));
#2698=CARTESIAN_POINT('',(-47.5,-60.0000000000001,10.0000001490116));
#2699=CARTESIAN_POINT('',(-47.5,-58.0000000000001,10.0000001490116));
#2700=CARTESIAN_POINT('Origin',(-47.5,-60.0000000000001,0.));
#2701=CARTESIAN_POINT('Origin',(-47.5,-60.0000000000001,0.));
#2702=CARTESIAN_POINT('Origin',(-47.5,-58.0000000000001,0.));
#2703=CARTESIAN_POINT('Origin',(0.,-58.0000000000001,0.));
#2704=CARTESIAN_POINT('Origin',(0.,-60.0000000000001,0.));
#2705=CARTESIAN_POINT('',(47.5,-60.0000000000001,12.));
#2706=CARTESIAN_POINT('',(47.5,-60.0000000000001,-12.));
#2707=CARTESIAN_POINT('Origin',(47.5,-60.0000000000001,0.));
#2708=CARTESIAN_POINT('',(-47.5,-60.0000000000001,12.));
#2709=CARTESIAN_POINT('',(-23.75,-60.0000000000001,12.));
#2710=CARTESIAN_POINT('',(-47.5,-60.0000000000001,-12.));
#2711=CARTESIAN_POINT('Origin',(-47.5,-60.0000000000001,0.));
#2712=CARTESIAN_POINT('',(23.75,-60.0000000000001,-12.));
#2713=CARTESIAN_POINT('Origin',(47.5,-58.7500000000001,0.));
#2714=CARTESIAN_POINT('',(47.5,-60.0000000000001,-12.));
#2715=CARTESIAN_POINT('',(47.5,-57.5000000000001,14.5));
#2716=CARTESIAN_POINT('Origin',(23.75,-58.7500000000001,-13.25));
#2717=CARTESIAN_POINT('',(-47.5,-57.5000000000001,-14.5));
#2718=CARTESIAN_POINT('',(-47.5,-60.0000000000001,-12.));
#2719=CARTESIAN_POINT('',(23.75,-57.5000000000001,-14.5));
#2720=CARTESIAN_POINT('Origin',(-47.5,-58.7500000000001,0.));
#2721=CARTESIAN_POINT('',(-47.5,-60.0000000000001,12.));
#2722=CARTESIAN_POINT('Origin',(-47.5,-57.5000000000001,0.));
#2723=CARTESIAN_POINT('Origin',(-23.75,-58.7500000000001,13.25));
#2724=CARTESIAN_POINT('Origin',(-47.5,-60.0000000000001,0.));
#2725=CARTESIAN_POINT('',(-47.5,-60.0000000000001,-14.5));
#2726=CARTESIAN_POINT('Origin',(47.5,-60.0000000000001,-14.5));
#2727=CARTESIAN_POINT('Origin',(47.5,-60.0000000000001,0.));
#2728=CARTESIAN_POINT('',(41.5,-59.0000000000001,0.));
#2729=CARTESIAN_POINT('Origin',(47.5,-59.0000000000001,0.));
#2730=CARTESIAN_POINT('',(41.5,-60.0000000000001,-7.34788079488411E-16));
#2731=CARTESIAN_POINT('',(41.5,-60.0000000000001,7.34788079488411E-16));
#2732=CARTESIAN_POINT('Origin',(47.5,-60.0000000000001,0.));
#2733=CARTESIAN_POINT('Origin',(6.72000005960465,-60.0000000000001,0.));
#2734=CARTESIAN_POINT('',(6.72000005960465,-60.0000000000001,4.00000005960464));
#2735=CARTESIAN_POINT('',(6.72000005960465,-60.0000000000001,-4.00000005960464));
#2736=CARTESIAN_POINT('Origin',(6.72000005960465,-60.0000000000001,0.));
#2737=CARTESIAN_POINT('',(6.72000005960465,-59.0000000000001,-4.00000005960464));
#2738=CARTESIAN_POINT('',(6.72000005960465,-60.0000000000001,-4.00000005960464));
#2739=CARTESIAN_POINT('',(6.72000005960465,-59.0000000000001,4.00000005960464));
#2740=CARTESIAN_POINT('Origin',(6.72000005960465,-59.0000000000001,0.));
#2741=CARTESIAN_POINT('',(6.72000005960465,-60.0000000000001,4.00000005960464));
#2742=CARTESIAN_POINT('Origin',(13.2799999403954,-60.0000000000001,4.00000005960464));
#2743=CARTESIAN_POINT('',(13.2799999403954,-60.0000000000001,4.00000005960464));
#2744=CARTESIAN_POINT('',(3.36000002980232,-60.0000000000001,4.00000005960464));
#2745=CARTESIAN_POINT('',(13.2799999403954,-59.0000000000001,4.00000005960464));
#2746=CARTESIAN_POINT('',(3.36000002980232,-59.0000000000001,4.00000005960464));
#2747=CARTESIAN_POINT('',(13.2799999403954,-60.0000000000001,4.00000005960464));
#2748=CARTESIAN_POINT('Origin',(13.2799999403954,-60.0000000000001,0.));
#2749=CARTESIAN_POINT('',(13.2799999403954,-60.0000000000001,-4.00000005960464));
#2750=CARTESIAN_POINT('Origin',(13.2799999403954,-60.0000000000001,0.));
#2751=CARTESIAN_POINT('',(13.2799999403954,-59.0000000000001,-4.00000005960464));
#2752=CARTESIAN_POINT('Origin',(13.2799999403954,-59.0000000000001,0.));
#2753=CARTESIAN_POINT('',(13.2799999403954,-60.0000000000001,-4.00000005960464));
#2754=CARTESIAN_POINT('Origin',(6.72000005960465,-60.0000000000001,-4.00000005960464));
#2755=CARTESIAN_POINT('',(6.63999997019768,-60.0000000000001,-4.00000005960464));
#2756=CARTESIAN_POINT('',(6.63999997019768,-59.0000000000001,-4.00000005960464));
#2757=CARTESIAN_POINT('Origin',(-47.5,-60.0000000000001,0.));
#2758=CARTESIAN_POINT('',(-53.5,-59.0000000000001,0.));
#2759=CARTESIAN_POINT('Origin',(-47.5,-59.0000000000001,0.));
#2760=CARTESIAN_POINT('',(-53.5,-60.0000000000001,-7.34788079488412E-16));
#2761=CARTESIAN_POINT('',(-53.5,-60.0000000000001,7.34788079488412E-16));
#2762=CARTESIAN_POINT('Origin',(-47.5,-60.0000000000001,0.));
#2763=CARTESIAN_POINT('Origin',(-11.5,-60.0000000000001,0.));
#2764=CARTESIAN_POINT('',(-17.5,-59.0000000000001,0.));
#2765=CARTESIAN_POINT('Origin',(-11.5,-59.0000000000001,0.));
#2766=CARTESIAN_POINT('',(-17.5,-60.0000000000001,-7.34788079488412E-16));
#2767=CARTESIAN_POINT('',(-17.5,-60.0000000000001,7.34788079488412E-16));
#2768=CARTESIAN_POINT('Origin',(-11.5,-60.0000000000001,0.));
#2769=CARTESIAN_POINT('Origin',(-47.5,-60.0000000000001,0.));
#2770=CARTESIAN_POINT('',(-47.5,-60.0000000000001,-10.0000001490116));
#2771=CARTESIAN_POINT('',(-47.5,-60.0000000000001,10.0000001490116));
#2772=CARTESIAN_POINT('Origin',(-47.5,-60.0000000000001,0.));
#2773=CARTESIAN_POINT('',(-47.5,-59.0000000000001,10.0000001490116));
#2774=CARTESIAN_POINT('',(-47.5,-60.0000000000001,10.0000001490116));
#2775=CARTESIAN_POINT('',(-47.5,-59.0000000000001,-10.0000001490116));
#2776=CARTESIAN_POINT('Origin',(-47.5,-59.0000000000001,0.));
#2777=CARTESIAN_POINT('',(-47.5,-60.0000000000001,-10.0000001490116));
#2778=CARTESIAN_POINT('Origin',(47.5,-60.0000000000001,-10.0000001490116));
#2779=CARTESIAN_POINT('',(47.5,-60.0000000000001,-10.0000001490116));
#2780=CARTESIAN_POINT('',(-23.75,-60.0000000000001,-10.0000001490116));
#2781=CARTESIAN_POINT('',(47.5,-59.0000000000001,-10.0000001490116));
#2782=CARTESIAN_POINT('',(-23.75,-59.0000000000001,-10.0000001490116));
#2783=CARTESIAN_POINT('',(47.5,-60.0000000000001,-10.0000001490116));
#2784=CARTESIAN_POINT('Origin',(47.5,-60.0000000000001,0.));
#2785=CARTESIAN_POINT('',(47.5,-60.0000000000001,10.0000001490116));
#2786=CARTESIAN_POINT('Origin',(47.5,-60.0000000000001,0.));
#2787=CARTESIAN_POINT('',(47.5,-59.0000000000001,10.0000001490116));
#2788=CARTESIAN_POINT('Origin',(47.5,-59.0000000000001,0.));
#2789=CARTESIAN_POINT('',(47.5,-60.0000000000001,10.0000001490116));
#2790=CARTESIAN_POINT('Origin',(-47.5,-60.0000000000001,10.0000001490116));
#2791=CARTESIAN_POINT('',(23.75,-60.0000000000001,10.0000001490116));
#2792=CARTESIAN_POINT('',(23.75,-59.0000000000001,10.0000001490116));
#2793=CARTESIAN_POINT('Origin',(0.,-60.0000000000001,0.));
#2794=CARTESIAN_POINT('Origin',(0.,-59.0000000000001,0.));
#2795=UNCERTAINTY_MEASURE_WITH_UNIT(LENGTH_MEASURE(0.01),#2799,
'DISTANCE_ACCURACY_VALUE',
'Maximum model space distance between geometric entities at asserted c
onnectivities');
#2796=UNCERTAINTY_MEASURE_WITH_UNIT(LENGTH_MEASURE(0.01),#2799,
'DISTANCE_ACCURACY_VALUE',
'Maximum model space distance between geometric entities at asserted c
onnectivities');
#2797=(
GEOMETRIC_REPRESENTATION_CONTEXT(3)
GLOBAL_UNCERTAINTY_ASSIGNED_CONTEXT((#2795))
GLOBAL_UNIT_ASSIGNED_CONTEXT((#2799,#2801,#2802))
REPRESENTATION_CONTEXT('','3D')
);
#2798=(
GEOMETRIC_REPRESENTATION_CONTEXT(3)
GLOBAL_UNCERTAINTY_ASSIGNED_CONTEXT((#2796))
GLOBAL_UNIT_ASSIGNED_CONTEXT((#2799,#2801,#2802))
REPRESENTATION_CONTEXT('','3D')
);
#2799=(
LENGTH_UNIT()
NAMED_UNIT(*)
SI_UNIT(.MILLI.,.METRE.)
);
#2800=(
LENGTH_UNIT()
NAMED_UNIT(*)
SI_UNIT($,.METRE.)
);
#2801=(
NAMED_UNIT(*)
PLANE_ANGLE_UNIT()
SI_UNIT($,.RADIAN.)
);
#2802=(
NAMED_UNIT(*)
SI_UNIT($,.STERADIAN.)
SOLID_ANGLE_UNIT()
);
#2803=SHAPE_DEFINITION_REPRESENTATION(#2804,#2805);
#2804=PRODUCT_DEFINITION_SHAPE('',$,#2807);
#2805=SHAPE_REPRESENTATION('',(#1583),#2797);
#2806=PRODUCT_DEFINITION_CONTEXT('part definition',#2811,'design');
#2807=PRODUCT_DEFINITION('DEPTH CAM D455 - INTEL REALSENSE',
'DEPTH CAM D455 - INTEL REALSENSE v2',#2808,#2806);
#2808=PRODUCT_DEFINITION_FORMATION('',$,#2813);
#2809=PRODUCT_RELATED_PRODUCT_CATEGORY(
'DEPTH CAM D455 - INTEL REALSENSE v2',
'DEPTH CAM D455 - INTEL REALSENSE v2',(#2813));
#2810=APPLICATION_PROTOCOL_DEFINITION('international standard',
'automotive_design',2009,#2811);
#2811=APPLICATION_CONTEXT(
'Core Data for Automotive Mechanical Design Process');
#2812=PRODUCT_CONTEXT('part definition',#2811,'mechanical');
#2813=PRODUCT('DEPTH CAM D455 - INTEL REALSENSE',
'DEPTH CAM D455 - INTEL REALSENSE v2',$,(#2812));
#2814=PRESENTATION_STYLE_ASSIGNMENT((#2820));
#2815=PRESENTATION_STYLE_ASSIGNMENT((#2821));
#2816=PRESENTATION_STYLE_ASSIGNMENT((#2822));
#2817=PRESENTATION_STYLE_ASSIGNMENT((#2823));
#2818=PRESENTATION_STYLE_ASSIGNMENT((#2824));
#2819=PRESENTATION_STYLE_ASSIGNMENT((#2825));
#2820=SURFACE_STYLE_USAGE(.BOTH.,#2826);
#2821=SURFACE_STYLE_USAGE(.BOTH.,#2827);
#2822=SURFACE_STYLE_USAGE(.BOTH.,#2828);
#2823=SURFACE_STYLE_USAGE(.BOTH.,#2829);
#2824=SURFACE_STYLE_USAGE(.BOTH.,#2830);
#2825=SURFACE_STYLE_USAGE(.BOTH.,#2831);
#2826=SURFACE_SIDE_STYLE('',(#2832));
#2827=SURFACE_SIDE_STYLE('',(#2833));
#2828=SURFACE_SIDE_STYLE('',(#2834));
#2829=SURFACE_SIDE_STYLE('',(#2835));
#2830=SURFACE_SIDE_STYLE('',(#2836));
#2831=SURFACE_SIDE_STYLE('',(#2837));
#2832=SURFACE_STYLE_FILL_AREA(#2838);
#2833=SURFACE_STYLE_FILL_AREA(#2839);
#2834=SURFACE_STYLE_FILL_AREA(#2840);
#2835=SURFACE_STYLE_FILL_AREA(#2841);
#2836=SURFACE_STYLE_FILL_AREA(#2842);
#2837=SURFACE_STYLE_FILL_AREA(#2843);
#2838=FILL_AREA_STYLE('Steel - Satin',(#2844));
#2839=FILL_AREA_STYLE('Paint - Metallic (Silver)',(#2845));
#2840=FILL_AREA_STYLE('Glass - Window',(#2846));
#2841=FILL_AREA_STYLE('Powder Coat (Black)',(#2847));
#2842=FILL_AREA_STYLE('Paint - Enamel Glossy (Black)',(#2848));
#2843=FILL_AREA_STYLE('Glass (Clear)',(#2849));
#2844=FILL_AREA_STYLE_COLOUR('Steel - Satin',#2850);
#2845=FILL_AREA_STYLE_COLOUR('Paint - Metallic (Silver)',#2851);
#2846=FILL_AREA_STYLE_COLOUR('Glass - Window',#2852);
#2847=FILL_AREA_STYLE_COLOUR('Powder Coat (Black)',#2853);
#2848=FILL_AREA_STYLE_COLOUR('Paint - Enamel Glossy (Black)',#2854);
#2849=FILL_AREA_STYLE_COLOUR('Glass (Clear)',#2855);
#2850=COLOUR_RGB('Steel - Satin',0.627450980392157,0.627450980392157,0.627450980392157);
#2851=COLOUR_RGB('Paint - Metallic (Silver)',0.984313725490196,0.980392156862745,
0.96078431372549);
#2852=COLOUR_RGB('Glass - Window',0.423529411764706,0.768627450980392,0.854901960784314);
#2853=COLOUR_RGB('Powder Coat (Black)',0.0980392156862745,0.0980392156862745,
0.0980392156862745);
#2854=COLOUR_RGB('Paint - Enamel Glossy (Black)',0.0980392156862745,0.0980392156862745,
0.0980392156862745);
#2855=COLOUR_RGB('Glass (Clear)',0.964705882352941,0.964705882352941,0.952941176470588);
ENDSEC;
END-ISO-10303-21;
