ISO-10303-21;
HEADER;
/* Generated by software containing ST-Developer
 * from STEP Tools, Inc. (www.steptools.com) 
 */

FILE_DESCRIPTION(
/* description */ (''),
/* implementation_level */ '2;1');

FILE_NAME(
/* name */ 'C:/Users/Otter.Space/Desktop/Amass XT60E1-M v4.step',
/* time_stamp */ '2021-02-27T19:37:37+02:00',
/* author */ (''),
/* organization */ (''),
/* preprocessor_version */ 'ST-DEVELOPER v18.1',
/* originating_system */ 'Autodesk Translation Framework v9.7.1.1290',
/* authorisation */ '');

FILE_SCHEMA (('AUTOMOTIVE_DESIGN { 1 0 10303 214 3 1 1 }'));
ENDSEC;

DATA;
#10=MECHANICAL_DESIGN_GEOMETRIC_PRESENTATION_REPRESENTATION('',(#106,#107,
#108,#109,#110,#111,#112,#113,#114,#115,#116,#117,#118,#119,#120,#121,#122,
#123,#124,#125,#126,#127,#128,#129,#130,#131,#132,#133,#134,#135,#136,#137,
#138,#139,#140,#141,#142,#143,#144,#145,#146,#147,#148,#149,#150,#151,#152,
#153,#154,#155,#156,#157,#158,#159,#160,#161,#162,#163,#164,#165,#166,#167,
#168,#169,#170,#171,#172,#173,#174,#175,#176,#177,#178,#179,#180,#181,#182,
#183,#184,#185,#186,#187,#188,#189,#190,#191,#192,#193,#194,#195,#196,#197,
#198,#199,#200,#201,#202,#203,#204,#205,#206),#14132);
#11=ITEM_DEFINED_TRANSFORMATION($,$,#8066,#8701);
#12=ITEM_DEFINED_TRANSFORMATION($,$,#8109,#8702);
#13=(
REPRESENTATION_RELATIONSHIP($,$,#14146,#14145)
REPRESENTATION_RELATIONSHIP_WITH_TRANSFORMATION(#11)
SHAPE_REPRESENTATION_RELATIONSHIP()
);
#14=(
REPRESENTATION_RELATIONSHIP($,$,#14147,#14145)
REPRESENTATION_RELATIONSHIP_WITH_TRANSFORMATION(#12)
SHAPE_REPRESENTATION_RELATIONSHIP()
);
#15=CONTEXT_DEPENDENT_SHAPE_REPRESENTATION(#13,#14143);
#16=CONTEXT_DEPENDENT_SHAPE_REPRESENTATION(#14,#14144);
#17=NEXT_ASSEMBLY_USAGE_OCCURRENCE('M2.5 Nut v1:1','M2.5 Nut v1:1',
'M2.5 Nut v1:1',#14149,#14150,'M2.5 Nut v1:1');
#18=NEXT_ASSEMBLY_USAGE_OCCURRENCE('M2.5 Nut v1 (1):1',
'M2.5 Nut v1 (1):1','M2.5 Nut v1 (1):1',#14149,#14151,
'M2.5 Nut v1 (1):1');
#19=(
BOUNDED_CURVE()
B_SPLINE_CURVE(5,(#13746,#13747,#13748,#13749,#13750,#13751,#13752,#13753,
#13754,#13755,#13756,#13757,#13758,#13759,#13760),.UNSPECIFIED.,.F.,.F.)
B_SPLINE_CURVE_WITH_KNOTS((6,1,1,1,1,1,1,1,1,1,6),(0.,0.1,0.2,0.3,0.4,0.5,
0.6,0.7,0.8,0.9,1.),.UNSPECIFIED.)
CURVE()
GEOMETRIC_REPRESENTATION_ITEM()
RATIONAL_B_SPLINE_CURVE((1.,1.,1.,1.,1.,1.,1.,1.,1.,1.,1.,1.,1.,1.,1.))
REPRESENTATION_ITEM('')
);
#20=(
BOUNDED_CURVE()
B_SPLINE_CURVE(5,(#13800,#13801,#13802,#13803,#13804,#13805,#13806,#13807,
#13808,#13809,#13810,#13811,#13812,#13813,#13814),.UNSPECIFIED.,.F.,.F.)
B_SPLINE_CURVE_WITH_KNOTS((6,1,1,1,1,1,1,1,1,1,6),(0.,0.1,0.2,0.3,0.4,0.5,
0.6,0.7,0.8,0.9,1.),.UNSPECIFIED.)
CURVE()
GEOMETRIC_REPRESENTATION_ITEM()
RATIONAL_B_SPLINE_CURVE((1.,1.,1.,1.,1.,1.,1.,1.,1.,1.,1.,1.,1.,1.,1.))
REPRESENTATION_ITEM('')
);
#21=B_SPLINE_CURVE_WITH_KNOTS('',3,(#12271,#12272,#12273,#12274,#12275,
#12276,#12277,#12278,#12279,#12280),.UNSPECIFIED.,.F.,.F.,(4,2,2,2,4),(0.0770594295352115,
0.0864805450118624,0.0959016604885133,0.105446254731054,0.114990848973595),
 .UNSPECIFIED.);
#22=B_SPLINE_CURVE_WITH_KNOTS('',3,(#12284,#12285,#12286,#12287,#12288,
#12289,#12290,#12291,#12292,#12293),.UNSPECIFIED.,.F.,.F.,(4,2,2,2,4),(0.0383580835235408,
0.0478392083492832,0.0573203331750256,0.0667395110202748,0.0761586888655241),
 .UNSPECIFIED.);
#23=B_SPLINE_CURVE_WITH_KNOTS('',3,(#12307,#12308,#12309,#12310,#12311,
#12312,#12313,#12314,#12315,#12316),.UNSPECIFIED.,.F.,.F.,(4,2,2,2,4),(0.039125860648305,
0.0486704548908457,0.0582150491333864,0.0676361646100373,0.0770572800866882),
 .UNSPECIFIED.);
#24=B_SPLINE_CURVE_WITH_KNOTS('',3,(#12319,#12320,#12321,#12322,#12323,
#12324,#12325,#12326,#12327,#12328),.UNSPECIFIED.,.F.,.F.,(4,2,2,2,4),(0.0761586888655242,
0.0855778667107735,0.0949970445560227,0.104478169381765,0.113959294207508),
 .UNSPECIFIED.);
#25=B_SPLINE_CURVE_WITH_KNOTS('',3,(#12338,#12339,#12340,#12341,#12342,
#12343,#12344,#12345,#12346,#12347),.UNSPECIFIED.,.F.,.F.,(4,2,2,2,4),(0.0770594295352115,
0.0864805450118624,0.0959016604885133,0.105446254731054,0.114990848973595),
 .UNSPECIFIED.);
#26=B_SPLINE_CURVE_WITH_KNOTS('',3,(#12351,#12352,#12353,#12354,#12355,
#12356,#12357,#12358,#12359,#12360),.UNSPECIFIED.,.F.,.F.,(4,2,2,2,4),(0.0383580835235408,
0.0478392083492832,0.0573203331750256,0.0667395110202748,0.0761586888655241),
 .UNSPECIFIED.);
#27=B_SPLINE_CURVE_WITH_KNOTS('',3,(#12370,#12371,#12372,#12373,#12374,
#12375,#12376,#12377,#12378,#12379),.UNSPECIFIED.,.F.,.F.,(4,2,2,2,4),(0.039125860648305,
0.0486704548908457,0.0582150491333864,0.0676361646100373,0.0770572800866882),
 .UNSPECIFIED.);
#28=B_SPLINE_CURVE_WITH_KNOTS('',3,(#12382,#12383,#12384,#12385,#12386,
#12387,#12388,#12389,#12390,#12391),.UNSPECIFIED.,.F.,.F.,(4,2,2,2,4),(0.0761586888655242,
0.0855778667107735,0.0949970445560227,0.104478169381765,0.113959294207508),
 .UNSPECIFIED.);
#29=B_SPLINE_CURVE_WITH_KNOTS('',3,(#12401,#12402,#12403,#12404,#12405,
#12406,#12407,#12408,#12409,#12410),.UNSPECIFIED.,.F.,.F.,(4,2,2,2,4),(0.0761586888655242,
0.0855778667107735,0.0949970445560227,0.104478169381765,0.113959294207508),
 .UNSPECIFIED.);
#30=B_SPLINE_CURVE_WITH_KNOTS('',3,(#12414,#12415,#12416,#12417,#12418,
#12419,#12420,#12421,#12422,#12423),.UNSPECIFIED.,.F.,.F.,(4,2,2,2,4),(0.039125860648305,
0.0486704548908457,0.0582150491333864,0.0676361646100373,0.0770572800866882),
 .UNSPECIFIED.);
#31=B_SPLINE_CURVE_WITH_KNOTS('',3,(#12437,#12438,#12439,#12440,#12441,
#12442,#12443,#12444,#12445,#12446),.UNSPECIFIED.,.F.,.F.,(4,2,2,2,4),(0.0383580835235409,
0.0478392083492833,0.0573203331750257,0.0667395110202749,0.0761586888655242),
 .UNSPECIFIED.);
#32=B_SPLINE_CURVE_WITH_KNOTS('',3,(#12452,#12453,#12454,#12455,#12456,
#12457,#12458,#12459,#12460,#12461),.UNSPECIFIED.,.F.,.F.,(4,2,2,2,4),(0.0383580835235409,
0.0478392083492833,0.0573203331750257,0.0667395110202749,0.0761586888655242),
 .UNSPECIFIED.);
#33=B_SPLINE_CURVE_WITH_KNOTS('',3,(#12463,#12464,#12465,#12466,#12467,
#12468,#12469,#12470,#12471,#12472),.UNSPECIFIED.,.F.,.F.,(4,2,2,2,4),(0.0770594295352115,
0.0864805450118624,0.0959016604885133,0.105446254731054,0.114990848973595),
 .UNSPECIFIED.);
#34=B_SPLINE_CURVE_WITH_KNOTS('',3,(#12486,#12487,#12488,#12489,#12490,
#12491,#12492,#12493,#12494,#12495),.UNSPECIFIED.,.F.,.F.,(4,2,2,2,4),(0.039125860648305,
0.0486704548908457,0.0582150491333864,0.0676361646100373,0.0770572800866882),
 .UNSPECIFIED.);
#35=B_SPLINE_CURVE_WITH_KNOTS('',3,(#12498,#12499,#12500,#12501,#12502,
#12503,#12504,#12505,#12506,#12507),.UNSPECIFIED.,.F.,.F.,(4,2,2,2,4),(0.0761586888655242,
0.0855778667107735,0.0949970445560227,0.104478169381765,0.113959294207508),
 .UNSPECIFIED.);
#36=B_SPLINE_CURVE_WITH_KNOTS('',3,(#12510,#12511,#12512,#12513,#12514,
#12515,#12516,#12517,#12518,#12519),.UNSPECIFIED.,.F.,.F.,(4,2,2,2,4),(0.0770594295352115,
0.0864805450118624,0.0959016604885133,0.105446254731054,0.114990848973595),
 .UNSPECIFIED.);
#37=B_SPLINE_CURVE_WITH_KNOTS('',3,(#12535,#12536,#12537,#12538,#12539,
#12540,#12541,#12542,#12543,#12544,#12545,#12546,#12547,#12548,#12549,#12550,
#12551,#12552,#12553,#12554,#12555,#12556,#12557,#12558,#12559,#12560,#12561,
#12562,#12563,#12564,#12565,#12566,#12567,#12568,#12569,#12570,#12571,#12572,
#12573,#12574),.UNSPECIFIED.,.F.,.F.,(4,3,3,3,3,3,3,3,3,3,3,3,3,4),(-0.506055546332934,
-0.468655009140432,-0.429539896024199,-0.385882667609257,-0.3376473341581,
-0.295441417388337,-0.262549001776767,-0.23128877475675,-0.195338683633621,
-0.144305998413192,-0.100112398001742,-0.0604661468406057,-0.0230832691792843,
0.),.UNSPECIFIED.);
#38=B_SPLINE_CURVE_WITH_KNOTS('',3,(#12578,#12579,#12580,#12581,#12582,
#12583,#12584,#12585,#12586,#12587,#12588,#12589,#12590,#12591,#12592,#12593,
#12594,#12595,#12596,#12597,#12598,#12599,#12600,#12601,#12602,#12603,#12604,
#12605,#12606,#12607,#12608,#12609,#12610,#12611,#12612,#12613,#12614,#12615,
#12616,#12617),.UNSPECIFIED.,.F.,.F.,(4,3,3,3,3,3,3,3,3,3,3,3,3,4),(-0.469163757389507,
-0.434726317781112,-0.39884831602411,-0.359373321400505,-0.312186591892503,
-0.27316326790594,-0.242759036414521,-0.214020212331187,-0.179818310212714,
-0.135076308781384,-0.0936198786661589,-0.0569200555586209,-0.0225311937464453,
0.),.UNSPECIFIED.);
#39=B_SPLINE_CURVE_WITH_KNOTS('',3,(#12635,#12636,#12637,#12638,#12639,
#12640,#12641,#12642,#12643,#12644,#12645,#12646,#12647,#12648),
 .UNSPECIFIED.,.F.,.F.,(4,2,2,2,2,2,4),(0.,0.00129428245772811,0.00506529805653698,
0.00927153901840042,0.0140438603671288,0.0171801596939501,0.0201036221515923),
 .UNSPECIFIED.);
#40=B_SPLINE_CURVE_WITH_KNOTS('',3,(#12652,#12653,#12654,#12655,#12656,
#12657,#12658,#12659,#12660,#12661,#12662,#12663),.UNSPECIFIED.,.F.,.F.,
(4,2,2,2,2,4),(0.,0.00594031862266662,0.0103156189616634,0.0152747134050634,
0.0186840238933718,0.0201184457151907),.UNSPECIFIED.);
#41=B_SPLINE_CURVE_WITH_KNOTS('',3,(#12665,#12666,#12667,#12668,#12669,
#12670,#12671,#12672),.UNSPECIFIED.,.F.,.F.,(4,2,2,4),(0.463425958398502,
0.477245722045586,0.503172198593593,0.508884328877989),.UNSPECIFIED.);
#42=B_SPLINE_CURVE_WITH_KNOTS('',3,(#12674,#12675,#12676,#12677,#12678,
#12679,#12680,#12681,#12682,#12683,#12684,#12685,#12686,#12687,#12688,#12689,
#12690,#12691),.UNSPECIFIED.,.F.,.F.,(4,2,2,2,2,2,2,2,4),(0.0244865313520798,
0.0245994238484309,0.0254873051101323,0.0265778252508844,0.0286652574999207,
0.0337184031121802,0.0444841030129057,0.0617495519014306,0.0618906780059746),
 .UNSPECIFIED.);
#43=B_SPLINE_CURVE_WITH_KNOTS('',3,(#12695,#12696,#12697,#12698,#12699,
#12700,#12701,#12702,#12703,#12704,#12705,#12706,#12707,#12708,#12709,#12710,
#12711,#12712),.UNSPECIFIED.,.F.,.F.,(4,2,2,2,2,2,2,2,4),(-0.000208323938256989,
0.,0.0254864606782109,0.0413782955924109,0.0488375193591112,0.0519188918480748,
0.0535286680548222,0.0548393179717081,0.0550059679366909),.UNSPECIFIED.);
#44=B_SPLINE_CURVE_WITH_KNOTS('',3,(#12713,#12714,#12715,#12716,#12717,
#12718,#12719,#12720),.UNSPECIFIED.,.F.,.F.,(4,2,2,4),(0.231133449052743,
0.23682897703029,0.262763819514172,0.276591812197243),.UNSPECIFIED.);
#45=B_SPLINE_CURVE_WITH_KNOTS('',3,(#12746,#12747,#12748,#12749,#12750,
#12751,#12752,#12753,#12754,#12755,#12756,#12757,#12758,#12759),
 .UNSPECIFIED.,.F.,.F.,(4,2,2,2,2,2,4),(0.,0.0012942826872155,0.00506529079982189,
0.00927153009938674,0.0140438499807161,0.0171801567762382,0.0201036252840817),
 .UNSPECIFIED.);
#46=B_SPLINE_CURVE_WITH_KNOTS('',3,(#12763,#12764,#12765,#12766,#12767,
#12768,#12769,#12770,#12771,#12772,#12773,#12774),.UNSPECIFIED.,.F.,.F.,
(4,2,2,2,2,4),(0.,0.00594031862266438,0.0103156207427396,0.0152747184880557,
0.0186840211587936,0.0201184425598064),.UNSPECIFIED.);
#47=B_SPLINE_CURVE_WITH_KNOTS('',3,(#12776,#12777,#12778,#12779,#12780,
#12781,#12782,#12783),.UNSPECIFIED.,.F.,.F.,(4,2,2,4),(0.463425863780225,
0.477245630522905,0.503172107136816,0.508884234404384),.UNSPECIFIED.);
#48=B_SPLINE_CURVE_WITH_KNOTS('',3,(#12785,#12786,#12787,#12788,#12789,
#12790,#12791,#12792,#12793,#12794,#12795,#12796,#12797,#12798,#12799,#12800,
#12801,#12802),.UNSPECIFIED.,.F.,.F.,(4,2,2,2,2,2,2,2,4),(0.0244865302729876,
0.0245994249577935,0.0254873063880255,0.0265778267339799,0.0286652593712555,
0.0337184060437693,0.0444841070373877,0.0617495528753598,0.0618906790096251),
 .UNSPECIFIED.);
#49=B_SPLINE_CURVE_WITH_KNOTS('',3,(#12806,#12807,#12808,#12809,#12810,
#12811,#12812,#12813,#12814,#12815,#12816,#12817,#12818,#12819,#12820,#12821,
#12822,#12823),.UNSPECIFIED.,.F.,.F.,(4,2,2,2,2,2,2,2,4),(-0.000208323896017338,
0.,0.0254864653735426,0.0413782987905014,0.0488375210465703,0.0519188929849251,
0.0535286689005215,0.0548393185782136,0.0550059653139187),.UNSPECIFIED.);
#50=B_SPLINE_CURVE_WITH_KNOTS('',3,(#12824,#12825,#12826,#12827,#12828,
#12829,#12830,#12831),.UNSPECIFIED.,.F.,.F.,(4,2,2,4),(0.231133476453008,
0.236829007561477,0.262763849922183,0.276591839453193),.UNSPECIFIED.);
#51=B_SPLINE_CURVE_WITH_KNOTS('',3,(#12861,#12862,#12863,#12864,#12865,
#12866,#12867,#12868,#12869,#12870,#12871,#12872,#12873,#12874),
 .UNSPECIFIED.,.F.,.F.,(4,2,2,2,2,2,4),(0.,0.00129428291671146,0.00506528354313208,
0.00927152118037463,0.0140438395942766,0.0171801538584366,0.0201036284164237),
 .UNSPECIFIED.);
#52=B_SPLINE_CURVE_WITH_KNOTS('',3,(#12878,#12879,#12880,#12881,#12882,
#12883,#12884,#12885,#12886,#12887,#12888,#12889),.UNSPECIFIED.,.F.,.F.,
(4,2,2,2,2,4),(0.,0.00594031862266586,0.0103156189616624,0.0152747134050633,
0.0186840238933724,0.0201184457151915),.UNSPECIFIED.);
#53=B_SPLINE_CURVE_WITH_KNOTS('',3,(#12891,#12892,#12893,#12894,#12895,
#12896,#12897,#12898),.UNSPECIFIED.,.F.,.F.,(4,2,2,4),(0.463426116862572,
0.477254106393582,0.503188948754288,0.508884479862758),.UNSPECIFIED.);
#54=B_SPLINE_CURVE_WITH_KNOTS('',3,(#12900,#12901,#12902,#12903,#12904,
#12905,#12906,#12907,#12908,#12909,#12910,#12911,#12912,#12913,#12914,#12915,
#12916,#12917),.UNSPECIFIED.,.F.,.F.,(4,2,2,2,2,2,2,2,4),(0.0244865313521248,
0.0245994238484766,0.0254873051101838,0.0265778252509439,0.0286652574999862,
0.03371840311226,0.0444841030130172,0.0617495519144881,0.0618906780192635),
 .UNSPECIFIED.);
#55=B_SPLINE_CURVE_WITH_KNOTS('',3,(#12921,#12922,#12923,#12924,#12925,
#12926,#12927,#12928,#12929,#12930,#12931,#12932,#12933,#12934,#12935,#12936,
#12937,#12938),.UNSPECIFIED.,.F.,.F.,(4,2,2,2,2,2,2,2,4),(-0.000208323853831076,
0.,0.0254864700754942,0.0413783020035738,0.0488375227529384,0.0519188941423121,
0.0535286697676001,0.0548393192067924,0.0550059627133085),.UNSPECIFIED.);
#56=B_SPLINE_CURVE_WITH_KNOTS('',3,(#12939,#12940,#12941,#12942,#12943,
#12944,#12945,#12946),.UNSPECIFIED.,.F.,.F.,(4,2,2,4),(0.231133503853353,
0.236829038092745,0.262763880330276,0.276591866709226),.UNSPECIFIED.);
#57=B_SPLINE_CURVE_WITH_KNOTS('',3,(#12972,#12973,#12974,#12975,#12976,
#12977,#12978,#12979,#12980,#12981,#12982,#12983,#12984,#12985),
 .UNSPECIFIED.,.F.,.F.,(4,2,2,2,2,2,4),(0.,0.00129428268721528,0.00506529079982112,
0.00927153009938523,0.0140438499807136,0.0171801567762347,0.0201036252840791),
 .UNSPECIFIED.);
#58=B_SPLINE_CURVE_WITH_KNOTS('',3,(#12989,#12990,#12991,#12992,#12993,
#12994,#12995,#12996,#12997,#12998,#12999,#13000),.UNSPECIFIED.,.F.,.F.,
(4,2,2,2,2,4),(0.,0.00594031862266819,0.010315617180584,0.015274708322069,
0.018684026627962,0.0201184488705799),.UNSPECIFIED.);
#59=B_SPLINE_CURVE_WITH_KNOTS('',3,(#13002,#13003,#13004,#13005,#13006,
#13007,#13008,#13009),.UNSPECIFIED.,.F.,.F.,(4,2,2,4),(0.463426211480031,
0.477254197858981,0.503189040096512,0.508884574335904),.UNSPECIFIED.);
#60=B_SPLINE_CURVE_WITH_KNOTS('',3,(#13011,#13012,#13013,#13014,#13015,
#13016,#13017,#13018,#13019,#13020,#13021,#13022,#13023,#13024,#13025,#13026,
#13027,#13028),.UNSPECIFIED.,.F.,.F.,(4,2,2,2,2,2,2,2,4),(0.0244865324312082,
0.0245994227391051,0.0254873038322793,0.0265778237678301,0.0286652556286188,
0.0337184001806118,0.0444840989884139,0.0617495509351641,0.0618906770101901),
 .UNSPECIFIED.);
#61=B_SPLINE_CURVE_WITH_KNOTS('',3,(#13032,#13033,#13034,#13035,#13036,
#13037,#13038,#13039,#13040,#13041,#13042,#13043,#13044,#13045,#13046,#13047,
#13048,#13049),.UNSPECIFIED.,.F.,.F.,(4,2,2,2,2,2,2,2,4),(-0.000208323895989116,
0.,0.0254864653857502,0.0413782988181416,0.0488375210814553,0.0519188930228064,
0.05352866893996,0.0548393186189195,0.055005965354786),.UNSPECIFIED.);
#62=B_SPLINE_CURVE_WITH_KNOTS('',3,(#13050,#13051,#13052,#13053,#13054,
#13055,#13056,#13057),.UNSPECIFIED.,.F.,.F.,(4,2,2,4),(0.231133627686764,
0.23684575797116,0.262772234519167,0.276591998166251),.UNSPECIFIED.);
#63=B_SPLINE_CURVE_WITH_KNOTS('',3,(#13083,#13084,#13085,#13086,#13087,
#13088,#13089,#13090,#13091,#13092,#13093,#13094,#13095,#13096),
 .UNSPECIFIED.,.F.,.F.,(4,2,2,2,2,2,4),(0.,0.00129428291671727,0.00506528354316497,
0.00927152118043665,0.014043839594369,0.0171801538585479,0.0201036284165545),
 .UNSPECIFIED.);
#64=B_SPLINE_CURVE_WITH_KNOTS('',3,(#13100,#13101,#13102,#13103,#13104,
#13105,#13106,#13107,#13108,#13109,#13110,#13111),.UNSPECIFIED.,.F.,.F.,
(4,2,2,2,2,4),(0.,0.00594031862266663,0.010315618961663,0.0152747134050625,
0.0186840238933706,0.02011844571519),.UNSPECIFIED.);
#65=B_SPLINE_CURVE_WITH_KNOTS('',3,(#13113,#13114,#13115,#13116,#13117,
#13118,#13119,#13120),.UNSPECIFIED.,.F.,.F.,(4,2,2,4),(0.463426116862573,
0.477254106393583,0.503188948754289,0.508884479862758),.UNSPECIFIED.);
#66=B_SPLINE_CURVE_WITH_KNOTS('',3,(#13122,#13123,#13124,#13125,#13126,
#13127,#13128,#13129,#13130,#13131,#13132,#13133,#13134,#13135,#13136,#13137,
#13138,#13139),.UNSPECIFIED.,.F.,.F.,(4,2,2,2,2,2,2,2,4),(0.024486531352109,
0.0245994238484605,0.0254873051101643,0.026577825250919,0.0286652574999518,
0.0337184031122064,0.0444841030129212,0.0617495519058112,0.0618906780104525),
 .UNSPECIFIED.);
#67=B_SPLINE_CURVE_WITH_KNOTS('',3,(#13143,#13144,#13145,#13146,#13147,
#13148,#13149,#13150,#13151,#13152,#13153,#13154,#13155,#13156,#13157,#13158,
#13159,#13160),.UNSPECIFIED.,.F.,.F.,(4,2,2,2,2,2,2,2,4),(-0.000208323853800763,
0.,0.0254864700879911,0.0413783020318488,0.0488375227886177,0.0519188941810532,
0.05352866980794,0.0548393192484315,0.0550059627551131),.UNSPECIFIED.);
#68=B_SPLINE_CURVE_WITH_KNOTS('',3,(#13161,#13162,#13163,#13164,#13165,
#13166,#13167,#13168),.UNSPECIFIED.,.F.,.F.,(4,2,2,4),(0.231133655086403,
0.236845788387627,0.262772264869731,0.276592025421219),.UNSPECIFIED.);
#69=B_SPLINE_CURVE_WITH_KNOTS('',3,(#13196,#13197,#13198,#13199,#13200,
#13201,#13202,#13203,#13204,#13205,#13206,#13207,#13208,#13209),
 .UNSPECIFIED.,.F.,.F.,(4,2,2,2,2,2,4),(0.,0.00129428268721573,0.00506529079982336,
0.00927153009938949,0.0140438499807207,0.0171801567762435,0.0201036252840901),
 .UNSPECIFIED.);
#70=B_SPLINE_CURVE_WITH_KNOTS('',3,(#13213,#13214,#13215,#13216,#13217,
#13218,#13219,#13220,#13221,#13222,#13223,#13224),.UNSPECIFIED.,.F.,.F.,
(4,2,2,2,2,4),(0.,0.0059403186226659,0.0103156207427405,0.0152747184880534,
0.0186840211587906,0.020118442559802),.UNSPECIFIED.);
#71=B_SPLINE_CURVE_WITH_KNOTS('',3,(#13226,#13227,#13228,#13229,#13230,
#13231,#13232,#13233),.UNSPECIFIED.,.F.,.F.,(4,2,2,4),(0.463426022245356,
0.477254014928427,0.503188857412309,0.508884385389856),.UNSPECIFIED.);
#72=B_SPLINE_CURVE_WITH_KNOTS('',3,(#13235,#13236,#13237,#13238,#13239,
#13240,#13241,#13242,#13243,#13244,#13245,#13246,#13247,#13248,#13249,#13250,
#13251,#13252),.UNSPECIFIED.,.F.,.F.,(4,2,2,2,2,2,2,2,4),(0.0244865302729436,
0.0245994249577491,0.0254873063879805,0.0265778267339369,0.0286652593712196,
0.033718406043741,0.0444841070373801,0.0617495528838004,0.061890679018208),
 .UNSPECIFIED.);
#73=B_SPLINE_CURVE_WITH_KNOTS('',3,(#13256,#13257,#13258,#13259,#13260,
#13261,#13262,#13263,#13264,#13265,#13266,#13267,#13268,#13269,#13270,#13271,
#13272,#13273),.UNSPECIFIED.,.F.,.F.,(4,2,2,2,2,2,2,2,4),(-0.000208323896016745,
0.,0.0254864653735443,0.0413782987905054,0.0488375210465751,0.0519188929849326,
0.05352866890053,0.0548393185782269,0.0550059653139328),.UNSPECIFIED.);
#74=B_SPLINE_CURVE_WITH_KNOTS('',3,(#13274,#13275,#13276,#13277,#13278,
#13279,#13280,#13281),.UNSPECIFIED.,.F.,.F.,(4,2,2,4),(0.231133476453008,
0.236829007561477,0.262763849922183,0.276591839453193),.UNSPECIFIED.);
#75=B_SPLINE_CURVE_WITH_KNOTS('',3,(#13309,#13310,#13311,#13312,#13313,
#13314,#13315,#13316,#13317,#13318,#13319,#13320,#13321,#13322),
 .UNSPECIFIED.,.F.,.F.,(4,2,2,2,2,2,4),(0.,0.00129428245772883,0.00506529805653833,
0.00927153901840246,0.0140438603671356,0.0171801596939595,0.0201036221516026),
 .UNSPECIFIED.);
#76=B_SPLINE_CURVE_WITH_KNOTS('',3,(#13326,#13327,#13328,#13329,#13330,
#13331,#13332,#13333,#13334,#13335,#13336,#13337),.UNSPECIFIED.,.F.,.F.,
(4,2,2,2,2,4),(0.,0.0059403186226673,0.0103156189616626,0.0152747134050612,
0.0186840238933689,0.0201184457151875),.UNSPECIFIED.);
#77=B_SPLINE_CURVE_WITH_KNOTS('',3,(#13339,#13340,#13341,#13342,#13343,
#13344,#13345,#13346),.UNSPECIFIED.,.F.,.F.,(4,2,2,4),(0.463426116862573,
0.477254106393583,0.503188948754289,0.508884479862759),.UNSPECIFIED.);
#78=B_SPLINE_CURVE_WITH_KNOTS('',3,(#13348,#13349,#13350,#13351,#13352,
#13353,#13354,#13355,#13356,#13357,#13358,#13359,#13360,#13361,#13362,#13363,
#13364,#13365),.UNSPECIFIED.,.F.,.F.,(4,2,2,2,2,2,2,2,4),(0.0244865313520229,
0.0245994238483734,0.025487305110071,0.0265778252508181,0.0286652574998354,
0.033718403112051,0.0444841030126865,0.0617495519011381,0.0618906780057035),
 .UNSPECIFIED.);
#79=B_SPLINE_CURVE_WITH_KNOTS('',3,(#13369,#13370,#13371,#13372,#13373,
#13374,#13375,#13376,#13377,#13378,#13379,#13380,#13381,#13382,#13383,#13384,
#13385,#13386),.UNSPECIFIED.,.F.,.F.,(4,2,2,2,2,2,2,2,4),(-0.000208323938281671,
0.,0.0254864606660664,0.0413782955649258,0.0488375193244263,0.0519188918104105,
0.0535286680156162,0.0548393179312445,0.0550059678960666),.UNSPECIFIED.);
#80=B_SPLINE_CURVE_WITH_KNOTS('',3,(#13387,#13388,#13389,#13390,#13391,
#13392,#13393,#13394),.UNSPECIFIED.,.F.,.F.,(4,2,2,4),(0.231133449052743,
0.23682897703029,0.262763819514172,0.276591812197243),.UNSPECIFIED.);
#81=B_SPLINE_CURVE_WITH_KNOTS('',3,(#13422,#13423,#13424,#13425,#13426,
#13427,#13428,#13429,#13430,#13431,#13432,#13433,#13434,#13435),
 .UNSPECIFIED.,.F.,.F.,(4,2,2,2,2,2,4),(0.,0.0012942826872159,0.00506529079982437,
0.00927153009939135,0.0140438499807225,0.0171801567762461,0.0201036252840945),
 .UNSPECIFIED.);
#82=B_SPLINE_CURVE_WITH_KNOTS('',3,(#13439,#13440,#13441,#13442,#13443,
#13444,#13445,#13446,#13447,#13448,#13449,#13450),.UNSPECIFIED.,.F.,.F.,
(4,2,2,2,2,4),(0.,0.00594031862266708,0.0103156171805826,0.0152747083220684,
0.0186840266279623,0.0201184488705812),.UNSPECIFIED.);
#83=B_SPLINE_CURVE_WITH_KNOTS('',3,(#13452,#13453,#13454,#13455,#13456,
#13457,#13458,#13459),.UNSPECIFIED.,.F.,.F.,(4,2,2,4),(0.463426211480031,
0.477254197858981,0.503189040096512,0.508884574335904),.UNSPECIFIED.);
#84=B_SPLINE_CURVE_WITH_KNOTS('',3,(#13461,#13462,#13463,#13464,#13465,
#13466,#13467,#13468,#13469,#13470,#13471,#13472,#13473,#13474,#13475,#13476,
#13477,#13478),.UNSPECIFIED.,.F.,.F.,(4,2,2,2,2,2,2,2,4),(0.0244865324312517,
0.0245994227391495,0.0254873038323311,0.0265778237678891,0.0286652556286877,
0.0337184001807047,0.0444840989885589,0.0617495509400132,0.0618906770150918),
 .UNSPECIFIED.);
#85=B_SPLINE_CURVE_WITH_KNOTS('',3,(#13482,#13483,#13484,#13485,#13486,
#13487,#13488,#13489,#13490,#13491,#13492,#13493,#13494,#13495,#13496,#13497,
#13498,#13499),.UNSPECIFIED.,.F.,.F.,(4,2,2,2,2,2,2,2,4),(-0.000208323896031869,
0.,0.0254864653797951,0.0413782988046489,0.0488375210644238,0.05191889300431,
0.0535286689207065,0.054839318599052,0.0550059653348403),.UNSPECIFIED.);
#86=B_SPLINE_CURVE_WITH_KNOTS('',3,(#13500,#13501,#13502,#13503,#13504,
#13505,#13506,#13507),.UNSPECIFIED.,.F.,.F.,(4,2,2,4),(0.231133476453007,
0.236829007561477,0.262763849922183,0.276591839453193),.UNSPECIFIED.);
#87=(
BOUNDED_SURFACE()
B_SPLINE_SURFACE(1,2,((#11205,#11206,#11207,#11208,#11209,#11210,#11211,
#11212,#11213),(#11214,#11215,#11216,#11217,#11218,#11219,#11220,#11221,
#11222)),.UNSPECIFIED.,.F.,.T.,.F.)
B_SPLINE_SURFACE_WITH_KNOTS((2,2),(3,2,2,2,3),(0.,0.185338359296818),(-3.14159265358979,
-1.5707963267949,0.,1.5707963267949,3.14159265358979),.UNSPECIFIED.)
GEOMETRIC_REPRESENTATION_ITEM()
RATIONAL_B_SPLINE_SURFACE(((1.,0.707106781186548,1.,0.707106781186548,1.,
0.707106781186548,1.,0.707106781186548,1.),(1.,0.707106781186548,1.,0.707106781186548,
1.,0.707106781186548,1.,0.707106781186548,1.)))
REPRESENTATION_ITEM('')
SURFACE()
);
#88=(
BOUNDED_SURFACE()
B_SPLINE_SURFACE(1,2,((#11228,#11229,#11230,#11231,#11232,#11233,#11234,
#11235,#11236),(#11237,#11238,#11239,#11240,#11241,#11242,#11243,#11244,
#11245)),.UNSPECIFIED.,.F.,.T.,.F.)
B_SPLINE_SURFACE_WITH_KNOTS((2,2),(3,2,2,2,3),(0.,0.113031465759495),(-3.14159265358979,
-1.5707963267949,0.,1.5707963267949,3.14159265358979),.UNSPECIFIED.)
GEOMETRIC_REPRESENTATION_ITEM()
RATIONAL_B_SPLINE_SURFACE(((1.,0.707106781186548,1.,0.707106781186548,1.,
0.707106781186548,1.,0.707106781186548,1.),(1.,0.707106781186548,1.,0.707106781186548,
1.,0.707106781186548,1.,0.707106781186548,1.)))
REPRESENTATION_ITEM('')
SURFACE()
);
#89=(
BOUNDED_SURFACE()
B_SPLINE_SURFACE(1,2,((#11550,#11551,#11552,#11553,#11554,#11555,#11556,
#11557,#11558),(#11559,#11560,#11561,#11562,#11563,#11564,#11565,#11566,
#11567)),.UNSPECIFIED.,.F.,.F.,.F.)
B_SPLINE_SURFACE_WITH_KNOTS((2,2),(3,2,2,2,3),(0.,0.153869419569971),(-3.48113029163575,
-2.21814863702809,-0.955166982420429,0.307814672187234,1.5707963267949),
 .UNSPECIFIED.)
GEOMETRIC_REPRESENTATION_ITEM()
RATIONAL_B_SPLINE_SURFACE(((1.,0.807148297599366,1.,0.807148297599366,1.,
0.807148297599366,1.,0.807148297599366,1.),(1.,0.807148297599366,1.,0.807148297599366,
1.,0.807148297599366,1.,0.807148297599366,1.)))
REPRESENTATION_ITEM('')
SURFACE()
);
#90=(
BOUNDED_SURFACE()
B_SPLINE_SURFACE(2,2,((#12624,#12625,#12626),(#12627,#12628,#12629),(#12630,
#12631,#12632)),.UNSPECIFIED.,.F.,.F.,.F.)
B_SPLINE_SURFACE_WITH_KNOTS((3,3),(3,3),(0.,1.5707963267949),(-1.53041284174281,
-0.0403836236227085),.UNSPECIFIED.)
GEOMETRIC_REPRESENTATION_ITEM()
RATIONAL_B_SPLINE_SURFACE(((1.,0.735077997772006,1.),(0.707106781186547,
0.519778636925615,0.707106781186547),(1.,0.735077997772006,1.)))
REPRESENTATION_ITEM('')
SURFACE()
);
#91=(
BOUNDED_SURFACE()
B_SPLINE_SURFACE(2,2,((#12735,#12736,#12737),(#12738,#12739,#12740),(#12741,
#12742,#12743)),.UNSPECIFIED.,.F.,.F.,.F.)
B_SPLINE_SURFACE_WITH_KNOTS((3,3),(3,3),(0.,1.5707963267949),(-3.10120902996708,
-1.61117981184698),.UNSPECIFIED.)
GEOMETRIC_REPRESENTATION_ITEM()
RATIONAL_B_SPLINE_SURFACE(((1.,0.735077997772006,1.),(0.707106781186547,
0.519778636925615,0.707106781186547),(1.,0.735077997772006,1.)))
REPRESENTATION_ITEM('')
SURFACE()
);
#92=(
BOUNDED_SURFACE()
B_SPLINE_SURFACE(2,2,((#12850,#12851,#12852),(#12853,#12854,#12855),(#12856,
#12857,#12858)),.UNSPECIFIED.,.F.,.F.,.F.)
B_SPLINE_SURFACE_WITH_KNOTS((3,3),(3,3),(0.,1.5707963267949),(1.61117981184698,
3.10120930710833),.UNSPECIFIED.)
GEOMETRIC_REPRESENTATION_ITEM()
RATIONAL_B_SPLINE_SURFACE(((1.,0.735077903823533,1.),(0.707106781186546,
0.519778570494012,0.707106781186546),(1.,0.735077903823533,1.)))
REPRESENTATION_ITEM('')
SURFACE()
);
#93=(
BOUNDED_SURFACE()
B_SPLINE_SURFACE(2,2,((#12961,#12962,#12963),(#12964,#12965,#12966),(#12967,
#12968,#12969)),.UNSPECIFIED.,.F.,.F.,.F.)
B_SPLINE_SURFACE_WITH_KNOTS((3,3),(3,3),(0.,1.5707963267949),(0.0403833464814596,
1.53041284174281),.UNSPECIFIED.)
GEOMETRIC_REPRESENTATION_ITEM()
RATIONAL_B_SPLINE_SURFACE(((1.,0.735077903823533,1.),(0.707106781186546,
0.519778570494012,0.707106781186546),(1.,0.735077903823533,1.)))
REPRESENTATION_ITEM('')
SURFACE()
);
#94=(
BOUNDED_SURFACE()
B_SPLINE_SURFACE(2,2,((#13072,#13073,#13074),(#13075,#13076,#13077),(#13078,
#13079,#13080)),.UNSPECIFIED.,.F.,.F.,.F.)
B_SPLINE_SURFACE_WITH_KNOTS((3,3),(3,3),(0.,1.5707963267949),(-1.53041284174281,
-0.0403833464814597),.UNSPECIFIED.)
GEOMETRIC_REPRESENTATION_ITEM()
RATIONAL_B_SPLINE_SURFACE(((1.,0.735077903823533,1.),(0.707106781186547,
0.519778570494013,0.707106781186547),(1.,0.735077903823533,1.)))
REPRESENTATION_ITEM('')
SURFACE()
);
#95=(
BOUNDED_SURFACE()
B_SPLINE_SURFACE(2,2,((#13185,#13186,#13187),(#13188,#13189,#13190),(#13191,
#13192,#13193)),.UNSPECIFIED.,.F.,.F.,.F.)
B_SPLINE_SURFACE_WITH_KNOTS((3,3),(3,3),(0.,1.5707963267949),(0.0403836236227087,
1.53041284174281),.UNSPECIFIED.)
GEOMETRIC_REPRESENTATION_ITEM()
RATIONAL_B_SPLINE_SURFACE(((1.,0.735077997772006,1.),(0.707106781186547,
0.519778636925615,0.707106781186547),(1.,0.735077997772006,1.)))
REPRESENTATION_ITEM('')
SURFACE()
);
#96=(
BOUNDED_SURFACE()
B_SPLINE_SURFACE(2,2,((#13298,#13299,#13300),(#13301,#13302,#13303),(#13304,
#13305,#13306)),.UNSPECIFIED.,.F.,.F.,.F.)
B_SPLINE_SURFACE_WITH_KNOTS((3,3),(3,3),(0.,1.5707963267949),(1.61117981184698,
3.10120902996708),.UNSPECIFIED.)
GEOMETRIC_REPRESENTATION_ITEM()
RATIONAL_B_SPLINE_SURFACE(((1.,0.735077997772006,1.),(0.707106781186547,
0.519778636925615,0.707106781186547),(1.,0.735077997772006,1.)))
REPRESENTATION_ITEM('')
SURFACE()
);
#97=(
BOUNDED_SURFACE()
B_SPLINE_SURFACE(2,2,((#13411,#13412,#13413),(#13414,#13415,#13416),(#13417,
#13418,#13419)),.UNSPECIFIED.,.F.,.F.,.F.)
B_SPLINE_SURFACE_WITH_KNOTS((3,3),(3,3),(0.,1.5707963267949),(-3.10120930710833,
-1.61117981184698),.UNSPECIFIED.)
GEOMETRIC_REPRESENTATION_ITEM()
RATIONAL_B_SPLINE_SURFACE(((1.,0.735077903823533,1.),(0.707106781186546,
0.519778570494012,0.707106781186546),(1.,0.735077903823533,1.)))
REPRESENTATION_ITEM('')
SURFACE()
);
#98=(
BOUNDED_SURFACE()
B_SPLINE_SURFACE(5,1,((#13714,#13715),(#13716,#13717),(#13718,#13719),(#13720,
#13721),(#13722,#13723),(#13724,#13725),(#13726,#13727),(#13728,#13729),
(#13730,#13731),(#13732,#13733),(#13734,#13735),(#13736,#13737),(#13738,
#13739),(#13740,#13741),(#13742,#13743)),.UNSPECIFIED.,.F.,.F.,.F.)
B_SPLINE_SURFACE_WITH_KNOTS((6,1,1,1,1,1,1,1,1,1,6),(2,2),(0.,0.1,0.2,0.3,
0.4,0.5,0.6,0.7,0.8,0.9,1.),(0.,0.47),.UNSPECIFIED.)
GEOMETRIC_REPRESENTATION_ITEM()
RATIONAL_B_SPLINE_SURFACE(((1.,1.),(1.,1.),(1.,1.),(1.,1.),(1.,1.),(1.,
1.),(1.,1.),(1.,1.),(1.,1.),(1.,1.),(1.,1.),(1.,1.),(1.,1.),(1.,1.),(1.,
1.)))
REPRESENTATION_ITEM('')
SURFACE()
);
#99=(
BOUNDED_SURFACE()
B_SPLINE_SURFACE(5,1,((#13769,#13770),(#13771,#13772),(#13773,#13774),(#13775,
#13776),(#13777,#13778),(#13779,#13780),(#13781,#13782),(#13783,#13784),
(#13785,#13786),(#13787,#13788),(#13789,#13790),(#13791,#13792),(#13793,
#13794),(#13795,#13796),(#13797,#13798)),.UNSPECIFIED.,.F.,.F.,.F.)
B_SPLINE_SURFACE_WITH_KNOTS((6,1,1,1,1,1,1,1,1,1,6),(2,2),(0.,0.1,0.2,0.3,
0.4,0.5,0.6,0.7,0.8,0.9,1.),(0.,0.47),.UNSPECIFIED.)
GEOMETRIC_REPRESENTATION_ITEM()
RATIONAL_B_SPLINE_SURFACE(((1.,1.),(1.,1.),(1.,1.),(1.,1.),(1.,1.),(1.,
1.),(1.,1.),(1.,1.),(1.,1.),(1.,1.),(1.,1.),(1.,1.),(1.,1.),(1.,1.),(1.,
1.)))
REPRESENTATION_ITEM('')
SURFACE()
);
#100=SHAPE_REPRESENTATION_RELATIONSHIP('SRR','None',#14146,#103);
#101=SHAPE_REPRESENTATION_RELATIONSHIP('SRR','None',#14147,#104);
#102=SHAPE_REPRESENTATION_RELATIONSHIP('SRR','None',#14145,#105);
#103=ADVANCED_BREP_SHAPE_REPRESENTATION('',(#207),#14130);
#104=ADVANCED_BREP_SHAPE_REPRESENTATION('',(#208),#14131);
#105=ADVANCED_BREP_SHAPE_REPRESENTATION('',(#209),#14129);
#106=STYLED_ITEM('',(#14164),#207);
#107=STYLED_ITEM('',(#14164),#208);
#108=STYLED_ITEM('',(#14166),#7868);
#109=STYLED_ITEM('',(#14166),#7869);
#110=STYLED_ITEM('',(#14166),#7870);
#111=STYLED_ITEM('',(#14166),#7871);
#112=STYLED_ITEM('',(#14166),#7872);
#113=STYLED_ITEM('',(#14166),#7873);
#114=STYLED_ITEM('',(#14166),#7874);
#115=STYLED_ITEM('',(#14166),#7875);
#116=STYLED_ITEM('',(#14166),#7876);
#117=STYLED_ITEM('',(#14166),#7877);
#118=STYLED_ITEM('',(#14166),#7878);
#119=STYLED_ITEM('',(#14166),#7879);
#120=STYLED_ITEM('',(#14166),#7880);
#121=STYLED_ITEM('',(#14166),#7881);
#122=STYLED_ITEM('',(#14166),#7882);
#123=STYLED_ITEM('',(#14166),#7883);
#124=STYLED_ITEM('',(#14166),#7884);
#125=STYLED_ITEM('',(#14166),#7885);
#126=STYLED_ITEM('',(#14166),#7886);
#127=STYLED_ITEM('',(#14166),#7888);
#128=STYLED_ITEM('',(#14166),#7889);
#129=STYLED_ITEM('',(#14166),#7890);
#130=STYLED_ITEM('',(#14166),#7891);
#131=STYLED_ITEM('',(#14166),#7892);
#132=STYLED_ITEM('',(#14166),#7893);
#133=STYLED_ITEM('',(#14166),#7894);
#134=STYLED_ITEM('',(#14166),#7895);
#135=STYLED_ITEM('',(#14166),#7896);
#136=STYLED_ITEM('',(#14166),#7897);
#137=STYLED_ITEM('',(#14166),#7898);
#138=STYLED_ITEM('',(#14166),#7899);
#139=STYLED_ITEM('',(#14166),#7900);
#140=STYLED_ITEM('',(#14166),#7901);
#141=STYLED_ITEM('',(#14166),#7902);
#142=STYLED_ITEM('',(#14166),#7903);
#143=STYLED_ITEM('',(#14166),#7904);
#144=STYLED_ITEM('',(#14166),#7905);
#145=STYLED_ITEM('',(#14166),#7906);
#146=STYLED_ITEM('',(#14166),#7907);
#147=STYLED_ITEM('',(#14166),#7908);
#148=STYLED_ITEM('',(#14166),#7909);
#149=STYLED_ITEM('',(#14166),#7910);
#150=STYLED_ITEM('',(#14166),#7911);
#151=STYLED_ITEM('',(#14166),#7912);
#152=STYLED_ITEM('',(#14166),#7913);
#153=STYLED_ITEM('',(#14166),#7914);
#154=STYLED_ITEM('',(#14166),#7915);
#155=STYLED_ITEM('',(#14166),#7916);
#156=STYLED_ITEM('',(#14166),#7917);
#157=STYLED_ITEM('',(#14166),#7918);
#158=STYLED_ITEM('',(#14166),#7919);
#159=STYLED_ITEM('',(#14166),#7920);
#160=STYLED_ITEM('',(#14166),#7921);
#161=STYLED_ITEM('',(#14166),#7922);
#162=STYLED_ITEM('',(#14166),#7923);
#163=STYLED_ITEM('',(#14166),#7924);
#164=STYLED_ITEM('',(#14166),#7925);
#165=STYLED_ITEM('',(#14166),#7926);
#166=STYLED_ITEM('',(#14166),#7929);
#167=STYLED_ITEM('',(#14166),#7930);
#168=STYLED_ITEM('',(#14166),#7931);
#169=STYLED_ITEM('',(#14166),#7932);
#170=STYLED_ITEM('',(#14166),#7933);
#171=STYLED_ITEM('',(#14166),#7934);
#172=STYLED_ITEM('',(#14166),#7935);
#173=STYLED_ITEM('',(#14166),#7936);
#174=STYLED_ITEM('',(#14166),#7937);
#175=STYLED_ITEM('',(#14166),#7938);
#176=STYLED_ITEM('',(#14166),#7939);
#177=STYLED_ITEM('',(#14166),#7940);
#178=STYLED_ITEM('',(#14166),#7941);
#179=STYLED_ITEM('',(#14166),#7942);
#180=STYLED_ITEM('',(#14166),#7943);
#181=STYLED_ITEM('',(#14166),#7944);
#182=STYLED_ITEM('',(#14166),#7945);
#183=STYLED_ITEM('',(#14166),#7946);
#184=STYLED_ITEM('',(#14166),#7947);
#185=STYLED_ITEM('',(#14166),#7948);
#186=STYLED_ITEM('',(#14166),#7949);
#187=STYLED_ITEM('',(#14166),#7950);
#188=STYLED_ITEM('',(#14166),#7951);
#189=STYLED_ITEM('',(#14166),#7952);
#190=STYLED_ITEM('',(#14166),#7953);
#191=STYLED_ITEM('',(#14166),#7954);
#192=STYLED_ITEM('',(#14166),#7955);
#193=STYLED_ITEM('',(#14166),#7956);
#194=STYLED_ITEM('',(#14166),#7957);
#195=STYLED_ITEM('',(#14166),#7958);
#196=STYLED_ITEM('',(#14166),#7959);
#197=STYLED_ITEM('',(#14166),#7960);
#198=STYLED_ITEM('',(#14166),#7961);
#199=STYLED_ITEM('',(#14166),#7962);
#200=STYLED_ITEM('',(#14166),#7963);
#201=STYLED_ITEM('',(#14166),#7964);
#202=STYLED_ITEM('',(#14166),#7965);
#203=STYLED_ITEM('',(#14166),#7966);
#204=STYLED_ITEM('',(#14166),#7967);
#205=STYLED_ITEM('',(#14166),#7969);
#206=STYLED_ITEM('',(#14165),#209);
#207=MANIFOLD_SOLID_BREP('Body1',#8039);
#208=MANIFOLD_SOLID_BREP('Body1',#8040);
#209=MANIFOLD_SOLID_BREP('Body2',#8041);
#210=ELLIPSE('',#8081,0.0285317814700115,0.025);
#211=ELLIPSE('',#8082,0.0285317807960575,0.025);
#212=ELLIPSE('',#8084,0.0290430889288958,0.025);
#213=ELLIPSE('',#8086,0.029043089530244,0.025);
#214=ELLIPSE('',#8088,0.0285317805262837,0.025);
#215=ELLIPSE('',#8090,0.0285317798999365,0.025);
#216=ELLIPSE('',#8097,0.0285317807960572,0.025);
#217=ELLIPSE('',#8098,0.0290430889288952,0.025);
#218=ELLIPSE('',#8100,0.0290430887739868,0.025);
#219=ELLIPSE('',#8102,0.0290430896330567,0.025);
#220=ELLIPSE('',#8104,0.0285317805262837,0.025);
#221=ELLIPSE('',#8105,0.0290430895302445,0.025);
#222=ELLIPSE('',#8124,0.0285317814700115,0.025);
#223=ELLIPSE('',#8125,0.0285317807960575,0.025);
#224=ELLIPSE('',#8127,0.0290430889288958,0.025);
#225=ELLIPSE('',#8129,0.029043089530244,0.025);
#226=ELLIPSE('',#8131,0.0285317805262837,0.025);
#227=ELLIPSE('',#8133,0.0285317798999365,0.025);
#228=ELLIPSE('',#8140,0.0285317807960572,0.025);
#229=ELLIPSE('',#8141,0.0290430889288952,0.025);
#230=ELLIPSE('',#8143,0.0290430887739868,0.025);
#231=ELLIPSE('',#8145,0.0290430896330567,0.025);
#232=ELLIPSE('',#8147,0.0285317805262837,0.025);
#233=ELLIPSE('',#8148,0.0290430895302445,0.025);
#234=ELLIPSE('',#8184,0.53955371343204,0.252011577328325);
#235=ELLIPSE('',#8185,0.53955371343204,0.252011577328325);
#236=ELLIPSE('',#8186,0.88470939775989,0.67330135509923);
#237=ELLIPSE('',#8187,0.88470939775989,0.67330135509923);
#238=ELLIPSE('',#8191,0.64990171717991,0.579356047279774);
#239=ELLIPSE('',#8235,0.64990171717991,0.579356047279774);
#240=FACE_BOUND('',#2818,.T.);
#241=FACE_BOUND('',#2821,.T.);
#242=FACE_BOUND('',#2842,.T.);
#243=FACE_BOUND('',#2845,.T.);
#244=FACE_BOUND('',#2898,.T.);
#245=FACE_BOUND('',#2900,.T.);
#246=FACE_BOUND('',#2901,.T.);
#247=FACE_BOUND('',#2902,.T.);
#248=FACE_BOUND('',#2903,.T.);
#249=FACE_BOUND('',#2904,.T.);
#250=FACE_BOUND('',#2905,.T.);
#251=FACE_BOUND('',#2906,.T.);
#252=FACE_BOUND('',#2907,.T.);
#253=FACE_BOUND('',#2952,.T.);
#254=FACE_BOUND('',#3108,.T.);
#255=FACE_BOUND('',#3109,.T.);
#256=FACE_BOUND('',#3149,.T.);
#257=FACE_BOUND('',#3150,.T.);
#258=FACE_BOUND('',#3151,.T.);
#259=FACE_BOUND('',#3152,.T.);
#260=FACE_BOUND('',#3156,.T.);
#261=FACE_BOUND('',#3157,.T.);
#262=FACE_BOUND('',#3158,.T.);
#263=FACE_BOUND('',#3159,.T.);
#264=FACE_BOUND('',#3199,.T.);
#265=FACE_BOUND('',#3200,.T.);
#266=FACE_BOUND('',#3215,.T.);
#267=FACE_BOUND('',#3217,.T.);
#268=FACE_BOUND('',#3239,.T.);
#269=FACE_BOUND('',#3241,.T.);
#270=FACE_BOUND('',#3242,.T.);
#271=FACE_BOUND('',#3243,.T.);
#272=FACE_BOUND('',#3251,.T.);
#273=FACE_BOUND('',#3259,.T.);
#274=FACE_BOUND('',#3277,.T.);
#275=FACE_BOUND('',#3278,.T.);
#276=FACE_BOUND('',#3279,.T.);
#277=FACE_BOUND('',#3280,.T.);
#278=FACE_BOUND('',#3281,.T.);
#279=FACE_BOUND('',#3282,.T.);
#280=FACE_BOUND('',#3283,.T.);
#281=FACE_BOUND('',#3284,.T.);
#282=FACE_BOUND('',#3285,.T.);
#283=FACE_BOUND('',#3286,.T.);
#284=FACE_BOUND('',#3287,.T.);
#285=FACE_BOUND('',#3288,.T.);
#286=FACE_BOUND('',#3289,.T.);
#287=FACE_BOUND('',#3290,.T.);
#288=FACE_BOUND('',#3291,.T.);
#289=FACE_BOUND('',#3294,.T.);
#290=PLANE('',#8075);
#291=PLANE('',#8079);
#292=PLANE('',#8091);
#293=PLANE('',#8092);
#294=PLANE('',#8093);
#295=PLANE('',#8094);
#296=PLANE('',#8095);
#297=PLANE('',#8108);
#298=PLANE('',#8118);
#299=PLANE('',#8122);
#300=PLANE('',#8134);
#301=PLANE('',#8135);
#302=PLANE('',#8136);
#303=PLANE('',#8137);
#304=PLANE('',#8138);
#305=PLANE('',#8151);
#306=PLANE('',#8152);
#307=PLANE('',#8153);
#308=PLANE('',#8154);
#309=PLANE('',#8155);
#310=PLANE('',#8156);
#311=PLANE('',#8157);
#312=PLANE('',#8158);
#313=PLANE('',#8159);
#314=PLANE('',#8160);
#315=PLANE('',#8161);
#316=PLANE('',#8162);
#317=PLANE('',#8163);
#318=PLANE('',#8164);
#319=PLANE('',#8165);
#320=PLANE('',#8166);
#321=PLANE('',#8167);
#322=PLANE('',#8168);
#323=PLANE('',#8169);
#324=PLANE('',#8170);
#325=PLANE('',#8171);
#326=PLANE('',#8172);
#327=PLANE('',#8173);
#328=PLANE('',#8174);
#329=PLANE('',#8175);
#330=PLANE('',#8176);
#331=PLANE('',#8177);
#332=PLANE('',#8178);
#333=PLANE('',#8179);
#334=PLANE('',#8180);
#335=PLANE('',#8181);
#336=PLANE('',#8182);
#337=PLANE('',#8183);
#338=PLANE('',#8188);
#339=PLANE('',#8189);
#340=PLANE('',#8193);
#341=PLANE('',#8194);
#342=PLANE('',#8195);
#343=PLANE('',#8196);
#344=PLANE('',#8197);
#345=PLANE('',#8198);
#346=PLANE('',#8199);
#347=PLANE('',#8200);
#348=PLANE('',#8201);
#349=PLANE('',#8202);
#350=PLANE('',#8203);
#351=PLANE('',#8204);
#352=PLANE('',#8205);
#353=PLANE('',#8206);
#354=PLANE('',#8207);
#355=PLANE('',#8208);
#356=PLANE('',#8209);
#357=PLANE('',#8210);
#358=PLANE('',#8211);
#359=PLANE('',#8212);
#360=PLANE('',#8213);
#361=PLANE('',#8214);
#362=PLANE('',#8215);
#363=PLANE('',#8216);
#364=PLANE('',#8217);
#365=PLANE('',#8218);
#366=PLANE('',#8219);
#367=PLANE('',#8220);
#368=PLANE('',#8221);
#369=PLANE('',#8222);
#370=PLANE('',#8223);
#371=PLANE('',#8224);
#372=PLANE('',#8225);
#373=PLANE('',#8226);
#374=PLANE('',#8230);
#375=PLANE('',#8231);
#376=PLANE('',#8234);
#377=PLANE('',#8236);
#378=PLANE('',#8239);
#379=PLANE('',#8240);
#380=PLANE('',#8241);
#381=PLANE('',#8242);
#382=PLANE('',#8243);
#383=PLANE('',#8244);
#384=PLANE('',#8245);
#385=PLANE('',#8246);
#386=PLANE('',#8247);
#387=PLANE('',#8248);
#388=PLANE('',#8249);
#389=PLANE('',#8250);
#390=PLANE('',#8251);
#391=PLANE('',#8252);
#392=PLANE('',#8253);
#393=PLANE('',#8254);
#394=PLANE('',#8255);
#395=PLANE('',#8256);
#396=PLANE('',#8257);
#397=PLANE('',#8258);
#398=PLANE('',#8259);
#399=PLANE('',#8260);
#400=PLANE('',#8261);
#401=PLANE('',#8262);
#402=PLANE('',#8263);
#403=PLANE('',#8264);
#404=PLANE('',#8265);
#405=PLANE('',#8266);
#406=PLANE('',#8267);
#407=PLANE('',#8268);
#408=PLANE('',#8269);
#409=PLANE('',#8270);
#410=PLANE('',#8271);
#411=PLANE('',#8272);
#412=PLANE('',#8273);
#413=PLANE('',#8274);
#414=PLANE('',#8275);
#415=PLANE('',#8276);
#416=PLANE('',#8277);
#417=PLANE('',#8278);
#418=PLANE('',#8279);
#419=PLANE('',#8280);
#420=PLANE('',#8284);
#421=PLANE('',#8285);
#422=PLANE('',#8286);
#423=PLANE('',#8287);
#424=PLANE('',#8288);
#425=PLANE('',#8292);
#426=PLANE('',#8296);
#427=PLANE('',#8297);
#428=PLANE('',#8298);
#429=PLANE('',#8299);
#430=PLANE('',#8300);
#431=PLANE('',#8301);
#432=PLANE('',#8302);
#433=PLANE('',#8306);
#434=PLANE('',#8310);
#435=PLANE('',#8311);
#436=PLANE('',#8312);
#437=PLANE('',#8313);
#438=PLANE('',#8314);
#439=PLANE('',#8318);
#440=PLANE('',#8322);
#441=PLANE('',#8326);
#442=PLANE('',#8327);
#443=PLANE('',#8328);
#444=PLANE('',#8329);
#445=PLANE('',#8330);
#446=PLANE('',#8334);
#447=PLANE('',#8335);
#448=PLANE('',#8336);
#449=PLANE('',#8337);
#450=PLANE('',#8338);
#451=PLANE('',#8342);
#452=PLANE('',#8343);
#453=PLANE('',#8344);
#454=PLANE('',#8345);
#455=PLANE('',#8346);
#456=PLANE('',#8347);
#457=PLANE('',#8348);
#458=PLANE('',#8349);
#459=PLANE('',#8350);
#460=PLANE('',#8351);
#461=PLANE('',#8352);
#462=PLANE('',#8353);
#463=PLANE('',#8354);
#464=PLANE('',#8355);
#465=PLANE('',#8356);
#466=PLANE('',#8366);
#467=PLANE('',#8367);
#468=PLANE('',#8368);
#469=PLANE('',#8372);
#470=PLANE('',#8376);
#471=PLANE('',#8377);
#472=PLANE('',#8378);
#473=PLANE('',#8379);
#474=PLANE('',#8383);
#475=PLANE('',#8387);
#476=PLANE('',#8388);
#477=PLANE('',#8389);
#478=PLANE('',#8393);
#479=PLANE('',#8397);
#480=PLANE('',#8398);
#481=PLANE('',#8399);
#482=PLANE('',#8400);
#483=PLANE('',#8401);
#484=PLANE('',#8402);
#485=PLANE('',#8403);
#486=PLANE('',#8404);
#487=PLANE('',#8405);
#488=PLANE('',#8409);
#489=PLANE('',#8410);
#490=PLANE('',#8411);
#491=PLANE('',#8412);
#492=PLANE('',#8413);
#493=PLANE('',#8417);
#494=PLANE('',#8419);
#495=PLANE('',#8425);
#496=PLANE('',#8427);
#497=PLANE('',#8431);
#498=PLANE('',#8433);
#499=PLANE('',#8441);
#500=PLANE('',#8448);
#501=PLANE('',#8449);
#502=PLANE('',#8452);
#503=PLANE('',#8455);
#504=PLANE('',#8460);
#505=PLANE('',#8469);
#506=PLANE('',#8476);
#507=PLANE('',#8483);
#508=PLANE('',#8488);
#509=PLANE('',#8495);
#510=PLANE('',#8502);
#511=PLANE('',#8513);
#512=PLANE('',#8523);
#513=PLANE('',#8546);
#514=PLANE('',#8564);
#515=PLANE('',#8569);
#516=PLANE('',#8572);
#517=PLANE('',#8577);
#518=PLANE('',#8583);
#519=PLANE('',#8586);
#520=PLANE('',#8593);
#521=PLANE('',#8598);
#522=PLANE('',#8600);
#523=PLANE('',#8603);
#524=PLANE('',#8604);
#525=PLANE('',#8605);
#526=PLANE('',#8606);
#527=PLANE('',#8607);
#528=PLANE('',#8611);
#529=PLANE('',#8618);
#530=PLANE('',#8622);
#531=PLANE('',#8623);
#532=PLANE('',#8628);
#533=PLANE('',#8631);
#534=PLANE('',#8632);
#535=PLANE('',#8633);
#536=PLANE('',#8634);
#537=PLANE('',#8635);
#538=PLANE('',#8636);
#539=PLANE('',#8637);
#540=PLANE('',#8638);
#541=PLANE('',#8639);
#542=PLANE('',#8640);
#543=PLANE('',#8644);
#544=PLANE('',#8648);
#545=PLANE('',#8652);
#546=PLANE('',#8656);
#547=PLANE('',#8657);
#548=PLANE('',#8664);
#549=PLANE('',#8665);
#550=PLANE('',#8666);
#551=PLANE('',#8667);
#552=PLANE('',#8668);
#553=PLANE('',#8669);
#554=PLANE('',#8670);
#555=PLANE('',#8672);
#556=PLANE('',#8673);
#557=PLANE('',#8674);
#558=PLANE('',#8675);
#559=PLANE('',#8676);
#560=PLANE('',#8677);
#561=PLANE('',#8678);
#562=PLANE('',#8680);
#563=PLANE('',#8681);
#564=PLANE('',#8682);
#565=PLANE('',#8683);
#566=PLANE('',#8684);
#567=PLANE('',#8685);
#568=PLANE('',#8686);
#569=PLANE('',#8687);
#570=PLANE('',#8690);
#571=PLANE('',#8692);
#572=PLANE('',#8695);
#573=PLANE('',#8698);
#574=PLANE('',#8700);
#575=LINE('',#10835,#1417);
#576=LINE('',#10840,#1418);
#577=LINE('',#10842,#1419);
#578=LINE('',#10844,#1420);
#579=LINE('',#10846,#1421);
#580=LINE('',#10848,#1422);
#581=LINE('',#10849,#1423);
#582=LINE('',#10857,#1424);
#583=LINE('',#10859,#1425);
#584=LINE('',#10861,#1426);
#585=LINE('',#10863,#1427);
#586=LINE('',#10865,#1428);
#587=LINE('',#10866,#1429);
#588=LINE('',#10870,#1430);
#589=LINE('',#10876,#1431);
#590=LINE('',#10880,#1432);
#591=LINE('',#10884,#1433);
#592=LINE('',#10888,#1434);
#593=LINE('',#10891,#1435);
#594=LINE('',#10893,#1436);
#595=LINE('',#10894,#1437);
#596=LINE('',#10897,#1438);
#597=LINE('',#10898,#1439);
#598=LINE('',#10901,#1440);
#599=LINE('',#10902,#1441);
#600=LINE('',#10905,#1442);
#601=LINE('',#10906,#1443);
#602=LINE('',#10909,#1444);
#603=LINE('',#10910,#1445);
#604=LINE('',#10918,#1446);
#605=LINE('',#10938,#1447);
#606=LINE('',#10943,#1448);
#607=LINE('',#10945,#1449);
#608=LINE('',#10947,#1450);
#609=LINE('',#10949,#1451);
#610=LINE('',#10951,#1452);
#611=LINE('',#10952,#1453);
#612=LINE('',#10960,#1454);
#613=LINE('',#10962,#1455);
#614=LINE('',#10964,#1456);
#615=LINE('',#10966,#1457);
#616=LINE('',#10968,#1458);
#617=LINE('',#10969,#1459);
#618=LINE('',#10973,#1460);
#619=LINE('',#10979,#1461);
#620=LINE('',#10983,#1462);
#621=LINE('',#10987,#1463);
#622=LINE('',#10991,#1464);
#623=LINE('',#10994,#1465);
#624=LINE('',#10996,#1466);
#625=LINE('',#10997,#1467);
#626=LINE('',#11000,#1468);
#627=LINE('',#11001,#1469);
#628=LINE('',#11004,#1470);
#629=LINE('',#11005,#1471);
#630=LINE('',#11008,#1472);
#631=LINE('',#11009,#1473);
#632=LINE('',#11012,#1474);
#633=LINE('',#11013,#1475);
#634=LINE('',#11021,#1476);
#635=LINE('',#11031,#1477);
#636=LINE('',#11033,#1478);
#637=LINE('',#11035,#1479);
#638=LINE('',#11036,#1480);
#639=LINE('',#11039,#1481);
#640=LINE('',#11041,#1482);
#641=LINE('',#11042,#1483);
#642=LINE('',#11045,#1484);
#643=LINE('',#11047,#1485);
#644=LINE('',#11048,#1486);
#645=LINE('',#11050,#1487);
#646=LINE('',#11051,#1488);
#647=LINE('',#11056,#1489);
#648=LINE('',#11058,#1490);
#649=LINE('',#11060,#1491);
#650=LINE('',#11061,#1492);
#651=LINE('',#11064,#1493);
#652=LINE('',#11066,#1494);
#653=LINE('',#11067,#1495);
#654=LINE('',#11070,#1496);
#655=LINE('',#11072,#1497);
#656=LINE('',#11073,#1498);
#657=LINE('',#11076,#1499);
#658=LINE('',#11078,#1500);
#659=LINE('',#11079,#1501);
#660=LINE('',#11082,#1502);
#661=LINE('',#11084,#1503);
#662=LINE('',#11085,#1504);
#663=LINE('',#11088,#1505);
#664=LINE('',#11090,#1506);
#665=LINE('',#11091,#1507);
#666=LINE('',#11094,#1508);
#667=LINE('',#11096,#1509);
#668=LINE('',#11097,#1510);
#669=LINE('',#11100,#1511);
#670=LINE('',#11102,#1512);
#671=LINE('',#11103,#1513);
#672=LINE('',#11106,#1514);
#673=LINE('',#11108,#1515);
#674=LINE('',#11109,#1516);
#675=LINE('',#11112,#1517);
#676=LINE('',#11114,#1518);
#677=LINE('',#11115,#1519);
#678=LINE('',#11118,#1520);
#679=LINE('',#11120,#1521);
#680=LINE('',#11121,#1522);
#681=LINE('',#11123,#1523);
#682=LINE('',#11124,#1524);
#683=LINE('',#11129,#1525);
#684=LINE('',#11131,#1526);
#685=LINE('',#11133,#1527);
#686=LINE('',#11134,#1528);
#687=LINE('',#11137,#1529);
#688=LINE('',#11139,#1530);
#689=LINE('',#11140,#1531);
#690=LINE('',#11143,#1532);
#691=LINE('',#11145,#1533);
#692=LINE('',#11146,#1534);
#693=LINE('',#11149,#1535);
#694=LINE('',#11151,#1536);
#695=LINE('',#11152,#1537);
#696=LINE('',#11155,#1538);
#697=LINE('',#11157,#1539);
#698=LINE('',#11158,#1540);
#699=LINE('',#11161,#1541);
#700=LINE('',#11163,#1542);
#701=LINE('',#11164,#1543);
#702=LINE('',#11167,#1544);
#703=LINE('',#11169,#1545);
#704=LINE('',#11170,#1546);
#705=LINE('',#11173,#1547);
#706=LINE('',#11175,#1548);
#707=LINE('',#11176,#1549);
#708=LINE('',#11179,#1550);
#709=LINE('',#11181,#1551);
#710=LINE('',#11182,#1552);
#711=LINE('',#11185,#1553);
#712=LINE('',#11187,#1554);
#713=LINE('',#11188,#1555);
#714=LINE('',#11191,#1556);
#715=LINE('',#11193,#1557);
#716=LINE('',#11194,#1558);
#717=LINE('',#11197,#1559);
#718=LINE('',#11199,#1560);
#719=LINE('',#11200,#1561);
#720=LINE('',#11202,#1562);
#721=LINE('',#11203,#1563);
#722=LINE('',#11226,#1564);
#723=LINE('',#11249,#1565);
#724=LINE('',#11255,#1566);
#725=LINE('',#11257,#1567);
#726=LINE('',#11259,#1568);
#727=LINE('',#11261,#1569);
#728=LINE('',#11263,#1570);
#729=LINE('',#11265,#1571);
#730=LINE('',#11267,#1572);
#731=LINE('',#11269,#1573);
#732=LINE('',#11271,#1574);
#733=LINE('',#11273,#1575);
#734=LINE('',#11275,#1576);
#735=LINE('',#11276,#1577);
#736=LINE('',#11279,#1578);
#737=LINE('',#11281,#1579);
#738=LINE('',#11285,#1580);
#739=LINE('',#11289,#1581);
#740=LINE('',#11292,#1582);
#741=LINE('',#11295,#1583);
#742=LINE('',#11297,#1584);
#743=LINE('',#11299,#1585);
#744=LINE('',#11301,#1586);
#745=LINE('',#11303,#1587);
#746=LINE('',#11305,#1588);
#747=LINE('',#11307,#1589);
#748=LINE('',#11308,#1590);
#749=LINE('',#11311,#1591);
#750=LINE('',#11313,#1592);
#751=LINE('',#11315,#1593);
#752=LINE('',#11317,#1594);
#753=LINE('',#11319,#1595);
#754=LINE('',#11321,#1596);
#755=LINE('',#11323,#1597);
#756=LINE('',#11325,#1598);
#757=LINE('',#11327,#1599);
#758=LINE('',#11329,#1600);
#759=LINE('',#11331,#1601);
#760=LINE('',#11333,#1602);
#761=LINE('',#11335,#1603);
#762=LINE('',#11336,#1604);
#763=LINE('',#11339,#1605);
#764=LINE('',#11341,#1606);
#765=LINE('',#11343,#1607);
#766=LINE('',#11344,#1608);
#767=LINE('',#11347,#1609);
#768=LINE('',#11349,#1610);
#769=LINE('',#11351,#1611);
#770=LINE('',#11353,#1612);
#771=LINE('',#11355,#1613);
#772=LINE('',#11357,#1614);
#773=LINE('',#11359,#1615);
#774=LINE('',#11361,#1616);
#775=LINE('',#11363,#1617);
#776=LINE('',#11365,#1618);
#777=LINE('',#11367,#1619);
#778=LINE('',#11368,#1620);
#779=LINE('',#11371,#1621);
#780=LINE('',#11373,#1622);
#781=LINE('',#11375,#1623);
#782=LINE('',#11377,#1624);
#783=LINE('',#11379,#1625);
#784=LINE('',#11381,#1626);
#785=LINE('',#11383,#1627);
#786=LINE('',#11385,#1628);
#787=LINE('',#11387,#1629);
#788=LINE('',#11389,#1630);
#789=LINE('',#11391,#1631);
#790=LINE('',#11393,#1632);
#791=LINE('',#11395,#1633);
#792=LINE('',#11397,#1634);
#793=LINE('',#11398,#1635);
#794=LINE('',#11401,#1636);
#795=LINE('',#11403,#1637);
#796=LINE('',#11404,#1638);
#797=LINE('',#11407,#1639);
#798=LINE('',#11408,#1640);
#799=LINE('',#11411,#1641);
#800=LINE('',#11412,#1642);
#801=LINE('',#11415,#1643);
#802=LINE('',#11416,#1644);
#803=LINE('',#11419,#1645);
#804=LINE('',#11420,#1646);
#805=LINE('',#11423,#1647);
#806=LINE('',#11424,#1648);
#807=LINE('',#11427,#1649);
#808=LINE('',#11428,#1650);
#809=LINE('',#11431,#1651);
#810=LINE('',#11432,#1652);
#811=LINE('',#11435,#1653);
#812=LINE('',#11436,#1654);
#813=LINE('',#11439,#1655);
#814=LINE('',#11440,#1656);
#815=LINE('',#11443,#1657);
#816=LINE('',#11444,#1658);
#817=LINE('',#11447,#1659);
#818=LINE('',#11448,#1660);
#819=LINE('',#11451,#1661);
#820=LINE('',#11452,#1662);
#821=LINE('',#11455,#1663);
#822=LINE('',#11456,#1664);
#823=LINE('',#11458,#1665);
#824=LINE('',#11462,#1666);
#825=LINE('',#11464,#1667);
#826=LINE('',#11465,#1668);
#827=LINE('',#11468,#1669);
#828=LINE('',#11469,#1670);
#829=LINE('',#11472,#1671);
#830=LINE('',#11473,#1672);
#831=LINE('',#11476,#1673);
#832=LINE('',#11477,#1674);
#833=LINE('',#11480,#1675);
#834=LINE('',#11481,#1676);
#835=LINE('',#11484,#1677);
#836=LINE('',#11485,#1678);
#837=LINE('',#11488,#1679);
#838=LINE('',#11489,#1680);
#839=LINE('',#11492,#1681);
#840=LINE('',#11493,#1682);
#841=LINE('',#11496,#1683);
#842=LINE('',#11497,#1684);
#843=LINE('',#11500,#1685);
#844=LINE('',#11501,#1686);
#845=LINE('',#11504,#1687);
#846=LINE('',#11505,#1688);
#847=LINE('',#11507,#1689);
#848=LINE('',#11511,#1690);
#849=LINE('',#11513,#1691);
#850=LINE('',#11514,#1692);
#851=LINE('',#11517,#1693);
#852=LINE('',#11518,#1694);
#853=LINE('',#11521,#1695);
#854=LINE('',#11522,#1696);
#855=LINE('',#11524,#1697);
#856=LINE('',#11530,#1698);
#857=LINE('',#11534,#1699);
#858=LINE('',#11536,#1700);
#859=LINE('',#11537,#1701);
#860=LINE('',#11540,#1702);
#861=LINE('',#11541,#1703);
#862=LINE('',#11545,#1704);
#863=LINE('',#11548,#1705);
#864=LINE('',#11549,#1706);
#865=LINE('',#11570,#1707);
#866=LINE('',#11573,#1708);
#867=LINE('',#11574,#1709);
#868=LINE('',#11578,#1710);
#869=LINE('',#11580,#1711);
#870=LINE('',#11585,#1712);
#871=LINE('',#11587,#1713);
#872=LINE('',#11588,#1714);
#873=LINE('',#11591,#1715);
#874=LINE('',#11592,#1716);
#875=LINE('',#11595,#1717);
#876=LINE('',#11596,#1718);
#877=LINE('',#11599,#1719);
#878=LINE('',#11600,#1720);
#879=LINE('',#11603,#1721);
#880=LINE('',#11604,#1722);
#881=LINE('',#11607,#1723);
#882=LINE('',#11608,#1724);
#883=LINE('',#11611,#1725);
#884=LINE('',#11612,#1726);
#885=LINE('',#11614,#1727);
#886=LINE('',#11618,#1728);
#887=LINE('',#11620,#1729);
#888=LINE('',#11621,#1730);
#889=LINE('',#11624,#1731);
#890=LINE('',#11625,#1732);
#891=LINE('',#11628,#1733);
#892=LINE('',#11629,#1734);
#893=LINE('',#11632,#1735);
#894=LINE('',#11633,#1736);
#895=LINE('',#11636,#1737);
#896=LINE('',#11637,#1738);
#897=LINE('',#11640,#1739);
#898=LINE('',#11641,#1740);
#899=LINE('',#11644,#1741);
#900=LINE('',#11645,#1742);
#901=LINE('',#11648,#1743);
#902=LINE('',#11649,#1744);
#903=LINE('',#11652,#1745);
#904=LINE('',#11653,#1746);
#905=LINE('',#11656,#1747);
#906=LINE('',#11657,#1748);
#907=LINE('',#11660,#1749);
#908=LINE('',#11661,#1750);
#909=LINE('',#11664,#1751);
#910=LINE('',#11665,#1752);
#911=LINE('',#11668,#1753);
#912=LINE('',#11669,#1754);
#913=LINE('',#11671,#1755);
#914=LINE('',#11676,#1756);
#915=LINE('',#11678,#1757);
#916=LINE('',#11680,#1758);
#917=LINE('',#11681,#1759);
#918=LINE('',#11684,#1760);
#919=LINE('',#11686,#1761);
#920=LINE('',#11687,#1762);
#921=LINE('',#11690,#1763);
#922=LINE('',#11692,#1764);
#923=LINE('',#11693,#1765);
#924=LINE('',#11695,#1766);
#925=LINE('',#11696,#1767);
#926=LINE('',#11701,#1768);
#927=LINE('',#11703,#1769);
#928=LINE('',#11705,#1770);
#929=LINE('',#11706,#1771);
#930=LINE('',#11709,#1772);
#931=LINE('',#11711,#1773);
#932=LINE('',#11712,#1774);
#933=LINE('',#11715,#1775);
#934=LINE('',#11717,#1776);
#935=LINE('',#11718,#1777);
#936=LINE('',#11721,#1778);
#937=LINE('',#11723,#1779);
#938=LINE('',#11724,#1780);
#939=LINE('',#11727,#1781);
#940=LINE('',#11729,#1782);
#941=LINE('',#11730,#1783);
#942=LINE('',#11733,#1784);
#943=LINE('',#11735,#1785);
#944=LINE('',#11736,#1786);
#945=LINE('',#11738,#1787);
#946=LINE('',#11739,#1788);
#947=LINE('',#11744,#1789);
#948=LINE('',#11746,#1790);
#949=LINE('',#11748,#1791);
#950=LINE('',#11749,#1792);
#951=LINE('',#11752,#1793);
#952=LINE('',#11754,#1794);
#953=LINE('',#11755,#1795);
#954=LINE('',#11761,#1796);
#955=LINE('',#11763,#1797);
#956=LINE('',#11764,#1798);
#957=LINE('',#11769,#1799);
#958=LINE('',#11771,#1800);
#959=LINE('',#11773,#1801);
#960=LINE('',#11774,#1802);
#961=LINE('',#11777,#1803);
#962=LINE('',#11779,#1804);
#963=LINE('',#11780,#1805);
#964=LINE('',#11783,#1806);
#965=LINE('',#11785,#1807);
#966=LINE('',#11786,#1808);
#967=LINE('',#11792,#1809);
#968=LINE('',#11795,#1810);
#969=LINE('',#11797,#1811);
#970=LINE('',#11798,#1812);
#971=LINE('',#11804,#1813);
#972=LINE('',#11807,#1814);
#973=LINE('',#11809,#1815);
#974=LINE('',#11810,#1816);
#975=LINE('',#11813,#1817);
#976=LINE('',#11815,#1818);
#977=LINE('',#11816,#1819);
#978=LINE('',#11819,#1820);
#979=LINE('',#11821,#1821);
#980=LINE('',#11822,#1822);
#981=LINE('',#11825,#1823);
#982=LINE('',#11827,#1824);
#983=LINE('',#11828,#1825);
#984=LINE('',#11831,#1826);
#985=LINE('',#11833,#1827);
#986=LINE('',#11834,#1828);
#987=LINE('',#11837,#1829);
#988=LINE('',#11839,#1830);
#989=LINE('',#11840,#1831);
#990=LINE('',#11843,#1832);
#991=LINE('',#11845,#1833);
#992=LINE('',#11846,#1834);
#993=LINE('',#11852,#1835);
#994=LINE('',#11855,#1836);
#995=LINE('',#11857,#1837);
#996=LINE('',#11858,#1838);
#997=LINE('',#11864,#1839);
#998=LINE('',#11867,#1840);
#999=LINE('',#11869,#1841);
#1000=LINE('',#11870,#1842);
#1001=LINE('',#11872,#1843);
#1002=LINE('',#11873,#1844);
#1003=LINE('',#11878,#1845);
#1004=LINE('',#11880,#1846);
#1005=LINE('',#11882,#1847);
#1006=LINE('',#11883,#1848);
#1007=LINE('',#11886,#1849);
#1008=LINE('',#11888,#1850);
#1009=LINE('',#11889,#1851);
#1010=LINE('',#11895,#1852);
#1011=LINE('',#11898,#1853);
#1012=LINE('',#11900,#1854);
#1013=LINE('',#11901,#1855);
#1014=LINE('',#11907,#1856);
#1015=LINE('',#11910,#1857);
#1016=LINE('',#11912,#1858);
#1017=LINE('',#11913,#1859);
#1018=LINE('',#11921,#1860);
#1019=LINE('',#11923,#1861);
#1020=LINE('',#11925,#1862);
#1021=LINE('',#11926,#1863);
#1022=LINE('',#11929,#1864);
#1023=LINE('',#11931,#1865);
#1024=LINE('',#11932,#1866);
#1025=LINE('',#11935,#1867);
#1026=LINE('',#11937,#1868);
#1027=LINE('',#11938,#1869);
#1028=LINE('',#11941,#1870);
#1029=LINE('',#11943,#1871);
#1030=LINE('',#11944,#1872);
#1031=LINE('',#11950,#1873);
#1032=LINE('',#11953,#1874);
#1033=LINE('',#11955,#1875);
#1034=LINE('',#11956,#1876);
#1035=LINE('',#11959,#1877);
#1036=LINE('',#11961,#1878);
#1037=LINE('',#11962,#1879);
#1038=LINE('',#11965,#1880);
#1039=LINE('',#11967,#1881);
#1040=LINE('',#11968,#1882);
#1041=LINE('',#11971,#1883);
#1042=LINE('',#11973,#1884);
#1043=LINE('',#11974,#1885);
#1044=LINE('',#11977,#1886);
#1045=LINE('',#11979,#1887);
#1046=LINE('',#11980,#1888);
#1047=LINE('',#11988,#1889);
#1048=LINE('',#11990,#1890);
#1049=LINE('',#11992,#1891);
#1050=LINE('',#11993,#1892);
#1051=LINE('',#11996,#1893);
#1052=LINE('',#11998,#1894);
#1053=LINE('',#11999,#1895);
#1054=LINE('',#12002,#1896);
#1055=LINE('',#12004,#1897);
#1056=LINE('',#12005,#1898);
#1057=LINE('',#12008,#1899);
#1058=LINE('',#12010,#1900);
#1059=LINE('',#12011,#1901);
#1060=LINE('',#12014,#1902);
#1061=LINE('',#12016,#1903);
#1062=LINE('',#12017,#1904);
#1063=LINE('',#12020,#1905);
#1064=LINE('',#12022,#1906);
#1065=LINE('',#12023,#1907);
#1066=LINE('',#12025,#1908);
#1067=LINE('',#12026,#1909);
#1068=LINE('',#12031,#1910);
#1069=LINE('',#12033,#1911);
#1070=LINE('',#12035,#1912);
#1071=LINE('',#12036,#1913);
#1072=LINE('',#12039,#1914);
#1073=LINE('',#12041,#1915);
#1074=LINE('',#12042,#1916);
#1075=LINE('',#12045,#1917);
#1076=LINE('',#12047,#1918);
#1077=LINE('',#12048,#1919);
#1078=LINE('',#12050,#1920);
#1079=LINE('',#12051,#1921);
#1080=LINE('',#12056,#1922);
#1081=LINE('',#12058,#1923);
#1082=LINE('',#12060,#1924);
#1083=LINE('',#12061,#1925);
#1084=LINE('',#12067,#1926);
#1085=LINE('',#12073,#1927);
#1086=LINE('',#12081,#1928);
#1087=LINE('',#12083,#1929);
#1088=LINE('',#12085,#1930);
#1089=LINE('',#12086,#1931);
#1090=LINE('',#12089,#1932);
#1091=LINE('',#12091,#1933);
#1092=LINE('',#12092,#1934);
#1093=LINE('',#12098,#1935);
#1094=LINE('',#12101,#1936);
#1095=LINE('',#12103,#1937);
#1096=LINE('',#12104,#1938);
#1097=LINE('',#12110,#1939);
#1098=LINE('',#12112,#1940);
#1099=LINE('',#12113,#1941);
#1100=LINE('',#12118,#1942);
#1101=LINE('',#12120,#1943);
#1102=LINE('',#12122,#1944);
#1103=LINE('',#12123,#1945);
#1104=LINE('',#12126,#1946);
#1105=LINE('',#12128,#1947);
#1106=LINE('',#12129,#1948);
#1107=LINE('',#12135,#1949);
#1108=LINE('',#12138,#1950);
#1109=LINE('',#12140,#1951);
#1110=LINE('',#12141,#1952);
#1111=LINE('',#12147,#1953);
#1112=LINE('',#12149,#1954);
#1113=LINE('',#12150,#1955);
#1114=LINE('',#12155,#1956);
#1115=LINE('',#12157,#1957);
#1116=LINE('',#12159,#1958);
#1117=LINE('',#12160,#1959);
#1118=LINE('',#12166,#1960);
#1119=LINE('',#12169,#1961);
#1120=LINE('',#12171,#1962);
#1121=LINE('',#12172,#1963);
#1122=LINE('',#12178,#1964);
#1123=LINE('',#12181,#1965);
#1124=LINE('',#12183,#1966);
#1125=LINE('',#12184,#1967);
#1126=LINE('',#12187,#1968);
#1127=LINE('',#12189,#1969);
#1128=LINE('',#12190,#1970);
#1129=LINE('',#12193,#1971);
#1130=LINE('',#12195,#1972);
#1131=LINE('',#12196,#1973);
#1132=LINE('',#12198,#1974);
#1133=LINE('',#12199,#1975);
#1134=LINE('',#12204,#1976);
#1135=LINE('',#12206,#1977);
#1136=LINE('',#12208,#1978);
#1137=LINE('',#12209,#1979);
#1138=LINE('',#12212,#1980);
#1139=LINE('',#12214,#1981);
#1140=LINE('',#12215,#1982);
#1141=LINE('',#12218,#1983);
#1142=LINE('',#12220,#1984);
#1143=LINE('',#12221,#1985);
#1144=LINE('',#12224,#1986);
#1145=LINE('',#12226,#1987);
#1146=LINE('',#12227,#1988);
#1147=LINE('',#12233,#1989);
#1148=LINE('',#12236,#1990);
#1149=LINE('',#12238,#1991);
#1150=LINE('',#12239,#1992);
#1151=LINE('',#12242,#1993);
#1152=LINE('',#12244,#1994);
#1153=LINE('',#12245,#1995);
#1154=LINE('',#12248,#1996);
#1155=LINE('',#12250,#1997);
#1156=LINE('',#12251,#1998);
#1157=LINE('',#12254,#1999);
#1158=LINE('',#12256,#2000);
#1159=LINE('',#12257,#2001);
#1160=LINE('',#12260,#2002);
#1161=LINE('',#12262,#2003);
#1162=LINE('',#12263,#2004);
#1163=LINE('',#12282,#2005);
#1164=LINE('',#12294,#2006);
#1165=LINE('',#12301,#2007);
#1166=LINE('',#12318,#2008);
#1167=LINE('',#12331,#2009);
#1168=LINE('',#12333,#2010);
#1169=LINE('',#12334,#2011);
#1170=LINE('',#12349,#2012);
#1171=LINE('',#12361,#2013);
#1172=LINE('',#12366,#2014);
#1173=LINE('',#12381,#2015);
#1174=LINE('',#12394,#2016);
#1175=LINE('',#12396,#2017);
#1176=LINE('',#12397,#2018);
#1177=LINE('',#12412,#2019);
#1178=LINE('',#12424,#2020);
#1179=LINE('',#12431,#2021);
#1180=LINE('',#12436,#2022);
#1181=LINE('',#12448,#2023);
#1182=LINE('',#12473,#2024);
#1183=LINE('',#12478,#2025);
#1184=LINE('',#12482,#2026);
#1185=LINE('',#12485,#2027);
#1186=LINE('',#12508,#2028);
#1187=LINE('',#12521,#2029);
#1188=LINE('',#12523,#2030);
#1189=LINE('',#12526,#2031);
#1190=LINE('',#12531,#2032);
#1191=LINE('',#12533,#2033);
#1192=LINE('',#12576,#2034);
#1193=LINE('',#12618,#2035);
#1194=LINE('',#12622,#2036);
#1195=LINE('',#12723,#2037);
#1196=LINE('',#12726,#2038);
#1197=LINE('',#12729,#2039);
#1198=LINE('',#12730,#2040);
#1199=LINE('',#12733,#2041);
#1200=LINE('',#12834,#2042);
#1201=LINE('',#12837,#2043);
#1202=LINE('',#12840,#2044);
#1203=LINE('',#12844,#2045);
#1204=LINE('',#12845,#2046);
#1205=LINE('',#12848,#2047);
#1206=LINE('',#12949,#2048);
#1207=LINE('',#12952,#2049);
#1208=LINE('',#12955,#2050);
#1209=LINE('',#12956,#2051);
#1210=LINE('',#12959,#2052);
#1211=LINE('',#13060,#2053);
#1212=LINE('',#13063,#2054);
#1213=LINE('',#13066,#2055);
#1214=LINE('',#13067,#2056);
#1215=LINE('',#13070,#2057);
#1216=LINE('',#13171,#2058);
#1217=LINE('',#13173,#2059);
#1218=LINE('',#13174,#2060);
#1219=LINE('',#13177,#2061);
#1220=LINE('',#13181,#2062);
#1221=LINE('',#13184,#2063);
#1222=LINE('',#13284,#2064);
#1223=LINE('',#13286,#2065);
#1224=LINE('',#13287,#2066);
#1225=LINE('',#13290,#2067);
#1226=LINE('',#13294,#2068);
#1227=LINE('',#13297,#2069);
#1228=LINE('',#13397,#2070);
#1229=LINE('',#13399,#2071);
#1230=LINE('',#13400,#2072);
#1231=LINE('',#13403,#2073);
#1232=LINE('',#13407,#2074);
#1233=LINE('',#13410,#2075);
#1234=LINE('',#13510,#2076);
#1235=LINE('',#13513,#2077);
#1236=LINE('',#13516,#2078);
#1237=LINE('',#13520,#2079);
#1238=LINE('',#13521,#2080);
#1239=LINE('',#13524,#2081);
#1240=LINE('',#13536,#2082);
#1241=LINE('',#13541,#2083);
#1242=LINE('',#13549,#2084);
#1243=LINE('',#13557,#2085);
#1244=LINE('',#13568,#2086);
#1245=LINE('',#13580,#2087);
#1246=LINE('',#13588,#2088);
#1247=LINE('',#13597,#2089);
#1248=LINE('',#13606,#2090);
#1249=LINE('',#13615,#2091);
#1250=LINE('',#13618,#2092);
#1251=LINE('',#13620,#2093);
#1252=LINE('',#13622,#2094);
#1253=LINE('',#13625,#2095);
#1254=LINE('',#13627,#2096);
#1255=LINE('',#13629,#2097);
#1256=LINE('',#13631,#2098);
#1257=LINE('',#13635,#2099);
#1258=LINE('',#13637,#2100);
#1259=LINE('',#13639,#2101);
#1260=LINE('',#13643,#2102);
#1261=LINE('',#13645,#2103);
#1262=LINE('',#13647,#2104);
#1263=LINE('',#13650,#2105);
#1264=LINE('',#13652,#2106);
#1265=LINE('',#13654,#2107);
#1266=LINE('',#13658,#2108);
#1267=LINE('',#13660,#2109);
#1268=LINE('',#13662,#2110);
#1269=LINE('',#13665,#2111);
#1270=LINE('',#13667,#2112);
#1271=LINE('',#13669,#2113);
#1272=LINE('',#13671,#2114);
#1273=LINE('',#13674,#2115);
#1274=LINE('',#13676,#2116);
#1275=LINE('',#13678,#2117);
#1276=LINE('',#13680,#2118);
#1277=LINE('',#13687,#2119);
#1278=LINE('',#13691,#2120);
#1279=LINE('',#13693,#2121);
#1280=LINE('',#13695,#2122);
#1281=LINE('',#13697,#2123);
#1282=LINE('',#13699,#2124);
#1283=LINE('',#13701,#2125);
#1284=LINE('',#13703,#2126);
#1285=LINE('',#13705,#2127);
#1286=LINE('',#13706,#2128);
#1287=LINE('',#13710,#2129);
#1288=LINE('',#13712,#2130);
#1289=LINE('',#13713,#2131);
#1290=LINE('',#13745,#2132);
#1291=LINE('',#13763,#2133);
#1292=LINE('',#13764,#2134);
#1293=LINE('',#13767,#2135);
#1294=LINE('',#13768,#2136);
#1295=LINE('',#13815,#2137);
#1296=LINE('',#13817,#2138);
#1297=LINE('',#13823,#2139);
#1298=LINE('',#13826,#2140);
#1299=LINE('',#13828,#2141);
#1300=LINE('',#13829,#2142);
#1301=LINE('',#13835,#2143);
#1302=LINE('',#13841,#2144);
#1303=LINE('',#13844,#2145);
#1304=LINE('',#13847,#2146);
#1305=LINE('',#13849,#2147);
#1306=LINE('',#13850,#2148);
#1307=LINE('',#13855,#2149);
#1308=LINE('',#13860,#2150);
#1309=LINE('',#13863,#2151);
#1310=LINE('',#13866,#2152);
#1311=LINE('',#13868,#2153);
#1312=LINE('',#13870,#2154);
#1313=LINE('',#13872,#2155);
#1314=LINE('',#13874,#2156);
#1315=LINE('',#13875,#2157);
#1316=LINE('',#13878,#2158);
#1317=LINE('',#13881,#2159);
#1318=LINE('',#13884,#2160);
#1319=LINE('',#13885,#2161);
#1320=LINE('',#13889,#2162);
#1321=LINE('',#13892,#2163);
#1322=LINE('',#13893,#2164);
#1323=LINE('',#13896,#2165);
#1324=LINE('',#13897,#2166);
#1325=LINE('',#13900,#2167);
#1326=LINE('',#13901,#2168);
#1327=LINE('',#13904,#2169);
#1328=LINE('',#13905,#2170);
#1329=LINE('',#13908,#2171);
#1330=LINE('',#13909,#2172);
#1331=LINE('',#13912,#2173);
#1332=LINE('',#13913,#2174);
#1333=LINE('',#13916,#2175);
#1334=LINE('',#13917,#2176);
#1335=LINE('',#13920,#2177);
#1336=LINE('',#13921,#2178);
#1337=LINE('',#13923,#2179);
#1338=LINE('',#13927,#2180);
#1339=LINE('',#13929,#2181);
#1340=LINE('',#13931,#2182);
#1341=LINE('',#13932,#2183);
#1342=LINE('',#13938,#2184);
#1343=LINE('',#13941,#2185);
#1344=LINE('',#13943,#2186);
#1345=LINE('',#13944,#2187);
#1346=LINE('',#13950,#2188);
#1347=LINE('',#13953,#2189);
#1348=LINE('',#13955,#2190);
#1349=LINE('',#13956,#2191);
#1350=LINE('',#13962,#2192);
#1351=LINE('',#13965,#2193);
#1352=LINE('',#13967,#2194);
#1353=LINE('',#13968,#2195);
#1354=LINE('',#13978,#2196);
#1355=LINE('',#13981,#2197);
#1356=LINE('',#13983,#2198);
#1357=LINE('',#13984,#2199);
#1358=LINE('',#13988,#2200);
#1359=LINE('',#13992,#2201);
#1360=LINE('',#13994,#2202);
#1361=LINE('',#13996,#2203);
#1362=LINE('',#13998,#2204);
#1363=LINE('',#13999,#2205);
#1364=LINE('',#14006,#2206);
#1365=LINE('',#14008,#2207);
#1366=LINE('',#14009,#2208);
#1367=LINE('',#14012,#2209);
#1368=LINE('',#14013,#2210);
#1369=LINE('',#14016,#2211);
#1370=LINE('',#14017,#2212);
#1371=LINE('',#14020,#2213);
#1372=LINE('',#14021,#2214);
#1373=LINE('',#14024,#2215);
#1374=LINE('',#14025,#2216);
#1375=LINE('',#14027,#2217);
#1376=LINE('',#14034,#2218);
#1377=LINE('',#14036,#2219);
#1378=LINE('',#14038,#2220);
#1379=LINE('',#14039,#2221);
#1380=LINE('',#14042,#2222);
#1381=LINE('',#14044,#2223);
#1382=LINE('',#14045,#2224);
#1383=LINE('',#14048,#2225);
#1384=LINE('',#14050,#2226);
#1385=LINE('',#14051,#2227);
#1386=LINE('',#14054,#2228);
#1387=LINE('',#14056,#2229);
#1388=LINE('',#14057,#2230);
#1389=LINE('',#14060,#2231);
#1390=LINE('',#14062,#2232);
#1391=LINE('',#14063,#2233);
#1392=LINE('',#14065,#2234);
#1393=LINE('',#14066,#2235);
#1394=LINE('',#14072,#2236);
#1395=LINE('',#14074,#2237);
#1396=LINE('',#14075,#2238);
#1397=LINE('',#14078,#2239);
#1398=LINE('',#14079,#2240);
#1399=LINE('',#14082,#2241);
#1400=LINE('',#14083,#2242);
#1401=LINE('',#14085,#2243);
#1402=LINE('',#14088,#2244);
#1403=LINE('',#14089,#2245);
#1404=LINE('',#14092,#2246);
#1405=LINE('',#14093,#2247);
#1406=LINE('',#14095,#2248);
#1407=LINE('',#14098,#2249);
#1408=LINE('',#14100,#2250);
#1409=LINE('',#14102,#2251);
#1410=LINE('',#14103,#2252);
#1411=LINE('',#14109,#2253);
#1412=LINE('',#14112,#2254);
#1413=LINE('',#14113,#2255);
#1414=LINE('',#14117,#2256);
#1415=LINE('',#14119,#2257);
#1416=LINE('',#14120,#2258);
#1417=VECTOR('',#8721,1.25);
#1418=VECTOR('',#8726,10.);
#1419=VECTOR('',#8727,10.);
#1420=VECTOR('',#8728,10.);
#1421=VECTOR('',#8729,10.);
#1422=VECTOR('',#8730,10.);
#1423=VECTOR('',#8731,10.);
#1424=VECTOR('',#8740,10.);
#1425=VECTOR('',#8741,10.);
#1426=VECTOR('',#8742,10.);
#1427=VECTOR('',#8743,10.);
#1428=VECTOR('',#8744,10.);
#1429=VECTOR('',#8745,10.);
#1430=VECTOR('',#8748,10.);
#1431=VECTOR('',#8757,10.);
#1432=VECTOR('',#8762,10.);
#1433=VECTOR('',#8767,10.);
#1434=VECTOR('',#8772,10.);
#1435=VECTOR('',#8775,10.);
#1436=VECTOR('',#8776,10.);
#1437=VECTOR('',#8777,10.);
#1438=VECTOR('',#8780,10.);
#1439=VECTOR('',#8781,10.);
#1440=VECTOR('',#8784,10.);
#1441=VECTOR('',#8785,10.);
#1442=VECTOR('',#8788,10.);
#1443=VECTOR('',#8789,10.);
#1444=VECTOR('',#8792,10.);
#1445=VECTOR('',#8793,10.);
#1446=VECTOR('',#8808,10.);
#1447=VECTOR('',#8837,1.25);
#1448=VECTOR('',#8842,10.);
#1449=VECTOR('',#8843,10.);
#1450=VECTOR('',#8844,10.);
#1451=VECTOR('',#8845,10.);
#1452=VECTOR('',#8846,10.);
#1453=VECTOR('',#8847,10.);
#1454=VECTOR('',#8856,10.);
#1455=VECTOR('',#8857,10.);
#1456=VECTOR('',#8858,10.);
#1457=VECTOR('',#8859,10.);
#1458=VECTOR('',#8860,10.);
#1459=VECTOR('',#8861,10.);
#1460=VECTOR('',#8864,10.);
#1461=VECTOR('',#8873,10.);
#1462=VECTOR('',#8878,10.);
#1463=VECTOR('',#8883,10.);
#1464=VECTOR('',#8888,10.);
#1465=VECTOR('',#8891,10.);
#1466=VECTOR('',#8892,10.);
#1467=VECTOR('',#8893,10.);
#1468=VECTOR('',#8896,10.);
#1469=VECTOR('',#8897,10.);
#1470=VECTOR('',#8900,10.);
#1471=VECTOR('',#8901,10.);
#1472=VECTOR('',#8904,10.);
#1473=VECTOR('',#8905,10.);
#1474=VECTOR('',#8908,10.);
#1475=VECTOR('',#8909,10.);
#1476=VECTOR('',#8924,10.);
#1477=VECTOR('',#8939,10.);
#1478=VECTOR('',#8940,10.);
#1479=VECTOR('',#8941,10.);
#1480=VECTOR('',#8942,10.);
#1481=VECTOR('',#8945,10.);
#1482=VECTOR('',#8946,10.);
#1483=VECTOR('',#8947,10.);
#1484=VECTOR('',#8950,10.);
#1485=VECTOR('',#8951,10.);
#1486=VECTOR('',#8952,10.);
#1487=VECTOR('',#8955,10.);
#1488=VECTOR('',#8956,10.);
#1489=VECTOR('',#8961,10.);
#1490=VECTOR('',#8962,10.);
#1491=VECTOR('',#8963,10.);
#1492=VECTOR('',#8964,10.);
#1493=VECTOR('',#8967,10.);
#1494=VECTOR('',#8968,10.);
#1495=VECTOR('',#8969,10.);
#1496=VECTOR('',#8972,10.);
#1497=VECTOR('',#8973,10.);
#1498=VECTOR('',#8974,10.);
#1499=VECTOR('',#8977,10.);
#1500=VECTOR('',#8978,10.);
#1501=VECTOR('',#8979,10.);
#1502=VECTOR('',#8982,10.);
#1503=VECTOR('',#8983,10.);
#1504=VECTOR('',#8984,10.);
#1505=VECTOR('',#8987,10.);
#1506=VECTOR('',#8988,10.);
#1507=VECTOR('',#8989,10.);
#1508=VECTOR('',#8992,10.);
#1509=VECTOR('',#8993,10.);
#1510=VECTOR('',#8994,10.);
#1511=VECTOR('',#8997,10.);
#1512=VECTOR('',#8998,10.);
#1513=VECTOR('',#8999,10.);
#1514=VECTOR('',#9002,10.);
#1515=VECTOR('',#9003,10.);
#1516=VECTOR('',#9004,10.);
#1517=VECTOR('',#9007,10.);
#1518=VECTOR('',#9008,10.);
#1519=VECTOR('',#9009,10.);
#1520=VECTOR('',#9012,10.);
#1521=VECTOR('',#9013,10.);
#1522=VECTOR('',#9014,10.);
#1523=VECTOR('',#9017,10.);
#1524=VECTOR('',#9018,10.);
#1525=VECTOR('',#9023,10.);
#1526=VECTOR('',#9024,10.);
#1527=VECTOR('',#9025,10.);
#1528=VECTOR('',#9026,10.);
#1529=VECTOR('',#9029,10.);
#1530=VECTOR('',#9030,10.);
#1531=VECTOR('',#9031,10.);
#1532=VECTOR('',#9034,10.);
#1533=VECTOR('',#9035,10.);
#1534=VECTOR('',#9036,10.);
#1535=VECTOR('',#9039,10.);
#1536=VECTOR('',#9040,10.);
#1537=VECTOR('',#9041,10.);
#1538=VECTOR('',#9044,10.);
#1539=VECTOR('',#9045,10.);
#1540=VECTOR('',#9046,10.);
#1541=VECTOR('',#9049,10.);
#1542=VECTOR('',#9050,10.);
#1543=VECTOR('',#9051,10.);
#1544=VECTOR('',#9054,10.);
#1545=VECTOR('',#9055,10.);
#1546=VECTOR('',#9056,10.);
#1547=VECTOR('',#9059,10.);
#1548=VECTOR('',#9060,10.);
#1549=VECTOR('',#9061,10.);
#1550=VECTOR('',#9064,10.);
#1551=VECTOR('',#9065,10.);
#1552=VECTOR('',#9066,10.);
#1553=VECTOR('',#9069,10.);
#1554=VECTOR('',#9070,10.);
#1555=VECTOR('',#9071,10.);
#1556=VECTOR('',#9074,10.);
#1557=VECTOR('',#9075,10.);
#1558=VECTOR('',#9076,10.);
#1559=VECTOR('',#9079,10.);
#1560=VECTOR('',#9080,10.);
#1561=VECTOR('',#9081,10.);
#1562=VECTOR('',#9084,10.);
#1563=VECTOR('',#9085,10.);
#1564=VECTOR('',#9090,0.53955371343204);
#1565=VECTOR('',#9095,0.88470939775989);
#1566=VECTOR('',#9102,10.);
#1567=VECTOR('',#9103,10.);
#1568=VECTOR('',#9104,10.);
#1569=VECTOR('',#9105,10.);
#1570=VECTOR('',#9106,10.);
#1571=VECTOR('',#9107,10.);
#1572=VECTOR('',#9108,10.);
#1573=VECTOR('',#9109,10.);
#1574=VECTOR('',#9110,10.);
#1575=VECTOR('',#9111,10.);
#1576=VECTOR('',#9112,10.);
#1577=VECTOR('',#9113,10.);
#1578=VECTOR('',#9114,10.);
#1579=VECTOR('',#9115,10.);
#1580=VECTOR('',#9118,10.);
#1581=VECTOR('',#9121,10.);
#1582=VECTOR('',#9124,10.);
#1583=VECTOR('',#9125,10.);
#1584=VECTOR('',#9126,10.);
#1585=VECTOR('',#9127,10.);
#1586=VECTOR('',#9128,10.);
#1587=VECTOR('',#9129,10.);
#1588=VECTOR('',#9130,10.);
#1589=VECTOR('',#9131,10.);
#1590=VECTOR('',#9132,10.);
#1591=VECTOR('',#9133,10.);
#1592=VECTOR('',#9134,10.);
#1593=VECTOR('',#9135,10.);
#1594=VECTOR('',#9136,10.);
#1595=VECTOR('',#9137,10.);
#1596=VECTOR('',#9138,10.);
#1597=VECTOR('',#9139,10.);
#1598=VECTOR('',#9140,10.);
#1599=VECTOR('',#9141,10.);
#1600=VECTOR('',#9142,10.);
#1601=VECTOR('',#9143,10.);
#1602=VECTOR('',#9144,10.);
#1603=VECTOR('',#9145,10.);
#1604=VECTOR('',#9146,10.);
#1605=VECTOR('',#9147,10.);
#1606=VECTOR('',#9148,10.);
#1607=VECTOR('',#9149,10.);
#1608=VECTOR('',#9150,10.);
#1609=VECTOR('',#9151,10.);
#1610=VECTOR('',#9152,10.);
#1611=VECTOR('',#9153,10.);
#1612=VECTOR('',#9154,10.);
#1613=VECTOR('',#9155,10.);
#1614=VECTOR('',#9156,10.);
#1615=VECTOR('',#9157,10.);
#1616=VECTOR('',#9158,10.);
#1617=VECTOR('',#9159,10.);
#1618=VECTOR('',#9160,10.);
#1619=VECTOR('',#9161,10.);
#1620=VECTOR('',#9162,10.);
#1621=VECTOR('',#9163,10.);
#1622=VECTOR('',#9164,10.);
#1623=VECTOR('',#9165,10.);
#1624=VECTOR('',#9166,10.);
#1625=VECTOR('',#9167,10.);
#1626=VECTOR('',#9168,10.);
#1627=VECTOR('',#9169,10.);
#1628=VECTOR('',#9170,10.);
#1629=VECTOR('',#9171,10.);
#1630=VECTOR('',#9172,10.);
#1631=VECTOR('',#9173,10.);
#1632=VECTOR('',#9174,10.);
#1633=VECTOR('',#9175,10.);
#1634=VECTOR('',#9176,10.);
#1635=VECTOR('',#9177,10.);
#1636=VECTOR('',#9180,10.);
#1637=VECTOR('',#9181,10.);
#1638=VECTOR('',#9182,10.);
#1639=VECTOR('',#9185,10.);
#1640=VECTOR('',#9186,10.);
#1641=VECTOR('',#9189,10.);
#1642=VECTOR('',#9190,10.);
#1643=VECTOR('',#9193,10.);
#1644=VECTOR('',#9194,10.);
#1645=VECTOR('',#9197,10.);
#1646=VECTOR('',#9198,10.);
#1647=VECTOR('',#9201,10.);
#1648=VECTOR('',#9202,10.);
#1649=VECTOR('',#9205,10.);
#1650=VECTOR('',#9206,10.);
#1651=VECTOR('',#9209,10.);
#1652=VECTOR('',#9210,10.);
#1653=VECTOR('',#9213,10.);
#1654=VECTOR('',#9214,10.);
#1655=VECTOR('',#9217,10.);
#1656=VECTOR('',#9218,10.);
#1657=VECTOR('',#9221,10.);
#1658=VECTOR('',#9222,10.);
#1659=VECTOR('',#9225,10.);
#1660=VECTOR('',#9226,10.);
#1661=VECTOR('',#9229,10.);
#1662=VECTOR('',#9230,10.);
#1663=VECTOR('',#9233,10.);
#1664=VECTOR('',#9234,10.);
#1665=VECTOR('',#9237,10.);
#1666=VECTOR('',#9242,10.);
#1667=VECTOR('',#9243,10.);
#1668=VECTOR('',#9244,10.);
#1669=VECTOR('',#9247,10.);
#1670=VECTOR('',#9248,10.);
#1671=VECTOR('',#9251,10.);
#1672=VECTOR('',#9252,10.);
#1673=VECTOR('',#9255,10.);
#1674=VECTOR('',#9256,10.);
#1675=VECTOR('',#9259,10.);
#1676=VECTOR('',#9260,10.);
#1677=VECTOR('',#9263,10.);
#1678=VECTOR('',#9264,10.);
#1679=VECTOR('',#9267,10.);
#1680=VECTOR('',#9268,10.);
#1681=VECTOR('',#9271,10.);
#1682=VECTOR('',#9272,10.);
#1683=VECTOR('',#9275,10.);
#1684=VECTOR('',#9276,10.);
#1685=VECTOR('',#9279,10.);
#1686=VECTOR('',#9280,10.);
#1687=VECTOR('',#9283,10.);
#1688=VECTOR('',#9284,10.);
#1689=VECTOR('',#9287,10.);
#1690=VECTOR('',#9292,10.);
#1691=VECTOR('',#9293,10.);
#1692=VECTOR('',#9294,10.);
#1693=VECTOR('',#9297,10.);
#1694=VECTOR('',#9298,10.);
#1695=VECTOR('',#9301,10.);
#1696=VECTOR('',#9302,10.);
#1697=VECTOR('',#9305,10.);
#1698=VECTOR('',#9312,0.298270535314211);
#1699=VECTOR('',#9317,10.);
#1700=VECTOR('',#9318,10.);
#1701=VECTOR('',#9319,10.);
#1702=VECTOR('',#9322,10.);
#1703=VECTOR('',#9323,10.);
#1704=VECTOR('',#9328,10.);
#1705=VECTOR('',#9331,10.);
#1706=VECTOR('',#9332,10.);
#1707=VECTOR('',#9335,10.);
#1708=VECTOR('',#9338,10.);
#1709=VECTOR('',#9339,10.);
#1710=VECTOR('',#9344,10.);
#1711=VECTOR('',#9347,10.);
#1712=VECTOR('',#9354,10.);
#1713=VECTOR('',#9355,10.);
#1714=VECTOR('',#9356,10.);
#1715=VECTOR('',#9359,10.);
#1716=VECTOR('',#9360,10.);
#1717=VECTOR('',#9363,10.);
#1718=VECTOR('',#9364,10.);
#1719=VECTOR('',#9367,10.);
#1720=VECTOR('',#9368,10.);
#1721=VECTOR('',#9371,10.);
#1722=VECTOR('',#9372,10.);
#1723=VECTOR('',#9375,10.);
#1724=VECTOR('',#9376,10.);
#1725=VECTOR('',#9379,10.);
#1726=VECTOR('',#9380,10.);
#1727=VECTOR('',#9383,10.);
#1728=VECTOR('',#9388,10.);
#1729=VECTOR('',#9389,10.);
#1730=VECTOR('',#9390,10.);
#1731=VECTOR('',#9393,10.);
#1732=VECTOR('',#9394,10.);
#1733=VECTOR('',#9397,10.);
#1734=VECTOR('',#9398,10.);
#1735=VECTOR('',#9401,10.);
#1736=VECTOR('',#9402,10.);
#1737=VECTOR('',#9405,10.);
#1738=VECTOR('',#9406,10.);
#1739=VECTOR('',#9409,10.);
#1740=VECTOR('',#9410,10.);
#1741=VECTOR('',#9413,10.);
#1742=VECTOR('',#9414,10.);
#1743=VECTOR('',#9417,10.);
#1744=VECTOR('',#9418,10.);
#1745=VECTOR('',#9421,10.);
#1746=VECTOR('',#9422,10.);
#1747=VECTOR('',#9425,10.);
#1748=VECTOR('',#9426,10.);
#1749=VECTOR('',#9429,10.);
#1750=VECTOR('',#9430,10.);
#1751=VECTOR('',#9433,10.);
#1752=VECTOR('',#9434,10.);
#1753=VECTOR('',#9437,10.);
#1754=VECTOR('',#9438,10.);
#1755=VECTOR('',#9441,10.);
#1756=VECTOR('',#9446,10.);
#1757=VECTOR('',#9447,10.);
#1758=VECTOR('',#9448,10.);
#1759=VECTOR('',#9449,10.);
#1760=VECTOR('',#9452,10.);
#1761=VECTOR('',#9453,10.);
#1762=VECTOR('',#9454,10.);
#1763=VECTOR('',#9457,10.);
#1764=VECTOR('',#9458,10.);
#1765=VECTOR('',#9459,10.);
#1766=VECTOR('',#9462,10.);
#1767=VECTOR('',#9463,10.);
#1768=VECTOR('',#9468,10.);
#1769=VECTOR('',#9469,10.);
#1770=VECTOR('',#9470,10.);
#1771=VECTOR('',#9471,10.);
#1772=VECTOR('',#9474,10.);
#1773=VECTOR('',#9475,10.);
#1774=VECTOR('',#9476,10.);
#1775=VECTOR('',#9479,10.);
#1776=VECTOR('',#9480,10.);
#1777=VECTOR('',#9481,10.);
#1778=VECTOR('',#9484,10.);
#1779=VECTOR('',#9485,10.);
#1780=VECTOR('',#9486,10.);
#1781=VECTOR('',#9489,10.);
#1782=VECTOR('',#9490,10.);
#1783=VECTOR('',#9491,10.);
#1784=VECTOR('',#9494,10.);
#1785=VECTOR('',#9495,10.);
#1786=VECTOR('',#9496,10.);
#1787=VECTOR('',#9499,10.);
#1788=VECTOR('',#9500,10.);
#1789=VECTOR('',#9505,10.);
#1790=VECTOR('',#9506,10.);
#1791=VECTOR('',#9507,10.);
#1792=VECTOR('',#9508,10.);
#1793=VECTOR('',#9511,10.);
#1794=VECTOR('',#9512,10.);
#1795=VECTOR('',#9513,10.);
#1796=VECTOR('',#9520,10.);
#1797=VECTOR('',#9523,10.);
#1798=VECTOR('',#9524,10.);
#1799=VECTOR('',#9529,10.);
#1800=VECTOR('',#9530,10.);
#1801=VECTOR('',#9531,10.);
#1802=VECTOR('',#9532,10.);
#1803=VECTOR('',#9535,10.);
#1804=VECTOR('',#9536,10.);
#1805=VECTOR('',#9537,10.);
#1806=VECTOR('',#9540,10.);
#1807=VECTOR('',#9541,10.);
#1808=VECTOR('',#9542,10.);
#1809=VECTOR('',#9549,10.);
#1810=VECTOR('',#9552,10.);
#1811=VECTOR('',#9553,10.);
#1812=VECTOR('',#9554,10.);
#1813=VECTOR('',#9561,10.);
#1814=VECTOR('',#9564,10.);
#1815=VECTOR('',#9565,10.);
#1816=VECTOR('',#9566,10.);
#1817=VECTOR('',#9569,10.);
#1818=VECTOR('',#9570,10.);
#1819=VECTOR('',#9571,10.);
#1820=VECTOR('',#9574,10.);
#1821=VECTOR('',#9575,10.);
#1822=VECTOR('',#9576,10.);
#1823=VECTOR('',#9579,10.);
#1824=VECTOR('',#9580,10.);
#1825=VECTOR('',#9581,10.);
#1826=VECTOR('',#9584,10.);
#1827=VECTOR('',#9585,10.);
#1828=VECTOR('',#9586,10.);
#1829=VECTOR('',#9589,10.);
#1830=VECTOR('',#9590,10.);
#1831=VECTOR('',#9591,10.);
#1832=VECTOR('',#9594,10.);
#1833=VECTOR('',#9595,10.);
#1834=VECTOR('',#9596,10.);
#1835=VECTOR('',#9603,10.);
#1836=VECTOR('',#9606,10.);
#1837=VECTOR('',#9607,10.);
#1838=VECTOR('',#9608,10.);
#1839=VECTOR('',#9615,10.);
#1840=VECTOR('',#9618,10.);
#1841=VECTOR('',#9619,10.);
#1842=VECTOR('',#9620,10.);
#1843=VECTOR('',#9623,10.);
#1844=VECTOR('',#9624,10.);
#1845=VECTOR('',#9629,10.);
#1846=VECTOR('',#9630,10.);
#1847=VECTOR('',#9631,10.);
#1848=VECTOR('',#9632,10.);
#1849=VECTOR('',#9635,10.);
#1850=VECTOR('',#9636,10.);
#1851=VECTOR('',#9637,10.);
#1852=VECTOR('',#9644,10.);
#1853=VECTOR('',#9647,10.);
#1854=VECTOR('',#9648,10.);
#1855=VECTOR('',#9649,10.);
#1856=VECTOR('',#9656,10.);
#1857=VECTOR('',#9659,10.);
#1858=VECTOR('',#9660,10.);
#1859=VECTOR('',#9661,10.);
#1860=VECTOR('',#9672,10.);
#1861=VECTOR('',#9673,10.);
#1862=VECTOR('',#9674,10.);
#1863=VECTOR('',#9675,10.);
#1864=VECTOR('',#9678,10.);
#1865=VECTOR('',#9679,10.);
#1866=VECTOR('',#9680,10.);
#1867=VECTOR('',#9683,10.);
#1868=VECTOR('',#9684,10.);
#1869=VECTOR('',#9685,10.);
#1870=VECTOR('',#9688,10.);
#1871=VECTOR('',#9689,10.);
#1872=VECTOR('',#9690,10.);
#1873=VECTOR('',#9697,10.);
#1874=VECTOR('',#9700,10.);
#1875=VECTOR('',#9701,10.);
#1876=VECTOR('',#9702,10.);
#1877=VECTOR('',#9705,10.);
#1878=VECTOR('',#9706,10.);
#1879=VECTOR('',#9707,10.);
#1880=VECTOR('',#9710,10.);
#1881=VECTOR('',#9711,10.);
#1882=VECTOR('',#9712,10.);
#1883=VECTOR('',#9715,10.);
#1884=VECTOR('',#9716,10.);
#1885=VECTOR('',#9717,10.);
#1886=VECTOR('',#9720,10.);
#1887=VECTOR('',#9721,10.);
#1888=VECTOR('',#9722,10.);
#1889=VECTOR('',#9733,10.);
#1890=VECTOR('',#9734,10.);
#1891=VECTOR('',#9735,10.);
#1892=VECTOR('',#9736,10.);
#1893=VECTOR('',#9739,10.);
#1894=VECTOR('',#9740,10.);
#1895=VECTOR('',#9741,10.);
#1896=VECTOR('',#9744,10.);
#1897=VECTOR('',#9745,10.);
#1898=VECTOR('',#9746,10.);
#1899=VECTOR('',#9749,10.);
#1900=VECTOR('',#9750,10.);
#1901=VECTOR('',#9751,10.);
#1902=VECTOR('',#9754,10.);
#1903=VECTOR('',#9755,10.);
#1904=VECTOR('',#9756,10.);
#1905=VECTOR('',#9759,10.);
#1906=VECTOR('',#9760,10.);
#1907=VECTOR('',#9761,10.);
#1908=VECTOR('',#9764,10.);
#1909=VECTOR('',#9765,10.);
#1910=VECTOR('',#9770,10.);
#1911=VECTOR('',#9771,10.);
#1912=VECTOR('',#9772,10.);
#1913=VECTOR('',#9773,10.);
#1914=VECTOR('',#9776,10.);
#1915=VECTOR('',#9777,10.);
#1916=VECTOR('',#9778,10.);
#1917=VECTOR('',#9781,10.);
#1918=VECTOR('',#9782,10.);
#1919=VECTOR('',#9783,10.);
#1920=VECTOR('',#9786,10.);
#1921=VECTOR('',#9787,10.);
#1922=VECTOR('',#9792,10.);
#1923=VECTOR('',#9793,10.);
#1924=VECTOR('',#9794,10.);
#1925=VECTOR('',#9795,10.);
#1926=VECTOR('',#9802,10.);
#1927=VECTOR('',#9809,10.);
#1928=VECTOR('',#9820,10.);
#1929=VECTOR('',#9821,10.);
#1930=VECTOR('',#9822,10.);
#1931=VECTOR('',#9823,10.);
#1932=VECTOR('',#9826,10.);
#1933=VECTOR('',#9827,10.);
#1934=VECTOR('',#9828,10.);
#1935=VECTOR('',#9835,10.);
#1936=VECTOR('',#9838,10.);
#1937=VECTOR('',#9839,10.);
#1938=VECTOR('',#9840,10.);
#1939=VECTOR('',#9847,10.);
#1940=VECTOR('',#9850,10.);
#1941=VECTOR('',#9851,10.);
#1942=VECTOR('',#9856,10.);
#1943=VECTOR('',#9857,10.);
#1944=VECTOR('',#9858,10.);
#1945=VECTOR('',#9859,10.);
#1946=VECTOR('',#9862,10.);
#1947=VECTOR('',#9863,10.);
#1948=VECTOR('',#9864,10.);
#1949=VECTOR('',#9871,10.);
#1950=VECTOR('',#9874,10.);
#1951=VECTOR('',#9875,10.);
#1952=VECTOR('',#9876,10.);
#1953=VECTOR('',#9883,10.);
#1954=VECTOR('',#9886,10.);
#1955=VECTOR('',#9887,10.);
#1956=VECTOR('',#9892,10.);
#1957=VECTOR('',#9893,10.);
#1958=VECTOR('',#9894,10.);
#1959=VECTOR('',#9895,10.);
#1960=VECTOR('',#9902,10.);
#1961=VECTOR('',#9905,10.);
#1962=VECTOR('',#9906,10.);
#1963=VECTOR('',#9907,10.);
#1964=VECTOR('',#9914,10.);
#1965=VECTOR('',#9917,10.);
#1966=VECTOR('',#9918,10.);
#1967=VECTOR('',#9919,10.);
#1968=VECTOR('',#9922,10.);
#1969=VECTOR('',#9923,10.);
#1970=VECTOR('',#9924,10.);
#1971=VECTOR('',#9927,10.);
#1972=VECTOR('',#9928,10.);
#1973=VECTOR('',#9929,10.);
#1974=VECTOR('',#9932,10.);
#1975=VECTOR('',#9933,10.);
#1976=VECTOR('',#9938,10.);
#1977=VECTOR('',#9939,10.);
#1978=VECTOR('',#9940,10.);
#1979=VECTOR('',#9941,10.);
#1980=VECTOR('',#9944,10.);
#1981=VECTOR('',#9945,10.);
#1982=VECTOR('',#9946,10.);
#1983=VECTOR('',#9949,10.);
#1984=VECTOR('',#9950,10.);
#1985=VECTOR('',#9951,10.);
#1986=VECTOR('',#9954,10.);
#1987=VECTOR('',#9955,10.);
#1988=VECTOR('',#9956,10.);
#1989=VECTOR('',#9963,10.);
#1990=VECTOR('',#9966,10.);
#1991=VECTOR('',#9967,10.);
#1992=VECTOR('',#9968,10.);
#1993=VECTOR('',#9971,10.);
#1994=VECTOR('',#9972,10.);
#1995=VECTOR('',#9973,10.);
#1996=VECTOR('',#9976,10.);
#1997=VECTOR('',#9977,10.);
#1998=VECTOR('',#9978,10.);
#1999=VECTOR('',#9981,10.);
#2000=VECTOR('',#9982,10.);
#2001=VECTOR('',#9983,10.);
#2002=VECTOR('',#9986,10.);
#2003=VECTOR('',#9987,10.);
#2004=VECTOR('',#9988,10.);
#2005=VECTOR('',#9999,10.);
#2006=VECTOR('',#10000,10.);
#2007=VECTOR('',#10007,10.);
#2008=VECTOR('',#10014,10.);
#2009=VECTOR('',#10017,10.);
#2010=VECTOR('',#10018,10.);
#2011=VECTOR('',#10019,10.);
#2012=VECTOR('',#10022,10.);
#2013=VECTOR('',#10023,10.);
#2014=VECTOR('',#10028,10.);
#2015=VECTOR('',#10033,10.);
#2016=VECTOR('',#10036,10.);
#2017=VECTOR('',#10037,10.);
#2018=VECTOR('',#10038,10.);
#2019=VECTOR('',#10041,10.);
#2020=VECTOR('',#10042,10.);
#2021=VECTOR('',#10049,10.);
#2022=VECTOR('',#10056,10.);
#2023=VECTOR('',#10057,1.4);
#2024=VECTOR('',#10062,10.);
#2025=VECTOR('',#10067,10.);
#2026=VECTOR('',#10072,1.);
#2027=VECTOR('',#10075,10.);
#2028=VECTOR('',#10078,10.);
#2029=VECTOR('',#10083,10.);
#2030=VECTOR('',#10086,10.);
#2031=VECTOR('',#10089,1.);
#2032=VECTOR('',#10094,10.);
#2033=VECTOR('',#10095,10.);
#2034=VECTOR('',#10096,10.);
#2035=VECTOR('',#10097,10.);
#2036=VECTOR('',#10102,1.4);
#2037=VECTOR('',#10111,10.);
#2038=VECTOR('',#10114,10.);
#2039=VECTOR('',#10117,10.);
#2040=VECTOR('',#10118,10.);
#2041=VECTOR('',#10121,10.);
#2042=VECTOR('',#10130,10.);
#2043=VECTOR('',#10133,10.);
#2044=VECTOR('',#10136,10.);
#2045=VECTOR('',#10141,10.);
#2046=VECTOR('',#10142,10.);
#2047=VECTOR('',#10145,10.);
#2048=VECTOR('',#10154,10.);
#2049=VECTOR('',#10157,10.);
#2050=VECTOR('',#10160,10.);
#2051=VECTOR('',#10161,10.);
#2052=VECTOR('',#10164,10.);
#2053=VECTOR('',#10173,10.);
#2054=VECTOR('',#10176,10.);
#2055=VECTOR('',#10179,10.);
#2056=VECTOR('',#10180,10.);
#2057=VECTOR('',#10183,10.);
#2058=VECTOR('',#10192,10.);
#2059=VECTOR('',#10193,10.);
#2060=VECTOR('',#10194,10.);
#2061=VECTOR('',#10197,10.);
#2062=VECTOR('',#10202,10.);
#2063=VECTOR('',#10205,10.);
#2064=VECTOR('',#10212,10.);
#2065=VECTOR('',#10213,10.);
#2066=VECTOR('',#10214,10.);
#2067=VECTOR('',#10217,10.);
#2068=VECTOR('',#10222,10.);
#2069=VECTOR('',#10225,10.);
#2070=VECTOR('',#10232,10.);
#2071=VECTOR('',#10233,10.);
#2072=VECTOR('',#10234,10.);
#2073=VECTOR('',#10237,10.);
#2074=VECTOR('',#10242,10.);
#2075=VECTOR('',#10245,10.);
#2076=VECTOR('',#10252,10.);
#2077=VECTOR('',#10255,10.);
#2078=VECTOR('',#10258,10.);
#2079=VECTOR('',#10263,10.);
#2080=VECTOR('',#10264,10.);
#2081=VECTOR('',#10267,10.);
#2082=VECTOR('',#10282,1.65);
#2083=VECTOR('',#10289,10.);
#2084=VECTOR('',#10298,10.);
#2085=VECTOR('',#10307,10.);
#2086=VECTOR('',#10318,10.);
#2087=VECTOR('',#10333,1.65);
#2088=VECTOR('',#10342,10.);
#2089=VECTOR('',#10351,10.);
#2090=VECTOR('',#10360,10.);
#2091=VECTOR('',#10369,10.);
#2092=VECTOR('',#10374,10.);
#2093=VECTOR('',#10377,10.);
#2094=VECTOR('',#10380,10.);
#2095=VECTOR('',#10385,10.);
#2096=VECTOR('',#10388,10.);
#2097=VECTOR('',#10391,10.);
#2098=VECTOR('',#10394,10.);
#2099=VECTOR('',#10401,10.);
#2100=VECTOR('',#10404,10.);
#2101=VECTOR('',#10407,10.);
#2102=VECTOR('',#10414,10.);
#2103=VECTOR('',#10417,10.);
#2104=VECTOR('',#10420,10.);
#2105=VECTOR('',#10425,10.);
#2106=VECTOR('',#10428,10.);
#2107=VECTOR('',#10431,10.);
#2108=VECTOR('',#10438,10.);
#2109=VECTOR('',#10441,10.);
#2110=VECTOR('',#10444,10.);
#2111=VECTOR('',#10449,10.);
#2112=VECTOR('',#10452,10.);
#2113=VECTOR('',#10455,10.);
#2114=VECTOR('',#10458,10.);
#2115=VECTOR('',#10463,10.);
#2116=VECTOR('',#10466,10.);
#2117=VECTOR('',#10469,10.);
#2118=VECTOR('',#10472,10.);
#2119=VECTOR('',#10479,10.);
#2120=VECTOR('',#10482,10.);
#2121=VECTOR('',#10483,10.);
#2122=VECTOR('',#10484,10.);
#2123=VECTOR('',#10485,10.);
#2124=VECTOR('',#10486,10.);
#2125=VECTOR('',#10487,10.);
#2126=VECTOR('',#10488,10.);
#2127=VECTOR('',#10489,10.);
#2128=VECTOR('',#10490,10.);
#2129=VECTOR('',#10495,10.);
#2130=VECTOR('',#10496,10.);
#2131=VECTOR('',#10497,10.);
#2132=VECTOR('',#10498,10.);
#2133=VECTOR('',#10501,10.);
#2134=VECTOR('',#10502,10.);
#2135=VECTOR('',#10505,10.);
#2136=VECTOR('',#10506,10.);
#2137=VECTOR('',#10507,10.);
#2138=VECTOR('',#10510,10.);
#2139=VECTOR('',#10517,10.);
#2140=VECTOR('',#10520,10.);
#2141=VECTOR('',#10521,10.);
#2142=VECTOR('',#10522,10.);
#2143=VECTOR('',#10529,10.);
#2144=VECTOR('',#10534,10.);
#2145=VECTOR('',#10537,10.);
#2146=VECTOR('',#10540,10.);
#2147=VECTOR('',#10541,10.);
#2148=VECTOR('',#10542,10.);
#2149=VECTOR('',#10551,10.);
#2150=VECTOR('',#10556,10.);
#2151=VECTOR('',#10559,10.);
#2152=VECTOR('',#10560,10.);
#2153=VECTOR('',#10561,10.);
#2154=VECTOR('',#10562,10.);
#2155=VECTOR('',#10563,10.);
#2156=VECTOR('',#10564,10.);
#2157=VECTOR('',#10565,10.);
#2158=VECTOR('',#10568,10.);
#2159=VECTOR('',#10571,10.);
#2160=VECTOR('',#10574,10.);
#2161=VECTOR('',#10575,10.);
#2162=VECTOR('',#10580,10.);
#2163=VECTOR('',#10583,10.);
#2164=VECTOR('',#10584,10.);
#2165=VECTOR('',#10587,10.);
#2166=VECTOR('',#10588,10.);
#2167=VECTOR('',#10591,10.);
#2168=VECTOR('',#10592,10.);
#2169=VECTOR('',#10595,10.);
#2170=VECTOR('',#10596,10.);
#2171=VECTOR('',#10599,10.);
#2172=VECTOR('',#10600,10.);
#2173=VECTOR('',#10603,10.);
#2174=VECTOR('',#10604,10.);
#2175=VECTOR('',#10607,10.);
#2176=VECTOR('',#10608,10.);
#2177=VECTOR('',#10611,10.);
#2178=VECTOR('',#10612,10.);
#2179=VECTOR('',#10615,10.);
#2180=VECTOR('',#10618,10.);
#2181=VECTOR('',#10619,10.);
#2182=VECTOR('',#10620,10.);
#2183=VECTOR('',#10621,10.);
#2184=VECTOR('',#10628,10.);
#2185=VECTOR('',#10631,10.);
#2186=VECTOR('',#10632,10.);
#2187=VECTOR('',#10633,10.);
#2188=VECTOR('',#10640,10.);
#2189=VECTOR('',#10643,10.);
#2190=VECTOR('',#10644,10.);
#2191=VECTOR('',#10645,10.);
#2192=VECTOR('',#10652,10.);
#2193=VECTOR('',#10655,10.);
#2194=VECTOR('',#10656,10.);
#2195=VECTOR('',#10657,10.);
#2196=VECTOR('',#10670,10.);
#2197=VECTOR('',#10673,10.);
#2198=VECTOR('',#10674,10.);
#2199=VECTOR('',#10675,10.);
#2200=VECTOR('',#10678,10.);
#2201=VECTOR('',#10681,10.);
#2202=VECTOR('',#10682,10.);
#2203=VECTOR('',#10683,10.);
#2204=VECTOR('',#10684,10.);
#2205=VECTOR('',#10685,10.);
#2206=VECTOR('',#10692,10.);
#2207=VECTOR('',#10693,10.);
#2208=VECTOR('',#10694,10.);
#2209=VECTOR('',#10697,10.);
#2210=VECTOR('',#10698,10.);
#2211=VECTOR('',#10701,10.);
#2212=VECTOR('',#10702,10.);
#2213=VECTOR('',#10705,10.);
#2214=VECTOR('',#10706,10.);
#2215=VECTOR('',#10709,10.);
#2216=VECTOR('',#10710,10.);
#2217=VECTOR('',#10713,10.);
#2218=VECTOR('',#10720,10.);
#2219=VECTOR('',#10721,10.);
#2220=VECTOR('',#10722,10.);
#2221=VECTOR('',#10723,10.);
#2222=VECTOR('',#10726,10.);
#2223=VECTOR('',#10727,10.);
#2224=VECTOR('',#10728,10.);
#2225=VECTOR('',#10731,10.);
#2226=VECTOR('',#10732,10.);
#2227=VECTOR('',#10733,10.);
#2228=VECTOR('',#10736,10.);
#2229=VECTOR('',#10737,10.);
#2230=VECTOR('',#10738,10.);
#2231=VECTOR('',#10741,10.);
#2232=VECTOR('',#10742,10.);
#2233=VECTOR('',#10743,10.);
#2234=VECTOR('',#10746,10.);
#2235=VECTOR('',#10747,10.);
#2236=VECTOR('',#10754,10.);
#2237=VECTOR('',#10755,10.);
#2238=VECTOR('',#10756,10.);
#2239=VECTOR('',#10759,10.);
#2240=VECTOR('',#10760,10.);
#2241=VECTOR('',#10763,10.);
#2242=VECTOR('',#10764,10.);
#2243=VECTOR('',#10767,10.);
#2244=VECTOR('',#10770,10.);
#2245=VECTOR('',#10771,10.);
#2246=VECTOR('',#10774,10.);
#2247=VECTOR('',#10775,10.);
#2248=VECTOR('',#10778,10.);
#2249=VECTOR('',#10783,1.25);
#2250=VECTOR('',#10786,1.25);
#2251=VECTOR('',#10789,10.);
#2252=VECTOR('',#10790,10.);
#2253=VECTOR('',#10799,10.);
#2254=VECTOR('',#10802,10.);
#2255=VECTOR('',#10803,10.);
#2256=VECTOR('',#10808,10.);
#2257=VECTOR('',#10811,10.);
#2258=VECTOR('',#10812,10.);
#2259=CYLINDRICAL_SURFACE('',#8072,1.25);
#2260=CYLINDRICAL_SURFACE('',#8080,0.025);
#2261=CYLINDRICAL_SURFACE('',#8083,0.025);
#2262=CYLINDRICAL_SURFACE('',#8085,0.025);
#2263=CYLINDRICAL_SURFACE('',#8087,0.025);
#2264=CYLINDRICAL_SURFACE('',#8089,0.025);
#2265=CYLINDRICAL_SURFACE('',#8096,0.025);
#2266=CYLINDRICAL_SURFACE('',#8099,0.025);
#2267=CYLINDRICAL_SURFACE('',#8101,0.025);
#2268=CYLINDRICAL_SURFACE('',#8103,0.025);
#2269=CYLINDRICAL_SURFACE('',#8106,0.025);
#2270=CYLINDRICAL_SURFACE('',#8107,0.025);
#2271=CYLINDRICAL_SURFACE('',#8115,1.25);
#2272=CYLINDRICAL_SURFACE('',#8123,0.025);
#2273=CYLINDRICAL_SURFACE('',#8126,0.025);
#2274=CYLINDRICAL_SURFACE('',#8128,0.025);
#2275=CYLINDRICAL_SURFACE('',#8130,0.025);
#2276=CYLINDRICAL_SURFACE('',#8132,0.025);
#2277=CYLINDRICAL_SURFACE('',#8139,0.025);
#2278=CYLINDRICAL_SURFACE('',#8142,0.025);
#2279=CYLINDRICAL_SURFACE('',#8144,0.025);
#2280=CYLINDRICAL_SURFACE('',#8146,0.025);
#2281=CYLINDRICAL_SURFACE('',#8149,0.025);
#2282=CYLINDRICAL_SURFACE('',#8150,0.025);
#2283=CYLINDRICAL_SURFACE('',#8227,0.298270535314211);
#2284=CYLINDRICAL_SURFACE('',#8232,0.249999999999999);
#2285=CYLINDRICAL_SURFACE('',#8237,0.749999999999999);
#2286=CYLINDRICAL_SURFACE('',#8281,0.464374362254614);
#2287=CYLINDRICAL_SURFACE('',#8289,0.150000000000001);
#2288=CYLINDRICAL_SURFACE('',#8293,0.150000000000001);
#2289=CYLINDRICAL_SURFACE('',#8303,0.150000000000001);
#2290=CYLINDRICAL_SURFACE('',#8307,0.149999999999998);
#2291=CYLINDRICAL_SURFACE('',#8315,0.45);
#2292=CYLINDRICAL_SURFACE('',#8319,0.149999999999999);
#2293=CYLINDRICAL_SURFACE('',#8323,0.15);
#2294=CYLINDRICAL_SURFACE('',#8331,0.349999999999999);
#2295=CYLINDRICAL_SURFACE('',#8339,0.35);
#2296=CYLINDRICAL_SURFACE('',#8357,0.100000000000003);
#2297=CYLINDRICAL_SURFACE('',#8360,0.355840844131706);
#2298=CYLINDRICAL_SURFACE('',#8363,0.100000000000001);
#2299=CYLINDRICAL_SURFACE('',#8369,0.15);
#2300=CYLINDRICAL_SURFACE('',#8373,0.149999999999999);
#2301=CYLINDRICAL_SURFACE('',#8380,0.15);
#2302=CYLINDRICAL_SURFACE('',#8384,0.15);
#2303=CYLINDRICAL_SURFACE('',#8390,0.015);
#2304=CYLINDRICAL_SURFACE('',#8394,0.556);
#2305=CYLINDRICAL_SURFACE('',#8406,0.349999999999999);
#2306=CYLINDRICAL_SURFACE('',#8414,0.35);
#2307=CYLINDRICAL_SURFACE('',#8418,0.25);
#2308=CYLINDRICAL_SURFACE('',#8424,0.25);
#2309=CYLINDRICAL_SURFACE('',#8426,0.25);
#2310=CYLINDRICAL_SURFACE('',#8430,0.25);
#2311=CYLINDRICAL_SURFACE('',#8432,0.25);
#2312=CYLINDRICAL_SURFACE('',#8438,1.4);
#2313=CYLINDRICAL_SURFACE('',#8440,0.25);
#2314=CYLINDRICAL_SURFACE('',#8444,1.);
#2315=CYLINDRICAL_SURFACE('',#8446,0.25);
#2316=CYLINDRICAL_SURFACE('',#8447,0.25);
#2317=CYLINDRICAL_SURFACE('',#8450,1.);
#2318=CYLINDRICAL_SURFACE('',#8454,1.4);
#2319=CYLINDRICAL_SURFACE('',#8458,0.15);
#2320=CYLINDRICAL_SURFACE('',#8461,0.15);
#2321=CYLINDRICAL_SURFACE('',#8465,1.4);
#2322=CYLINDRICAL_SURFACE('',#8467,0.15);
#2323=CYLINDRICAL_SURFACE('',#8470,0.15);
#2324=CYLINDRICAL_SURFACE('',#8474,0.15);
#2325=CYLINDRICAL_SURFACE('',#8477,0.15);
#2326=CYLINDRICAL_SURFACE('',#8481,0.15);
#2327=CYLINDRICAL_SURFACE('',#8484,0.15);
#2328=CYLINDRICAL_SURFACE('',#8489,0.15);
#2329=CYLINDRICAL_SURFACE('',#8491,0.15);
#2330=CYLINDRICAL_SURFACE('',#8496,0.15);
#2331=CYLINDRICAL_SURFACE('',#8498,0.15);
#2332=CYLINDRICAL_SURFACE('',#8503,0.15);
#2333=CYLINDRICAL_SURFACE('',#8505,0.15);
#2334=CYLINDRICAL_SURFACE('',#8509,1.4);
#2335=CYLINDRICAL_SURFACE('',#8511,0.15);
#2336=CYLINDRICAL_SURFACE('',#8514,0.15);
#2337=CYLINDRICAL_SURFACE('',#8521,1.65);
#2338=CYLINDRICAL_SURFACE('',#8544,1.65);
#2339=CYLINDRICAL_SURFACE('',#8562,0.7);
#2340=CYLINDRICAL_SURFACE('',#8563,0.15);
#2341=CYLINDRICAL_SURFACE('',#8565,0.150000000000001);
#2342=CYLINDRICAL_SURFACE('',#8566,0.7);
#2343=CYLINDRICAL_SURFACE('',#8567,1.4);
#2344=CYLINDRICAL_SURFACE('',#8568,0.15);
#2345=CYLINDRICAL_SURFACE('',#8570,0.15);
#2346=CYLINDRICAL_SURFACE('',#8571,0.7);
#2347=CYLINDRICAL_SURFACE('',#8573,0.150000000000001);
#2348=CYLINDRICAL_SURFACE('',#8574,1.4);
#2349=CYLINDRICAL_SURFACE('',#8575,0.15);
#2350=CYLINDRICAL_SURFACE('',#8576,0.7);
#2351=CYLINDRICAL_SURFACE('',#8578,0.15);
#2352=CYLINDRICAL_SURFACE('',#8579,1.4);
#2353=CYLINDRICAL_SURFACE('',#8580,0.15);
#2354=CYLINDRICAL_SURFACE('',#8581,0.7);
#2355=CYLINDRICAL_SURFACE('',#8582,0.15);
#2356=CYLINDRICAL_SURFACE('',#8584,0.15);
#2357=CYLINDRICAL_SURFACE('',#8585,0.7);
#2358=CYLINDRICAL_SURFACE('',#8587,0.150000000000001);
#2359=CYLINDRICAL_SURFACE('',#8588,1.4);
#2360=CYLINDRICAL_SURFACE('',#8589,0.15);
#2361=CYLINDRICAL_SURFACE('',#8590,0.7);
#2362=CYLINDRICAL_SURFACE('',#8591,1.4);
#2363=CYLINDRICAL_SURFACE('',#8592,0.15);
#2364=CYLINDRICAL_SURFACE('',#8594,0.15);
#2365=CYLINDRICAL_SURFACE('',#8595,0.7);
#2366=CYLINDRICAL_SURFACE('',#8596,1.4);
#2367=CYLINDRICAL_SURFACE('',#8597,0.15);
#2368=CYLINDRICAL_SURFACE('',#8599,0.15);
#2369=CYLINDRICAL_SURFACE('',#8608,0.249999999999999);
#2370=CYLINDRICAL_SURFACE('',#8612,0.250000000000002);
#2371=CYLINDRICAL_SURFACE('',#8615,3.24999999999999);
#2372=CYLINDRICAL_SURFACE('',#8619,3.25);
#2373=CYLINDRICAL_SURFACE('',#8626,0.1);
#2374=CYLINDRICAL_SURFACE('',#8629,0.1);
#2375=CYLINDRICAL_SURFACE('',#8641,0.250000000000001);
#2376=CYLINDRICAL_SURFACE('',#8645,3.25);
#2377=CYLINDRICAL_SURFACE('',#8649,3.25);
#2378=CYLINDRICAL_SURFACE('',#8653,0.249999999999998);
#2379=CYLINDRICAL_SURFACE('',#8688,1.25);
#2380=CYLINDRICAL_SURFACE('',#8689,1.25);
#2381=CYLINDRICAL_SURFACE('',#8691,0.999999999999999);
#2382=CYLINDRICAL_SURFACE('',#8693,0.999999999999999);
#2383=CYLINDRICAL_SURFACE('',#8696,0.999999999999999);
#2384=CYLINDRICAL_SURFACE('',#8699,0.999999999999999);
#2385=FACE_OUTER_BOUND('',#2815,.T.);
#2386=FACE_OUTER_BOUND('',#2816,.T.);
#2387=FACE_OUTER_BOUND('',#2817,.T.);
#2388=FACE_OUTER_BOUND('',#2819,.T.);
#2389=FACE_OUTER_BOUND('',#2820,.T.);
#2390=FACE_OUTER_BOUND('',#2822,.T.);
#2391=FACE_OUTER_BOUND('',#2823,.T.);
#2392=FACE_OUTER_BOUND('',#2824,.T.);
#2393=FACE_OUTER_BOUND('',#2825,.T.);
#2394=FACE_OUTER_BOUND('',#2826,.T.);
#2395=FACE_OUTER_BOUND('',#2827,.T.);
#2396=FACE_OUTER_BOUND('',#2828,.T.);
#2397=FACE_OUTER_BOUND('',#2829,.T.);
#2398=FACE_OUTER_BOUND('',#2830,.T.);
#2399=FACE_OUTER_BOUND('',#2831,.T.);
#2400=FACE_OUTER_BOUND('',#2832,.T.);
#2401=FACE_OUTER_BOUND('',#2833,.T.);
#2402=FACE_OUTER_BOUND('',#2834,.T.);
#2403=FACE_OUTER_BOUND('',#2835,.T.);
#2404=FACE_OUTER_BOUND('',#2836,.T.);
#2405=FACE_OUTER_BOUND('',#2837,.T.);
#2406=FACE_OUTER_BOUND('',#2838,.T.);
#2407=FACE_OUTER_BOUND('',#2839,.T.);
#2408=FACE_OUTER_BOUND('',#2840,.T.);
#2409=FACE_OUTER_BOUND('',#2841,.T.);
#2410=FACE_OUTER_BOUND('',#2843,.T.);
#2411=FACE_OUTER_BOUND('',#2844,.T.);
#2412=FACE_OUTER_BOUND('',#2846,.T.);
#2413=FACE_OUTER_BOUND('',#2847,.T.);
#2414=FACE_OUTER_BOUND('',#2848,.T.);
#2415=FACE_OUTER_BOUND('',#2849,.T.);
#2416=FACE_OUTER_BOUND('',#2850,.T.);
#2417=FACE_OUTER_BOUND('',#2851,.T.);
#2418=FACE_OUTER_BOUND('',#2852,.T.);
#2419=FACE_OUTER_BOUND('',#2853,.T.);
#2420=FACE_OUTER_BOUND('',#2854,.T.);
#2421=FACE_OUTER_BOUND('',#2855,.T.);
#2422=FACE_OUTER_BOUND('',#2856,.T.);
#2423=FACE_OUTER_BOUND('',#2857,.T.);
#2424=FACE_OUTER_BOUND('',#2858,.T.);
#2425=FACE_OUTER_BOUND('',#2859,.T.);
#2426=FACE_OUTER_BOUND('',#2860,.T.);
#2427=FACE_OUTER_BOUND('',#2861,.T.);
#2428=FACE_OUTER_BOUND('',#2862,.T.);
#2429=FACE_OUTER_BOUND('',#2863,.T.);
#2430=FACE_OUTER_BOUND('',#2864,.T.);
#2431=FACE_OUTER_BOUND('',#2865,.T.);
#2432=FACE_OUTER_BOUND('',#2866,.T.);
#2433=FACE_OUTER_BOUND('',#2867,.T.);
#2434=FACE_OUTER_BOUND('',#2868,.T.);
#2435=FACE_OUTER_BOUND('',#2869,.T.);
#2436=FACE_OUTER_BOUND('',#2870,.T.);
#2437=FACE_OUTER_BOUND('',#2871,.T.);
#2438=FACE_OUTER_BOUND('',#2872,.T.);
#2439=FACE_OUTER_BOUND('',#2873,.T.);
#2440=FACE_OUTER_BOUND('',#2874,.T.);
#2441=FACE_OUTER_BOUND('',#2875,.T.);
#2442=FACE_OUTER_BOUND('',#2876,.T.);
#2443=FACE_OUTER_BOUND('',#2877,.T.);
#2444=FACE_OUTER_BOUND('',#2878,.T.);
#2445=FACE_OUTER_BOUND('',#2879,.T.);
#2446=FACE_OUTER_BOUND('',#2880,.T.);
#2447=FACE_OUTER_BOUND('',#2881,.T.);
#2448=FACE_OUTER_BOUND('',#2882,.T.);
#2449=FACE_OUTER_BOUND('',#2883,.T.);
#2450=FACE_OUTER_BOUND('',#2884,.T.);
#2451=FACE_OUTER_BOUND('',#2885,.T.);
#2452=FACE_OUTER_BOUND('',#2886,.T.);
#2453=FACE_OUTER_BOUND('',#2887,.T.);
#2454=FACE_OUTER_BOUND('',#2888,.T.);
#2455=FACE_OUTER_BOUND('',#2889,.T.);
#2456=FACE_OUTER_BOUND('',#2890,.T.);
#2457=FACE_OUTER_BOUND('',#2891,.T.);
#2458=FACE_OUTER_BOUND('',#2892,.T.);
#2459=FACE_OUTER_BOUND('',#2893,.T.);
#2460=FACE_OUTER_BOUND('',#2894,.T.);
#2461=FACE_OUTER_BOUND('',#2895,.T.);
#2462=FACE_OUTER_BOUND('',#2896,.T.);
#2463=FACE_OUTER_BOUND('',#2897,.T.);
#2464=FACE_OUTER_BOUND('',#2899,.T.);
#2465=FACE_OUTER_BOUND('',#2908,.T.);
#2466=FACE_OUTER_BOUND('',#2909,.T.);
#2467=FACE_OUTER_BOUND('',#2910,.T.);
#2468=FACE_OUTER_BOUND('',#2911,.T.);
#2469=FACE_OUTER_BOUND('',#2912,.T.);
#2470=FACE_OUTER_BOUND('',#2913,.T.);
#2471=FACE_OUTER_BOUND('',#2914,.T.);
#2472=FACE_OUTER_BOUND('',#2915,.T.);
#2473=FACE_OUTER_BOUND('',#2916,.T.);
#2474=FACE_OUTER_BOUND('',#2917,.T.);
#2475=FACE_OUTER_BOUND('',#2918,.T.);
#2476=FACE_OUTER_BOUND('',#2919,.T.);
#2477=FACE_OUTER_BOUND('',#2920,.T.);
#2478=FACE_OUTER_BOUND('',#2921,.T.);
#2479=FACE_OUTER_BOUND('',#2922,.T.);
#2480=FACE_OUTER_BOUND('',#2923,.T.);
#2481=FACE_OUTER_BOUND('',#2924,.T.);
#2482=FACE_OUTER_BOUND('',#2925,.T.);
#2483=FACE_OUTER_BOUND('',#2926,.T.);
#2484=FACE_OUTER_BOUND('',#2927,.T.);
#2485=FACE_OUTER_BOUND('',#2928,.T.);
#2486=FACE_OUTER_BOUND('',#2929,.T.);
#2487=FACE_OUTER_BOUND('',#2930,.T.);
#2488=FACE_OUTER_BOUND('',#2931,.T.);
#2489=FACE_OUTER_BOUND('',#2932,.T.);
#2490=FACE_OUTER_BOUND('',#2933,.T.);
#2491=FACE_OUTER_BOUND('',#2934,.T.);
#2492=FACE_OUTER_BOUND('',#2935,.T.);
#2493=FACE_OUTER_BOUND('',#2936,.T.);
#2494=FACE_OUTER_BOUND('',#2937,.T.);
#2495=FACE_OUTER_BOUND('',#2938,.T.);
#2496=FACE_OUTER_BOUND('',#2939,.T.);
#2497=FACE_OUTER_BOUND('',#2940,.T.);
#2498=FACE_OUTER_BOUND('',#2941,.T.);
#2499=FACE_OUTER_BOUND('',#2942,.T.);
#2500=FACE_OUTER_BOUND('',#2943,.T.);
#2501=FACE_OUTER_BOUND('',#2944,.T.);
#2502=FACE_OUTER_BOUND('',#2945,.T.);
#2503=FACE_OUTER_BOUND('',#2946,.T.);
#2504=FACE_OUTER_BOUND('',#2947,.T.);
#2505=FACE_OUTER_BOUND('',#2948,.T.);
#2506=FACE_OUTER_BOUND('',#2949,.T.);
#2507=FACE_OUTER_BOUND('',#2950,.T.);
#2508=FACE_OUTER_BOUND('',#2951,.T.);
#2509=FACE_OUTER_BOUND('',#2953,.T.);
#2510=FACE_OUTER_BOUND('',#2954,.T.);
#2511=FACE_OUTER_BOUND('',#2955,.T.);
#2512=FACE_OUTER_BOUND('',#2956,.T.);
#2513=FACE_OUTER_BOUND('',#2957,.T.);
#2514=FACE_OUTER_BOUND('',#2958,.T.);
#2515=FACE_OUTER_BOUND('',#2959,.T.);
#2516=FACE_OUTER_BOUND('',#2960,.T.);
#2517=FACE_OUTER_BOUND('',#2961,.T.);
#2518=FACE_OUTER_BOUND('',#2962,.T.);
#2519=FACE_OUTER_BOUND('',#2963,.T.);
#2520=FACE_OUTER_BOUND('',#2964,.T.);
#2521=FACE_OUTER_BOUND('',#2965,.T.);
#2522=FACE_OUTER_BOUND('',#2966,.T.);
#2523=FACE_OUTER_BOUND('',#2967,.T.);
#2524=FACE_OUTER_BOUND('',#2968,.T.);
#2525=FACE_OUTER_BOUND('',#2969,.T.);
#2526=FACE_OUTER_BOUND('',#2970,.T.);
#2527=FACE_OUTER_BOUND('',#2971,.T.);
#2528=FACE_OUTER_BOUND('',#2972,.T.);
#2529=FACE_OUTER_BOUND('',#2973,.T.);
#2530=FACE_OUTER_BOUND('',#2974,.T.);
#2531=FACE_OUTER_BOUND('',#2975,.T.);
#2532=FACE_OUTER_BOUND('',#2976,.T.);
#2533=FACE_OUTER_BOUND('',#2977,.T.);
#2534=FACE_OUTER_BOUND('',#2978,.T.);
#2535=FACE_OUTER_BOUND('',#2979,.T.);
#2536=FACE_OUTER_BOUND('',#2980,.T.);
#2537=FACE_OUTER_BOUND('',#2981,.T.);
#2538=FACE_OUTER_BOUND('',#2982,.T.);
#2539=FACE_OUTER_BOUND('',#2983,.T.);
#2540=FACE_OUTER_BOUND('',#2984,.T.);
#2541=FACE_OUTER_BOUND('',#2985,.T.);
#2542=FACE_OUTER_BOUND('',#2986,.T.);
#2543=FACE_OUTER_BOUND('',#2987,.T.);
#2544=FACE_OUTER_BOUND('',#2988,.T.);
#2545=FACE_OUTER_BOUND('',#2989,.T.);
#2546=FACE_OUTER_BOUND('',#2990,.T.);
#2547=FACE_OUTER_BOUND('',#2991,.T.);
#2548=FACE_OUTER_BOUND('',#2992,.T.);
#2549=FACE_OUTER_BOUND('',#2993,.T.);
#2550=FACE_OUTER_BOUND('',#2994,.T.);
#2551=FACE_OUTER_BOUND('',#2995,.T.);
#2552=FACE_OUTER_BOUND('',#2996,.T.);
#2553=FACE_OUTER_BOUND('',#2997,.T.);
#2554=FACE_OUTER_BOUND('',#2998,.T.);
#2555=FACE_OUTER_BOUND('',#2999,.T.);
#2556=FACE_OUTER_BOUND('',#3000,.T.);
#2557=FACE_OUTER_BOUND('',#3001,.T.);
#2558=FACE_OUTER_BOUND('',#3002,.T.);
#2559=FACE_OUTER_BOUND('',#3003,.T.);
#2560=FACE_OUTER_BOUND('',#3004,.T.);
#2561=FACE_OUTER_BOUND('',#3005,.T.);
#2562=FACE_OUTER_BOUND('',#3006,.T.);
#2563=FACE_OUTER_BOUND('',#3007,.T.);
#2564=FACE_OUTER_BOUND('',#3008,.T.);
#2565=FACE_OUTER_BOUND('',#3009,.T.);
#2566=FACE_OUTER_BOUND('',#3010,.T.);
#2567=FACE_OUTER_BOUND('',#3011,.T.);
#2568=FACE_OUTER_BOUND('',#3012,.T.);
#2569=FACE_OUTER_BOUND('',#3013,.T.);
#2570=FACE_OUTER_BOUND('',#3014,.T.);
#2571=FACE_OUTER_BOUND('',#3015,.T.);
#2572=FACE_OUTER_BOUND('',#3016,.T.);
#2573=FACE_OUTER_BOUND('',#3017,.T.);
#2574=FACE_OUTER_BOUND('',#3018,.T.);
#2575=FACE_OUTER_BOUND('',#3019,.T.);
#2576=FACE_OUTER_BOUND('',#3020,.T.);
#2577=FACE_OUTER_BOUND('',#3021,.T.);
#2578=FACE_OUTER_BOUND('',#3022,.T.);
#2579=FACE_OUTER_BOUND('',#3023,.T.);
#2580=FACE_OUTER_BOUND('',#3024,.T.);
#2581=FACE_OUTER_BOUND('',#3025,.T.);
#2582=FACE_OUTER_BOUND('',#3026,.T.);
#2583=FACE_OUTER_BOUND('',#3027,.T.);
#2584=FACE_OUTER_BOUND('',#3028,.T.);
#2585=FACE_OUTER_BOUND('',#3029,.T.);
#2586=FACE_OUTER_BOUND('',#3030,.T.);
#2587=FACE_OUTER_BOUND('',#3031,.T.);
#2588=FACE_OUTER_BOUND('',#3032,.T.);
#2589=FACE_OUTER_BOUND('',#3033,.T.);
#2590=FACE_OUTER_BOUND('',#3034,.T.);
#2591=FACE_OUTER_BOUND('',#3035,.T.);
#2592=FACE_OUTER_BOUND('',#3036,.T.);
#2593=FACE_OUTER_BOUND('',#3037,.T.);
#2594=FACE_OUTER_BOUND('',#3038,.T.);
#2595=FACE_OUTER_BOUND('',#3039,.T.);
#2596=FACE_OUTER_BOUND('',#3040,.T.);
#2597=FACE_OUTER_BOUND('',#3041,.T.);
#2598=FACE_OUTER_BOUND('',#3042,.T.);
#2599=FACE_OUTER_BOUND('',#3043,.T.);
#2600=FACE_OUTER_BOUND('',#3044,.T.);
#2601=FACE_OUTER_BOUND('',#3045,.T.);
#2602=FACE_OUTER_BOUND('',#3046,.T.);
#2603=FACE_OUTER_BOUND('',#3047,.T.);
#2604=FACE_OUTER_BOUND('',#3048,.T.);
#2605=FACE_OUTER_BOUND('',#3049,.T.);
#2606=FACE_OUTER_BOUND('',#3050,.T.);
#2607=FACE_OUTER_BOUND('',#3051,.T.);
#2608=FACE_OUTER_BOUND('',#3052,.T.);
#2609=FACE_OUTER_BOUND('',#3053,.T.);
#2610=FACE_OUTER_BOUND('',#3054,.T.);
#2611=FACE_OUTER_BOUND('',#3055,.T.);
#2612=FACE_OUTER_BOUND('',#3056,.T.);
#2613=FACE_OUTER_BOUND('',#3057,.T.);
#2614=FACE_OUTER_BOUND('',#3058,.T.);
#2615=FACE_OUTER_BOUND('',#3059,.T.);
#2616=FACE_OUTER_BOUND('',#3060,.T.);
#2617=FACE_OUTER_BOUND('',#3061,.T.);
#2618=FACE_OUTER_BOUND('',#3062,.T.);
#2619=FACE_OUTER_BOUND('',#3063,.T.);
#2620=FACE_OUTER_BOUND('',#3064,.T.);
#2621=FACE_OUTER_BOUND('',#3065,.T.);
#2622=FACE_OUTER_BOUND('',#3066,.T.);
#2623=FACE_OUTER_BOUND('',#3067,.T.);
#2624=FACE_OUTER_BOUND('',#3068,.T.);
#2625=FACE_OUTER_BOUND('',#3069,.T.);
#2626=FACE_OUTER_BOUND('',#3070,.T.);
#2627=FACE_OUTER_BOUND('',#3071,.T.);
#2628=FACE_OUTER_BOUND('',#3072,.T.);
#2629=FACE_OUTER_BOUND('',#3073,.T.);
#2630=FACE_OUTER_BOUND('',#3074,.T.);
#2631=FACE_OUTER_BOUND('',#3075,.T.);
#2632=FACE_OUTER_BOUND('',#3076,.T.);
#2633=FACE_OUTER_BOUND('',#3077,.T.);
#2634=FACE_OUTER_BOUND('',#3078,.T.);
#2635=FACE_OUTER_BOUND('',#3079,.T.);
#2636=FACE_OUTER_BOUND('',#3080,.T.);
#2637=FACE_OUTER_BOUND('',#3081,.T.);
#2638=FACE_OUTER_BOUND('',#3082,.T.);
#2639=FACE_OUTER_BOUND('',#3083,.T.);
#2640=FACE_OUTER_BOUND('',#3084,.T.);
#2641=FACE_OUTER_BOUND('',#3085,.T.);
#2642=FACE_OUTER_BOUND('',#3086,.T.);
#2643=FACE_OUTER_BOUND('',#3087,.T.);
#2644=FACE_OUTER_BOUND('',#3088,.T.);
#2645=FACE_OUTER_BOUND('',#3089,.T.);
#2646=FACE_OUTER_BOUND('',#3090,.T.);
#2647=FACE_OUTER_BOUND('',#3091,.T.);
#2648=FACE_OUTER_BOUND('',#3092,.T.);
#2649=FACE_OUTER_BOUND('',#3093,.T.);
#2650=FACE_OUTER_BOUND('',#3094,.T.);
#2651=FACE_OUTER_BOUND('',#3095,.T.);
#2652=FACE_OUTER_BOUND('',#3096,.T.);
#2653=FACE_OUTER_BOUND('',#3097,.T.);
#2654=FACE_OUTER_BOUND('',#3098,.T.);
#2655=FACE_OUTER_BOUND('',#3099,.T.);
#2656=FACE_OUTER_BOUND('',#3100,.T.);
#2657=FACE_OUTER_BOUND('',#3101,.T.);
#2658=FACE_OUTER_BOUND('',#3102,.T.);
#2659=FACE_OUTER_BOUND('',#3103,.T.);
#2660=FACE_OUTER_BOUND('',#3104,.T.);
#2661=FACE_OUTER_BOUND('',#3105,.T.);
#2662=FACE_OUTER_BOUND('',#3106,.T.);
#2663=FACE_OUTER_BOUND('',#3107,.T.);
#2664=FACE_OUTER_BOUND('',#3110,.T.);
#2665=FACE_OUTER_BOUND('',#3111,.T.);
#2666=FACE_OUTER_BOUND('',#3112,.T.);
#2667=FACE_OUTER_BOUND('',#3113,.T.);
#2668=FACE_OUTER_BOUND('',#3114,.T.);
#2669=FACE_OUTER_BOUND('',#3115,.T.);
#2670=FACE_OUTER_BOUND('',#3116,.T.);
#2671=FACE_OUTER_BOUND('',#3117,.T.);
#2672=FACE_OUTER_BOUND('',#3118,.T.);
#2673=FACE_OUTER_BOUND('',#3119,.T.);
#2674=FACE_OUTER_BOUND('',#3120,.T.);
#2675=FACE_OUTER_BOUND('',#3121,.T.);
#2676=FACE_OUTER_BOUND('',#3122,.T.);
#2677=FACE_OUTER_BOUND('',#3123,.T.);
#2678=FACE_OUTER_BOUND('',#3124,.T.);
#2679=FACE_OUTER_BOUND('',#3125,.T.);
#2680=FACE_OUTER_BOUND('',#3126,.T.);
#2681=FACE_OUTER_BOUND('',#3127,.T.);
#2682=FACE_OUTER_BOUND('',#3128,.T.);
#2683=FACE_OUTER_BOUND('',#3129,.T.);
#2684=FACE_OUTER_BOUND('',#3130,.T.);
#2685=FACE_OUTER_BOUND('',#3131,.T.);
#2686=FACE_OUTER_BOUND('',#3132,.T.);
#2687=FACE_OUTER_BOUND('',#3133,.T.);
#2688=FACE_OUTER_BOUND('',#3134,.T.);
#2689=FACE_OUTER_BOUND('',#3135,.T.);
#2690=FACE_OUTER_BOUND('',#3136,.T.);
#2691=FACE_OUTER_BOUND('',#3137,.T.);
#2692=FACE_OUTER_BOUND('',#3138,.T.);
#2693=FACE_OUTER_BOUND('',#3139,.T.);
#2694=FACE_OUTER_BOUND('',#3140,.T.);
#2695=FACE_OUTER_BOUND('',#3141,.T.);
#2696=FACE_OUTER_BOUND('',#3142,.T.);
#2697=FACE_OUTER_BOUND('',#3143,.T.);
#2698=FACE_OUTER_BOUND('',#3144,.T.);
#2699=FACE_OUTER_BOUND('',#3145,.T.);
#2700=FACE_OUTER_BOUND('',#3146,.T.);
#2701=FACE_OUTER_BOUND('',#3147,.T.);
#2702=FACE_OUTER_BOUND('',#3148,.T.);
#2703=FACE_OUTER_BOUND('',#3153,.T.);
#2704=FACE_OUTER_BOUND('',#3154,.T.);
#2705=FACE_OUTER_BOUND('',#3155,.T.);
#2706=FACE_OUTER_BOUND('',#3160,.T.);
#2707=FACE_OUTER_BOUND('',#3161,.T.);
#2708=FACE_OUTER_BOUND('',#3162,.T.);
#2709=FACE_OUTER_BOUND('',#3163,.T.);
#2710=FACE_OUTER_BOUND('',#3164,.T.);
#2711=FACE_OUTER_BOUND('',#3165,.T.);
#2712=FACE_OUTER_BOUND('',#3166,.T.);
#2713=FACE_OUTER_BOUND('',#3167,.T.);
#2714=FACE_OUTER_BOUND('',#3168,.T.);
#2715=FACE_OUTER_BOUND('',#3169,.T.);
#2716=FACE_OUTER_BOUND('',#3170,.T.);
#2717=FACE_OUTER_BOUND('',#3171,.T.);
#2718=FACE_OUTER_BOUND('',#3172,.T.);
#2719=FACE_OUTER_BOUND('',#3173,.T.);
#2720=FACE_OUTER_BOUND('',#3174,.T.);
#2721=FACE_OUTER_BOUND('',#3175,.T.);
#2722=FACE_OUTER_BOUND('',#3176,.T.);
#2723=FACE_OUTER_BOUND('',#3177,.T.);
#2724=FACE_OUTER_BOUND('',#3178,.T.);
#2725=FACE_OUTER_BOUND('',#3179,.T.);
#2726=FACE_OUTER_BOUND('',#3180,.T.);
#2727=FACE_OUTER_BOUND('',#3181,.T.);
#2728=FACE_OUTER_BOUND('',#3182,.T.);
#2729=FACE_OUTER_BOUND('',#3183,.T.);
#2730=FACE_OUTER_BOUND('',#3184,.T.);
#2731=FACE_OUTER_BOUND('',#3185,.T.);
#2732=FACE_OUTER_BOUND('',#3186,.T.);
#2733=FACE_OUTER_BOUND('',#3187,.T.);
#2734=FACE_OUTER_BOUND('',#3188,.T.);
#2735=FACE_OUTER_BOUND('',#3189,.T.);
#2736=FACE_OUTER_BOUND('',#3190,.T.);
#2737=FACE_OUTER_BOUND('',#3191,.T.);
#2738=FACE_OUTER_BOUND('',#3192,.T.);
#2739=FACE_OUTER_BOUND('',#3193,.T.);
#2740=FACE_OUTER_BOUND('',#3194,.T.);
#2741=FACE_OUTER_BOUND('',#3195,.T.);
#2742=FACE_OUTER_BOUND('',#3196,.T.);
#2743=FACE_OUTER_BOUND('',#3197,.T.);
#2744=FACE_OUTER_BOUND('',#3198,.T.);
#2745=FACE_OUTER_BOUND('',#3201,.T.);
#2746=FACE_OUTER_BOUND('',#3202,.T.);
#2747=FACE_OUTER_BOUND('',#3203,.T.);
#2748=FACE_OUTER_BOUND('',#3204,.T.);
#2749=FACE_OUTER_BOUND('',#3205,.T.);
#2750=FACE_OUTER_BOUND('',#3206,.T.);
#2751=FACE_OUTER_BOUND('',#3207,.T.);
#2752=FACE_OUTER_BOUND('',#3208,.T.);
#2753=FACE_OUTER_BOUND('',#3209,.T.);
#2754=FACE_OUTER_BOUND('',#3210,.T.);
#2755=FACE_OUTER_BOUND('',#3211,.T.);
#2756=FACE_OUTER_BOUND('',#3212,.T.);
#2757=FACE_OUTER_BOUND('',#3213,.T.);
#2758=FACE_OUTER_BOUND('',#3214,.T.);
#2759=FACE_OUTER_BOUND('',#3216,.T.);
#2760=FACE_OUTER_BOUND('',#3218,.T.);
#2761=FACE_OUTER_BOUND('',#3219,.T.);
#2762=FACE_OUTER_BOUND('',#3220,.T.);
#2763=FACE_OUTER_BOUND('',#3221,.T.);
#2764=FACE_OUTER_BOUND('',#3222,.T.);
#2765=FACE_OUTER_BOUND('',#3223,.T.);
#2766=FACE_OUTER_BOUND('',#3224,.T.);
#2767=FACE_OUTER_BOUND('',#3225,.T.);
#2768=FACE_OUTER_BOUND('',#3226,.T.);
#2769=FACE_OUTER_BOUND('',#3227,.T.);
#2770=FACE_OUTER_BOUND('',#3228,.T.);
#2771=FACE_OUTER_BOUND('',#3229,.T.);
#2772=FACE_OUTER_BOUND('',#3230,.T.);
#2773=FACE_OUTER_BOUND('',#3231,.T.);
#2774=FACE_OUTER_BOUND('',#3232,.T.);
#2775=FACE_OUTER_BOUND('',#3233,.T.);
#2776=FACE_OUTER_BOUND('',#3234,.T.);
#2777=FACE_OUTER_BOUND('',#3235,.T.);
#2778=FACE_OUTER_BOUND('',#3236,.T.);
#2779=FACE_OUTER_BOUND('',#3237,.T.);
#2780=FACE_OUTER_BOUND('',#3238,.T.);
#2781=FACE_OUTER_BOUND('',#3240,.T.);
#2782=FACE_OUTER_BOUND('',#3244,.T.);
#2783=FACE_OUTER_BOUND('',#3245,.T.);
#2784=FACE_OUTER_BOUND('',#3246,.T.);
#2785=FACE_OUTER_BOUND('',#3247,.T.);
#2786=FACE_OUTER_BOUND('',#3248,.T.);
#2787=FACE_OUTER_BOUND('',#3249,.T.);
#2788=FACE_OUTER_BOUND('',#3250,.T.);
#2789=FACE_OUTER_BOUND('',#3252,.T.);
#2790=FACE_OUTER_BOUND('',#3253,.T.);
#2791=FACE_OUTER_BOUND('',#3254,.T.);
#2792=FACE_OUTER_BOUND('',#3255,.T.);
#2793=FACE_OUTER_BOUND('',#3256,.T.);
#2794=FACE_OUTER_BOUND('',#3257,.T.);
#2795=FACE_OUTER_BOUND('',#3258,.T.);
#2796=FACE_OUTER_BOUND('',#3260,.T.);
#2797=FACE_OUTER_BOUND('',#3261,.T.);
#2798=FACE_OUTER_BOUND('',#3262,.T.);
#2799=FACE_OUTER_BOUND('',#3263,.T.);
#2800=FACE_OUTER_BOUND('',#3264,.T.);
#2801=FACE_OUTER_BOUND('',#3265,.T.);
#2802=FACE_OUTER_BOUND('',#3266,.T.);
#2803=FACE_OUTER_BOUND('',#3267,.T.);
#2804=FACE_OUTER_BOUND('',#3268,.T.);
#2805=FACE_OUTER_BOUND('',#3269,.T.);
#2806=FACE_OUTER_BOUND('',#3270,.T.);
#2807=FACE_OUTER_BOUND('',#3271,.T.);
#2808=FACE_OUTER_BOUND('',#3272,.T.);
#2809=FACE_OUTER_BOUND('',#3273,.T.);
#2810=FACE_OUTER_BOUND('',#3274,.T.);
#2811=FACE_OUTER_BOUND('',#3275,.T.);
#2812=FACE_OUTER_BOUND('',#3276,.T.);
#2813=FACE_OUTER_BOUND('',#3292,.T.);
#2814=FACE_OUTER_BOUND('',#3293,.T.);
#2815=EDGE_LOOP('',(#5351,#5352,#5353,#5354,#5355));
#2816=EDGE_LOOP('',(#5356,#5357,#5358,#5359,#5360,#5361));
#2817=EDGE_LOOP('',(#5362,#5363,#5364,#5365,#5366,#5367));
#2818=EDGE_LOOP('',(#5368));
#2819=EDGE_LOOP('',(#5369,#5370,#5371,#5372,#5373));
#2820=EDGE_LOOP('',(#5374,#5375,#5376,#5377,#5378,#5379));
#2821=EDGE_LOOP('',(#5380));
#2822=EDGE_LOOP('',(#5381,#5382,#5383,#5384));
#2823=EDGE_LOOP('',(#5385,#5386,#5387,#5388));
#2824=EDGE_LOOP('',(#5389,#5390,#5391,#5392));
#2825=EDGE_LOOP('',(#5393,#5394,#5395,#5396));
#2826=EDGE_LOOP('',(#5397,#5398,#5399,#5400));
#2827=EDGE_LOOP('',(#5401,#5402,#5403,#5404));
#2828=EDGE_LOOP('',(#5405,#5406,#5407,#5408));
#2829=EDGE_LOOP('',(#5409,#5410,#5411,#5412));
#2830=EDGE_LOOP('',(#5413,#5414,#5415,#5416));
#2831=EDGE_LOOP('',(#5417,#5418,#5419,#5420));
#2832=EDGE_LOOP('',(#5421,#5422,#5423,#5424));
#2833=EDGE_LOOP('',(#5425,#5426,#5427,#5428));
#2834=EDGE_LOOP('',(#5429,#5430,#5431,#5432));
#2835=EDGE_LOOP('',(#5433,#5434,#5435,#5436));
#2836=EDGE_LOOP('',(#5437,#5438,#5439,#5440));
#2837=EDGE_LOOP('',(#5441,#5442,#5443,#5444));
#2838=EDGE_LOOP('',(#5445,#5446,#5447,#5448,#5449,#5450));
#2839=EDGE_LOOP('',(#5451,#5452,#5453,#5454,#5455));
#2840=EDGE_LOOP('',(#5456,#5457,#5458,#5459,#5460,#5461));
#2841=EDGE_LOOP('',(#5462,#5463,#5464,#5465,#5466,#5467));
#2842=EDGE_LOOP('',(#5468));
#2843=EDGE_LOOP('',(#5469,#5470,#5471,#5472,#5473));
#2844=EDGE_LOOP('',(#5474,#5475,#5476,#5477,#5478,#5479));
#2845=EDGE_LOOP('',(#5480));
#2846=EDGE_LOOP('',(#5481,#5482,#5483,#5484));
#2847=EDGE_LOOP('',(#5485,#5486,#5487,#5488));
#2848=EDGE_LOOP('',(#5489,#5490,#5491,#5492));
#2849=EDGE_LOOP('',(#5493,#5494,#5495,#5496));
#2850=EDGE_LOOP('',(#5497,#5498,#5499,#5500));
#2851=EDGE_LOOP('',(#5501,#5502,#5503,#5504));
#2852=EDGE_LOOP('',(#5505,#5506,#5507,#5508));
#2853=EDGE_LOOP('',(#5509,#5510,#5511,#5512));
#2854=EDGE_LOOP('',(#5513,#5514,#5515,#5516));
#2855=EDGE_LOOP('',(#5517,#5518,#5519,#5520));
#2856=EDGE_LOOP('',(#5521,#5522,#5523,#5524));
#2857=EDGE_LOOP('',(#5525,#5526,#5527,#5528));
#2858=EDGE_LOOP('',(#5529,#5530,#5531,#5532));
#2859=EDGE_LOOP('',(#5533,#5534,#5535,#5536));
#2860=EDGE_LOOP('',(#5537,#5538,#5539,#5540));
#2861=EDGE_LOOP('',(#5541,#5542,#5543,#5544));
#2862=EDGE_LOOP('',(#5545,#5546,#5547,#5548,#5549,#5550));
#2863=EDGE_LOOP('',(#5551,#5552,#5553,#5554));
#2864=EDGE_LOOP('',(#5555,#5556,#5557,#5558));
#2865=EDGE_LOOP('',(#5559,#5560,#5561,#5562));
#2866=EDGE_LOOP('',(#5563,#5564,#5565,#5566));
#2867=EDGE_LOOP('',(#5567,#5568,#5569,#5570));
#2868=EDGE_LOOP('',(#5571,#5572,#5573,#5574));
#2869=EDGE_LOOP('',(#5575,#5576,#5577,#5578));
#2870=EDGE_LOOP('',(#5579,#5580,#5581,#5582));
#2871=EDGE_LOOP('',(#5583,#5584,#5585,#5586));
#2872=EDGE_LOOP('',(#5587,#5588,#5589,#5590));
#2873=EDGE_LOOP('',(#5591,#5592,#5593,#5594));
#2874=EDGE_LOOP('',(#5595,#5596,#5597,#5598));
#2875=EDGE_LOOP('',(#5599,#5600,#5601,#5602));
#2876=EDGE_LOOP('',(#5603,#5604,#5605,#5606));
#2877=EDGE_LOOP('',(#5607,#5608,#5609,#5610));
#2878=EDGE_LOOP('',(#5611,#5612,#5613,#5614));
#2879=EDGE_LOOP('',(#5615,#5616,#5617,#5618));
#2880=EDGE_LOOP('',(#5619,#5620,#5621,#5622,#5623,#5624,#5625,#5626,#5627,
#5628,#5629,#5630));
#2881=EDGE_LOOP('',(#5631,#5632,#5633,#5634));
#2882=EDGE_LOOP('',(#5635,#5636,#5637,#5638));
#2883=EDGE_LOOP('',(#5639,#5640,#5641,#5642));
#2884=EDGE_LOOP('',(#5643,#5644,#5645,#5646));
#2885=EDGE_LOOP('',(#5647,#5648,#5649,#5650));
#2886=EDGE_LOOP('',(#5651,#5652,#5653,#5654));
#2887=EDGE_LOOP('',(#5655,#5656,#5657,#5658));
#2888=EDGE_LOOP('',(#5659,#5660,#5661,#5662));
#2889=EDGE_LOOP('',(#5663,#5664,#5665,#5666));
#2890=EDGE_LOOP('',(#5667,#5668,#5669,#5670));
#2891=EDGE_LOOP('',(#5671,#5672,#5673,#5674));
#2892=EDGE_LOOP('',(#5675,#5676,#5677,#5678));
#2893=EDGE_LOOP('',(#5679,#5680,#5681,#5682));
#2894=EDGE_LOOP('',(#5683,#5684,#5685,#5686,#5687,#5688,#5689,#5690,#5691,
#5692,#5693,#5694,#5695));
#2895=EDGE_LOOP('',(#5696,#5697,#5698,#5699));
#2896=EDGE_LOOP('',(#5700,#5701,#5702,#5703));
#2897=EDGE_LOOP('',(#5704));
#2898=EDGE_LOOP('',(#5705));
#2899=EDGE_LOOP('',(#5706,#5707,#5708,#5709,#5710,#5711,#5712,#5713,#5714,
#5715,#5716,#5717));
#2900=EDGE_LOOP('',(#5718,#5719,#5720,#5721,#5722,#5723,#5724,#5725,#5726,
#5727,#5728,#5729,#5730));
#2901=EDGE_LOOP('',(#5731,#5732,#5733,#5734,#5735,#5736,#5737,#5738));
#2902=EDGE_LOOP('',(#5739,#5740,#5741,#5742,#5743,#5744,#5745,#5746));
#2903=EDGE_LOOP('',(#5747,#5748,#5749,#5750,#5751,#5752,#5753,#5754,#5755,
#5756,#5757,#5758,#5759,#5760));
#2904=EDGE_LOOP('',(#5761,#5762,#5763,#5764));
#2905=EDGE_LOOP('',(#5765,#5766,#5767,#5768,#5769,#5770,#5771,#5772,#5773,
#5774,#5775,#5776));
#2906=EDGE_LOOP('',(#5777,#5778,#5779,#5780,#5781,#5782,#5783,#5784,#5785,
#5786,#5787,#5788,#5789,#5790,#5791));
#2907=EDGE_LOOP('',(#5792));
#2908=EDGE_LOOP('',(#5793,#5794,#5795,#5796));
#2909=EDGE_LOOP('',(#5797,#5798,#5799,#5800));
#2910=EDGE_LOOP('',(#5801,#5802,#5803,#5804));
#2911=EDGE_LOOP('',(#5805,#5806,#5807,#5808));
#2912=EDGE_LOOP('',(#5809,#5810,#5811,#5812));
#2913=EDGE_LOOP('',(#5813,#5814,#5815,#5816));
#2914=EDGE_LOOP('',(#5817,#5818,#5819,#5820));
#2915=EDGE_LOOP('',(#5821,#5822,#5823,#5824));
#2916=EDGE_LOOP('',(#5825,#5826,#5827,#5828));
#2917=EDGE_LOOP('',(#5829,#5830,#5831,#5832));
#2918=EDGE_LOOP('',(#5833,#5834,#5835,#5836));
#2919=EDGE_LOOP('',(#5837,#5838,#5839,#5840));
#2920=EDGE_LOOP('',(#5841,#5842,#5843,#5844));
#2921=EDGE_LOOP('',(#5845,#5846,#5847,#5848));
#2922=EDGE_LOOP('',(#5849,#5850,#5851,#5852));
#2923=EDGE_LOOP('',(#5853,#5854,#5855,#5856,#5857,#5858,#5859,#5860,#5861,
#5862,#5863,#5864,#5865,#5866,#5867));
#2924=EDGE_LOOP('',(#5868,#5869,#5870,#5871));
#2925=EDGE_LOOP('',(#5872,#5873,#5874,#5875));
#2926=EDGE_LOOP('',(#5876,#5877,#5878,#5879));
#2927=EDGE_LOOP('',(#5880,#5881,#5882,#5883));
#2928=EDGE_LOOP('',(#5884,#5885,#5886,#5887));
#2929=EDGE_LOOP('',(#5888,#5889,#5890,#5891));
#2930=EDGE_LOOP('',(#5892,#5893,#5894,#5895));
#2931=EDGE_LOOP('',(#5896,#5897,#5898,#5899));
#2932=EDGE_LOOP('',(#5900,#5901,#5902,#5903));
#2933=EDGE_LOOP('',(#5904,#5905,#5906,#5907));
#2934=EDGE_LOOP('',(#5908,#5909,#5910,#5911));
#2935=EDGE_LOOP('',(#5912,#5913,#5914,#5915));
#2936=EDGE_LOOP('',(#5916,#5917,#5918,#5919,#5920,#5921,#5922,#5923,#5924,
#5925,#5926,#5927));
#2937=EDGE_LOOP('',(#5928,#5929,#5930,#5931));
#2938=EDGE_LOOP('',(#5932,#5933,#5934,#5935));
#2939=EDGE_LOOP('',(#5936,#5937,#5938,#5939));
#2940=EDGE_LOOP('',(#5940,#5941,#5942,#5943));
#2941=EDGE_LOOP('',(#5944,#5945,#5946,#5947));
#2942=EDGE_LOOP('',(#5948,#5949,#5950,#5951));
#2943=EDGE_LOOP('',(#5952,#5953,#5954,#5955));
#2944=EDGE_LOOP('',(#5956,#5957,#5958,#5959));
#2945=EDGE_LOOP('',(#5960,#5961,#5962,#5963));
#2946=EDGE_LOOP('',(#5964,#5965,#5966,#5967));
#2947=EDGE_LOOP('',(#5968,#5969,#5970,#5971));
#2948=EDGE_LOOP('',(#5972,#5973,#5974,#5975));
#2949=EDGE_LOOP('',(#5976,#5977,#5978,#5979));
#2950=EDGE_LOOP('',(#5980,#5981,#5982,#5983));
#2951=EDGE_LOOP('',(#5984,#5985,#5986,#5987,#5988,#5989,#5990,#5991));
#2952=EDGE_LOOP('',(#5992));
#2953=EDGE_LOOP('',(#5993));
#2954=EDGE_LOOP('',(#5994,#5995,#5996,#5997));
#2955=EDGE_LOOP('',(#5998,#5999,#6000,#6001));
#2956=EDGE_LOOP('',(#6002,#6003,#6004,#6005));
#2957=EDGE_LOOP('',(#6006,#6007,#6008,#6009));
#2958=EDGE_LOOP('',(#6010,#6011,#6012,#6013));
#2959=EDGE_LOOP('',(#6014,#6015,#6016,#6017));
#2960=EDGE_LOOP('',(#6018,#6019,#6020,#6021));
#2961=EDGE_LOOP('',(#6022,#6023,#6024,#6025));
#2962=EDGE_LOOP('',(#6026,#6027,#6028,#6029,#6030,#6031,#6032,#6033));
#2963=EDGE_LOOP('',(#6034,#6035,#6036,#6037));
#2964=EDGE_LOOP('',(#6038,#6039,#6040,#6041));
#2965=EDGE_LOOP('',(#6042,#6043,#6044,#6045));
#2966=EDGE_LOOP('',(#6046,#6047,#6048,#6049));
#2967=EDGE_LOOP('',(#6050,#6051,#6052,#6053));
#2968=EDGE_LOOP('',(#6054,#6055,#6056,#6057));
#2969=EDGE_LOOP('',(#6058,#6059,#6060,#6061));
#2970=EDGE_LOOP('',(#6062,#6063,#6064,#6065));
#2971=EDGE_LOOP('',(#6066,#6067,#6068,#6069));
#2972=EDGE_LOOP('',(#6070,#6071,#6072,#6073));
#2973=EDGE_LOOP('',(#6074,#6075,#6076,#6077));
#2974=EDGE_LOOP('',(#6078,#6079,#6080,#6081));
#2975=EDGE_LOOP('',(#6082,#6083,#6084,#6085));
#2976=EDGE_LOOP('',(#6086,#6087,#6088,#6089));
#2977=EDGE_LOOP('',(#6090,#6091,#6092,#6093,#6094,#6095,#6096,#6097,#6098,
#6099,#6100,#6101,#6102,#6103));
#2978=EDGE_LOOP('',(#6104,#6105,#6106,#6107));
#2979=EDGE_LOOP('',(#6108,#6109,#6110,#6111));
#2980=EDGE_LOOP('',(#6112,#6113,#6114,#6115));
#2981=EDGE_LOOP('',(#6116,#6117,#6118,#6119));
#2982=EDGE_LOOP('',(#6120,#6121,#6122,#6123));
#2983=EDGE_LOOP('',(#6124,#6125,#6126,#6127));
#2984=EDGE_LOOP('',(#6128,#6129,#6130,#6131));
#2985=EDGE_LOOP('',(#6132,#6133,#6134,#6135));
#2986=EDGE_LOOP('',(#6136,#6137,#6138,#6139));
#2987=EDGE_LOOP('',(#6140,#6141,#6142,#6143));
#2988=EDGE_LOOP('',(#6144,#6145,#6146,#6147));
#2989=EDGE_LOOP('',(#6148,#6149,#6150,#6151));
#2990=EDGE_LOOP('',(#6152,#6153,#6154,#6155,#6156,#6157,#6158));
#2991=EDGE_LOOP('',(#6159,#6160,#6161,#6162));
#2992=EDGE_LOOP('',(#6163,#6164,#6165,#6166));
#2993=EDGE_LOOP('',(#6167,#6168,#6169,#6170));
#2994=EDGE_LOOP('',(#6171,#6172,#6173,#6174));
#2995=EDGE_LOOP('',(#6175,#6176,#6177,#6178));
#2996=EDGE_LOOP('',(#6179,#6180,#6181,#6182));
#2997=EDGE_LOOP('',(#6183,#6184,#6185,#6186));
#2998=EDGE_LOOP('',(#6187,#6188,#6189,#6190));
#2999=EDGE_LOOP('',(#6191,#6192,#6193,#6194));
#3000=EDGE_LOOP('',(#6195,#6196,#6197,#6198));
#3001=EDGE_LOOP('',(#6199,#6200,#6201,#6202));
#3002=EDGE_LOOP('',(#6203,#6204,#6205,#6206));
#3003=EDGE_LOOP('',(#6207,#6208,#6209,#6210));
#3004=EDGE_LOOP('',(#6211,#6212,#6213,#6214));
#3005=EDGE_LOOP('',(#6215,#6216,#6217,#6218));
#3006=EDGE_LOOP('',(#6219,#6220,#6221,#6222));
#3007=EDGE_LOOP('',(#6223,#6224,#6225,#6226));
#3008=EDGE_LOOP('',(#6227,#6228,#6229,#6230));
#3009=EDGE_LOOP('',(#6231,#6232,#6233,#6234));
#3010=EDGE_LOOP('',(#6235,#6236,#6237,#6238));
#3011=EDGE_LOOP('',(#6239,#6240,#6241,#6242));
#3012=EDGE_LOOP('',(#6243,#6244,#6245,#6246));
#3013=EDGE_LOOP('',(#6247,#6248,#6249,#6250));
#3014=EDGE_LOOP('',(#6251,#6252,#6253,#6254,#6255,#6256,#6257,#6258,#6259,
#6260,#6261,#6262,#6263,#6264,#6265,#6266,#6267,#6268));
#3015=EDGE_LOOP('',(#6269,#6270,#6271,#6272));
#3016=EDGE_LOOP('',(#6273,#6274,#6275,#6276));
#3017=EDGE_LOOP('',(#6277,#6278,#6279,#6280));
#3018=EDGE_LOOP('',(#6281,#6282,#6283,#6284));
#3019=EDGE_LOOP('',(#6285,#6286,#6287,#6288));
#3020=EDGE_LOOP('',(#6289,#6290,#6291,#6292));
#3021=EDGE_LOOP('',(#6293,#6294,#6295,#6296));
#3022=EDGE_LOOP('',(#6297,#6298,#6299,#6300,#6301,#6302,#6303));
#3023=EDGE_LOOP('',(#6304,#6305,#6306,#6307));
#3024=EDGE_LOOP('',(#6308,#6309,#6310,#6311));
#3025=EDGE_LOOP('',(#6312,#6313,#6314,#6315));
#3026=EDGE_LOOP('',(#6316,#6317,#6318,#6319));
#3027=EDGE_LOOP('',(#6320,#6321,#6322,#6323));
#3028=EDGE_LOOP('',(#6324,#6325,#6326,#6327));
#3029=EDGE_LOOP('',(#6328,#6329,#6330,#6331));
#3030=EDGE_LOOP('',(#6332,#6333,#6334,#6335));
#3031=EDGE_LOOP('',(#6336,#6337,#6338,#6339));
#3032=EDGE_LOOP('',(#6340,#6341,#6342,#6343));
#3033=EDGE_LOOP('',(#6344,#6345,#6346,#6347));
#3034=EDGE_LOOP('',(#6348,#6349,#6350,#6351,#6352,#6353,#6354,#6355,#6356,
#6357,#6358));
#3035=EDGE_LOOP('',(#6359,#6360,#6361,#6362));
#3036=EDGE_LOOP('',(#6363,#6364,#6365,#6366));
#3037=EDGE_LOOP('',(#6367,#6368,#6369,#6370));
#3038=EDGE_LOOP('',(#6371,#6372,#6373,#6374));
#3039=EDGE_LOOP('',(#6375,#6376,#6377,#6378));
#3040=EDGE_LOOP('',(#6379,#6380,#6381,#6382));
#3041=EDGE_LOOP('',(#6383,#6384,#6385,#6386));
#3042=EDGE_LOOP('',(#6387,#6388,#6389,#6390,#6391,#6392,#6393));
#3043=EDGE_LOOP('',(#6394,#6395,#6396,#6397));
#3044=EDGE_LOOP('',(#6398,#6399,#6400,#6401));
#3045=EDGE_LOOP('',(#6402,#6403,#6404,#6405));
#3046=EDGE_LOOP('',(#6406,#6407,#6408,#6409));
#3047=EDGE_LOOP('',(#6410,#6411,#6412,#6413));
#3048=EDGE_LOOP('',(#6414,#6415,#6416,#6417));
#3049=EDGE_LOOP('',(#6418,#6419,#6420,#6421));
#3050=EDGE_LOOP('',(#6422,#6423,#6424,#6425));
#3051=EDGE_LOOP('',(#6426,#6427,#6428,#6429));
#3052=EDGE_LOOP('',(#6430,#6431,#6432,#6433));
#3053=EDGE_LOOP('',(#6434,#6435,#6436,#6437));
#3054=EDGE_LOOP('',(#6438,#6439,#6440,#6441));
#3055=EDGE_LOOP('',(#6442,#6443,#6444,#6445));
#3056=EDGE_LOOP('',(#6446,#6447,#6448,#6449));
#3057=EDGE_LOOP('',(#6450,#6451,#6452,#6453));
#3058=EDGE_LOOP('',(#6454,#6455,#6456,#6457));
#3059=EDGE_LOOP('',(#6458,#6459,#6460,#6461,#6462,#6463));
#3060=EDGE_LOOP('',(#6464,#6465,#6466,#6467));
#3061=EDGE_LOOP('',(#6468,#6469,#6470,#6471));
#3062=EDGE_LOOP('',(#6472,#6473,#6474,#6475));
#3063=EDGE_LOOP('',(#6476,#6477,#6478,#6479));
#3064=EDGE_LOOP('',(#6480,#6481,#6482,#6483));
#3065=EDGE_LOOP('',(#6484,#6485,#6486,#6487));
#3066=EDGE_LOOP('',(#6488,#6489,#6490,#6491,#6492,#6493));
#3067=EDGE_LOOP('',(#6494,#6495,#6496,#6497));
#3068=EDGE_LOOP('',(#6498,#6499,#6500,#6501));
#3069=EDGE_LOOP('',(#6502,#6503,#6504,#6505));
#3070=EDGE_LOOP('',(#6506,#6507,#6508,#6509));
#3071=EDGE_LOOP('',(#6510,#6511,#6512,#6513));
#3072=EDGE_LOOP('',(#6514,#6515,#6516,#6517));
#3073=EDGE_LOOP('',(#6518,#6519,#6520,#6521));
#3074=EDGE_LOOP('',(#6522,#6523,#6524,#6525));
#3075=EDGE_LOOP('',(#6526,#6527,#6528,#6529,#6530,#6531,#6532,#6533));
#3076=EDGE_LOOP('',(#6534,#6535,#6536,#6537));
#3077=EDGE_LOOP('',(#6538,#6539,#6540,#6541));
#3078=EDGE_LOOP('',(#6542,#6543,#6544,#6545));
#3079=EDGE_LOOP('',(#6546,#6547,#6548,#6549));
#3080=EDGE_LOOP('',(#6550,#6551,#6552,#6553));
#3081=EDGE_LOOP('',(#6554,#6555,#6556,#6557));
#3082=EDGE_LOOP('',(#6558,#6559,#6560,#6561));
#3083=EDGE_LOOP('',(#6562,#6563,#6564,#6565));
#3084=EDGE_LOOP('',(#6566,#6567,#6568,#6569));
#3085=EDGE_LOOP('',(#6570,#6571,#6572,#6573));
#3086=EDGE_LOOP('',(#6574,#6575,#6576,#6577));
#3087=EDGE_LOOP('',(#6578,#6579,#6580,#6581,#6582,#6583,#6584,#6585,#6586,
#6587,#6588));
#3088=EDGE_LOOP('',(#6589,#6590,#6591,#6592));
#3089=EDGE_LOOP('',(#6593,#6594,#6595,#6596,#6597,#6598));
#3090=EDGE_LOOP('',(#6599,#6600,#6601,#6602));
#3091=EDGE_LOOP('',(#6603,#6604,#6605,#6606));
#3092=EDGE_LOOP('',(#6607,#6608,#6609,#6610));
#3093=EDGE_LOOP('',(#6611,#6612,#6613,#6614));
#3094=EDGE_LOOP('',(#6615,#6616,#6617,#6618));
#3095=EDGE_LOOP('',(#6619,#6620,#6621,#6622));
#3096=EDGE_LOOP('',(#6623,#6624,#6625,#6626));
#3097=EDGE_LOOP('',(#6627,#6628,#6629,#6630,#6631,#6632));
#3098=EDGE_LOOP('',(#6633,#6634,#6635,#6636,#6637,#6638,#6639,#6640,#6641,
#6642,#6643,#6644));
#3099=EDGE_LOOP('',(#6645,#6646,#6647,#6648));
#3100=EDGE_LOOP('',(#6649,#6650,#6651,#6652));
#3101=EDGE_LOOP('',(#6653,#6654,#6655,#6656,#6657,#6658,#6659,#6660,#6661,
#6662,#6663,#6664));
#3102=EDGE_LOOP('',(#6665,#6666,#6667,#6668));
#3103=EDGE_LOOP('',(#6669,#6670,#6671,#6672));
#3104=EDGE_LOOP('',(#6673,#6674,#6675,#6676));
#3105=EDGE_LOOP('',(#6677,#6678,#6679,#6680));
#3106=EDGE_LOOP('',(#6681,#6682,#6683,#6684,#6685,#6686,#6687,#6688,#6689,
#6690,#6691,#6692));
#3107=EDGE_LOOP('',(#6693,#6694,#6695,#6696,#6697,#6698));
#3108=EDGE_LOOP('',(#6699));
#3109=EDGE_LOOP('',(#6700));
#3110=EDGE_LOOP('',(#6701,#6702,#6703,#6704,#6705,#6706,#6707,#6708,#6709,
#6710,#6711,#6712));
#3111=EDGE_LOOP('',(#6713));
#3112=EDGE_LOOP('',(#6714,#6715,#6716,#6717,#6718,#6719,#6720,#6721));
#3113=EDGE_LOOP('',(#6722,#6723,#6724,#6725));
#3114=EDGE_LOOP('',(#6726,#6727,#6728,#6729));
#3115=EDGE_LOOP('',(#6730,#6731,#6732,#6733));
#3116=EDGE_LOOP('',(#6734,#6735,#6736,#6737,#6738,#6739,#6740,#6741));
#3117=EDGE_LOOP('',(#6742,#6743,#6744,#6745));
#3118=EDGE_LOOP('',(#6746,#6747,#6748,#6749));
#3119=EDGE_LOOP('',(#6750,#6751,#6752,#6753));
#3120=EDGE_LOOP('',(#6754,#6755,#6756,#6757));
#3121=EDGE_LOOP('',(#6758,#6759,#6760,#6761,#6762,#6763,#6764,#6765));
#3122=EDGE_LOOP('',(#6766,#6767,#6768,#6769));
#3123=EDGE_LOOP('',(#6770,#6771,#6772,#6773));
#3124=EDGE_LOOP('',(#6774,#6775,#6776,#6777));
#3125=EDGE_LOOP('',(#6778,#6779,#6780,#6781,#6782,#6783,#6784,#6785));
#3126=EDGE_LOOP('',(#6786,#6787,#6788,#6789));
#3127=EDGE_LOOP('',(#6790,#6791,#6792,#6793));
#3128=EDGE_LOOP('',(#6794,#6795,#6796,#6797));
#3129=EDGE_LOOP('',(#6798,#6799,#6800,#6801,#6802,#6803,#6804,#6805));
#3130=EDGE_LOOP('',(#6806,#6807,#6808,#6809));
#3131=EDGE_LOOP('',(#6810,#6811,#6812,#6813));
#3132=EDGE_LOOP('',(#6814,#6815,#6816,#6817));
#3133=EDGE_LOOP('',(#6818,#6819,#6820,#6821,#6822,#6823,#6824,#6825));
#3134=EDGE_LOOP('',(#6826,#6827,#6828,#6829));
#3135=EDGE_LOOP('',(#6830,#6831,#6832,#6833));
#3136=EDGE_LOOP('',(#6834,#6835,#6836,#6837));
#3137=EDGE_LOOP('',(#6838,#6839,#6840,#6841,#6842,#6843,#6844,#6845));
#3138=EDGE_LOOP('',(#6846,#6847,#6848,#6849));
#3139=EDGE_LOOP('',(#6850,#6851,#6852,#6853));
#3140=EDGE_LOOP('',(#6854,#6855,#6856,#6857));
#3141=EDGE_LOOP('',(#6858,#6859,#6860,#6861,#6862,#6863,#6864,#6865));
#3142=EDGE_LOOP('',(#6866,#6867,#6868,#6869));
#3143=EDGE_LOOP('',(#6870,#6871,#6872,#6873));
#3144=EDGE_LOOP('',(#6874,#6875,#6876,#6877));
#3145=EDGE_LOOP('',(#6878,#6879,#6880,#6881));
#3146=EDGE_LOOP('',(#6882,#6883,#6884,#6885,#6886));
#3147=EDGE_LOOP('',(#6887,#6888,#6889,#6890,#6891));
#3148=EDGE_LOOP('',(#6892));
#3149=EDGE_LOOP('',(#6893,#6894,#6895,#6896,#6897,#6898,#6899,#6900));
#3150=EDGE_LOOP('',(#6901,#6902,#6903,#6904,#6905,#6906,#6907,#6908));
#3151=EDGE_LOOP('',(#6909,#6910,#6911,#6912,#6913,#6914,#6915,#6916));
#3152=EDGE_LOOP('',(#6917,#6918,#6919,#6920,#6921,#6922,#6923,#6924));
#3153=EDGE_LOOP('',(#6925,#6926,#6927,#6928,#6929));
#3154=EDGE_LOOP('',(#6930,#6931,#6932,#6933,#6934));
#3155=EDGE_LOOP('',(#6935));
#3156=EDGE_LOOP('',(#6936,#6937,#6938,#6939,#6940,#6941,#6942,#6943));
#3157=EDGE_LOOP('',(#6944,#6945,#6946,#6947,#6948,#6949,#6950,#6951));
#3158=EDGE_LOOP('',(#6952,#6953,#6954,#6955,#6956,#6957,#6958,#6959));
#3159=EDGE_LOOP('',(#6960,#6961,#6962,#6963,#6964,#6965,#6966,#6967));
#3160=EDGE_LOOP('',(#6968,#6969,#6970,#6971));
#3161=EDGE_LOOP('',(#6972,#6973,#6974,#6975));
#3162=EDGE_LOOP('',(#6976,#6977,#6978,#6979));
#3163=EDGE_LOOP('',(#6980,#6981,#6982,#6983));
#3164=EDGE_LOOP('',(#6984,#6985,#6986,#6987));
#3165=EDGE_LOOP('',(#6988,#6989,#6990,#6991));
#3166=EDGE_LOOP('',(#6992,#6993,#6994,#6995));
#3167=EDGE_LOOP('',(#6996,#6997,#6998,#6999));
#3168=EDGE_LOOP('',(#7000,#7001,#7002,#7003));
#3169=EDGE_LOOP('',(#7004,#7005,#7006,#7007));
#3170=EDGE_LOOP('',(#7008,#7009,#7010,#7011));
#3171=EDGE_LOOP('',(#7012,#7013,#7014,#7015));
#3172=EDGE_LOOP('',(#7016,#7017,#7018,#7019));
#3173=EDGE_LOOP('',(#7020,#7021,#7022,#7023));
#3174=EDGE_LOOP('',(#7024,#7025,#7026,#7027));
#3175=EDGE_LOOP('',(#7028,#7029,#7030,#7031));
#3176=EDGE_LOOP('',(#7032,#7033,#7034,#7035));
#3177=EDGE_LOOP('',(#7036,#7037,#7038,#7039));
#3178=EDGE_LOOP('',(#7040,#7041,#7042,#7043));
#3179=EDGE_LOOP('',(#7044,#7045,#7046,#7047));
#3180=EDGE_LOOP('',(#7048,#7049,#7050,#7051));
#3181=EDGE_LOOP('',(#7052,#7053,#7054,#7055));
#3182=EDGE_LOOP('',(#7056,#7057,#7058,#7059));
#3183=EDGE_LOOP('',(#7060,#7061,#7062,#7063));
#3184=EDGE_LOOP('',(#7064,#7065,#7066,#7067));
#3185=EDGE_LOOP('',(#7068,#7069,#7070,#7071));
#3186=EDGE_LOOP('',(#7072,#7073,#7074,#7075));
#3187=EDGE_LOOP('',(#7076,#7077,#7078,#7079));
#3188=EDGE_LOOP('',(#7080,#7081,#7082,#7083));
#3189=EDGE_LOOP('',(#7084,#7085,#7086,#7087));
#3190=EDGE_LOOP('',(#7088,#7089,#7090,#7091));
#3191=EDGE_LOOP('',(#7092,#7093,#7094,#7095));
#3192=EDGE_LOOP('',(#7096,#7097,#7098,#7099));
#3193=EDGE_LOOP('',(#7100,#7101,#7102,#7103));
#3194=EDGE_LOOP('',(#7104,#7105,#7106,#7107));
#3195=EDGE_LOOP('',(#7108,#7109,#7110,#7111));
#3196=EDGE_LOOP('',(#7112,#7113,#7114,#7115));
#3197=EDGE_LOOP('',(#7116,#7117,#7118,#7119));
#3198=EDGE_LOOP('',(#7120,#7121,#7122,#7123,#7124,#7125,#7126,#7127,#7128,
#7129,#7130,#7131));
#3199=EDGE_LOOP('',(#7132));
#3200=EDGE_LOOP('',(#7133));
#3201=EDGE_LOOP('',(#7134));
#3202=EDGE_LOOP('',(#7135,#7136,#7137,#7138));
#3203=EDGE_LOOP('',(#7139,#7140,#7141,#7142));
#3204=EDGE_LOOP('',(#7143,#7144,#7145,#7146));
#3205=EDGE_LOOP('',(#7147,#7148,#7149,#7150));
#3206=EDGE_LOOP('',(#7151,#7152,#7153,#7154));
#3207=EDGE_LOOP('',(#7155,#7156,#7157,#7158));
#3208=EDGE_LOOP('',(#7159,#7160,#7161,#7162));
#3209=EDGE_LOOP('',(#7163,#7164,#7165,#7166));
#3210=EDGE_LOOP('',(#7167,#7168,#7169,#7170));
#3211=EDGE_LOOP('',(#7171,#7172,#7173,#7174));
#3212=EDGE_LOOP('',(#7175,#7176,#7177,#7178));
#3213=EDGE_LOOP('',(#7179,#7180,#7181,#7182));
#3214=EDGE_LOOP('',(#7183,#7184,#7185,#7186,#7187,#7188,#7189,#7190));
#3215=EDGE_LOOP('',(#7191,#7192,#7193,#7194,#7195,#7196));
#3216=EDGE_LOOP('',(#7197,#7198,#7199,#7200,#7201,#7202,#7203,#7204));
#3217=EDGE_LOOP('',(#7205,#7206,#7207,#7208,#7209,#7210));
#3218=EDGE_LOOP('',(#7211,#7212,#7213,#7214));
#3219=EDGE_LOOP('',(#7215,#7216,#7217,#7218));
#3220=EDGE_LOOP('',(#7219,#7220,#7221,#7222));
#3221=EDGE_LOOP('',(#7223,#7224,#7225,#7226));
#3222=EDGE_LOOP('',(#7227,#7228,#7229,#7230));
#3223=EDGE_LOOP('',(#7231,#7232,#7233,#7234));
#3224=EDGE_LOOP('',(#7235,#7236,#7237,#7238));
#3225=EDGE_LOOP('',(#7239,#7240,#7241,#7242));
#3226=EDGE_LOOP('',(#7243,#7244,#7245,#7246));
#3227=EDGE_LOOP('',(#7247,#7248,#7249,#7250));
#3228=EDGE_LOOP('',(#7251,#7252,#7253,#7254));
#3229=EDGE_LOOP('',(#7255,#7256,#7257,#7258));
#3230=EDGE_LOOP('',(#7259,#7260,#7261,#7262));
#3231=EDGE_LOOP('',(#7263,#7264,#7265,#7266));
#3232=EDGE_LOOP('',(#7267,#7268,#7269,#7270));
#3233=EDGE_LOOP('',(#7271,#7272,#7273,#7274));
#3234=EDGE_LOOP('',(#7275,#7276,#7277,#7278));
#3235=EDGE_LOOP('',(#7279,#7280,#7281,#7282));
#3236=EDGE_LOOP('',(#7283,#7284,#7285,#7286));
#3237=EDGE_LOOP('',(#7287,#7288,#7289,#7290));
#3238=EDGE_LOOP('',(#7291,#7292,#7293,#7294,#7295,#7296,#7297,#7298));
#3239=EDGE_LOOP('',(#7299,#7300,#7301,#7302,#7303,#7304,#7305,#7306,#7307,
#7308,#7309,#7310));
#3240=EDGE_LOOP('',(#7311,#7312,#7313,#7314,#7315,#7316,#7317,#7318,#7319,
#7320,#7321,#7322,#7323,#7324,#7325,#7326));
#3241=EDGE_LOOP('',(#7327));
#3242=EDGE_LOOP('',(#7328));
#3243=EDGE_LOOP('',(#7329,#7330,#7331,#7332,#7333,#7334,#7335,#7336));
#3244=EDGE_LOOP('',(#7337,#7338,#7339,#7340));
#3245=EDGE_LOOP('',(#7341,#7342,#7343,#7344));
#3246=EDGE_LOOP('',(#7345,#7346,#7347,#7348));
#3247=EDGE_LOOP('',(#7349,#7350,#7351,#7352));
#3248=EDGE_LOOP('',(#7353,#7354,#7355,#7356));
#3249=EDGE_LOOP('',(#7357,#7358,#7359,#7360));
#3250=EDGE_LOOP('',(#7361,#7362,#7363,#7364,#7365,#7366));
#3251=EDGE_LOOP('',(#7367));
#3252=EDGE_LOOP('',(#7368,#7369,#7370,#7371));
#3253=EDGE_LOOP('',(#7372,#7373,#7374,#7375));
#3254=EDGE_LOOP('',(#7376,#7377,#7378,#7379));
#3255=EDGE_LOOP('',(#7380,#7381,#7382,#7383));
#3256=EDGE_LOOP('',(#7384,#7385,#7386,#7387));
#3257=EDGE_LOOP('',(#7388,#7389,#7390,#7391));
#3258=EDGE_LOOP('',(#7392,#7393,#7394,#7395,#7396,#7397));
#3259=EDGE_LOOP('',(#7398));
#3260=EDGE_LOOP('',(#7399,#7400,#7401,#7402));
#3261=EDGE_LOOP('',(#7403,#7404,#7405,#7406));
#3262=EDGE_LOOP('',(#7407,#7408,#7409,#7410));
#3263=EDGE_LOOP('',(#7411,#7412,#7413,#7414));
#3264=EDGE_LOOP('',(#7415,#7416,#7417,#7418));
#3265=EDGE_LOOP('',(#7419,#7420,#7421,#7422));
#3266=EDGE_LOOP('',(#7423,#7424,#7425,#7426));
#3267=EDGE_LOOP('',(#7427,#7428,#7429,#7430));
#3268=EDGE_LOOP('',(#7431,#7432,#7433,#7434));
#3269=EDGE_LOOP('',(#7435,#7436,#7437,#7438));
#3270=EDGE_LOOP('',(#7439,#7440,#7441,#7442));
#3271=EDGE_LOOP('',(#7443,#7444,#7445,#7446));
#3272=EDGE_LOOP('',(#7447));
#3273=EDGE_LOOP('',(#7448,#7449,#7450,#7451));
#3274=EDGE_LOOP('',(#7452,#7453,#7454,#7455));
#3275=EDGE_LOOP('',(#7456,#7457,#7458,#7459));
#3276=EDGE_LOOP('',(#7460,#7461,#7462,#7463,#7464,#7465,#7466,#7467,#7468,
#7469,#7470,#7471));
#3277=EDGE_LOOP('',(#7472,#7473,#7474,#7475));
#3278=EDGE_LOOP('',(#7476,#7477,#7478,#7479,#7480,#7481,#7482,#7483,#7484,
#7485,#7486,#7487));
#3279=EDGE_LOOP('',(#7488,#7489,#7490,#7491));
#3280=EDGE_LOOP('',(#7492,#7493,#7494,#7495,#7496,#7497,#7498));
#3281=EDGE_LOOP('',(#7499,#7500,#7501,#7502));
#3282=EDGE_LOOP('',(#7503,#7504,#7505,#7506,#7507,#7508,#7509,#7510,#7511,
#7512,#7513,#7514,#7515,#7516,#7517,#7518,#7519,#7520));
#3283=EDGE_LOOP('',(#7521,#7522,#7523,#7524,#7525,#7526,#7527));
#3284=EDGE_LOOP('',(#7528,#7529,#7530,#7531,#7532,#7533,#7534,#7535,#7536,
#7537,#7538));
#3285=EDGE_LOOP('',(#7539,#7540,#7541,#7542,#7543,#7544,#7545));
#3286=EDGE_LOOP('',(#7546,#7547,#7548,#7549));
#3287=EDGE_LOOP('',(#7550,#7551,#7552,#7553));
#3288=EDGE_LOOP('',(#7554,#7555,#7556,#7557,#7558,#7559));
#3289=EDGE_LOOP('',(#7560,#7561,#7562,#7563,#7564,#7565));
#3290=EDGE_LOOP('',(#7566,#7567,#7568,#7569,#7570,#7571,#7572,#7573));
#3291=EDGE_LOOP('',(#7574,#7575,#7576,#7577,#7578,#7579,#7580,#7581,#7582,
#7583,#7584));
#3292=EDGE_LOOP('',(#7585,#7586,#7587,#7588));
#3293=EDGE_LOOP('',(#7589,#7590,#7591,#7592,#7593,#7594,#7595,#7596));
#3294=EDGE_LOOP('',(#7597,#7598,#7599,#7600,#7601,#7602));
#3295=CIRCLE('',#8068,1.25);
#3296=CIRCLE('',#8069,0.025);
#3297=CIRCLE('',#8070,1.275);
#3298=CIRCLE('',#8071,1.25);
#3299=CIRCLE('',#8073,1.25);
#3300=CIRCLE('',#8074,1.25);
#3301=CIRCLE('',#8077,1.275);
#3302=CIRCLE('',#8078,0.025);
#3303=CIRCLE('',#8111,1.25);
#3304=CIRCLE('',#8112,0.025);
#3305=CIRCLE('',#8113,1.275);
#3306=CIRCLE('',#8114,1.25);
#3307=CIRCLE('',#8116,1.25);
#3308=CIRCLE('',#8117,1.25);
#3309=CIRCLE('',#8120,1.275);
#3310=CIRCLE('',#8121,0.025);
#3311=CIRCLE('',#8190,0.249999999999999);
#3312=CIRCLE('',#8192,0.749999999999999);
#3313=CIRCLE('',#8228,0.298270535314211);
#3314=CIRCLE('',#8229,0.298270535314211);
#3315=CIRCLE('',#8233,0.249999999999999);
#3316=CIRCLE('',#8238,0.749999999999999);
#3317=CIRCLE('',#8282,0.464374362254614);
#3318=CIRCLE('',#8283,0.464374362254614);
#3319=CIRCLE('',#8290,0.150000000000001);
#3320=CIRCLE('',#8291,0.150000000000001);
#3321=CIRCLE('',#8294,0.150000000000001);
#3322=CIRCLE('',#8295,0.150000000000001);
#3323=CIRCLE('',#8304,0.150000000000001);
#3324=CIRCLE('',#8305,0.150000000000001);
#3325=CIRCLE('',#8308,0.149999999999998);
#3326=CIRCLE('',#8309,0.149999999999998);
#3327=CIRCLE('',#8316,0.45);
#3328=CIRCLE('',#8317,0.45);
#3329=CIRCLE('',#8320,0.149999999999999);
#3330=CIRCLE('',#8321,0.149999999999999);
#3331=CIRCLE('',#8324,0.15);
#3332=CIRCLE('',#8325,0.15);
#3333=CIRCLE('',#8332,0.349999999999999);
#3334=CIRCLE('',#8333,0.349999999999999);
#3335=CIRCLE('',#8340,0.35);
#3336=CIRCLE('',#8341,0.35);
#3337=CIRCLE('',#8358,0.100000000000003);
#3338=CIRCLE('',#8359,0.100000000000003);
#3339=CIRCLE('',#8361,0.355840844131706);
#3340=CIRCLE('',#8362,0.355840844131706);
#3341=CIRCLE('',#8364,0.100000000000001);
#3342=CIRCLE('',#8365,0.100000000000001);
#3343=CIRCLE('',#8370,0.15);
#3344=CIRCLE('',#8371,0.15);
#3345=CIRCLE('',#8374,0.149999999999999);
#3346=CIRCLE('',#8375,0.149999999999999);
#3347=CIRCLE('',#8381,0.15);
#3348=CIRCLE('',#8382,0.15);
#3349=CIRCLE('',#8385,0.15);
#3350=CIRCLE('',#8386,0.15);
#3351=CIRCLE('',#8391,0.015);
#3352=CIRCLE('',#8392,0.015);
#3353=CIRCLE('',#8395,0.556);
#3354=CIRCLE('',#8396,0.556);
#3355=CIRCLE('',#8407,0.349999999999999);
#3356=CIRCLE('',#8408,0.349999999999999);
#3357=CIRCLE('',#8415,0.35);
#3358=CIRCLE('',#8416,0.35);
#3359=CIRCLE('',#8420,1.);
#3360=CIRCLE('',#8421,1.);
#3361=CIRCLE('',#8422,1.4);
#3362=CIRCLE('',#8423,1.4);
#3363=CIRCLE('',#8428,1.);
#3364=CIRCLE('',#8429,1.4);
#3365=CIRCLE('',#8434,1.4);
#3366=CIRCLE('',#8435,1.4);
#3367=CIRCLE('',#8436,1.);
#3368=CIRCLE('',#8437,1.);
#3369=CIRCLE('',#8439,1.4);
#3370=CIRCLE('',#8442,1.);
#3371=CIRCLE('',#8443,1.4);
#3372=CIRCLE('',#8445,1.);
#3373=CIRCLE('',#8451,1.);
#3374=CIRCLE('',#8453,1.4);
#3375=CIRCLE('',#8456,0.7);
#3376=CIRCLE('',#8457,1.4);
#3377=CIRCLE('',#8459,0.15);
#3378=CIRCLE('',#8462,0.15);
#3379=CIRCLE('',#8463,0.7);
#3380=CIRCLE('',#8464,1.4);
#3381=CIRCLE('',#8466,1.4);
#3382=CIRCLE('',#8468,0.15);
#3383=CIRCLE('',#8471,0.15);
#3384=CIRCLE('',#8472,0.7);
#3385=CIRCLE('',#8473,1.4);
#3386=CIRCLE('',#8475,0.15);
#3387=CIRCLE('',#8478,0.15);
#3388=CIRCLE('',#8479,0.7);
#3389=CIRCLE('',#8480,1.4);
#3390=CIRCLE('',#8482,0.15);
#3391=CIRCLE('',#8485,0.15);
#3392=CIRCLE('',#8486,0.7);
#3393=CIRCLE('',#8487,1.4);
#3394=CIRCLE('',#8490,0.15);
#3395=CIRCLE('',#8492,0.15);
#3396=CIRCLE('',#8493,0.7);
#3397=CIRCLE('',#8494,1.4);
#3398=CIRCLE('',#8497,0.15);
#3399=CIRCLE('',#8499,0.15);
#3400=CIRCLE('',#8500,0.7);
#3401=CIRCLE('',#8501,1.4);
#3402=CIRCLE('',#8504,0.15);
#3403=CIRCLE('',#8506,0.15);
#3404=CIRCLE('',#8507,0.7);
#3405=CIRCLE('',#8508,1.4);
#3406=CIRCLE('',#8510,1.4);
#3407=CIRCLE('',#8512,0.15);
#3408=CIRCLE('',#8515,0.15);
#3409=CIRCLE('',#8517,1.63);
#3410=CIRCLE('',#8518,0.02);
#3411=CIRCLE('',#8519,1.65);
#3412=CIRCLE('',#8520,1.65);
#3413=CIRCLE('',#8522,1.65);
#3414=CIRCLE('',#8524,0.7);
#3415=CIRCLE('',#8525,0.150000000000001);
#3416=CIRCLE('',#8526,1.4);
#3417=CIRCLE('',#8527,0.15);
#3418=CIRCLE('',#8528,0.7);
#3419=CIRCLE('',#8529,0.150000000000001);
#3420=CIRCLE('',#8530,1.4);
#3421=CIRCLE('',#8531,0.15);
#3422=CIRCLE('',#8532,0.7);
#3423=CIRCLE('',#8533,0.15);
#3424=CIRCLE('',#8534,1.4);
#3425=CIRCLE('',#8535,0.15);
#3426=CIRCLE('',#8536,0.7);
#3427=CIRCLE('',#8537,0.15);
#3428=CIRCLE('',#8538,0.15);
#3429=CIRCLE('',#8540,1.63);
#3430=CIRCLE('',#8541,0.02);
#3431=CIRCLE('',#8542,1.65);
#3432=CIRCLE('',#8543,1.65);
#3433=CIRCLE('',#8545,1.65);
#3434=CIRCLE('',#8547,1.4);
#3435=CIRCLE('',#8548,0.15);
#3436=CIRCLE('',#8549,0.15);
#3437=CIRCLE('',#8550,0.7);
#3438=CIRCLE('',#8551,1.4);
#3439=CIRCLE('',#8552,0.15);
#3440=CIRCLE('',#8553,0.15);
#3441=CIRCLE('',#8554,0.7);
#3442=CIRCLE('',#8555,1.4);
#3443=CIRCLE('',#8556,0.15);
#3444=CIRCLE('',#8557,0.15);
#3445=CIRCLE('',#8558,0.7);
#3446=CIRCLE('',#8559,0.7);
#3447=CIRCLE('',#8560,0.15);
#3448=CIRCLE('',#8561,0.150000000000001);
#3449=CIRCLE('',#8601,0.1);
#3450=CIRCLE('',#8602,0.1);
#3451=CIRCLE('',#8609,0.249999999999999);
#3452=CIRCLE('',#8610,0.249999999999999);
#3453=CIRCLE('',#8613,0.250000000000002);
#3454=CIRCLE('',#8614,0.250000000000002);
#3455=CIRCLE('',#8616,3.24999999999999);
#3456=CIRCLE('',#8617,3.24999999999999);
#3457=CIRCLE('',#8620,3.25);
#3458=CIRCLE('',#8621,3.25);
#3459=CIRCLE('',#8624,0.999999999999999);
#3460=CIRCLE('',#8625,0.999999999999999);
#3461=CIRCLE('',#8627,0.1);
#3462=CIRCLE('',#8630,0.1);
#3463=CIRCLE('',#8642,0.250000000000001);
#3464=CIRCLE('',#8643,0.250000000000001);
#3465=CIRCLE('',#8646,3.25);
#3466=CIRCLE('',#8647,3.25);
#3467=CIRCLE('',#8650,3.25);
#3468=CIRCLE('',#8651,3.25);
#3469=CIRCLE('',#8654,0.249999999999998);
#3470=CIRCLE('',#8655,0.249999999999998);
#3471=CIRCLE('',#8658,0.999999999999999);
#3472=CIRCLE('',#8659,0.999999999999999);
#3473=CIRCLE('',#8660,0.999999999999999);
#3474=CIRCLE('',#8661,0.999999999999999);
#3475=CIRCLE('',#8662,1.25);
#3476=CIRCLE('',#8663,1.25);
#3477=CIRCLE('',#8671,1.25);
#3478=CIRCLE('',#8679,1.25);
#3479=CIRCLE('',#8694,0.999999999999999);
#3480=CIRCLE('',#8697,0.999999999999999);
#3481=VERTEX_POINT('',#10824);
#3482=VERTEX_POINT('',#10825);
#3483=VERTEX_POINT('',#10827);
#3484=VERTEX_POINT('',#10832);
#3485=VERTEX_POINT('',#10833);
#3486=VERTEX_POINT('',#10838);
#3487=VERTEX_POINT('',#10839);
#3488=VERTEX_POINT('',#10841);
#3489=VERTEX_POINT('',#10843);
#3490=VERTEX_POINT('',#10845);
#3491=VERTEX_POINT('',#10847);
#3492=VERTEX_POINT('',#10851);
#3493=VERTEX_POINT('',#10855);
#3494=VERTEX_POINT('',#10856);
#3495=VERTEX_POINT('',#10858);
#3496=VERTEX_POINT('',#10860);
#3497=VERTEX_POINT('',#10862);
#3498=VERTEX_POINT('',#10864);
#3499=VERTEX_POINT('',#10868);
#3500=VERTEX_POINT('',#10869);
#3501=VERTEX_POINT('',#10874);
#3502=VERTEX_POINT('',#10878);
#3503=VERTEX_POINT('',#10882);
#3504=VERTEX_POINT('',#10886);
#3505=VERTEX_POINT('',#10890);
#3506=VERTEX_POINT('',#10892);
#3507=VERTEX_POINT('',#10896);
#3508=VERTEX_POINT('',#10900);
#3509=VERTEX_POINT('',#10904);
#3510=VERTEX_POINT('',#10908);
#3511=VERTEX_POINT('',#10927);
#3512=VERTEX_POINT('',#10928);
#3513=VERTEX_POINT('',#10930);
#3514=VERTEX_POINT('',#10935);
#3515=VERTEX_POINT('',#10936);
#3516=VERTEX_POINT('',#10941);
#3517=VERTEX_POINT('',#10942);
#3518=VERTEX_POINT('',#10944);
#3519=VERTEX_POINT('',#10946);
#3520=VERTEX_POINT('',#10948);
#3521=VERTEX_POINT('',#10950);
#3522=VERTEX_POINT('',#10954);
#3523=VERTEX_POINT('',#10958);
#3524=VERTEX_POINT('',#10959);
#3525=VERTEX_POINT('',#10961);
#3526=VERTEX_POINT('',#10963);
#3527=VERTEX_POINT('',#10965);
#3528=VERTEX_POINT('',#10967);
#3529=VERTEX_POINT('',#10971);
#3530=VERTEX_POINT('',#10972);
#3531=VERTEX_POINT('',#10977);
#3532=VERTEX_POINT('',#10981);
#3533=VERTEX_POINT('',#10985);
#3534=VERTEX_POINT('',#10989);
#3535=VERTEX_POINT('',#10993);
#3536=VERTEX_POINT('',#10995);
#3537=VERTEX_POINT('',#10999);
#3538=VERTEX_POINT('',#11003);
#3539=VERTEX_POINT('',#11007);
#3540=VERTEX_POINT('',#11011);
#3541=VERTEX_POINT('',#11029);
#3542=VERTEX_POINT('',#11030);
#3543=VERTEX_POINT('',#11032);
#3544=VERTEX_POINT('',#11034);
#3545=VERTEX_POINT('',#11038);
#3546=VERTEX_POINT('',#11040);
#3547=VERTEX_POINT('',#11044);
#3548=VERTEX_POINT('',#11046);
#3549=VERTEX_POINT('',#11054);
#3550=VERTEX_POINT('',#11055);
#3551=VERTEX_POINT('',#11057);
#3552=VERTEX_POINT('',#11059);
#3553=VERTEX_POINT('',#11063);
#3554=VERTEX_POINT('',#11065);
#3555=VERTEX_POINT('',#11069);
#3556=VERTEX_POINT('',#11071);
#3557=VERTEX_POINT('',#11075);
#3558=VERTEX_POINT('',#11077);
#3559=VERTEX_POINT('',#11081);
#3560=VERTEX_POINT('',#11083);
#3561=VERTEX_POINT('',#11087);
#3562=VERTEX_POINT('',#11089);
#3563=VERTEX_POINT('',#11093);
#3564=VERTEX_POINT('',#11095);
#3565=VERTEX_POINT('',#11099);
#3566=VERTEX_POINT('',#11101);
#3567=VERTEX_POINT('',#11105);
#3568=VERTEX_POINT('',#11107);
#3569=VERTEX_POINT('',#11111);
#3570=VERTEX_POINT('',#11113);
#3571=VERTEX_POINT('',#11117);
#3572=VERTEX_POINT('',#11119);
#3573=VERTEX_POINT('',#11127);
#3574=VERTEX_POINT('',#11128);
#3575=VERTEX_POINT('',#11130);
#3576=VERTEX_POINT('',#11132);
#3577=VERTEX_POINT('',#11136);
#3578=VERTEX_POINT('',#11138);
#3579=VERTEX_POINT('',#11142);
#3580=VERTEX_POINT('',#11144);
#3581=VERTEX_POINT('',#11148);
#3582=VERTEX_POINT('',#11150);
#3583=VERTEX_POINT('',#11154);
#3584=VERTEX_POINT('',#11156);
#3585=VERTEX_POINT('',#11160);
#3586=VERTEX_POINT('',#11162);
#3587=VERTEX_POINT('',#11166);
#3588=VERTEX_POINT('',#11168);
#3589=VERTEX_POINT('',#11172);
#3590=VERTEX_POINT('',#11174);
#3591=VERTEX_POINT('',#11178);
#3592=VERTEX_POINT('',#11180);
#3593=VERTEX_POINT('',#11184);
#3594=VERTEX_POINT('',#11186);
#3595=VERTEX_POINT('',#11190);
#3596=VERTEX_POINT('',#11192);
#3597=VERTEX_POINT('',#11196);
#3598=VERTEX_POINT('',#11198);
#3599=VERTEX_POINT('',#11223);
#3600=VERTEX_POINT('',#11225);
#3601=VERTEX_POINT('',#11246);
#3602=VERTEX_POINT('',#11248);
#3603=VERTEX_POINT('',#11253);
#3604=VERTEX_POINT('',#11254);
#3605=VERTEX_POINT('',#11256);
#3606=VERTEX_POINT('',#11258);
#3607=VERTEX_POINT('',#11260);
#3608=VERTEX_POINT('',#11262);
#3609=VERTEX_POINT('',#11264);
#3610=VERTEX_POINT('',#11266);
#3611=VERTEX_POINT('',#11268);
#3612=VERTEX_POINT('',#11270);
#3613=VERTEX_POINT('',#11272);
#3614=VERTEX_POINT('',#11274);
#3615=VERTEX_POINT('',#11277);
#3616=VERTEX_POINT('',#11278);
#3617=VERTEX_POINT('',#11280);
#3618=VERTEX_POINT('',#11282);
#3619=VERTEX_POINT('',#11284);
#3620=VERTEX_POINT('',#11286);
#3621=VERTEX_POINT('',#11288);
#3622=VERTEX_POINT('',#11290);
#3623=VERTEX_POINT('',#11293);
#3624=VERTEX_POINT('',#11294);
#3625=VERTEX_POINT('',#11296);
#3626=VERTEX_POINT('',#11298);
#3627=VERTEX_POINT('',#11300);
#3628=VERTEX_POINT('',#11302);
#3629=VERTEX_POINT('',#11304);
#3630=VERTEX_POINT('',#11306);
#3631=VERTEX_POINT('',#11309);
#3632=VERTEX_POINT('',#11310);
#3633=VERTEX_POINT('',#11312);
#3634=VERTEX_POINT('',#11314);
#3635=VERTEX_POINT('',#11316);
#3636=VERTEX_POINT('',#11318);
#3637=VERTEX_POINT('',#11320);
#3638=VERTEX_POINT('',#11322);
#3639=VERTEX_POINT('',#11324);
#3640=VERTEX_POINT('',#11326);
#3641=VERTEX_POINT('',#11328);
#3642=VERTEX_POINT('',#11330);
#3643=VERTEX_POINT('',#11332);
#3644=VERTEX_POINT('',#11334);
#3645=VERTEX_POINT('',#11337);
#3646=VERTEX_POINT('',#11338);
#3647=VERTEX_POINT('',#11340);
#3648=VERTEX_POINT('',#11342);
#3649=VERTEX_POINT('',#11345);
#3650=VERTEX_POINT('',#11346);
#3651=VERTEX_POINT('',#11348);
#3652=VERTEX_POINT('',#11350);
#3653=VERTEX_POINT('',#11352);
#3654=VERTEX_POINT('',#11354);
#3655=VERTEX_POINT('',#11356);
#3656=VERTEX_POINT('',#11358);
#3657=VERTEX_POINT('',#11360);
#3658=VERTEX_POINT('',#11362);
#3659=VERTEX_POINT('',#11364);
#3660=VERTEX_POINT('',#11366);
#3661=VERTEX_POINT('',#11369);
#3662=VERTEX_POINT('',#11370);
#3663=VERTEX_POINT('',#11372);
#3664=VERTEX_POINT('',#11374);
#3665=VERTEX_POINT('',#11376);
#3666=VERTEX_POINT('',#11378);
#3667=VERTEX_POINT('',#11380);
#3668=VERTEX_POINT('',#11382);
#3669=VERTEX_POINT('',#11384);
#3670=VERTEX_POINT('',#11386);
#3671=VERTEX_POINT('',#11388);
#3672=VERTEX_POINT('',#11390);
#3673=VERTEX_POINT('',#11392);
#3674=VERTEX_POINT('',#11394);
#3675=VERTEX_POINT('',#11396);
#3676=VERTEX_POINT('',#11400);
#3677=VERTEX_POINT('',#11402);
#3678=VERTEX_POINT('',#11406);
#3679=VERTEX_POINT('',#11410);
#3680=VERTEX_POINT('',#11414);
#3681=VERTEX_POINT('',#11418);
#3682=VERTEX_POINT('',#11422);
#3683=VERTEX_POINT('',#11426);
#3684=VERTEX_POINT('',#11430);
#3685=VERTEX_POINT('',#11434);
#3686=VERTEX_POINT('',#11438);
#3687=VERTEX_POINT('',#11442);
#3688=VERTEX_POINT('',#11446);
#3689=VERTEX_POINT('',#11450);
#3690=VERTEX_POINT('',#11454);
#3691=VERTEX_POINT('',#11461);
#3692=VERTEX_POINT('',#11463);
#3693=VERTEX_POINT('',#11467);
#3694=VERTEX_POINT('',#11471);
#3695=VERTEX_POINT('',#11475);
#3696=VERTEX_POINT('',#11479);
#3697=VERTEX_POINT('',#11483);
#3698=VERTEX_POINT('',#11487);
#3699=VERTEX_POINT('',#11491);
#3700=VERTEX_POINT('',#11495);
#3701=VERTEX_POINT('',#11499);
#3702=VERTEX_POINT('',#11503);
#3703=VERTEX_POINT('',#11510);
#3704=VERTEX_POINT('',#11512);
#3705=VERTEX_POINT('',#11516);
#3706=VERTEX_POINT('',#11520);
#3707=VERTEX_POINT('',#11527);
#3708=VERTEX_POINT('',#11529);
#3709=VERTEX_POINT('',#11533);
#3710=VERTEX_POINT('',#11535);
#3711=VERTEX_POINT('',#11539);
#3712=VERTEX_POINT('',#11543);
#3713=VERTEX_POINT('',#11547);
#3714=VERTEX_POINT('',#11568);
#3715=VERTEX_POINT('',#11572);
#3716=VERTEX_POINT('',#11576);
#3717=VERTEX_POINT('',#11584);
#3718=VERTEX_POINT('',#11586);
#3719=VERTEX_POINT('',#11590);
#3720=VERTEX_POINT('',#11594);
#3721=VERTEX_POINT('',#11598);
#3722=VERTEX_POINT('',#11602);
#3723=VERTEX_POINT('',#11606);
#3724=VERTEX_POINT('',#11610);
#3725=VERTEX_POINT('',#11617);
#3726=VERTEX_POINT('',#11619);
#3727=VERTEX_POINT('',#11623);
#3728=VERTEX_POINT('',#11627);
#3729=VERTEX_POINT('',#11631);
#3730=VERTEX_POINT('',#11635);
#3731=VERTEX_POINT('',#11639);
#3732=VERTEX_POINT('',#11643);
#3733=VERTEX_POINT('',#11647);
#3734=VERTEX_POINT('',#11651);
#3735=VERTEX_POINT('',#11655);
#3736=VERTEX_POINT('',#11659);
#3737=VERTEX_POINT('',#11663);
#3738=VERTEX_POINT('',#11667);
#3739=VERTEX_POINT('',#11674);
#3740=VERTEX_POINT('',#11675);
#3741=VERTEX_POINT('',#11677);
#3742=VERTEX_POINT('',#11679);
#3743=VERTEX_POINT('',#11683);
#3744=VERTEX_POINT('',#11685);
#3745=VERTEX_POINT('',#11689);
#3746=VERTEX_POINT('',#11691);
#3747=VERTEX_POINT('',#11699);
#3748=VERTEX_POINT('',#11700);
#3749=VERTEX_POINT('',#11702);
#3750=VERTEX_POINT('',#11704);
#3751=VERTEX_POINT('',#11708);
#3752=VERTEX_POINT('',#11710);
#3753=VERTEX_POINT('',#11714);
#3754=VERTEX_POINT('',#11716);
#3755=VERTEX_POINT('',#11720);
#3756=VERTEX_POINT('',#11722);
#3757=VERTEX_POINT('',#11726);
#3758=VERTEX_POINT('',#11728);
#3759=VERTEX_POINT('',#11732);
#3760=VERTEX_POINT('',#11734);
#3761=VERTEX_POINT('',#11742);
#3762=VERTEX_POINT('',#11743);
#3763=VERTEX_POINT('',#11745);
#3764=VERTEX_POINT('',#11747);
#3765=VERTEX_POINT('',#11751);
#3766=VERTEX_POINT('',#11753);
#3767=VERTEX_POINT('',#11757);
#3768=VERTEX_POINT('',#11759);
#3769=VERTEX_POINT('',#11767);
#3770=VERTEX_POINT('',#11768);
#3771=VERTEX_POINT('',#11770);
#3772=VERTEX_POINT('',#11772);
#3773=VERTEX_POINT('',#11776);
#3774=VERTEX_POINT('',#11778);
#3775=VERTEX_POINT('',#11782);
#3776=VERTEX_POINT('',#11784);
#3777=VERTEX_POINT('',#11788);
#3778=VERTEX_POINT('',#11790);
#3779=VERTEX_POINT('',#11794);
#3780=VERTEX_POINT('',#11796);
#3781=VERTEX_POINT('',#11800);
#3782=VERTEX_POINT('',#11802);
#3783=VERTEX_POINT('',#11806);
#3784=VERTEX_POINT('',#11808);
#3785=VERTEX_POINT('',#11812);
#3786=VERTEX_POINT('',#11814);
#3787=VERTEX_POINT('',#11818);
#3788=VERTEX_POINT('',#11820);
#3789=VERTEX_POINT('',#11824);
#3790=VERTEX_POINT('',#11826);
#3791=VERTEX_POINT('',#11830);
#3792=VERTEX_POINT('',#11832);
#3793=VERTEX_POINT('',#11836);
#3794=VERTEX_POINT('',#11838);
#3795=VERTEX_POINT('',#11842);
#3796=VERTEX_POINT('',#11844);
#3797=VERTEX_POINT('',#11848);
#3798=VERTEX_POINT('',#11850);
#3799=VERTEX_POINT('',#11854);
#3800=VERTEX_POINT('',#11856);
#3801=VERTEX_POINT('',#11860);
#3802=VERTEX_POINT('',#11862);
#3803=VERTEX_POINT('',#11866);
#3804=VERTEX_POINT('',#11868);
#3805=VERTEX_POINT('',#11876);
#3806=VERTEX_POINT('',#11877);
#3807=VERTEX_POINT('',#11879);
#3808=VERTEX_POINT('',#11881);
#3809=VERTEX_POINT('',#11885);
#3810=VERTEX_POINT('',#11887);
#3811=VERTEX_POINT('',#11891);
#3812=VERTEX_POINT('',#11893);
#3813=VERTEX_POINT('',#11897);
#3814=VERTEX_POINT('',#11899);
#3815=VERTEX_POINT('',#11903);
#3816=VERTEX_POINT('',#11905);
#3817=VERTEX_POINT('',#11909);
#3818=VERTEX_POINT('',#11911);
#3819=VERTEX_POINT('',#11919);
#3820=VERTEX_POINT('',#11920);
#3821=VERTEX_POINT('',#11922);
#3822=VERTEX_POINT('',#11924);
#3823=VERTEX_POINT('',#11928);
#3824=VERTEX_POINT('',#11930);
#3825=VERTEX_POINT('',#11934);
#3826=VERTEX_POINT('',#11936);
#3827=VERTEX_POINT('',#11940);
#3828=VERTEX_POINT('',#11942);
#3829=VERTEX_POINT('',#11946);
#3830=VERTEX_POINT('',#11948);
#3831=VERTEX_POINT('',#11952);
#3832=VERTEX_POINT('',#11954);
#3833=VERTEX_POINT('',#11958);
#3834=VERTEX_POINT('',#11960);
#3835=VERTEX_POINT('',#11964);
#3836=VERTEX_POINT('',#11966);
#3837=VERTEX_POINT('',#11970);
#3838=VERTEX_POINT('',#11972);
#3839=VERTEX_POINT('',#11976);
#3840=VERTEX_POINT('',#11978);
#3841=VERTEX_POINT('',#11986);
#3842=VERTEX_POINT('',#11987);
#3843=VERTEX_POINT('',#11989);
#3844=VERTEX_POINT('',#11991);
#3845=VERTEX_POINT('',#11995);
#3846=VERTEX_POINT('',#11997);
#3847=VERTEX_POINT('',#12001);
#3848=VERTEX_POINT('',#12003);
#3849=VERTEX_POINT('',#12007);
#3850=VERTEX_POINT('',#12009);
#3851=VERTEX_POINT('',#12013);
#3852=VERTEX_POINT('',#12015);
#3853=VERTEX_POINT('',#12019);
#3854=VERTEX_POINT('',#12021);
#3855=VERTEX_POINT('',#12029);
#3856=VERTEX_POINT('',#12030);
#3857=VERTEX_POINT('',#12032);
#3858=VERTEX_POINT('',#12034);
#3859=VERTEX_POINT('',#12038);
#3860=VERTEX_POINT('',#12040);
#3861=VERTEX_POINT('',#12044);
#3862=VERTEX_POINT('',#12046);
#3863=VERTEX_POINT('',#12054);
#3864=VERTEX_POINT('',#12055);
#3865=VERTEX_POINT('',#12057);
#3866=VERTEX_POINT('',#12059);
#3867=VERTEX_POINT('',#12063);
#3868=VERTEX_POINT('',#12065);
#3869=VERTEX_POINT('',#12069);
#3870=VERTEX_POINT('',#12071);
#3871=VERTEX_POINT('',#12079);
#3872=VERTEX_POINT('',#12080);
#3873=VERTEX_POINT('',#12082);
#3874=VERTEX_POINT('',#12084);
#3875=VERTEX_POINT('',#12088);
#3876=VERTEX_POINT('',#12090);
#3877=VERTEX_POINT('',#12094);
#3878=VERTEX_POINT('',#12096);
#3879=VERTEX_POINT('',#12100);
#3880=VERTEX_POINT('',#12102);
#3881=VERTEX_POINT('',#12106);
#3882=VERTEX_POINT('',#12108);
#3883=VERTEX_POINT('',#12116);
#3884=VERTEX_POINT('',#12117);
#3885=VERTEX_POINT('',#12119);
#3886=VERTEX_POINT('',#12121);
#3887=VERTEX_POINT('',#12125);
#3888=VERTEX_POINT('',#12127);
#3889=VERTEX_POINT('',#12131);
#3890=VERTEX_POINT('',#12133);
#3891=VERTEX_POINT('',#12137);
#3892=VERTEX_POINT('',#12139);
#3893=VERTEX_POINT('',#12143);
#3894=VERTEX_POINT('',#12145);
#3895=VERTEX_POINT('',#12153);
#3896=VERTEX_POINT('',#12154);
#3897=VERTEX_POINT('',#12156);
#3898=VERTEX_POINT('',#12158);
#3899=VERTEX_POINT('',#12162);
#3900=VERTEX_POINT('',#12164);
#3901=VERTEX_POINT('',#12168);
#3902=VERTEX_POINT('',#12170);
#3903=VERTEX_POINT('',#12174);
#3904=VERTEX_POINT('',#12176);
#3905=VERTEX_POINT('',#12180);
#3906=VERTEX_POINT('',#12182);
#3907=VERTEX_POINT('',#12186);
#3908=VERTEX_POINT('',#12188);
#3909=VERTEX_POINT('',#12192);
#3910=VERTEX_POINT('',#12194);
#3911=VERTEX_POINT('',#12202);
#3912=VERTEX_POINT('',#12203);
#3913=VERTEX_POINT('',#12205);
#3914=VERTEX_POINT('',#12207);
#3915=VERTEX_POINT('',#12211);
#3916=VERTEX_POINT('',#12213);
#3917=VERTEX_POINT('',#12217);
#3918=VERTEX_POINT('',#12219);
#3919=VERTEX_POINT('',#12223);
#3920=VERTEX_POINT('',#12225);
#3921=VERTEX_POINT('',#12229);
#3922=VERTEX_POINT('',#12231);
#3923=VERTEX_POINT('',#12235);
#3924=VERTEX_POINT('',#12237);
#3925=VERTEX_POINT('',#12241);
#3926=VERTEX_POINT('',#12243);
#3927=VERTEX_POINT('',#12247);
#3928=VERTEX_POINT('',#12249);
#3929=VERTEX_POINT('',#12253);
#3930=VERTEX_POINT('',#12255);
#3931=VERTEX_POINT('',#12259);
#3932=VERTEX_POINT('',#12261);
#3933=VERTEX_POINT('',#12269);
#3934=VERTEX_POINT('',#12270);
#3935=VERTEX_POINT('',#12281);
#3936=VERTEX_POINT('',#12283);
#3937=VERTEX_POINT('',#12296);
#3938=VERTEX_POINT('',#12298);
#3939=VERTEX_POINT('',#12300);
#3940=VERTEX_POINT('',#12302);
#3941=VERTEX_POINT('',#12306);
#3942=VERTEX_POINT('',#12317);
#3943=VERTEX_POINT('',#12330);
#3944=VERTEX_POINT('',#12332);
#3945=VERTEX_POINT('',#12336);
#3946=VERTEX_POINT('',#12337);
#3947=VERTEX_POINT('',#12348);
#3948=VERTEX_POINT('',#12350);
#3949=VERTEX_POINT('',#12363);
#3950=VERTEX_POINT('',#12365);
#3951=VERTEX_POINT('',#12369);
#3952=VERTEX_POINT('',#12380);
#3953=VERTEX_POINT('',#12393);
#3954=VERTEX_POINT('',#12395);
#3955=VERTEX_POINT('',#12399);
#3956=VERTEX_POINT('',#12400);
#3957=VERTEX_POINT('',#12411);
#3958=VERTEX_POINT('',#12413);
#3959=VERTEX_POINT('',#12426);
#3960=VERTEX_POINT('',#12428);
#3961=VERTEX_POINT('',#12430);
#3962=VERTEX_POINT('',#12432);
#3963=VERTEX_POINT('',#12447);
#3964=VERTEX_POINT('',#12451);
#3965=VERTEX_POINT('',#12462);
#3966=VERTEX_POINT('',#12475);
#3967=VERTEX_POINT('',#12477);
#3968=VERTEX_POINT('',#12481);
#3969=VERTEX_POINT('',#12484);
#3970=VERTEX_POINT('',#12497);
#3971=VERTEX_POINT('',#12525);
#3972=VERTEX_POINT('',#12529);
#3973=VERTEX_POINT('',#12530);
#3974=VERTEX_POINT('',#12532);
#3975=VERTEX_POINT('',#12534);
#3976=VERTEX_POINT('',#12575);
#3977=VERTEX_POINT('',#12577);
#3978=VERTEX_POINT('',#12619);
#3979=VERTEX_POINT('',#12633);
#3980=VERTEX_POINT('',#12634);
#3981=VERTEX_POINT('',#12649);
#3982=VERTEX_POINT('',#12651);
#3983=VERTEX_POINT('',#12664);
#3984=VERTEX_POINT('',#12673);
#3985=VERTEX_POINT('',#12692);
#3986=VERTEX_POINT('',#12694);
#3987=VERTEX_POINT('',#12722);
#3988=VERTEX_POINT('',#12724);
#3989=VERTEX_POINT('',#12728);
#3990=VERTEX_POINT('',#12732);
#3991=VERTEX_POINT('',#12744);
#3992=VERTEX_POINT('',#12745);
#3993=VERTEX_POINT('',#12760);
#3994=VERTEX_POINT('',#12762);
#3995=VERTEX_POINT('',#12775);
#3996=VERTEX_POINT('',#12784);
#3997=VERTEX_POINT('',#12803);
#3998=VERTEX_POINT('',#12805);
#3999=VERTEX_POINT('',#12833);
#4000=VERTEX_POINT('',#12835);
#4001=VERTEX_POINT('',#12839);
#4002=VERTEX_POINT('',#12843);
#4003=VERTEX_POINT('',#12847);
#4004=VERTEX_POINT('',#12859);
#4005=VERTEX_POINT('',#12860);
#4006=VERTEX_POINT('',#12875);
#4007=VERTEX_POINT('',#12877);
#4008=VERTEX_POINT('',#12890);
#4009=VERTEX_POINT('',#12899);
#4010=VERTEX_POINT('',#12918);
#4011=VERTEX_POINT('',#12920);
#4012=VERTEX_POINT('',#12948);
#4013=VERTEX_POINT('',#12950);
#4014=VERTEX_POINT('',#12954);
#4015=VERTEX_POINT('',#12958);
#4016=VERTEX_POINT('',#12970);
#4017=VERTEX_POINT('',#12971);
#4018=VERTEX_POINT('',#12986);
#4019=VERTEX_POINT('',#12988);
#4020=VERTEX_POINT('',#13001);
#4021=VERTEX_POINT('',#13010);
#4022=VERTEX_POINT('',#13029);
#4023=VERTEX_POINT('',#13031);
#4024=VERTEX_POINT('',#13059);
#4025=VERTEX_POINT('',#13061);
#4026=VERTEX_POINT('',#13065);
#4027=VERTEX_POINT('',#13069);
#4028=VERTEX_POINT('',#13081);
#4029=VERTEX_POINT('',#13082);
#4030=VERTEX_POINT('',#13097);
#4031=VERTEX_POINT('',#13099);
#4032=VERTEX_POINT('',#13112);
#4033=VERTEX_POINT('',#13121);
#4034=VERTEX_POINT('',#13140);
#4035=VERTEX_POINT('',#13142);
#4036=VERTEX_POINT('',#13170);
#4037=VERTEX_POINT('',#13172);
#4038=VERTEX_POINT('',#13176);
#4039=VERTEX_POINT('',#13180);
#4040=VERTEX_POINT('',#13182);
#4041=VERTEX_POINT('',#13194);
#4042=VERTEX_POINT('',#13195);
#4043=VERTEX_POINT('',#13210);
#4044=VERTEX_POINT('',#13212);
#4045=VERTEX_POINT('',#13225);
#4046=VERTEX_POINT('',#13234);
#4047=VERTEX_POINT('',#13253);
#4048=VERTEX_POINT('',#13255);
#4049=VERTEX_POINT('',#13283);
#4050=VERTEX_POINT('',#13285);
#4051=VERTEX_POINT('',#13289);
#4052=VERTEX_POINT('',#13293);
#4053=VERTEX_POINT('',#13295);
#4054=VERTEX_POINT('',#13307);
#4055=VERTEX_POINT('',#13308);
#4056=VERTEX_POINT('',#13323);
#4057=VERTEX_POINT('',#13325);
#4058=VERTEX_POINT('',#13338);
#4059=VERTEX_POINT('',#13347);
#4060=VERTEX_POINT('',#13366);
#4061=VERTEX_POINT('',#13368);
#4062=VERTEX_POINT('',#13396);
#4063=VERTEX_POINT('',#13398);
#4064=VERTEX_POINT('',#13402);
#4065=VERTEX_POINT('',#13406);
#4066=VERTEX_POINT('',#13408);
#4067=VERTEX_POINT('',#13420);
#4068=VERTEX_POINT('',#13421);
#4069=VERTEX_POINT('',#13436);
#4070=VERTEX_POINT('',#13438);
#4071=VERTEX_POINT('',#13451);
#4072=VERTEX_POINT('',#13460);
#4073=VERTEX_POINT('',#13479);
#4074=VERTEX_POINT('',#13481);
#4075=VERTEX_POINT('',#13509);
#4076=VERTEX_POINT('',#13511);
#4077=VERTEX_POINT('',#13515);
#4078=VERTEX_POINT('',#13519);
#4079=VERTEX_POINT('',#13523);
#4080=VERTEX_POINT('',#13527);
#4081=VERTEX_POINT('',#13529);
#4082=VERTEX_POINT('',#13531);
#4083=VERTEX_POINT('',#13535);
#4084=VERTEX_POINT('',#13540);
#4085=VERTEX_POINT('',#13542);
#4086=VERTEX_POINT('',#13544);
#4087=VERTEX_POINT('',#13548);
#4088=VERTEX_POINT('',#13550);
#4089=VERTEX_POINT('',#13552);
#4090=VERTEX_POINT('',#13556);
#4091=VERTEX_POINT('',#13558);
#4092=VERTEX_POINT('',#13560);
#4093=VERTEX_POINT('',#13563);
#4094=VERTEX_POINT('',#13565);
#4095=VERTEX_POINT('',#13567);
#4096=VERTEX_POINT('',#13571);
#4097=VERTEX_POINT('',#13573);
#4098=VERTEX_POINT('',#13575);
#4099=VERTEX_POINT('',#13579);
#4100=VERTEX_POINT('',#13583);
#4101=VERTEX_POINT('',#13585);
#4102=VERTEX_POINT('',#13587);
#4103=VERTEX_POINT('',#13589);
#4104=VERTEX_POINT('',#13592);
#4105=VERTEX_POINT('',#13594);
#4106=VERTEX_POINT('',#13596);
#4107=VERTEX_POINT('',#13598);
#4108=VERTEX_POINT('',#13601);
#4109=VERTEX_POINT('',#13603);
#4110=VERTEX_POINT('',#13605);
#4111=VERTEX_POINT('',#13607);
#4112=VERTEX_POINT('',#13610);
#4113=VERTEX_POINT('',#13612);
#4114=VERTEX_POINT('',#13614);
#4115=VERTEX_POINT('',#13683);
#4116=VERTEX_POINT('',#13684);
#4117=VERTEX_POINT('',#13686);
#4118=VERTEX_POINT('',#13688);
#4119=VERTEX_POINT('',#13690);
#4120=VERTEX_POINT('',#13692);
#4121=VERTEX_POINT('',#13694);
#4122=VERTEX_POINT('',#13696);
#4123=VERTEX_POINT('',#13698);
#4124=VERTEX_POINT('',#13700);
#4125=VERTEX_POINT('',#13702);
#4126=VERTEX_POINT('',#13704);
#4127=VERTEX_POINT('',#13709);
#4128=VERTEX_POINT('',#13711);
#4129=VERTEX_POINT('',#13744);
#4130=VERTEX_POINT('',#13762);
#4131=VERTEX_POINT('',#13766);
#4132=VERTEX_POINT('',#13799);
#4133=VERTEX_POINT('',#13819);
#4134=VERTEX_POINT('',#13821);
#4135=VERTEX_POINT('',#13825);
#4136=VERTEX_POINT('',#13827);
#4137=VERTEX_POINT('',#13831);
#4138=VERTEX_POINT('',#13833);
#4139=VERTEX_POINT('',#13837);
#4140=VERTEX_POINT('',#13838);
#4141=VERTEX_POINT('',#13840);
#4142=VERTEX_POINT('',#13842);
#4143=VERTEX_POINT('',#13846);
#4144=VERTEX_POINT('',#13848);
#4145=VERTEX_POINT('',#13857);
#4146=VERTEX_POINT('',#13859);
#4147=VERTEX_POINT('',#13861);
#4148=VERTEX_POINT('',#13864);
#4149=VERTEX_POINT('',#13865);
#4150=VERTEX_POINT('',#13867);
#4151=VERTEX_POINT('',#13869);
#4152=VERTEX_POINT('',#13871);
#4153=VERTEX_POINT('',#13873);
#4154=VERTEX_POINT('',#13877);
#4155=VERTEX_POINT('',#13879);
#4156=VERTEX_POINT('',#13883);
#4157=VERTEX_POINT('',#13887);
#4158=VERTEX_POINT('',#13891);
#4159=VERTEX_POINT('',#13895);
#4160=VERTEX_POINT('',#13899);
#4161=VERTEX_POINT('',#13903);
#4162=VERTEX_POINT('',#13907);
#4163=VERTEX_POINT('',#13911);
#4164=VERTEX_POINT('',#13915);
#4165=VERTEX_POINT('',#13919);
#4166=VERTEX_POINT('',#13925);
#4167=VERTEX_POINT('',#13926);
#4168=VERTEX_POINT('',#13928);
#4169=VERTEX_POINT('',#13930);
#4170=VERTEX_POINT('',#13934);
#4171=VERTEX_POINT('',#13936);
#4172=VERTEX_POINT('',#13940);
#4173=VERTEX_POINT('',#13942);
#4174=VERTEX_POINT('',#13946);
#4175=VERTEX_POINT('',#13948);
#4176=VERTEX_POINT('',#13952);
#4177=VERTEX_POINT('',#13954);
#4178=VERTEX_POINT('',#13958);
#4179=VERTEX_POINT('',#13960);
#4180=VERTEX_POINT('',#13964);
#4181=VERTEX_POINT('',#13966);
#4182=VERTEX_POINT('',#13974);
#4183=VERTEX_POINT('',#13975);
#4184=VERTEX_POINT('',#13977);
#4185=VERTEX_POINT('',#13980);
#4186=VERTEX_POINT('',#13982);
#4187=VERTEX_POINT('',#13985);
#4188=VERTEX_POINT('',#13987);
#4189=VERTEX_POINT('',#13989);
#4190=VERTEX_POINT('',#13991);
#4191=VERTEX_POINT('',#13993);
#4192=VERTEX_POINT('',#13995);
#4193=VERTEX_POINT('',#13997);
#4194=VERTEX_POINT('',#14000);
#4195=VERTEX_POINT('',#14002);
#4196=VERTEX_POINT('',#14005);
#4197=VERTEX_POINT('',#14007);
#4198=VERTEX_POINT('',#14011);
#4199=VERTEX_POINT('',#14015);
#4200=VERTEX_POINT('',#14019);
#4201=VERTEX_POINT('',#14023);
#4202=VERTEX_POINT('',#14029);
#4203=VERTEX_POINT('',#14032);
#4204=VERTEX_POINT('',#14033);
#4205=VERTEX_POINT('',#14035);
#4206=VERTEX_POINT('',#14037);
#4207=VERTEX_POINT('',#14041);
#4208=VERTEX_POINT('',#14043);
#4209=VERTEX_POINT('',#14047);
#4210=VERTEX_POINT('',#14049);
#4211=VERTEX_POINT('',#14053);
#4212=VERTEX_POINT('',#14055);
#4213=VERTEX_POINT('',#14059);
#4214=VERTEX_POINT('',#14061);
#4215=VERTEX_POINT('',#14068);
#4216=VERTEX_POINT('',#14071);
#4217=VERTEX_POINT('',#14073);
#4218=VERTEX_POINT('',#14077);
#4219=VERTEX_POINT('',#14081);
#4220=VERTEX_POINT('',#14087);
#4221=VERTEX_POINT('',#14091);
#4222=VERTEX_POINT('',#14107);
#4223=VERTEX_POINT('',#14111);
#4224=VERTEX_POINT('',#14115);
#4225=EDGE_CURVE('',#3481,#3482,#3295,.T.);
#4226=EDGE_CURVE('',#3482,#3483,#3296,.T.);
#4227=EDGE_CURVE('',#3483,#3483,#3297,.T.);
#4228=EDGE_CURVE('',#3482,#3481,#3298,.T.);
#4229=EDGE_CURVE('',#3484,#3485,#3299,.T.);
#4230=EDGE_CURVE('',#3484,#3481,#575,.T.);
#4231=EDGE_CURVE('',#3485,#3484,#3300,.T.);
#4232=EDGE_CURVE('',#3486,#3487,#576,.T.);
#4233=EDGE_CURVE('',#3488,#3486,#577,.T.);
#4234=EDGE_CURVE('',#3489,#3488,#578,.T.);
#4235=EDGE_CURVE('',#3490,#3489,#579,.T.);
#4236=EDGE_CURVE('',#3491,#3490,#580,.T.);
#4237=EDGE_CURVE('',#3487,#3491,#581,.T.);
#4238=EDGE_CURVE('',#3492,#3492,#3301,.T.);
#4239=EDGE_CURVE('',#3492,#3485,#3302,.T.);
#4240=EDGE_CURVE('',#3493,#3494,#582,.T.);
#4241=EDGE_CURVE('',#3493,#3495,#583,.T.);
#4242=EDGE_CURVE('',#3496,#3495,#584,.T.);
#4243=EDGE_CURVE('',#3497,#3496,#585,.T.);
#4244=EDGE_CURVE('',#3498,#3497,#586,.T.);
#4245=EDGE_CURVE('',#3494,#3498,#587,.T.);
#4246=EDGE_CURVE('',#3499,#3500,#588,.T.);
#4247=EDGE_CURVE('',#3500,#3493,#210,.T.);
#4248=EDGE_CURVE('',#3494,#3499,#211,.T.);
#4249=EDGE_CURVE('',#3498,#3501,#212,.T.);
#4250=EDGE_CURVE('',#3501,#3499,#589,.T.);
#4251=EDGE_CURVE('',#3497,#3502,#213,.T.);
#4252=EDGE_CURVE('',#3502,#3501,#590,.T.);
#4253=EDGE_CURVE('',#3496,#3503,#214,.T.);
#4254=EDGE_CURVE('',#3503,#3502,#591,.T.);
#4255=EDGE_CURVE('',#3495,#3504,#215,.T.);
#4256=EDGE_CURVE('',#3504,#3503,#592,.T.);
#4257=EDGE_CURVE('',#3505,#3499,#593,.T.);
#4258=EDGE_CURVE('',#3506,#3505,#594,.T.);
#4259=EDGE_CURVE('',#3506,#3500,#595,.T.);
#4260=EDGE_CURVE('',#3507,#3501,#596,.T.);
#4261=EDGE_CURVE('',#3505,#3507,#597,.T.);
#4262=EDGE_CURVE('',#3508,#3502,#598,.T.);
#4263=EDGE_CURVE('',#3507,#3508,#599,.T.);
#4264=EDGE_CURVE('',#3509,#3503,#600,.T.);
#4265=EDGE_CURVE('',#3508,#3509,#601,.T.);
#4266=EDGE_CURVE('',#3510,#3504,#602,.T.);
#4267=EDGE_CURVE('',#3509,#3510,#603,.T.);
#4268=EDGE_CURVE('',#3490,#3505,#216,.T.);
#4269=EDGE_CURVE('',#3491,#3507,#217,.T.);
#4270=EDGE_CURVE('',#3489,#3506,#218,.T.);
#4271=EDGE_CURVE('',#3488,#3510,#219,.T.);
#4272=EDGE_CURVE('',#3510,#3506,#604,.T.);
#4273=EDGE_CURVE('',#3509,#3486,#220,.T.);
#4274=EDGE_CURVE('',#3487,#3508,#221,.T.);
#4275=EDGE_CURVE('',#3511,#3512,#3303,.T.);
#4276=EDGE_CURVE('',#3512,#3513,#3304,.T.);
#4277=EDGE_CURVE('',#3513,#3513,#3305,.T.);
#4278=EDGE_CURVE('',#3512,#3511,#3306,.T.);
#4279=EDGE_CURVE('',#3514,#3515,#3307,.T.);
#4280=EDGE_CURVE('',#3514,#3511,#605,.T.);
#4281=EDGE_CURVE('',#3515,#3514,#3308,.T.);
#4282=EDGE_CURVE('',#3516,#3517,#606,.T.);
#4283=EDGE_CURVE('',#3518,#3516,#607,.T.);
#4284=EDGE_CURVE('',#3519,#3518,#608,.T.);
#4285=EDGE_CURVE('',#3520,#3519,#609,.T.);
#4286=EDGE_CURVE('',#3521,#3520,#610,.T.);
#4287=EDGE_CURVE('',#3517,#3521,#611,.T.);
#4288=EDGE_CURVE('',#3522,#3522,#3309,.T.);
#4289=EDGE_CURVE('',#3522,#3515,#3310,.T.);
#4290=EDGE_CURVE('',#3523,#3524,#612,.T.);
#4291=EDGE_CURVE('',#3523,#3525,#613,.T.);
#4292=EDGE_CURVE('',#3526,#3525,#614,.T.);
#4293=EDGE_CURVE('',#3527,#3526,#615,.T.);
#4294=EDGE_CURVE('',#3528,#3527,#616,.T.);
#4295=EDGE_CURVE('',#3524,#3528,#617,.T.);
#4296=EDGE_CURVE('',#3529,#3530,#618,.T.);
#4297=EDGE_CURVE('',#3530,#3523,#222,.T.);
#4298=EDGE_CURVE('',#3524,#3529,#223,.T.);
#4299=EDGE_CURVE('',#3528,#3531,#224,.T.);
#4300=EDGE_CURVE('',#3531,#3529,#619,.T.);
#4301=EDGE_CURVE('',#3527,#3532,#225,.T.);
#4302=EDGE_CURVE('',#3532,#3531,#620,.T.);
#4303=EDGE_CURVE('',#3526,#3533,#226,.T.);
#4304=EDGE_CURVE('',#3533,#3532,#621,.T.);
#4305=EDGE_CURVE('',#3525,#3534,#227,.T.);
#4306=EDGE_CURVE('',#3534,#3533,#622,.T.);
#4307=EDGE_CURVE('',#3535,#3529,#623,.T.);
#4308=EDGE_CURVE('',#3536,#3535,#624,.T.);
#4309=EDGE_CURVE('',#3536,#3530,#625,.T.);
#4310=EDGE_CURVE('',#3537,#3531,#626,.T.);
#4311=EDGE_CURVE('',#3535,#3537,#627,.T.);
#4312=EDGE_CURVE('',#3538,#3532,#628,.T.);
#4313=EDGE_CURVE('',#3537,#3538,#629,.T.);
#4314=EDGE_CURVE('',#3539,#3533,#630,.T.);
#4315=EDGE_CURVE('',#3538,#3539,#631,.T.);
#4316=EDGE_CURVE('',#3540,#3534,#632,.T.);
#4317=EDGE_CURVE('',#3539,#3540,#633,.T.);
#4318=EDGE_CURVE('',#3520,#3535,#228,.T.);
#4319=EDGE_CURVE('',#3521,#3537,#229,.T.);
#4320=EDGE_CURVE('',#3519,#3536,#230,.T.);
#4321=EDGE_CURVE('',#3518,#3540,#231,.T.);
#4322=EDGE_CURVE('',#3540,#3536,#634,.T.);
#4323=EDGE_CURVE('',#3539,#3516,#232,.T.);
#4324=EDGE_CURVE('',#3517,#3538,#233,.T.);
#4325=EDGE_CURVE('',#3541,#3542,#635,.T.);
#4326=EDGE_CURVE('',#3541,#3543,#636,.T.);
#4327=EDGE_CURVE('',#3544,#3543,#637,.T.);
#4328=EDGE_CURVE('',#3542,#3544,#638,.T.);
#4329=EDGE_CURVE('',#3542,#3545,#639,.T.);
#4330=EDGE_CURVE('',#3546,#3544,#640,.T.);
#4331=EDGE_CURVE('',#3545,#3546,#641,.T.);
#4332=EDGE_CURVE('',#3545,#3547,#642,.T.);
#4333=EDGE_CURVE('',#3548,#3546,#643,.T.);
#4334=EDGE_CURVE('',#3547,#3548,#644,.T.);
#4335=EDGE_CURVE('',#3547,#3541,#645,.T.);
#4336=EDGE_CURVE('',#3543,#3548,#646,.T.);
#4337=EDGE_CURVE('',#3549,#3550,#647,.T.);
#4338=EDGE_CURVE('',#3549,#3551,#648,.T.);
#4339=EDGE_CURVE('',#3552,#3551,#649,.T.);
#4340=EDGE_CURVE('',#3550,#3552,#650,.T.);
#4341=EDGE_CURVE('',#3550,#3553,#651,.T.);
#4342=EDGE_CURVE('',#3554,#3552,#652,.T.);
#4343=EDGE_CURVE('',#3553,#3554,#653,.T.);
#4344=EDGE_CURVE('',#3553,#3555,#654,.T.);
#4345=EDGE_CURVE('',#3556,#3554,#655,.T.);
#4346=EDGE_CURVE('',#3555,#3556,#656,.T.);
#4347=EDGE_CURVE('',#3555,#3557,#657,.T.);
#4348=EDGE_CURVE('',#3558,#3556,#658,.T.);
#4349=EDGE_CURVE('',#3557,#3558,#659,.T.);
#4350=EDGE_CURVE('',#3557,#3559,#660,.T.);
#4351=EDGE_CURVE('',#3560,#3558,#661,.T.);
#4352=EDGE_CURVE('',#3559,#3560,#662,.T.);
#4353=EDGE_CURVE('',#3559,#3561,#663,.T.);
#4354=EDGE_CURVE('',#3562,#3560,#664,.T.);
#4355=EDGE_CURVE('',#3561,#3562,#665,.T.);
#4356=EDGE_CURVE('',#3561,#3563,#666,.T.);
#4357=EDGE_CURVE('',#3564,#3562,#667,.T.);
#4358=EDGE_CURVE('',#3563,#3564,#668,.T.);
#4359=EDGE_CURVE('',#3563,#3565,#669,.T.);
#4360=EDGE_CURVE('',#3566,#3564,#670,.T.);
#4361=EDGE_CURVE('',#3565,#3566,#671,.T.);
#4362=EDGE_CURVE('',#3565,#3567,#672,.T.);
#4363=EDGE_CURVE('',#3568,#3566,#673,.T.);
#4364=EDGE_CURVE('',#3567,#3568,#674,.T.);
#4365=EDGE_CURVE('',#3567,#3569,#675,.T.);
#4366=EDGE_CURVE('',#3570,#3568,#676,.T.);
#4367=EDGE_CURVE('',#3569,#3570,#677,.T.);
#4368=EDGE_CURVE('',#3569,#3571,#678,.T.);
#4369=EDGE_CURVE('',#3572,#3570,#679,.T.);
#4370=EDGE_CURVE('',#3571,#3572,#680,.T.);
#4371=EDGE_CURVE('',#3571,#3549,#681,.T.);
#4372=EDGE_CURVE('',#3551,#3572,#682,.T.);
#4373=EDGE_CURVE('',#3573,#3574,#683,.T.);
#4374=EDGE_CURVE('',#3573,#3575,#684,.T.);
#4375=EDGE_CURVE('',#3576,#3575,#685,.T.);
#4376=EDGE_CURVE('',#3574,#3576,#686,.T.);
#4377=EDGE_CURVE('',#3574,#3577,#687,.T.);
#4378=EDGE_CURVE('',#3578,#3576,#688,.T.);
#4379=EDGE_CURVE('',#3577,#3578,#689,.T.);
#4380=EDGE_CURVE('',#3577,#3579,#690,.T.);
#4381=EDGE_CURVE('',#3580,#3578,#691,.T.);
#4382=EDGE_CURVE('',#3579,#3580,#692,.T.);
#4383=EDGE_CURVE('',#3579,#3581,#693,.T.);
#4384=EDGE_CURVE('',#3582,#3580,#694,.T.);
#4385=EDGE_CURVE('',#3581,#3582,#695,.T.);
#4386=EDGE_CURVE('',#3581,#3583,#696,.T.);
#4387=EDGE_CURVE('',#3584,#3582,#697,.T.);
#4388=EDGE_CURVE('',#3583,#3584,#698,.T.);
#4389=EDGE_CURVE('',#3583,#3585,#699,.T.);
#4390=EDGE_CURVE('',#3586,#3584,#700,.T.);
#4391=EDGE_CURVE('',#3585,#3586,#701,.T.);
#4392=EDGE_CURVE('',#3585,#3587,#702,.T.);
#4393=EDGE_CURVE('',#3588,#3586,#703,.T.);
#4394=EDGE_CURVE('',#3587,#3588,#704,.T.);
#4395=EDGE_CURVE('',#3587,#3589,#705,.T.);
#4396=EDGE_CURVE('',#3590,#3588,#706,.T.);
#4397=EDGE_CURVE('',#3589,#3590,#707,.T.);
#4398=EDGE_CURVE('',#3589,#3591,#708,.T.);
#4399=EDGE_CURVE('',#3592,#3590,#709,.T.);
#4400=EDGE_CURVE('',#3591,#3592,#710,.T.);
#4401=EDGE_CURVE('',#3591,#3593,#711,.T.);
#4402=EDGE_CURVE('',#3594,#3592,#712,.T.);
#4403=EDGE_CURVE('',#3593,#3594,#713,.T.);
#4404=EDGE_CURVE('',#3593,#3595,#714,.T.);
#4405=EDGE_CURVE('',#3596,#3594,#715,.T.);
#4406=EDGE_CURVE('',#3595,#3596,#716,.T.);
#4407=EDGE_CURVE('',#3595,#3597,#717,.T.);
#4408=EDGE_CURVE('',#3598,#3596,#718,.T.);
#4409=EDGE_CURVE('',#3597,#3598,#719,.T.);
#4410=EDGE_CURVE('',#3597,#3573,#720,.T.);
#4411=EDGE_CURVE('',#3575,#3598,#721,.T.);
#4412=EDGE_CURVE('',#3599,#3599,#234,.T.);
#4413=EDGE_CURVE('',#3599,#3600,#722,.T.);
#4414=EDGE_CURVE('',#3600,#3600,#235,.T.);
#4415=EDGE_CURVE('',#3601,#3601,#236,.T.);
#4416=EDGE_CURVE('',#3601,#3602,#723,.T.);
#4417=EDGE_CURVE('',#3602,#3602,#237,.T.);
#4418=EDGE_CURVE('',#3603,#3604,#724,.T.);
#4419=EDGE_CURVE('',#3604,#3605,#725,.T.);
#4420=EDGE_CURVE('',#3605,#3606,#726,.T.);
#4421=EDGE_CURVE('',#3607,#3606,#727,.T.);
#4422=EDGE_CURVE('',#3607,#3608,#728,.T.);
#4423=EDGE_CURVE('',#3609,#3608,#729,.T.);
#4424=EDGE_CURVE('',#3610,#3609,#730,.T.);
#4425=EDGE_CURVE('',#3611,#3610,#731,.T.);
#4426=EDGE_CURVE('',#3612,#3611,#732,.T.);
#4427=EDGE_CURVE('',#3612,#3613,#733,.T.);
#4428=EDGE_CURVE('',#3613,#3614,#734,.T.);
#4429=EDGE_CURVE('',#3614,#3603,#735,.T.);
#4430=EDGE_CURVE('',#3615,#3616,#736,.T.);
#4431=EDGE_CURVE('',#3616,#3617,#737,.T.);
#4432=EDGE_CURVE('',#3617,#3618,#3311,.T.);
#4433=EDGE_CURVE('',#3618,#3619,#738,.T.);
#4434=EDGE_CURVE('',#3619,#3620,#238,.T.);
#4435=EDGE_CURVE('',#3620,#3621,#739,.T.);
#4436=EDGE_CURVE('',#3621,#3622,#3312,.T.);
#4437=EDGE_CURVE('',#3622,#3615,#740,.T.);
#4438=EDGE_CURVE('',#3623,#3624,#741,.T.);
#4439=EDGE_CURVE('',#3624,#3625,#742,.T.);
#4440=EDGE_CURVE('',#3625,#3626,#743,.T.);
#4441=EDGE_CURVE('',#3626,#3627,#744,.T.);
#4442=EDGE_CURVE('',#3627,#3628,#745,.T.);
#4443=EDGE_CURVE('',#3628,#3629,#746,.T.);
#4444=EDGE_CURVE('',#3629,#3630,#747,.T.);
#4445=EDGE_CURVE('',#3630,#3623,#748,.T.);
#4446=EDGE_CURVE('',#3631,#3632,#749,.T.);
#4447=EDGE_CURVE('',#3632,#3633,#750,.T.);
#4448=EDGE_CURVE('',#3633,#3634,#751,.T.);
#4449=EDGE_CURVE('',#3634,#3635,#752,.T.);
#4450=EDGE_CURVE('',#3635,#3636,#753,.T.);
#4451=EDGE_CURVE('',#3636,#3637,#754,.T.);
#4452=EDGE_CURVE('',#3637,#3638,#755,.T.);
#4453=EDGE_CURVE('',#3638,#3639,#756,.T.);
#4454=EDGE_CURVE('',#3639,#3640,#757,.T.);
#4455=EDGE_CURVE('',#3640,#3641,#758,.T.);
#4456=EDGE_CURVE('',#3641,#3642,#759,.T.);
#4457=EDGE_CURVE('',#3642,#3643,#760,.T.);
#4458=EDGE_CURVE('',#3643,#3644,#761,.T.);
#4459=EDGE_CURVE('',#3644,#3631,#762,.T.);
#4460=EDGE_CURVE('',#3645,#3646,#763,.T.);
#4461=EDGE_CURVE('',#3646,#3647,#764,.T.);
#4462=EDGE_CURVE('',#3647,#3648,#765,.T.);
#4463=EDGE_CURVE('',#3648,#3645,#766,.T.);
#4464=EDGE_CURVE('',#3649,#3650,#767,.T.);
#4465=EDGE_CURVE('',#3650,#3651,#768,.T.);
#4466=EDGE_CURVE('',#3651,#3652,#769,.T.);
#4467=EDGE_CURVE('',#3652,#3653,#770,.T.);
#4468=EDGE_CURVE('',#3653,#3654,#771,.T.);
#4469=EDGE_CURVE('',#3654,#3655,#772,.T.);
#4470=EDGE_CURVE('',#3655,#3656,#773,.T.);
#4471=EDGE_CURVE('',#3656,#3657,#774,.T.);
#4472=EDGE_CURVE('',#3657,#3658,#775,.T.);
#4473=EDGE_CURVE('',#3658,#3659,#776,.T.);
#4474=EDGE_CURVE('',#3659,#3660,#777,.T.);
#4475=EDGE_CURVE('',#3660,#3649,#778,.T.);
#4476=EDGE_CURVE('',#3661,#3662,#779,.T.);
#4477=EDGE_CURVE('',#3662,#3663,#780,.T.);
#4478=EDGE_CURVE('',#3663,#3664,#781,.T.);
#4479=EDGE_CURVE('',#3664,#3665,#782,.T.);
#4480=EDGE_CURVE('',#3665,#3666,#783,.T.);
#4481=EDGE_CURVE('',#3666,#3667,#784,.T.);
#4482=EDGE_CURVE('',#3667,#3668,#785,.T.);
#4483=EDGE_CURVE('',#3668,#3669,#786,.T.);
#4484=EDGE_CURVE('',#3669,#3670,#787,.T.);
#4485=EDGE_CURVE('',#3670,#3671,#788,.T.);
#4486=EDGE_CURVE('',#3671,#3672,#789,.T.);
#4487=EDGE_CURVE('',#3672,#3673,#790,.T.);
#4488=EDGE_CURVE('',#3673,#3674,#791,.T.);
#4489=EDGE_CURVE('',#3674,#3675,#792,.T.);
#4490=EDGE_CURVE('',#3675,#3661,#793,.T.);
#4491=EDGE_CURVE('',#3661,#3676,#794,.T.);
#4492=EDGE_CURVE('',#3677,#3676,#795,.T.);
#4493=EDGE_CURVE('',#3662,#3677,#796,.T.);
#4494=EDGE_CURVE('',#3678,#3677,#797,.T.);
#4495=EDGE_CURVE('',#3663,#3678,#798,.T.);
#4496=EDGE_CURVE('',#3679,#3678,#799,.T.);
#4497=EDGE_CURVE('',#3664,#3679,#800,.T.);
#4498=EDGE_CURVE('',#3680,#3679,#801,.T.);
#4499=EDGE_CURVE('',#3665,#3680,#802,.T.);
#4500=EDGE_CURVE('',#3681,#3680,#803,.T.);
#4501=EDGE_CURVE('',#3666,#3681,#804,.T.);
#4502=EDGE_CURVE('',#3682,#3681,#805,.T.);
#4503=EDGE_CURVE('',#3667,#3682,#806,.T.);
#4504=EDGE_CURVE('',#3683,#3682,#807,.T.);
#4505=EDGE_CURVE('',#3668,#3683,#808,.T.);
#4506=EDGE_CURVE('',#3684,#3683,#809,.T.);
#4507=EDGE_CURVE('',#3669,#3684,#810,.T.);
#4508=EDGE_CURVE('',#3685,#3684,#811,.T.);
#4509=EDGE_CURVE('',#3670,#3685,#812,.T.);
#4510=EDGE_CURVE('',#3686,#3685,#813,.T.);
#4511=EDGE_CURVE('',#3671,#3686,#814,.T.);
#4512=EDGE_CURVE('',#3687,#3686,#815,.T.);
#4513=EDGE_CURVE('',#3672,#3687,#816,.T.);
#4514=EDGE_CURVE('',#3688,#3687,#817,.T.);
#4515=EDGE_CURVE('',#3673,#3688,#818,.T.);
#4516=EDGE_CURVE('',#3689,#3688,#819,.T.);
#4517=EDGE_CURVE('',#3674,#3689,#820,.T.);
#4518=EDGE_CURVE('',#3690,#3689,#821,.T.);
#4519=EDGE_CURVE('',#3675,#3690,#822,.T.);
#4520=EDGE_CURVE('',#3676,#3690,#823,.T.);
#4521=EDGE_CURVE('',#3649,#3691,#824,.T.);
#4522=EDGE_CURVE('',#3692,#3691,#825,.T.);
#4523=EDGE_CURVE('',#3650,#3692,#826,.T.);
#4524=EDGE_CURVE('',#3693,#3692,#827,.T.);
#4525=EDGE_CURVE('',#3651,#3693,#828,.T.);
#4526=EDGE_CURVE('',#3694,#3693,#829,.T.);
#4527=EDGE_CURVE('',#3652,#3694,#830,.T.);
#4528=EDGE_CURVE('',#3695,#3694,#831,.T.);
#4529=EDGE_CURVE('',#3653,#3695,#832,.T.);
#4530=EDGE_CURVE('',#3696,#3695,#833,.T.);
#4531=EDGE_CURVE('',#3654,#3696,#834,.T.);
#4532=EDGE_CURVE('',#3697,#3696,#835,.T.);
#4533=EDGE_CURVE('',#3655,#3697,#836,.T.);
#4534=EDGE_CURVE('',#3698,#3697,#837,.T.);
#4535=EDGE_CURVE('',#3656,#3698,#838,.T.);
#4536=EDGE_CURVE('',#3699,#3698,#839,.T.);
#4537=EDGE_CURVE('',#3657,#3699,#840,.T.);
#4538=EDGE_CURVE('',#3700,#3699,#841,.T.);
#4539=EDGE_CURVE('',#3658,#3700,#842,.T.);
#4540=EDGE_CURVE('',#3701,#3700,#843,.T.);
#4541=EDGE_CURVE('',#3659,#3701,#844,.T.);
#4542=EDGE_CURVE('',#3702,#3701,#845,.T.);
#4543=EDGE_CURVE('',#3660,#3702,#846,.T.);
#4544=EDGE_CURVE('',#3691,#3702,#847,.T.);
#4545=EDGE_CURVE('',#3645,#3703,#848,.T.);
#4546=EDGE_CURVE('',#3704,#3703,#849,.T.);
#4547=EDGE_CURVE('',#3646,#3704,#850,.T.);
#4548=EDGE_CURVE('',#3705,#3704,#851,.T.);
#4549=EDGE_CURVE('',#3647,#3705,#852,.T.);
#4550=EDGE_CURVE('',#3706,#3705,#853,.T.);
#4551=EDGE_CURVE('',#3648,#3706,#854,.T.);
#4552=EDGE_CURVE('',#3703,#3706,#855,.T.);
#4553=EDGE_CURVE('',#3707,#3707,#3313,.T.);
#4554=EDGE_CURVE('',#3707,#3708,#856,.T.);
#4555=EDGE_CURVE('',#3708,#3708,#3314,.T.);
#4556=EDGE_CURVE('',#3615,#3709,#857,.T.);
#4557=EDGE_CURVE('',#3710,#3709,#858,.T.);
#4558=EDGE_CURVE('',#3616,#3710,#859,.T.);
#4559=EDGE_CURVE('',#3711,#3710,#860,.T.);
#4560=EDGE_CURVE('',#3617,#3711,#861,.T.);
#4561=EDGE_CURVE('',#3712,#3711,#3315,.T.);
#4562=EDGE_CURVE('',#3618,#3712,#862,.T.);
#4563=EDGE_CURVE('',#3713,#3712,#863,.T.);
#4564=EDGE_CURVE('',#3619,#3713,#864,.T.);
#4565=EDGE_CURVE('',#3714,#3713,#239,.T.);
#4566=EDGE_CURVE('',#3620,#3714,#865,.T.);
#4567=EDGE_CURVE('',#3715,#3714,#866,.T.);
#4568=EDGE_CURVE('',#3621,#3715,#867,.T.);
#4569=EDGE_CURVE('',#3716,#3715,#3316,.T.);
#4570=EDGE_CURVE('',#3622,#3716,#868,.T.);
#4571=EDGE_CURVE('',#3709,#3716,#869,.T.);
#4572=EDGE_CURVE('',#3623,#3717,#870,.T.);
#4573=EDGE_CURVE('',#3718,#3717,#871,.T.);
#4574=EDGE_CURVE('',#3624,#3718,#872,.T.);
#4575=EDGE_CURVE('',#3719,#3718,#873,.T.);
#4576=EDGE_CURVE('',#3625,#3719,#874,.T.);
#4577=EDGE_CURVE('',#3720,#3719,#875,.T.);
#4578=EDGE_CURVE('',#3626,#3720,#876,.T.);
#4579=EDGE_CURVE('',#3721,#3720,#877,.T.);
#4580=EDGE_CURVE('',#3627,#3721,#878,.T.);
#4581=EDGE_CURVE('',#3722,#3721,#879,.T.);
#4582=EDGE_CURVE('',#3628,#3722,#880,.T.);
#4583=EDGE_CURVE('',#3723,#3722,#881,.T.);
#4584=EDGE_CURVE('',#3629,#3723,#882,.T.);
#4585=EDGE_CURVE('',#3724,#3723,#883,.T.);
#4586=EDGE_CURVE('',#3630,#3724,#884,.T.);
#4587=EDGE_CURVE('',#3717,#3724,#885,.T.);
#4588=EDGE_CURVE('',#3631,#3725,#886,.T.);
#4589=EDGE_CURVE('',#3726,#3725,#887,.T.);
#4590=EDGE_CURVE('',#3632,#3726,#888,.T.);
#4591=EDGE_CURVE('',#3727,#3726,#889,.T.);
#4592=EDGE_CURVE('',#3633,#3727,#890,.T.);
#4593=EDGE_CURVE('',#3728,#3727,#891,.T.);
#4594=EDGE_CURVE('',#3634,#3728,#892,.T.);
#4595=EDGE_CURVE('',#3729,#3728,#893,.T.);
#4596=EDGE_CURVE('',#3635,#3729,#894,.T.);
#4597=EDGE_CURVE('',#3730,#3729,#895,.T.);
#4598=EDGE_CURVE('',#3636,#3730,#896,.T.);
#4599=EDGE_CURVE('',#3731,#3730,#897,.T.);
#4600=EDGE_CURVE('',#3637,#3731,#898,.T.);
#4601=EDGE_CURVE('',#3732,#3731,#899,.T.);
#4602=EDGE_CURVE('',#3638,#3732,#900,.T.);
#4603=EDGE_CURVE('',#3733,#3732,#901,.T.);
#4604=EDGE_CURVE('',#3639,#3733,#902,.T.);
#4605=EDGE_CURVE('',#3734,#3733,#903,.T.);
#4606=EDGE_CURVE('',#3640,#3734,#904,.T.);
#4607=EDGE_CURVE('',#3735,#3734,#905,.T.);
#4608=EDGE_CURVE('',#3641,#3735,#906,.T.);
#4609=EDGE_CURVE('',#3736,#3735,#907,.T.);
#4610=EDGE_CURVE('',#3642,#3736,#908,.T.);
#4611=EDGE_CURVE('',#3737,#3736,#909,.T.);
#4612=EDGE_CURVE('',#3643,#3737,#910,.T.);
#4613=EDGE_CURVE('',#3738,#3737,#911,.T.);
#4614=EDGE_CURVE('',#3644,#3738,#912,.T.);
#4615=EDGE_CURVE('',#3725,#3738,#913,.T.);
#4616=EDGE_CURVE('',#3739,#3740,#914,.T.);
#4617=EDGE_CURVE('',#3739,#3741,#915,.T.);
#4618=EDGE_CURVE('',#3742,#3741,#916,.T.);
#4619=EDGE_CURVE('',#3740,#3742,#917,.T.);
#4620=EDGE_CURVE('',#3740,#3743,#918,.T.);
#4621=EDGE_CURVE('',#3744,#3742,#919,.T.);
#4622=EDGE_CURVE('',#3743,#3744,#920,.T.);
#4623=EDGE_CURVE('',#3743,#3745,#921,.T.);
#4624=EDGE_CURVE('',#3746,#3744,#922,.T.);
#4625=EDGE_CURVE('',#3745,#3746,#923,.T.);
#4626=EDGE_CURVE('',#3745,#3739,#924,.T.);
#4627=EDGE_CURVE('',#3741,#3746,#925,.T.);
#4628=EDGE_CURVE('',#3747,#3748,#926,.T.);
#4629=EDGE_CURVE('',#3747,#3749,#927,.T.);
#4630=EDGE_CURVE('',#3750,#3749,#928,.T.);
#4631=EDGE_CURVE('',#3748,#3750,#929,.T.);
#4632=EDGE_CURVE('',#3748,#3751,#930,.T.);
#4633=EDGE_CURVE('',#3752,#3750,#931,.T.);
#4634=EDGE_CURVE('',#3751,#3752,#932,.T.);
#4635=EDGE_CURVE('',#3751,#3753,#933,.T.);
#4636=EDGE_CURVE('',#3754,#3752,#934,.T.);
#4637=EDGE_CURVE('',#3753,#3754,#935,.T.);
#4638=EDGE_CURVE('',#3753,#3755,#936,.T.);
#4639=EDGE_CURVE('',#3756,#3754,#937,.T.);
#4640=EDGE_CURVE('',#3755,#3756,#938,.T.);
#4641=EDGE_CURVE('',#3755,#3757,#939,.T.);
#4642=EDGE_CURVE('',#3758,#3756,#940,.T.);
#4643=EDGE_CURVE('',#3757,#3758,#941,.T.);
#4644=EDGE_CURVE('',#3757,#3759,#942,.T.);
#4645=EDGE_CURVE('',#3760,#3758,#943,.T.);
#4646=EDGE_CURVE('',#3759,#3760,#944,.T.);
#4647=EDGE_CURVE('',#3759,#3747,#945,.T.);
#4648=EDGE_CURVE('',#3749,#3760,#946,.T.);
#4649=EDGE_CURVE('',#3761,#3762,#947,.T.);
#4650=EDGE_CURVE('',#3761,#3763,#948,.T.);
#4651=EDGE_CURVE('',#3764,#3763,#949,.T.);
#4652=EDGE_CURVE('',#3762,#3764,#950,.T.);
#4653=EDGE_CURVE('',#3762,#3765,#951,.T.);
#4654=EDGE_CURVE('',#3766,#3764,#952,.T.);
#4655=EDGE_CURVE('',#3765,#3766,#953,.T.);
#4656=EDGE_CURVE('',#3765,#3767,#3317,.T.);
#4657=EDGE_CURVE('',#3768,#3766,#3318,.T.);
#4658=EDGE_CURVE('',#3767,#3768,#954,.T.);
#4659=EDGE_CURVE('',#3767,#3761,#955,.T.);
#4660=EDGE_CURVE('',#3763,#3768,#956,.T.);
#4661=EDGE_CURVE('',#3769,#3770,#957,.T.);
#4662=EDGE_CURVE('',#3769,#3771,#958,.T.);
#4663=EDGE_CURVE('',#3772,#3771,#959,.T.);
#4664=EDGE_CURVE('',#3770,#3772,#960,.T.);
#4665=EDGE_CURVE('',#3770,#3773,#961,.T.);
#4666=EDGE_CURVE('',#3774,#3772,#962,.T.);
#4667=EDGE_CURVE('',#3773,#3774,#963,.T.);
#4668=EDGE_CURVE('',#3773,#3775,#964,.T.);
#4669=EDGE_CURVE('',#3776,#3774,#965,.T.);
#4670=EDGE_CURVE('',#3775,#3776,#966,.T.);
#4671=EDGE_CURVE('',#3775,#3777,#3319,.T.);
#4672=EDGE_CURVE('',#3778,#3776,#3320,.T.);
#4673=EDGE_CURVE('',#3777,#3778,#967,.T.);
#4674=EDGE_CURVE('',#3777,#3779,#968,.T.);
#4675=EDGE_CURVE('',#3780,#3778,#969,.T.);
#4676=EDGE_CURVE('',#3779,#3780,#970,.T.);
#4677=EDGE_CURVE('',#3779,#3781,#3321,.T.);
#4678=EDGE_CURVE('',#3782,#3780,#3322,.T.);
#4679=EDGE_CURVE('',#3781,#3782,#971,.T.);
#4680=EDGE_CURVE('',#3781,#3783,#972,.T.);
#4681=EDGE_CURVE('',#3784,#3782,#973,.T.);
#4682=EDGE_CURVE('',#3783,#3784,#974,.T.);
#4683=EDGE_CURVE('',#3783,#3785,#975,.T.);
#4684=EDGE_CURVE('',#3786,#3784,#976,.T.);
#4685=EDGE_CURVE('',#3785,#3786,#977,.T.);
#4686=EDGE_CURVE('',#3785,#3787,#978,.T.);
#4687=EDGE_CURVE('',#3788,#3786,#979,.T.);
#4688=EDGE_CURVE('',#3787,#3788,#980,.T.);
#4689=EDGE_CURVE('',#3787,#3789,#981,.T.);
#4690=EDGE_CURVE('',#3790,#3788,#982,.T.);
#4691=EDGE_CURVE('',#3789,#3790,#983,.T.);
#4692=EDGE_CURVE('',#3789,#3791,#984,.T.);
#4693=EDGE_CURVE('',#3792,#3790,#985,.T.);
#4694=EDGE_CURVE('',#3791,#3792,#986,.T.);
#4695=EDGE_CURVE('',#3791,#3793,#987,.T.);
#4696=EDGE_CURVE('',#3794,#3792,#988,.T.);
#4697=EDGE_CURVE('',#3793,#3794,#989,.T.);
#4698=EDGE_CURVE('',#3793,#3795,#990,.T.);
#4699=EDGE_CURVE('',#3796,#3794,#991,.T.);
#4700=EDGE_CURVE('',#3795,#3796,#992,.T.);
#4701=EDGE_CURVE('',#3795,#3797,#3323,.T.);
#4702=EDGE_CURVE('',#3798,#3796,#3324,.T.);
#4703=EDGE_CURVE('',#3797,#3798,#993,.T.);
#4704=EDGE_CURVE('',#3797,#3799,#994,.T.);
#4705=EDGE_CURVE('',#3800,#3798,#995,.T.);
#4706=EDGE_CURVE('',#3799,#3800,#996,.T.);
#4707=EDGE_CURVE('',#3799,#3801,#3325,.T.);
#4708=EDGE_CURVE('',#3802,#3800,#3326,.T.);
#4709=EDGE_CURVE('',#3801,#3802,#997,.T.);
#4710=EDGE_CURVE('',#3801,#3803,#998,.T.);
#4711=EDGE_CURVE('',#3804,#3802,#999,.T.);
#4712=EDGE_CURVE('',#3803,#3804,#1000,.T.);
#4713=EDGE_CURVE('',#3803,#3769,#1001,.T.);
#4714=EDGE_CURVE('',#3771,#3804,#1002,.T.);
#4715=EDGE_CURVE('',#3805,#3806,#1003,.T.);
#4716=EDGE_CURVE('',#3805,#3807,#1004,.T.);
#4717=EDGE_CURVE('',#3808,#3807,#1005,.T.);
#4718=EDGE_CURVE('',#3806,#3808,#1006,.T.);
#4719=EDGE_CURVE('',#3806,#3809,#1007,.T.);
#4720=EDGE_CURVE('',#3810,#3808,#1008,.T.);
#4721=EDGE_CURVE('',#3809,#3810,#1009,.T.);
#4722=EDGE_CURVE('',#3809,#3811,#3327,.T.);
#4723=EDGE_CURVE('',#3812,#3810,#3328,.T.);
#4724=EDGE_CURVE('',#3811,#3812,#1010,.T.);
#4725=EDGE_CURVE('',#3811,#3813,#1011,.T.);
#4726=EDGE_CURVE('',#3814,#3812,#1012,.T.);
#4727=EDGE_CURVE('',#3813,#3814,#1013,.T.);
#4728=EDGE_CURVE('',#3813,#3815,#3329,.T.);
#4729=EDGE_CURVE('',#3816,#3814,#3330,.T.);
#4730=EDGE_CURVE('',#3815,#3816,#1014,.T.);
#4731=EDGE_CURVE('',#3815,#3817,#1015,.T.);
#4732=EDGE_CURVE('',#3818,#3816,#1016,.T.);
#4733=EDGE_CURVE('',#3817,#3818,#1017,.T.);
#4734=EDGE_CURVE('',#3817,#3805,#3331,.T.);
#4735=EDGE_CURVE('',#3807,#3818,#3332,.T.);
#4736=EDGE_CURVE('',#3819,#3820,#1018,.T.);
#4737=EDGE_CURVE('',#3819,#3821,#1019,.T.);
#4738=EDGE_CURVE('',#3822,#3821,#1020,.T.);
#4739=EDGE_CURVE('',#3820,#3822,#1021,.T.);
#4740=EDGE_CURVE('',#3820,#3823,#1022,.T.);
#4741=EDGE_CURVE('',#3824,#3822,#1023,.T.);
#4742=EDGE_CURVE('',#3823,#3824,#1024,.T.);
#4743=EDGE_CURVE('',#3823,#3825,#1025,.T.);
#4744=EDGE_CURVE('',#3826,#3824,#1026,.T.);
#4745=EDGE_CURVE('',#3825,#3826,#1027,.T.);
#4746=EDGE_CURVE('',#3825,#3827,#1028,.T.);
#4747=EDGE_CURVE('',#3828,#3826,#1029,.T.);
#4748=EDGE_CURVE('',#3827,#3828,#1030,.T.);
#4749=EDGE_CURVE('',#3827,#3829,#3333,.T.);
#4750=EDGE_CURVE('',#3830,#3828,#3334,.T.);
#4751=EDGE_CURVE('',#3829,#3830,#1031,.T.);
#4752=EDGE_CURVE('',#3829,#3831,#1032,.T.);
#4753=EDGE_CURVE('',#3832,#3830,#1033,.T.);
#4754=EDGE_CURVE('',#3831,#3832,#1034,.T.);
#4755=EDGE_CURVE('',#3831,#3833,#1035,.T.);
#4756=EDGE_CURVE('',#3834,#3832,#1036,.T.);
#4757=EDGE_CURVE('',#3833,#3834,#1037,.T.);
#4758=EDGE_CURVE('',#3833,#3835,#1038,.T.);
#4759=EDGE_CURVE('',#3836,#3834,#1039,.T.);
#4760=EDGE_CURVE('',#3835,#3836,#1040,.T.);
#4761=EDGE_CURVE('',#3835,#3837,#1041,.T.);
#4762=EDGE_CURVE('',#3838,#3836,#1042,.T.);
#4763=EDGE_CURVE('',#3837,#3838,#1043,.T.);
#4764=EDGE_CURVE('',#3837,#3839,#1044,.T.);
#4765=EDGE_CURVE('',#3840,#3838,#1045,.T.);
#4766=EDGE_CURVE('',#3839,#3840,#1046,.T.);
#4767=EDGE_CURVE('',#3839,#3819,#3335,.T.);
#4768=EDGE_CURVE('',#3821,#3840,#3336,.T.);
#4769=EDGE_CURVE('',#3841,#3842,#1047,.T.);
#4770=EDGE_CURVE('',#3841,#3843,#1048,.T.);
#4771=EDGE_CURVE('',#3844,#3843,#1049,.T.);
#4772=EDGE_CURVE('',#3842,#3844,#1050,.T.);
#4773=EDGE_CURVE('',#3842,#3845,#1051,.T.);
#4774=EDGE_CURVE('',#3846,#3844,#1052,.T.);
#4775=EDGE_CURVE('',#3845,#3846,#1053,.T.);
#4776=EDGE_CURVE('',#3845,#3847,#1054,.T.);
#4777=EDGE_CURVE('',#3848,#3846,#1055,.T.);
#4778=EDGE_CURVE('',#3847,#3848,#1056,.T.);
#4779=EDGE_CURVE('',#3847,#3849,#1057,.T.);
#4780=EDGE_CURVE('',#3850,#3848,#1058,.T.);
#4781=EDGE_CURVE('',#3849,#3850,#1059,.T.);
#4782=EDGE_CURVE('',#3849,#3851,#1060,.T.);
#4783=EDGE_CURVE('',#3852,#3850,#1061,.T.);
#4784=EDGE_CURVE('',#3851,#3852,#1062,.T.);
#4785=EDGE_CURVE('',#3851,#3853,#1063,.T.);
#4786=EDGE_CURVE('',#3854,#3852,#1064,.T.);
#4787=EDGE_CURVE('',#3853,#3854,#1065,.T.);
#4788=EDGE_CURVE('',#3853,#3841,#1066,.T.);
#4789=EDGE_CURVE('',#3843,#3854,#1067,.T.);
#4790=EDGE_CURVE('',#3855,#3856,#1068,.T.);
#4791=EDGE_CURVE('',#3855,#3857,#1069,.T.);
#4792=EDGE_CURVE('',#3858,#3857,#1070,.T.);
#4793=EDGE_CURVE('',#3856,#3858,#1071,.T.);
#4794=EDGE_CURVE('',#3856,#3859,#1072,.T.);
#4795=EDGE_CURVE('',#3860,#3858,#1073,.T.);
#4796=EDGE_CURVE('',#3859,#3860,#1074,.T.);
#4797=EDGE_CURVE('',#3859,#3861,#1075,.T.);
#4798=EDGE_CURVE('',#3862,#3860,#1076,.T.);
#4799=EDGE_CURVE('',#3861,#3862,#1077,.T.);
#4800=EDGE_CURVE('',#3861,#3855,#1078,.T.);
#4801=EDGE_CURVE('',#3857,#3862,#1079,.T.);
#4802=EDGE_CURVE('',#3863,#3864,#1080,.T.);
#4803=EDGE_CURVE('',#3863,#3865,#1081,.T.);
#4804=EDGE_CURVE('',#3866,#3865,#1082,.T.);
#4805=EDGE_CURVE('',#3864,#3866,#1083,.T.);
#4806=EDGE_CURVE('',#3864,#3867,#3337,.T.);
#4807=EDGE_CURVE('',#3868,#3866,#3338,.T.);
#4808=EDGE_CURVE('',#3867,#3868,#1084,.T.);
#4809=EDGE_CURVE('',#3867,#3869,#3339,.T.);
#4810=EDGE_CURVE('',#3870,#3868,#3340,.T.);
#4811=EDGE_CURVE('',#3869,#3870,#1085,.T.);
#4812=EDGE_CURVE('',#3869,#3863,#3341,.T.);
#4813=EDGE_CURVE('',#3865,#3870,#3342,.T.);
#4814=EDGE_CURVE('',#3871,#3872,#1086,.T.);
#4815=EDGE_CURVE('',#3871,#3873,#1087,.T.);
#4816=EDGE_CURVE('',#3874,#3873,#1088,.T.);
#4817=EDGE_CURVE('',#3872,#3874,#1089,.T.);
#4818=EDGE_CURVE('',#3872,#3875,#1090,.T.);
#4819=EDGE_CURVE('',#3876,#3874,#1091,.T.);
#4820=EDGE_CURVE('',#3875,#3876,#1092,.T.);
#4821=EDGE_CURVE('',#3875,#3877,#3343,.T.);
#4822=EDGE_CURVE('',#3878,#3876,#3344,.T.);
#4823=EDGE_CURVE('',#3877,#3878,#1093,.T.);
#4824=EDGE_CURVE('',#3877,#3879,#1094,.T.);
#4825=EDGE_CURVE('',#3880,#3878,#1095,.T.);
#4826=EDGE_CURVE('',#3879,#3880,#1096,.T.);
#4827=EDGE_CURVE('',#3879,#3881,#3345,.T.);
#4828=EDGE_CURVE('',#3882,#3880,#3346,.T.);
#4829=EDGE_CURVE('',#3881,#3882,#1097,.T.);
#4830=EDGE_CURVE('',#3881,#3871,#1098,.T.);
#4831=EDGE_CURVE('',#3873,#3882,#1099,.T.);
#4832=EDGE_CURVE('',#3883,#3884,#1100,.T.);
#4833=EDGE_CURVE('',#3883,#3885,#1101,.T.);
#4834=EDGE_CURVE('',#3886,#3885,#1102,.T.);
#4835=EDGE_CURVE('',#3884,#3886,#1103,.T.);
#4836=EDGE_CURVE('',#3884,#3887,#1104,.T.);
#4837=EDGE_CURVE('',#3888,#3886,#1105,.T.);
#4838=EDGE_CURVE('',#3887,#3888,#1106,.T.);
#4839=EDGE_CURVE('',#3887,#3889,#3347,.T.);
#4840=EDGE_CURVE('',#3890,#3888,#3348,.T.);
#4841=EDGE_CURVE('',#3889,#3890,#1107,.T.);
#4842=EDGE_CURVE('',#3889,#3891,#1108,.T.);
#4843=EDGE_CURVE('',#3892,#3890,#1109,.T.);
#4844=EDGE_CURVE('',#3891,#3892,#1110,.T.);
#4845=EDGE_CURVE('',#3891,#3893,#3349,.T.);
#4846=EDGE_CURVE('',#3894,#3892,#3350,.T.);
#4847=EDGE_CURVE('',#3893,#3894,#1111,.T.);
#4848=EDGE_CURVE('',#3893,#3883,#1112,.T.);
#4849=EDGE_CURVE('',#3885,#3894,#1113,.T.);
#4850=EDGE_CURVE('',#3895,#3896,#1114,.T.);
#4851=EDGE_CURVE('',#3895,#3897,#1115,.T.);
#4852=EDGE_CURVE('',#3898,#3897,#1116,.T.);
#4853=EDGE_CURVE('',#3896,#3898,#1117,.T.);
#4854=EDGE_CURVE('',#3896,#3899,#3351,.T.);
#4855=EDGE_CURVE('',#3900,#3898,#3352,.T.);
#4856=EDGE_CURVE('',#3899,#3900,#1118,.T.);
#4857=EDGE_CURVE('',#3899,#3901,#1119,.T.);
#4858=EDGE_CURVE('',#3902,#3900,#1120,.T.);
#4859=EDGE_CURVE('',#3901,#3902,#1121,.T.);
#4860=EDGE_CURVE('',#3901,#3903,#3353,.T.);
#4861=EDGE_CURVE('',#3904,#3902,#3354,.T.);
#4862=EDGE_CURVE('',#3903,#3904,#1122,.T.);
#4863=EDGE_CURVE('',#3903,#3905,#1123,.T.);
#4864=EDGE_CURVE('',#3906,#3904,#1124,.T.);
#4865=EDGE_CURVE('',#3905,#3906,#1125,.T.);
#4866=EDGE_CURVE('',#3905,#3907,#1126,.T.);
#4867=EDGE_CURVE('',#3908,#3906,#1127,.T.);
#4868=EDGE_CURVE('',#3907,#3908,#1128,.T.);
#4869=EDGE_CURVE('',#3907,#3909,#1129,.T.);
#4870=EDGE_CURVE('',#3910,#3908,#1130,.T.);
#4871=EDGE_CURVE('',#3909,#3910,#1131,.T.);
#4872=EDGE_CURVE('',#3909,#3895,#1132,.T.);
#4873=EDGE_CURVE('',#3897,#3910,#1133,.T.);
#4874=EDGE_CURVE('',#3911,#3912,#1134,.T.);
#4875=EDGE_CURVE('',#3911,#3913,#1135,.T.);
#4876=EDGE_CURVE('',#3914,#3913,#1136,.T.);
#4877=EDGE_CURVE('',#3912,#3914,#1137,.T.);
#4878=EDGE_CURVE('',#3912,#3915,#1138,.T.);
#4879=EDGE_CURVE('',#3916,#3914,#1139,.T.);
#4880=EDGE_CURVE('',#3915,#3916,#1140,.T.);
#4881=EDGE_CURVE('',#3915,#3917,#1141,.T.);
#4882=EDGE_CURVE('',#3918,#3916,#1142,.T.);
#4883=EDGE_CURVE('',#3917,#3918,#1143,.T.);
#4884=EDGE_CURVE('',#3917,#3919,#1144,.T.);
#4885=EDGE_CURVE('',#3920,#3918,#1145,.T.);
#4886=EDGE_CURVE('',#3919,#3920,#1146,.T.);
#4887=EDGE_CURVE('',#3919,#3921,#3355,.T.);
#4888=EDGE_CURVE('',#3922,#3920,#3356,.T.);
#4889=EDGE_CURVE('',#3921,#3922,#1147,.T.);
#4890=EDGE_CURVE('',#3921,#3923,#1148,.T.);
#4891=EDGE_CURVE('',#3924,#3922,#1149,.T.);
#4892=EDGE_CURVE('',#3923,#3924,#1150,.T.);
#4893=EDGE_CURVE('',#3923,#3925,#1151,.T.);
#4894=EDGE_CURVE('',#3926,#3924,#1152,.T.);
#4895=EDGE_CURVE('',#3925,#3926,#1153,.T.);
#4896=EDGE_CURVE('',#3925,#3927,#1154,.T.);
#4897=EDGE_CURVE('',#3928,#3926,#1155,.T.);
#4898=EDGE_CURVE('',#3927,#3928,#1156,.T.);
#4899=EDGE_CURVE('',#3927,#3929,#1157,.T.);
#4900=EDGE_CURVE('',#3930,#3928,#1158,.T.);
#4901=EDGE_CURVE('',#3929,#3930,#1159,.T.);
#4902=EDGE_CURVE('',#3929,#3931,#1160,.T.);
#4903=EDGE_CURVE('',#3932,#3930,#1161,.T.);
#4904=EDGE_CURVE('',#3931,#3932,#1162,.T.);
#4905=EDGE_CURVE('',#3931,#3911,#3357,.T.);
#4906=EDGE_CURVE('',#3913,#3932,#3358,.T.);
#4907=EDGE_CURVE('',#3933,#3934,#21,.T.);
#4908=EDGE_CURVE('',#3934,#3935,#1163,.T.);
#4909=EDGE_CURVE('',#3935,#3936,#22,.T.);
#4910=EDGE_CURVE('',#3936,#3933,#1164,.T.);
#4911=EDGE_CURVE('',#3934,#3937,#3359,.T.);
#4912=EDGE_CURVE('',#3937,#3938,#3360,.T.);
#4913=EDGE_CURVE('',#3939,#3938,#1165,.T.);
#4914=EDGE_CURVE('',#3939,#3940,#3361,.T.);
#4915=EDGE_CURVE('',#3940,#3935,#3362,.T.);
#4916=EDGE_CURVE('',#3938,#3941,#23,.T.);
#4917=EDGE_CURVE('',#3941,#3942,#1166,.T.);
#4918=EDGE_CURVE('',#3942,#3939,#24,.T.);
#4919=EDGE_CURVE('',#3941,#3943,#1167,.T.);
#4920=EDGE_CURVE('',#3944,#3943,#1168,.T.);
#4921=EDGE_CURVE('',#3942,#3944,#1169,.T.);
#4922=EDGE_CURVE('',#3945,#3946,#25,.T.);
#4923=EDGE_CURVE('',#3946,#3947,#1170,.T.);
#4924=EDGE_CURVE('',#3947,#3948,#26,.T.);
#4925=EDGE_CURVE('',#3948,#3945,#1171,.T.);
#4926=EDGE_CURVE('',#3946,#3949,#3363,.T.);
#4927=EDGE_CURVE('',#3950,#3949,#1172,.T.);
#4928=EDGE_CURVE('',#3950,#3947,#3364,.T.);
#4929=EDGE_CURVE('',#3949,#3951,#27,.T.);
#4930=EDGE_CURVE('',#3951,#3952,#1173,.T.);
#4931=EDGE_CURVE('',#3952,#3950,#28,.T.);
#4932=EDGE_CURVE('',#3951,#3953,#1174,.T.);
#4933=EDGE_CURVE('',#3954,#3953,#1175,.T.);
#4934=EDGE_CURVE('',#3952,#3954,#1176,.T.);
#4935=EDGE_CURVE('',#3955,#3956,#29,.T.);
#4936=EDGE_CURVE('',#3956,#3957,#1177,.T.);
#4937=EDGE_CURVE('',#3957,#3958,#30,.T.);
#4938=EDGE_CURVE('',#3958,#3955,#1178,.T.);
#4939=EDGE_CURVE('',#3956,#3959,#3365,.T.);
#4940=EDGE_CURVE('',#3959,#3960,#3366,.T.);
#4941=EDGE_CURVE('',#3961,#3960,#1179,.T.);
#4942=EDGE_CURVE('',#3961,#3962,#3367,.T.);
#4943=EDGE_CURVE('',#3962,#3957,#3368,.T.);
#4944=EDGE_CURVE('',#3948,#3955,#1180,.T.);
#4945=EDGE_CURVE('',#3960,#3954,#31,.T.);
#4946=EDGE_CURVE('',#3959,#3963,#1181,.T.);
#4947=EDGE_CURVE('',#3963,#3963,#3369,.T.);
#4948=EDGE_CURVE('',#3964,#3944,#32,.T.);
#4949=EDGE_CURVE('',#3943,#3965,#33,.T.);
#4950=EDGE_CURVE('',#3965,#3964,#1182,.T.);
#4951=EDGE_CURVE('',#3965,#3966,#3370,.T.);
#4952=EDGE_CURVE('',#3967,#3966,#1183,.T.);
#4953=EDGE_CURVE('',#3967,#3964,#3371,.T.);
#4954=EDGE_CURVE('',#3937,#3968,#1184,.T.);
#4955=EDGE_CURVE('',#3968,#3968,#3372,.T.);
#4956=EDGE_CURVE('',#3933,#3969,#1185,.T.);
#4957=EDGE_CURVE('',#3966,#3969,#34,.T.);
#4958=EDGE_CURVE('',#3970,#3967,#35,.T.);
#4959=EDGE_CURVE('',#3969,#3970,#1186,.T.);
#4960=EDGE_CURVE('',#3953,#3961,#36,.T.);
#4961=EDGE_CURVE('',#3945,#3958,#1187,.T.);
#4962=EDGE_CURVE('',#3936,#3970,#1188,.T.);
#4963=EDGE_CURVE('',#3962,#3971,#1189,.T.);
#4964=EDGE_CURVE('',#3971,#3971,#3373,.T.);
#4965=EDGE_CURVE('',#3972,#3973,#1190,.T.);
#4966=EDGE_CURVE('',#3974,#3972,#1191,.T.);
#4967=EDGE_CURVE('',#3975,#3974,#37,.T.);
#4968=EDGE_CURVE('',#3976,#3975,#1192,.T.);
#4969=EDGE_CURVE('',#3977,#3976,#38,.T.);
#4970=EDGE_CURVE('',#3973,#3977,#1193,.T.);
#4971=EDGE_CURVE('',#3978,#3978,#3374,.T.);
#4972=EDGE_CURVE('',#3940,#3978,#1194,.T.);
#4973=EDGE_CURVE('',#3979,#3980,#39,.T.);
#4974=EDGE_CURVE('',#3980,#3981,#3375,.T.);
#4975=EDGE_CURVE('',#3981,#3982,#40,.T.);
#4976=EDGE_CURVE('',#3982,#3983,#41,.T.);
#4977=EDGE_CURVE('',#3983,#3984,#42,.T.);
#4978=EDGE_CURVE('',#3984,#3985,#3376,.T.);
#4979=EDGE_CURVE('',#3985,#3986,#43,.T.);
#4980=EDGE_CURVE('',#3986,#3979,#44,.T.);
#4981=EDGE_CURVE('',#3987,#3979,#1195,.T.);
#4982=EDGE_CURVE('',#3988,#3987,#3377,.T.);
#4983=EDGE_CURVE('',#3988,#3980,#1196,.T.);
#4984=EDGE_CURVE('',#3989,#3986,#1197,.T.);
#4985=EDGE_CURVE('',#3987,#3989,#1198,.T.);
#4986=EDGE_CURVE('',#3990,#3985,#1199,.T.);
#4987=EDGE_CURVE('',#3989,#3990,#3378,.T.);
#4988=EDGE_CURVE('',#3991,#3992,#45,.T.);
#4989=EDGE_CURVE('',#3992,#3993,#3379,.T.);
#4990=EDGE_CURVE('',#3993,#3994,#46,.T.);
#4991=EDGE_CURVE('',#3994,#3995,#47,.T.);
#4992=EDGE_CURVE('',#3995,#3996,#48,.T.);
#4993=EDGE_CURVE('',#3996,#3997,#3380,.T.);
#4994=EDGE_CURVE('',#3997,#3998,#49,.T.);
#4995=EDGE_CURVE('',#3998,#3991,#50,.T.);
#4996=EDGE_CURVE('',#3999,#3996,#1200,.T.);
#4997=EDGE_CURVE('',#4000,#3999,#3381,.T.);
#4998=EDGE_CURVE('',#4000,#3997,#1201,.T.);
#4999=EDGE_CURVE('',#4001,#3995,#1202,.T.);
#5000=EDGE_CURVE('',#3999,#4001,#3382,.T.);
#5001=EDGE_CURVE('',#4002,#3994,#1203,.T.);
#5002=EDGE_CURVE('',#4001,#4002,#1204,.T.);
#5003=EDGE_CURVE('',#4003,#3993,#1205,.T.);
#5004=EDGE_CURVE('',#4002,#4003,#3383,.T.);
#5005=EDGE_CURVE('',#4004,#4005,#51,.T.);
#5006=EDGE_CURVE('',#4005,#4006,#3384,.T.);
#5007=EDGE_CURVE('',#4006,#4007,#52,.T.);
#5008=EDGE_CURVE('',#4007,#4008,#53,.T.);
#5009=EDGE_CURVE('',#4008,#4009,#54,.T.);
#5010=EDGE_CURVE('',#4009,#4010,#3385,.T.);
#5011=EDGE_CURVE('',#4010,#4011,#55,.T.);
#5012=EDGE_CURVE('',#4011,#4004,#56,.T.);
#5013=EDGE_CURVE('',#4012,#4004,#1206,.T.);
#5014=EDGE_CURVE('',#4013,#4012,#3386,.T.);
#5015=EDGE_CURVE('',#4013,#4005,#1207,.T.);
#5016=EDGE_CURVE('',#4014,#4011,#1208,.T.);
#5017=EDGE_CURVE('',#4012,#4014,#1209,.T.);
#5018=EDGE_CURVE('',#4015,#4010,#1210,.T.);
#5019=EDGE_CURVE('',#4014,#4015,#3387,.T.);
#5020=EDGE_CURVE('',#4016,#4017,#57,.T.);
#5021=EDGE_CURVE('',#4017,#4018,#3388,.T.);
#5022=EDGE_CURVE('',#4018,#4019,#58,.T.);
#5023=EDGE_CURVE('',#4019,#4020,#59,.T.);
#5024=EDGE_CURVE('',#4020,#4021,#60,.T.);
#5025=EDGE_CURVE('',#4021,#4022,#3389,.T.);
#5026=EDGE_CURVE('',#4022,#4023,#61,.T.);
#5027=EDGE_CURVE('',#4023,#4016,#62,.T.);
#5028=EDGE_CURVE('',#4024,#4016,#1211,.T.);
#5029=EDGE_CURVE('',#4025,#4024,#3390,.T.);
#5030=EDGE_CURVE('',#4025,#4017,#1212,.T.);
#5031=EDGE_CURVE('',#4026,#4023,#1213,.T.);
#5032=EDGE_CURVE('',#4024,#4026,#1214,.T.);
#5033=EDGE_CURVE('',#4027,#4022,#1215,.T.);
#5034=EDGE_CURVE('',#4026,#4027,#3391,.T.);
#5035=EDGE_CURVE('',#4028,#4029,#63,.T.);
#5036=EDGE_CURVE('',#4029,#4030,#3392,.T.);
#5037=EDGE_CURVE('',#4030,#4031,#64,.T.);
#5038=EDGE_CURVE('',#4031,#4032,#65,.T.);
#5039=EDGE_CURVE('',#4032,#4033,#66,.T.);
#5040=EDGE_CURVE('',#4033,#4034,#3393,.T.);
#5041=EDGE_CURVE('',#4034,#4035,#67,.T.);
#5042=EDGE_CURVE('',#4035,#4028,#68,.T.);
#5043=EDGE_CURVE('',#4036,#4031,#1216,.T.);
#5044=EDGE_CURVE('',#4037,#4036,#1217,.T.);
#5045=EDGE_CURVE('',#4037,#4032,#1218,.T.);
#5046=EDGE_CURVE('',#4038,#4030,#1219,.T.);
#5047=EDGE_CURVE('',#4036,#4038,#3394,.T.);
#5048=EDGE_CURVE('',#4039,#4028,#1220,.T.);
#5049=EDGE_CURVE('',#4040,#4039,#3395,.T.);
#5050=EDGE_CURVE('',#4040,#4029,#1221,.T.);
#5051=EDGE_CURVE('',#4041,#4042,#69,.T.);
#5052=EDGE_CURVE('',#4042,#4043,#3396,.T.);
#5053=EDGE_CURVE('',#4043,#4044,#70,.T.);
#5054=EDGE_CURVE('',#4044,#4045,#71,.T.);
#5055=EDGE_CURVE('',#4045,#4046,#72,.T.);
#5056=EDGE_CURVE('',#4046,#4047,#3397,.T.);
#5057=EDGE_CURVE('',#4047,#4048,#73,.T.);
#5058=EDGE_CURVE('',#4048,#4041,#74,.T.);
#5059=EDGE_CURVE('',#4049,#4044,#1222,.T.);
#5060=EDGE_CURVE('',#4050,#4049,#1223,.T.);
#5061=EDGE_CURVE('',#4050,#4045,#1224,.T.);
#5062=EDGE_CURVE('',#4051,#4043,#1225,.T.);
#5063=EDGE_CURVE('',#4049,#4051,#3398,.T.);
#5064=EDGE_CURVE('',#4052,#4041,#1226,.T.);
#5065=EDGE_CURVE('',#4053,#4052,#3399,.T.);
#5066=EDGE_CURVE('',#4053,#4042,#1227,.T.);
#5067=EDGE_CURVE('',#4054,#4055,#75,.T.);
#5068=EDGE_CURVE('',#4055,#4056,#3400,.T.);
#5069=EDGE_CURVE('',#4056,#4057,#76,.T.);
#5070=EDGE_CURVE('',#4057,#4058,#77,.T.);
#5071=EDGE_CURVE('',#4058,#4059,#78,.T.);
#5072=EDGE_CURVE('',#4059,#4060,#3401,.T.);
#5073=EDGE_CURVE('',#4060,#4061,#79,.T.);
#5074=EDGE_CURVE('',#4061,#4054,#80,.T.);
#5075=EDGE_CURVE('',#4062,#4057,#1228,.T.);
#5076=EDGE_CURVE('',#4063,#4062,#1229,.T.);
#5077=EDGE_CURVE('',#4063,#4058,#1230,.T.);
#5078=EDGE_CURVE('',#4064,#4056,#1231,.T.);
#5079=EDGE_CURVE('',#4062,#4064,#3402,.T.);
#5080=EDGE_CURVE('',#4065,#4054,#1232,.T.);
#5081=EDGE_CURVE('',#4066,#4065,#3403,.T.);
#5082=EDGE_CURVE('',#4066,#4055,#1233,.T.);
#5083=EDGE_CURVE('',#4067,#4068,#81,.T.);
#5084=EDGE_CURVE('',#4068,#4069,#3404,.T.);
#5085=EDGE_CURVE('',#4069,#4070,#82,.T.);
#5086=EDGE_CURVE('',#4070,#4071,#83,.T.);
#5087=EDGE_CURVE('',#4071,#4072,#84,.T.);
#5088=EDGE_CURVE('',#4072,#4073,#3405,.T.);
#5089=EDGE_CURVE('',#4073,#4074,#85,.T.);
#5090=EDGE_CURVE('',#4074,#4067,#86,.T.);
#5091=EDGE_CURVE('',#4075,#4072,#1234,.T.);
#5092=EDGE_CURVE('',#4076,#4075,#3406,.T.);
#5093=EDGE_CURVE('',#4076,#4073,#1235,.T.);
#5094=EDGE_CURVE('',#4077,#4071,#1236,.T.);
#5095=EDGE_CURVE('',#4075,#4077,#3407,.T.);
#5096=EDGE_CURVE('',#4078,#4070,#1237,.T.);
#5097=EDGE_CURVE('',#4077,#4078,#1238,.T.);
#5098=EDGE_CURVE('',#4079,#4069,#1239,.T.);
#5099=EDGE_CURVE('',#4078,#4079,#3408,.T.);
#5100=EDGE_CURVE('',#4080,#4080,#3409,.T.);
#5101=EDGE_CURVE('',#4080,#4081,#3410,.T.);
#5102=EDGE_CURVE('',#4081,#4082,#3411,.T.);
#5103=EDGE_CURVE('',#4082,#4081,#3412,.T.);
#5104=EDGE_CURVE('',#4082,#4083,#1240,.T.);
#5105=EDGE_CURVE('',#4083,#4083,#3413,.T.);
#5106=EDGE_CURVE('',#4064,#4066,#3414,.T.);
#5107=EDGE_CURVE('',#4065,#4084,#1241,.T.);
#5108=EDGE_CURVE('',#4084,#4085,#3415,.T.);
#5109=EDGE_CURVE('',#4085,#4086,#3416,.T.);
#5110=EDGE_CURVE('',#4086,#4063,#3417,.T.);
#5111=EDGE_CURVE('',#4051,#4053,#3418,.T.);
#5112=EDGE_CURVE('',#4052,#4087,#1242,.T.);
#5113=EDGE_CURVE('',#4087,#4088,#3419,.T.);
#5114=EDGE_CURVE('',#4088,#4089,#3420,.T.);
#5115=EDGE_CURVE('',#4089,#4050,#3421,.T.);
#5116=EDGE_CURVE('',#4038,#4040,#3422,.T.);
#5117=EDGE_CURVE('',#4039,#4090,#1243,.T.);
#5118=EDGE_CURVE('',#4090,#4091,#3423,.T.);
#5119=EDGE_CURVE('',#4091,#4092,#3424,.T.);
#5120=EDGE_CURVE('',#4092,#4037,#3425,.T.);
#5121=EDGE_CURVE('',#4079,#4093,#3426,.T.);
#5122=EDGE_CURVE('',#4093,#4094,#3427,.T.);
#5123=EDGE_CURVE('',#4094,#4095,#1244,.T.);
#5124=EDGE_CURVE('',#4095,#4076,#3428,.T.);
#5125=EDGE_CURVE('',#4096,#4096,#3429,.T.);
#5126=EDGE_CURVE('',#4096,#4097,#3430,.T.);
#5127=EDGE_CURVE('',#4097,#4098,#3431,.T.);
#5128=EDGE_CURVE('',#4098,#4097,#3432,.T.);
#5129=EDGE_CURVE('',#4098,#4099,#1245,.T.);
#5130=EDGE_CURVE('',#4099,#4099,#3433,.T.);
#5131=EDGE_CURVE('',#4027,#4100,#3434,.T.);
#5132=EDGE_CURVE('',#4100,#4101,#3435,.T.);
#5133=EDGE_CURVE('',#4101,#4102,#1246,.T.);
#5134=EDGE_CURVE('',#4102,#4103,#3436,.T.);
#5135=EDGE_CURVE('',#4103,#4025,#3437,.T.);
#5136=EDGE_CURVE('',#4015,#4104,#3438,.T.);
#5137=EDGE_CURVE('',#4104,#4105,#3439,.T.);
#5138=EDGE_CURVE('',#4105,#4106,#1247,.T.);
#5139=EDGE_CURVE('',#4106,#4107,#3440,.T.);
#5140=EDGE_CURVE('',#4107,#4013,#3441,.T.);
#5141=EDGE_CURVE('',#3990,#4108,#3442,.T.);
#5142=EDGE_CURVE('',#4108,#4109,#3443,.T.);
#5143=EDGE_CURVE('',#4109,#4110,#1248,.T.);
#5144=EDGE_CURVE('',#4110,#4111,#3444,.T.);
#5145=EDGE_CURVE('',#4111,#3988,#3445,.T.);
#5146=EDGE_CURVE('',#4003,#4112,#3446,.T.);
#5147=EDGE_CURVE('',#4112,#4113,#3447,.T.);
#5148=EDGE_CURVE('',#4113,#4114,#1249,.T.);
#5149=EDGE_CURVE('',#4114,#4000,#3448,.T.);
#5150=EDGE_CURVE('',#4112,#3992,#1250,.T.);
#5151=EDGE_CURVE('',#4113,#3991,#1251,.T.);
#5152=EDGE_CURVE('',#4114,#3998,#1252,.T.);
#5153=EDGE_CURVE('',#4103,#4018,#1253,.T.);
#5154=EDGE_CURVE('',#4100,#4021,#1254,.T.);
#5155=EDGE_CURVE('',#4101,#4020,#1255,.T.);
#5156=EDGE_CURVE('',#4102,#4019,#1256,.T.);
#5157=EDGE_CURVE('',#4084,#4061,#1257,.T.);
#5158=EDGE_CURVE('',#4085,#4060,#1258,.T.);
#5159=EDGE_CURVE('',#4086,#4059,#1259,.T.);
#5160=EDGE_CURVE('',#4090,#4035,#1260,.T.);
#5161=EDGE_CURVE('',#4091,#4034,#1261,.T.);
#5162=EDGE_CURVE('',#4092,#4033,#1262,.T.);
#5163=EDGE_CURVE('',#4093,#4068,#1263,.T.);
#5164=EDGE_CURVE('',#4094,#4067,#1264,.T.);
#5165=EDGE_CURVE('',#4095,#4074,#1265,.T.);
#5166=EDGE_CURVE('',#4087,#4048,#1266,.T.);
#5167=EDGE_CURVE('',#4088,#4047,#1267,.T.);
#5168=EDGE_CURVE('',#4089,#4046,#1268,.T.);
#5169=EDGE_CURVE('',#4107,#4006,#1269,.T.);
#5170=EDGE_CURVE('',#4104,#4009,#1270,.T.);
#5171=EDGE_CURVE('',#4105,#4008,#1271,.T.);
#5172=EDGE_CURVE('',#4106,#4007,#1272,.T.);
#5173=EDGE_CURVE('',#4111,#3981,#1273,.T.);
#5174=EDGE_CURVE('',#4108,#3984,#1274,.T.);
#5175=EDGE_CURVE('',#4109,#3983,#1275,.T.);
#5176=EDGE_CURVE('',#4110,#3982,#1276,.T.);
#5177=EDGE_CURVE('',#4115,#4116,#3449,.T.);
#5178=EDGE_CURVE('',#4117,#4115,#1277,.T.);
#5179=EDGE_CURVE('',#4118,#4117,#3450,.T.);
#5180=EDGE_CURVE('',#4119,#4118,#1278,.T.);
#5181=EDGE_CURVE('',#4120,#4119,#1279,.T.);
#5182=EDGE_CURVE('',#4121,#4120,#1280,.T.);
#5183=EDGE_CURVE('',#4122,#4121,#1281,.T.);
#5184=EDGE_CURVE('',#4123,#4122,#1282,.T.);
#5185=EDGE_CURVE('',#4124,#4123,#1283,.T.);
#5186=EDGE_CURVE('',#4125,#4124,#1284,.T.);
#5187=EDGE_CURVE('',#4126,#4125,#1285,.T.);
#5188=EDGE_CURVE('',#4116,#4126,#1286,.T.);
#5189=EDGE_CURVE('',#3975,#4127,#1287,.T.);
#5190=EDGE_CURVE('',#4128,#4127,#1288,.T.);
#5191=EDGE_CURVE('',#3976,#4128,#1289,.T.);
#5192=EDGE_CURVE('',#3974,#4129,#1290,.T.);
#5193=EDGE_CURVE('',#4127,#4129,#19,.T.);
#5194=EDGE_CURVE('',#3972,#4130,#1291,.T.);
#5195=EDGE_CURVE('',#4129,#4130,#1292,.T.);
#5196=EDGE_CURVE('',#3973,#4131,#1293,.T.);
#5197=EDGE_CURVE('',#4130,#4131,#1294,.T.);
#5198=EDGE_CURVE('',#4132,#4128,#20,.T.);
#5199=EDGE_CURVE('',#3977,#4132,#1295,.T.);
#5200=EDGE_CURVE('',#4131,#4132,#1296,.T.);
#5201=EDGE_CURVE('',#3610,#4133,#3451,.T.);
#5202=EDGE_CURVE('',#4134,#3609,#3452,.T.);
#5203=EDGE_CURVE('',#4133,#4134,#1297,.T.);
#5204=EDGE_CURVE('',#4133,#4135,#1298,.T.);
#5205=EDGE_CURVE('',#4136,#4134,#1299,.T.);
#5206=EDGE_CURVE('',#4135,#4136,#1300,.T.);
#5207=EDGE_CURVE('',#4135,#4137,#3453,.T.);
#5208=EDGE_CURVE('',#4138,#4136,#3454,.T.);
#5209=EDGE_CURVE('',#4137,#4138,#1301,.T.);
#5210=EDGE_CURVE('',#4139,#4140,#3455,.T.);
#5211=EDGE_CURVE('',#4139,#4141,#1302,.T.);
#5212=EDGE_CURVE('',#4142,#4141,#3456,.T.);
#5213=EDGE_CURVE('',#4140,#4142,#1303,.T.);
#5214=EDGE_CURVE('',#4140,#4143,#1304,.T.);
#5215=EDGE_CURVE('',#4144,#4142,#1305,.T.);
#5216=EDGE_CURVE('',#4143,#4144,#1306,.T.);
#5217=EDGE_CURVE('',#4143,#3607,#3457,.T.);
#5218=EDGE_CURVE('',#3608,#4144,#3458,.T.);
#5219=EDGE_CURVE('',#4141,#4138,#1307,.T.);
#5220=EDGE_CURVE('',#3606,#4145,#3459,.T.);
#5221=EDGE_CURVE('',#4145,#4146,#1308,.T.);
#5222=EDGE_CURVE('',#4146,#4147,#3460,.T.);
#5223=EDGE_CURVE('',#4147,#4139,#1309,.T.);
#5224=EDGE_CURVE('',#4148,#4149,#1310,.T.);
#5225=EDGE_CURVE('',#4149,#4150,#1311,.T.);
#5226=EDGE_CURVE('',#4150,#4151,#1312,.T.);
#5227=EDGE_CURVE('',#4151,#4152,#1313,.T.);
#5228=EDGE_CURVE('',#4152,#4153,#1314,.T.);
#5229=EDGE_CURVE('',#4153,#4148,#1315,.T.);
#5230=EDGE_CURVE('',#4116,#4154,#1316,.T.);
#5231=EDGE_CURVE('',#4155,#4154,#3461,.T.);
#5232=EDGE_CURVE('',#4155,#4115,#1317,.T.);
#5233=EDGE_CURVE('',#4156,#4155,#1318,.T.);
#5234=EDGE_CURVE('',#4156,#4117,#1319,.T.);
#5235=EDGE_CURVE('',#4157,#4156,#3462,.T.);
#5236=EDGE_CURVE('',#4157,#4118,#1320,.T.);
#5237=EDGE_CURVE('',#4158,#4157,#1321,.T.);
#5238=EDGE_CURVE('',#4158,#4119,#1322,.T.);
#5239=EDGE_CURVE('',#4159,#4158,#1323,.T.);
#5240=EDGE_CURVE('',#4159,#4120,#1324,.T.);
#5241=EDGE_CURVE('',#4160,#4159,#1325,.T.);
#5242=EDGE_CURVE('',#4160,#4121,#1326,.T.);
#5243=EDGE_CURVE('',#4161,#4160,#1327,.T.);
#5244=EDGE_CURVE('',#4161,#4122,#1328,.T.);
#5245=EDGE_CURVE('',#4162,#4161,#1329,.T.);
#5246=EDGE_CURVE('',#4162,#4123,#1330,.T.);
#5247=EDGE_CURVE('',#4163,#4162,#1331,.T.);
#5248=EDGE_CURVE('',#4163,#4124,#1332,.T.);
#5249=EDGE_CURVE('',#4164,#4163,#1333,.T.);
#5250=EDGE_CURVE('',#4164,#4125,#1334,.T.);
#5251=EDGE_CURVE('',#4165,#4164,#1335,.T.);
#5252=EDGE_CURVE('',#4165,#4126,#1336,.T.);
#5253=EDGE_CURVE('',#4154,#4165,#1337,.T.);
#5254=EDGE_CURVE('',#4166,#4167,#1338,.T.);
#5255=EDGE_CURVE('',#4166,#4168,#1339,.T.);
#5256=EDGE_CURVE('',#4169,#4168,#1340,.T.);
#5257=EDGE_CURVE('',#4167,#4169,#1341,.T.);
#5258=EDGE_CURVE('',#4167,#4170,#3463,.T.);
#5259=EDGE_CURVE('',#4171,#4169,#3464,.T.);
#5260=EDGE_CURVE('',#4170,#4171,#1342,.T.);
#5261=EDGE_CURVE('',#4170,#4172,#1343,.T.);
#5262=EDGE_CURVE('',#4173,#4171,#1344,.T.);
#5263=EDGE_CURVE('',#4172,#4173,#1345,.T.);
#5264=EDGE_CURVE('',#4172,#4174,#3465,.T.);
#5265=EDGE_CURVE('',#4175,#4173,#3466,.T.);
#5266=EDGE_CURVE('',#4174,#4175,#1346,.T.);
#5267=EDGE_CURVE('',#4174,#4176,#1347,.T.);
#5268=EDGE_CURVE('',#4177,#4175,#1348,.T.);
#5269=EDGE_CURVE('',#4176,#4177,#1349,.T.);
#5270=EDGE_CURVE('',#4176,#4178,#3467,.T.);
#5271=EDGE_CURVE('',#4179,#4177,#3468,.T.);
#5272=EDGE_CURVE('',#4178,#4179,#1350,.T.);
#5273=EDGE_CURVE('',#4178,#4180,#1351,.T.);
#5274=EDGE_CURVE('',#4181,#4179,#1352,.T.);
#5275=EDGE_CURVE('',#4180,#4181,#1353,.T.);
#5276=EDGE_CURVE('',#4180,#4166,#3469,.T.);
#5277=EDGE_CURVE('',#4168,#4181,#3470,.T.);
#5278=EDGE_CURVE('',#4182,#4183,#3471,.T.);
#5279=EDGE_CURVE('',#4184,#4182,#1354,.T.);
#5280=EDGE_CURVE('',#3605,#4184,#3472,.T.);
#5281=EDGE_CURVE('',#4185,#3604,#1355,.T.);
#5282=EDGE_CURVE('',#4186,#4185,#1356,.T.);
#5283=EDGE_CURVE('',#4186,#3613,#1357,.T.);
#5284=EDGE_CURVE('',#4187,#3612,#3473,.T.);
#5285=EDGE_CURVE('',#4188,#4187,#1358,.T.);
#5286=EDGE_CURVE('',#4189,#4188,#3474,.T.);
#5287=EDGE_CURVE('',#4190,#4189,#1359,.T.);
#5288=EDGE_CURVE('',#4191,#4190,#1360,.T.);
#5289=EDGE_CURVE('',#4191,#4192,#1361,.T.);
#5290=EDGE_CURVE('',#4192,#4193,#1362,.T.);
#5291=EDGE_CURVE('',#4183,#4193,#1363,.T.);
#5292=EDGE_CURVE('',#4194,#4194,#3475,.T.);
#5293=EDGE_CURVE('',#4195,#4195,#3476,.T.);
#5294=EDGE_CURVE('',#4148,#4196,#1364,.T.);
#5295=EDGE_CURVE('',#4196,#4197,#1365,.T.);
#5296=EDGE_CURVE('',#4149,#4197,#1366,.T.);
#5297=EDGE_CURVE('',#4153,#4198,#1367,.T.);
#5298=EDGE_CURVE('',#4198,#4196,#1368,.T.);
#5299=EDGE_CURVE('',#4152,#4199,#1369,.T.);
#5300=EDGE_CURVE('',#4199,#4198,#1370,.T.);
#5301=EDGE_CURVE('',#4151,#4200,#1371,.T.);
#5302=EDGE_CURVE('',#4200,#4199,#1372,.T.);
#5303=EDGE_CURVE('',#4150,#4201,#1373,.T.);
#5304=EDGE_CURVE('',#4201,#4200,#1374,.T.);
#5305=EDGE_CURVE('',#4197,#4201,#1375,.T.);
#5306=EDGE_CURVE('',#4202,#4202,#3477,.T.);
#5307=EDGE_CURVE('',#4203,#4204,#1376,.T.);
#5308=EDGE_CURVE('',#4203,#4205,#1377,.T.);
#5309=EDGE_CURVE('',#4205,#4206,#1378,.T.);
#5310=EDGE_CURVE('',#4204,#4206,#1379,.T.);
#5311=EDGE_CURVE('',#4207,#4203,#1380,.T.);
#5312=EDGE_CURVE('',#4207,#4208,#1381,.T.);
#5313=EDGE_CURVE('',#4208,#4205,#1382,.T.);
#5314=EDGE_CURVE('',#4209,#4207,#1383,.T.);
#5315=EDGE_CURVE('',#4209,#4210,#1384,.T.);
#5316=EDGE_CURVE('',#4210,#4208,#1385,.T.);
#5317=EDGE_CURVE('',#4211,#4209,#1386,.T.);
#5318=EDGE_CURVE('',#4211,#4212,#1387,.T.);
#5319=EDGE_CURVE('',#4212,#4210,#1388,.T.);
#5320=EDGE_CURVE('',#4213,#4211,#1389,.T.);
#5321=EDGE_CURVE('',#4213,#4214,#1390,.T.);
#5322=EDGE_CURVE('',#4214,#4212,#1391,.T.);
#5323=EDGE_CURVE('',#4204,#4213,#1392,.T.);
#5324=EDGE_CURVE('',#4206,#4214,#1393,.T.);
#5325=EDGE_CURVE('',#4215,#4215,#3478,.T.);
#5326=EDGE_CURVE('',#4191,#4216,#1394,.T.);
#5327=EDGE_CURVE('',#4217,#4216,#1395,.T.);
#5328=EDGE_CURVE('',#4192,#4217,#1396,.T.);
#5329=EDGE_CURVE('',#4218,#4217,#1397,.T.);
#5330=EDGE_CURVE('',#4193,#4218,#1398,.T.);
#5331=EDGE_CURVE('',#4219,#4190,#1399,.T.);
#5332=EDGE_CURVE('',#4216,#4219,#1400,.T.);
#5333=EDGE_CURVE('',#4218,#4219,#1401,.T.);
#5334=EDGE_CURVE('',#4186,#4220,#1402,.T.);
#5335=EDGE_CURVE('',#3614,#4220,#1403,.T.);
#5336=EDGE_CURVE('',#4221,#3603,#1404,.T.);
#5337=EDGE_CURVE('',#4185,#4221,#1405,.T.);
#5338=EDGE_CURVE('',#4220,#4221,#1406,.T.);
#5339=EDGE_CURVE('',#4202,#4194,#1407,.T.);
#5340=EDGE_CURVE('',#4215,#4195,#1408,.T.);
#5341=EDGE_CURVE('',#4182,#4146,#1409,.T.);
#5342=EDGE_CURVE('',#4184,#4145,#1410,.T.);
#5343=EDGE_CURVE('',#4222,#3611,#3479,.T.);
#5344=EDGE_CURVE('',#4187,#4222,#1411,.T.);
#5345=EDGE_CURVE('',#4223,#4222,#1412,.T.);
#5346=EDGE_CURVE('',#4188,#4223,#1413,.T.);
#5347=EDGE_CURVE('',#4224,#4223,#3480,.T.);
#5348=EDGE_CURVE('',#4189,#4224,#1414,.T.);
#5349=EDGE_CURVE('',#4137,#4224,#1415,.T.);
#5350=EDGE_CURVE('',#4183,#4147,#1416,.T.);
#5351=ORIENTED_EDGE('',*,*,#4225,.T.);
#5352=ORIENTED_EDGE('',*,*,#4226,.T.);
#5353=ORIENTED_EDGE('',*,*,#4227,.T.);
#5354=ORIENTED_EDGE('',*,*,#4226,.F.);
#5355=ORIENTED_EDGE('',*,*,#4228,.T.);
#5356=ORIENTED_EDGE('',*,*,#4229,.F.);
#5357=ORIENTED_EDGE('',*,*,#4230,.T.);
#5358=ORIENTED_EDGE('',*,*,#4228,.F.);
#5359=ORIENTED_EDGE('',*,*,#4225,.F.);
#5360=ORIENTED_EDGE('',*,*,#4230,.F.);
#5361=ORIENTED_EDGE('',*,*,#4231,.F.);
#5362=ORIENTED_EDGE('',*,*,#4232,.F.);
#5363=ORIENTED_EDGE('',*,*,#4233,.F.);
#5364=ORIENTED_EDGE('',*,*,#4234,.F.);
#5365=ORIENTED_EDGE('',*,*,#4235,.F.);
#5366=ORIENTED_EDGE('',*,*,#4236,.F.);
#5367=ORIENTED_EDGE('',*,*,#4237,.F.);
#5368=ORIENTED_EDGE('',*,*,#4227,.F.);
#5369=ORIENTED_EDGE('',*,*,#4238,.T.);
#5370=ORIENTED_EDGE('',*,*,#4239,.T.);
#5371=ORIENTED_EDGE('',*,*,#4231,.T.);
#5372=ORIENTED_EDGE('',*,*,#4229,.T.);
#5373=ORIENTED_EDGE('',*,*,#4239,.F.);
#5374=ORIENTED_EDGE('',*,*,#4240,.F.);
#5375=ORIENTED_EDGE('',*,*,#4241,.T.);
#5376=ORIENTED_EDGE('',*,*,#4242,.F.);
#5377=ORIENTED_EDGE('',*,*,#4243,.F.);
#5378=ORIENTED_EDGE('',*,*,#4244,.F.);
#5379=ORIENTED_EDGE('',*,*,#4245,.F.);
#5380=ORIENTED_EDGE('',*,*,#4238,.F.);
#5381=ORIENTED_EDGE('',*,*,#4246,.T.);
#5382=ORIENTED_EDGE('',*,*,#4247,.T.);
#5383=ORIENTED_EDGE('',*,*,#4240,.T.);
#5384=ORIENTED_EDGE('',*,*,#4248,.T.);
#5385=ORIENTED_EDGE('',*,*,#4245,.T.);
#5386=ORIENTED_EDGE('',*,*,#4249,.T.);
#5387=ORIENTED_EDGE('',*,*,#4250,.T.);
#5388=ORIENTED_EDGE('',*,*,#4248,.F.);
#5389=ORIENTED_EDGE('',*,*,#4244,.T.);
#5390=ORIENTED_EDGE('',*,*,#4251,.T.);
#5391=ORIENTED_EDGE('',*,*,#4252,.T.);
#5392=ORIENTED_EDGE('',*,*,#4249,.F.);
#5393=ORIENTED_EDGE('',*,*,#4243,.T.);
#5394=ORIENTED_EDGE('',*,*,#4253,.T.);
#5395=ORIENTED_EDGE('',*,*,#4254,.T.);
#5396=ORIENTED_EDGE('',*,*,#4251,.F.);
#5397=ORIENTED_EDGE('',*,*,#4242,.T.);
#5398=ORIENTED_EDGE('',*,*,#4255,.T.);
#5399=ORIENTED_EDGE('',*,*,#4256,.T.);
#5400=ORIENTED_EDGE('',*,*,#4253,.F.);
#5401=ORIENTED_EDGE('',*,*,#4246,.F.);
#5402=ORIENTED_EDGE('',*,*,#4257,.F.);
#5403=ORIENTED_EDGE('',*,*,#4258,.F.);
#5404=ORIENTED_EDGE('',*,*,#4259,.T.);
#5405=ORIENTED_EDGE('',*,*,#4250,.F.);
#5406=ORIENTED_EDGE('',*,*,#4260,.F.);
#5407=ORIENTED_EDGE('',*,*,#4261,.F.);
#5408=ORIENTED_EDGE('',*,*,#4257,.T.);
#5409=ORIENTED_EDGE('',*,*,#4252,.F.);
#5410=ORIENTED_EDGE('',*,*,#4262,.F.);
#5411=ORIENTED_EDGE('',*,*,#4263,.F.);
#5412=ORIENTED_EDGE('',*,*,#4260,.T.);
#5413=ORIENTED_EDGE('',*,*,#4254,.F.);
#5414=ORIENTED_EDGE('',*,*,#4264,.F.);
#5415=ORIENTED_EDGE('',*,*,#4265,.F.);
#5416=ORIENTED_EDGE('',*,*,#4262,.T.);
#5417=ORIENTED_EDGE('',*,*,#4256,.F.);
#5418=ORIENTED_EDGE('',*,*,#4266,.F.);
#5419=ORIENTED_EDGE('',*,*,#4267,.F.);
#5420=ORIENTED_EDGE('',*,*,#4264,.T.);
#5421=ORIENTED_EDGE('',*,*,#4236,.T.);
#5422=ORIENTED_EDGE('',*,*,#4268,.T.);
#5423=ORIENTED_EDGE('',*,*,#4261,.T.);
#5424=ORIENTED_EDGE('',*,*,#4269,.F.);
#5425=ORIENTED_EDGE('',*,*,#4235,.T.);
#5426=ORIENTED_EDGE('',*,*,#4270,.T.);
#5427=ORIENTED_EDGE('',*,*,#4258,.T.);
#5428=ORIENTED_EDGE('',*,*,#4268,.F.);
#5429=ORIENTED_EDGE('',*,*,#4234,.T.);
#5430=ORIENTED_EDGE('',*,*,#4271,.T.);
#5431=ORIENTED_EDGE('',*,*,#4272,.T.);
#5432=ORIENTED_EDGE('',*,*,#4270,.F.);
#5433=ORIENTED_EDGE('',*,*,#4265,.T.);
#5434=ORIENTED_EDGE('',*,*,#4273,.T.);
#5435=ORIENTED_EDGE('',*,*,#4232,.T.);
#5436=ORIENTED_EDGE('',*,*,#4274,.T.);
#5437=ORIENTED_EDGE('',*,*,#4233,.T.);
#5438=ORIENTED_EDGE('',*,*,#4273,.F.);
#5439=ORIENTED_EDGE('',*,*,#4267,.T.);
#5440=ORIENTED_EDGE('',*,*,#4271,.F.);
#5441=ORIENTED_EDGE('',*,*,#4263,.T.);
#5442=ORIENTED_EDGE('',*,*,#4274,.F.);
#5443=ORIENTED_EDGE('',*,*,#4237,.T.);
#5444=ORIENTED_EDGE('',*,*,#4269,.T.);
#5445=ORIENTED_EDGE('',*,*,#4247,.F.);
#5446=ORIENTED_EDGE('',*,*,#4259,.F.);
#5447=ORIENTED_EDGE('',*,*,#4272,.F.);
#5448=ORIENTED_EDGE('',*,*,#4266,.T.);
#5449=ORIENTED_EDGE('',*,*,#4255,.F.);
#5450=ORIENTED_EDGE('',*,*,#4241,.F.);
#5451=ORIENTED_EDGE('',*,*,#4275,.T.);
#5452=ORIENTED_EDGE('',*,*,#4276,.T.);
#5453=ORIENTED_EDGE('',*,*,#4277,.T.);
#5454=ORIENTED_EDGE('',*,*,#4276,.F.);
#5455=ORIENTED_EDGE('',*,*,#4278,.T.);
#5456=ORIENTED_EDGE('',*,*,#4279,.F.);
#5457=ORIENTED_EDGE('',*,*,#4280,.T.);
#5458=ORIENTED_EDGE('',*,*,#4278,.F.);
#5459=ORIENTED_EDGE('',*,*,#4275,.F.);
#5460=ORIENTED_EDGE('',*,*,#4280,.F.);
#5461=ORIENTED_EDGE('',*,*,#4281,.F.);
#5462=ORIENTED_EDGE('',*,*,#4282,.F.);
#5463=ORIENTED_EDGE('',*,*,#4283,.F.);
#5464=ORIENTED_EDGE('',*,*,#4284,.F.);
#5465=ORIENTED_EDGE('',*,*,#4285,.F.);
#5466=ORIENTED_EDGE('',*,*,#4286,.F.);
#5467=ORIENTED_EDGE('',*,*,#4287,.F.);
#5468=ORIENTED_EDGE('',*,*,#4277,.F.);
#5469=ORIENTED_EDGE('',*,*,#4288,.T.);
#5470=ORIENTED_EDGE('',*,*,#4289,.T.);
#5471=ORIENTED_EDGE('',*,*,#4281,.T.);
#5472=ORIENTED_EDGE('',*,*,#4279,.T.);
#5473=ORIENTED_EDGE('',*,*,#4289,.F.);
#5474=ORIENTED_EDGE('',*,*,#4290,.F.);
#5475=ORIENTED_EDGE('',*,*,#4291,.T.);
#5476=ORIENTED_EDGE('',*,*,#4292,.F.);
#5477=ORIENTED_EDGE('',*,*,#4293,.F.);
#5478=ORIENTED_EDGE('',*,*,#4294,.F.);
#5479=ORIENTED_EDGE('',*,*,#4295,.F.);
#5480=ORIENTED_EDGE('',*,*,#4288,.F.);
#5481=ORIENTED_EDGE('',*,*,#4296,.T.);
#5482=ORIENTED_EDGE('',*,*,#4297,.T.);
#5483=ORIENTED_EDGE('',*,*,#4290,.T.);
#5484=ORIENTED_EDGE('',*,*,#4298,.T.);
#5485=ORIENTED_EDGE('',*,*,#4295,.T.);
#5486=ORIENTED_EDGE('',*,*,#4299,.T.);
#5487=ORIENTED_EDGE('',*,*,#4300,.T.);
#5488=ORIENTED_EDGE('',*,*,#4298,.F.);
#5489=ORIENTED_EDGE('',*,*,#4294,.T.);
#5490=ORIENTED_EDGE('',*,*,#4301,.T.);
#5491=ORIENTED_EDGE('',*,*,#4302,.T.);
#5492=ORIENTED_EDGE('',*,*,#4299,.F.);
#5493=ORIENTED_EDGE('',*,*,#4293,.T.);
#5494=ORIENTED_EDGE('',*,*,#4303,.T.);
#5495=ORIENTED_EDGE('',*,*,#4304,.T.);
#5496=ORIENTED_EDGE('',*,*,#4301,.F.);
#5497=ORIENTED_EDGE('',*,*,#4292,.T.);
#5498=ORIENTED_EDGE('',*,*,#4305,.T.);
#5499=ORIENTED_EDGE('',*,*,#4306,.T.);
#5500=ORIENTED_EDGE('',*,*,#4303,.F.);
#5501=ORIENTED_EDGE('',*,*,#4296,.F.);
#5502=ORIENTED_EDGE('',*,*,#4307,.F.);
#5503=ORIENTED_EDGE('',*,*,#4308,.F.);
#5504=ORIENTED_EDGE('',*,*,#4309,.T.);
#5505=ORIENTED_EDGE('',*,*,#4300,.F.);
#5506=ORIENTED_EDGE('',*,*,#4310,.F.);
#5507=ORIENTED_EDGE('',*,*,#4311,.F.);
#5508=ORIENTED_EDGE('',*,*,#4307,.T.);
#5509=ORIENTED_EDGE('',*,*,#4302,.F.);
#5510=ORIENTED_EDGE('',*,*,#4312,.F.);
#5511=ORIENTED_EDGE('',*,*,#4313,.F.);
#5512=ORIENTED_EDGE('',*,*,#4310,.T.);
#5513=ORIENTED_EDGE('',*,*,#4304,.F.);
#5514=ORIENTED_EDGE('',*,*,#4314,.F.);
#5515=ORIENTED_EDGE('',*,*,#4315,.F.);
#5516=ORIENTED_EDGE('',*,*,#4312,.T.);
#5517=ORIENTED_EDGE('',*,*,#4306,.F.);
#5518=ORIENTED_EDGE('',*,*,#4316,.F.);
#5519=ORIENTED_EDGE('',*,*,#4317,.F.);
#5520=ORIENTED_EDGE('',*,*,#4314,.T.);
#5521=ORIENTED_EDGE('',*,*,#4286,.T.);
#5522=ORIENTED_EDGE('',*,*,#4318,.T.);
#5523=ORIENTED_EDGE('',*,*,#4311,.T.);
#5524=ORIENTED_EDGE('',*,*,#4319,.F.);
#5525=ORIENTED_EDGE('',*,*,#4285,.T.);
#5526=ORIENTED_EDGE('',*,*,#4320,.T.);
#5527=ORIENTED_EDGE('',*,*,#4308,.T.);
#5528=ORIENTED_EDGE('',*,*,#4318,.F.);
#5529=ORIENTED_EDGE('',*,*,#4284,.T.);
#5530=ORIENTED_EDGE('',*,*,#4321,.T.);
#5531=ORIENTED_EDGE('',*,*,#4322,.T.);
#5532=ORIENTED_EDGE('',*,*,#4320,.F.);
#5533=ORIENTED_EDGE('',*,*,#4315,.T.);
#5534=ORIENTED_EDGE('',*,*,#4323,.T.);
#5535=ORIENTED_EDGE('',*,*,#4282,.T.);
#5536=ORIENTED_EDGE('',*,*,#4324,.T.);
#5537=ORIENTED_EDGE('',*,*,#4283,.T.);
#5538=ORIENTED_EDGE('',*,*,#4323,.F.);
#5539=ORIENTED_EDGE('',*,*,#4317,.T.);
#5540=ORIENTED_EDGE('',*,*,#4321,.F.);
#5541=ORIENTED_EDGE('',*,*,#4313,.T.);
#5542=ORIENTED_EDGE('',*,*,#4324,.F.);
#5543=ORIENTED_EDGE('',*,*,#4287,.T.);
#5544=ORIENTED_EDGE('',*,*,#4319,.T.);
#5545=ORIENTED_EDGE('',*,*,#4297,.F.);
#5546=ORIENTED_EDGE('',*,*,#4309,.F.);
#5547=ORIENTED_EDGE('',*,*,#4322,.F.);
#5548=ORIENTED_EDGE('',*,*,#4316,.T.);
#5549=ORIENTED_EDGE('',*,*,#4305,.F.);
#5550=ORIENTED_EDGE('',*,*,#4291,.F.);
#5551=ORIENTED_EDGE('',*,*,#4325,.F.);
#5552=ORIENTED_EDGE('',*,*,#4326,.T.);
#5553=ORIENTED_EDGE('',*,*,#4327,.F.);
#5554=ORIENTED_EDGE('',*,*,#4328,.F.);
#5555=ORIENTED_EDGE('',*,*,#4329,.F.);
#5556=ORIENTED_EDGE('',*,*,#4328,.T.);
#5557=ORIENTED_EDGE('',*,*,#4330,.F.);
#5558=ORIENTED_EDGE('',*,*,#4331,.F.);
#5559=ORIENTED_EDGE('',*,*,#4332,.F.);
#5560=ORIENTED_EDGE('',*,*,#4331,.T.);
#5561=ORIENTED_EDGE('',*,*,#4333,.F.);
#5562=ORIENTED_EDGE('',*,*,#4334,.F.);
#5563=ORIENTED_EDGE('',*,*,#4335,.F.);
#5564=ORIENTED_EDGE('',*,*,#4334,.T.);
#5565=ORIENTED_EDGE('',*,*,#4336,.F.);
#5566=ORIENTED_EDGE('',*,*,#4326,.F.);
#5567=ORIENTED_EDGE('',*,*,#4336,.T.);
#5568=ORIENTED_EDGE('',*,*,#4333,.T.);
#5569=ORIENTED_EDGE('',*,*,#4330,.T.);
#5570=ORIENTED_EDGE('',*,*,#4327,.T.);
#5571=ORIENTED_EDGE('',*,*,#4337,.F.);
#5572=ORIENTED_EDGE('',*,*,#4338,.T.);
#5573=ORIENTED_EDGE('',*,*,#4339,.F.);
#5574=ORIENTED_EDGE('',*,*,#4340,.F.);
#5575=ORIENTED_EDGE('',*,*,#4341,.F.);
#5576=ORIENTED_EDGE('',*,*,#4340,.T.);
#5577=ORIENTED_EDGE('',*,*,#4342,.F.);
#5578=ORIENTED_EDGE('',*,*,#4343,.F.);
#5579=ORIENTED_EDGE('',*,*,#4344,.F.);
#5580=ORIENTED_EDGE('',*,*,#4343,.T.);
#5581=ORIENTED_EDGE('',*,*,#4345,.F.);
#5582=ORIENTED_EDGE('',*,*,#4346,.F.);
#5583=ORIENTED_EDGE('',*,*,#4347,.F.);
#5584=ORIENTED_EDGE('',*,*,#4346,.T.);
#5585=ORIENTED_EDGE('',*,*,#4348,.F.);
#5586=ORIENTED_EDGE('',*,*,#4349,.F.);
#5587=ORIENTED_EDGE('',*,*,#4350,.F.);
#5588=ORIENTED_EDGE('',*,*,#4349,.T.);
#5589=ORIENTED_EDGE('',*,*,#4351,.F.);
#5590=ORIENTED_EDGE('',*,*,#4352,.F.);
#5591=ORIENTED_EDGE('',*,*,#4353,.F.);
#5592=ORIENTED_EDGE('',*,*,#4352,.T.);
#5593=ORIENTED_EDGE('',*,*,#4354,.F.);
#5594=ORIENTED_EDGE('',*,*,#4355,.F.);
#5595=ORIENTED_EDGE('',*,*,#4356,.F.);
#5596=ORIENTED_EDGE('',*,*,#4355,.T.);
#5597=ORIENTED_EDGE('',*,*,#4357,.F.);
#5598=ORIENTED_EDGE('',*,*,#4358,.F.);
#5599=ORIENTED_EDGE('',*,*,#4359,.F.);
#5600=ORIENTED_EDGE('',*,*,#4358,.T.);
#5601=ORIENTED_EDGE('',*,*,#4360,.F.);
#5602=ORIENTED_EDGE('',*,*,#4361,.F.);
#5603=ORIENTED_EDGE('',*,*,#4362,.F.);
#5604=ORIENTED_EDGE('',*,*,#4361,.T.);
#5605=ORIENTED_EDGE('',*,*,#4363,.F.);
#5606=ORIENTED_EDGE('',*,*,#4364,.F.);
#5607=ORIENTED_EDGE('',*,*,#4365,.F.);
#5608=ORIENTED_EDGE('',*,*,#4364,.T.);
#5609=ORIENTED_EDGE('',*,*,#4366,.F.);
#5610=ORIENTED_EDGE('',*,*,#4367,.F.);
#5611=ORIENTED_EDGE('',*,*,#4368,.F.);
#5612=ORIENTED_EDGE('',*,*,#4367,.T.);
#5613=ORIENTED_EDGE('',*,*,#4369,.F.);
#5614=ORIENTED_EDGE('',*,*,#4370,.F.);
#5615=ORIENTED_EDGE('',*,*,#4371,.F.);
#5616=ORIENTED_EDGE('',*,*,#4370,.T.);
#5617=ORIENTED_EDGE('',*,*,#4372,.F.);
#5618=ORIENTED_EDGE('',*,*,#4338,.F.);
#5619=ORIENTED_EDGE('',*,*,#4372,.T.);
#5620=ORIENTED_EDGE('',*,*,#4369,.T.);
#5621=ORIENTED_EDGE('',*,*,#4366,.T.);
#5622=ORIENTED_EDGE('',*,*,#4363,.T.);
#5623=ORIENTED_EDGE('',*,*,#4360,.T.);
#5624=ORIENTED_EDGE('',*,*,#4357,.T.);
#5625=ORIENTED_EDGE('',*,*,#4354,.T.);
#5626=ORIENTED_EDGE('',*,*,#4351,.T.);
#5627=ORIENTED_EDGE('',*,*,#4348,.T.);
#5628=ORIENTED_EDGE('',*,*,#4345,.T.);
#5629=ORIENTED_EDGE('',*,*,#4342,.T.);
#5630=ORIENTED_EDGE('',*,*,#4339,.T.);
#5631=ORIENTED_EDGE('',*,*,#4373,.F.);
#5632=ORIENTED_EDGE('',*,*,#4374,.T.);
#5633=ORIENTED_EDGE('',*,*,#4375,.F.);
#5634=ORIENTED_EDGE('',*,*,#4376,.F.);
#5635=ORIENTED_EDGE('',*,*,#4377,.F.);
#5636=ORIENTED_EDGE('',*,*,#4376,.T.);
#5637=ORIENTED_EDGE('',*,*,#4378,.F.);
#5638=ORIENTED_EDGE('',*,*,#4379,.F.);
#5639=ORIENTED_EDGE('',*,*,#4380,.F.);
#5640=ORIENTED_EDGE('',*,*,#4379,.T.);
#5641=ORIENTED_EDGE('',*,*,#4381,.F.);
#5642=ORIENTED_EDGE('',*,*,#4382,.F.);
#5643=ORIENTED_EDGE('',*,*,#4383,.F.);
#5644=ORIENTED_EDGE('',*,*,#4382,.T.);
#5645=ORIENTED_EDGE('',*,*,#4384,.F.);
#5646=ORIENTED_EDGE('',*,*,#4385,.F.);
#5647=ORIENTED_EDGE('',*,*,#4386,.F.);
#5648=ORIENTED_EDGE('',*,*,#4385,.T.);
#5649=ORIENTED_EDGE('',*,*,#4387,.F.);
#5650=ORIENTED_EDGE('',*,*,#4388,.F.);
#5651=ORIENTED_EDGE('',*,*,#4389,.F.);
#5652=ORIENTED_EDGE('',*,*,#4388,.T.);
#5653=ORIENTED_EDGE('',*,*,#4390,.F.);
#5654=ORIENTED_EDGE('',*,*,#4391,.F.);
#5655=ORIENTED_EDGE('',*,*,#4392,.F.);
#5656=ORIENTED_EDGE('',*,*,#4391,.T.);
#5657=ORIENTED_EDGE('',*,*,#4393,.F.);
#5658=ORIENTED_EDGE('',*,*,#4394,.F.);
#5659=ORIENTED_EDGE('',*,*,#4395,.F.);
#5660=ORIENTED_EDGE('',*,*,#4394,.T.);
#5661=ORIENTED_EDGE('',*,*,#4396,.F.);
#5662=ORIENTED_EDGE('',*,*,#4397,.F.);
#5663=ORIENTED_EDGE('',*,*,#4398,.F.);
#5664=ORIENTED_EDGE('',*,*,#4397,.T.);
#5665=ORIENTED_EDGE('',*,*,#4399,.F.);
#5666=ORIENTED_EDGE('',*,*,#4400,.F.);
#5667=ORIENTED_EDGE('',*,*,#4401,.F.);
#5668=ORIENTED_EDGE('',*,*,#4400,.T.);
#5669=ORIENTED_EDGE('',*,*,#4402,.F.);
#5670=ORIENTED_EDGE('',*,*,#4403,.F.);
#5671=ORIENTED_EDGE('',*,*,#4404,.F.);
#5672=ORIENTED_EDGE('',*,*,#4403,.T.);
#5673=ORIENTED_EDGE('',*,*,#4405,.F.);
#5674=ORIENTED_EDGE('',*,*,#4406,.F.);
#5675=ORIENTED_EDGE('',*,*,#4407,.F.);
#5676=ORIENTED_EDGE('',*,*,#4406,.T.);
#5677=ORIENTED_EDGE('',*,*,#4408,.F.);
#5678=ORIENTED_EDGE('',*,*,#4409,.F.);
#5679=ORIENTED_EDGE('',*,*,#4410,.F.);
#5680=ORIENTED_EDGE('',*,*,#4409,.T.);
#5681=ORIENTED_EDGE('',*,*,#4411,.F.);
#5682=ORIENTED_EDGE('',*,*,#4374,.F.);
#5683=ORIENTED_EDGE('',*,*,#4411,.T.);
#5684=ORIENTED_EDGE('',*,*,#4408,.T.);
#5685=ORIENTED_EDGE('',*,*,#4405,.T.);
#5686=ORIENTED_EDGE('',*,*,#4402,.T.);
#5687=ORIENTED_EDGE('',*,*,#4399,.T.);
#5688=ORIENTED_EDGE('',*,*,#4396,.T.);
#5689=ORIENTED_EDGE('',*,*,#4393,.T.);
#5690=ORIENTED_EDGE('',*,*,#4390,.T.);
#5691=ORIENTED_EDGE('',*,*,#4387,.T.);
#5692=ORIENTED_EDGE('',*,*,#4384,.T.);
#5693=ORIENTED_EDGE('',*,*,#4381,.T.);
#5694=ORIENTED_EDGE('',*,*,#4378,.T.);
#5695=ORIENTED_EDGE('',*,*,#4375,.T.);
#5696=ORIENTED_EDGE('',*,*,#4412,.F.);
#5697=ORIENTED_EDGE('',*,*,#4413,.T.);
#5698=ORIENTED_EDGE('',*,*,#4414,.F.);
#5699=ORIENTED_EDGE('',*,*,#4413,.F.);
#5700=ORIENTED_EDGE('',*,*,#4415,.F.);
#5701=ORIENTED_EDGE('',*,*,#4416,.T.);
#5702=ORIENTED_EDGE('',*,*,#4417,.F.);
#5703=ORIENTED_EDGE('',*,*,#4416,.F.);
#5704=ORIENTED_EDGE('',*,*,#4415,.T.);
#5705=ORIENTED_EDGE('',*,*,#4412,.T.);
#5706=ORIENTED_EDGE('',*,*,#4418,.T.);
#5707=ORIENTED_EDGE('',*,*,#4419,.T.);
#5708=ORIENTED_EDGE('',*,*,#4420,.T.);
#5709=ORIENTED_EDGE('',*,*,#4421,.F.);
#5710=ORIENTED_EDGE('',*,*,#4422,.T.);
#5711=ORIENTED_EDGE('',*,*,#4423,.F.);
#5712=ORIENTED_EDGE('',*,*,#4424,.F.);
#5713=ORIENTED_EDGE('',*,*,#4425,.F.);
#5714=ORIENTED_EDGE('',*,*,#4426,.F.);
#5715=ORIENTED_EDGE('',*,*,#4427,.T.);
#5716=ORIENTED_EDGE('',*,*,#4428,.T.);
#5717=ORIENTED_EDGE('',*,*,#4429,.T.);
#5718=ORIENTED_EDGE('',*,*,#4373,.T.);
#5719=ORIENTED_EDGE('',*,*,#4377,.T.);
#5720=ORIENTED_EDGE('',*,*,#4380,.T.);
#5721=ORIENTED_EDGE('',*,*,#4383,.T.);
#5722=ORIENTED_EDGE('',*,*,#4386,.T.);
#5723=ORIENTED_EDGE('',*,*,#4389,.T.);
#5724=ORIENTED_EDGE('',*,*,#4392,.T.);
#5725=ORIENTED_EDGE('',*,*,#4395,.T.);
#5726=ORIENTED_EDGE('',*,*,#4398,.T.);
#5727=ORIENTED_EDGE('',*,*,#4401,.T.);
#5728=ORIENTED_EDGE('',*,*,#4404,.T.);
#5729=ORIENTED_EDGE('',*,*,#4407,.T.);
#5730=ORIENTED_EDGE('',*,*,#4410,.T.);
#5731=ORIENTED_EDGE('',*,*,#4430,.T.);
#5732=ORIENTED_EDGE('',*,*,#4431,.T.);
#5733=ORIENTED_EDGE('',*,*,#4432,.T.);
#5734=ORIENTED_EDGE('',*,*,#4433,.T.);
#5735=ORIENTED_EDGE('',*,*,#4434,.T.);
#5736=ORIENTED_EDGE('',*,*,#4435,.T.);
#5737=ORIENTED_EDGE('',*,*,#4436,.T.);
#5738=ORIENTED_EDGE('',*,*,#4437,.T.);
#5739=ORIENTED_EDGE('',*,*,#4438,.T.);
#5740=ORIENTED_EDGE('',*,*,#4439,.T.);
#5741=ORIENTED_EDGE('',*,*,#4440,.T.);
#5742=ORIENTED_EDGE('',*,*,#4441,.T.);
#5743=ORIENTED_EDGE('',*,*,#4442,.T.);
#5744=ORIENTED_EDGE('',*,*,#4443,.T.);
#5745=ORIENTED_EDGE('',*,*,#4444,.T.);
#5746=ORIENTED_EDGE('',*,*,#4445,.T.);
#5747=ORIENTED_EDGE('',*,*,#4446,.T.);
#5748=ORIENTED_EDGE('',*,*,#4447,.T.);
#5749=ORIENTED_EDGE('',*,*,#4448,.T.);
#5750=ORIENTED_EDGE('',*,*,#4449,.T.);
#5751=ORIENTED_EDGE('',*,*,#4450,.T.);
#5752=ORIENTED_EDGE('',*,*,#4451,.T.);
#5753=ORIENTED_EDGE('',*,*,#4452,.T.);
#5754=ORIENTED_EDGE('',*,*,#4453,.T.);
#5755=ORIENTED_EDGE('',*,*,#4454,.T.);
#5756=ORIENTED_EDGE('',*,*,#4455,.T.);
#5757=ORIENTED_EDGE('',*,*,#4456,.T.);
#5758=ORIENTED_EDGE('',*,*,#4457,.T.);
#5759=ORIENTED_EDGE('',*,*,#4458,.T.);
#5760=ORIENTED_EDGE('',*,*,#4459,.T.);
#5761=ORIENTED_EDGE('',*,*,#4460,.T.);
#5762=ORIENTED_EDGE('',*,*,#4461,.T.);
#5763=ORIENTED_EDGE('',*,*,#4462,.T.);
#5764=ORIENTED_EDGE('',*,*,#4463,.T.);
#5765=ORIENTED_EDGE('',*,*,#4464,.T.);
#5766=ORIENTED_EDGE('',*,*,#4465,.T.);
#5767=ORIENTED_EDGE('',*,*,#4466,.T.);
#5768=ORIENTED_EDGE('',*,*,#4467,.T.);
#5769=ORIENTED_EDGE('',*,*,#4468,.T.);
#5770=ORIENTED_EDGE('',*,*,#4469,.T.);
#5771=ORIENTED_EDGE('',*,*,#4470,.T.);
#5772=ORIENTED_EDGE('',*,*,#4471,.T.);
#5773=ORIENTED_EDGE('',*,*,#4472,.T.);
#5774=ORIENTED_EDGE('',*,*,#4473,.T.);
#5775=ORIENTED_EDGE('',*,*,#4474,.T.);
#5776=ORIENTED_EDGE('',*,*,#4475,.T.);
#5777=ORIENTED_EDGE('',*,*,#4476,.T.);
#5778=ORIENTED_EDGE('',*,*,#4477,.T.);
#5779=ORIENTED_EDGE('',*,*,#4478,.T.);
#5780=ORIENTED_EDGE('',*,*,#4479,.T.);
#5781=ORIENTED_EDGE('',*,*,#4480,.T.);
#5782=ORIENTED_EDGE('',*,*,#4481,.T.);
#5783=ORIENTED_EDGE('',*,*,#4482,.T.);
#5784=ORIENTED_EDGE('',*,*,#4483,.T.);
#5785=ORIENTED_EDGE('',*,*,#4484,.T.);
#5786=ORIENTED_EDGE('',*,*,#4485,.T.);
#5787=ORIENTED_EDGE('',*,*,#4486,.T.);
#5788=ORIENTED_EDGE('',*,*,#4487,.T.);
#5789=ORIENTED_EDGE('',*,*,#4488,.T.);
#5790=ORIENTED_EDGE('',*,*,#4489,.T.);
#5791=ORIENTED_EDGE('',*,*,#4490,.T.);
#5792=ORIENTED_EDGE('',*,*,#4417,.T.);
#5793=ORIENTED_EDGE('',*,*,#4476,.F.);
#5794=ORIENTED_EDGE('',*,*,#4491,.T.);
#5795=ORIENTED_EDGE('',*,*,#4492,.F.);
#5796=ORIENTED_EDGE('',*,*,#4493,.F.);
#5797=ORIENTED_EDGE('',*,*,#4477,.F.);
#5798=ORIENTED_EDGE('',*,*,#4493,.T.);
#5799=ORIENTED_EDGE('',*,*,#4494,.F.);
#5800=ORIENTED_EDGE('',*,*,#4495,.F.);
#5801=ORIENTED_EDGE('',*,*,#4478,.F.);
#5802=ORIENTED_EDGE('',*,*,#4495,.T.);
#5803=ORIENTED_EDGE('',*,*,#4496,.F.);
#5804=ORIENTED_EDGE('',*,*,#4497,.F.);
#5805=ORIENTED_EDGE('',*,*,#4479,.F.);
#5806=ORIENTED_EDGE('',*,*,#4497,.T.);
#5807=ORIENTED_EDGE('',*,*,#4498,.F.);
#5808=ORIENTED_EDGE('',*,*,#4499,.F.);
#5809=ORIENTED_EDGE('',*,*,#4480,.F.);
#5810=ORIENTED_EDGE('',*,*,#4499,.T.);
#5811=ORIENTED_EDGE('',*,*,#4500,.F.);
#5812=ORIENTED_EDGE('',*,*,#4501,.F.);
#5813=ORIENTED_EDGE('',*,*,#4481,.F.);
#5814=ORIENTED_EDGE('',*,*,#4501,.T.);
#5815=ORIENTED_EDGE('',*,*,#4502,.F.);
#5816=ORIENTED_EDGE('',*,*,#4503,.F.);
#5817=ORIENTED_EDGE('',*,*,#4482,.F.);
#5818=ORIENTED_EDGE('',*,*,#4503,.T.);
#5819=ORIENTED_EDGE('',*,*,#4504,.F.);
#5820=ORIENTED_EDGE('',*,*,#4505,.F.);
#5821=ORIENTED_EDGE('',*,*,#4483,.F.);
#5822=ORIENTED_EDGE('',*,*,#4505,.T.);
#5823=ORIENTED_EDGE('',*,*,#4506,.F.);
#5824=ORIENTED_EDGE('',*,*,#4507,.F.);
#5825=ORIENTED_EDGE('',*,*,#4484,.F.);
#5826=ORIENTED_EDGE('',*,*,#4507,.T.);
#5827=ORIENTED_EDGE('',*,*,#4508,.F.);
#5828=ORIENTED_EDGE('',*,*,#4509,.F.);
#5829=ORIENTED_EDGE('',*,*,#4485,.F.);
#5830=ORIENTED_EDGE('',*,*,#4509,.T.);
#5831=ORIENTED_EDGE('',*,*,#4510,.F.);
#5832=ORIENTED_EDGE('',*,*,#4511,.F.);
#5833=ORIENTED_EDGE('',*,*,#4486,.F.);
#5834=ORIENTED_EDGE('',*,*,#4511,.T.);
#5835=ORIENTED_EDGE('',*,*,#4512,.F.);
#5836=ORIENTED_EDGE('',*,*,#4513,.F.);
#5837=ORIENTED_EDGE('',*,*,#4487,.F.);
#5838=ORIENTED_EDGE('',*,*,#4513,.T.);
#5839=ORIENTED_EDGE('',*,*,#4514,.F.);
#5840=ORIENTED_EDGE('',*,*,#4515,.F.);
#5841=ORIENTED_EDGE('',*,*,#4488,.F.);
#5842=ORIENTED_EDGE('',*,*,#4515,.T.);
#5843=ORIENTED_EDGE('',*,*,#4516,.F.);
#5844=ORIENTED_EDGE('',*,*,#4517,.F.);
#5845=ORIENTED_EDGE('',*,*,#4489,.F.);
#5846=ORIENTED_EDGE('',*,*,#4517,.T.);
#5847=ORIENTED_EDGE('',*,*,#4518,.F.);
#5848=ORIENTED_EDGE('',*,*,#4519,.F.);
#5849=ORIENTED_EDGE('',*,*,#4490,.F.);
#5850=ORIENTED_EDGE('',*,*,#4519,.T.);
#5851=ORIENTED_EDGE('',*,*,#4520,.F.);
#5852=ORIENTED_EDGE('',*,*,#4491,.F.);
#5853=ORIENTED_EDGE('',*,*,#4520,.T.);
#5854=ORIENTED_EDGE('',*,*,#4518,.T.);
#5855=ORIENTED_EDGE('',*,*,#4516,.T.);
#5856=ORIENTED_EDGE('',*,*,#4514,.T.);
#5857=ORIENTED_EDGE('',*,*,#4512,.T.);
#5858=ORIENTED_EDGE('',*,*,#4510,.T.);
#5859=ORIENTED_EDGE('',*,*,#4508,.T.);
#5860=ORIENTED_EDGE('',*,*,#4506,.T.);
#5861=ORIENTED_EDGE('',*,*,#4504,.T.);
#5862=ORIENTED_EDGE('',*,*,#4502,.T.);
#5863=ORIENTED_EDGE('',*,*,#4500,.T.);
#5864=ORIENTED_EDGE('',*,*,#4498,.T.);
#5865=ORIENTED_EDGE('',*,*,#4496,.T.);
#5866=ORIENTED_EDGE('',*,*,#4494,.T.);
#5867=ORIENTED_EDGE('',*,*,#4492,.T.);
#5868=ORIENTED_EDGE('',*,*,#4464,.F.);
#5869=ORIENTED_EDGE('',*,*,#4521,.T.);
#5870=ORIENTED_EDGE('',*,*,#4522,.F.);
#5871=ORIENTED_EDGE('',*,*,#4523,.F.);
#5872=ORIENTED_EDGE('',*,*,#4465,.F.);
#5873=ORIENTED_EDGE('',*,*,#4523,.T.);
#5874=ORIENTED_EDGE('',*,*,#4524,.F.);
#5875=ORIENTED_EDGE('',*,*,#4525,.F.);
#5876=ORIENTED_EDGE('',*,*,#4466,.F.);
#5877=ORIENTED_EDGE('',*,*,#4525,.T.);
#5878=ORIENTED_EDGE('',*,*,#4526,.F.);
#5879=ORIENTED_EDGE('',*,*,#4527,.F.);
#5880=ORIENTED_EDGE('',*,*,#4467,.F.);
#5881=ORIENTED_EDGE('',*,*,#4527,.T.);
#5882=ORIENTED_EDGE('',*,*,#4528,.F.);
#5883=ORIENTED_EDGE('',*,*,#4529,.F.);
#5884=ORIENTED_EDGE('',*,*,#4468,.F.);
#5885=ORIENTED_EDGE('',*,*,#4529,.T.);
#5886=ORIENTED_EDGE('',*,*,#4530,.F.);
#5887=ORIENTED_EDGE('',*,*,#4531,.F.);
#5888=ORIENTED_EDGE('',*,*,#4469,.F.);
#5889=ORIENTED_EDGE('',*,*,#4531,.T.);
#5890=ORIENTED_EDGE('',*,*,#4532,.F.);
#5891=ORIENTED_EDGE('',*,*,#4533,.F.);
#5892=ORIENTED_EDGE('',*,*,#4470,.F.);
#5893=ORIENTED_EDGE('',*,*,#4533,.T.);
#5894=ORIENTED_EDGE('',*,*,#4534,.F.);
#5895=ORIENTED_EDGE('',*,*,#4535,.F.);
#5896=ORIENTED_EDGE('',*,*,#4471,.F.);
#5897=ORIENTED_EDGE('',*,*,#4535,.T.);
#5898=ORIENTED_EDGE('',*,*,#4536,.F.);
#5899=ORIENTED_EDGE('',*,*,#4537,.F.);
#5900=ORIENTED_EDGE('',*,*,#4472,.F.);
#5901=ORIENTED_EDGE('',*,*,#4537,.T.);
#5902=ORIENTED_EDGE('',*,*,#4538,.F.);
#5903=ORIENTED_EDGE('',*,*,#4539,.F.);
#5904=ORIENTED_EDGE('',*,*,#4473,.F.);
#5905=ORIENTED_EDGE('',*,*,#4539,.T.);
#5906=ORIENTED_EDGE('',*,*,#4540,.F.);
#5907=ORIENTED_EDGE('',*,*,#4541,.F.);
#5908=ORIENTED_EDGE('',*,*,#4474,.F.);
#5909=ORIENTED_EDGE('',*,*,#4541,.T.);
#5910=ORIENTED_EDGE('',*,*,#4542,.F.);
#5911=ORIENTED_EDGE('',*,*,#4543,.F.);
#5912=ORIENTED_EDGE('',*,*,#4475,.F.);
#5913=ORIENTED_EDGE('',*,*,#4543,.T.);
#5914=ORIENTED_EDGE('',*,*,#4544,.F.);
#5915=ORIENTED_EDGE('',*,*,#4521,.F.);
#5916=ORIENTED_EDGE('',*,*,#4544,.T.);
#5917=ORIENTED_EDGE('',*,*,#4542,.T.);
#5918=ORIENTED_EDGE('',*,*,#4540,.T.);
#5919=ORIENTED_EDGE('',*,*,#4538,.T.);
#5920=ORIENTED_EDGE('',*,*,#4536,.T.);
#5921=ORIENTED_EDGE('',*,*,#4534,.T.);
#5922=ORIENTED_EDGE('',*,*,#4532,.T.);
#5923=ORIENTED_EDGE('',*,*,#4530,.T.);
#5924=ORIENTED_EDGE('',*,*,#4528,.T.);
#5925=ORIENTED_EDGE('',*,*,#4526,.T.);
#5926=ORIENTED_EDGE('',*,*,#4524,.T.);
#5927=ORIENTED_EDGE('',*,*,#4522,.T.);
#5928=ORIENTED_EDGE('',*,*,#4460,.F.);
#5929=ORIENTED_EDGE('',*,*,#4545,.T.);
#5930=ORIENTED_EDGE('',*,*,#4546,.F.);
#5931=ORIENTED_EDGE('',*,*,#4547,.F.);
#5932=ORIENTED_EDGE('',*,*,#4461,.F.);
#5933=ORIENTED_EDGE('',*,*,#4547,.T.);
#5934=ORIENTED_EDGE('',*,*,#4548,.F.);
#5935=ORIENTED_EDGE('',*,*,#4549,.F.);
#5936=ORIENTED_EDGE('',*,*,#4462,.F.);
#5937=ORIENTED_EDGE('',*,*,#4549,.T.);
#5938=ORIENTED_EDGE('',*,*,#4550,.F.);
#5939=ORIENTED_EDGE('',*,*,#4551,.F.);
#5940=ORIENTED_EDGE('',*,*,#4463,.F.);
#5941=ORIENTED_EDGE('',*,*,#4551,.T.);
#5942=ORIENTED_EDGE('',*,*,#4552,.F.);
#5943=ORIENTED_EDGE('',*,*,#4545,.F.);
#5944=ORIENTED_EDGE('',*,*,#4552,.T.);
#5945=ORIENTED_EDGE('',*,*,#4550,.T.);
#5946=ORIENTED_EDGE('',*,*,#4548,.T.);
#5947=ORIENTED_EDGE('',*,*,#4546,.T.);
#5948=ORIENTED_EDGE('',*,*,#4553,.F.);
#5949=ORIENTED_EDGE('',*,*,#4554,.T.);
#5950=ORIENTED_EDGE('',*,*,#4555,.F.);
#5951=ORIENTED_EDGE('',*,*,#4554,.F.);
#5952=ORIENTED_EDGE('',*,*,#4430,.F.);
#5953=ORIENTED_EDGE('',*,*,#4556,.T.);
#5954=ORIENTED_EDGE('',*,*,#4557,.F.);
#5955=ORIENTED_EDGE('',*,*,#4558,.F.);
#5956=ORIENTED_EDGE('',*,*,#4431,.F.);
#5957=ORIENTED_EDGE('',*,*,#4558,.T.);
#5958=ORIENTED_EDGE('',*,*,#4559,.F.);
#5959=ORIENTED_EDGE('',*,*,#4560,.F.);
#5960=ORIENTED_EDGE('',*,*,#4432,.F.);
#5961=ORIENTED_EDGE('',*,*,#4560,.T.);
#5962=ORIENTED_EDGE('',*,*,#4561,.F.);
#5963=ORIENTED_EDGE('',*,*,#4562,.F.);
#5964=ORIENTED_EDGE('',*,*,#4433,.F.);
#5965=ORIENTED_EDGE('',*,*,#4562,.T.);
#5966=ORIENTED_EDGE('',*,*,#4563,.F.);
#5967=ORIENTED_EDGE('',*,*,#4564,.F.);
#5968=ORIENTED_EDGE('',*,*,#4434,.F.);
#5969=ORIENTED_EDGE('',*,*,#4564,.T.);
#5970=ORIENTED_EDGE('',*,*,#4565,.F.);
#5971=ORIENTED_EDGE('',*,*,#4566,.F.);
#5972=ORIENTED_EDGE('',*,*,#4435,.F.);
#5973=ORIENTED_EDGE('',*,*,#4566,.T.);
#5974=ORIENTED_EDGE('',*,*,#4567,.F.);
#5975=ORIENTED_EDGE('',*,*,#4568,.F.);
#5976=ORIENTED_EDGE('',*,*,#4436,.F.);
#5977=ORIENTED_EDGE('',*,*,#4568,.T.);
#5978=ORIENTED_EDGE('',*,*,#4569,.F.);
#5979=ORIENTED_EDGE('',*,*,#4570,.F.);
#5980=ORIENTED_EDGE('',*,*,#4437,.F.);
#5981=ORIENTED_EDGE('',*,*,#4570,.T.);
#5982=ORIENTED_EDGE('',*,*,#4571,.F.);
#5983=ORIENTED_EDGE('',*,*,#4556,.F.);
#5984=ORIENTED_EDGE('',*,*,#4571,.T.);
#5985=ORIENTED_EDGE('',*,*,#4569,.T.);
#5986=ORIENTED_EDGE('',*,*,#4567,.T.);
#5987=ORIENTED_EDGE('',*,*,#4565,.T.);
#5988=ORIENTED_EDGE('',*,*,#4563,.T.);
#5989=ORIENTED_EDGE('',*,*,#4561,.T.);
#5990=ORIENTED_EDGE('',*,*,#4559,.T.);
#5991=ORIENTED_EDGE('',*,*,#4557,.T.);
#5992=ORIENTED_EDGE('',*,*,#4553,.T.);
#5993=ORIENTED_EDGE('',*,*,#4414,.T.);
#5994=ORIENTED_EDGE('',*,*,#4438,.F.);
#5995=ORIENTED_EDGE('',*,*,#4572,.T.);
#5996=ORIENTED_EDGE('',*,*,#4573,.F.);
#5997=ORIENTED_EDGE('',*,*,#4574,.F.);
#5998=ORIENTED_EDGE('',*,*,#4439,.F.);
#5999=ORIENTED_EDGE('',*,*,#4574,.T.);
#6000=ORIENTED_EDGE('',*,*,#4575,.F.);
#6001=ORIENTED_EDGE('',*,*,#4576,.F.);
#6002=ORIENTED_EDGE('',*,*,#4440,.F.);
#6003=ORIENTED_EDGE('',*,*,#4576,.T.);
#6004=ORIENTED_EDGE('',*,*,#4577,.F.);
#6005=ORIENTED_EDGE('',*,*,#4578,.F.);
#6006=ORIENTED_EDGE('',*,*,#4441,.F.);
#6007=ORIENTED_EDGE('',*,*,#4578,.T.);
#6008=ORIENTED_EDGE('',*,*,#4579,.F.);
#6009=ORIENTED_EDGE('',*,*,#4580,.F.);
#6010=ORIENTED_EDGE('',*,*,#4442,.F.);
#6011=ORIENTED_EDGE('',*,*,#4580,.T.);
#6012=ORIENTED_EDGE('',*,*,#4581,.F.);
#6013=ORIENTED_EDGE('',*,*,#4582,.F.);
#6014=ORIENTED_EDGE('',*,*,#4443,.F.);
#6015=ORIENTED_EDGE('',*,*,#4582,.T.);
#6016=ORIENTED_EDGE('',*,*,#4583,.F.);
#6017=ORIENTED_EDGE('',*,*,#4584,.F.);
#6018=ORIENTED_EDGE('',*,*,#4444,.F.);
#6019=ORIENTED_EDGE('',*,*,#4584,.T.);
#6020=ORIENTED_EDGE('',*,*,#4585,.F.);
#6021=ORIENTED_EDGE('',*,*,#4586,.F.);
#6022=ORIENTED_EDGE('',*,*,#4445,.F.);
#6023=ORIENTED_EDGE('',*,*,#4586,.T.);
#6024=ORIENTED_EDGE('',*,*,#4587,.F.);
#6025=ORIENTED_EDGE('',*,*,#4572,.F.);
#6026=ORIENTED_EDGE('',*,*,#4587,.T.);
#6027=ORIENTED_EDGE('',*,*,#4585,.T.);
#6028=ORIENTED_EDGE('',*,*,#4583,.T.);
#6029=ORIENTED_EDGE('',*,*,#4581,.T.);
#6030=ORIENTED_EDGE('',*,*,#4579,.T.);
#6031=ORIENTED_EDGE('',*,*,#4577,.T.);
#6032=ORIENTED_EDGE('',*,*,#4575,.T.);
#6033=ORIENTED_EDGE('',*,*,#4573,.T.);
#6034=ORIENTED_EDGE('',*,*,#4446,.F.);
#6035=ORIENTED_EDGE('',*,*,#4588,.T.);
#6036=ORIENTED_EDGE('',*,*,#4589,.F.);
#6037=ORIENTED_EDGE('',*,*,#4590,.F.);
#6038=ORIENTED_EDGE('',*,*,#4447,.F.);
#6039=ORIENTED_EDGE('',*,*,#4590,.T.);
#6040=ORIENTED_EDGE('',*,*,#4591,.F.);
#6041=ORIENTED_EDGE('',*,*,#4592,.F.);
#6042=ORIENTED_EDGE('',*,*,#4448,.F.);
#6043=ORIENTED_EDGE('',*,*,#4592,.T.);
#6044=ORIENTED_EDGE('',*,*,#4593,.F.);
#6045=ORIENTED_EDGE('',*,*,#4594,.F.);
#6046=ORIENTED_EDGE('',*,*,#4449,.F.);
#6047=ORIENTED_EDGE('',*,*,#4594,.T.);
#6048=ORIENTED_EDGE('',*,*,#4595,.F.);
#6049=ORIENTED_EDGE('',*,*,#4596,.F.);
#6050=ORIENTED_EDGE('',*,*,#4450,.F.);
#6051=ORIENTED_EDGE('',*,*,#4596,.T.);
#6052=ORIENTED_EDGE('',*,*,#4597,.F.);
#6053=ORIENTED_EDGE('',*,*,#4598,.F.);
#6054=ORIENTED_EDGE('',*,*,#4451,.F.);
#6055=ORIENTED_EDGE('',*,*,#4598,.T.);
#6056=ORIENTED_EDGE('',*,*,#4599,.F.);
#6057=ORIENTED_EDGE('',*,*,#4600,.F.);
#6058=ORIENTED_EDGE('',*,*,#4452,.F.);
#6059=ORIENTED_EDGE('',*,*,#4600,.T.);
#6060=ORIENTED_EDGE('',*,*,#4601,.F.);
#6061=ORIENTED_EDGE('',*,*,#4602,.F.);
#6062=ORIENTED_EDGE('',*,*,#4453,.F.);
#6063=ORIENTED_EDGE('',*,*,#4602,.T.);
#6064=ORIENTED_EDGE('',*,*,#4603,.F.);
#6065=ORIENTED_EDGE('',*,*,#4604,.F.);
#6066=ORIENTED_EDGE('',*,*,#4454,.F.);
#6067=ORIENTED_EDGE('',*,*,#4604,.T.);
#6068=ORIENTED_EDGE('',*,*,#4605,.F.);
#6069=ORIENTED_EDGE('',*,*,#4606,.F.);
#6070=ORIENTED_EDGE('',*,*,#4455,.F.);
#6071=ORIENTED_EDGE('',*,*,#4606,.T.);
#6072=ORIENTED_EDGE('',*,*,#4607,.F.);
#6073=ORIENTED_EDGE('',*,*,#4608,.F.);
#6074=ORIENTED_EDGE('',*,*,#4456,.F.);
#6075=ORIENTED_EDGE('',*,*,#4608,.T.);
#6076=ORIENTED_EDGE('',*,*,#4609,.F.);
#6077=ORIENTED_EDGE('',*,*,#4610,.F.);
#6078=ORIENTED_EDGE('',*,*,#4457,.F.);
#6079=ORIENTED_EDGE('',*,*,#4610,.T.);
#6080=ORIENTED_EDGE('',*,*,#4611,.F.);
#6081=ORIENTED_EDGE('',*,*,#4612,.F.);
#6082=ORIENTED_EDGE('',*,*,#4458,.F.);
#6083=ORIENTED_EDGE('',*,*,#4612,.T.);
#6084=ORIENTED_EDGE('',*,*,#4613,.F.);
#6085=ORIENTED_EDGE('',*,*,#4614,.F.);
#6086=ORIENTED_EDGE('',*,*,#4459,.F.);
#6087=ORIENTED_EDGE('',*,*,#4614,.T.);
#6088=ORIENTED_EDGE('',*,*,#4615,.F.);
#6089=ORIENTED_EDGE('',*,*,#4588,.F.);
#6090=ORIENTED_EDGE('',*,*,#4615,.T.);
#6091=ORIENTED_EDGE('',*,*,#4613,.T.);
#6092=ORIENTED_EDGE('',*,*,#4611,.T.);
#6093=ORIENTED_EDGE('',*,*,#4609,.T.);
#6094=ORIENTED_EDGE('',*,*,#4607,.T.);
#6095=ORIENTED_EDGE('',*,*,#4605,.T.);
#6096=ORIENTED_EDGE('',*,*,#4603,.T.);
#6097=ORIENTED_EDGE('',*,*,#4601,.T.);
#6098=ORIENTED_EDGE('',*,*,#4599,.T.);
#6099=ORIENTED_EDGE('',*,*,#4597,.T.);
#6100=ORIENTED_EDGE('',*,*,#4595,.T.);
#6101=ORIENTED_EDGE('',*,*,#4593,.T.);
#6102=ORIENTED_EDGE('',*,*,#4591,.T.);
#6103=ORIENTED_EDGE('',*,*,#4589,.T.);
#6104=ORIENTED_EDGE('',*,*,#4616,.F.);
#6105=ORIENTED_EDGE('',*,*,#4617,.T.);
#6106=ORIENTED_EDGE('',*,*,#4618,.F.);
#6107=ORIENTED_EDGE('',*,*,#4619,.F.);
#6108=ORIENTED_EDGE('',*,*,#4620,.F.);
#6109=ORIENTED_EDGE('',*,*,#4619,.T.);
#6110=ORIENTED_EDGE('',*,*,#4621,.F.);
#6111=ORIENTED_EDGE('',*,*,#4622,.F.);
#6112=ORIENTED_EDGE('',*,*,#4623,.F.);
#6113=ORIENTED_EDGE('',*,*,#4622,.T.);
#6114=ORIENTED_EDGE('',*,*,#4624,.F.);
#6115=ORIENTED_EDGE('',*,*,#4625,.F.);
#6116=ORIENTED_EDGE('',*,*,#4626,.F.);
#6117=ORIENTED_EDGE('',*,*,#4625,.T.);
#6118=ORIENTED_EDGE('',*,*,#4627,.F.);
#6119=ORIENTED_EDGE('',*,*,#4617,.F.);
#6120=ORIENTED_EDGE('',*,*,#4627,.T.);
#6121=ORIENTED_EDGE('',*,*,#4624,.T.);
#6122=ORIENTED_EDGE('',*,*,#4621,.T.);
#6123=ORIENTED_EDGE('',*,*,#4618,.T.);
#6124=ORIENTED_EDGE('',*,*,#4628,.F.);
#6125=ORIENTED_EDGE('',*,*,#4629,.T.);
#6126=ORIENTED_EDGE('',*,*,#4630,.F.);
#6127=ORIENTED_EDGE('',*,*,#4631,.F.);
#6128=ORIENTED_EDGE('',*,*,#4632,.F.);
#6129=ORIENTED_EDGE('',*,*,#4631,.T.);
#6130=ORIENTED_EDGE('',*,*,#4633,.F.);
#6131=ORIENTED_EDGE('',*,*,#4634,.F.);
#6132=ORIENTED_EDGE('',*,*,#4635,.F.);
#6133=ORIENTED_EDGE('',*,*,#4634,.T.);
#6134=ORIENTED_EDGE('',*,*,#4636,.F.);
#6135=ORIENTED_EDGE('',*,*,#4637,.F.);
#6136=ORIENTED_EDGE('',*,*,#4638,.F.);
#6137=ORIENTED_EDGE('',*,*,#4637,.T.);
#6138=ORIENTED_EDGE('',*,*,#4639,.F.);
#6139=ORIENTED_EDGE('',*,*,#4640,.F.);
#6140=ORIENTED_EDGE('',*,*,#4641,.F.);
#6141=ORIENTED_EDGE('',*,*,#4640,.T.);
#6142=ORIENTED_EDGE('',*,*,#4642,.F.);
#6143=ORIENTED_EDGE('',*,*,#4643,.F.);
#6144=ORIENTED_EDGE('',*,*,#4644,.F.);
#6145=ORIENTED_EDGE('',*,*,#4643,.T.);
#6146=ORIENTED_EDGE('',*,*,#4645,.F.);
#6147=ORIENTED_EDGE('',*,*,#4646,.F.);
#6148=ORIENTED_EDGE('',*,*,#4647,.F.);
#6149=ORIENTED_EDGE('',*,*,#4646,.T.);
#6150=ORIENTED_EDGE('',*,*,#4648,.F.);
#6151=ORIENTED_EDGE('',*,*,#4629,.F.);
#6152=ORIENTED_EDGE('',*,*,#4648,.T.);
#6153=ORIENTED_EDGE('',*,*,#4645,.T.);
#6154=ORIENTED_EDGE('',*,*,#4642,.T.);
#6155=ORIENTED_EDGE('',*,*,#4639,.T.);
#6156=ORIENTED_EDGE('',*,*,#4636,.T.);
#6157=ORIENTED_EDGE('',*,*,#4633,.T.);
#6158=ORIENTED_EDGE('',*,*,#4630,.T.);
#6159=ORIENTED_EDGE('',*,*,#4649,.F.);
#6160=ORIENTED_EDGE('',*,*,#4650,.T.);
#6161=ORIENTED_EDGE('',*,*,#4651,.F.);
#6162=ORIENTED_EDGE('',*,*,#4652,.F.);
#6163=ORIENTED_EDGE('',*,*,#4653,.F.);
#6164=ORIENTED_EDGE('',*,*,#4652,.T.);
#6165=ORIENTED_EDGE('',*,*,#4654,.F.);
#6166=ORIENTED_EDGE('',*,*,#4655,.F.);
#6167=ORIENTED_EDGE('',*,*,#4656,.F.);
#6168=ORIENTED_EDGE('',*,*,#4655,.T.);
#6169=ORIENTED_EDGE('',*,*,#4657,.F.);
#6170=ORIENTED_EDGE('',*,*,#4658,.F.);
#6171=ORIENTED_EDGE('',*,*,#4659,.F.);
#6172=ORIENTED_EDGE('',*,*,#4658,.T.);
#6173=ORIENTED_EDGE('',*,*,#4660,.F.);
#6174=ORIENTED_EDGE('',*,*,#4650,.F.);
#6175=ORIENTED_EDGE('',*,*,#4660,.T.);
#6176=ORIENTED_EDGE('',*,*,#4657,.T.);
#6177=ORIENTED_EDGE('',*,*,#4654,.T.);
#6178=ORIENTED_EDGE('',*,*,#4651,.T.);
#6179=ORIENTED_EDGE('',*,*,#4661,.F.);
#6180=ORIENTED_EDGE('',*,*,#4662,.T.);
#6181=ORIENTED_EDGE('',*,*,#4663,.F.);
#6182=ORIENTED_EDGE('',*,*,#4664,.F.);
#6183=ORIENTED_EDGE('',*,*,#4665,.F.);
#6184=ORIENTED_EDGE('',*,*,#4664,.T.);
#6185=ORIENTED_EDGE('',*,*,#4666,.F.);
#6186=ORIENTED_EDGE('',*,*,#4667,.F.);
#6187=ORIENTED_EDGE('',*,*,#4668,.F.);
#6188=ORIENTED_EDGE('',*,*,#4667,.T.);
#6189=ORIENTED_EDGE('',*,*,#4669,.F.);
#6190=ORIENTED_EDGE('',*,*,#4670,.F.);
#6191=ORIENTED_EDGE('',*,*,#4671,.F.);
#6192=ORIENTED_EDGE('',*,*,#4670,.T.);
#6193=ORIENTED_EDGE('',*,*,#4672,.F.);
#6194=ORIENTED_EDGE('',*,*,#4673,.F.);
#6195=ORIENTED_EDGE('',*,*,#4674,.F.);
#6196=ORIENTED_EDGE('',*,*,#4673,.T.);
#6197=ORIENTED_EDGE('',*,*,#4675,.F.);
#6198=ORIENTED_EDGE('',*,*,#4676,.F.);
#6199=ORIENTED_EDGE('',*,*,#4677,.F.);
#6200=ORIENTED_EDGE('',*,*,#4676,.T.);
#6201=ORIENTED_EDGE('',*,*,#4678,.F.);
#6202=ORIENTED_EDGE('',*,*,#4679,.F.);
#6203=ORIENTED_EDGE('',*,*,#4680,.F.);
#6204=ORIENTED_EDGE('',*,*,#4679,.T.);
#6205=ORIENTED_EDGE('',*,*,#4681,.F.);
#6206=ORIENTED_EDGE('',*,*,#4682,.F.);
#6207=ORIENTED_EDGE('',*,*,#4683,.F.);
#6208=ORIENTED_EDGE('',*,*,#4682,.T.);
#6209=ORIENTED_EDGE('',*,*,#4684,.F.);
#6210=ORIENTED_EDGE('',*,*,#4685,.F.);
#6211=ORIENTED_EDGE('',*,*,#4686,.F.);
#6212=ORIENTED_EDGE('',*,*,#4685,.T.);
#6213=ORIENTED_EDGE('',*,*,#4687,.F.);
#6214=ORIENTED_EDGE('',*,*,#4688,.F.);
#6215=ORIENTED_EDGE('',*,*,#4689,.F.);
#6216=ORIENTED_EDGE('',*,*,#4688,.T.);
#6217=ORIENTED_EDGE('',*,*,#4690,.F.);
#6218=ORIENTED_EDGE('',*,*,#4691,.F.);
#6219=ORIENTED_EDGE('',*,*,#4692,.F.);
#6220=ORIENTED_EDGE('',*,*,#4691,.T.);
#6221=ORIENTED_EDGE('',*,*,#4693,.F.);
#6222=ORIENTED_EDGE('',*,*,#4694,.F.);
#6223=ORIENTED_EDGE('',*,*,#4695,.F.);
#6224=ORIENTED_EDGE('',*,*,#4694,.T.);
#6225=ORIENTED_EDGE('',*,*,#4696,.F.);
#6226=ORIENTED_EDGE('',*,*,#4697,.F.);
#6227=ORIENTED_EDGE('',*,*,#4698,.F.);
#6228=ORIENTED_EDGE('',*,*,#4697,.T.);
#6229=ORIENTED_EDGE('',*,*,#4699,.F.);
#6230=ORIENTED_EDGE('',*,*,#4700,.F.);
#6231=ORIENTED_EDGE('',*,*,#4701,.F.);
#6232=ORIENTED_EDGE('',*,*,#4700,.T.);
#6233=ORIENTED_EDGE('',*,*,#4702,.F.);
#6234=ORIENTED_EDGE('',*,*,#4703,.F.);
#6235=ORIENTED_EDGE('',*,*,#4704,.F.);
#6236=ORIENTED_EDGE('',*,*,#4703,.T.);
#6237=ORIENTED_EDGE('',*,*,#4705,.F.);
#6238=ORIENTED_EDGE('',*,*,#4706,.F.);
#6239=ORIENTED_EDGE('',*,*,#4707,.F.);
#6240=ORIENTED_EDGE('',*,*,#4706,.T.);
#6241=ORIENTED_EDGE('',*,*,#4708,.F.);
#6242=ORIENTED_EDGE('',*,*,#4709,.F.);
#6243=ORIENTED_EDGE('',*,*,#4710,.F.);
#6244=ORIENTED_EDGE('',*,*,#4709,.T.);
#6245=ORIENTED_EDGE('',*,*,#4711,.F.);
#6246=ORIENTED_EDGE('',*,*,#4712,.F.);
#6247=ORIENTED_EDGE('',*,*,#4713,.F.);
#6248=ORIENTED_EDGE('',*,*,#4712,.T.);
#6249=ORIENTED_EDGE('',*,*,#4714,.F.);
#6250=ORIENTED_EDGE('',*,*,#4662,.F.);
#6251=ORIENTED_EDGE('',*,*,#4714,.T.);
#6252=ORIENTED_EDGE('',*,*,#4711,.T.);
#6253=ORIENTED_EDGE('',*,*,#4708,.T.);
#6254=ORIENTED_EDGE('',*,*,#4705,.T.);
#6255=ORIENTED_EDGE('',*,*,#4702,.T.);
#6256=ORIENTED_EDGE('',*,*,#4699,.T.);
#6257=ORIENTED_EDGE('',*,*,#4696,.T.);
#6258=ORIENTED_EDGE('',*,*,#4693,.T.);
#6259=ORIENTED_EDGE('',*,*,#4690,.T.);
#6260=ORIENTED_EDGE('',*,*,#4687,.T.);
#6261=ORIENTED_EDGE('',*,*,#4684,.T.);
#6262=ORIENTED_EDGE('',*,*,#4681,.T.);
#6263=ORIENTED_EDGE('',*,*,#4678,.T.);
#6264=ORIENTED_EDGE('',*,*,#4675,.T.);
#6265=ORIENTED_EDGE('',*,*,#4672,.T.);
#6266=ORIENTED_EDGE('',*,*,#4669,.T.);
#6267=ORIENTED_EDGE('',*,*,#4666,.T.);
#6268=ORIENTED_EDGE('',*,*,#4663,.T.);
#6269=ORIENTED_EDGE('',*,*,#4715,.F.);
#6270=ORIENTED_EDGE('',*,*,#4716,.T.);
#6271=ORIENTED_EDGE('',*,*,#4717,.F.);
#6272=ORIENTED_EDGE('',*,*,#4718,.F.);
#6273=ORIENTED_EDGE('',*,*,#4719,.F.);
#6274=ORIENTED_EDGE('',*,*,#4718,.T.);
#6275=ORIENTED_EDGE('',*,*,#4720,.F.);
#6276=ORIENTED_EDGE('',*,*,#4721,.F.);
#6277=ORIENTED_EDGE('',*,*,#4722,.F.);
#6278=ORIENTED_EDGE('',*,*,#4721,.T.);
#6279=ORIENTED_EDGE('',*,*,#4723,.F.);
#6280=ORIENTED_EDGE('',*,*,#4724,.F.);
#6281=ORIENTED_EDGE('',*,*,#4725,.F.);
#6282=ORIENTED_EDGE('',*,*,#4724,.T.);
#6283=ORIENTED_EDGE('',*,*,#4726,.F.);
#6284=ORIENTED_EDGE('',*,*,#4727,.F.);
#6285=ORIENTED_EDGE('',*,*,#4728,.F.);
#6286=ORIENTED_EDGE('',*,*,#4727,.T.);
#6287=ORIENTED_EDGE('',*,*,#4729,.F.);
#6288=ORIENTED_EDGE('',*,*,#4730,.F.);
#6289=ORIENTED_EDGE('',*,*,#4731,.F.);
#6290=ORIENTED_EDGE('',*,*,#4730,.T.);
#6291=ORIENTED_EDGE('',*,*,#4732,.F.);
#6292=ORIENTED_EDGE('',*,*,#4733,.F.);
#6293=ORIENTED_EDGE('',*,*,#4734,.F.);
#6294=ORIENTED_EDGE('',*,*,#4733,.T.);
#6295=ORIENTED_EDGE('',*,*,#4735,.F.);
#6296=ORIENTED_EDGE('',*,*,#4716,.F.);
#6297=ORIENTED_EDGE('',*,*,#4735,.T.);
#6298=ORIENTED_EDGE('',*,*,#4732,.T.);
#6299=ORIENTED_EDGE('',*,*,#4729,.T.);
#6300=ORIENTED_EDGE('',*,*,#4726,.T.);
#6301=ORIENTED_EDGE('',*,*,#4723,.T.);
#6302=ORIENTED_EDGE('',*,*,#4720,.T.);
#6303=ORIENTED_EDGE('',*,*,#4717,.T.);
#6304=ORIENTED_EDGE('',*,*,#4736,.F.);
#6305=ORIENTED_EDGE('',*,*,#4737,.T.);
#6306=ORIENTED_EDGE('',*,*,#4738,.F.);
#6307=ORIENTED_EDGE('',*,*,#4739,.F.);
#6308=ORIENTED_EDGE('',*,*,#4740,.F.);
#6309=ORIENTED_EDGE('',*,*,#4739,.T.);
#6310=ORIENTED_EDGE('',*,*,#4741,.F.);
#6311=ORIENTED_EDGE('',*,*,#4742,.F.);
#6312=ORIENTED_EDGE('',*,*,#4743,.F.);
#6313=ORIENTED_EDGE('',*,*,#4742,.T.);
#6314=ORIENTED_EDGE('',*,*,#4744,.F.);
#6315=ORIENTED_EDGE('',*,*,#4745,.F.);
#6316=ORIENTED_EDGE('',*,*,#4746,.F.);
#6317=ORIENTED_EDGE('',*,*,#4745,.T.);
#6318=ORIENTED_EDGE('',*,*,#4747,.F.);
#6319=ORIENTED_EDGE('',*,*,#4748,.F.);
#6320=ORIENTED_EDGE('',*,*,#4749,.F.);
#6321=ORIENTED_EDGE('',*,*,#4748,.T.);
#6322=ORIENTED_EDGE('',*,*,#4750,.F.);
#6323=ORIENTED_EDGE('',*,*,#4751,.F.);
#6324=ORIENTED_EDGE('',*,*,#4752,.F.);
#6325=ORIENTED_EDGE('',*,*,#4751,.T.);
#6326=ORIENTED_EDGE('',*,*,#4753,.F.);
#6327=ORIENTED_EDGE('',*,*,#4754,.F.);
#6328=ORIENTED_EDGE('',*,*,#4755,.F.);
#6329=ORIENTED_EDGE('',*,*,#4754,.T.);
#6330=ORIENTED_EDGE('',*,*,#4756,.F.);
#6331=ORIENTED_EDGE('',*,*,#4757,.F.);
#6332=ORIENTED_EDGE('',*,*,#4758,.F.);
#6333=ORIENTED_EDGE('',*,*,#4757,.T.);
#6334=ORIENTED_EDGE('',*,*,#4759,.F.);
#6335=ORIENTED_EDGE('',*,*,#4760,.F.);
#6336=ORIENTED_EDGE('',*,*,#4761,.F.);
#6337=ORIENTED_EDGE('',*,*,#4760,.T.);
#6338=ORIENTED_EDGE('',*,*,#4762,.F.);
#6339=ORIENTED_EDGE('',*,*,#4763,.F.);
#6340=ORIENTED_EDGE('',*,*,#4764,.F.);
#6341=ORIENTED_EDGE('',*,*,#4763,.T.);
#6342=ORIENTED_EDGE('',*,*,#4765,.F.);
#6343=ORIENTED_EDGE('',*,*,#4766,.F.);
#6344=ORIENTED_EDGE('',*,*,#4767,.F.);
#6345=ORIENTED_EDGE('',*,*,#4766,.T.);
#6346=ORIENTED_EDGE('',*,*,#4768,.F.);
#6347=ORIENTED_EDGE('',*,*,#4737,.F.);
#6348=ORIENTED_EDGE('',*,*,#4768,.T.);
#6349=ORIENTED_EDGE('',*,*,#4765,.T.);
#6350=ORIENTED_EDGE('',*,*,#4762,.T.);
#6351=ORIENTED_EDGE('',*,*,#4759,.T.);
#6352=ORIENTED_EDGE('',*,*,#4756,.T.);
#6353=ORIENTED_EDGE('',*,*,#4753,.T.);
#6354=ORIENTED_EDGE('',*,*,#4750,.T.);
#6355=ORIENTED_EDGE('',*,*,#4747,.T.);
#6356=ORIENTED_EDGE('',*,*,#4744,.T.);
#6357=ORIENTED_EDGE('',*,*,#4741,.T.);
#6358=ORIENTED_EDGE('',*,*,#4738,.T.);
#6359=ORIENTED_EDGE('',*,*,#4769,.F.);
#6360=ORIENTED_EDGE('',*,*,#4770,.T.);
#6361=ORIENTED_EDGE('',*,*,#4771,.F.);
#6362=ORIENTED_EDGE('',*,*,#4772,.F.);
#6363=ORIENTED_EDGE('',*,*,#4773,.F.);
#6364=ORIENTED_EDGE('',*,*,#4772,.T.);
#6365=ORIENTED_EDGE('',*,*,#4774,.F.);
#6366=ORIENTED_EDGE('',*,*,#4775,.F.);
#6367=ORIENTED_EDGE('',*,*,#4776,.F.);
#6368=ORIENTED_EDGE('',*,*,#4775,.T.);
#6369=ORIENTED_EDGE('',*,*,#4777,.F.);
#6370=ORIENTED_EDGE('',*,*,#4778,.F.);
#6371=ORIENTED_EDGE('',*,*,#4779,.F.);
#6372=ORIENTED_EDGE('',*,*,#4778,.T.);
#6373=ORIENTED_EDGE('',*,*,#4780,.F.);
#6374=ORIENTED_EDGE('',*,*,#4781,.F.);
#6375=ORIENTED_EDGE('',*,*,#4782,.F.);
#6376=ORIENTED_EDGE('',*,*,#4781,.T.);
#6377=ORIENTED_EDGE('',*,*,#4783,.F.);
#6378=ORIENTED_EDGE('',*,*,#4784,.F.);
#6379=ORIENTED_EDGE('',*,*,#4785,.F.);
#6380=ORIENTED_EDGE('',*,*,#4784,.T.);
#6381=ORIENTED_EDGE('',*,*,#4786,.F.);
#6382=ORIENTED_EDGE('',*,*,#4787,.F.);
#6383=ORIENTED_EDGE('',*,*,#4788,.F.);
#6384=ORIENTED_EDGE('',*,*,#4787,.T.);
#6385=ORIENTED_EDGE('',*,*,#4789,.F.);
#6386=ORIENTED_EDGE('',*,*,#4770,.F.);
#6387=ORIENTED_EDGE('',*,*,#4789,.T.);
#6388=ORIENTED_EDGE('',*,*,#4786,.T.);
#6389=ORIENTED_EDGE('',*,*,#4783,.T.);
#6390=ORIENTED_EDGE('',*,*,#4780,.T.);
#6391=ORIENTED_EDGE('',*,*,#4777,.T.);
#6392=ORIENTED_EDGE('',*,*,#4774,.T.);
#6393=ORIENTED_EDGE('',*,*,#4771,.T.);
#6394=ORIENTED_EDGE('',*,*,#4790,.F.);
#6395=ORIENTED_EDGE('',*,*,#4791,.T.);
#6396=ORIENTED_EDGE('',*,*,#4792,.F.);
#6397=ORIENTED_EDGE('',*,*,#4793,.F.);
#6398=ORIENTED_EDGE('',*,*,#4794,.F.);
#6399=ORIENTED_EDGE('',*,*,#4793,.T.);
#6400=ORIENTED_EDGE('',*,*,#4795,.F.);
#6401=ORIENTED_EDGE('',*,*,#4796,.F.);
#6402=ORIENTED_EDGE('',*,*,#4797,.F.);
#6403=ORIENTED_EDGE('',*,*,#4796,.T.);
#6404=ORIENTED_EDGE('',*,*,#4798,.F.);
#6405=ORIENTED_EDGE('',*,*,#4799,.F.);
#6406=ORIENTED_EDGE('',*,*,#4800,.F.);
#6407=ORIENTED_EDGE('',*,*,#4799,.T.);
#6408=ORIENTED_EDGE('',*,*,#4801,.F.);
#6409=ORIENTED_EDGE('',*,*,#4791,.F.);
#6410=ORIENTED_EDGE('',*,*,#4801,.T.);
#6411=ORIENTED_EDGE('',*,*,#4798,.T.);
#6412=ORIENTED_EDGE('',*,*,#4795,.T.);
#6413=ORIENTED_EDGE('',*,*,#4792,.T.);
#6414=ORIENTED_EDGE('',*,*,#4802,.F.);
#6415=ORIENTED_EDGE('',*,*,#4803,.T.);
#6416=ORIENTED_EDGE('',*,*,#4804,.F.);
#6417=ORIENTED_EDGE('',*,*,#4805,.F.);
#6418=ORIENTED_EDGE('',*,*,#4806,.F.);
#6419=ORIENTED_EDGE('',*,*,#4805,.T.);
#6420=ORIENTED_EDGE('',*,*,#4807,.F.);
#6421=ORIENTED_EDGE('',*,*,#4808,.F.);
#6422=ORIENTED_EDGE('',*,*,#4809,.F.);
#6423=ORIENTED_EDGE('',*,*,#4808,.T.);
#6424=ORIENTED_EDGE('',*,*,#4810,.F.);
#6425=ORIENTED_EDGE('',*,*,#4811,.F.);
#6426=ORIENTED_EDGE('',*,*,#4812,.F.);
#6427=ORIENTED_EDGE('',*,*,#4811,.T.);
#6428=ORIENTED_EDGE('',*,*,#4813,.F.);
#6429=ORIENTED_EDGE('',*,*,#4803,.F.);
#6430=ORIENTED_EDGE('',*,*,#4813,.T.);
#6431=ORIENTED_EDGE('',*,*,#4810,.T.);
#6432=ORIENTED_EDGE('',*,*,#4807,.T.);
#6433=ORIENTED_EDGE('',*,*,#4804,.T.);
#6434=ORIENTED_EDGE('',*,*,#4814,.F.);
#6435=ORIENTED_EDGE('',*,*,#4815,.T.);
#6436=ORIENTED_EDGE('',*,*,#4816,.F.);
#6437=ORIENTED_EDGE('',*,*,#4817,.F.);
#6438=ORIENTED_EDGE('',*,*,#4818,.F.);
#6439=ORIENTED_EDGE('',*,*,#4817,.T.);
#6440=ORIENTED_EDGE('',*,*,#4819,.F.);
#6441=ORIENTED_EDGE('',*,*,#4820,.F.);
#6442=ORIENTED_EDGE('',*,*,#4821,.F.);
#6443=ORIENTED_EDGE('',*,*,#4820,.T.);
#6444=ORIENTED_EDGE('',*,*,#4822,.F.);
#6445=ORIENTED_EDGE('',*,*,#4823,.F.);
#6446=ORIENTED_EDGE('',*,*,#4824,.F.);
#6447=ORIENTED_EDGE('',*,*,#4823,.T.);
#6448=ORIENTED_EDGE('',*,*,#4825,.F.);
#6449=ORIENTED_EDGE('',*,*,#4826,.F.);
#6450=ORIENTED_EDGE('',*,*,#4827,.F.);
#6451=ORIENTED_EDGE('',*,*,#4826,.T.);
#6452=ORIENTED_EDGE('',*,*,#4828,.F.);
#6453=ORIENTED_EDGE('',*,*,#4829,.F.);
#6454=ORIENTED_EDGE('',*,*,#4830,.F.);
#6455=ORIENTED_EDGE('',*,*,#4829,.T.);
#6456=ORIENTED_EDGE('',*,*,#4831,.F.);
#6457=ORIENTED_EDGE('',*,*,#4815,.F.);
#6458=ORIENTED_EDGE('',*,*,#4831,.T.);
#6459=ORIENTED_EDGE('',*,*,#4828,.T.);
#6460=ORIENTED_EDGE('',*,*,#4825,.T.);
#6461=ORIENTED_EDGE('',*,*,#4822,.T.);
#6462=ORIENTED_EDGE('',*,*,#4819,.T.);
#6463=ORIENTED_EDGE('',*,*,#4816,.T.);
#6464=ORIENTED_EDGE('',*,*,#4832,.F.);
#6465=ORIENTED_EDGE('',*,*,#4833,.T.);
#6466=ORIENTED_EDGE('',*,*,#4834,.F.);
#6467=ORIENTED_EDGE('',*,*,#4835,.F.);
#6468=ORIENTED_EDGE('',*,*,#4836,.F.);
#6469=ORIENTED_EDGE('',*,*,#4835,.T.);
#6470=ORIENTED_EDGE('',*,*,#4837,.F.);
#6471=ORIENTED_EDGE('',*,*,#4838,.F.);
#6472=ORIENTED_EDGE('',*,*,#4839,.F.);
#6473=ORIENTED_EDGE('',*,*,#4838,.T.);
#6474=ORIENTED_EDGE('',*,*,#4840,.F.);
#6475=ORIENTED_EDGE('',*,*,#4841,.F.);
#6476=ORIENTED_EDGE('',*,*,#4842,.F.);
#6477=ORIENTED_EDGE('',*,*,#4841,.T.);
#6478=ORIENTED_EDGE('',*,*,#4843,.F.);
#6479=ORIENTED_EDGE('',*,*,#4844,.F.);
#6480=ORIENTED_EDGE('',*,*,#4845,.F.);
#6481=ORIENTED_EDGE('',*,*,#4844,.T.);
#6482=ORIENTED_EDGE('',*,*,#4846,.F.);
#6483=ORIENTED_EDGE('',*,*,#4847,.F.);
#6484=ORIENTED_EDGE('',*,*,#4848,.F.);
#6485=ORIENTED_EDGE('',*,*,#4847,.T.);
#6486=ORIENTED_EDGE('',*,*,#4849,.F.);
#6487=ORIENTED_EDGE('',*,*,#4833,.F.);
#6488=ORIENTED_EDGE('',*,*,#4849,.T.);
#6489=ORIENTED_EDGE('',*,*,#4846,.T.);
#6490=ORIENTED_EDGE('',*,*,#4843,.T.);
#6491=ORIENTED_EDGE('',*,*,#4840,.T.);
#6492=ORIENTED_EDGE('',*,*,#4837,.T.);
#6493=ORIENTED_EDGE('',*,*,#4834,.T.);
#6494=ORIENTED_EDGE('',*,*,#4850,.F.);
#6495=ORIENTED_EDGE('',*,*,#4851,.T.);
#6496=ORIENTED_EDGE('',*,*,#4852,.F.);
#6497=ORIENTED_EDGE('',*,*,#4853,.F.);
#6498=ORIENTED_EDGE('',*,*,#4854,.F.);
#6499=ORIENTED_EDGE('',*,*,#4853,.T.);
#6500=ORIENTED_EDGE('',*,*,#4855,.F.);
#6501=ORIENTED_EDGE('',*,*,#4856,.F.);
#6502=ORIENTED_EDGE('',*,*,#4857,.F.);
#6503=ORIENTED_EDGE('',*,*,#4856,.T.);
#6504=ORIENTED_EDGE('',*,*,#4858,.F.);
#6505=ORIENTED_EDGE('',*,*,#4859,.F.);
#6506=ORIENTED_EDGE('',*,*,#4860,.F.);
#6507=ORIENTED_EDGE('',*,*,#4859,.T.);
#6508=ORIENTED_EDGE('',*,*,#4861,.F.);
#6509=ORIENTED_EDGE('',*,*,#4862,.F.);
#6510=ORIENTED_EDGE('',*,*,#4863,.F.);
#6511=ORIENTED_EDGE('',*,*,#4862,.T.);
#6512=ORIENTED_EDGE('',*,*,#4864,.F.);
#6513=ORIENTED_EDGE('',*,*,#4865,.F.);
#6514=ORIENTED_EDGE('',*,*,#4866,.F.);
#6515=ORIENTED_EDGE('',*,*,#4865,.T.);
#6516=ORIENTED_EDGE('',*,*,#4867,.F.);
#6517=ORIENTED_EDGE('',*,*,#4868,.F.);
#6518=ORIENTED_EDGE('',*,*,#4869,.F.);
#6519=ORIENTED_EDGE('',*,*,#4868,.T.);
#6520=ORIENTED_EDGE('',*,*,#4870,.F.);
#6521=ORIENTED_EDGE('',*,*,#4871,.F.);
#6522=ORIENTED_EDGE('',*,*,#4872,.F.);
#6523=ORIENTED_EDGE('',*,*,#4871,.T.);
#6524=ORIENTED_EDGE('',*,*,#4873,.F.);
#6525=ORIENTED_EDGE('',*,*,#4851,.F.);
#6526=ORIENTED_EDGE('',*,*,#4873,.T.);
#6527=ORIENTED_EDGE('',*,*,#4870,.T.);
#6528=ORIENTED_EDGE('',*,*,#4867,.T.);
#6529=ORIENTED_EDGE('',*,*,#4864,.T.);
#6530=ORIENTED_EDGE('',*,*,#4861,.T.);
#6531=ORIENTED_EDGE('',*,*,#4858,.T.);
#6532=ORIENTED_EDGE('',*,*,#4855,.T.);
#6533=ORIENTED_EDGE('',*,*,#4852,.T.);
#6534=ORIENTED_EDGE('',*,*,#4874,.F.);
#6535=ORIENTED_EDGE('',*,*,#4875,.T.);
#6536=ORIENTED_EDGE('',*,*,#4876,.F.);
#6537=ORIENTED_EDGE('',*,*,#4877,.F.);
#6538=ORIENTED_EDGE('',*,*,#4878,.F.);
#6539=ORIENTED_EDGE('',*,*,#4877,.T.);
#6540=ORIENTED_EDGE('',*,*,#4879,.F.);
#6541=ORIENTED_EDGE('',*,*,#4880,.F.);
#6542=ORIENTED_EDGE('',*,*,#4881,.F.);
#6543=ORIENTED_EDGE('',*,*,#4880,.T.);
#6544=ORIENTED_EDGE('',*,*,#4882,.F.);
#6545=ORIENTED_EDGE('',*,*,#4883,.F.);
#6546=ORIENTED_EDGE('',*,*,#4884,.F.);
#6547=ORIENTED_EDGE('',*,*,#4883,.T.);
#6548=ORIENTED_EDGE('',*,*,#4885,.F.);
#6549=ORIENTED_EDGE('',*,*,#4886,.F.);
#6550=ORIENTED_EDGE('',*,*,#4887,.F.);
#6551=ORIENTED_EDGE('',*,*,#4886,.T.);
#6552=ORIENTED_EDGE('',*,*,#4888,.F.);
#6553=ORIENTED_EDGE('',*,*,#4889,.F.);
#6554=ORIENTED_EDGE('',*,*,#4890,.F.);
#6555=ORIENTED_EDGE('',*,*,#4889,.T.);
#6556=ORIENTED_EDGE('',*,*,#4891,.F.);
#6557=ORIENTED_EDGE('',*,*,#4892,.F.);
#6558=ORIENTED_EDGE('',*,*,#4893,.F.);
#6559=ORIENTED_EDGE('',*,*,#4892,.T.);
#6560=ORIENTED_EDGE('',*,*,#4894,.F.);
#6561=ORIENTED_EDGE('',*,*,#4895,.F.);
#6562=ORIENTED_EDGE('',*,*,#4896,.F.);
#6563=ORIENTED_EDGE('',*,*,#4895,.T.);
#6564=ORIENTED_EDGE('',*,*,#4897,.F.);
#6565=ORIENTED_EDGE('',*,*,#4898,.F.);
#6566=ORIENTED_EDGE('',*,*,#4899,.F.);
#6567=ORIENTED_EDGE('',*,*,#4898,.T.);
#6568=ORIENTED_EDGE('',*,*,#4900,.F.);
#6569=ORIENTED_EDGE('',*,*,#4901,.F.);
#6570=ORIENTED_EDGE('',*,*,#4902,.F.);
#6571=ORIENTED_EDGE('',*,*,#4901,.T.);
#6572=ORIENTED_EDGE('',*,*,#4903,.F.);
#6573=ORIENTED_EDGE('',*,*,#4904,.F.);
#6574=ORIENTED_EDGE('',*,*,#4905,.F.);
#6575=ORIENTED_EDGE('',*,*,#4904,.T.);
#6576=ORIENTED_EDGE('',*,*,#4906,.F.);
#6577=ORIENTED_EDGE('',*,*,#4875,.F.);
#6578=ORIENTED_EDGE('',*,*,#4906,.T.);
#6579=ORIENTED_EDGE('',*,*,#4903,.T.);
#6580=ORIENTED_EDGE('',*,*,#4900,.T.);
#6581=ORIENTED_EDGE('',*,*,#4897,.T.);
#6582=ORIENTED_EDGE('',*,*,#4894,.T.);
#6583=ORIENTED_EDGE('',*,*,#4891,.T.);
#6584=ORIENTED_EDGE('',*,*,#4888,.T.);
#6585=ORIENTED_EDGE('',*,*,#4885,.T.);
#6586=ORIENTED_EDGE('',*,*,#4882,.T.);
#6587=ORIENTED_EDGE('',*,*,#4879,.T.);
#6588=ORIENTED_EDGE('',*,*,#4876,.T.);
#6589=ORIENTED_EDGE('',*,*,#4907,.T.);
#6590=ORIENTED_EDGE('',*,*,#4908,.T.);
#6591=ORIENTED_EDGE('',*,*,#4909,.T.);
#6592=ORIENTED_EDGE('',*,*,#4910,.T.);
#6593=ORIENTED_EDGE('',*,*,#4908,.F.);
#6594=ORIENTED_EDGE('',*,*,#4911,.T.);
#6595=ORIENTED_EDGE('',*,*,#4912,.T.);
#6596=ORIENTED_EDGE('',*,*,#4913,.F.);
#6597=ORIENTED_EDGE('',*,*,#4914,.T.);
#6598=ORIENTED_EDGE('',*,*,#4915,.T.);
#6599=ORIENTED_EDGE('',*,*,#4916,.T.);
#6600=ORIENTED_EDGE('',*,*,#4917,.T.);
#6601=ORIENTED_EDGE('',*,*,#4918,.T.);
#6602=ORIENTED_EDGE('',*,*,#4913,.T.);
#6603=ORIENTED_EDGE('',*,*,#4917,.F.);
#6604=ORIENTED_EDGE('',*,*,#4919,.T.);
#6605=ORIENTED_EDGE('',*,*,#4920,.F.);
#6606=ORIENTED_EDGE('',*,*,#4921,.F.);
#6607=ORIENTED_EDGE('',*,*,#4922,.T.);
#6608=ORIENTED_EDGE('',*,*,#4923,.T.);
#6609=ORIENTED_EDGE('',*,*,#4924,.T.);
#6610=ORIENTED_EDGE('',*,*,#4925,.T.);
#6611=ORIENTED_EDGE('',*,*,#4923,.F.);
#6612=ORIENTED_EDGE('',*,*,#4926,.T.);
#6613=ORIENTED_EDGE('',*,*,#4927,.F.);
#6614=ORIENTED_EDGE('',*,*,#4928,.T.);
#6615=ORIENTED_EDGE('',*,*,#4929,.T.);
#6616=ORIENTED_EDGE('',*,*,#4930,.T.);
#6617=ORIENTED_EDGE('',*,*,#4931,.T.);
#6618=ORIENTED_EDGE('',*,*,#4927,.T.);
#6619=ORIENTED_EDGE('',*,*,#4930,.F.);
#6620=ORIENTED_EDGE('',*,*,#4932,.T.);
#6621=ORIENTED_EDGE('',*,*,#4933,.F.);
#6622=ORIENTED_EDGE('',*,*,#4934,.F.);
#6623=ORIENTED_EDGE('',*,*,#4935,.T.);
#6624=ORIENTED_EDGE('',*,*,#4936,.T.);
#6625=ORIENTED_EDGE('',*,*,#4937,.T.);
#6626=ORIENTED_EDGE('',*,*,#4938,.T.);
#6627=ORIENTED_EDGE('',*,*,#4936,.F.);
#6628=ORIENTED_EDGE('',*,*,#4939,.T.);
#6629=ORIENTED_EDGE('',*,*,#4940,.T.);
#6630=ORIENTED_EDGE('',*,*,#4941,.F.);
#6631=ORIENTED_EDGE('',*,*,#4942,.T.);
#6632=ORIENTED_EDGE('',*,*,#4943,.T.);
#6633=ORIENTED_EDGE('',*,*,#4935,.F.);
#6634=ORIENTED_EDGE('',*,*,#4944,.F.);
#6635=ORIENTED_EDGE('',*,*,#4924,.F.);
#6636=ORIENTED_EDGE('',*,*,#4928,.F.);
#6637=ORIENTED_EDGE('',*,*,#4931,.F.);
#6638=ORIENTED_EDGE('',*,*,#4934,.T.);
#6639=ORIENTED_EDGE('',*,*,#4945,.F.);
#6640=ORIENTED_EDGE('',*,*,#4940,.F.);
#6641=ORIENTED_EDGE('',*,*,#4946,.T.);
#6642=ORIENTED_EDGE('',*,*,#4947,.F.);
#6643=ORIENTED_EDGE('',*,*,#4946,.F.);
#6644=ORIENTED_EDGE('',*,*,#4939,.F.);
#6645=ORIENTED_EDGE('',*,*,#4948,.T.);
#6646=ORIENTED_EDGE('',*,*,#4920,.T.);
#6647=ORIENTED_EDGE('',*,*,#4949,.T.);
#6648=ORIENTED_EDGE('',*,*,#4950,.T.);
#6649=ORIENTED_EDGE('',*,*,#4950,.F.);
#6650=ORIENTED_EDGE('',*,*,#4951,.T.);
#6651=ORIENTED_EDGE('',*,*,#4952,.F.);
#6652=ORIENTED_EDGE('',*,*,#4953,.T.);
#6653=ORIENTED_EDGE('',*,*,#4949,.F.);
#6654=ORIENTED_EDGE('',*,*,#4919,.F.);
#6655=ORIENTED_EDGE('',*,*,#4916,.F.);
#6656=ORIENTED_EDGE('',*,*,#4912,.F.);
#6657=ORIENTED_EDGE('',*,*,#4954,.T.);
#6658=ORIENTED_EDGE('',*,*,#4955,.F.);
#6659=ORIENTED_EDGE('',*,*,#4954,.F.);
#6660=ORIENTED_EDGE('',*,*,#4911,.F.);
#6661=ORIENTED_EDGE('',*,*,#4907,.F.);
#6662=ORIENTED_EDGE('',*,*,#4956,.T.);
#6663=ORIENTED_EDGE('',*,*,#4957,.F.);
#6664=ORIENTED_EDGE('',*,*,#4951,.F.);
#6665=ORIENTED_EDGE('',*,*,#4958,.T.);
#6666=ORIENTED_EDGE('',*,*,#4952,.T.);
#6667=ORIENTED_EDGE('',*,*,#4957,.T.);
#6668=ORIENTED_EDGE('',*,*,#4959,.T.);
#6669=ORIENTED_EDGE('',*,*,#4945,.T.);
#6670=ORIENTED_EDGE('',*,*,#4933,.T.);
#6671=ORIENTED_EDGE('',*,*,#4960,.T.);
#6672=ORIENTED_EDGE('',*,*,#4941,.T.);
#6673=ORIENTED_EDGE('',*,*,#4925,.F.);
#6674=ORIENTED_EDGE('',*,*,#4944,.T.);
#6675=ORIENTED_EDGE('',*,*,#4938,.F.);
#6676=ORIENTED_EDGE('',*,*,#4961,.F.);
#6677=ORIENTED_EDGE('',*,*,#4910,.F.);
#6678=ORIENTED_EDGE('',*,*,#4962,.T.);
#6679=ORIENTED_EDGE('',*,*,#4959,.F.);
#6680=ORIENTED_EDGE('',*,*,#4956,.F.);
#6681=ORIENTED_EDGE('',*,*,#4937,.F.);
#6682=ORIENTED_EDGE('',*,*,#4943,.F.);
#6683=ORIENTED_EDGE('',*,*,#4963,.T.);
#6684=ORIENTED_EDGE('',*,*,#4964,.F.);
#6685=ORIENTED_EDGE('',*,*,#4963,.F.);
#6686=ORIENTED_EDGE('',*,*,#4942,.F.);
#6687=ORIENTED_EDGE('',*,*,#4960,.F.);
#6688=ORIENTED_EDGE('',*,*,#4932,.F.);
#6689=ORIENTED_EDGE('',*,*,#4929,.F.);
#6690=ORIENTED_EDGE('',*,*,#4926,.F.);
#6691=ORIENTED_EDGE('',*,*,#4922,.F.);
#6692=ORIENTED_EDGE('',*,*,#4961,.T.);
#6693=ORIENTED_EDGE('',*,*,#4965,.F.);
#6694=ORIENTED_EDGE('',*,*,#4966,.F.);
#6695=ORIENTED_EDGE('',*,*,#4967,.F.);
#6696=ORIENTED_EDGE('',*,*,#4968,.F.);
#6697=ORIENTED_EDGE('',*,*,#4969,.F.);
#6698=ORIENTED_EDGE('',*,*,#4970,.F.);
#6699=ORIENTED_EDGE('',*,*,#4971,.T.);
#6700=ORIENTED_EDGE('',*,*,#4947,.T.);
#6701=ORIENTED_EDGE('',*,*,#4948,.F.);
#6702=ORIENTED_EDGE('',*,*,#4953,.F.);
#6703=ORIENTED_EDGE('',*,*,#4958,.F.);
#6704=ORIENTED_EDGE('',*,*,#4962,.F.);
#6705=ORIENTED_EDGE('',*,*,#4909,.F.);
#6706=ORIENTED_EDGE('',*,*,#4915,.F.);
#6707=ORIENTED_EDGE('',*,*,#4972,.T.);
#6708=ORIENTED_EDGE('',*,*,#4971,.F.);
#6709=ORIENTED_EDGE('',*,*,#4972,.F.);
#6710=ORIENTED_EDGE('',*,*,#4914,.F.);
#6711=ORIENTED_EDGE('',*,*,#4918,.F.);
#6712=ORIENTED_EDGE('',*,*,#4921,.T.);
#6713=ORIENTED_EDGE('',*,*,#4964,.T.);
#6714=ORIENTED_EDGE('',*,*,#4973,.T.);
#6715=ORIENTED_EDGE('',*,*,#4974,.T.);
#6716=ORIENTED_EDGE('',*,*,#4975,.T.);
#6717=ORIENTED_EDGE('',*,*,#4976,.T.);
#6718=ORIENTED_EDGE('',*,*,#4977,.T.);
#6719=ORIENTED_EDGE('',*,*,#4978,.T.);
#6720=ORIENTED_EDGE('',*,*,#4979,.T.);
#6721=ORIENTED_EDGE('',*,*,#4980,.T.);
#6722=ORIENTED_EDGE('',*,*,#4973,.F.);
#6723=ORIENTED_EDGE('',*,*,#4981,.F.);
#6724=ORIENTED_EDGE('',*,*,#4982,.F.);
#6725=ORIENTED_EDGE('',*,*,#4983,.T.);
#6726=ORIENTED_EDGE('',*,*,#4980,.F.);
#6727=ORIENTED_EDGE('',*,*,#4984,.F.);
#6728=ORIENTED_EDGE('',*,*,#4985,.F.);
#6729=ORIENTED_EDGE('',*,*,#4981,.T.);
#6730=ORIENTED_EDGE('',*,*,#4979,.F.);
#6731=ORIENTED_EDGE('',*,*,#4986,.F.);
#6732=ORIENTED_EDGE('',*,*,#4987,.F.);
#6733=ORIENTED_EDGE('',*,*,#4984,.T.);
#6734=ORIENTED_EDGE('',*,*,#4988,.T.);
#6735=ORIENTED_EDGE('',*,*,#4989,.T.);
#6736=ORIENTED_EDGE('',*,*,#4990,.T.);
#6737=ORIENTED_EDGE('',*,*,#4991,.T.);
#6738=ORIENTED_EDGE('',*,*,#4992,.T.);
#6739=ORIENTED_EDGE('',*,*,#4993,.T.);
#6740=ORIENTED_EDGE('',*,*,#4994,.T.);
#6741=ORIENTED_EDGE('',*,*,#4995,.T.);
#6742=ORIENTED_EDGE('',*,*,#4993,.F.);
#6743=ORIENTED_EDGE('',*,*,#4996,.F.);
#6744=ORIENTED_EDGE('',*,*,#4997,.F.);
#6745=ORIENTED_EDGE('',*,*,#4998,.T.);
#6746=ORIENTED_EDGE('',*,*,#4992,.F.);
#6747=ORIENTED_EDGE('',*,*,#4999,.F.);
#6748=ORIENTED_EDGE('',*,*,#5000,.F.);
#6749=ORIENTED_EDGE('',*,*,#4996,.T.);
#6750=ORIENTED_EDGE('',*,*,#4991,.F.);
#6751=ORIENTED_EDGE('',*,*,#5001,.F.);
#6752=ORIENTED_EDGE('',*,*,#5002,.F.);
#6753=ORIENTED_EDGE('',*,*,#4999,.T.);
#6754=ORIENTED_EDGE('',*,*,#4990,.F.);
#6755=ORIENTED_EDGE('',*,*,#5003,.F.);
#6756=ORIENTED_EDGE('',*,*,#5004,.F.);
#6757=ORIENTED_EDGE('',*,*,#5001,.T.);
#6758=ORIENTED_EDGE('',*,*,#5005,.T.);
#6759=ORIENTED_EDGE('',*,*,#5006,.T.);
#6760=ORIENTED_EDGE('',*,*,#5007,.T.);
#6761=ORIENTED_EDGE('',*,*,#5008,.T.);
#6762=ORIENTED_EDGE('',*,*,#5009,.T.);
#6763=ORIENTED_EDGE('',*,*,#5010,.T.);
#6764=ORIENTED_EDGE('',*,*,#5011,.T.);
#6765=ORIENTED_EDGE('',*,*,#5012,.T.);
#6766=ORIENTED_EDGE('',*,*,#5005,.F.);
#6767=ORIENTED_EDGE('',*,*,#5013,.F.);
#6768=ORIENTED_EDGE('',*,*,#5014,.F.);
#6769=ORIENTED_EDGE('',*,*,#5015,.T.);
#6770=ORIENTED_EDGE('',*,*,#5012,.F.);
#6771=ORIENTED_EDGE('',*,*,#5016,.F.);
#6772=ORIENTED_EDGE('',*,*,#5017,.F.);
#6773=ORIENTED_EDGE('',*,*,#5013,.T.);
#6774=ORIENTED_EDGE('',*,*,#5011,.F.);
#6775=ORIENTED_EDGE('',*,*,#5018,.F.);
#6776=ORIENTED_EDGE('',*,*,#5019,.F.);
#6777=ORIENTED_EDGE('',*,*,#5016,.T.);
#6778=ORIENTED_EDGE('',*,*,#5020,.T.);
#6779=ORIENTED_EDGE('',*,*,#5021,.T.);
#6780=ORIENTED_EDGE('',*,*,#5022,.T.);
#6781=ORIENTED_EDGE('',*,*,#5023,.T.);
#6782=ORIENTED_EDGE('',*,*,#5024,.T.);
#6783=ORIENTED_EDGE('',*,*,#5025,.T.);
#6784=ORIENTED_EDGE('',*,*,#5026,.T.);
#6785=ORIENTED_EDGE('',*,*,#5027,.T.);
#6786=ORIENTED_EDGE('',*,*,#5020,.F.);
#6787=ORIENTED_EDGE('',*,*,#5028,.F.);
#6788=ORIENTED_EDGE('',*,*,#5029,.F.);
#6789=ORIENTED_EDGE('',*,*,#5030,.T.);
#6790=ORIENTED_EDGE('',*,*,#5027,.F.);
#6791=ORIENTED_EDGE('',*,*,#5031,.F.);
#6792=ORIENTED_EDGE('',*,*,#5032,.F.);
#6793=ORIENTED_EDGE('',*,*,#5028,.T.);
#6794=ORIENTED_EDGE('',*,*,#5026,.F.);
#6795=ORIENTED_EDGE('',*,*,#5033,.F.);
#6796=ORIENTED_EDGE('',*,*,#5034,.F.);
#6797=ORIENTED_EDGE('',*,*,#5031,.T.);
#6798=ORIENTED_EDGE('',*,*,#5035,.T.);
#6799=ORIENTED_EDGE('',*,*,#5036,.T.);
#6800=ORIENTED_EDGE('',*,*,#5037,.T.);
#6801=ORIENTED_EDGE('',*,*,#5038,.T.);
#6802=ORIENTED_EDGE('',*,*,#5039,.T.);
#6803=ORIENTED_EDGE('',*,*,#5040,.T.);
#6804=ORIENTED_EDGE('',*,*,#5041,.T.);
#6805=ORIENTED_EDGE('',*,*,#5042,.T.);
#6806=ORIENTED_EDGE('',*,*,#5038,.F.);
#6807=ORIENTED_EDGE('',*,*,#5043,.F.);
#6808=ORIENTED_EDGE('',*,*,#5044,.F.);
#6809=ORIENTED_EDGE('',*,*,#5045,.T.);
#6810=ORIENTED_EDGE('',*,*,#5037,.F.);
#6811=ORIENTED_EDGE('',*,*,#5046,.F.);
#6812=ORIENTED_EDGE('',*,*,#5047,.F.);
#6813=ORIENTED_EDGE('',*,*,#5043,.T.);
#6814=ORIENTED_EDGE('',*,*,#5035,.F.);
#6815=ORIENTED_EDGE('',*,*,#5048,.F.);
#6816=ORIENTED_EDGE('',*,*,#5049,.F.);
#6817=ORIENTED_EDGE('',*,*,#5050,.T.);
#6818=ORIENTED_EDGE('',*,*,#5051,.T.);
#6819=ORIENTED_EDGE('',*,*,#5052,.T.);
#6820=ORIENTED_EDGE('',*,*,#5053,.T.);
#6821=ORIENTED_EDGE('',*,*,#5054,.T.);
#6822=ORIENTED_EDGE('',*,*,#5055,.T.);
#6823=ORIENTED_EDGE('',*,*,#5056,.T.);
#6824=ORIENTED_EDGE('',*,*,#5057,.T.);
#6825=ORIENTED_EDGE('',*,*,#5058,.T.);
#6826=ORIENTED_EDGE('',*,*,#5054,.F.);
#6827=ORIENTED_EDGE('',*,*,#5059,.F.);
#6828=ORIENTED_EDGE('',*,*,#5060,.F.);
#6829=ORIENTED_EDGE('',*,*,#5061,.T.);
#6830=ORIENTED_EDGE('',*,*,#5053,.F.);
#6831=ORIENTED_EDGE('',*,*,#5062,.F.);
#6832=ORIENTED_EDGE('',*,*,#5063,.F.);
#6833=ORIENTED_EDGE('',*,*,#5059,.T.);
#6834=ORIENTED_EDGE('',*,*,#5051,.F.);
#6835=ORIENTED_EDGE('',*,*,#5064,.F.);
#6836=ORIENTED_EDGE('',*,*,#5065,.F.);
#6837=ORIENTED_EDGE('',*,*,#5066,.T.);
#6838=ORIENTED_EDGE('',*,*,#5067,.T.);
#6839=ORIENTED_EDGE('',*,*,#5068,.T.);
#6840=ORIENTED_EDGE('',*,*,#5069,.T.);
#6841=ORIENTED_EDGE('',*,*,#5070,.T.);
#6842=ORIENTED_EDGE('',*,*,#5071,.T.);
#6843=ORIENTED_EDGE('',*,*,#5072,.T.);
#6844=ORIENTED_EDGE('',*,*,#5073,.T.);
#6845=ORIENTED_EDGE('',*,*,#5074,.T.);
#6846=ORIENTED_EDGE('',*,*,#5070,.F.);
#6847=ORIENTED_EDGE('',*,*,#5075,.F.);
#6848=ORIENTED_EDGE('',*,*,#5076,.F.);
#6849=ORIENTED_EDGE('',*,*,#5077,.T.);
#6850=ORIENTED_EDGE('',*,*,#5069,.F.);
#6851=ORIENTED_EDGE('',*,*,#5078,.F.);
#6852=ORIENTED_EDGE('',*,*,#5079,.F.);
#6853=ORIENTED_EDGE('',*,*,#5075,.T.);
#6854=ORIENTED_EDGE('',*,*,#5067,.F.);
#6855=ORIENTED_EDGE('',*,*,#5080,.F.);
#6856=ORIENTED_EDGE('',*,*,#5081,.F.);
#6857=ORIENTED_EDGE('',*,*,#5082,.T.);
#6858=ORIENTED_EDGE('',*,*,#5083,.T.);
#6859=ORIENTED_EDGE('',*,*,#5084,.T.);
#6860=ORIENTED_EDGE('',*,*,#5085,.T.);
#6861=ORIENTED_EDGE('',*,*,#5086,.T.);
#6862=ORIENTED_EDGE('',*,*,#5087,.T.);
#6863=ORIENTED_EDGE('',*,*,#5088,.T.);
#6864=ORIENTED_EDGE('',*,*,#5089,.T.);
#6865=ORIENTED_EDGE('',*,*,#5090,.T.);
#6866=ORIENTED_EDGE('',*,*,#5088,.F.);
#6867=ORIENTED_EDGE('',*,*,#5091,.F.);
#6868=ORIENTED_EDGE('',*,*,#5092,.F.);
#6869=ORIENTED_EDGE('',*,*,#5093,.T.);
#6870=ORIENTED_EDGE('',*,*,#5087,.F.);
#6871=ORIENTED_EDGE('',*,*,#5094,.F.);
#6872=ORIENTED_EDGE('',*,*,#5095,.F.);
#6873=ORIENTED_EDGE('',*,*,#5091,.T.);
#6874=ORIENTED_EDGE('',*,*,#5086,.F.);
#6875=ORIENTED_EDGE('',*,*,#5096,.F.);
#6876=ORIENTED_EDGE('',*,*,#5097,.F.);
#6877=ORIENTED_EDGE('',*,*,#5094,.T.);
#6878=ORIENTED_EDGE('',*,*,#5085,.F.);
#6879=ORIENTED_EDGE('',*,*,#5098,.F.);
#6880=ORIENTED_EDGE('',*,*,#5099,.F.);
#6881=ORIENTED_EDGE('',*,*,#5096,.T.);
#6882=ORIENTED_EDGE('',*,*,#5100,.T.);
#6883=ORIENTED_EDGE('',*,*,#5101,.T.);
#6884=ORIENTED_EDGE('',*,*,#5102,.T.);
#6885=ORIENTED_EDGE('',*,*,#5103,.T.);
#6886=ORIENTED_EDGE('',*,*,#5101,.F.);
#6887=ORIENTED_EDGE('',*,*,#5103,.F.);
#6888=ORIENTED_EDGE('',*,*,#5104,.T.);
#6889=ORIENTED_EDGE('',*,*,#5105,.F.);
#6890=ORIENTED_EDGE('',*,*,#5104,.F.);
#6891=ORIENTED_EDGE('',*,*,#5102,.F.);
#6892=ORIENTED_EDGE('',*,*,#5100,.F.);
#6893=ORIENTED_EDGE('',*,*,#5079,.T.);
#6894=ORIENTED_EDGE('',*,*,#5106,.T.);
#6895=ORIENTED_EDGE('',*,*,#5081,.T.);
#6896=ORIENTED_EDGE('',*,*,#5107,.T.);
#6897=ORIENTED_EDGE('',*,*,#5108,.T.);
#6898=ORIENTED_EDGE('',*,*,#5109,.T.);
#6899=ORIENTED_EDGE('',*,*,#5110,.T.);
#6900=ORIENTED_EDGE('',*,*,#5076,.T.);
#6901=ORIENTED_EDGE('',*,*,#5063,.T.);
#6902=ORIENTED_EDGE('',*,*,#5111,.T.);
#6903=ORIENTED_EDGE('',*,*,#5065,.T.);
#6904=ORIENTED_EDGE('',*,*,#5112,.T.);
#6905=ORIENTED_EDGE('',*,*,#5113,.T.);
#6906=ORIENTED_EDGE('',*,*,#5114,.T.);
#6907=ORIENTED_EDGE('',*,*,#5115,.T.);
#6908=ORIENTED_EDGE('',*,*,#5060,.T.);
#6909=ORIENTED_EDGE('',*,*,#5047,.T.);
#6910=ORIENTED_EDGE('',*,*,#5116,.T.);
#6911=ORIENTED_EDGE('',*,*,#5049,.T.);
#6912=ORIENTED_EDGE('',*,*,#5117,.T.);
#6913=ORIENTED_EDGE('',*,*,#5118,.T.);
#6914=ORIENTED_EDGE('',*,*,#5119,.T.);
#6915=ORIENTED_EDGE('',*,*,#5120,.T.);
#6916=ORIENTED_EDGE('',*,*,#5044,.T.);
#6917=ORIENTED_EDGE('',*,*,#5095,.T.);
#6918=ORIENTED_EDGE('',*,*,#5097,.T.);
#6919=ORIENTED_EDGE('',*,*,#5099,.T.);
#6920=ORIENTED_EDGE('',*,*,#5121,.T.);
#6921=ORIENTED_EDGE('',*,*,#5122,.T.);
#6922=ORIENTED_EDGE('',*,*,#5123,.T.);
#6923=ORIENTED_EDGE('',*,*,#5124,.T.);
#6924=ORIENTED_EDGE('',*,*,#5092,.T.);
#6925=ORIENTED_EDGE('',*,*,#5125,.T.);
#6926=ORIENTED_EDGE('',*,*,#5126,.T.);
#6927=ORIENTED_EDGE('',*,*,#5127,.T.);
#6928=ORIENTED_EDGE('',*,*,#5128,.T.);
#6929=ORIENTED_EDGE('',*,*,#5126,.F.);
#6930=ORIENTED_EDGE('',*,*,#5128,.F.);
#6931=ORIENTED_EDGE('',*,*,#5129,.T.);
#6932=ORIENTED_EDGE('',*,*,#5130,.F.);
#6933=ORIENTED_EDGE('',*,*,#5129,.F.);
#6934=ORIENTED_EDGE('',*,*,#5127,.F.);
#6935=ORIENTED_EDGE('',*,*,#5125,.F.);
#6936=ORIENTED_EDGE('',*,*,#5029,.T.);
#6937=ORIENTED_EDGE('',*,*,#5032,.T.);
#6938=ORIENTED_EDGE('',*,*,#5034,.T.);
#6939=ORIENTED_EDGE('',*,*,#5131,.T.);
#6940=ORIENTED_EDGE('',*,*,#5132,.T.);
#6941=ORIENTED_EDGE('',*,*,#5133,.T.);
#6942=ORIENTED_EDGE('',*,*,#5134,.T.);
#6943=ORIENTED_EDGE('',*,*,#5135,.T.);
#6944=ORIENTED_EDGE('',*,*,#5014,.T.);
#6945=ORIENTED_EDGE('',*,*,#5017,.T.);
#6946=ORIENTED_EDGE('',*,*,#5019,.T.);
#6947=ORIENTED_EDGE('',*,*,#5136,.T.);
#6948=ORIENTED_EDGE('',*,*,#5137,.T.);
#6949=ORIENTED_EDGE('',*,*,#5138,.T.);
#6950=ORIENTED_EDGE('',*,*,#5139,.T.);
#6951=ORIENTED_EDGE('',*,*,#5140,.T.);
#6952=ORIENTED_EDGE('',*,*,#4982,.T.);
#6953=ORIENTED_EDGE('',*,*,#4985,.T.);
#6954=ORIENTED_EDGE('',*,*,#4987,.T.);
#6955=ORIENTED_EDGE('',*,*,#5141,.T.);
#6956=ORIENTED_EDGE('',*,*,#5142,.T.);
#6957=ORIENTED_EDGE('',*,*,#5143,.T.);
#6958=ORIENTED_EDGE('',*,*,#5144,.T.);
#6959=ORIENTED_EDGE('',*,*,#5145,.T.);
#6960=ORIENTED_EDGE('',*,*,#5000,.T.);
#6961=ORIENTED_EDGE('',*,*,#5002,.T.);
#6962=ORIENTED_EDGE('',*,*,#5004,.T.);
#6963=ORIENTED_EDGE('',*,*,#5146,.T.);
#6964=ORIENTED_EDGE('',*,*,#5147,.T.);
#6965=ORIENTED_EDGE('',*,*,#5148,.T.);
#6966=ORIENTED_EDGE('',*,*,#5149,.T.);
#6967=ORIENTED_EDGE('',*,*,#4997,.T.);
#6968=ORIENTED_EDGE('',*,*,#5146,.F.);
#6969=ORIENTED_EDGE('',*,*,#5003,.T.);
#6970=ORIENTED_EDGE('',*,*,#4989,.F.);
#6971=ORIENTED_EDGE('',*,*,#5150,.F.);
#6972=ORIENTED_EDGE('',*,*,#4988,.F.);
#6973=ORIENTED_EDGE('',*,*,#5151,.F.);
#6974=ORIENTED_EDGE('',*,*,#5147,.F.);
#6975=ORIENTED_EDGE('',*,*,#5150,.T.);
#6976=ORIENTED_EDGE('',*,*,#4995,.F.);
#6977=ORIENTED_EDGE('',*,*,#5152,.F.);
#6978=ORIENTED_EDGE('',*,*,#5148,.F.);
#6979=ORIENTED_EDGE('',*,*,#5151,.T.);
#6980=ORIENTED_EDGE('',*,*,#4994,.F.);
#6981=ORIENTED_EDGE('',*,*,#4998,.F.);
#6982=ORIENTED_EDGE('',*,*,#5149,.F.);
#6983=ORIENTED_EDGE('',*,*,#5152,.T.);
#6984=ORIENTED_EDGE('',*,*,#5135,.F.);
#6985=ORIENTED_EDGE('',*,*,#5153,.T.);
#6986=ORIENTED_EDGE('',*,*,#5021,.F.);
#6987=ORIENTED_EDGE('',*,*,#5030,.F.);
#6988=ORIENTED_EDGE('',*,*,#5025,.F.);
#6989=ORIENTED_EDGE('',*,*,#5154,.F.);
#6990=ORIENTED_EDGE('',*,*,#5131,.F.);
#6991=ORIENTED_EDGE('',*,*,#5033,.T.);
#6992=ORIENTED_EDGE('',*,*,#5024,.F.);
#6993=ORIENTED_EDGE('',*,*,#5155,.F.);
#6994=ORIENTED_EDGE('',*,*,#5132,.F.);
#6995=ORIENTED_EDGE('',*,*,#5154,.T.);
#6996=ORIENTED_EDGE('',*,*,#5023,.F.);
#6997=ORIENTED_EDGE('',*,*,#5156,.F.);
#6998=ORIENTED_EDGE('',*,*,#5133,.F.);
#6999=ORIENTED_EDGE('',*,*,#5155,.T.);
#7000=ORIENTED_EDGE('',*,*,#5022,.F.);
#7001=ORIENTED_EDGE('',*,*,#5153,.F.);
#7002=ORIENTED_EDGE('',*,*,#5134,.F.);
#7003=ORIENTED_EDGE('',*,*,#5156,.T.);
#7004=ORIENTED_EDGE('',*,*,#5106,.F.);
#7005=ORIENTED_EDGE('',*,*,#5078,.T.);
#7006=ORIENTED_EDGE('',*,*,#5068,.F.);
#7007=ORIENTED_EDGE('',*,*,#5082,.F.);
#7008=ORIENTED_EDGE('',*,*,#5074,.F.);
#7009=ORIENTED_EDGE('',*,*,#5157,.F.);
#7010=ORIENTED_EDGE('',*,*,#5107,.F.);
#7011=ORIENTED_EDGE('',*,*,#5080,.T.);
#7012=ORIENTED_EDGE('',*,*,#5073,.F.);
#7013=ORIENTED_EDGE('',*,*,#5158,.F.);
#7014=ORIENTED_EDGE('',*,*,#5108,.F.);
#7015=ORIENTED_EDGE('',*,*,#5157,.T.);
#7016=ORIENTED_EDGE('',*,*,#5072,.F.);
#7017=ORIENTED_EDGE('',*,*,#5159,.F.);
#7018=ORIENTED_EDGE('',*,*,#5109,.F.);
#7019=ORIENTED_EDGE('',*,*,#5158,.T.);
#7020=ORIENTED_EDGE('',*,*,#5071,.F.);
#7021=ORIENTED_EDGE('',*,*,#5077,.F.);
#7022=ORIENTED_EDGE('',*,*,#5110,.F.);
#7023=ORIENTED_EDGE('',*,*,#5159,.T.);
#7024=ORIENTED_EDGE('',*,*,#5116,.F.);
#7025=ORIENTED_EDGE('',*,*,#5046,.T.);
#7026=ORIENTED_EDGE('',*,*,#5036,.F.);
#7027=ORIENTED_EDGE('',*,*,#5050,.F.);
#7028=ORIENTED_EDGE('',*,*,#5042,.F.);
#7029=ORIENTED_EDGE('',*,*,#5160,.F.);
#7030=ORIENTED_EDGE('',*,*,#5117,.F.);
#7031=ORIENTED_EDGE('',*,*,#5048,.T.);
#7032=ORIENTED_EDGE('',*,*,#5041,.F.);
#7033=ORIENTED_EDGE('',*,*,#5161,.F.);
#7034=ORIENTED_EDGE('',*,*,#5118,.F.);
#7035=ORIENTED_EDGE('',*,*,#5160,.T.);
#7036=ORIENTED_EDGE('',*,*,#5040,.F.);
#7037=ORIENTED_EDGE('',*,*,#5162,.F.);
#7038=ORIENTED_EDGE('',*,*,#5119,.F.);
#7039=ORIENTED_EDGE('',*,*,#5161,.T.);
#7040=ORIENTED_EDGE('',*,*,#5039,.F.);
#7041=ORIENTED_EDGE('',*,*,#5045,.F.);
#7042=ORIENTED_EDGE('',*,*,#5120,.F.);
#7043=ORIENTED_EDGE('',*,*,#5162,.T.);
#7044=ORIENTED_EDGE('',*,*,#5121,.F.);
#7045=ORIENTED_EDGE('',*,*,#5098,.T.);
#7046=ORIENTED_EDGE('',*,*,#5084,.F.);
#7047=ORIENTED_EDGE('',*,*,#5163,.F.);
#7048=ORIENTED_EDGE('',*,*,#5083,.F.);
#7049=ORIENTED_EDGE('',*,*,#5164,.F.);
#7050=ORIENTED_EDGE('',*,*,#5122,.F.);
#7051=ORIENTED_EDGE('',*,*,#5163,.T.);
#7052=ORIENTED_EDGE('',*,*,#5090,.F.);
#7053=ORIENTED_EDGE('',*,*,#5165,.F.);
#7054=ORIENTED_EDGE('',*,*,#5123,.F.);
#7055=ORIENTED_EDGE('',*,*,#5164,.T.);
#7056=ORIENTED_EDGE('',*,*,#5089,.F.);
#7057=ORIENTED_EDGE('',*,*,#5093,.F.);
#7058=ORIENTED_EDGE('',*,*,#5124,.F.);
#7059=ORIENTED_EDGE('',*,*,#5165,.T.);
#7060=ORIENTED_EDGE('',*,*,#5111,.F.);
#7061=ORIENTED_EDGE('',*,*,#5062,.T.);
#7062=ORIENTED_EDGE('',*,*,#5052,.F.);
#7063=ORIENTED_EDGE('',*,*,#5066,.F.);
#7064=ORIENTED_EDGE('',*,*,#5058,.F.);
#7065=ORIENTED_EDGE('',*,*,#5166,.F.);
#7066=ORIENTED_EDGE('',*,*,#5112,.F.);
#7067=ORIENTED_EDGE('',*,*,#5064,.T.);
#7068=ORIENTED_EDGE('',*,*,#5057,.F.);
#7069=ORIENTED_EDGE('',*,*,#5167,.F.);
#7070=ORIENTED_EDGE('',*,*,#5113,.F.);
#7071=ORIENTED_EDGE('',*,*,#5166,.T.);
#7072=ORIENTED_EDGE('',*,*,#5056,.F.);
#7073=ORIENTED_EDGE('',*,*,#5168,.F.);
#7074=ORIENTED_EDGE('',*,*,#5114,.F.);
#7075=ORIENTED_EDGE('',*,*,#5167,.T.);
#7076=ORIENTED_EDGE('',*,*,#5055,.F.);
#7077=ORIENTED_EDGE('',*,*,#5061,.F.);
#7078=ORIENTED_EDGE('',*,*,#5115,.F.);
#7079=ORIENTED_EDGE('',*,*,#5168,.T.);
#7080=ORIENTED_EDGE('',*,*,#5140,.F.);
#7081=ORIENTED_EDGE('',*,*,#5169,.T.);
#7082=ORIENTED_EDGE('',*,*,#5006,.F.);
#7083=ORIENTED_EDGE('',*,*,#5015,.F.);
#7084=ORIENTED_EDGE('',*,*,#5010,.F.);
#7085=ORIENTED_EDGE('',*,*,#5170,.F.);
#7086=ORIENTED_EDGE('',*,*,#5136,.F.);
#7087=ORIENTED_EDGE('',*,*,#5018,.T.);
#7088=ORIENTED_EDGE('',*,*,#5009,.F.);
#7089=ORIENTED_EDGE('',*,*,#5171,.F.);
#7090=ORIENTED_EDGE('',*,*,#5137,.F.);
#7091=ORIENTED_EDGE('',*,*,#5170,.T.);
#7092=ORIENTED_EDGE('',*,*,#5008,.F.);
#7093=ORIENTED_EDGE('',*,*,#5172,.F.);
#7094=ORIENTED_EDGE('',*,*,#5138,.F.);
#7095=ORIENTED_EDGE('',*,*,#5171,.T.);
#7096=ORIENTED_EDGE('',*,*,#5007,.F.);
#7097=ORIENTED_EDGE('',*,*,#5169,.F.);
#7098=ORIENTED_EDGE('',*,*,#5139,.F.);
#7099=ORIENTED_EDGE('',*,*,#5172,.T.);
#7100=ORIENTED_EDGE('',*,*,#5145,.F.);
#7101=ORIENTED_EDGE('',*,*,#5173,.T.);
#7102=ORIENTED_EDGE('',*,*,#4974,.F.);
#7103=ORIENTED_EDGE('',*,*,#4983,.F.);
#7104=ORIENTED_EDGE('',*,*,#4978,.F.);
#7105=ORIENTED_EDGE('',*,*,#5174,.F.);
#7106=ORIENTED_EDGE('',*,*,#5141,.F.);
#7107=ORIENTED_EDGE('',*,*,#4986,.T.);
#7108=ORIENTED_EDGE('',*,*,#4977,.F.);
#7109=ORIENTED_EDGE('',*,*,#5175,.F.);
#7110=ORIENTED_EDGE('',*,*,#5142,.F.);
#7111=ORIENTED_EDGE('',*,*,#5174,.T.);
#7112=ORIENTED_EDGE('',*,*,#4976,.F.);
#7113=ORIENTED_EDGE('',*,*,#5176,.F.);
#7114=ORIENTED_EDGE('',*,*,#5143,.F.);
#7115=ORIENTED_EDGE('',*,*,#5175,.T.);
#7116=ORIENTED_EDGE('',*,*,#4975,.F.);
#7117=ORIENTED_EDGE('',*,*,#5173,.F.);
#7118=ORIENTED_EDGE('',*,*,#5144,.F.);
#7119=ORIENTED_EDGE('',*,*,#5176,.T.);
#7120=ORIENTED_EDGE('',*,*,#5177,.F.);
#7121=ORIENTED_EDGE('',*,*,#5178,.F.);
#7122=ORIENTED_EDGE('',*,*,#5179,.F.);
#7123=ORIENTED_EDGE('',*,*,#5180,.F.);
#7124=ORIENTED_EDGE('',*,*,#5181,.F.);
#7125=ORIENTED_EDGE('',*,*,#5182,.F.);
#7126=ORIENTED_EDGE('',*,*,#5183,.F.);
#7127=ORIENTED_EDGE('',*,*,#5184,.F.);
#7128=ORIENTED_EDGE('',*,*,#5185,.F.);
#7129=ORIENTED_EDGE('',*,*,#5186,.F.);
#7130=ORIENTED_EDGE('',*,*,#5187,.F.);
#7131=ORIENTED_EDGE('',*,*,#5188,.F.);
#7132=ORIENTED_EDGE('',*,*,#5105,.T.);
#7133=ORIENTED_EDGE('',*,*,#5130,.T.);
#7134=ORIENTED_EDGE('',*,*,#4955,.T.);
#7135=ORIENTED_EDGE('',*,*,#4968,.T.);
#7136=ORIENTED_EDGE('',*,*,#5189,.T.);
#7137=ORIENTED_EDGE('',*,*,#5190,.F.);
#7138=ORIENTED_EDGE('',*,*,#5191,.F.);
#7139=ORIENTED_EDGE('',*,*,#4967,.T.);
#7140=ORIENTED_EDGE('',*,*,#5192,.T.);
#7141=ORIENTED_EDGE('',*,*,#5193,.F.);
#7142=ORIENTED_EDGE('',*,*,#5189,.F.);
#7143=ORIENTED_EDGE('',*,*,#4966,.T.);
#7144=ORIENTED_EDGE('',*,*,#5194,.T.);
#7145=ORIENTED_EDGE('',*,*,#5195,.F.);
#7146=ORIENTED_EDGE('',*,*,#5192,.F.);
#7147=ORIENTED_EDGE('',*,*,#4965,.T.);
#7148=ORIENTED_EDGE('',*,*,#5196,.T.);
#7149=ORIENTED_EDGE('',*,*,#5197,.F.);
#7150=ORIENTED_EDGE('',*,*,#5194,.F.);
#7151=ORIENTED_EDGE('',*,*,#4969,.T.);
#7152=ORIENTED_EDGE('',*,*,#5191,.T.);
#7153=ORIENTED_EDGE('',*,*,#5198,.F.);
#7154=ORIENTED_EDGE('',*,*,#5199,.F.);
#7155=ORIENTED_EDGE('',*,*,#4970,.T.);
#7156=ORIENTED_EDGE('',*,*,#5199,.T.);
#7157=ORIENTED_EDGE('',*,*,#5200,.F.);
#7158=ORIENTED_EDGE('',*,*,#5196,.F.);
#7159=ORIENTED_EDGE('',*,*,#5201,.F.);
#7160=ORIENTED_EDGE('',*,*,#4424,.T.);
#7161=ORIENTED_EDGE('',*,*,#5202,.F.);
#7162=ORIENTED_EDGE('',*,*,#5203,.F.);
#7163=ORIENTED_EDGE('',*,*,#5204,.F.);
#7164=ORIENTED_EDGE('',*,*,#5203,.T.);
#7165=ORIENTED_EDGE('',*,*,#5205,.F.);
#7166=ORIENTED_EDGE('',*,*,#5206,.F.);
#7167=ORIENTED_EDGE('',*,*,#5207,.F.);
#7168=ORIENTED_EDGE('',*,*,#5206,.T.);
#7169=ORIENTED_EDGE('',*,*,#5208,.F.);
#7170=ORIENTED_EDGE('',*,*,#5209,.F.);
#7171=ORIENTED_EDGE('',*,*,#5210,.F.);
#7172=ORIENTED_EDGE('',*,*,#5211,.T.);
#7173=ORIENTED_EDGE('',*,*,#5212,.F.);
#7174=ORIENTED_EDGE('',*,*,#5213,.F.);
#7175=ORIENTED_EDGE('',*,*,#5214,.F.);
#7176=ORIENTED_EDGE('',*,*,#5213,.T.);
#7177=ORIENTED_EDGE('',*,*,#5215,.F.);
#7178=ORIENTED_EDGE('',*,*,#5216,.F.);
#7179=ORIENTED_EDGE('',*,*,#5217,.F.);
#7180=ORIENTED_EDGE('',*,*,#5216,.T.);
#7181=ORIENTED_EDGE('',*,*,#5218,.F.);
#7182=ORIENTED_EDGE('',*,*,#4422,.F.);
#7183=ORIENTED_EDGE('',*,*,#5218,.T.);
#7184=ORIENTED_EDGE('',*,*,#5215,.T.);
#7185=ORIENTED_EDGE('',*,*,#5212,.T.);
#7186=ORIENTED_EDGE('',*,*,#5219,.T.);
#7187=ORIENTED_EDGE('',*,*,#5208,.T.);
#7188=ORIENTED_EDGE('',*,*,#5205,.T.);
#7189=ORIENTED_EDGE('',*,*,#5202,.T.);
#7190=ORIENTED_EDGE('',*,*,#4423,.T.);
#7191=ORIENTED_EDGE('',*,*,#5200,.T.);
#7192=ORIENTED_EDGE('',*,*,#5198,.T.);
#7193=ORIENTED_EDGE('',*,*,#5190,.T.);
#7194=ORIENTED_EDGE('',*,*,#5193,.T.);
#7195=ORIENTED_EDGE('',*,*,#5195,.T.);
#7196=ORIENTED_EDGE('',*,*,#5197,.T.);
#7197=ORIENTED_EDGE('',*,*,#5210,.T.);
#7198=ORIENTED_EDGE('',*,*,#5214,.T.);
#7199=ORIENTED_EDGE('',*,*,#5217,.T.);
#7200=ORIENTED_EDGE('',*,*,#4421,.T.);
#7201=ORIENTED_EDGE('',*,*,#5220,.T.);
#7202=ORIENTED_EDGE('',*,*,#5221,.T.);
#7203=ORIENTED_EDGE('',*,*,#5222,.T.);
#7204=ORIENTED_EDGE('',*,*,#5223,.T.);
#7205=ORIENTED_EDGE('',*,*,#5224,.T.);
#7206=ORIENTED_EDGE('',*,*,#5225,.T.);
#7207=ORIENTED_EDGE('',*,*,#5226,.T.);
#7208=ORIENTED_EDGE('',*,*,#5227,.T.);
#7209=ORIENTED_EDGE('',*,*,#5228,.T.);
#7210=ORIENTED_EDGE('',*,*,#5229,.T.);
#7211=ORIENTED_EDGE('',*,*,#5230,.T.);
#7212=ORIENTED_EDGE('',*,*,#5231,.F.);
#7213=ORIENTED_EDGE('',*,*,#5232,.T.);
#7214=ORIENTED_EDGE('',*,*,#5177,.T.);
#7215=ORIENTED_EDGE('',*,*,#5232,.F.);
#7216=ORIENTED_EDGE('',*,*,#5233,.F.);
#7217=ORIENTED_EDGE('',*,*,#5234,.T.);
#7218=ORIENTED_EDGE('',*,*,#5178,.T.);
#7219=ORIENTED_EDGE('',*,*,#5234,.F.);
#7220=ORIENTED_EDGE('',*,*,#5235,.F.);
#7221=ORIENTED_EDGE('',*,*,#5236,.T.);
#7222=ORIENTED_EDGE('',*,*,#5179,.T.);
#7223=ORIENTED_EDGE('',*,*,#5236,.F.);
#7224=ORIENTED_EDGE('',*,*,#5237,.F.);
#7225=ORIENTED_EDGE('',*,*,#5238,.T.);
#7226=ORIENTED_EDGE('',*,*,#5180,.T.);
#7227=ORIENTED_EDGE('',*,*,#5238,.F.);
#7228=ORIENTED_EDGE('',*,*,#5239,.F.);
#7229=ORIENTED_EDGE('',*,*,#5240,.T.);
#7230=ORIENTED_EDGE('',*,*,#5181,.T.);
#7231=ORIENTED_EDGE('',*,*,#5240,.F.);
#7232=ORIENTED_EDGE('',*,*,#5241,.F.);
#7233=ORIENTED_EDGE('',*,*,#5242,.T.);
#7234=ORIENTED_EDGE('',*,*,#5182,.T.);
#7235=ORIENTED_EDGE('',*,*,#5242,.F.);
#7236=ORIENTED_EDGE('',*,*,#5243,.F.);
#7237=ORIENTED_EDGE('',*,*,#5244,.T.);
#7238=ORIENTED_EDGE('',*,*,#5183,.T.);
#7239=ORIENTED_EDGE('',*,*,#5244,.F.);
#7240=ORIENTED_EDGE('',*,*,#5245,.F.);
#7241=ORIENTED_EDGE('',*,*,#5246,.T.);
#7242=ORIENTED_EDGE('',*,*,#5184,.T.);
#7243=ORIENTED_EDGE('',*,*,#5246,.F.);
#7244=ORIENTED_EDGE('',*,*,#5247,.F.);
#7245=ORIENTED_EDGE('',*,*,#5248,.T.);
#7246=ORIENTED_EDGE('',*,*,#5185,.T.);
#7247=ORIENTED_EDGE('',*,*,#5248,.F.);
#7248=ORIENTED_EDGE('',*,*,#5249,.F.);
#7249=ORIENTED_EDGE('',*,*,#5250,.T.);
#7250=ORIENTED_EDGE('',*,*,#5186,.T.);
#7251=ORIENTED_EDGE('',*,*,#5250,.F.);
#7252=ORIENTED_EDGE('',*,*,#5251,.F.);
#7253=ORIENTED_EDGE('',*,*,#5252,.T.);
#7254=ORIENTED_EDGE('',*,*,#5187,.T.);
#7255=ORIENTED_EDGE('',*,*,#5252,.F.);
#7256=ORIENTED_EDGE('',*,*,#5253,.F.);
#7257=ORIENTED_EDGE('',*,*,#5230,.F.);
#7258=ORIENTED_EDGE('',*,*,#5188,.T.);
#7259=ORIENTED_EDGE('',*,*,#5254,.F.);
#7260=ORIENTED_EDGE('',*,*,#5255,.T.);
#7261=ORIENTED_EDGE('',*,*,#5256,.F.);
#7262=ORIENTED_EDGE('',*,*,#5257,.F.);
#7263=ORIENTED_EDGE('',*,*,#5258,.F.);
#7264=ORIENTED_EDGE('',*,*,#5257,.T.);
#7265=ORIENTED_EDGE('',*,*,#5259,.F.);
#7266=ORIENTED_EDGE('',*,*,#5260,.F.);
#7267=ORIENTED_EDGE('',*,*,#5261,.F.);
#7268=ORIENTED_EDGE('',*,*,#5260,.T.);
#7269=ORIENTED_EDGE('',*,*,#5262,.F.);
#7270=ORIENTED_EDGE('',*,*,#5263,.F.);
#7271=ORIENTED_EDGE('',*,*,#5264,.F.);
#7272=ORIENTED_EDGE('',*,*,#5263,.T.);
#7273=ORIENTED_EDGE('',*,*,#5265,.F.);
#7274=ORIENTED_EDGE('',*,*,#5266,.F.);
#7275=ORIENTED_EDGE('',*,*,#5267,.F.);
#7276=ORIENTED_EDGE('',*,*,#5266,.T.);
#7277=ORIENTED_EDGE('',*,*,#5268,.F.);
#7278=ORIENTED_EDGE('',*,*,#5269,.F.);
#7279=ORIENTED_EDGE('',*,*,#5270,.F.);
#7280=ORIENTED_EDGE('',*,*,#5269,.T.);
#7281=ORIENTED_EDGE('',*,*,#5271,.F.);
#7282=ORIENTED_EDGE('',*,*,#5272,.F.);
#7283=ORIENTED_EDGE('',*,*,#5273,.F.);
#7284=ORIENTED_EDGE('',*,*,#5272,.T.);
#7285=ORIENTED_EDGE('',*,*,#5274,.F.);
#7286=ORIENTED_EDGE('',*,*,#5275,.F.);
#7287=ORIENTED_EDGE('',*,*,#5276,.F.);
#7288=ORIENTED_EDGE('',*,*,#5275,.T.);
#7289=ORIENTED_EDGE('',*,*,#5277,.F.);
#7290=ORIENTED_EDGE('',*,*,#5255,.F.);
#7291=ORIENTED_EDGE('',*,*,#5277,.T.);
#7292=ORIENTED_EDGE('',*,*,#5274,.T.);
#7293=ORIENTED_EDGE('',*,*,#5271,.T.);
#7294=ORIENTED_EDGE('',*,*,#5268,.T.);
#7295=ORIENTED_EDGE('',*,*,#5265,.T.);
#7296=ORIENTED_EDGE('',*,*,#5262,.T.);
#7297=ORIENTED_EDGE('',*,*,#5259,.T.);
#7298=ORIENTED_EDGE('',*,*,#5256,.T.);
#7299=ORIENTED_EDGE('',*,*,#5253,.T.);
#7300=ORIENTED_EDGE('',*,*,#5251,.T.);
#7301=ORIENTED_EDGE('',*,*,#5249,.T.);
#7302=ORIENTED_EDGE('',*,*,#5247,.T.);
#7303=ORIENTED_EDGE('',*,*,#5245,.T.);
#7304=ORIENTED_EDGE('',*,*,#5243,.T.);
#7305=ORIENTED_EDGE('',*,*,#5241,.T.);
#7306=ORIENTED_EDGE('',*,*,#5239,.T.);
#7307=ORIENTED_EDGE('',*,*,#5237,.T.);
#7308=ORIENTED_EDGE('',*,*,#5235,.T.);
#7309=ORIENTED_EDGE('',*,*,#5233,.T.);
#7310=ORIENTED_EDGE('',*,*,#5231,.T.);
#7311=ORIENTED_EDGE('',*,*,#5278,.F.);
#7312=ORIENTED_EDGE('',*,*,#5279,.F.);
#7313=ORIENTED_EDGE('',*,*,#5280,.F.);
#7314=ORIENTED_EDGE('',*,*,#4419,.F.);
#7315=ORIENTED_EDGE('',*,*,#5281,.F.);
#7316=ORIENTED_EDGE('',*,*,#5282,.F.);
#7317=ORIENTED_EDGE('',*,*,#5283,.T.);
#7318=ORIENTED_EDGE('',*,*,#4427,.F.);
#7319=ORIENTED_EDGE('',*,*,#5284,.F.);
#7320=ORIENTED_EDGE('',*,*,#5285,.F.);
#7321=ORIENTED_EDGE('',*,*,#5286,.F.);
#7322=ORIENTED_EDGE('',*,*,#5287,.F.);
#7323=ORIENTED_EDGE('',*,*,#5288,.F.);
#7324=ORIENTED_EDGE('',*,*,#5289,.T.);
#7325=ORIENTED_EDGE('',*,*,#5290,.T.);
#7326=ORIENTED_EDGE('',*,*,#5291,.F.);
#7327=ORIENTED_EDGE('',*,*,#5292,.F.);
#7328=ORIENTED_EDGE('',*,*,#5293,.F.);
#7329=ORIENTED_EDGE('',*,*,#5254,.T.);
#7330=ORIENTED_EDGE('',*,*,#5258,.T.);
#7331=ORIENTED_EDGE('',*,*,#5261,.T.);
#7332=ORIENTED_EDGE('',*,*,#5264,.T.);
#7333=ORIENTED_EDGE('',*,*,#5267,.T.);
#7334=ORIENTED_EDGE('',*,*,#5270,.T.);
#7335=ORIENTED_EDGE('',*,*,#5273,.T.);
#7336=ORIENTED_EDGE('',*,*,#5276,.T.);
#7337=ORIENTED_EDGE('',*,*,#5224,.F.);
#7338=ORIENTED_EDGE('',*,*,#5294,.T.);
#7339=ORIENTED_EDGE('',*,*,#5295,.T.);
#7340=ORIENTED_EDGE('',*,*,#5296,.F.);
#7341=ORIENTED_EDGE('',*,*,#5229,.F.);
#7342=ORIENTED_EDGE('',*,*,#5297,.T.);
#7343=ORIENTED_EDGE('',*,*,#5298,.T.);
#7344=ORIENTED_EDGE('',*,*,#5294,.F.);
#7345=ORIENTED_EDGE('',*,*,#5228,.F.);
#7346=ORIENTED_EDGE('',*,*,#5299,.T.);
#7347=ORIENTED_EDGE('',*,*,#5300,.T.);
#7348=ORIENTED_EDGE('',*,*,#5297,.F.);
#7349=ORIENTED_EDGE('',*,*,#5227,.F.);
#7350=ORIENTED_EDGE('',*,*,#5301,.T.);
#7351=ORIENTED_EDGE('',*,*,#5302,.T.);
#7352=ORIENTED_EDGE('',*,*,#5299,.F.);
#7353=ORIENTED_EDGE('',*,*,#5226,.F.);
#7354=ORIENTED_EDGE('',*,*,#5303,.T.);
#7355=ORIENTED_EDGE('',*,*,#5304,.T.);
#7356=ORIENTED_EDGE('',*,*,#5301,.F.);
#7357=ORIENTED_EDGE('',*,*,#5225,.F.);
#7358=ORIENTED_EDGE('',*,*,#5296,.T.);
#7359=ORIENTED_EDGE('',*,*,#5305,.T.);
#7360=ORIENTED_EDGE('',*,*,#5303,.F.);
#7361=ORIENTED_EDGE('',*,*,#5305,.F.);
#7362=ORIENTED_EDGE('',*,*,#5295,.F.);
#7363=ORIENTED_EDGE('',*,*,#5298,.F.);
#7364=ORIENTED_EDGE('',*,*,#5300,.F.);
#7365=ORIENTED_EDGE('',*,*,#5302,.F.);
#7366=ORIENTED_EDGE('',*,*,#5304,.F.);
#7367=ORIENTED_EDGE('',*,*,#5306,.F.);
#7368=ORIENTED_EDGE('',*,*,#5307,.F.);
#7369=ORIENTED_EDGE('',*,*,#5308,.T.);
#7370=ORIENTED_EDGE('',*,*,#5309,.T.);
#7371=ORIENTED_EDGE('',*,*,#5310,.F.);
#7372=ORIENTED_EDGE('',*,*,#5311,.F.);
#7373=ORIENTED_EDGE('',*,*,#5312,.T.);
#7374=ORIENTED_EDGE('',*,*,#5313,.T.);
#7375=ORIENTED_EDGE('',*,*,#5308,.F.);
#7376=ORIENTED_EDGE('',*,*,#5314,.F.);
#7377=ORIENTED_EDGE('',*,*,#5315,.T.);
#7378=ORIENTED_EDGE('',*,*,#5316,.T.);
#7379=ORIENTED_EDGE('',*,*,#5312,.F.);
#7380=ORIENTED_EDGE('',*,*,#5317,.F.);
#7381=ORIENTED_EDGE('',*,*,#5318,.T.);
#7382=ORIENTED_EDGE('',*,*,#5319,.T.);
#7383=ORIENTED_EDGE('',*,*,#5315,.F.);
#7384=ORIENTED_EDGE('',*,*,#5320,.F.);
#7385=ORIENTED_EDGE('',*,*,#5321,.T.);
#7386=ORIENTED_EDGE('',*,*,#5322,.T.);
#7387=ORIENTED_EDGE('',*,*,#5318,.F.);
#7388=ORIENTED_EDGE('',*,*,#5323,.F.);
#7389=ORIENTED_EDGE('',*,*,#5310,.T.);
#7390=ORIENTED_EDGE('',*,*,#5324,.T.);
#7391=ORIENTED_EDGE('',*,*,#5321,.F.);
#7392=ORIENTED_EDGE('',*,*,#5324,.F.);
#7393=ORIENTED_EDGE('',*,*,#5309,.F.);
#7394=ORIENTED_EDGE('',*,*,#5313,.F.);
#7395=ORIENTED_EDGE('',*,*,#5316,.F.);
#7396=ORIENTED_EDGE('',*,*,#5319,.F.);
#7397=ORIENTED_EDGE('',*,*,#5322,.F.);
#7398=ORIENTED_EDGE('',*,*,#5325,.F.);
#7399=ORIENTED_EDGE('',*,*,#5289,.F.);
#7400=ORIENTED_EDGE('',*,*,#5326,.T.);
#7401=ORIENTED_EDGE('',*,*,#5327,.F.);
#7402=ORIENTED_EDGE('',*,*,#5328,.F.);
#7403=ORIENTED_EDGE('',*,*,#5290,.F.);
#7404=ORIENTED_EDGE('',*,*,#5328,.T.);
#7405=ORIENTED_EDGE('',*,*,#5329,.F.);
#7406=ORIENTED_EDGE('',*,*,#5330,.F.);
#7407=ORIENTED_EDGE('',*,*,#5288,.T.);
#7408=ORIENTED_EDGE('',*,*,#5331,.F.);
#7409=ORIENTED_EDGE('',*,*,#5332,.F.);
#7410=ORIENTED_EDGE('',*,*,#5326,.F.);
#7411=ORIENTED_EDGE('',*,*,#5332,.T.);
#7412=ORIENTED_EDGE('',*,*,#5333,.F.);
#7413=ORIENTED_EDGE('',*,*,#5329,.T.);
#7414=ORIENTED_EDGE('',*,*,#5327,.T.);
#7415=ORIENTED_EDGE('',*,*,#5283,.F.);
#7416=ORIENTED_EDGE('',*,*,#5334,.T.);
#7417=ORIENTED_EDGE('',*,*,#5335,.F.);
#7418=ORIENTED_EDGE('',*,*,#4428,.F.);
#7419=ORIENTED_EDGE('',*,*,#5281,.T.);
#7420=ORIENTED_EDGE('',*,*,#4418,.F.);
#7421=ORIENTED_EDGE('',*,*,#5336,.F.);
#7422=ORIENTED_EDGE('',*,*,#5337,.F.);
#7423=ORIENTED_EDGE('',*,*,#5282,.T.);
#7424=ORIENTED_EDGE('',*,*,#5337,.T.);
#7425=ORIENTED_EDGE('',*,*,#5338,.F.);
#7426=ORIENTED_EDGE('',*,*,#5334,.F.);
#7427=ORIENTED_EDGE('',*,*,#5338,.T.);
#7428=ORIENTED_EDGE('',*,*,#5336,.T.);
#7429=ORIENTED_EDGE('',*,*,#4429,.F.);
#7430=ORIENTED_EDGE('',*,*,#5335,.T.);
#7431=ORIENTED_EDGE('',*,*,#5306,.T.);
#7432=ORIENTED_EDGE('',*,*,#5339,.T.);
#7433=ORIENTED_EDGE('',*,*,#5292,.T.);
#7434=ORIENTED_EDGE('',*,*,#5339,.F.);
#7435=ORIENTED_EDGE('',*,*,#5325,.T.);
#7436=ORIENTED_EDGE('',*,*,#5340,.T.);
#7437=ORIENTED_EDGE('',*,*,#5293,.T.);
#7438=ORIENTED_EDGE('',*,*,#5340,.F.);
#7439=ORIENTED_EDGE('',*,*,#5279,.T.);
#7440=ORIENTED_EDGE('',*,*,#5341,.T.);
#7441=ORIENTED_EDGE('',*,*,#5221,.F.);
#7442=ORIENTED_EDGE('',*,*,#5342,.F.);
#7443=ORIENTED_EDGE('',*,*,#5280,.T.);
#7444=ORIENTED_EDGE('',*,*,#5342,.T.);
#7445=ORIENTED_EDGE('',*,*,#5220,.F.);
#7446=ORIENTED_EDGE('',*,*,#4420,.F.);
#7447=ORIENTED_EDGE('',*,*,#4555,.T.);
#7448=ORIENTED_EDGE('',*,*,#5284,.T.);
#7449=ORIENTED_EDGE('',*,*,#4426,.T.);
#7450=ORIENTED_EDGE('',*,*,#5343,.F.);
#7451=ORIENTED_EDGE('',*,*,#5344,.F.);
#7452=ORIENTED_EDGE('',*,*,#5285,.T.);
#7453=ORIENTED_EDGE('',*,*,#5344,.T.);
#7454=ORIENTED_EDGE('',*,*,#5345,.F.);
#7455=ORIENTED_EDGE('',*,*,#5346,.F.);
#7456=ORIENTED_EDGE('',*,*,#5286,.T.);
#7457=ORIENTED_EDGE('',*,*,#5346,.T.);
#7458=ORIENTED_EDGE('',*,*,#5347,.F.);
#7459=ORIENTED_EDGE('',*,*,#5348,.F.);
#7460=ORIENTED_EDGE('',*,*,#5331,.T.);
#7461=ORIENTED_EDGE('',*,*,#5287,.T.);
#7462=ORIENTED_EDGE('',*,*,#5348,.T.);
#7463=ORIENTED_EDGE('',*,*,#5349,.F.);
#7464=ORIENTED_EDGE('',*,*,#5209,.T.);
#7465=ORIENTED_EDGE('',*,*,#5219,.F.);
#7466=ORIENTED_EDGE('',*,*,#5211,.F.);
#7467=ORIENTED_EDGE('',*,*,#5223,.F.);
#7468=ORIENTED_EDGE('',*,*,#5350,.F.);
#7469=ORIENTED_EDGE('',*,*,#5291,.T.);
#7470=ORIENTED_EDGE('',*,*,#5330,.T.);
#7471=ORIENTED_EDGE('',*,*,#5333,.T.);
#7472=ORIENTED_EDGE('',*,*,#4325,.T.);
#7473=ORIENTED_EDGE('',*,*,#4329,.T.);
#7474=ORIENTED_EDGE('',*,*,#4332,.T.);
#7475=ORIENTED_EDGE('',*,*,#4335,.T.);
#7476=ORIENTED_EDGE('',*,*,#4337,.T.);
#7477=ORIENTED_EDGE('',*,*,#4341,.T.);
#7478=ORIENTED_EDGE('',*,*,#4344,.T.);
#7479=ORIENTED_EDGE('',*,*,#4347,.T.);
#7480=ORIENTED_EDGE('',*,*,#4350,.T.);
#7481=ORIENTED_EDGE('',*,*,#4353,.T.);
#7482=ORIENTED_EDGE('',*,*,#4356,.T.);
#7483=ORIENTED_EDGE('',*,*,#4359,.T.);
#7484=ORIENTED_EDGE('',*,*,#4362,.T.);
#7485=ORIENTED_EDGE('',*,*,#4365,.T.);
#7486=ORIENTED_EDGE('',*,*,#4368,.T.);
#7487=ORIENTED_EDGE('',*,*,#4371,.T.);
#7488=ORIENTED_EDGE('',*,*,#4616,.T.);
#7489=ORIENTED_EDGE('',*,*,#4620,.T.);
#7490=ORIENTED_EDGE('',*,*,#4623,.T.);
#7491=ORIENTED_EDGE('',*,*,#4626,.T.);
#7492=ORIENTED_EDGE('',*,*,#4628,.T.);
#7493=ORIENTED_EDGE('',*,*,#4632,.T.);
#7494=ORIENTED_EDGE('',*,*,#4635,.T.);
#7495=ORIENTED_EDGE('',*,*,#4638,.T.);
#7496=ORIENTED_EDGE('',*,*,#4641,.T.);
#7497=ORIENTED_EDGE('',*,*,#4644,.T.);
#7498=ORIENTED_EDGE('',*,*,#4647,.T.);
#7499=ORIENTED_EDGE('',*,*,#4649,.T.);
#7500=ORIENTED_EDGE('',*,*,#4653,.T.);
#7501=ORIENTED_EDGE('',*,*,#4656,.T.);
#7502=ORIENTED_EDGE('',*,*,#4659,.T.);
#7503=ORIENTED_EDGE('',*,*,#4661,.T.);
#7504=ORIENTED_EDGE('',*,*,#4665,.T.);
#7505=ORIENTED_EDGE('',*,*,#4668,.T.);
#7506=ORIENTED_EDGE('',*,*,#4671,.T.);
#7507=ORIENTED_EDGE('',*,*,#4674,.T.);
#7508=ORIENTED_EDGE('',*,*,#4677,.T.);
#7509=ORIENTED_EDGE('',*,*,#4680,.T.);
#7510=ORIENTED_EDGE('',*,*,#4683,.T.);
#7511=ORIENTED_EDGE('',*,*,#4686,.T.);
#7512=ORIENTED_EDGE('',*,*,#4689,.T.);
#7513=ORIENTED_EDGE('',*,*,#4692,.T.);
#7514=ORIENTED_EDGE('',*,*,#4695,.T.);
#7515=ORIENTED_EDGE('',*,*,#4698,.T.);
#7516=ORIENTED_EDGE('',*,*,#4701,.T.);
#7517=ORIENTED_EDGE('',*,*,#4704,.T.);
#7518=ORIENTED_EDGE('',*,*,#4707,.T.);
#7519=ORIENTED_EDGE('',*,*,#4710,.T.);
#7520=ORIENTED_EDGE('',*,*,#4713,.T.);
#7521=ORIENTED_EDGE('',*,*,#4715,.T.);
#7522=ORIENTED_EDGE('',*,*,#4719,.T.);
#7523=ORIENTED_EDGE('',*,*,#4722,.T.);
#7524=ORIENTED_EDGE('',*,*,#4725,.T.);
#7525=ORIENTED_EDGE('',*,*,#4728,.T.);
#7526=ORIENTED_EDGE('',*,*,#4731,.T.);
#7527=ORIENTED_EDGE('',*,*,#4734,.T.);
#7528=ORIENTED_EDGE('',*,*,#4736,.T.);
#7529=ORIENTED_EDGE('',*,*,#4740,.T.);
#7530=ORIENTED_EDGE('',*,*,#4743,.T.);
#7531=ORIENTED_EDGE('',*,*,#4746,.T.);
#7532=ORIENTED_EDGE('',*,*,#4749,.T.);
#7533=ORIENTED_EDGE('',*,*,#4752,.T.);
#7534=ORIENTED_EDGE('',*,*,#4755,.T.);
#7535=ORIENTED_EDGE('',*,*,#4758,.T.);
#7536=ORIENTED_EDGE('',*,*,#4761,.T.);
#7537=ORIENTED_EDGE('',*,*,#4764,.T.);
#7538=ORIENTED_EDGE('',*,*,#4767,.T.);
#7539=ORIENTED_EDGE('',*,*,#4769,.T.);
#7540=ORIENTED_EDGE('',*,*,#4773,.T.);
#7541=ORIENTED_EDGE('',*,*,#4776,.T.);
#7542=ORIENTED_EDGE('',*,*,#4779,.T.);
#7543=ORIENTED_EDGE('',*,*,#4782,.T.);
#7544=ORIENTED_EDGE('',*,*,#4785,.T.);
#7545=ORIENTED_EDGE('',*,*,#4788,.T.);
#7546=ORIENTED_EDGE('',*,*,#4790,.T.);
#7547=ORIENTED_EDGE('',*,*,#4794,.T.);
#7548=ORIENTED_EDGE('',*,*,#4797,.T.);
#7549=ORIENTED_EDGE('',*,*,#4800,.T.);
#7550=ORIENTED_EDGE('',*,*,#4802,.T.);
#7551=ORIENTED_EDGE('',*,*,#4806,.T.);
#7552=ORIENTED_EDGE('',*,*,#4809,.T.);
#7553=ORIENTED_EDGE('',*,*,#4812,.T.);
#7554=ORIENTED_EDGE('',*,*,#4814,.T.);
#7555=ORIENTED_EDGE('',*,*,#4818,.T.);
#7556=ORIENTED_EDGE('',*,*,#4821,.T.);
#7557=ORIENTED_EDGE('',*,*,#4824,.T.);
#7558=ORIENTED_EDGE('',*,*,#4827,.T.);
#7559=ORIENTED_EDGE('',*,*,#4830,.T.);
#7560=ORIENTED_EDGE('',*,*,#4832,.T.);
#7561=ORIENTED_EDGE('',*,*,#4836,.T.);
#7562=ORIENTED_EDGE('',*,*,#4839,.T.);
#7563=ORIENTED_EDGE('',*,*,#4842,.T.);
#7564=ORIENTED_EDGE('',*,*,#4845,.T.);
#7565=ORIENTED_EDGE('',*,*,#4848,.T.);
#7566=ORIENTED_EDGE('',*,*,#4850,.T.);
#7567=ORIENTED_EDGE('',*,*,#4854,.T.);
#7568=ORIENTED_EDGE('',*,*,#4857,.T.);
#7569=ORIENTED_EDGE('',*,*,#4860,.T.);
#7570=ORIENTED_EDGE('',*,*,#4863,.T.);
#7571=ORIENTED_EDGE('',*,*,#4866,.T.);
#7572=ORIENTED_EDGE('',*,*,#4869,.T.);
#7573=ORIENTED_EDGE('',*,*,#4872,.T.);
#7574=ORIENTED_EDGE('',*,*,#4874,.T.);
#7575=ORIENTED_EDGE('',*,*,#4878,.T.);
#7576=ORIENTED_EDGE('',*,*,#4881,.T.);
#7577=ORIENTED_EDGE('',*,*,#4884,.T.);
#7578=ORIENTED_EDGE('',*,*,#4887,.T.);
#7579=ORIENTED_EDGE('',*,*,#4890,.T.);
#7580=ORIENTED_EDGE('',*,*,#4893,.T.);
#7581=ORIENTED_EDGE('',*,*,#4896,.T.);
#7582=ORIENTED_EDGE('',*,*,#4899,.T.);
#7583=ORIENTED_EDGE('',*,*,#4902,.T.);
#7584=ORIENTED_EDGE('',*,*,#4905,.T.);
#7585=ORIENTED_EDGE('',*,*,#5278,.T.);
#7586=ORIENTED_EDGE('',*,*,#5350,.T.);
#7587=ORIENTED_EDGE('',*,*,#5222,.F.);
#7588=ORIENTED_EDGE('',*,*,#5341,.F.);
#7589=ORIENTED_EDGE('',*,*,#5207,.T.);
#7590=ORIENTED_EDGE('',*,*,#5349,.T.);
#7591=ORIENTED_EDGE('',*,*,#5347,.T.);
#7592=ORIENTED_EDGE('',*,*,#5345,.T.);
#7593=ORIENTED_EDGE('',*,*,#5343,.T.);
#7594=ORIENTED_EDGE('',*,*,#4425,.T.);
#7595=ORIENTED_EDGE('',*,*,#5201,.T.);
#7596=ORIENTED_EDGE('',*,*,#5204,.T.);
#7597=ORIENTED_EDGE('',*,*,#5307,.T.);
#7598=ORIENTED_EDGE('',*,*,#5323,.T.);
#7599=ORIENTED_EDGE('',*,*,#5320,.T.);
#7600=ORIENTED_EDGE('',*,*,#5317,.T.);
#7601=ORIENTED_EDGE('',*,*,#5314,.T.);
#7602=ORIENTED_EDGE('',*,*,#5311,.T.);
#7603=TOROIDAL_SURFACE('',#8067,1.275,0.025);
#7604=TOROIDAL_SURFACE('',#8076,1.275,0.025);
#7605=TOROIDAL_SURFACE('',#8110,1.275,0.025);
#7606=TOROIDAL_SURFACE('',#8119,1.275,0.025);
#7607=TOROIDAL_SURFACE('',#8516,1.63,0.02);
#7608=TOROIDAL_SURFACE('',#8539,1.63,0.02);
#7609=ADVANCED_FACE('',(#2385),#7603,.T.);
#7610=ADVANCED_FACE('',(#2386),#2259,.F.);
#7611=ADVANCED_FACE('',(#2387,#240),#290,.F.);
#7612=ADVANCED_FACE('',(#2388),#7604,.T.);
#7613=ADVANCED_FACE('',(#2389,#241),#291,.T.);
#7614=ADVANCED_FACE('',(#2390),#2260,.T.);
#7615=ADVANCED_FACE('',(#2391),#2261,.T.);
#7616=ADVANCED_FACE('',(#2392),#2262,.T.);
#7617=ADVANCED_FACE('',(#2393),#2263,.T.);
#7618=ADVANCED_FACE('',(#2394),#2264,.T.);
#7619=ADVANCED_FACE('',(#2395),#292,.T.);
#7620=ADVANCED_FACE('',(#2396),#293,.T.);
#7621=ADVANCED_FACE('',(#2397),#294,.T.);
#7622=ADVANCED_FACE('',(#2398),#295,.T.);
#7623=ADVANCED_FACE('',(#2399),#296,.T.);
#7624=ADVANCED_FACE('',(#2400),#2265,.T.);
#7625=ADVANCED_FACE('',(#2401),#2266,.T.);
#7626=ADVANCED_FACE('',(#2402),#2267,.T.);
#7627=ADVANCED_FACE('',(#2403),#2268,.T.);
#7628=ADVANCED_FACE('',(#2404),#2269,.T.);
#7629=ADVANCED_FACE('',(#2405),#2270,.T.);
#7630=ADVANCED_FACE('',(#2406),#297,.T.);
#7631=ADVANCED_FACE('',(#2407),#7605,.T.);
#7632=ADVANCED_FACE('',(#2408),#2271,.F.);
#7633=ADVANCED_FACE('',(#2409,#242),#298,.F.);
#7634=ADVANCED_FACE('',(#2410),#7606,.T.);
#7635=ADVANCED_FACE('',(#2411,#243),#299,.T.);
#7636=ADVANCED_FACE('',(#2412),#2272,.T.);
#7637=ADVANCED_FACE('',(#2413),#2273,.T.);
#7638=ADVANCED_FACE('',(#2414),#2274,.T.);
#7639=ADVANCED_FACE('',(#2415),#2275,.T.);
#7640=ADVANCED_FACE('',(#2416),#2276,.T.);
#7641=ADVANCED_FACE('',(#2417),#300,.T.);
#7642=ADVANCED_FACE('',(#2418),#301,.T.);
#7643=ADVANCED_FACE('',(#2419),#302,.T.);
#7644=ADVANCED_FACE('',(#2420),#303,.T.);
#7645=ADVANCED_FACE('',(#2421),#304,.T.);
#7646=ADVANCED_FACE('',(#2422),#2277,.T.);
#7647=ADVANCED_FACE('',(#2423),#2278,.T.);
#7648=ADVANCED_FACE('',(#2424),#2279,.T.);
#7649=ADVANCED_FACE('',(#2425),#2280,.T.);
#7650=ADVANCED_FACE('',(#2426),#2281,.T.);
#7651=ADVANCED_FACE('',(#2427),#2282,.T.);
#7652=ADVANCED_FACE('',(#2428),#305,.T.);
#7653=ADVANCED_FACE('',(#2429),#306,.T.);
#7654=ADVANCED_FACE('',(#2430),#307,.T.);
#7655=ADVANCED_FACE('',(#2431),#308,.T.);
#7656=ADVANCED_FACE('',(#2432),#309,.T.);
#7657=ADVANCED_FACE('',(#2433),#310,.T.);
#7658=ADVANCED_FACE('',(#2434),#311,.T.);
#7659=ADVANCED_FACE('',(#2435),#312,.T.);
#7660=ADVANCED_FACE('',(#2436),#313,.T.);
#7661=ADVANCED_FACE('',(#2437),#314,.T.);
#7662=ADVANCED_FACE('',(#2438),#315,.T.);
#7663=ADVANCED_FACE('',(#2439),#316,.T.);
#7664=ADVANCED_FACE('',(#2440),#317,.T.);
#7665=ADVANCED_FACE('',(#2441),#318,.T.);
#7666=ADVANCED_FACE('',(#2442),#319,.T.);
#7667=ADVANCED_FACE('',(#2443),#320,.T.);
#7668=ADVANCED_FACE('',(#2444),#321,.T.);
#7669=ADVANCED_FACE('',(#2445),#322,.T.);
#7670=ADVANCED_FACE('',(#2446),#323,.T.);
#7671=ADVANCED_FACE('',(#2447),#324,.T.);
#7672=ADVANCED_FACE('',(#2448),#325,.T.);
#7673=ADVANCED_FACE('',(#2449),#326,.T.);
#7674=ADVANCED_FACE('',(#2450),#327,.T.);
#7675=ADVANCED_FACE('',(#2451),#328,.T.);
#7676=ADVANCED_FACE('',(#2452),#329,.T.);
#7677=ADVANCED_FACE('',(#2453),#330,.T.);
#7678=ADVANCED_FACE('',(#2454),#331,.T.);
#7679=ADVANCED_FACE('',(#2455),#332,.T.);
#7680=ADVANCED_FACE('',(#2456),#333,.T.);
#7681=ADVANCED_FACE('',(#2457),#334,.T.);
#7682=ADVANCED_FACE('',(#2458),#335,.T.);
#7683=ADVANCED_FACE('',(#2459),#336,.T.);
#7684=ADVANCED_FACE('',(#2460),#337,.T.);
#7685=ADVANCED_FACE('',(#2461),#87,.T.);
#7686=ADVANCED_FACE('',(#2462),#88,.F.);
#7687=ADVANCED_FACE('',(#2463,#244),#338,.T.);
#7688=ADVANCED_FACE('',(#2464,#245,#246,#247,#248,#249,#250,#251,#252),
#339,.T.);
#7689=ADVANCED_FACE('',(#2465),#340,.T.);
#7690=ADVANCED_FACE('',(#2466),#341,.T.);
#7691=ADVANCED_FACE('',(#2467),#342,.T.);
#7692=ADVANCED_FACE('',(#2468),#343,.T.);
#7693=ADVANCED_FACE('',(#2469),#344,.T.);
#7694=ADVANCED_FACE('',(#2470),#345,.T.);
#7695=ADVANCED_FACE('',(#2471),#346,.T.);
#7696=ADVANCED_FACE('',(#2472),#347,.T.);
#7697=ADVANCED_FACE('',(#2473),#348,.T.);
#7698=ADVANCED_FACE('',(#2474),#349,.T.);
#7699=ADVANCED_FACE('',(#2475),#350,.T.);
#7700=ADVANCED_FACE('',(#2476),#351,.T.);
#7701=ADVANCED_FACE('',(#2477),#352,.T.);
#7702=ADVANCED_FACE('',(#2478),#353,.T.);
#7703=ADVANCED_FACE('',(#2479),#354,.T.);
#7704=ADVANCED_FACE('',(#2480),#355,.T.);
#7705=ADVANCED_FACE('',(#2481),#356,.T.);
#7706=ADVANCED_FACE('',(#2482),#357,.T.);
#7707=ADVANCED_FACE('',(#2483),#358,.T.);
#7708=ADVANCED_FACE('',(#2484),#359,.T.);
#7709=ADVANCED_FACE('',(#2485),#360,.T.);
#7710=ADVANCED_FACE('',(#2486),#361,.T.);
#7711=ADVANCED_FACE('',(#2487),#362,.T.);
#7712=ADVANCED_FACE('',(#2488),#363,.T.);
#7713=ADVANCED_FACE('',(#2489),#364,.T.);
#7714=ADVANCED_FACE('',(#2490),#365,.T.);
#7715=ADVANCED_FACE('',(#2491),#366,.T.);
#7716=ADVANCED_FACE('',(#2492),#367,.T.);
#7717=ADVANCED_FACE('',(#2493),#368,.T.);
#7718=ADVANCED_FACE('',(#2494),#369,.T.);
#7719=ADVANCED_FACE('',(#2495),#370,.T.);
#7720=ADVANCED_FACE('',(#2496),#371,.T.);
#7721=ADVANCED_FACE('',(#2497),#372,.T.);
#7722=ADVANCED_FACE('',(#2498),#373,.T.);
#7723=ADVANCED_FACE('',(#2499),#2283,.F.);
#7724=ADVANCED_FACE('',(#2500),#374,.T.);
#7725=ADVANCED_FACE('',(#2501),#375,.T.);
#7726=ADVANCED_FACE('',(#2502),#2284,.F.);
#7727=ADVANCED_FACE('',(#2503),#376,.T.);
#7728=ADVANCED_FACE('',(#2504),#89,.F.);
#7729=ADVANCED_FACE('',(#2505),#377,.T.);
#7730=ADVANCED_FACE('',(#2506),#2285,.T.);
#7731=ADVANCED_FACE('',(#2507),#378,.T.);
#7732=ADVANCED_FACE('',(#2508,#253),#379,.T.);
#7733=ADVANCED_FACE('',(#2509),#380,.T.);
#7734=ADVANCED_FACE('',(#2510),#381,.T.);
#7735=ADVANCED_FACE('',(#2511),#382,.T.);
#7736=ADVANCED_FACE('',(#2512),#383,.T.);
#7737=ADVANCED_FACE('',(#2513),#384,.T.);
#7738=ADVANCED_FACE('',(#2514),#385,.T.);
#7739=ADVANCED_FACE('',(#2515),#386,.T.);
#7740=ADVANCED_FACE('',(#2516),#387,.T.);
#7741=ADVANCED_FACE('',(#2517),#388,.T.);
#7742=ADVANCED_FACE('',(#2518),#389,.T.);
#7743=ADVANCED_FACE('',(#2519),#390,.T.);
#7744=ADVANCED_FACE('',(#2520),#391,.T.);
#7745=ADVANCED_FACE('',(#2521),#392,.T.);
#7746=ADVANCED_FACE('',(#2522),#393,.T.);
#7747=ADVANCED_FACE('',(#2523),#394,.T.);
#7748=ADVANCED_FACE('',(#2524),#395,.T.);
#7749=ADVANCED_FACE('',(#2525),#396,.T.);
#7750=ADVANCED_FACE('',(#2526),#397,.T.);
#7751=ADVANCED_FACE('',(#2527),#398,.T.);
#7752=ADVANCED_FACE('',(#2528),#399,.T.);
#7753=ADVANCED_FACE('',(#2529),#400,.T.);
#7754=ADVANCED_FACE('',(#2530),#401,.T.);
#7755=ADVANCED_FACE('',(#2531),#402,.T.);
#7756=ADVANCED_FACE('',(#2532),#403,.T.);
#7757=ADVANCED_FACE('',(#2533),#404,.T.);
#7758=ADVANCED_FACE('',(#2534),#405,.T.);
#7759=ADVANCED_FACE('',(#2535),#406,.T.);
#7760=ADVANCED_FACE('',(#2536),#407,.T.);
#7761=ADVANCED_FACE('',(#2537),#408,.T.);
#7762=ADVANCED_FACE('',(#2538),#409,.T.);
#7763=ADVANCED_FACE('',(#2539),#410,.T.);
#7764=ADVANCED_FACE('',(#2540),#411,.T.);
#7765=ADVANCED_FACE('',(#2541),#412,.T.);
#7766=ADVANCED_FACE('',(#2542),#413,.T.);
#7767=ADVANCED_FACE('',(#2543),#414,.T.);
#7768=ADVANCED_FACE('',(#2544),#415,.T.);
#7769=ADVANCED_FACE('',(#2545),#416,.T.);
#7770=ADVANCED_FACE('',(#2546),#417,.T.);
#7771=ADVANCED_FACE('',(#2547),#418,.T.);
#7772=ADVANCED_FACE('',(#2548),#419,.T.);
#7773=ADVANCED_FACE('',(#2549),#2286,.T.);
#7774=ADVANCED_FACE('',(#2550),#420,.T.);
#7775=ADVANCED_FACE('',(#2551),#421,.T.);
#7776=ADVANCED_FACE('',(#2552),#422,.T.);
#7777=ADVANCED_FACE('',(#2553),#423,.T.);
#7778=ADVANCED_FACE('',(#2554),#424,.T.);
#7779=ADVANCED_FACE('',(#2555),#2287,.F.);
#7780=ADVANCED_FACE('',(#2556),#425,.T.);
#7781=ADVANCED_FACE('',(#2557),#2288,.F.);
#7782=ADVANCED_FACE('',(#2558),#426,.T.);
#7783=ADVANCED_FACE('',(#2559),#427,.T.);
#7784=ADVANCED_FACE('',(#2560),#428,.T.);
#7785=ADVANCED_FACE('',(#2561),#429,.T.);
#7786=ADVANCED_FACE('',(#2562),#430,.T.);
#7787=ADVANCED_FACE('',(#2563),#431,.T.);
#7788=ADVANCED_FACE('',(#2564),#432,.T.);
#7789=ADVANCED_FACE('',(#2565),#2289,.F.);
#7790=ADVANCED_FACE('',(#2566),#433,.T.);
#7791=ADVANCED_FACE('',(#2567),#2290,.F.);
#7792=ADVANCED_FACE('',(#2568),#434,.T.);
#7793=ADVANCED_FACE('',(#2569),#435,.T.);
#7794=ADVANCED_FACE('',(#2570),#436,.T.);
#7795=ADVANCED_FACE('',(#2571),#437,.T.);
#7796=ADVANCED_FACE('',(#2572),#438,.T.);
#7797=ADVANCED_FACE('',(#2573),#2291,.T.);
#7798=ADVANCED_FACE('',(#2574),#439,.T.);
#7799=ADVANCED_FACE('',(#2575),#2292,.T.);
#7800=ADVANCED_FACE('',(#2576),#440,.T.);
#7801=ADVANCED_FACE('',(#2577),#2293,.T.);
#7802=ADVANCED_FACE('',(#2578),#441,.T.);
#7803=ADVANCED_FACE('',(#2579),#442,.T.);
#7804=ADVANCED_FACE('',(#2580),#443,.T.);
#7805=ADVANCED_FACE('',(#2581),#444,.T.);
#7806=ADVANCED_FACE('',(#2582),#445,.T.);
#7807=ADVANCED_FACE('',(#2583),#2294,.T.);
#7808=ADVANCED_FACE('',(#2584),#446,.T.);
#7809=ADVANCED_FACE('',(#2585),#447,.T.);
#7810=ADVANCED_FACE('',(#2586),#448,.T.);
#7811=ADVANCED_FACE('',(#2587),#449,.T.);
#7812=ADVANCED_FACE('',(#2588),#450,.T.);
#7813=ADVANCED_FACE('',(#2589),#2295,.T.);
#7814=ADVANCED_FACE('',(#2590),#451,.T.);
#7815=ADVANCED_FACE('',(#2591),#452,.T.);
#7816=ADVANCED_FACE('',(#2592),#453,.T.);
#7817=ADVANCED_FACE('',(#2593),#454,.T.);
#7818=ADVANCED_FACE('',(#2594),#455,.T.);
#7819=ADVANCED_FACE('',(#2595),#456,.T.);
#7820=ADVANCED_FACE('',(#2596),#457,.T.);
#7821=ADVANCED_FACE('',(#2597),#458,.T.);
#7822=ADVANCED_FACE('',(#2598),#459,.T.);
#7823=ADVANCED_FACE('',(#2599),#460,.T.);
#7824=ADVANCED_FACE('',(#2600),#461,.T.);
#7825=ADVANCED_FACE('',(#2601),#462,.T.);
#7826=ADVANCED_FACE('',(#2602),#463,.T.);
#7827=ADVANCED_FACE('',(#2603),#464,.T.);
#7828=ADVANCED_FACE('',(#2604),#465,.T.);
#7829=ADVANCED_FACE('',(#2605),#2296,.T.);
#7830=ADVANCED_FACE('',(#2606),#2297,.T.);
#7831=ADVANCED_FACE('',(#2607),#2298,.T.);
#7832=ADVANCED_FACE('',(#2608),#466,.T.);
#7833=ADVANCED_FACE('',(#2609),#467,.T.);
#7834=ADVANCED_FACE('',(#2610),#468,.T.);
#7835=ADVANCED_FACE('',(#2611),#2299,.T.);
#7836=ADVANCED_FACE('',(#2612),#469,.T.);
#7837=ADVANCED_FACE('',(#2613),#2300,.T.);
#7838=ADVANCED_FACE('',(#2614),#470,.T.);
#7839=ADVANCED_FACE('',(#2615),#471,.T.);
#7840=ADVANCED_FACE('',(#2616),#472,.T.);
#7841=ADVANCED_FACE('',(#2617),#473,.T.);
#7842=ADVANCED_FACE('',(#2618),#2301,.T.);
#7843=ADVANCED_FACE('',(#2619),#474,.T.);
#7844=ADVANCED_FACE('',(#2620),#2302,.T.);
#7845=ADVANCED_FACE('',(#2621),#475,.T.);
#7846=ADVANCED_FACE('',(#2622),#476,.T.);
#7847=ADVANCED_FACE('',(#2623),#477,.T.);
#7848=ADVANCED_FACE('',(#2624),#2303,.T.);
#7849=ADVANCED_FACE('',(#2625),#478,.T.);
#7850=ADVANCED_FACE('',(#2626),#2304,.T.);
#7851=ADVANCED_FACE('',(#2627),#479,.T.);
#7852=ADVANCED_FACE('',(#2628),#480,.T.);
#7853=ADVANCED_FACE('',(#2629),#481,.T.);
#7854=ADVANCED_FACE('',(#2630),#482,.T.);
#7855=ADVANCED_FACE('',(#2631),#483,.T.);
#7856=ADVANCED_FACE('',(#2632),#484,.T.);
#7857=ADVANCED_FACE('',(#2633),#485,.T.);
#7858=ADVANCED_FACE('',(#2634),#486,.T.);
#7859=ADVANCED_FACE('',(#2635),#487,.T.);
#7860=ADVANCED_FACE('',(#2636),#2305,.T.);
#7861=ADVANCED_FACE('',(#2637),#488,.T.);
#7862=ADVANCED_FACE('',(#2638),#489,.T.);
#7863=ADVANCED_FACE('',(#2639),#490,.T.);
#7864=ADVANCED_FACE('',(#2640),#491,.T.);
#7865=ADVANCED_FACE('',(#2641),#492,.T.);
#7866=ADVANCED_FACE('',(#2642),#2306,.T.);
#7867=ADVANCED_FACE('',(#2643),#493,.T.);
#7868=ADVANCED_FACE('',(#2644),#2307,.F.);
#7869=ADVANCED_FACE('',(#2645),#494,.T.);
#7870=ADVANCED_FACE('',(#2646),#2308,.F.);
#7871=ADVANCED_FACE('',(#2647),#495,.T.);
#7872=ADVANCED_FACE('',(#2648),#2309,.F.);
#7873=ADVANCED_FACE('',(#2649),#496,.T.);
#7874=ADVANCED_FACE('',(#2650),#2310,.F.);
#7875=ADVANCED_FACE('',(#2651),#497,.T.);
#7876=ADVANCED_FACE('',(#2652),#2311,.T.);
#7877=ADVANCED_FACE('',(#2653),#498,.T.);
#7878=ADVANCED_FACE('',(#2654),#2312,.T.);
#7879=ADVANCED_FACE('',(#2655),#2313,.T.);
#7880=ADVANCED_FACE('',(#2656),#499,.T.);
#7881=ADVANCED_FACE('',(#2657),#2314,.F.);
#7882=ADVANCED_FACE('',(#2658),#2315,.T.);
#7883=ADVANCED_FACE('',(#2659),#2316,.T.);
#7884=ADVANCED_FACE('',(#2660),#500,.T.);
#7885=ADVANCED_FACE('',(#2661),#501,.T.);
#7886=ADVANCED_FACE('',(#2662),#2317,.F.);
#7887=ADVANCED_FACE('',(#2663,#254,#255),#502,.T.);
#7888=ADVANCED_FACE('',(#2664),#2318,.T.);
#7889=ADVANCED_FACE('',(#2665),#503,.T.);
#7890=ADVANCED_FACE('',(#2666),#90,.F.);
#7891=ADVANCED_FACE('',(#2667),#2319,.T.);
#7892=ADVANCED_FACE('',(#2668),#504,.T.);
#7893=ADVANCED_FACE('',(#2669),#2320,.T.);
#7894=ADVANCED_FACE('',(#2670),#91,.F.);
#7895=ADVANCED_FACE('',(#2671),#2321,.T.);
#7896=ADVANCED_FACE('',(#2672),#2322,.T.);
#7897=ADVANCED_FACE('',(#2673),#505,.T.);
#7898=ADVANCED_FACE('',(#2674),#2323,.T.);
#7899=ADVANCED_FACE('',(#2675),#92,.F.);
#7900=ADVANCED_FACE('',(#2676),#2324,.T.);
#7901=ADVANCED_FACE('',(#2677),#506,.T.);
#7902=ADVANCED_FACE('',(#2678),#2325,.T.);
#7903=ADVANCED_FACE('',(#2679),#93,.F.);
#7904=ADVANCED_FACE('',(#2680),#2326,.T.);
#7905=ADVANCED_FACE('',(#2681),#507,.T.);
#7906=ADVANCED_FACE('',(#2682),#2327,.T.);
#7907=ADVANCED_FACE('',(#2683),#94,.F.);
#7908=ADVANCED_FACE('',(#2684),#508,.T.);
#7909=ADVANCED_FACE('',(#2685),#2328,.T.);
#7910=ADVANCED_FACE('',(#2686),#2329,.T.);
#7911=ADVANCED_FACE('',(#2687),#95,.F.);
#7912=ADVANCED_FACE('',(#2688),#509,.T.);
#7913=ADVANCED_FACE('',(#2689),#2330,.T.);
#7914=ADVANCED_FACE('',(#2690),#2331,.T.);
#7915=ADVANCED_FACE('',(#2691),#96,.F.);
#7916=ADVANCED_FACE('',(#2692),#510,.T.);
#7917=ADVANCED_FACE('',(#2693),#2332,.T.);
#7918=ADVANCED_FACE('',(#2694),#2333,.T.);
#7919=ADVANCED_FACE('',(#2695),#97,.F.);
#7920=ADVANCED_FACE('',(#2696),#2334,.T.);
#7921=ADVANCED_FACE('',(#2697),#2335,.T.);
#7922=ADVANCED_FACE('',(#2698),#511,.T.);
#7923=ADVANCED_FACE('',(#2699),#2336,.T.);
#7924=ADVANCED_FACE('',(#2700),#7607,.T.);
#7925=ADVANCED_FACE('',(#2701),#2337,.T.);
#7926=ADVANCED_FACE('',(#2702,#256,#257,#258,#259),#512,.T.);
#7927=ADVANCED_FACE('',(#2703),#7608,.T.);
#7928=ADVANCED_FACE('',(#2704),#2338,.T.);
#7929=ADVANCED_FACE('',(#2705,#260,#261,#262,#263),#513,.T.);
#7930=ADVANCED_FACE('',(#2706),#2339,.F.);
#7931=ADVANCED_FACE('',(#2707),#2340,.T.);
#7932=ADVANCED_FACE('',(#2708),#514,.T.);
#7933=ADVANCED_FACE('',(#2709),#2341,.T.);
#7934=ADVANCED_FACE('',(#2710),#2342,.F.);
#7935=ADVANCED_FACE('',(#2711),#2343,.T.);
#7936=ADVANCED_FACE('',(#2712),#2344,.T.);
#7937=ADVANCED_FACE('',(#2713),#515,.T.);
#7938=ADVANCED_FACE('',(#2714),#2345,.T.);
#7939=ADVANCED_FACE('',(#2715),#2346,.F.);
#7940=ADVANCED_FACE('',(#2716),#516,.T.);
#7941=ADVANCED_FACE('',(#2717),#2347,.T.);
#7942=ADVANCED_FACE('',(#2718),#2348,.T.);
#7943=ADVANCED_FACE('',(#2719),#2349,.T.);
#7944=ADVANCED_FACE('',(#2720),#2350,.F.);
#7945=ADVANCED_FACE('',(#2721),#517,.T.);
#7946=ADVANCED_FACE('',(#2722),#2351,.T.);
#7947=ADVANCED_FACE('',(#2723),#2352,.T.);
#7948=ADVANCED_FACE('',(#2724),#2353,.T.);
#7949=ADVANCED_FACE('',(#2725),#2354,.F.);
#7950=ADVANCED_FACE('',(#2726),#2355,.T.);
#7951=ADVANCED_FACE('',(#2727),#518,.T.);
#7952=ADVANCED_FACE('',(#2728),#2356,.T.);
#7953=ADVANCED_FACE('',(#2729),#2357,.F.);
#7954=ADVANCED_FACE('',(#2730),#519,.T.);
#7955=ADVANCED_FACE('',(#2731),#2358,.T.);
#7956=ADVANCED_FACE('',(#2732),#2359,.T.);
#7957=ADVANCED_FACE('',(#2733),#2360,.T.);
#7958=ADVANCED_FACE('',(#2734),#2361,.F.);
#7959=ADVANCED_FACE('',(#2735),#2362,.T.);
#7960=ADVANCED_FACE('',(#2736),#2363,.T.);
#7961=ADVANCED_FACE('',(#2737),#520,.T.);
#7962=ADVANCED_FACE('',(#2738),#2364,.T.);
#7963=ADVANCED_FACE('',(#2739),#2365,.F.);
#7964=ADVANCED_FACE('',(#2740),#2366,.T.);
#7965=ADVANCED_FACE('',(#2741),#2367,.T.);
#7966=ADVANCED_FACE('',(#2742),#521,.T.);
#7967=ADVANCED_FACE('',(#2743),#2368,.T.);
#7968=ADVANCED_FACE('',(#2744,#264,#265),#522,.F.);
#7969=ADVANCED_FACE('',(#2745),#523,.T.);
#7970=ADVANCED_FACE('',(#2746),#524,.T.);
#7971=ADVANCED_FACE('',(#2747),#98,.T.);
#7972=ADVANCED_FACE('',(#2748),#525,.T.);
#7973=ADVANCED_FACE('',(#2749),#526,.T.);
#7974=ADVANCED_FACE('',(#2750),#99,.T.);
#7975=ADVANCED_FACE('',(#2751),#527,.T.);
#7976=ADVANCED_FACE('',(#2752),#2369,.T.);
#7977=ADVANCED_FACE('',(#2753),#528,.T.);
#7978=ADVANCED_FACE('',(#2754),#2370,.T.);
#7979=ADVANCED_FACE('',(#2755),#2371,.T.);
#7980=ADVANCED_FACE('',(#2756),#529,.T.);
#7981=ADVANCED_FACE('',(#2757),#2372,.T.);
#7982=ADVANCED_FACE('',(#2758,#266),#530,.T.);
#7983=ADVANCED_FACE('',(#2759,#267),#531,.T.);
#7984=ADVANCED_FACE('',(#2760),#2373,.T.);
#7985=ADVANCED_FACE('',(#2761),#532,.T.);
#7986=ADVANCED_FACE('',(#2762),#2374,.T.);
#7987=ADVANCED_FACE('',(#2763),#533,.T.);
#7988=ADVANCED_FACE('',(#2764),#534,.T.);
#7989=ADVANCED_FACE('',(#2765),#535,.T.);
#7990=ADVANCED_FACE('',(#2766),#536,.T.);
#7991=ADVANCED_FACE('',(#2767),#537,.T.);
#7992=ADVANCED_FACE('',(#2768),#538,.T.);
#7993=ADVANCED_FACE('',(#2769),#539,.T.);
#7994=ADVANCED_FACE('',(#2770),#540,.T.);
#7995=ADVANCED_FACE('',(#2771),#541,.T.);
#7996=ADVANCED_FACE('',(#2772),#542,.T.);
#7997=ADVANCED_FACE('',(#2773),#2375,.T.);
#7998=ADVANCED_FACE('',(#2774),#543,.T.);
#7999=ADVANCED_FACE('',(#2775),#2376,.T.);
#8000=ADVANCED_FACE('',(#2776),#544,.T.);
#8001=ADVANCED_FACE('',(#2777),#2377,.T.);
#8002=ADVANCED_FACE('',(#2778),#545,.T.);
#8003=ADVANCED_FACE('',(#2779),#2378,.T.);
#8004=ADVANCED_FACE('',(#2780,#268),#546,.F.);
#8005=ADVANCED_FACE('',(#2781,#269,#270,#271),#547,.F.);
#8006=ADVANCED_FACE('',(#2782),#548,.F.);
#8007=ADVANCED_FACE('',(#2783),#549,.F.);
#8008=ADVANCED_FACE('',(#2784),#550,.F.);
#8009=ADVANCED_FACE('',(#2785),#551,.F.);
#8010=ADVANCED_FACE('',(#2786),#552,.F.);
#8011=ADVANCED_FACE('',(#2787),#553,.F.);
#8012=ADVANCED_FACE('',(#2788,#272),#554,.F.);
#8013=ADVANCED_FACE('',(#2789),#555,.F.);
#8014=ADVANCED_FACE('',(#2790),#556,.F.);
#8015=ADVANCED_FACE('',(#2791),#557,.F.);
#8016=ADVANCED_FACE('',(#2792),#558,.F.);
#8017=ADVANCED_FACE('',(#2793),#559,.F.);
#8018=ADVANCED_FACE('',(#2794),#560,.F.);
#8019=ADVANCED_FACE('',(#2795,#273),#561,.F.);
#8020=ADVANCED_FACE('',(#2796),#562,.T.);
#8021=ADVANCED_FACE('',(#2797),#563,.T.);
#8022=ADVANCED_FACE('',(#2798),#564,.T.);
#8023=ADVANCED_FACE('',(#2799),#565,.T.);
#8024=ADVANCED_FACE('',(#2800),#566,.T.);
#8025=ADVANCED_FACE('',(#2801),#567,.T.);
#8026=ADVANCED_FACE('',(#2802),#568,.T.);
#8027=ADVANCED_FACE('',(#2803),#569,.T.);
#8028=ADVANCED_FACE('',(#2804),#2379,.F.);
#8029=ADVANCED_FACE('',(#2805),#2380,.F.);
#8030=ADVANCED_FACE('',(#2806),#570,.T.);
#8031=ADVANCED_FACE('',(#2807),#2381,.T.);
#8032=ADVANCED_FACE('',(#2808),#571,.T.);
#8033=ADVANCED_FACE('',(#2809),#2382,.T.);
#8034=ADVANCED_FACE('',(#2810),#572,.T.);
#8035=ADVANCED_FACE('',(#2811),#2383,.T.);
#8036=ADVANCED_FACE('',(#2812,#274,#275,#276,#277,#278,#279,#280,#281,#282,
#283,#284,#285,#286,#287,#288),#573,.T.);
#8037=ADVANCED_FACE('',(#2813),#2384,.T.);
#8038=ADVANCED_FACE('',(#2814,#289),#574,.T.);
#8039=CLOSED_SHELL('',(#7609,#7610,#7611,#7612,#7613,#7614,#7615,#7616,
#7617,#7618,#7619,#7620,#7621,#7622,#7623,#7624,#7625,#7626,#7627,#7628,
#7629,#7630));
#8040=CLOSED_SHELL('',(#7631,#7632,#7633,#7634,#7635,#7636,#7637,#7638,
#7639,#7640,#7641,#7642,#7643,#7644,#7645,#7646,#7647,#7648,#7649,#7650,
#7651,#7652));
#8041=CLOSED_SHELL('',(#7653,#7654,#7655,#7656,#7657,#7658,#7659,#7660,
#7661,#7662,#7663,#7664,#7665,#7666,#7667,#7668,#7669,#7670,#7671,#7672,
#7673,#7674,#7675,#7676,#7677,#7678,#7679,#7680,#7681,#7682,#7683,#7684,
#7685,#7686,#7687,#7688,#7689,#7690,#7691,#7692,#7693,#7694,#7695,#7696,
#7697,#7698,#7699,#7700,#7701,#7702,#7703,#7704,#7705,#7706,#7707,#7708,
#7709,#7710,#7711,#7712,#7713,#7714,#7715,#7716,#7717,#7718,#7719,#7720,
#7721,#7722,#7723,#7724,#7725,#7726,#7727,#7728,#7729,#7730,#7731,#7732,
#7733,#7734,#7735,#7736,#7737,#7738,#7739,#7740,#7741,#7742,#7743,#7744,
#7745,#7746,#7747,#7748,#7749,#7750,#7751,#7752,#7753,#7754,#7755,#7756,
#7757,#7758,#7759,#7760,#7761,#7762,#7763,#7764,#7765,#7766,#7767,#7768,
#7769,#7770,#7771,#7772,#7773,#7774,#7775,#7776,#7777,#7778,#7779,#7780,
#7781,#7782,#7783,#7784,#7785,#7786,#7787,#7788,#7789,#7790,#7791,#7792,
#7793,#7794,#7795,#7796,#7797,#7798,#7799,#7800,#7801,#7802,#7803,#7804,
#7805,#7806,#7807,#7808,#7809,#7810,#7811,#7812,#7813,#7814,#7815,#7816,
#7817,#7818,#7819,#7820,#7821,#7822,#7823,#7824,#7825,#7826,#7827,#7828,
#7829,#7830,#7831,#7832,#7833,#7834,#7835,#7836,#7837,#7838,#7839,#7840,
#7841,#7842,#7843,#7844,#7845,#7846,#7847,#7848,#7849,#7850,#7851,#7852,
#7853,#7854,#7855,#7856,#7857,#7858,#7859,#7860,#7861,#7862,#7863,#7864,
#7865,#7866,#7867,#7868,#7869,#7870,#7871,#7872,#7873,#7874,#7875,#7876,
#7877,#7878,#7879,#7880,#7881,#7882,#7883,#7884,#7885,#7886,#7887,#7888,
#7889,#7890,#7891,#7892,#7893,#7894,#7895,#7896,#7897,#7898,#7899,#7900,
#7901,#7902,#7903,#7904,#7905,#7906,#7907,#7908,#7909,#7910,#7911,#7912,
#7913,#7914,#7915,#7916,#7917,#7918,#7919,#7920,#7921,#7922,#7923,#7924,
#7925,#7926,#7927,#7928,#7929,#7930,#7931,#7932,#7933,#7934,#7935,#7936,
#7937,#7938,#7939,#7940,#7941,#7942,#7943,#7944,#7945,#7946,#7947,#7948,
#7949,#7950,#7951,#7952,#7953,#7954,#7955,#7956,#7957,#7958,#7959,#7960,
#7961,#7962,#7963,#7964,#7965,#7966,#7967,#7968,#7969,#7970,#7971,#7972,
#7973,#7974,#7975,#7976,#7977,#7978,#7979,#7980,#7981,#7982,#7983,#7984,
#7985,#7986,#7987,#7988,#7989,#7990,#7991,#7992,#7993,#7994,#7995,#7996,
#7997,#7998,#7999,#8000,#8001,#8002,#8003,#8004,#8005,#8006,#8007,#8008,
#8009,#8010,#8011,#8012,#8013,#8014,#8015,#8016,#8017,#8018,#8019,#8020,
#8021,#8022,#8023,#8024,#8025,#8026,#8027,#8028,#8029,#8030,#8031,#8032,
#8033,#8034,#8035,#8036,#8037,#8038));
#8042=DERIVED_UNIT_ELEMENT(#8046,1.);
#8043=DERIVED_UNIT_ELEMENT(#14134,-3.);
#8044=DERIVED_UNIT_ELEMENT(#8046,1.);
#8045=DERIVED_UNIT_ELEMENT(#14134,-3.);
#8046=(
MASS_UNIT()
NAMED_UNIT(*)
SI_UNIT(.KILO.,.GRAM.)
);
#8047=DERIVED_UNIT((#8042,#8043));
#8048=DERIVED_UNIT((#8044,#8045));
#8049=MEASURE_REPRESENTATION_ITEM('density measure',
POSITIVE_RATIO_MEASURE(7850.),#8047);
#8050=MEASURE_REPRESENTATION_ITEM('density measure',
POSITIVE_RATIO_MEASURE(7850.),#8048);
#8051=PROPERTY_DEFINITION_REPRESENTATION(#8061,#8055);
#8052=PROPERTY_DEFINITION_REPRESENTATION(#8062,#8056);
#8053=PROPERTY_DEFINITION_REPRESENTATION(#8063,#8057);
#8054=PROPERTY_DEFINITION_REPRESENTATION(#8064,#8058);
#8055=REPRESENTATION('material name',(#8059),#14130);
#8056=REPRESENTATION('density',(#8049),#14130);
#8057=REPRESENTATION('material name',(#8060),#14131);
#8058=REPRESENTATION('density',(#8050),#14131);
#8059=DESCRIPTIVE_REPRESENTATION_ITEM('Steel','Steel');
#8060=DESCRIPTIVE_REPRESENTATION_ITEM('Steel','Steel');
#8061=PROPERTY_DEFINITION('material property','material name',#14150);
#8062=PROPERTY_DEFINITION('material property','density of part',#14150);
#8063=PROPERTY_DEFINITION('material property','material name',#14151);
#8064=PROPERTY_DEFINITION('material property','density of part',#14151);
#8065=AXIS2_PLACEMENT_3D('placement',#10821,#8703,#8704);
#8066=AXIS2_PLACEMENT_3D('placement',#10822,#8705,#8706);
#8067=AXIS2_PLACEMENT_3D('',#10823,#8707,#8708);
#8068=AXIS2_PLACEMENT_3D('',#10826,#8709,#8710);
#8069=AXIS2_PLACEMENT_3D('',#10828,#8711,#8712);
#8070=AXIS2_PLACEMENT_3D('',#10829,#8713,#8714);
#8071=AXIS2_PLACEMENT_3D('',#10830,#8715,#8716);
#8072=AXIS2_PLACEMENT_3D('',#10831,#8717,#8718);
#8073=AXIS2_PLACEMENT_3D('',#10834,#8719,#8720);
#8074=AXIS2_PLACEMENT_3D('',#10836,#8722,#8723);
#8075=AXIS2_PLACEMENT_3D('',#10837,#8724,#8725);
#8076=AXIS2_PLACEMENT_3D('',#10850,#8732,#8733);
#8077=AXIS2_PLACEMENT_3D('',#10852,#8734,#8735);
#8078=AXIS2_PLACEMENT_3D('',#10853,#8736,#8737);
#8079=AXIS2_PLACEMENT_3D('',#10854,#8738,#8739);
#8080=AXIS2_PLACEMENT_3D('',#10867,#8746,#8747);
#8081=AXIS2_PLACEMENT_3D('',#10871,#8749,#8750);
#8082=AXIS2_PLACEMENT_3D('',#10872,#8751,#8752);
#8083=AXIS2_PLACEMENT_3D('',#10873,#8753,#8754);
#8084=AXIS2_PLACEMENT_3D('',#10875,#8755,#8756);
#8085=AXIS2_PLACEMENT_3D('',#10877,#8758,#8759);
#8086=AXIS2_PLACEMENT_3D('',#10879,#8760,#8761);
#8087=AXIS2_PLACEMENT_3D('',#10881,#8763,#8764);
#8088=AXIS2_PLACEMENT_3D('',#10883,#8765,#8766);
#8089=AXIS2_PLACEMENT_3D('',#10885,#8768,#8769);
#8090=AXIS2_PLACEMENT_3D('',#10887,#8770,#8771);
#8091=AXIS2_PLACEMENT_3D('',#10889,#8773,#8774);
#8092=AXIS2_PLACEMENT_3D('',#10895,#8778,#8779);
#8093=AXIS2_PLACEMENT_3D('',#10899,#8782,#8783);
#8094=AXIS2_PLACEMENT_3D('',#10903,#8786,#8787);
#8095=AXIS2_PLACEMENT_3D('',#10907,#8790,#8791);
#8096=AXIS2_PLACEMENT_3D('',#10911,#8794,#8795);
#8097=AXIS2_PLACEMENT_3D('',#10912,#8796,#8797);
#8098=AXIS2_PLACEMENT_3D('',#10913,#8798,#8799);
#8099=AXIS2_PLACEMENT_3D('',#10914,#8800,#8801);
#8100=AXIS2_PLACEMENT_3D('',#10915,#8802,#8803);
#8101=AXIS2_PLACEMENT_3D('',#10916,#8804,#8805);
#8102=AXIS2_PLACEMENT_3D('',#10917,#8806,#8807);
#8103=AXIS2_PLACEMENT_3D('',#10919,#8809,#8810);
#8104=AXIS2_PLACEMENT_3D('',#10920,#8811,#8812);
#8105=AXIS2_PLACEMENT_3D('',#10921,#8813,#8814);
#8106=AXIS2_PLACEMENT_3D('',#10922,#8815,#8816);
#8107=AXIS2_PLACEMENT_3D('',#10923,#8817,#8818);
#8108=AXIS2_PLACEMENT_3D('',#10924,#8819,#8820);
#8109=AXIS2_PLACEMENT_3D('placement',#10925,#8821,#8822);
#8110=AXIS2_PLACEMENT_3D('',#10926,#8823,#8824);
#8111=AXIS2_PLACEMENT_3D('',#10929,#8825,#8826);
#8112=AXIS2_PLACEMENT_3D('',#10931,#8827,#8828);
#8113=AXIS2_PLACEMENT_3D('',#10932,#8829,#8830);
#8114=AXIS2_PLACEMENT_3D('',#10933,#8831,#8832);
#8115=AXIS2_PLACEMENT_3D('',#10934,#8833,#8834);
#8116=AXIS2_PLACEMENT_3D('',#10937,#8835,#8836);
#8117=AXIS2_PLACEMENT_3D('',#10939,#8838,#8839);
#8118=AXIS2_PLACEMENT_3D('',#10940,#8840,#8841);
#8119=AXIS2_PLACEMENT_3D('',#10953,#8848,#8849);
#8120=AXIS2_PLACEMENT_3D('',#10955,#8850,#8851);
#8121=AXIS2_PLACEMENT_3D('',#10956,#8852,#8853);
#8122=AXIS2_PLACEMENT_3D('',#10957,#8854,#8855);
#8123=AXIS2_PLACEMENT_3D('',#10970,#8862,#8863);
#8124=AXIS2_PLACEMENT_3D('',#10974,#8865,#8866);
#8125=AXIS2_PLACEMENT_3D('',#10975,#8867,#8868);
#8126=AXIS2_PLACEMENT_3D('',#10976,#8869,#8870);
#8127=AXIS2_PLACEMENT_3D('',#10978,#8871,#8872);
#8128=AXIS2_PLACEMENT_3D('',#10980,#8874,#8875);
#8129=AXIS2_PLACEMENT_3D('',#10982,#8876,#8877);
#8130=AXIS2_PLACEMENT_3D('',#10984,#8879,#8880);
#8131=AXIS2_PLACEMENT_3D('',#10986,#8881,#8882);
#8132=AXIS2_PLACEMENT_3D('',#10988,#8884,#8885);
#8133=AXIS2_PLACEMENT_3D('',#10990,#8886,#8887);
#8134=AXIS2_PLACEMENT_3D('',#10992,#8889,#8890);
#8135=AXIS2_PLACEMENT_3D('',#10998,#8894,#8895);
#8136=AXIS2_PLACEMENT_3D('',#11002,#8898,#8899);
#8137=AXIS2_PLACEMENT_3D('',#11006,#8902,#8903);
#8138=AXIS2_PLACEMENT_3D('',#11010,#8906,#8907);
#8139=AXIS2_PLACEMENT_3D('',#11014,#8910,#8911);
#8140=AXIS2_PLACEMENT_3D('',#11015,#8912,#8913);
#8141=AXIS2_PLACEMENT_3D('',#11016,#8914,#8915);
#8142=AXIS2_PLACEMENT_3D('',#11017,#8916,#8917);
#8143=AXIS2_PLACEMENT_3D('',#11018,#8918,#8919);
#8144=AXIS2_PLACEMENT_3D('',#11019,#8920,#8921);
#8145=AXIS2_PLACEMENT_3D('',#11020,#8922,#8923);
#8146=AXIS2_PLACEMENT_3D('',#11022,#8925,#8926);
#8147=AXIS2_PLACEMENT_3D('',#11023,#8927,#8928);
#8148=AXIS2_PLACEMENT_3D('',#11024,#8929,#8930);
#8149=AXIS2_PLACEMENT_3D('',#11025,#8931,#8932);
#8150=AXIS2_PLACEMENT_3D('',#11026,#8933,#8934);
#8151=AXIS2_PLACEMENT_3D('',#11027,#8935,#8936);
#8152=AXIS2_PLACEMENT_3D('',#11028,#8937,#8938);
#8153=AXIS2_PLACEMENT_3D('',#11037,#8943,#8944);
#8154=AXIS2_PLACEMENT_3D('',#11043,#8948,#8949);
#8155=AXIS2_PLACEMENT_3D('',#11049,#8953,#8954);
#8156=AXIS2_PLACEMENT_3D('',#11052,#8957,#8958);
#8157=AXIS2_PLACEMENT_3D('',#11053,#8959,#8960);
#8158=AXIS2_PLACEMENT_3D('',#11062,#8965,#8966);
#8159=AXIS2_PLACEMENT_3D('',#11068,#8970,#8971);
#8160=AXIS2_PLACEMENT_3D('',#11074,#8975,#8976);
#8161=AXIS2_PLACEMENT_3D('',#11080,#8980,#8981);
#8162=AXIS2_PLACEMENT_3D('',#11086,#8985,#8986);
#8163=AXIS2_PLACEMENT_3D('',#11092,#8990,#8991);
#8164=AXIS2_PLACEMENT_3D('',#11098,#8995,#8996);
#8165=AXIS2_PLACEMENT_3D('',#11104,#9000,#9001);
#8166=AXIS2_PLACEMENT_3D('',#11110,#9005,#9006);
#8167=AXIS2_PLACEMENT_3D('',#11116,#9010,#9011);
#8168=AXIS2_PLACEMENT_3D('',#11122,#9015,#9016);
#8169=AXIS2_PLACEMENT_3D('',#11125,#9019,#9020);
#8170=AXIS2_PLACEMENT_3D('',#11126,#9021,#9022);
#8171=AXIS2_PLACEMENT_3D('',#11135,#9027,#9028);
#8172=AXIS2_PLACEMENT_3D('',#11141,#9032,#9033);
#8173=AXIS2_PLACEMENT_3D('',#11147,#9037,#9038);
#8174=AXIS2_PLACEMENT_3D('',#11153,#9042,#9043);
#8175=AXIS2_PLACEMENT_3D('',#11159,#9047,#9048);
#8176=AXIS2_PLACEMENT_3D('',#11165,#9052,#9053);
#8177=AXIS2_PLACEMENT_3D('',#11171,#9057,#9058);
#8178=AXIS2_PLACEMENT_3D('',#11177,#9062,#9063);
#8179=AXIS2_PLACEMENT_3D('',#11183,#9067,#9068);
#8180=AXIS2_PLACEMENT_3D('',#11189,#9072,#9073);
#8181=AXIS2_PLACEMENT_3D('',#11195,#9077,#9078);
#8182=AXIS2_PLACEMENT_3D('',#11201,#9082,#9083);
#8183=AXIS2_PLACEMENT_3D('',#11204,#9086,#9087);
#8184=AXIS2_PLACEMENT_3D('',#11224,#9088,#9089);
#8185=AXIS2_PLACEMENT_3D('',#11227,#9091,#9092);
#8186=AXIS2_PLACEMENT_3D('',#11247,#9093,#9094);
#8187=AXIS2_PLACEMENT_3D('',#11250,#9096,#9097);
#8188=AXIS2_PLACEMENT_3D('',#11251,#9098,#9099);
#8189=AXIS2_PLACEMENT_3D('',#11252,#9100,#9101);
#8190=AXIS2_PLACEMENT_3D('',#11283,#9116,#9117);
#8191=AXIS2_PLACEMENT_3D('',#11287,#9119,#9120);
#8192=AXIS2_PLACEMENT_3D('',#11291,#9122,#9123);
#8193=AXIS2_PLACEMENT_3D('',#11399,#9178,#9179);
#8194=AXIS2_PLACEMENT_3D('',#11405,#9183,#9184);
#8195=AXIS2_PLACEMENT_3D('',#11409,#9187,#9188);
#8196=AXIS2_PLACEMENT_3D('',#11413,#9191,#9192);
#8197=AXIS2_PLACEMENT_3D('',#11417,#9195,#9196);
#8198=AXIS2_PLACEMENT_3D('',#11421,#9199,#9200);
#8199=AXIS2_PLACEMENT_3D('',#11425,#9203,#9204);
#8200=AXIS2_PLACEMENT_3D('',#11429,#9207,#9208);
#8201=AXIS2_PLACEMENT_3D('',#11433,#9211,#9212);
#8202=AXIS2_PLACEMENT_3D('',#11437,#9215,#9216);
#8203=AXIS2_PLACEMENT_3D('',#11441,#9219,#9220);
#8204=AXIS2_PLACEMENT_3D('',#11445,#9223,#9224);
#8205=AXIS2_PLACEMENT_3D('',#11449,#9227,#9228);
#8206=AXIS2_PLACEMENT_3D('',#11453,#9231,#9232);
#8207=AXIS2_PLACEMENT_3D('',#11457,#9235,#9236);
#8208=AXIS2_PLACEMENT_3D('',#11459,#9238,#9239);
#8209=AXIS2_PLACEMENT_3D('',#11460,#9240,#9241);
#8210=AXIS2_PLACEMENT_3D('',#11466,#9245,#9246);
#8211=AXIS2_PLACEMENT_3D('',#11470,#9249,#9250);
#8212=AXIS2_PLACEMENT_3D('',#11474,#9253,#9254);
#8213=AXIS2_PLACEMENT_3D('',#11478,#9257,#9258);
#8214=AXIS2_PLACEMENT_3D('',#11482,#9261,#9262);
#8215=AXIS2_PLACEMENT_3D('',#11486,#9265,#9266);
#8216=AXIS2_PLACEMENT_3D('',#11490,#9269,#9270);
#8217=AXIS2_PLACEMENT_3D('',#11494,#9273,#9274);
#8218=AXIS2_PLACEMENT_3D('',#11498,#9277,#9278);
#8219=AXIS2_PLACEMENT_3D('',#11502,#9281,#9282);
#8220=AXIS2_PLACEMENT_3D('',#11506,#9285,#9286);
#8221=AXIS2_PLACEMENT_3D('',#11508,#9288,#9289);
#8222=AXIS2_PLACEMENT_3D('',#11509,#9290,#9291);
#8223=AXIS2_PLACEMENT_3D('',#11515,#9295,#9296);
#8224=AXIS2_PLACEMENT_3D('',#11519,#9299,#9300);
#8225=AXIS2_PLACEMENT_3D('',#11523,#9303,#9304);
#8226=AXIS2_PLACEMENT_3D('',#11525,#9306,#9307);
#8227=AXIS2_PLACEMENT_3D('',#11526,#9308,#9309);
#8228=AXIS2_PLACEMENT_3D('',#11528,#9310,#9311);
#8229=AXIS2_PLACEMENT_3D('',#11531,#9313,#9314);
#8230=AXIS2_PLACEMENT_3D('',#11532,#9315,#9316);
#8231=AXIS2_PLACEMENT_3D('',#11538,#9320,#9321);
#8232=AXIS2_PLACEMENT_3D('',#11542,#9324,#9325);
#8233=AXIS2_PLACEMENT_3D('',#11544,#9326,#9327);
#8234=AXIS2_PLACEMENT_3D('',#11546,#9329,#9330);
#8235=AXIS2_PLACEMENT_3D('',#11569,#9333,#9334);
#8236=AXIS2_PLACEMENT_3D('',#11571,#9336,#9337);
#8237=AXIS2_PLACEMENT_3D('',#11575,#9340,#9341);
#8238=AXIS2_PLACEMENT_3D('',#11577,#9342,#9343);
#8239=AXIS2_PLACEMENT_3D('',#11579,#9345,#9346);
#8240=AXIS2_PLACEMENT_3D('',#11581,#9348,#9349);
#8241=AXIS2_PLACEMENT_3D('',#11582,#9350,#9351);
#8242=AXIS2_PLACEMENT_3D('',#11583,#9352,#9353);
#8243=AXIS2_PLACEMENT_3D('',#11589,#9357,#9358);
#8244=AXIS2_PLACEMENT_3D('',#11593,#9361,#9362);
#8245=AXIS2_PLACEMENT_3D('',#11597,#9365,#9366);
#8246=AXIS2_PLACEMENT_3D('',#11601,#9369,#9370);
#8247=AXIS2_PLACEMENT_3D('',#11605,#9373,#9374);
#8248=AXIS2_PLACEMENT_3D('',#11609,#9377,#9378);
#8249=AXIS2_PLACEMENT_3D('',#11613,#9381,#9382);
#8250=AXIS2_PLACEMENT_3D('',#11615,#9384,#9385);
#8251=AXIS2_PLACEMENT_3D('',#11616,#9386,#9387);
#8252=AXIS2_PLACEMENT_3D('',#11622,#9391,#9392);
#8253=AXIS2_PLACEMENT_3D('',#11626,#9395,#9396);
#8254=AXIS2_PLACEMENT_3D('',#11630,#9399,#9400);
#8255=AXIS2_PLACEMENT_3D('',#11634,#9403,#9404);
#8256=AXIS2_PLACEMENT_3D('',#11638,#9407,#9408);
#8257=AXIS2_PLACEMENT_3D('',#11642,#9411,#9412);
#8258=AXIS2_PLACEMENT_3D('',#11646,#9415,#9416);
#8259=AXIS2_PLACEMENT_3D('',#11650,#9419,#9420);
#8260=AXIS2_PLACEMENT_3D('',#11654,#9423,#9424);
#8261=AXIS2_PLACEMENT_3D('',#11658,#9427,#9428);
#8262=AXIS2_PLACEMENT_3D('',#11662,#9431,#9432);
#8263=AXIS2_PLACEMENT_3D('',#11666,#9435,#9436);
#8264=AXIS2_PLACEMENT_3D('',#11670,#9439,#9440);
#8265=AXIS2_PLACEMENT_3D('',#11672,#9442,#9443);
#8266=AXIS2_PLACEMENT_3D('',#11673,#9444,#9445);
#8267=AXIS2_PLACEMENT_3D('',#11682,#9450,#9451);
#8268=AXIS2_PLACEMENT_3D('',#11688,#9455,#9456);
#8269=AXIS2_PLACEMENT_3D('',#11694,#9460,#9461);
#8270=AXIS2_PLACEMENT_3D('',#11697,#9464,#9465);
#8271=AXIS2_PLACEMENT_3D('',#11698,#9466,#9467);
#8272=AXIS2_PLACEMENT_3D('',#11707,#9472,#9473);
#8273=AXIS2_PLACEMENT_3D('',#11713,#9477,#9478);
#8274=AXIS2_PLACEMENT_3D('',#11719,#9482,#9483);
#8275=AXIS2_PLACEMENT_3D('',#11725,#9487,#9488);
#8276=AXIS2_PLACEMENT_3D('',#11731,#9492,#9493);
#8277=AXIS2_PLACEMENT_3D('',#11737,#9497,#9498);
#8278=AXIS2_PLACEMENT_3D('',#11740,#9501,#9502);
#8279=AXIS2_PLACEMENT_3D('',#11741,#9503,#9504);
#8280=AXIS2_PLACEMENT_3D('',#11750,#9509,#9510);
#8281=AXIS2_PLACEMENT_3D('',#11756,#9514,#9515);
#8282=AXIS2_PLACEMENT_3D('',#11758,#9516,#9517);
#8283=AXIS2_PLACEMENT_3D('',#11760,#9518,#9519);
#8284=AXIS2_PLACEMENT_3D('',#11762,#9521,#9522);
#8285=AXIS2_PLACEMENT_3D('',#11765,#9525,#9526);
#8286=AXIS2_PLACEMENT_3D('',#11766,#9527,#9528);
#8287=AXIS2_PLACEMENT_3D('',#11775,#9533,#9534);
#8288=AXIS2_PLACEMENT_3D('',#11781,#9538,#9539);
#8289=AXIS2_PLACEMENT_3D('',#11787,#9543,#9544);
#8290=AXIS2_PLACEMENT_3D('',#11789,#9545,#9546);
#8291=AXIS2_PLACEMENT_3D('',#11791,#9547,#9548);
#8292=AXIS2_PLACEMENT_3D('',#11793,#9550,#9551);
#8293=AXIS2_PLACEMENT_3D('',#11799,#9555,#9556);
#8294=AXIS2_PLACEMENT_3D('',#11801,#9557,#9558);
#8295=AXIS2_PLACEMENT_3D('',#11803,#9559,#9560);
#8296=AXIS2_PLACEMENT_3D('',#11805,#9562,#9563);
#8297=AXIS2_PLACEMENT_3D('',#11811,#9567,#9568);
#8298=AXIS2_PLACEMENT_3D('',#11817,#9572,#9573);
#8299=AXIS2_PLACEMENT_3D('',#11823,#9577,#9578);
#8300=AXIS2_PLACEMENT_3D('',#11829,#9582,#9583);
#8301=AXIS2_PLACEMENT_3D('',#11835,#9587,#9588);
#8302=AXIS2_PLACEMENT_3D('',#11841,#9592,#9593);
#8303=AXIS2_PLACEMENT_3D('',#11847,#9597,#9598);
#8304=AXIS2_PLACEMENT_3D('',#11849,#9599,#9600);
#8305=AXIS2_PLACEMENT_3D('',#11851,#9601,#9602);
#8306=AXIS2_PLACEMENT_3D('',#11853,#9604,#9605);
#8307=AXIS2_PLACEMENT_3D('',#11859,#9609,#9610);
#8308=AXIS2_PLACEMENT_3D('',#11861,#9611,#9612);
#8309=AXIS2_PLACEMENT_3D('',#11863,#9613,#9614);
#8310=AXIS2_PLACEMENT_3D('',#11865,#9616,#9617);
#8311=AXIS2_PLACEMENT_3D('',#11871,#9621,#9622);
#8312=AXIS2_PLACEMENT_3D('',#11874,#9625,#9626);
#8313=AXIS2_PLACEMENT_3D('',#11875,#9627,#9628);
#8314=AXIS2_PLACEMENT_3D('',#11884,#9633,#9634);
#8315=AXIS2_PLACEMENT_3D('',#11890,#9638,#9639);
#8316=AXIS2_PLACEMENT_3D('',#11892,#9640,#9641);
#8317=AXIS2_PLACEMENT_3D('',#11894,#9642,#9643);
#8318=AXIS2_PLACEMENT_3D('',#11896,#9645,#9646);
#8319=AXIS2_PLACEMENT_3D('',#11902,#9650,#9651);
#8320=AXIS2_PLACEMENT_3D('',#11904,#9652,#9653);
#8321=AXIS2_PLACEMENT_3D('',#11906,#9654,#9655);
#8322=AXIS2_PLACEMENT_3D('',#11908,#9657,#9658);
#8323=AXIS2_PLACEMENT_3D('',#11914,#9662,#9663);
#8324=AXIS2_PLACEMENT_3D('',#11915,#9664,#9665);
#8325=AXIS2_PLACEMENT_3D('',#11916,#9666,#9667);
#8326=AXIS2_PLACEMENT_3D('',#11917,#9668,#9669);
#8327=AXIS2_PLACEMENT_3D('',#11918,#9670,#9671);
#8328=AXIS2_PLACEMENT_3D('',#11927,#9676,#9677);
#8329=AXIS2_PLACEMENT_3D('',#11933,#9681,#9682);
#8330=AXIS2_PLACEMENT_3D('',#11939,#9686,#9687);
#8331=AXIS2_PLACEMENT_3D('',#11945,#9691,#9692);
#8332=AXIS2_PLACEMENT_3D('',#11947,#9693,#9694);
#8333=AXIS2_PLACEMENT_3D('',#11949,#9695,#9696);
#8334=AXIS2_PLACEMENT_3D('',#11951,#9698,#9699);
#8335=AXIS2_PLACEMENT_3D('',#11957,#9703,#9704);
#8336=AXIS2_PLACEMENT_3D('',#11963,#9708,#9709);
#8337=AXIS2_PLACEMENT_3D('',#11969,#9713,#9714);
#8338=AXIS2_PLACEMENT_3D('',#11975,#9718,#9719);
#8339=AXIS2_PLACEMENT_3D('',#11981,#9723,#9724);
#8340=AXIS2_PLACEMENT_3D('',#11982,#9725,#9726);
#8341=AXIS2_PLACEMENT_3D('',#11983,#9727,#9728);
#8342=AXIS2_PLACEMENT_3D('',#11984,#9729,#9730);
#8343=AXIS2_PLACEMENT_3D('',#11985,#9731,#9732);
#8344=AXIS2_PLACEMENT_3D('',#11994,#9737,#9738);
#8345=AXIS2_PLACEMENT_3D('',#12000,#9742,#9743);
#8346=AXIS2_PLACEMENT_3D('',#12006,#9747,#9748);
#8347=AXIS2_PLACEMENT_3D('',#12012,#9752,#9753);
#8348=AXIS2_PLACEMENT_3D('',#12018,#9757,#9758);
#8349=AXIS2_PLACEMENT_3D('',#12024,#9762,#9763);
#8350=AXIS2_PLACEMENT_3D('',#12027,#9766,#9767);
#8351=AXIS2_PLACEMENT_3D('',#12028,#9768,#9769);
#8352=AXIS2_PLACEMENT_3D('',#12037,#9774,#9775);
#8353=AXIS2_PLACEMENT_3D('',#12043,#9779,#9780);
#8354=AXIS2_PLACEMENT_3D('',#12049,#9784,#9785);
#8355=AXIS2_PLACEMENT_3D('',#12052,#9788,#9789);
#8356=AXIS2_PLACEMENT_3D('',#12053,#9790,#9791);
#8357=AXIS2_PLACEMENT_3D('',#12062,#9796,#9797);
#8358=AXIS2_PLACEMENT_3D('',#12064,#9798,#9799);
#8359=AXIS2_PLACEMENT_3D('',#12066,#9800,#9801);
#8360=AXIS2_PLACEMENT_3D('',#12068,#9803,#9804);
#8361=AXIS2_PLACEMENT_3D('',#12070,#9805,#9806);
#8362=AXIS2_PLACEMENT_3D('',#12072,#9807,#9808);
#8363=AXIS2_PLACEMENT_3D('',#12074,#9810,#9811);
#8364=AXIS2_PLACEMENT_3D('',#12075,#9812,#9813);
#8365=AXIS2_PLACEMENT_3D('',#12076,#9814,#9815);
#8366=AXIS2_PLACEMENT_3D('',#12077,#9816,#9817);
#8367=AXIS2_PLACEMENT_3D('',#12078,#9818,#9819);
#8368=AXIS2_PLACEMENT_3D('',#12087,#9824,#9825);
#8369=AXIS2_PLACEMENT_3D('',#12093,#9829,#9830);
#8370=AXIS2_PLACEMENT_3D('',#12095,#9831,#9832);
#8371=AXIS2_PLACEMENT_3D('',#12097,#9833,#9834);
#8372=AXIS2_PLACEMENT_3D('',#12099,#9836,#9837);
#8373=AXIS2_PLACEMENT_3D('',#12105,#9841,#9842);
#8374=AXIS2_PLACEMENT_3D('',#12107,#9843,#9844);
#8375=AXIS2_PLACEMENT_3D('',#12109,#9845,#9846);
#8376=AXIS2_PLACEMENT_3D('',#12111,#9848,#9849);
#8377=AXIS2_PLACEMENT_3D('',#12114,#9852,#9853);
#8378=AXIS2_PLACEMENT_3D('',#12115,#9854,#9855);
#8379=AXIS2_PLACEMENT_3D('',#12124,#9860,#9861);
#8380=AXIS2_PLACEMENT_3D('',#12130,#9865,#9866);
#8381=AXIS2_PLACEMENT_3D('',#12132,#9867,#9868);
#8382=AXIS2_PLACEMENT_3D('',#12134,#9869,#9870);
#8383=AXIS2_PLACEMENT_3D('',#12136,#9872,#9873);
#8384=AXIS2_PLACEMENT_3D('',#12142,#9877,#9878);
#8385=AXIS2_PLACEMENT_3D('',#12144,#9879,#9880);
#8386=AXIS2_PLACEMENT_3D('',#12146,#9881,#9882);
#8387=AXIS2_PLACEMENT_3D('',#12148,#9884,#9885);
#8388=AXIS2_PLACEMENT_3D('',#12151,#9888,#9889);
#8389=AXIS2_PLACEMENT_3D('',#12152,#9890,#9891);
#8390=AXIS2_PLACEMENT_3D('',#12161,#9896,#9897);
#8391=AXIS2_PLACEMENT_3D('',#12163,#9898,#9899);
#8392=AXIS2_PLACEMENT_3D('',#12165,#9900,#9901);
#8393=AXIS2_PLACEMENT_3D('',#12167,#9903,#9904);
#8394=AXIS2_PLACEMENT_3D('',#12173,#9908,#9909);
#8395=AXIS2_PLACEMENT_3D('',#12175,#9910,#9911);
#8396=AXIS2_PLACEMENT_3D('',#12177,#9912,#9913);
#8397=AXIS2_PLACEMENT_3D('',#12179,#9915,#9916);
#8398=AXIS2_PLACEMENT_3D('',#12185,#9920,#9921);
#8399=AXIS2_PLACEMENT_3D('',#12191,#9925,#9926);
#8400=AXIS2_PLACEMENT_3D('',#12197,#9930,#9931);
#8401=AXIS2_PLACEMENT_3D('',#12200,#9934,#9935);
#8402=AXIS2_PLACEMENT_3D('',#12201,#9936,#9937);
#8403=AXIS2_PLACEMENT_3D('',#12210,#9942,#9943);
#8404=AXIS2_PLACEMENT_3D('',#12216,#9947,#9948);
#8405=AXIS2_PLACEMENT_3D('',#12222,#9952,#9953);
#8406=AXIS2_PLACEMENT_3D('',#12228,#9957,#9958);
#8407=AXIS2_PLACEMENT_3D('',#12230,#9959,#9960);
#8408=AXIS2_PLACEMENT_3D('',#12232,#9961,#9962);
#8409=AXIS2_PLACEMENT_3D('',#12234,#9964,#9965);
#8410=AXIS2_PLACEMENT_3D('',#12240,#9969,#9970);
#8411=AXIS2_PLACEMENT_3D('',#12246,#9974,#9975);
#8412=AXIS2_PLACEMENT_3D('',#12252,#9979,#9980);
#8413=AXIS2_PLACEMENT_3D('',#12258,#9984,#9985);
#8414=AXIS2_PLACEMENT_3D('',#12264,#9989,#9990);
#8415=AXIS2_PLACEMENT_3D('',#12265,#9991,#9992);
#8416=AXIS2_PLACEMENT_3D('',#12266,#9993,#9994);
#8417=AXIS2_PLACEMENT_3D('',#12267,#9995,#9996);
#8418=AXIS2_PLACEMENT_3D('',#12268,#9997,#9998);
#8419=AXIS2_PLACEMENT_3D('',#12295,#10001,#10002);
#8420=AXIS2_PLACEMENT_3D('',#12297,#10003,#10004);
#8421=AXIS2_PLACEMENT_3D('',#12299,#10005,#10006);
#8422=AXIS2_PLACEMENT_3D('',#12303,#10008,#10009);
#8423=AXIS2_PLACEMENT_3D('',#12304,#10010,#10011);
#8424=AXIS2_PLACEMENT_3D('',#12305,#10012,#10013);
#8425=AXIS2_PLACEMENT_3D('',#12329,#10015,#10016);
#8426=AXIS2_PLACEMENT_3D('',#12335,#10020,#10021);
#8427=AXIS2_PLACEMENT_3D('',#12362,#10024,#10025);
#8428=AXIS2_PLACEMENT_3D('',#12364,#10026,#10027);
#8429=AXIS2_PLACEMENT_3D('',#12367,#10029,#10030);
#8430=AXIS2_PLACEMENT_3D('',#12368,#10031,#10032);
#8431=AXIS2_PLACEMENT_3D('',#12392,#10034,#10035);
#8432=AXIS2_PLACEMENT_3D('',#12398,#10039,#10040);
#8433=AXIS2_PLACEMENT_3D('',#12425,#10043,#10044);
#8434=AXIS2_PLACEMENT_3D('',#12427,#10045,#10046);
#8435=AXIS2_PLACEMENT_3D('',#12429,#10047,#10048);
#8436=AXIS2_PLACEMENT_3D('',#12433,#10050,#10051);
#8437=AXIS2_PLACEMENT_3D('',#12434,#10052,#10053);
#8438=AXIS2_PLACEMENT_3D('',#12435,#10054,#10055);
#8439=AXIS2_PLACEMENT_3D('',#12449,#10058,#10059);
#8440=AXIS2_PLACEMENT_3D('',#12450,#10060,#10061);
#8441=AXIS2_PLACEMENT_3D('',#12474,#10063,#10064);
#8442=AXIS2_PLACEMENT_3D('',#12476,#10065,#10066);
#8443=AXIS2_PLACEMENT_3D('',#12479,#10068,#10069);
#8444=AXIS2_PLACEMENT_3D('',#12480,#10070,#10071);
#8445=AXIS2_PLACEMENT_3D('',#12483,#10073,#10074);
#8446=AXIS2_PLACEMENT_3D('',#12496,#10076,#10077);
#8447=AXIS2_PLACEMENT_3D('',#12509,#10079,#10080);
#8448=AXIS2_PLACEMENT_3D('',#12520,#10081,#10082);
#8449=AXIS2_PLACEMENT_3D('',#12522,#10084,#10085);
#8450=AXIS2_PLACEMENT_3D('',#12524,#10087,#10088);
#8451=AXIS2_PLACEMENT_3D('',#12527,#10090,#10091);
#8452=AXIS2_PLACEMENT_3D('',#12528,#10092,#10093);
#8453=AXIS2_PLACEMENT_3D('',#12620,#10098,#10099);
#8454=AXIS2_PLACEMENT_3D('',#12621,#10100,#10101);
#8455=AXIS2_PLACEMENT_3D('',#12623,#10103,#10104);
#8456=AXIS2_PLACEMENT_3D('',#12650,#10105,#10106);
#8457=AXIS2_PLACEMENT_3D('',#12693,#10107,#10108);
#8458=AXIS2_PLACEMENT_3D('',#12721,#10109,#10110);
#8459=AXIS2_PLACEMENT_3D('',#12725,#10112,#10113);
#8460=AXIS2_PLACEMENT_3D('',#12727,#10115,#10116);
#8461=AXIS2_PLACEMENT_3D('',#12731,#10119,#10120);
#8462=AXIS2_PLACEMENT_3D('',#12734,#10122,#10123);
#8463=AXIS2_PLACEMENT_3D('',#12761,#10124,#10125);
#8464=AXIS2_PLACEMENT_3D('',#12804,#10126,#10127);
#8465=AXIS2_PLACEMENT_3D('',#12832,#10128,#10129);
#8466=AXIS2_PLACEMENT_3D('',#12836,#10131,#10132);
#8467=AXIS2_PLACEMENT_3D('',#12838,#10134,#10135);
#8468=AXIS2_PLACEMENT_3D('',#12841,#10137,#10138);
#8469=AXIS2_PLACEMENT_3D('',#12842,#10139,#10140);
#8470=AXIS2_PLACEMENT_3D('',#12846,#10143,#10144);
#8471=AXIS2_PLACEMENT_3D('',#12849,#10146,#10147);
#8472=AXIS2_PLACEMENT_3D('',#12876,#10148,#10149);
#8473=AXIS2_PLACEMENT_3D('',#12919,#10150,#10151);
#8474=AXIS2_PLACEMENT_3D('',#12947,#10152,#10153);
#8475=AXIS2_PLACEMENT_3D('',#12951,#10155,#10156);
#8476=AXIS2_PLACEMENT_3D('',#12953,#10158,#10159);
#8477=AXIS2_PLACEMENT_3D('',#12957,#10162,#10163);
#8478=AXIS2_PLACEMENT_3D('',#12960,#10165,#10166);
#8479=AXIS2_PLACEMENT_3D('',#12987,#10167,#10168);
#8480=AXIS2_PLACEMENT_3D('',#13030,#10169,#10170);
#8481=AXIS2_PLACEMENT_3D('',#13058,#10171,#10172);
#8482=AXIS2_PLACEMENT_3D('',#13062,#10174,#10175);
#8483=AXIS2_PLACEMENT_3D('',#13064,#10177,#10178);
#8484=AXIS2_PLACEMENT_3D('',#13068,#10181,#10182);
#8485=AXIS2_PLACEMENT_3D('',#13071,#10184,#10185);
#8486=AXIS2_PLACEMENT_3D('',#13098,#10186,#10187);
#8487=AXIS2_PLACEMENT_3D('',#13141,#10188,#10189);
#8488=AXIS2_PLACEMENT_3D('',#13169,#10190,#10191);
#8489=AXIS2_PLACEMENT_3D('',#13175,#10195,#10196);
#8490=AXIS2_PLACEMENT_3D('',#13178,#10198,#10199);
#8491=AXIS2_PLACEMENT_3D('',#13179,#10200,#10201);
#8492=AXIS2_PLACEMENT_3D('',#13183,#10203,#10204);
#8493=AXIS2_PLACEMENT_3D('',#13211,#10206,#10207);
#8494=AXIS2_PLACEMENT_3D('',#13254,#10208,#10209);
#8495=AXIS2_PLACEMENT_3D('',#13282,#10210,#10211);
#8496=AXIS2_PLACEMENT_3D('',#13288,#10215,#10216);
#8497=AXIS2_PLACEMENT_3D('',#13291,#10218,#10219);
#8498=AXIS2_PLACEMENT_3D('',#13292,#10220,#10221);
#8499=AXIS2_PLACEMENT_3D('',#13296,#10223,#10224);
#8500=AXIS2_PLACEMENT_3D('',#13324,#10226,#10227);
#8501=AXIS2_PLACEMENT_3D('',#13367,#10228,#10229);
#8502=AXIS2_PLACEMENT_3D('',#13395,#10230,#10231);
#8503=AXIS2_PLACEMENT_3D('',#13401,#10235,#10236);
#8504=AXIS2_PLACEMENT_3D('',#13404,#10238,#10239);
#8505=AXIS2_PLACEMENT_3D('',#13405,#10240,#10241);
#8506=AXIS2_PLACEMENT_3D('',#13409,#10243,#10244);
#8507=AXIS2_PLACEMENT_3D('',#13437,#10246,#10247);
#8508=AXIS2_PLACEMENT_3D('',#13480,#10248,#10249);
#8509=AXIS2_PLACEMENT_3D('',#13508,#10250,#10251);
#8510=AXIS2_PLACEMENT_3D('',#13512,#10253,#10254);
#8511=AXIS2_PLACEMENT_3D('',#13514,#10256,#10257);
#8512=AXIS2_PLACEMENT_3D('',#13517,#10259,#10260);
#8513=AXIS2_PLACEMENT_3D('',#13518,#10261,#10262);
#8514=AXIS2_PLACEMENT_3D('',#13522,#10265,#10266);
#8515=AXIS2_PLACEMENT_3D('',#13525,#10268,#10269);
#8516=AXIS2_PLACEMENT_3D('',#13526,#10270,#10271);
#8517=AXIS2_PLACEMENT_3D('',#13528,#10272,#10273);
#8518=AXIS2_PLACEMENT_3D('',#13530,#10274,#10275);
#8519=AXIS2_PLACEMENT_3D('',#13532,#10276,#10277);
#8520=AXIS2_PLACEMENT_3D('',#13533,#10278,#10279);
#8521=AXIS2_PLACEMENT_3D('',#13534,#10280,#10281);
#8522=AXIS2_PLACEMENT_3D('',#13537,#10283,#10284);
#8523=AXIS2_PLACEMENT_3D('',#13538,#10285,#10286);
#8524=AXIS2_PLACEMENT_3D('',#13539,#10287,#10288);
#8525=AXIS2_PLACEMENT_3D('',#13543,#10290,#10291);
#8526=AXIS2_PLACEMENT_3D('',#13545,#10292,#10293);
#8527=AXIS2_PLACEMENT_3D('',#13546,#10294,#10295);
#8528=AXIS2_PLACEMENT_3D('',#13547,#10296,#10297);
#8529=AXIS2_PLACEMENT_3D('',#13551,#10299,#10300);
#8530=AXIS2_PLACEMENT_3D('',#13553,#10301,#10302);
#8531=AXIS2_PLACEMENT_3D('',#13554,#10303,#10304);
#8532=AXIS2_PLACEMENT_3D('',#13555,#10305,#10306);
#8533=AXIS2_PLACEMENT_3D('',#13559,#10308,#10309);
#8534=AXIS2_PLACEMENT_3D('',#13561,#10310,#10311);
#8535=AXIS2_PLACEMENT_3D('',#13562,#10312,#10313);
#8536=AXIS2_PLACEMENT_3D('',#13564,#10314,#10315);
#8537=AXIS2_PLACEMENT_3D('',#13566,#10316,#10317);
#8538=AXIS2_PLACEMENT_3D('',#13569,#10319,#10320);
#8539=AXIS2_PLACEMENT_3D('',#13570,#10321,#10322);
#8540=AXIS2_PLACEMENT_3D('',#13572,#10323,#10324);
#8541=AXIS2_PLACEMENT_3D('',#13574,#10325,#10326);
#8542=AXIS2_PLACEMENT_3D('',#13576,#10327,#10328);
#8543=AXIS2_PLACEMENT_3D('',#13577,#10329,#10330);
#8544=AXIS2_PLACEMENT_3D('',#13578,#10331,#10332);
#8545=AXIS2_PLACEMENT_3D('',#13581,#10334,#10335);
#8546=AXIS2_PLACEMENT_3D('',#13582,#10336,#10337);
#8547=AXIS2_PLACEMENT_3D('',#13584,#10338,#10339);
#8548=AXIS2_PLACEMENT_3D('',#13586,#10340,#10341);
#8549=AXIS2_PLACEMENT_3D('',#13590,#10343,#10344);
#8550=AXIS2_PLACEMENT_3D('',#13591,#10345,#10346);
#8551=AXIS2_PLACEMENT_3D('',#13593,#10347,#10348);
#8552=AXIS2_PLACEMENT_3D('',#13595,#10349,#10350);
#8553=AXIS2_PLACEMENT_3D('',#13599,#10352,#10353);
#8554=AXIS2_PLACEMENT_3D('',#13600,#10354,#10355);
#8555=AXIS2_PLACEMENT_3D('',#13602,#10356,#10357);
#8556=AXIS2_PLACEMENT_3D('',#13604,#10358,#10359);
#8557=AXIS2_PLACEMENT_3D('',#13608,#10361,#10362);
#8558=AXIS2_PLACEMENT_3D('',#13609,#10363,#10364);
#8559=AXIS2_PLACEMENT_3D('',#13611,#10365,#10366);
#8560=AXIS2_PLACEMENT_3D('',#13613,#10367,#10368);
#8561=AXIS2_PLACEMENT_3D('',#13616,#10370,#10371);
#8562=AXIS2_PLACEMENT_3D('',#13617,#10372,#10373);
#8563=AXIS2_PLACEMENT_3D('',#13619,#10375,#10376);
#8564=AXIS2_PLACEMENT_3D('',#13621,#10378,#10379);
#8565=AXIS2_PLACEMENT_3D('',#13623,#10381,#10382);
#8566=AXIS2_PLACEMENT_3D('',#13624,#10383,#10384);
#8567=AXIS2_PLACEMENT_3D('',#13626,#10386,#10387);
#8568=AXIS2_PLACEMENT_3D('',#13628,#10389,#10390);
#8569=AXIS2_PLACEMENT_3D('',#13630,#10392,#10393);
#8570=AXIS2_PLACEMENT_3D('',#13632,#10395,#10396);
#8571=AXIS2_PLACEMENT_3D('',#13633,#10397,#10398);
#8572=AXIS2_PLACEMENT_3D('',#13634,#10399,#10400);
#8573=AXIS2_PLACEMENT_3D('',#13636,#10402,#10403);
#8574=AXIS2_PLACEMENT_3D('',#13638,#10405,#10406);
#8575=AXIS2_PLACEMENT_3D('',#13640,#10408,#10409);
#8576=AXIS2_PLACEMENT_3D('',#13641,#10410,#10411);
#8577=AXIS2_PLACEMENT_3D('',#13642,#10412,#10413);
#8578=AXIS2_PLACEMENT_3D('',#13644,#10415,#10416);
#8579=AXIS2_PLACEMENT_3D('',#13646,#10418,#10419);
#8580=AXIS2_PLACEMENT_3D('',#13648,#10421,#10422);
#8581=AXIS2_PLACEMENT_3D('',#13649,#10423,#10424);
#8582=AXIS2_PLACEMENT_3D('',#13651,#10426,#10427);
#8583=AXIS2_PLACEMENT_3D('',#13653,#10429,#10430);
#8584=AXIS2_PLACEMENT_3D('',#13655,#10432,#10433);
#8585=AXIS2_PLACEMENT_3D('',#13656,#10434,#10435);
#8586=AXIS2_PLACEMENT_3D('',#13657,#10436,#10437);
#8587=AXIS2_PLACEMENT_3D('',#13659,#10439,#10440);
#8588=AXIS2_PLACEMENT_3D('',#13661,#10442,#10443);
#8589=AXIS2_PLACEMENT_3D('',#13663,#10445,#10446);
#8590=AXIS2_PLACEMENT_3D('',#13664,#10447,#10448);
#8591=AXIS2_PLACEMENT_3D('',#13666,#10450,#10451);
#8592=AXIS2_PLACEMENT_3D('',#13668,#10453,#10454);
#8593=AXIS2_PLACEMENT_3D('',#13670,#10456,#10457);
#8594=AXIS2_PLACEMENT_3D('',#13672,#10459,#10460);
#8595=AXIS2_PLACEMENT_3D('',#13673,#10461,#10462);
#8596=AXIS2_PLACEMENT_3D('',#13675,#10464,#10465);
#8597=AXIS2_PLACEMENT_3D('',#13677,#10467,#10468);
#8598=AXIS2_PLACEMENT_3D('',#13679,#10470,#10471);
#8599=AXIS2_PLACEMENT_3D('',#13681,#10473,#10474);
#8600=AXIS2_PLACEMENT_3D('',#13682,#10475,#10476);
#8601=AXIS2_PLACEMENT_3D('',#13685,#10477,#10478);
#8602=AXIS2_PLACEMENT_3D('',#13689,#10480,#10481);
#8603=AXIS2_PLACEMENT_3D('',#13707,#10491,#10492);
#8604=AXIS2_PLACEMENT_3D('',#13708,#10493,#10494);
#8605=AXIS2_PLACEMENT_3D('',#13761,#10499,#10500);
#8606=AXIS2_PLACEMENT_3D('',#13765,#10503,#10504);
#8607=AXIS2_PLACEMENT_3D('',#13816,#10508,#10509);
#8608=AXIS2_PLACEMENT_3D('',#13818,#10511,#10512);
#8609=AXIS2_PLACEMENT_3D('',#13820,#10513,#10514);
#8610=AXIS2_PLACEMENT_3D('',#13822,#10515,#10516);
#8611=AXIS2_PLACEMENT_3D('',#13824,#10518,#10519);
#8612=AXIS2_PLACEMENT_3D('',#13830,#10523,#10524);
#8613=AXIS2_PLACEMENT_3D('',#13832,#10525,#10526);
#8614=AXIS2_PLACEMENT_3D('',#13834,#10527,#10528);
#8615=AXIS2_PLACEMENT_3D('',#13836,#10530,#10531);
#8616=AXIS2_PLACEMENT_3D('',#13839,#10532,#10533);
#8617=AXIS2_PLACEMENT_3D('',#13843,#10535,#10536);
#8618=AXIS2_PLACEMENT_3D('',#13845,#10538,#10539);
#8619=AXIS2_PLACEMENT_3D('',#13851,#10543,#10544);
#8620=AXIS2_PLACEMENT_3D('',#13852,#10545,#10546);
#8621=AXIS2_PLACEMENT_3D('',#13853,#10547,#10548);
#8622=AXIS2_PLACEMENT_3D('',#13854,#10549,#10550);
#8623=AXIS2_PLACEMENT_3D('',#13856,#10552,#10553);
#8624=AXIS2_PLACEMENT_3D('',#13858,#10554,#10555);
#8625=AXIS2_PLACEMENT_3D('',#13862,#10557,#10558);
#8626=AXIS2_PLACEMENT_3D('',#13876,#10566,#10567);
#8627=AXIS2_PLACEMENT_3D('',#13880,#10569,#10570);
#8628=AXIS2_PLACEMENT_3D('',#13882,#10572,#10573);
#8629=AXIS2_PLACEMENT_3D('',#13886,#10576,#10577);
#8630=AXIS2_PLACEMENT_3D('',#13888,#10578,#10579);
#8631=AXIS2_PLACEMENT_3D('',#13890,#10581,#10582);
#8632=AXIS2_PLACEMENT_3D('',#13894,#10585,#10586);
#8633=AXIS2_PLACEMENT_3D('',#13898,#10589,#10590);
#8634=AXIS2_PLACEMENT_3D('',#13902,#10593,#10594);
#8635=AXIS2_PLACEMENT_3D('',#13906,#10597,#10598);
#8636=AXIS2_PLACEMENT_3D('',#13910,#10601,#10602);
#8637=AXIS2_PLACEMENT_3D('',#13914,#10605,#10606);
#8638=AXIS2_PLACEMENT_3D('',#13918,#10609,#10610);
#8639=AXIS2_PLACEMENT_3D('',#13922,#10613,#10614);
#8640=AXIS2_PLACEMENT_3D('',#13924,#10616,#10617);
#8641=AXIS2_PLACEMENT_3D('',#13933,#10622,#10623);
#8642=AXIS2_PLACEMENT_3D('',#13935,#10624,#10625);
#8643=AXIS2_PLACEMENT_3D('',#13937,#10626,#10627);
#8644=AXIS2_PLACEMENT_3D('',#13939,#10629,#10630);
#8645=AXIS2_PLACEMENT_3D('',#13945,#10634,#10635);
#8646=AXIS2_PLACEMENT_3D('',#13947,#10636,#10637);
#8647=AXIS2_PLACEMENT_3D('',#13949,#10638,#10639);
#8648=AXIS2_PLACEMENT_3D('',#13951,#10641,#10642);
#8649=AXIS2_PLACEMENT_3D('',#13957,#10646,#10647);
#8650=AXIS2_PLACEMENT_3D('',#13959,#10648,#10649);
#8651=AXIS2_PLACEMENT_3D('',#13961,#10650,#10651);
#8652=AXIS2_PLACEMENT_3D('',#13963,#10653,#10654);
#8653=AXIS2_PLACEMENT_3D('',#13969,#10658,#10659);
#8654=AXIS2_PLACEMENT_3D('',#13970,#10660,#10661);
#8655=AXIS2_PLACEMENT_3D('',#13971,#10662,#10663);
#8656=AXIS2_PLACEMENT_3D('',#13972,#10664,#10665);
#8657=AXIS2_PLACEMENT_3D('',#13973,#10666,#10667);
#8658=AXIS2_PLACEMENT_3D('',#13976,#10668,#10669);
#8659=AXIS2_PLACEMENT_3D('',#13979,#10671,#10672);
#8660=AXIS2_PLACEMENT_3D('',#13986,#10676,#10677);
#8661=AXIS2_PLACEMENT_3D('',#13990,#10679,#10680);
#8662=AXIS2_PLACEMENT_3D('',#14001,#10686,#10687);
#8663=AXIS2_PLACEMENT_3D('',#14003,#10688,#10689);
#8664=AXIS2_PLACEMENT_3D('',#14004,#10690,#10691);
#8665=AXIS2_PLACEMENT_3D('',#14010,#10695,#10696);
#8666=AXIS2_PLACEMENT_3D('',#14014,#10699,#10700);
#8667=AXIS2_PLACEMENT_3D('',#14018,#10703,#10704);
#8668=AXIS2_PLACEMENT_3D('',#14022,#10707,#10708);
#8669=AXIS2_PLACEMENT_3D('',#14026,#10711,#10712);
#8670=AXIS2_PLACEMENT_3D('',#14028,#10714,#10715);
#8671=AXIS2_PLACEMENT_3D('',#14030,#10716,#10717);
#8672=AXIS2_PLACEMENT_3D('',#14031,#10718,#10719);
#8673=AXIS2_PLACEMENT_3D('',#14040,#10724,#10725);
#8674=AXIS2_PLACEMENT_3D('',#14046,#10729,#10730);
#8675=AXIS2_PLACEMENT_3D('',#14052,#10734,#10735);
#8676=AXIS2_PLACEMENT_3D('',#14058,#10739,#10740);
#8677=AXIS2_PLACEMENT_3D('',#14064,#10744,#10745);
#8678=AXIS2_PLACEMENT_3D('',#14067,#10748,#10749);
#8679=AXIS2_PLACEMENT_3D('',#14069,#10750,#10751);
#8680=AXIS2_PLACEMENT_3D('',#14070,#10752,#10753);
#8681=AXIS2_PLACEMENT_3D('',#14076,#10757,#10758);
#8682=AXIS2_PLACEMENT_3D('',#14080,#10761,#10762);
#8683=AXIS2_PLACEMENT_3D('',#14084,#10765,#10766);
#8684=AXIS2_PLACEMENT_3D('',#14086,#10768,#10769);
#8685=AXIS2_PLACEMENT_3D('',#14090,#10772,#10773);
#8686=AXIS2_PLACEMENT_3D('',#14094,#10776,#10777);
#8687=AXIS2_PLACEMENT_3D('',#14096,#10779,#10780);
#8688=AXIS2_PLACEMENT_3D('',#14097,#10781,#10782);
#8689=AXIS2_PLACEMENT_3D('',#14099,#10784,#10785);
#8690=AXIS2_PLACEMENT_3D('',#14101,#10787,#10788);
#8691=AXIS2_PLACEMENT_3D('',#14104,#10791,#10792);
#8692=AXIS2_PLACEMENT_3D('',#14105,#10793,#10794);
#8693=AXIS2_PLACEMENT_3D('',#14106,#10795,#10796);
#8694=AXIS2_PLACEMENT_3D('',#14108,#10797,#10798);
#8695=AXIS2_PLACEMENT_3D('',#14110,#10800,#10801);
#8696=AXIS2_PLACEMENT_3D('',#14114,#10804,#10805);
#8697=AXIS2_PLACEMENT_3D('',#14116,#10806,#10807);
#8698=AXIS2_PLACEMENT_3D('',#14118,#10809,#10810);
#8699=AXIS2_PLACEMENT_3D('',#14121,#10813,#10814);
#8700=AXIS2_PLACEMENT_3D('',#14122,#10815,#10816);
#8701=AXIS2_PLACEMENT_3D('',#14123,#10817,#10818);
#8702=AXIS2_PLACEMENT_3D('',#14124,#10819,#10820);
#8703=DIRECTION('axis',(0.,0.,1.));
#8704=DIRECTION('refdir',(1.,0.,0.));
#8705=DIRECTION('axis',(0.,0.,1.));
#8706=DIRECTION('refdir',(1.,0.,0.));
#8707=DIRECTION('center_axis',(0.,-1.,0.));
#8708=DIRECTION('ref_axis',(0.,0.,-1.));
#8709=DIRECTION('center_axis',(0.,1.,0.));
#8710=DIRECTION('ref_axis',(1.,0.,0.));
#8711=DIRECTION('center_axis',(-1.,0.,0.));
#8712=DIRECTION('ref_axis',(0.,0.,1.));
#8713=DIRECTION('center_axis',(0.,-1.,0.));
#8714=DIRECTION('ref_axis',(1.,0.,0.));
#8715=DIRECTION('center_axis',(0.,1.,0.));
#8716=DIRECTION('ref_axis',(1.,0.,0.));
#8717=DIRECTION('center_axis',(0.,1.,0.));
#8718=DIRECTION('ref_axis',(1.,0.,0.));
#8719=DIRECTION('center_axis',(0.,-1.,0.));
#8720=DIRECTION('ref_axis',(1.,0.,0.));
#8721=DIRECTION('',(0.,-1.,0.));
#8722=DIRECTION('center_axis',(0.,-1.,0.));
#8723=DIRECTION('ref_axis',(1.,0.,0.));
#8724=DIRECTION('center_axis',(0.,1.,0.));
#8725=DIRECTION('ref_axis',(1.,0.,0.));
#8726=DIRECTION('',(0.876215908676647,0.,-0.481918749772156));
#8727=DIRECTION('',(0.876215908676647,0.,0.481918749772156));
#8728=DIRECTION('',(-3.99138254854788E-8,0.,0.999999999999999));
#8729=DIRECTION('',(-0.876215898929816,0.,0.481918767493666));
#8730=DIRECTION('',(-0.876215901853866,0.,-0.481918762177213));
#8731=DIRECTION('',(-2.79396778860945E-8,0.,-1.));
#8732=DIRECTION('center_axis',(0.,-1.,0.));
#8733=DIRECTION('ref_axis',(0.,0.,-1.));
#8734=DIRECTION('center_axis',(0.,1.,0.));
#8735=DIRECTION('ref_axis',(1.,0.,0.));
#8736=DIRECTION('center_axis',(-1.,0.,0.));
#8737=DIRECTION('ref_axis',(0.,0.,1.));
#8738=DIRECTION('center_axis',(0.,1.,0.));
#8739=DIRECTION('ref_axis',(1.,0.,0.));
#8740=DIRECTION('',(0.876215898929816,0.,-0.481918767493666));
#8741=DIRECTION('',(-3.99138254854788E-8,0.,0.999999999999999));
#8742=DIRECTION('',(-0.876215908676647,0.,-0.481918749772156));
#8743=DIRECTION('',(-0.876215908676647,0.,0.481918749772156));
#8744=DIRECTION('',(2.79396778860945E-8,0.,1.));
#8745=DIRECTION('',(0.876215901853866,0.,0.481918762177213));
#8746=DIRECTION('center_axis',(-0.876215898929816,0.,0.481918767493666));
#8747=DIRECTION('ref_axis',(-0.340768028475835,0.707106781186549,-0.619578203916737));
#8748=DIRECTION('',(-0.876215898929816,0.,0.481918767493666));
#8749=DIRECTION('center_axis',(0.999999999999999,0.,3.99138254854788E-8));
#8750=DIRECTION('ref_axis',(3.9913825533215E-8,-2.27998838479482E-16,-0.999999999999999));
#8751=DIRECTION('center_axis',(-1.,5.55111512312578E-15,3.03374410451196E-9));
#8752=DIRECTION('ref_axis',(-3.03374410451196E-9,1.00929361765964E-14,-1.));
#8753=DIRECTION('center_axis',(-0.876215901853866,0.,-0.481918762177213));
#8754=DIRECTION('ref_axis',(0.340768024716541,0.707106781186544,-0.619578205984355));
#8755=DIRECTION('center_axis',(-0.508960343398166,2.86700652520756E-14,
-0.860789967906238));
#8756=DIRECTION('ref_axis',(0.860789967906238,4.8488858596113E-14,-0.508960343398165));
#8757=DIRECTION('',(-0.876215901853866,0.,-0.481918762177213));
#8758=DIRECTION('center_axis',(-2.79396778860945E-8,0.,-1.));
#8759=DIRECTION('ref_axis',(0.707106781186555,0.70710678118654,-1.97563399497587E-8));
#8760=DIRECTION('center_axis',(0.5089603254413,-5.65059471925643E-15,-0.860789978523615));
#8761=DIRECTION('ref_axis',(0.860789978523615,-9.55668792577165E-15,0.5089603254413));
#8762=DIRECTION('',(-2.79396778860945E-8,0.,-1.));
#8763=DIRECTION('center_axis',(0.876215908676647,0.,-0.481918749772156));
#8764=DIRECTION('ref_axis',(0.340768015944834,0.707106781186551,0.619578210808785));
#8765=DIRECTION('center_axis',(1.,-8.32667268468867E-15,2.18878892180027E-14));
#8766=DIRECTION('ref_axis',(-2.18878892180029E-14,-1.51394048812513E-14,
1.));
#8767=DIRECTION('',(0.876215908676647,0.,-0.481918749772156));
#8768=DIRECTION('center_axis',(0.876215908676647,0.,0.481918749772156));
#8769=DIRECTION('ref_axis',(-0.340768015944841,0.707106781186542,0.619578210808792));
#8770=DIRECTION('center_axis',(0.999999999999999,0.,3.99138254854788E-8));
#8771=DIRECTION('ref_axis',(-3.99138254725589E-8,7.59996170086759E-17,0.999999999999999));
#8772=DIRECTION('',(0.876215908676647,0.,0.481918749772156));
#8773=DIRECTION('center_axis',(-0.481918767493666,0.,-0.876215898929816));
#8774=DIRECTION('ref_axis',(-0.876215898929816,0.,0.481918767493666));
#8775=DIRECTION('',(0.,1.,0.));
#8776=DIRECTION('',(0.876215898929816,0.,-0.481918767493666));
#8777=DIRECTION('',(0.,1.,0.));
#8778=DIRECTION('center_axis',(0.481918762177213,0.,-0.876215901853866));
#8779=DIRECTION('ref_axis',(-0.876215901853866,0.,-0.481918762177213));
#8780=DIRECTION('',(0.,1.,0.));
#8781=DIRECTION('',(0.876215901853866,0.,0.481918762177213));
#8782=DIRECTION('center_axis',(1.,0.,-2.79396778860945E-8));
#8783=DIRECTION('ref_axis',(-2.79396778860945E-8,0.,-1.));
#8784=DIRECTION('',(0.,1.,0.));
#8785=DIRECTION('',(2.79396778860945E-8,0.,1.));
#8786=DIRECTION('center_axis',(0.481918749772156,0.,0.876215908676647));
#8787=DIRECTION('ref_axis',(0.876215908676647,0.,-0.481918749772156));
#8788=DIRECTION('',(0.,1.,0.));
#8789=DIRECTION('',(-0.876215908676647,0.,0.481918749772156));
#8790=DIRECTION('center_axis',(-0.481918749772156,0.,0.876215908676647));
#8791=DIRECTION('ref_axis',(0.876215908676647,0.,0.481918749772156));
#8792=DIRECTION('',(0.,1.,0.));
#8793=DIRECTION('',(-0.876215908676647,0.,-0.481918749772156));
#8794=DIRECTION('center_axis',(0.876215901853866,0.,0.481918762177213));
#8795=DIRECTION('ref_axis',(0.340768024716541,-0.707106781186544,-0.619578205984356));
#8796=DIRECTION('center_axis',(1.,-5.55111512312578E-15,-3.03374896848729E-9));
#8797=DIRECTION('ref_axis',(-3.03374896848729E-9,-1.00929361765969E-14,
-1.));
#8798=DIRECTION('center_axis',(0.508960343398158,9.55668841735859E-15,0.860789967906242));
#8799=DIRECTION('ref_axis',(0.860789967906242,1.61629528653723E-14,-0.508960343398158));
#8800=DIRECTION('center_axis',(0.876215898929816,0.,-0.481918767493666));
#8801=DIRECTION('ref_axis',(-0.340768028475835,-0.707106781186549,-0.619578203916737));
#8802=DIRECTION('center_axis',(0.508960345940358,5.6505949468417E-15,-0.860789966403113));
#8803=DIRECTION('ref_axis',(-0.860789966403113,9.55668927133251E-15,-0.508960345940358));
#8804=DIRECTION('center_axis',(3.99138254854788E-8,0.,-0.999999999999999));
#8805=DIRECTION('ref_axis',(-0.707106781186548,-0.707106781186547,-2.82233382993915E-8));
#8806=DIRECTION('center_axis',(-0.508960320287715,-1.52072832311056E-14,
-0.860789981570782));
#8807=DIRECTION('ref_axis',(-0.860789981570782,-2.57196393075505E-14,0.508960320287715));
#8808=DIRECTION('',(3.99138254854788E-8,0.,-0.999999999999999));
#8809=DIRECTION('center_axis',(-0.876215908676647,0.,0.481918749772156));
#8810=DIRECTION('ref_axis',(0.340768015944834,-0.707106781186551,0.619578210808785));
#8811=DIRECTION('center_axis',(1.,8.32667268468867E-15,2.18878892180027E-14));
#8812=DIRECTION('ref_axis',(2.18878892180029E-14,-1.51394048812514E-14,
-1.));
#8813=DIRECTION('center_axis',(-0.508960325441304,5.65059471925649E-15,
0.860789978523613));
#8814=DIRECTION('ref_axis',(0.860789978523613,9.55668792577118E-15,0.508960325441304));
#8815=DIRECTION('center_axis',(-0.876215908676647,0.,-0.481918749772156));
#8816=DIRECTION('ref_axis',(-0.340768015944841,-0.707106781186542,0.619578210808793));
#8817=DIRECTION('center_axis',(2.79396778860945E-8,0.,1.));
#8818=DIRECTION('ref_axis',(0.707106781186555,-0.707106781186539,-1.97563399497587E-8));
#8819=DIRECTION('center_axis',(-0.999999999999999,0.,-3.99138254854788E-8));
#8820=DIRECTION('ref_axis',(-3.99138254854788E-8,0.,0.999999999999999));
#8821=DIRECTION('axis',(0.,0.,1.));
#8822=DIRECTION('refdir',(1.,0.,0.));
#8823=DIRECTION('center_axis',(0.,-1.,0.));
#8824=DIRECTION('ref_axis',(0.,0.,-1.));
#8825=DIRECTION('center_axis',(0.,1.,0.));
#8826=DIRECTION('ref_axis',(1.,0.,0.));
#8827=DIRECTION('center_axis',(-1.,0.,0.));
#8828=DIRECTION('ref_axis',(0.,0.,1.));
#8829=DIRECTION('center_axis',(0.,-1.,0.));
#8830=DIRECTION('ref_axis',(1.,0.,0.));
#8831=DIRECTION('center_axis',(0.,1.,0.));
#8832=DIRECTION('ref_axis',(1.,0.,0.));
#8833=DIRECTION('center_axis',(0.,1.,0.));
#8834=DIRECTION('ref_axis',(1.,0.,0.));
#8835=DIRECTION('center_axis',(0.,-1.,0.));
#8836=DIRECTION('ref_axis',(1.,0.,0.));
#8837=DIRECTION('',(0.,-1.,0.));
#8838=DIRECTION('center_axis',(0.,-1.,0.));
#8839=DIRECTION('ref_axis',(1.,0.,0.));
#8840=DIRECTION('center_axis',(0.,1.,0.));
#8841=DIRECTION('ref_axis',(1.,0.,0.));
#8842=DIRECTION('',(0.876215908676647,0.,-0.481918749772156));
#8843=DIRECTION('',(0.876215908676647,0.,0.481918749772156));
#8844=DIRECTION('',(-3.99138254854788E-8,0.,0.999999999999999));
#8845=DIRECTION('',(-0.876215898929816,0.,0.481918767493666));
#8846=DIRECTION('',(-0.876215901853866,0.,-0.481918762177213));
#8847=DIRECTION('',(-2.79396778860945E-8,0.,-1.));
#8848=DIRECTION('center_axis',(0.,-1.,0.));
#8849=DIRECTION('ref_axis',(0.,0.,-1.));
#8850=DIRECTION('center_axis',(0.,1.,0.));
#8851=DIRECTION('ref_axis',(1.,0.,0.));
#8852=DIRECTION('center_axis',(-1.,0.,0.));
#8853=DIRECTION('ref_axis',(0.,0.,1.));
#8854=DIRECTION('center_axis',(0.,1.,0.));
#8855=DIRECTION('ref_axis',(1.,0.,0.));
#8856=DIRECTION('',(0.876215898929816,0.,-0.481918767493666));
#8857=DIRECTION('',(-3.99138254854788E-8,0.,0.999999999999999));
#8858=DIRECTION('',(-0.876215908676647,0.,-0.481918749772156));
#8859=DIRECTION('',(-0.876215908676647,0.,0.481918749772156));
#8860=DIRECTION('',(2.79396778860945E-8,0.,1.));
#8861=DIRECTION('',(0.876215901853866,0.,0.481918762177213));
#8862=DIRECTION('center_axis',(-0.876215898929816,0.,0.481918767493666));
#8863=DIRECTION('ref_axis',(-0.340768028475835,0.707106781186549,-0.619578203916737));
#8864=DIRECTION('',(-0.876215898929816,0.,0.481918767493666));
#8865=DIRECTION('center_axis',(0.999999999999999,0.,3.99138254854788E-8));
#8866=DIRECTION('ref_axis',(3.9913825533215E-8,-2.27998838479482E-16,-0.999999999999999));
#8867=DIRECTION('center_axis',(-1.,5.55111512312578E-15,3.03374410451196E-9));
#8868=DIRECTION('ref_axis',(-3.03374410451196E-9,1.00929361765964E-14,-1.));
#8869=DIRECTION('center_axis',(-0.876215901853866,0.,-0.481918762177213));
#8870=DIRECTION('ref_axis',(0.340768024716541,0.707106781186544,-0.619578205984355));
#8871=DIRECTION('center_axis',(-0.508960343398166,2.86700652520756E-14,
-0.860789967906238));
#8872=DIRECTION('ref_axis',(0.860789967906238,4.8488858596113E-14,-0.508960343398165));
#8873=DIRECTION('',(-0.876215901853866,0.,-0.481918762177213));
#8874=DIRECTION('center_axis',(-2.79396778860945E-8,0.,-1.));
#8875=DIRECTION('ref_axis',(0.707106781186555,0.70710678118654,-1.97563399497587E-8));
#8876=DIRECTION('center_axis',(0.5089603254413,-5.65059471925643E-15,-0.860789978523615));
#8877=DIRECTION('ref_axis',(0.860789978523615,-9.55668792577165E-15,0.5089603254413));
#8878=DIRECTION('',(-2.79396778860945E-8,0.,-1.));
#8879=DIRECTION('center_axis',(0.876215908676647,0.,-0.481918749772156));
#8880=DIRECTION('ref_axis',(0.340768015944834,0.707106781186551,0.619578210808785));
#8881=DIRECTION('center_axis',(1.,-8.32667268468867E-15,2.18878892180027E-14));
#8882=DIRECTION('ref_axis',(-2.18878892180029E-14,-1.51394048812513E-14,
1.));
#8883=DIRECTION('',(0.876215908676647,0.,-0.481918749772156));
#8884=DIRECTION('center_axis',(0.876215908676647,0.,0.481918749772156));
#8885=DIRECTION('ref_axis',(-0.340768015944841,0.707106781186542,0.619578210808792));
#8886=DIRECTION('center_axis',(0.999999999999999,0.,3.99138254854788E-8));
#8887=DIRECTION('ref_axis',(-3.99138254725589E-8,7.59996170086759E-17,0.999999999999999));
#8888=DIRECTION('',(0.876215908676647,0.,0.481918749772156));
#8889=DIRECTION('center_axis',(-0.481918767493666,0.,-0.876215898929816));
#8890=DIRECTION('ref_axis',(-0.876215898929816,0.,0.481918767493666));
#8891=DIRECTION('',(0.,1.,0.));
#8892=DIRECTION('',(0.876215898929816,0.,-0.481918767493666));
#8893=DIRECTION('',(0.,1.,0.));
#8894=DIRECTION('center_axis',(0.481918762177213,0.,-0.876215901853866));
#8895=DIRECTION('ref_axis',(-0.876215901853866,0.,-0.481918762177213));
#8896=DIRECTION('',(0.,1.,0.));
#8897=DIRECTION('',(0.876215901853866,0.,0.481918762177213));
#8898=DIRECTION('center_axis',(1.,0.,-2.79396778860945E-8));
#8899=DIRECTION('ref_axis',(-2.79396778860945E-8,0.,-1.));
#8900=DIRECTION('',(0.,1.,0.));
#8901=DIRECTION('',(2.79396778860945E-8,0.,1.));
#8902=DIRECTION('center_axis',(0.481918749772156,0.,0.876215908676647));
#8903=DIRECTION('ref_axis',(0.876215908676647,0.,-0.481918749772156));
#8904=DIRECTION('',(0.,1.,0.));
#8905=DIRECTION('',(-0.876215908676647,0.,0.481918749772156));
#8906=DIRECTION('center_axis',(-0.481918749772156,0.,0.876215908676647));
#8907=DIRECTION('ref_axis',(0.876215908676647,0.,0.481918749772156));
#8908=DIRECTION('',(0.,1.,0.));
#8909=DIRECTION('',(-0.876215908676647,0.,-0.481918749772156));
#8910=DIRECTION('center_axis',(0.876215901853866,0.,0.481918762177213));
#8911=DIRECTION('ref_axis',(0.340768024716541,-0.707106781186544,-0.619578205984356));
#8912=DIRECTION('center_axis',(1.,-5.55111512312578E-15,-3.03374896848729E-9));
#8913=DIRECTION('ref_axis',(-3.03374896848729E-9,-1.00929361765969E-14,
-1.));
#8914=DIRECTION('center_axis',(0.508960343398158,9.55668841735859E-15,0.860789967906242));
#8915=DIRECTION('ref_axis',(0.860789967906242,1.61629528653723E-14,-0.508960343398158));
#8916=DIRECTION('center_axis',(0.876215898929816,0.,-0.481918767493666));
#8917=DIRECTION('ref_axis',(-0.340768028475835,-0.707106781186549,-0.619578203916737));
#8918=DIRECTION('center_axis',(0.508960345940358,5.6505949468417E-15,-0.860789966403113));
#8919=DIRECTION('ref_axis',(-0.860789966403113,9.55668927133251E-15,-0.508960345940358));
#8920=DIRECTION('center_axis',(3.99138254854788E-8,0.,-0.999999999999999));
#8921=DIRECTION('ref_axis',(-0.707106781186548,-0.707106781186547,-2.82233382993915E-8));
#8922=DIRECTION('center_axis',(-0.508960320287715,-1.52072832311056E-14,
-0.860789981570782));
#8923=DIRECTION('ref_axis',(-0.860789981570782,-2.57196393075505E-14,0.508960320287715));
#8924=DIRECTION('',(3.99138254854788E-8,0.,-0.999999999999999));
#8925=DIRECTION('center_axis',(-0.876215908676647,0.,0.481918749772156));
#8926=DIRECTION('ref_axis',(0.340768015944834,-0.707106781186551,0.619578210808785));
#8927=DIRECTION('center_axis',(1.,8.32667268468867E-15,2.18878892180027E-14));
#8928=DIRECTION('ref_axis',(2.18878892180029E-14,-1.51394048812514E-14,
-1.));
#8929=DIRECTION('center_axis',(-0.508960325441304,5.65059471925649E-15,
0.860789978523613));
#8930=DIRECTION('ref_axis',(0.860789978523613,9.55668792577118E-15,0.508960325441304));
#8931=DIRECTION('center_axis',(-0.876215908676647,0.,-0.481918749772156));
#8932=DIRECTION('ref_axis',(-0.340768015944841,-0.707106781186542,0.619578210808793));
#8933=DIRECTION('center_axis',(2.79396778860945E-8,0.,1.));
#8934=DIRECTION('ref_axis',(0.707106781186555,-0.707106781186539,-1.97563399497587E-8));
#8935=DIRECTION('center_axis',(-0.999999999999999,0.,-3.99138254854788E-8));
#8936=DIRECTION('ref_axis',(-3.99138254854788E-8,0.,0.999999999999999));
#8937=DIRECTION('center_axis',(-1.,0.,0.));
#8938=DIRECTION('ref_axis',(0.,1.,0.));
#8939=DIRECTION('',(0.,-1.,0.));
#8940=DIRECTION('',(0.,0.,-1.));
#8941=DIRECTION('',(0.,1.,0.));
#8942=DIRECTION('',(0.,0.,-1.));
#8943=DIRECTION('center_axis',(0.,-1.,0.));
#8944=DIRECTION('ref_axis',(-1.,0.,0.));
#8945=DIRECTION('',(1.,0.,0.));
#8946=DIRECTION('',(-1.,0.,0.));
#8947=DIRECTION('',(0.,0.,-1.));
#8948=DIRECTION('center_axis',(1.,0.,0.));
#8949=DIRECTION('ref_axis',(0.,-1.,0.));
#8950=DIRECTION('',(0.,1.,0.));
#8951=DIRECTION('',(0.,-1.,0.));
#8952=DIRECTION('',(0.,0.,-1.));
#8953=DIRECTION('center_axis',(0.,1.,0.));
#8954=DIRECTION('ref_axis',(1.,0.,0.));
#8955=DIRECTION('',(-1.,0.,0.));
#8956=DIRECTION('',(1.,0.,0.));
#8957=DIRECTION('center_axis',(0.,0.,-1.));
#8958=DIRECTION('ref_axis',(-1.,0.,0.));
#8959=DIRECTION('center_axis',(1.,0.,0.));
#8960=DIRECTION('ref_axis',(0.,-1.,0.));
#8961=DIRECTION('',(0.,1.,0.));
#8962=DIRECTION('',(0.,0.,-1.));
#8963=DIRECTION('',(0.,-1.,0.));
#8964=DIRECTION('',(0.,0.,-1.));
#8965=DIRECTION('center_axis',(-1.85037170770859E-15,1.,0.));
#8966=DIRECTION('ref_axis',(1.,1.85037170770859E-15,0.));
#8967=DIRECTION('',(-1.,-1.85037170770859E-15,0.));
#8968=DIRECTION('',(1.,1.85037170770859E-15,0.));
#8969=DIRECTION('',(0.,0.,-1.));
#8970=DIRECTION('center_axis',(-1.,0.,0.));
#8971=DIRECTION('ref_axis',(0.,1.,0.));
#8972=DIRECTION('',(0.,-1.,0.));
#8973=DIRECTION('',(0.,1.,0.));
#8974=DIRECTION('',(0.,0.,-1.));
#8975=DIRECTION('center_axis',(0.,1.,0.));
#8976=DIRECTION('ref_axis',(1.,0.,0.));
#8977=DIRECTION('',(-1.,0.,0.));
#8978=DIRECTION('',(1.,0.,0.));
#8979=DIRECTION('',(0.,0.,-1.));
#8980=DIRECTION('center_axis',(-1.,0.,0.));
#8981=DIRECTION('ref_axis',(0.,1.,0.));
#8982=DIRECTION('',(0.,-1.,0.));
#8983=DIRECTION('',(0.,1.,0.));
#8984=DIRECTION('',(0.,0.,-1.));
#8985=DIRECTION('center_axis',(0.,-1.,0.));
#8986=DIRECTION('ref_axis',(-1.,0.,0.));
#8987=DIRECTION('',(1.,0.,0.));
#8988=DIRECTION('',(-1.,0.,0.));
#8989=DIRECTION('',(0.,0.,-1.));
#8990=DIRECTION('center_axis',(-1.,0.,0.));
#8991=DIRECTION('ref_axis',(0.,1.,0.));
#8992=DIRECTION('',(0.,-1.,0.));
#8993=DIRECTION('',(0.,1.,0.));
#8994=DIRECTION('',(0.,0.,-1.));
#8995=DIRECTION('center_axis',(0.,-1.,0.));
#8996=DIRECTION('ref_axis',(-1.,0.,0.));
#8997=DIRECTION('',(1.,0.,0.));
#8998=DIRECTION('',(-1.,0.,0.));
#8999=DIRECTION('',(0.,0.,-1.));
#9000=DIRECTION('center_axis',(1.,0.,0.));
#9001=DIRECTION('ref_axis',(0.,-1.,0.));
#9002=DIRECTION('',(0.,1.,0.));
#9003=DIRECTION('',(0.,-1.,0.));
#9004=DIRECTION('',(0.,0.,-1.));
#9005=DIRECTION('center_axis',(0.,-1.,0.));
#9006=DIRECTION('ref_axis',(-1.,0.,0.));
#9007=DIRECTION('',(1.,0.,0.));
#9008=DIRECTION('',(-1.,0.,0.));
#9009=DIRECTION('',(0.,0.,-1.));
#9010=DIRECTION('center_axis',(1.,0.,0.));
#9011=DIRECTION('ref_axis',(0.,-1.,0.));
#9012=DIRECTION('',(0.,1.,0.));
#9013=DIRECTION('',(0.,-1.,0.));
#9014=DIRECTION('',(0.,0.,-1.));
#9015=DIRECTION('center_axis',(0.,1.,0.));
#9016=DIRECTION('ref_axis',(1.,0.,0.));
#9017=DIRECTION('',(-1.,0.,0.));
#9018=DIRECTION('',(1.,0.,0.));
#9019=DIRECTION('center_axis',(0.,0.,-1.));
#9020=DIRECTION('ref_axis',(-1.,0.,0.));
#9021=DIRECTION('center_axis',(-0.91901010052024,-0.394233985269889,0.));
#9022=DIRECTION('ref_axis',(0.394233985269889,-0.91901010052024,0.));
#9023=DIRECTION('',(-0.394233985269889,0.91901010052024,0.));
#9024=DIRECTION('',(0.,0.,1.));
#9025=DIRECTION('',(0.394233985269889,-0.91901010052024,0.));
#9026=DIRECTION('',(0.,0.,1.));
#9027=DIRECTION('center_axis',(0.928406707263794,-0.371565587625657,0.));
#9028=DIRECTION('ref_axis',(0.371565587625657,0.928406707263794,0.));
#9029=DIRECTION('',(-0.371565587625657,-0.928406707263794,0.));
#9030=DIRECTION('',(0.371565587625657,0.928406707263794,0.));
#9031=DIRECTION('',(0.,0.,1.));
#9032=DIRECTION('center_axis',(0.,-1.,0.));
#9033=DIRECTION('ref_axis',(1.,0.,0.));
#9034=DIRECTION('',(-1.,0.,0.));
#9035=DIRECTION('',(1.,0.,0.));
#9036=DIRECTION('',(0.,0.,1.));
#9037=DIRECTION('center_axis',(-1.,0.,0.));
#9038=DIRECTION('ref_axis',(0.,-1.,0.));
#9039=DIRECTION('',(0.,1.,0.));
#9040=DIRECTION('',(0.,-1.,0.));
#9041=DIRECTION('',(0.,0.,1.));
#9042=DIRECTION('center_axis',(0.,1.,0.));
#9043=DIRECTION('ref_axis',(-1.,0.,0.));
#9044=DIRECTION('',(1.,0.,0.));
#9045=DIRECTION('',(-1.,0.,0.));
#9046=DIRECTION('',(0.,0.,1.));
#9047=DIRECTION('center_axis',(1.,0.,0.));
#9048=DIRECTION('ref_axis',(0.,1.,0.));
#9049=DIRECTION('',(0.,-1.,0.));
#9050=DIRECTION('',(0.,1.,0.));
#9051=DIRECTION('',(0.,0.,1.));
#9052=DIRECTION('center_axis',(-0.919443868462327,0.393221277078226,0.));
#9053=DIRECTION('ref_axis',(-0.393221277078226,-0.919443868462327,0.));
#9054=DIRECTION('',(0.393221277078226,0.919443868462327,0.));
#9055=DIRECTION('',(-0.393221277078226,-0.919443868462327,0.));
#9056=DIRECTION('',(0.,0.,1.));
#9057=DIRECTION('center_axis',(0.,1.,0.));
#9058=DIRECTION('ref_axis',(-1.,0.,0.));
#9059=DIRECTION('',(1.,0.,0.));
#9060=DIRECTION('',(-1.,0.,0.));
#9061=DIRECTION('',(0.,0.,1.));
#9062=DIRECTION('center_axis',(0.919443868462326,0.393221277078228,0.));
#9063=DIRECTION('ref_axis',(-0.393221277078228,0.919443868462326,0.));
#9064=DIRECTION('',(0.393221277078228,-0.919443868462326,0.));
#9065=DIRECTION('',(-0.393221277078228,0.919443868462326,0.));
#9066=DIRECTION('',(0.,0.,1.));
#9067=DIRECTION('center_axis',(-1.,0.,0.));
#9068=DIRECTION('ref_axis',(0.,-1.,0.));
#9069=DIRECTION('',(0.,1.,0.));
#9070=DIRECTION('',(0.,-1.,0.));
#9071=DIRECTION('',(0.,0.,1.));
#9072=DIRECTION('center_axis',(0.,1.,0.));
#9073=DIRECTION('ref_axis',(-1.,0.,0.));
#9074=DIRECTION('',(1.,0.,0.));
#9075=DIRECTION('',(-1.,0.,0.));
#9076=DIRECTION('',(0.,0.,1.));
#9077=DIRECTION('center_axis',(1.,0.,0.));
#9078=DIRECTION('ref_axis',(0.,1.,0.));
#9079=DIRECTION('',(0.,-1.,0.));
#9080=DIRECTION('',(0.,1.,0.));
#9081=DIRECTION('',(0.,0.,1.));
#9082=DIRECTION('center_axis',(0.,-1.,0.));
#9083=DIRECTION('ref_axis',(1.,0.,0.));
#9084=DIRECTION('',(-1.,0.,0.));
#9085=DIRECTION('',(1.,0.,0.));
#9086=DIRECTION('center_axis',(0.,0.,1.));
#9087=DIRECTION('ref_axis',(1.,0.,0.));
#9088=DIRECTION('center_axis',(0.,0.,-1.));
#9089=DIRECTION('ref_axis',(0.,1.,0.));
#9090=DIRECTION('',(0.,0.,-1.));
#9091=DIRECTION('center_axis',(0.,0.,1.));
#9092=DIRECTION('ref_axis',(0.,1.,0.));
#9093=DIRECTION('center_axis',(0.,0.,1.));
#9094=DIRECTION('ref_axis',(0.,1.,0.));
#9095=DIRECTION('',(0.,0.,-1.));
#9096=DIRECTION('center_axis',(0.,0.,-1.));
#9097=DIRECTION('ref_axis',(0.,1.,0.));
#9098=DIRECTION('center_axis',(0.,0.,1.));
#9099=DIRECTION('ref_axis',(-1.,0.,0.));
#9100=DIRECTION('center_axis',(0.,0.,1.));
#9101=DIRECTION('ref_axis',(1.,0.,0.));
#9102=DIRECTION('',(0.,-1.,0.));
#9103=DIRECTION('',(1.,0.,0.));
#9104=DIRECTION('',(0.,1.,0.));
#9105=DIRECTION('',(1.,0.,0.));
#9106=DIRECTION('',(0.,1.,0.));
#9107=DIRECTION('',(1.,0.,0.));
#9108=DIRECTION('',(0.,1.,0.));
#9109=DIRECTION('',(1.,0.,0.));
#9110=DIRECTION('',(0.,1.,0.));
#9111=DIRECTION('',(1.,0.,0.));
#9112=DIRECTION('',(0.,1.,0.));
#9113=DIRECTION('',(1.,0.,0.));
#9114=DIRECTION('',(0.,1.,0.));
#9115=DIRECTION('',(1.,0.,0.));
#9116=DIRECTION('center_axis',(0.,0.,1.));
#9117=DIRECTION('ref_axis',(-2.22044604925032E-15,-1.,0.));
#9118=DIRECTION('',(0.00776988826710782,0.99996981396256,0.));
#9119=DIRECTION('center_axis',(0.,0.,-1.));
#9120=DIRECTION('ref_axis',(-0.929681500465451,-0.368364368108952,0.));
#9121=DIRECTION('',(-1.9244502160468E-15,-1.,0.));
#9122=DIRECTION('center_axis',(0.,0.,-1.));
#9123=DIRECTION('ref_axis',(-7.40148683083439E-16,-1.,0.));
#9124=DIRECTION('',(-1.,0.,0.));
#9125=DIRECTION('',(0.,-1.,0.));
#9126=DIRECTION('',(1.,0.,0.));
#9127=DIRECTION('',(0.,-1.,0.));
#9128=DIRECTION('',(-1.,0.,0.));
#9129=DIRECTION('',(0.,1.,0.));
#9130=DIRECTION('',(1.,0.,0.));
#9131=DIRECTION('',(0.,1.,0.));
#9132=DIRECTION('',(1.,0.,0.));
#9133=DIRECTION('',(-1.,0.,0.));
#9134=DIRECTION('',(0.,1.,0.));
#9135=DIRECTION('',(-1.,0.,0.));
#9136=DIRECTION('',(0.,1.,0.));
#9137=DIRECTION('',(1.,0.,0.));
#9138=DIRECTION('',(0.,-1.,0.));
#9139=DIRECTION('',(-1.,0.,0.));
#9140=DIRECTION('',(0.,-1.,0.));
#9141=DIRECTION('',(1.,0.,0.));
#9142=DIRECTION('',(0.,-1.,0.));
#9143=DIRECTION('',(-1.,0.,0.));
#9144=DIRECTION('',(-0.860210133327232,-0.50993972832203,0.));
#9145=DIRECTION('',(-0.400052561893017,-0.916492197306029,0.));
#9146=DIRECTION('',(0.,-1.,0.));
#9147=DIRECTION('',(0.,-1.,0.));
#9148=DIRECTION('',(-1.,0.,0.));
#9149=DIRECTION('',(0.,1.,0.));
#9150=DIRECTION('',(1.,0.,0.));
#9151=DIRECTION('',(0.,1.,0.));
#9152=DIRECTION('',(1.,0.,0.));
#9153=DIRECTION('',(0.,1.,0.));
#9154=DIRECTION('',(-1.,0.,0.));
#9155=DIRECTION('',(0.,1.,0.));
#9156=DIRECTION('',(1.,0.,0.));
#9157=DIRECTION('',(0.,1.,0.));
#9158=DIRECTION('',(-1.,0.,0.));
#9159=DIRECTION('',(0.,1.,0.));
#9160=DIRECTION('',(1.,0.,0.));
#9161=DIRECTION('',(0.,-1.,0.));
#9162=DIRECTION('',(-1.,0.,0.));
#9163=DIRECTION('',(-1.,0.,0.));
#9164=DIRECTION('',(-0.566528822887066,0.824041924199367,0.));
#9165=DIRECTION('',(-0.575176751990255,-0.818029158386142,0.));
#9166=DIRECTION('',(-1.,0.,0.));
#9167=DIRECTION('',(0.,1.,0.));
#9168=DIRECTION('',(0.60198982661854,0.798503756188899,0.));
#9169=DIRECTION('',(-0.567819655883394,0.823152986019284,0.));
#9170=DIRECTION('',(0.,1.,0.));
#9171=DIRECTION('',(1.,0.,0.));
#9172=DIRECTION('',(0.567819655883394,-0.823152986019284,0.));
#9173=DIRECTION('',(0.563532543274751,0.826093864321901,0.));
#9174=DIRECTION('',(1.,0.,0.));
#9175=DIRECTION('',(-0.563532543274751,-0.826093864321901,0.));
#9176=DIRECTION('',(0.632567387619148,-0.774505326076385,0.));
#9177=DIRECTION('',(0.,-1.,0.));
#9178=DIRECTION('center_axis',(0.,-1.,0.));
#9179=DIRECTION('ref_axis',(1.,0.,0.));
#9180=DIRECTION('',(0.,0.,1.));
#9181=DIRECTION('',(1.,0.,0.));
#9182=DIRECTION('',(0.,0.,1.));
#9183=DIRECTION('center_axis',(-0.824041924199367,-0.566528822887066,0.));
#9184=DIRECTION('ref_axis',(0.566528822887066,-0.824041924199367,0.));
#9185=DIRECTION('',(0.566528822887066,-0.824041924199367,0.));
#9186=DIRECTION('',(0.,0.,1.));
#9187=DIRECTION('center_axis',(0.818029158386142,-0.575176751990256,0.));
#9188=DIRECTION('ref_axis',(0.575176751990255,0.818029158386142,0.));
#9189=DIRECTION('',(0.575176751990255,0.818029158386142,0.));
#9190=DIRECTION('',(0.,0.,1.));
#9191=DIRECTION('center_axis',(0.,-1.,0.));
#9192=DIRECTION('ref_axis',(1.,0.,0.));
#9193=DIRECTION('',(1.,0.,0.));
#9194=DIRECTION('',(0.,0.,1.));
#9195=DIRECTION('center_axis',(-1.,0.,0.));
#9196=DIRECTION('ref_axis',(0.,-1.,0.));
#9197=DIRECTION('',(0.,-1.,0.));
#9198=DIRECTION('',(0.,0.,1.));
#9199=DIRECTION('center_axis',(-0.798503756188899,0.60198982661854,0.));
#9200=DIRECTION('ref_axis',(-0.60198982661854,-0.798503756188899,0.));
#9201=DIRECTION('',(-0.60198982661854,-0.798503756188899,0.));
#9202=DIRECTION('',(0.,0.,1.));
#9203=DIRECTION('center_axis',(-0.823152986019284,-0.567819655883394,0.));
#9204=DIRECTION('ref_axis',(0.567819655883394,-0.823152986019284,0.));
#9205=DIRECTION('',(0.567819655883394,-0.823152986019284,0.));
#9206=DIRECTION('',(0.,0.,1.));
#9207=DIRECTION('center_axis',(-1.,0.,0.));
#9208=DIRECTION('ref_axis',(0.,-1.,0.));
#9209=DIRECTION('',(0.,-1.,0.));
#9210=DIRECTION('',(0.,0.,1.));
#9211=DIRECTION('center_axis',(0.,1.,0.));
#9212=DIRECTION('ref_axis',(-1.,0.,0.));
#9213=DIRECTION('',(-1.,0.,0.));
#9214=DIRECTION('',(0.,0.,1.));
#9215=DIRECTION('center_axis',(0.823152986019284,0.567819655883394,0.));
#9216=DIRECTION('ref_axis',(-0.567819655883394,0.823152986019284,0.));
#9217=DIRECTION('',(-0.567819655883394,0.823152986019284,0.));
#9218=DIRECTION('',(0.,0.,1.));
#9219=DIRECTION('center_axis',(-0.826093864321901,0.56353254327475,0.));
#9220=DIRECTION('ref_axis',(-0.563532543274751,-0.826093864321901,0.));
#9221=DIRECTION('',(-0.563532543274751,-0.826093864321901,0.));
#9222=DIRECTION('',(0.,0.,1.));
#9223=DIRECTION('center_axis',(0.,1.,0.));
#9224=DIRECTION('ref_axis',(-1.,0.,0.));
#9225=DIRECTION('',(-1.,0.,0.));
#9226=DIRECTION('',(0.,0.,1.));
#9227=DIRECTION('center_axis',(0.826093864321901,-0.563532543274751,0.));
#9228=DIRECTION('ref_axis',(0.563532543274751,0.826093864321901,0.));
#9229=DIRECTION('',(0.563532543274751,0.826093864321901,0.));
#9230=DIRECTION('',(0.,0.,1.));
#9231=DIRECTION('center_axis',(0.774505326076385,0.632567387619148,0.));
#9232=DIRECTION('ref_axis',(-0.632567387619148,0.774505326076385,0.));
#9233=DIRECTION('',(-0.632567387619148,0.774505326076385,0.));
#9234=DIRECTION('',(0.,0.,1.));
#9235=DIRECTION('center_axis',(1.,0.,0.));
#9236=DIRECTION('ref_axis',(0.,1.,0.));
#9237=DIRECTION('',(0.,1.,0.));
#9238=DIRECTION('center_axis',(0.,0.,1.));
#9239=DIRECTION('ref_axis',(1.,0.,0.));
#9240=DIRECTION('center_axis',(-1.,0.,0.));
#9241=DIRECTION('ref_axis',(0.,-1.,0.));
#9242=DIRECTION('',(0.,0.,1.));
#9243=DIRECTION('',(0.,-1.,0.));
#9244=DIRECTION('',(0.,0.,1.));
#9245=DIRECTION('center_axis',(0.,1.,0.));
#9246=DIRECTION('ref_axis',(-1.,0.,0.));
#9247=DIRECTION('',(-1.,0.,0.));
#9248=DIRECTION('',(0.,0.,1.));
#9249=DIRECTION('center_axis',(-1.,0.,0.));
#9250=DIRECTION('ref_axis',(0.,-1.,0.));
#9251=DIRECTION('',(0.,-1.,0.));
#9252=DIRECTION('',(0.,0.,1.));
#9253=DIRECTION('center_axis',(0.,-1.,0.));
#9254=DIRECTION('ref_axis',(1.,0.,0.));
#9255=DIRECTION('',(1.,0.,0.));
#9256=DIRECTION('',(0.,0.,1.));
#9257=DIRECTION('center_axis',(-1.,0.,0.));
#9258=DIRECTION('ref_axis',(0.,-1.,0.));
#9259=DIRECTION('',(0.,-1.,0.));
#9260=DIRECTION('',(0.,0.,1.));
#9261=DIRECTION('center_axis',(0.,1.,0.));
#9262=DIRECTION('ref_axis',(-1.,0.,0.));
#9263=DIRECTION('',(-1.,0.,0.));
#9264=DIRECTION('',(0.,0.,1.));
#9265=DIRECTION('center_axis',(-1.,0.,0.));
#9266=DIRECTION('ref_axis',(0.,-1.,0.));
#9267=DIRECTION('',(0.,-1.,0.));
#9268=DIRECTION('',(0.,0.,1.));
#9269=DIRECTION('center_axis',(0.,-1.,0.));
#9270=DIRECTION('ref_axis',(1.,0.,0.));
#9271=DIRECTION('',(1.,0.,0.));
#9272=DIRECTION('',(0.,0.,1.));
#9273=DIRECTION('center_axis',(-1.,0.,0.));
#9274=DIRECTION('ref_axis',(0.,-1.,0.));
#9275=DIRECTION('',(0.,-1.,0.));
#9276=DIRECTION('',(0.,0.,1.));
#9277=DIRECTION('center_axis',(0.,1.,0.));
#9278=DIRECTION('ref_axis',(-1.,0.,0.));
#9279=DIRECTION('',(-1.,0.,0.));
#9280=DIRECTION('',(0.,0.,1.));
#9281=DIRECTION('center_axis',(1.,0.,0.));
#9282=DIRECTION('ref_axis',(0.,1.,0.));
#9283=DIRECTION('',(0.,1.,0.));
#9284=DIRECTION('',(0.,0.,1.));
#9285=DIRECTION('center_axis',(0.,-1.,0.));
#9286=DIRECTION('ref_axis',(1.,0.,0.));
#9287=DIRECTION('',(1.,0.,0.));
#9288=DIRECTION('center_axis',(0.,0.,1.));
#9289=DIRECTION('ref_axis',(1.,0.,0.));
#9290=DIRECTION('center_axis',(1.,0.,0.));
#9291=DIRECTION('ref_axis',(0.,1.,0.));
#9292=DIRECTION('',(0.,0.,1.));
#9293=DIRECTION('',(0.,1.,0.));
#9294=DIRECTION('',(0.,0.,1.));
#9295=DIRECTION('center_axis',(0.,-1.,0.));
#9296=DIRECTION('ref_axis',(1.,0.,0.));
#9297=DIRECTION('',(1.,0.,0.));
#9298=DIRECTION('',(0.,0.,1.));
#9299=DIRECTION('center_axis',(-1.,0.,0.));
#9300=DIRECTION('ref_axis',(0.,-1.,0.));
#9301=DIRECTION('',(0.,-1.,0.));
#9302=DIRECTION('',(0.,0.,1.));
#9303=DIRECTION('center_axis',(0.,1.,0.));
#9304=DIRECTION('ref_axis',(-1.,0.,0.));
#9305=DIRECTION('',(-1.,0.,0.));
#9306=DIRECTION('center_axis',(0.,0.,1.));
#9307=DIRECTION('ref_axis',(1.,0.,0.));
#9308=DIRECTION('center_axis',(0.,0.,1.));
#9309=DIRECTION('ref_axis',(-1.,0.,0.));
#9310=DIRECTION('center_axis',(0.,0.,-1.));
#9311=DIRECTION('ref_axis',(-1.,0.,0.));
#9312=DIRECTION('',(0.,0.,-1.));
#9313=DIRECTION('center_axis',(0.,0.,1.));
#9314=DIRECTION('ref_axis',(-1.,0.,0.));
#9315=DIRECTION('center_axis',(-1.,0.,0.));
#9316=DIRECTION('ref_axis',(0.,-1.,0.));
#9317=DIRECTION('',(0.,0.,1.));
#9318=DIRECTION('',(0.,-1.,0.));
#9319=DIRECTION('',(0.,0.,1.));
#9320=DIRECTION('center_axis',(0.,1.,0.));
#9321=DIRECTION('ref_axis',(-1.,0.,0.));
#9322=DIRECTION('',(-1.,0.,0.));
#9323=DIRECTION('',(0.,0.,1.));
#9324=DIRECTION('center_axis',(0.,0.,1.));
#9325=DIRECTION('ref_axis',(-2.22044604925032E-15,-1.,0.));
#9326=DIRECTION('center_axis',(0.,0.,-1.));
#9327=DIRECTION('ref_axis',(-2.22044604925032E-15,-1.,0.));
#9328=DIRECTION('',(0.,0.,1.));
#9329=DIRECTION('center_axis',(-0.99996981396256,0.00776988826710782,0.));
#9330=DIRECTION('ref_axis',(-0.00776988826710782,-0.99996981396256,0.));
#9331=DIRECTION('',(-0.00776988826710782,-0.99996981396256,0.));
#9332=DIRECTION('',(0.,0.,1.));
#9333=DIRECTION('center_axis',(0.,0.,1.));
#9334=DIRECTION('ref_axis',(-0.929681500465451,-0.368364368108952,0.));
#9335=DIRECTION('',(0.,0.,1.));
#9336=DIRECTION('center_axis',(1.,-1.9244502160468E-15,0.));
#9337=DIRECTION('ref_axis',(1.9244502160468E-15,1.,0.));
#9338=DIRECTION('',(1.9244502160468E-15,1.,0.));
#9339=DIRECTION('',(0.,0.,1.));
#9340=DIRECTION('center_axis',(0.,0.,1.));
#9341=DIRECTION('ref_axis',(-7.40148683083439E-16,-1.,0.));
#9342=DIRECTION('center_axis',(0.,0.,1.));
#9343=DIRECTION('ref_axis',(-7.40148683083439E-16,-1.,0.));
#9344=DIRECTION('',(0.,0.,1.));
#9345=DIRECTION('center_axis',(0.,-1.,0.));
#9346=DIRECTION('ref_axis',(1.,0.,0.));
#9347=DIRECTION('',(1.,0.,0.));
#9348=DIRECTION('center_axis',(0.,0.,1.));
#9349=DIRECTION('ref_axis',(-1.,0.,0.));
#9350=DIRECTION('center_axis',(0.,0.,1.));
#9351=DIRECTION('ref_axis',(1.,0.,0.));
#9352=DIRECTION('center_axis',(1.,0.,0.));
#9353=DIRECTION('ref_axis',(0.,1.,0.));
#9354=DIRECTION('',(0.,0.,1.));
#9355=DIRECTION('',(0.,1.,0.));
#9356=DIRECTION('',(0.,0.,1.));
#9357=DIRECTION('center_axis',(0.,1.,0.));
#9358=DIRECTION('ref_axis',(-1.,0.,0.));
#9359=DIRECTION('',(-1.,0.,0.));
#9360=DIRECTION('',(0.,0.,1.));
#9361=DIRECTION('center_axis',(1.,0.,0.));
#9362=DIRECTION('ref_axis',(0.,1.,0.));
#9363=DIRECTION('',(0.,1.,0.));
#9364=DIRECTION('',(0.,0.,1.));
#9365=DIRECTION('center_axis',(0.,-1.,0.));
#9366=DIRECTION('ref_axis',(1.,0.,0.));
#9367=DIRECTION('',(1.,0.,0.));
#9368=DIRECTION('',(0.,0.,1.));
#9369=DIRECTION('center_axis',(-1.,0.,0.));
#9370=DIRECTION('ref_axis',(0.,-1.,0.));
#9371=DIRECTION('',(0.,-1.,0.));
#9372=DIRECTION('',(0.,0.,1.));
#9373=DIRECTION('center_axis',(0.,1.,0.));
#9374=DIRECTION('ref_axis',(-1.,0.,0.));
#9375=DIRECTION('',(-1.,0.,0.));
#9376=DIRECTION('',(0.,0.,1.));
#9377=DIRECTION('center_axis',(-1.,0.,0.));
#9378=DIRECTION('ref_axis',(0.,-1.,0.));
#9379=DIRECTION('',(0.,-1.,0.));
#9380=DIRECTION('',(0.,0.,1.));
#9381=DIRECTION('center_axis',(0.,1.,0.));
#9382=DIRECTION('ref_axis',(-1.,0.,0.));
#9383=DIRECTION('',(-1.,0.,0.));
#9384=DIRECTION('center_axis',(0.,0.,1.));
#9385=DIRECTION('ref_axis',(1.,0.,0.));
#9386=DIRECTION('center_axis',(0.,-1.,0.));
#9387=DIRECTION('ref_axis',(1.,0.,0.));
#9388=DIRECTION('',(0.,0.,1.));
#9389=DIRECTION('',(1.,0.,0.));
#9390=DIRECTION('',(0.,0.,1.));
#9391=DIRECTION('center_axis',(-1.,0.,0.));
#9392=DIRECTION('ref_axis',(0.,-1.,0.));
#9393=DIRECTION('',(0.,-1.,0.));
#9394=DIRECTION('',(0.,0.,1.));
#9395=DIRECTION('center_axis',(0.,-1.,0.));
#9396=DIRECTION('ref_axis',(1.,0.,0.));
#9397=DIRECTION('',(1.,0.,0.));
#9398=DIRECTION('',(0.,0.,1.));
#9399=DIRECTION('center_axis',(-1.,0.,0.));
#9400=DIRECTION('ref_axis',(0.,-1.,0.));
#9401=DIRECTION('',(0.,-1.,0.));
#9402=DIRECTION('',(0.,0.,1.));
#9403=DIRECTION('center_axis',(0.,1.,0.));
#9404=DIRECTION('ref_axis',(-1.,0.,0.));
#9405=DIRECTION('',(-1.,0.,0.));
#9406=DIRECTION('',(0.,0.,1.));
#9407=DIRECTION('center_axis',(1.,0.,0.));
#9408=DIRECTION('ref_axis',(0.,1.,0.));
#9409=DIRECTION('',(0.,1.,0.));
#9410=DIRECTION('',(0.,0.,1.));
#9411=DIRECTION('center_axis',(0.,-1.,0.));
#9412=DIRECTION('ref_axis',(1.,0.,0.));
#9413=DIRECTION('',(1.,0.,0.));
#9414=DIRECTION('',(0.,0.,1.));
#9415=DIRECTION('center_axis',(1.,0.,0.));
#9416=DIRECTION('ref_axis',(0.,1.,0.));
#9417=DIRECTION('',(0.,1.,0.));
#9418=DIRECTION('',(0.,0.,1.));
#9419=DIRECTION('center_axis',(0.,1.,0.));
#9420=DIRECTION('ref_axis',(-1.,0.,0.));
#9421=DIRECTION('',(-1.,0.,0.));
#9422=DIRECTION('',(0.,0.,1.));
#9423=DIRECTION('center_axis',(1.,0.,0.));
#9424=DIRECTION('ref_axis',(0.,1.,0.));
#9425=DIRECTION('',(0.,1.,0.));
#9426=DIRECTION('',(0.,0.,1.));
#9427=DIRECTION('center_axis',(0.,-1.,0.));
#9428=DIRECTION('ref_axis',(1.,0.,0.));
#9429=DIRECTION('',(1.,0.,0.));
#9430=DIRECTION('',(0.,0.,1.));
#9431=DIRECTION('center_axis',(0.50993972832203,-0.860210133327232,0.));
#9432=DIRECTION('ref_axis',(0.860210133327232,0.50993972832203,0.));
#9433=DIRECTION('',(0.860210133327232,0.50993972832203,0.));
#9434=DIRECTION('',(0.,0.,1.));
#9435=DIRECTION('center_axis',(0.91649219730603,-0.400052561893017,0.));
#9436=DIRECTION('ref_axis',(0.400052561893017,0.916492197306029,0.));
#9437=DIRECTION('',(0.400052561893017,0.916492197306029,0.));
#9438=DIRECTION('',(0.,0.,1.));
#9439=DIRECTION('center_axis',(1.,0.,0.));
#9440=DIRECTION('ref_axis',(0.,1.,0.));
#9441=DIRECTION('',(0.,1.,0.));
#9442=DIRECTION('center_axis',(0.,0.,1.));
#9443=DIRECTION('ref_axis',(1.,0.,0.));
#9444=DIRECTION('center_axis',(0.,-1.,0.));
#9445=DIRECTION('ref_axis',(-1.,0.,0.));
#9446=DIRECTION('',(1.,0.,0.));
#9447=DIRECTION('',(0.,0.,-1.));
#9448=DIRECTION('',(-1.,0.,0.));
#9449=DIRECTION('',(0.,0.,-1.));
#9450=DIRECTION('center_axis',(1.,0.,0.));
#9451=DIRECTION('ref_axis',(0.,-1.,0.));
#9452=DIRECTION('',(0.,1.,0.));
#9453=DIRECTION('',(0.,-1.,0.));
#9454=DIRECTION('',(0.,0.,-1.));
#9455=DIRECTION('center_axis',(0.,1.,0.));
#9456=DIRECTION('ref_axis',(1.,0.,0.));
#9457=DIRECTION('',(-1.,0.,0.));
#9458=DIRECTION('',(1.,0.,0.));
#9459=DIRECTION('',(0.,0.,-1.));
#9460=DIRECTION('center_axis',(-0.698042415188375,0.716056412999688,0.));
#9461=DIRECTION('ref_axis',(0.716056412999688,0.698042415188375,0.));
#9462=DIRECTION('',(-0.716056412999688,-0.698042415188375,0.));
#9463=DIRECTION('',(0.716056412999688,0.698042415188375,0.));
#9464=DIRECTION('center_axis',(0.,0.,-1.));
#9465=DIRECTION('ref_axis',(-1.,0.,0.));
#9466=DIRECTION('center_axis',(-1.,0.,0.));
#9467=DIRECTION('ref_axis',(0.,1.,0.));
#9468=DIRECTION('',(0.,-1.,0.));
#9469=DIRECTION('',(0.,0.,-1.));
#9470=DIRECTION('',(0.,1.,0.));
#9471=DIRECTION('',(0.,0.,-1.));
#9472=DIRECTION('center_axis',(0.,1.,0.));
#9473=DIRECTION('ref_axis',(1.,0.,0.));
#9474=DIRECTION('',(-1.,0.,0.));
#9475=DIRECTION('',(1.,0.,0.));
#9476=DIRECTION('',(0.,0.,-1.));
#9477=DIRECTION('center_axis',(-1.,0.,0.));
#9478=DIRECTION('ref_axis',(0.,1.,0.));
#9479=DIRECTION('',(0.,-1.,0.));
#9480=DIRECTION('',(0.,1.,0.));
#9481=DIRECTION('',(0.,0.,-1.));
#9482=DIRECTION('center_axis',(0.,-1.,0.));
#9483=DIRECTION('ref_axis',(-1.,0.,0.));
#9484=DIRECTION('',(1.,0.,0.));
#9485=DIRECTION('',(-1.,0.,0.));
#9486=DIRECTION('',(0.,0.,-1.));
#9487=DIRECTION('center_axis',(0.675959578991599,-0.736938700008013,0.));
#9488=DIRECTION('ref_axis',(-0.736938700008013,-0.675959578991599,0.));
#9489=DIRECTION('',(0.736938700008013,0.675959578991599,0.));
#9490=DIRECTION('',(-0.736938700008013,-0.675959578991599,0.));
#9491=DIRECTION('',(0.,0.,-1.));
#9492=DIRECTION('center_axis',(1.,0.,0.));
#9493=DIRECTION('ref_axis',(0.,-1.,0.));
#9494=DIRECTION('',(0.,1.,0.));
#9495=DIRECTION('',(0.,-1.,0.));
#9496=DIRECTION('',(0.,0.,-1.));
#9497=DIRECTION('center_axis',(0.,1.,0.));
#9498=DIRECTION('ref_axis',(1.,0.,0.));
#9499=DIRECTION('',(-1.,0.,0.));
#9500=DIRECTION('',(1.,0.,0.));
#9501=DIRECTION('center_axis',(0.,0.,-1.));
#9502=DIRECTION('ref_axis',(-1.,0.,0.));
#9503=DIRECTION('center_axis',(1.,0.,0.));
#9504=DIRECTION('ref_axis',(0.,-1.,0.));
#9505=DIRECTION('',(0.,1.,0.));
#9506=DIRECTION('',(0.,0.,-1.));
#9507=DIRECTION('',(0.,-1.,0.));
#9508=DIRECTION('',(0.,0.,-1.));
#9509=DIRECTION('center_axis',(0.0154338813562438,0.999880890559611,0.));
#9510=DIRECTION('ref_axis',(0.999880890559611,-0.0154338813562438,0.));
#9511=DIRECTION('',(-0.999880890559611,0.0154338813562438,0.));
#9512=DIRECTION('',(0.999880890559611,-0.0154338813562438,0.));
#9513=DIRECTION('',(0.,0.,-1.));
#9514=DIRECTION('center_axis',(0.,0.,-1.));
#9515=DIRECTION('ref_axis',(-0.999976320370955,0.00688176557030938,0.));
#9516=DIRECTION('center_axis',(0.,0.,1.));
#9517=DIRECTION('ref_axis',(0.00167085360157796,-0.999998604123147,0.));
#9518=DIRECTION('center_axis',(0.,0.,-1.));
#9519=DIRECTION('ref_axis',(0.00167085360157796,-0.999998604123147,0.));
#9520=DIRECTION('',(0.,0.,-1.));
#9521=DIRECTION('center_axis',(0.,-1.,0.));
#9522=DIRECTION('ref_axis',(-1.,0.,0.));
#9523=DIRECTION('',(1.,0.,0.));
#9524=DIRECTION('',(-1.,0.,0.));
#9525=DIRECTION('center_axis',(0.,0.,-1.));
#9526=DIRECTION('ref_axis',(1.,0.,0.));
#9527=DIRECTION('center_axis',(-0.950052121284885,-0.312091279663642,0.));
#9528=DIRECTION('ref_axis',(-0.312091279663642,0.950052121284885,0.));
#9529=DIRECTION('',(0.312091279663642,-0.950052121284885,0.));
#9530=DIRECTION('',(0.,0.,-1.));
#9531=DIRECTION('',(-0.312091279663642,0.950052121284885,0.));
#9532=DIRECTION('',(0.,0.,-1.));
#9533=DIRECTION('center_axis',(0.972150436419908,-0.234357694494085,0.));
#9534=DIRECTION('ref_axis',(-0.234357694494085,-0.972150436419908,0.));
#9535=DIRECTION('',(0.234357694494085,0.972150436419908,0.));
#9536=DIRECTION('',(-0.234357694494085,-0.972150436419908,0.));
#9537=DIRECTION('',(0.,0.,-1.));
#9538=DIRECTION('center_axis',(0.605230109164058,-0.796050573117853,0.));
#9539=DIRECTION('ref_axis',(-0.796050573117853,-0.605230109164058,0.));
#9540=DIRECTION('',(0.796050573117853,0.605230109164058,0.));
#9541=DIRECTION('',(-0.796050573117853,-0.605230109164058,0.));
#9542=DIRECTION('',(0.,0.,-1.));
#9543=DIRECTION('center_axis',(0.,0.,-1.));
#9544=DIRECTION('ref_axis',(-0.605230109164025,0.796050573117879,0.));
#9545=DIRECTION('center_axis',(0.,0.,-1.));
#9546=DIRECTION('ref_axis',(-0.605230109164025,0.796050573117879,0.));
#9547=DIRECTION('center_axis',(0.,0.,1.));
#9548=DIRECTION('ref_axis',(-0.605230109164025,0.796050573117879,0.));
#9549=DIRECTION('',(0.,0.,-1.));
#9550=DIRECTION('center_axis',(-6.84974057424607E-15,-1.,0.));
#9551=DIRECTION('ref_axis',(-1.,6.84974057424607E-15,0.));
#9552=DIRECTION('',(1.,-6.84974057424607E-15,0.));
#9553=DIRECTION('',(-1.,6.84974057424607E-15,0.));
#9554=DIRECTION('',(0.,0.,-1.));
#9555=DIRECTION('center_axis',(0.,0.,-1.));
#9556=DIRECTION('ref_axis',(-1.48029736616687E-14,1.,0.));
#9557=DIRECTION('center_axis',(0.,0.,-1.));
#9558=DIRECTION('ref_axis',(-1.48029736616687E-14,1.,0.));
#9559=DIRECTION('center_axis',(0.,0.,1.));
#9560=DIRECTION('ref_axis',(-1.48029736616687E-14,1.,0.));
#9561=DIRECTION('',(0.,0.,-1.));
#9562=DIRECTION('center_axis',(-0.796050573117865,-0.605230109164042,0.));
#9563=DIRECTION('ref_axis',(-0.605230109164042,0.796050573117865,0.));
#9564=DIRECTION('',(0.605230109164042,-0.796050573117865,0.));
#9565=DIRECTION('',(-0.605230109164042,0.796050573117865,0.));
#9566=DIRECTION('',(0.,0.,-1.));
#9567=DIRECTION('center_axis',(-0.972150436419908,0.234357694494085,0.));
#9568=DIRECTION('ref_axis',(0.234357694494085,0.972150436419908,0.));
#9569=DIRECTION('',(-0.234357694494085,-0.972150436419908,0.));
#9570=DIRECTION('',(0.234357694494085,0.972150436419908,0.));
#9571=DIRECTION('',(0.,0.,-1.));
#9572=DIRECTION('center_axis',(0.,-1.,0.));
#9573=DIRECTION('ref_axis',(-1.,0.,0.));
#9574=DIRECTION('',(1.,0.,0.));
#9575=DIRECTION('',(-1.,0.,0.));
#9576=DIRECTION('',(0.,0.,-1.));
#9577=DIRECTION('center_axis',(0.977035748842412,-0.213075445520943,0.));
#9578=DIRECTION('ref_axis',(-0.213075445520943,-0.977035748842412,0.));
#9579=DIRECTION('',(0.213075445520943,0.977035748842412,0.));
#9580=DIRECTION('',(-0.213075445520943,-0.977035748842412,0.));
#9581=DIRECTION('',(0.,0.,-1.));
#9582=DIRECTION('center_axis',(0.,1.,0.));
#9583=DIRECTION('ref_axis',(1.,0.,0.));
#9584=DIRECTION('',(-1.,0.,0.));
#9585=DIRECTION('',(1.,0.,0.));
#9586=DIRECTION('',(0.,0.,-1.));
#9587=DIRECTION('center_axis',(-0.972150436419908,0.234357694494085,0.));
#9588=DIRECTION('ref_axis',(0.234357694494085,0.972150436419908,0.));
#9589=DIRECTION('',(-0.234357694494085,-0.972150436419908,0.));
#9590=DIRECTION('',(0.234357694494085,0.972150436419908,0.));
#9591=DIRECTION('',(0.,0.,-1.));
#9592=DIRECTION('center_axis',(-0.582030697420517,0.813166813919621,0.));
#9593=DIRECTION('ref_axis',(0.813166813919621,0.582030697420517,0.));
#9594=DIRECTION('',(-0.813166813919621,-0.582030697420517,0.));
#9595=DIRECTION('',(0.813166813919621,0.582030697420517,0.));
#9596=DIRECTION('',(0.,0.,-1.));
#9597=DIRECTION('center_axis',(0.,0.,-1.));
#9598=DIRECTION('ref_axis',(0.582030697420558,-0.813166813919591,0.));
#9599=DIRECTION('center_axis',(0.,0.,-1.));
#9600=DIRECTION('ref_axis',(0.582030697420558,-0.813166813919591,0.));
#9601=DIRECTION('center_axis',(0.,0.,1.));
#9602=DIRECTION('ref_axis',(0.582030697420558,-0.813166813919591,0.));
#9603=DIRECTION('',(0.,0.,-1.));
#9604=DIRECTION('center_axis',(0.,1.,0.));
#9605=DIRECTION('ref_axis',(1.,0.,0.));
#9606=DIRECTION('',(-1.,0.,0.));
#9607=DIRECTION('',(1.,0.,0.));
#9608=DIRECTION('',(0.,0.,-1.));
#9609=DIRECTION('center_axis',(0.,0.,-1.));
#9610=DIRECTION('ref_axis',(7.40148683083445E-15,-1.,0.));
#9611=DIRECTION('center_axis',(0.,0.,-1.));
#9612=DIRECTION('ref_axis',(7.40148683083445E-15,-1.,0.));
#9613=DIRECTION('center_axis',(0.,0.,1.));
#9614=DIRECTION('ref_axis',(7.40148683083445E-15,-1.,0.));
#9615=DIRECTION('',(0.,0.,-1.));
#9616=DIRECTION('center_axis',(0.970036501863455,-0.242959225082133,0.));
#9617=DIRECTION('ref_axis',(-0.242959225082133,-0.970036501863455,0.));
#9618=DIRECTION('',(0.242959225082133,0.970036501863455,0.));
#9619=DIRECTION('',(-0.242959225082133,-0.970036501863455,0.));
#9620=DIRECTION('',(0.,0.,-1.));
#9621=DIRECTION('center_axis',(0.,1.,0.));
#9622=DIRECTION('ref_axis',(1.,0.,0.));
#9623=DIRECTION('',(-1.,0.,0.));
#9624=DIRECTION('',(1.,0.,0.));
#9625=DIRECTION('center_axis',(0.,0.,-1.));
#9626=DIRECTION('ref_axis',(1.,0.,0.));
#9627=DIRECTION('center_axis',(-1.,-1.74510571906441E-16,0.));
#9628=DIRECTION('ref_axis',(-1.74510571906441E-16,1.,0.));
#9629=DIRECTION('',(1.74510571906441E-16,-1.,0.));
#9630=DIRECTION('',(0.,0.,-1.));
#9631=DIRECTION('',(-1.74510571906441E-16,1.,0.));
#9632=DIRECTION('',(0.,0.,-1.));
#9633=DIRECTION('center_axis',(0.,-1.,0.));
#9634=DIRECTION('ref_axis',(-1.,0.,0.));
#9635=DIRECTION('',(1.,0.,0.));
#9636=DIRECTION('',(-1.,0.,0.));
#9637=DIRECTION('',(0.,0.,-1.));
#9638=DIRECTION('center_axis',(0.,0.,-1.));
#9639=DIRECTION('ref_axis',(1.,6.16790569236198E-16,0.));
#9640=DIRECTION('center_axis',(0.,0.,1.));
#9641=DIRECTION('ref_axis',(1.,6.16790569236198E-16,0.));
#9642=DIRECTION('center_axis',(0.,0.,-1.));
#9643=DIRECTION('ref_axis',(1.,6.16790569236198E-16,0.));
#9644=DIRECTION('',(0.,0.,-1.));
#9645=DIRECTION('center_axis',(1.,6.08418171937225E-17,0.));
#9646=DIRECTION('ref_axis',(6.08418171937225E-17,-1.,0.));
#9647=DIRECTION('',(-6.08418171937225E-17,1.,0.));
#9648=DIRECTION('',(6.08418171937225E-17,-1.,0.));
#9649=DIRECTION('',(0.,0.,-1.));
#9650=DIRECTION('center_axis',(0.,0.,-1.));
#9651=DIRECTION('ref_axis',(-2.77555756156291E-15,1.,0.));
#9652=DIRECTION('center_axis',(0.,0.,1.));
#9653=DIRECTION('ref_axis',(-2.77555756156291E-15,1.,0.));
#9654=DIRECTION('center_axis',(0.,0.,-1.));
#9655=DIRECTION('ref_axis',(-2.77555756156291E-15,1.,0.));
#9656=DIRECTION('',(0.,0.,-1.));
#9657=DIRECTION('center_axis',(1.14446036185937E-15,1.,0.));
#9658=DIRECTION('ref_axis',(1.,-1.14446036185937E-15,0.));
#9659=DIRECTION('',(-1.,1.14446036185937E-15,0.));
#9660=DIRECTION('',(1.,-1.14446036185937E-15,0.));
#9661=DIRECTION('',(0.,0.,-1.));
#9662=DIRECTION('center_axis',(0.,0.,-1.));
#9663=DIRECTION('ref_axis',(-1.,0.,0.));
#9664=DIRECTION('center_axis',(0.,0.,1.));
#9665=DIRECTION('ref_axis',(-1.,0.,0.));
#9666=DIRECTION('center_axis',(0.,0.,-1.));
#9667=DIRECTION('ref_axis',(-1.,0.,0.));
#9668=DIRECTION('center_axis',(0.,0.,-1.));
#9669=DIRECTION('ref_axis',(1.,0.,0.));
#9670=DIRECTION('center_axis',(1.73837860265215E-15,-1.,0.));
#9671=DIRECTION('ref_axis',(-1.,-1.73837860265215E-15,0.));
#9672=DIRECTION('',(1.,1.73837860265215E-15,0.));
#9673=DIRECTION('',(0.,0.,-1.));
#9674=DIRECTION('',(-1.,-1.73837860265215E-15,0.));
#9675=DIRECTION('',(0.,0.,-1.));
#9676=DIRECTION('center_axis',(1.,0.,0.));
#9677=DIRECTION('ref_axis',(0.,-1.,0.));
#9678=DIRECTION('',(0.,1.,0.));
#9679=DIRECTION('',(0.,-1.,0.));
#9680=DIRECTION('',(0.,0.,-1.));
#9681=DIRECTION('center_axis',(0.682231121779294,-0.731136578537667,0.));
#9682=DIRECTION('ref_axis',(-0.731136578537667,-0.682231121779294,0.));
#9683=DIRECTION('',(0.731136578537667,0.682231121779294,0.));
#9684=DIRECTION('',(-0.731136578537667,-0.682231121779294,0.));
#9685=DIRECTION('',(0.,0.,-1.));
#9686=DIRECTION('center_axis',(1.,2.84126392245586E-15,0.));
#9687=DIRECTION('ref_axis',(2.84126392245586E-15,-1.,0.));
#9688=DIRECTION('',(-2.84126392245586E-15,1.,0.));
#9689=DIRECTION('',(2.84126392245586E-15,-1.,0.));
#9690=DIRECTION('',(0.,0.,-1.));
#9691=DIRECTION('center_axis',(0.,0.,-1.));
#9692=DIRECTION('ref_axis',(1.58603289232166E-15,1.,0.));
#9693=DIRECTION('center_axis',(0.,0.,1.));
#9694=DIRECTION('ref_axis',(1.58603289232166E-15,1.,0.));
#9695=DIRECTION('center_axis',(0.,0.,-1.));
#9696=DIRECTION('ref_axis',(1.58603289232166E-15,1.,0.));
#9697=DIRECTION('',(0.,0.,-1.));
#9698=DIRECTION('center_axis',(0.,1.,0.));
#9699=DIRECTION('ref_axis',(1.,0.,0.));
#9700=DIRECTION('',(-1.,0.,0.));
#9701=DIRECTION('',(1.,0.,0.));
#9702=DIRECTION('',(0.,0.,-1.));
#9703=DIRECTION('center_axis',(-1.,0.,0.));
#9704=DIRECTION('ref_axis',(0.,1.,0.));
#9705=DIRECTION('',(0.,-1.,0.));
#9706=DIRECTION('',(0.,1.,0.));
#9707=DIRECTION('',(0.,0.,-1.));
#9708=DIRECTION('center_axis',(-0.691602454990666,0.722278370332993,0.));
#9709=DIRECTION('ref_axis',(0.722278370332993,0.691602454990666,0.));
#9710=DIRECTION('',(-0.722278370332993,-0.691602454990666,0.));
#9711=DIRECTION('',(0.722278370332993,0.691602454990666,0.));
#9712=DIRECTION('',(0.,0.,-1.));
#9713=DIRECTION('center_axis',(-0.930408392817091,0.366524518382491,0.));
#9714=DIRECTION('ref_axis',(0.366524518382491,0.930408392817091,0.));
#9715=DIRECTION('',(-0.366524518382491,-0.930408392817091,0.));
#9716=DIRECTION('',(0.366524518382491,0.930408392817091,0.));
#9717=DIRECTION('',(0.,0.,-1.));
#9718=DIRECTION('center_axis',(-1.,0.,0.));
#9719=DIRECTION('ref_axis',(0.,1.,0.));
#9720=DIRECTION('',(0.,-1.,0.));
#9721=DIRECTION('',(0.,1.,0.));
#9722=DIRECTION('',(0.,0.,-1.));
#9723=DIRECTION('center_axis',(0.,0.,-1.));
#9724=DIRECTION('ref_axis',(0.,-1.,0.));
#9725=DIRECTION('center_axis',(0.,0.,1.));
#9726=DIRECTION('ref_axis',(0.,-1.,0.));
#9727=DIRECTION('center_axis',(0.,0.,-1.));
#9728=DIRECTION('ref_axis',(0.,-1.,0.));
#9729=DIRECTION('center_axis',(0.,0.,-1.));
#9730=DIRECTION('ref_axis',(1.,0.,0.));
#9731=DIRECTION('center_axis',(0.,1.,0.));
#9732=DIRECTION('ref_axis',(1.,0.,0.));
#9733=DIRECTION('',(-1.,0.,0.));
#9734=DIRECTION('',(0.,0.,-1.));
#9735=DIRECTION('',(1.,0.,0.));
#9736=DIRECTION('',(0.,0.,-1.));
#9737=DIRECTION('center_axis',(-1.,0.,0.));
#9738=DIRECTION('ref_axis',(0.,1.,0.));
#9739=DIRECTION('',(0.,-1.,0.));
#9740=DIRECTION('',(0.,1.,0.));
#9741=DIRECTION('',(0.,0.,-1.));
#9742=DIRECTION('center_axis',(0.,1.,0.));
#9743=DIRECTION('ref_axis',(1.,0.,0.));
#9744=DIRECTION('',(-1.,0.,0.));
#9745=DIRECTION('',(1.,0.,0.));
#9746=DIRECTION('',(0.,0.,-1.));
#9747=DIRECTION('center_axis',(-1.,0.,0.));
#9748=DIRECTION('ref_axis',(0.,1.,0.));
#9749=DIRECTION('',(0.,-1.,0.));
#9750=DIRECTION('',(0.,1.,0.));
#9751=DIRECTION('',(0.,0.,-1.));
#9752=DIRECTION('center_axis',(0.,-1.,0.));
#9753=DIRECTION('ref_axis',(-1.,0.,0.));
#9754=DIRECTION('',(1.,0.,0.));
#9755=DIRECTION('',(-1.,0.,0.));
#9756=DIRECTION('',(0.,0.,-1.));
#9757=DIRECTION('center_axis',(0.675959578991599,-0.736938700008013,0.));
#9758=DIRECTION('ref_axis',(-0.736938700008013,-0.675959578991599,0.));
#9759=DIRECTION('',(0.736938700008013,0.675959578991599,0.));
#9760=DIRECTION('',(-0.736938700008013,-0.675959578991599,0.));
#9761=DIRECTION('',(0.,0.,-1.));
#9762=DIRECTION('center_axis',(1.,0.,0.));
#9763=DIRECTION('ref_axis',(0.,-1.,0.));
#9764=DIRECTION('',(0.,1.,0.));
#9765=DIRECTION('',(0.,-1.,0.));
#9766=DIRECTION('center_axis',(0.,0.,-1.));
#9767=DIRECTION('ref_axis',(-1.,0.,0.));
#9768=DIRECTION('center_axis',(0.,-1.,0.));
#9769=DIRECTION('ref_axis',(-1.,0.,0.));
#9770=DIRECTION('',(1.,0.,0.));
#9771=DIRECTION('',(0.,0.,-1.));
#9772=DIRECTION('',(-1.,0.,0.));
#9773=DIRECTION('',(0.,0.,-1.));
#9774=DIRECTION('center_axis',(1.,0.,0.));
#9775=DIRECTION('ref_axis',(0.,-1.,0.));
#9776=DIRECTION('',(0.,1.,0.));
#9777=DIRECTION('',(0.,-1.,0.));
#9778=DIRECTION('',(0.,0.,-1.));
#9779=DIRECTION('center_axis',(0.,1.,0.));
#9780=DIRECTION('ref_axis',(1.,0.,0.));
#9781=DIRECTION('',(-1.,0.,0.));
#9782=DIRECTION('',(1.,0.,0.));
#9783=DIRECTION('',(0.,0.,-1.));
#9784=DIRECTION('center_axis',(-0.698042415188375,0.716056412999688,0.));
#9785=DIRECTION('ref_axis',(0.716056412999688,0.698042415188375,0.));
#9786=DIRECTION('',(-0.716056412999688,-0.698042415188375,0.));
#9787=DIRECTION('',(0.716056412999688,0.698042415188375,0.));
#9788=DIRECTION('center_axis',(0.,0.,-1.));
#9789=DIRECTION('ref_axis',(-1.,0.,0.));
#9790=DIRECTION('center_axis',(0.,-1.,0.));
#9791=DIRECTION('ref_axis',(-1.,0.,0.));
#9792=DIRECTION('',(1.,0.,0.));
#9793=DIRECTION('',(0.,0.,-1.));
#9794=DIRECTION('',(-1.,0.,0.));
#9795=DIRECTION('',(0.,0.,-1.));
#9796=DIRECTION('center_axis',(0.,0.,-1.));
#9797=DIRECTION('ref_axis',(0.594377872278476,-0.80418588954651,0.));
#9798=DIRECTION('center_axis',(0.,0.,1.));
#9799=DIRECTION('ref_axis',(0.594377872278476,-0.80418588954651,0.));
#9800=DIRECTION('center_axis',(0.,0.,-1.));
#9801=DIRECTION('ref_axis',(0.594377872278476,-0.80418588954651,0.));
#9802=DIRECTION('',(0.,0.,-1.));
#9803=DIRECTION('center_axis',(0.,0.,-1.));
#9804=DIRECTION('ref_axis',(5.84999784454674E-16,1.,0.));
#9805=DIRECTION('center_axis',(0.,0.,1.));
#9806=DIRECTION('ref_axis',(-0.594377872278485,-0.804185889546503,0.));
#9807=DIRECTION('center_axis',(0.,0.,-1.));
#9808=DIRECTION('ref_axis',(-0.594377872278485,-0.804185889546503,0.));
#9809=DIRECTION('',(0.,0.,-1.));
#9810=DIRECTION('center_axis',(0.,0.,-1.));
#9811=DIRECTION('ref_axis',(-4.85722573273503E-15,-1.,0.));
#9812=DIRECTION('center_axis',(0.,0.,1.));
#9813=DIRECTION('ref_axis',(-4.85722573273503E-15,-1.,0.));
#9814=DIRECTION('center_axis',(0.,0.,-1.));
#9815=DIRECTION('ref_axis',(-4.85722573273503E-15,-1.,0.));
#9816=DIRECTION('center_axis',(0.,0.,-1.));
#9817=DIRECTION('ref_axis',(1.,0.,0.));
#9818=DIRECTION('center_axis',(0.,-1.,0.));
#9819=DIRECTION('ref_axis',(-1.,0.,0.));
#9820=DIRECTION('',(1.,0.,0.));
#9821=DIRECTION('',(0.,0.,-1.));
#9822=DIRECTION('',(-1.,0.,0.));
#9823=DIRECTION('',(0.,0.,-1.));
#9824=DIRECTION('center_axis',(1.,0.,0.));
#9825=DIRECTION('ref_axis',(0.,-1.,0.));
#9826=DIRECTION('',(0.,1.,0.));
#9827=DIRECTION('',(0.,-1.,0.));
#9828=DIRECTION('',(0.,0.,-1.));
#9829=DIRECTION('center_axis',(0.,0.,-1.));
#9830=DIRECTION('ref_axis',(0.,1.,0.));
#9831=DIRECTION('center_axis',(0.,0.,1.));
#9832=DIRECTION('ref_axis',(0.,1.,0.));
#9833=DIRECTION('center_axis',(0.,0.,-1.));
#9834=DIRECTION('ref_axis',(0.,1.,0.));
#9835=DIRECTION('',(0.,0.,-1.));
#9836=DIRECTION('center_axis',(0.,1.,0.));
#9837=DIRECTION('ref_axis',(1.,0.,0.));
#9838=DIRECTION('',(-1.,0.,0.));
#9839=DIRECTION('',(1.,0.,0.));
#9840=DIRECTION('',(0.,0.,-1.));
#9841=DIRECTION('center_axis',(0.,0.,-1.));
#9842=DIRECTION('ref_axis',(-1.,-3.70074341541721E-15,0.));
#9843=DIRECTION('center_axis',(0.,0.,1.));
#9844=DIRECTION('ref_axis',(-1.,-3.70074341541721E-15,0.));
#9845=DIRECTION('center_axis',(0.,0.,-1.));
#9846=DIRECTION('ref_axis',(-1.,-3.70074341541721E-15,0.));
#9847=DIRECTION('',(0.,0.,-1.));
#9848=DIRECTION('center_axis',(-1.,-3.49021143812883E-16,0.));
#9849=DIRECTION('ref_axis',(-3.49021143812883E-16,1.,0.));
#9850=DIRECTION('',(3.49021143812883E-16,-1.,0.));
#9851=DIRECTION('',(-3.49021143812883E-16,1.,0.));
#9852=DIRECTION('center_axis',(0.,0.,-1.));
#9853=DIRECTION('ref_axis',(1.,0.,0.));
#9854=DIRECTION('center_axis',(0.,-1.,0.));
#9855=DIRECTION('ref_axis',(-1.,0.,0.));
#9856=DIRECTION('',(1.,0.,0.));
#9857=DIRECTION('',(0.,0.,-1.));
#9858=DIRECTION('',(-1.,0.,0.));
#9859=DIRECTION('',(0.,0.,-1.));
#9860=DIRECTION('center_axis',(1.,0.,0.));
#9861=DIRECTION('ref_axis',(0.,-1.,0.));
#9862=DIRECTION('',(0.,1.,0.));
#9863=DIRECTION('',(0.,-1.,0.));
#9864=DIRECTION('',(0.,0.,-1.));
#9865=DIRECTION('center_axis',(0.,0.,-1.));
#9866=DIRECTION('ref_axis',(-1.8503717077086E-15,1.,0.));
#9867=DIRECTION('center_axis',(0.,0.,1.));
#9868=DIRECTION('ref_axis',(-1.8503717077086E-15,1.,0.));
#9869=DIRECTION('center_axis',(0.,0.,-1.));
#9870=DIRECTION('ref_axis',(-1.8503717077086E-15,1.,0.));
#9871=DIRECTION('',(0.,0.,-1.));
#9872=DIRECTION('center_axis',(0.,1.,0.));
#9873=DIRECTION('ref_axis',(1.,0.,0.));
#9874=DIRECTION('',(-1.,0.,0.));
#9875=DIRECTION('',(1.,0.,0.));
#9876=DIRECTION('',(0.,0.,-1.));
#9877=DIRECTION('center_axis',(0.,0.,-1.));
#9878=DIRECTION('ref_axis',(-1.,-3.7007434154172E-15,0.));
#9879=DIRECTION('center_axis',(0.,0.,1.));
#9880=DIRECTION('ref_axis',(-1.,-3.7007434154172E-15,0.));
#9881=DIRECTION('center_axis',(0.,0.,-1.));
#9882=DIRECTION('ref_axis',(-1.,-3.7007434154172E-15,0.));
#9883=DIRECTION('',(0.,0.,-1.));
#9884=DIRECTION('center_axis',(-1.,0.,0.));
#9885=DIRECTION('ref_axis',(0.,1.,0.));
#9886=DIRECTION('',(0.,-1.,0.));
#9887=DIRECTION('',(0.,1.,0.));
#9888=DIRECTION('center_axis',(0.,0.,-1.));
#9889=DIRECTION('ref_axis',(1.,0.,0.));
#9890=DIRECTION('center_axis',(-0.680620542760022,0.732636114843551,0.));
#9891=DIRECTION('ref_axis',(0.732636114843551,0.680620542760022,0.));
#9892=DIRECTION('',(-0.732636114843551,-0.680620542760022,0.));
#9893=DIRECTION('',(0.,0.,-1.));
#9894=DIRECTION('',(0.732636114843551,0.680620542760022,0.));
#9895=DIRECTION('',(0.,0.,-1.));
#9896=DIRECTION('center_axis',(0.,0.,-1.));
#9897=DIRECTION('ref_axis',(-9.25185853854296E-15,-1.,0.));
#9898=DIRECTION('center_axis',(0.,0.,1.));
#9899=DIRECTION('ref_axis',(-9.25185853854296E-15,-1.,0.));
#9900=DIRECTION('center_axis',(0.,0.,-1.));
#9901=DIRECTION('ref_axis',(-9.25185853854296E-15,-1.,0.));
#9902=DIRECTION('',(0.,0.,-1.));
#9903=DIRECTION('center_axis',(0.,-1.,0.));
#9904=DIRECTION('ref_axis',(-1.,0.,0.));
#9905=DIRECTION('',(1.,0.,0.));
#9906=DIRECTION('',(-1.,0.,0.));
#9907=DIRECTION('',(0.,0.,-1.));
#9908=DIRECTION('center_axis',(0.,0.,-1.));
#9909=DIRECTION('ref_axis',(1.,0.,0.));
#9910=DIRECTION('center_axis',(0.,0.,1.));
#9911=DIRECTION('ref_axis',(1.,0.,0.));
#9912=DIRECTION('center_axis',(0.,0.,-1.));
#9913=DIRECTION('ref_axis',(1.,0.,0.));
#9914=DIRECTION('',(0.,0.,-1.));
#9915=DIRECTION('center_axis',(1.,0.,0.));
#9916=DIRECTION('ref_axis',(0.,-1.,0.));
#9917=DIRECTION('',(0.,1.,0.));
#9918=DIRECTION('',(0.,-1.,0.));
#9919=DIRECTION('',(0.,0.,-1.));
#9920=DIRECTION('center_axis',(0.,1.,0.));
#9921=DIRECTION('ref_axis',(1.,0.,0.));
#9922=DIRECTION('',(-1.,0.,0.));
#9923=DIRECTION('',(1.,0.,0.));
#9924=DIRECTION('',(0.,0.,-1.));
#9925=DIRECTION('center_axis',(-1.,0.,0.));
#9926=DIRECTION('ref_axis',(0.,1.,0.));
#9927=DIRECTION('',(0.,-1.,0.));
#9928=DIRECTION('',(0.,1.,0.));
#9929=DIRECTION('',(0.,0.,-1.));
#9930=DIRECTION('center_axis',(-0.897789410142564,0.440424993654842,0.));
#9931=DIRECTION('ref_axis',(0.440424993654842,0.897789410142564,0.));
#9932=DIRECTION('',(-0.440424993654842,-0.897789410142564,0.));
#9933=DIRECTION('',(0.440424993654842,0.897789410142564,0.));
#9934=DIRECTION('center_axis',(0.,0.,-1.));
#9935=DIRECTION('ref_axis',(1.,0.,0.));
#9936=DIRECTION('center_axis',(1.73837860265215E-15,-1.,0.));
#9937=DIRECTION('ref_axis',(-1.,-1.73837860265215E-15,0.));
#9938=DIRECTION('',(1.,1.73837860265215E-15,0.));
#9939=DIRECTION('',(0.,0.,-1.));
#9940=DIRECTION('',(-1.,-1.73837860265215E-15,0.));
#9941=DIRECTION('',(0.,0.,-1.));
#9942=DIRECTION('center_axis',(1.,0.,0.));
#9943=DIRECTION('ref_axis',(0.,-1.,0.));
#9944=DIRECTION('',(0.,1.,0.));
#9945=DIRECTION('',(0.,-1.,0.));
#9946=DIRECTION('',(0.,0.,-1.));
#9947=DIRECTION('center_axis',(0.682231121779294,-0.731136578537667,0.));
#9948=DIRECTION('ref_axis',(-0.731136578537667,-0.682231121779294,0.));
#9949=DIRECTION('',(0.731136578537667,0.682231121779294,0.));
#9950=DIRECTION('',(-0.731136578537667,-0.682231121779294,0.));
#9951=DIRECTION('',(0.,0.,-1.));
#9952=DIRECTION('center_axis',(1.,5.68252784491172E-15,0.));
#9953=DIRECTION('ref_axis',(5.68252784491172E-15,-1.,0.));
#9954=DIRECTION('',(-5.68252784491172E-15,1.,0.));
#9955=DIRECTION('',(5.68252784491172E-15,-1.,0.));
#9956=DIRECTION('',(0.,0.,-1.));
#9957=DIRECTION('center_axis',(0.,0.,-1.));
#9958=DIRECTION('ref_axis',(3.17206578464331E-15,1.,0.));
#9959=DIRECTION('center_axis',(0.,0.,1.));
#9960=DIRECTION('ref_axis',(3.17206578464331E-15,1.,0.));
#9961=DIRECTION('center_axis',(0.,0.,-1.));
#9962=DIRECTION('ref_axis',(3.17206578464331E-15,1.,0.));
#9963=DIRECTION('',(0.,0.,-1.));
#9964=DIRECTION('center_axis',(0.,1.,0.));
#9965=DIRECTION('ref_axis',(1.,0.,0.));
#9966=DIRECTION('',(-1.,0.,0.));
#9967=DIRECTION('',(1.,0.,0.));
#9968=DIRECTION('',(0.,0.,-1.));
#9969=DIRECTION('center_axis',(-1.,0.,0.));
#9970=DIRECTION('ref_axis',(0.,1.,0.));
#9971=DIRECTION('',(0.,-1.,0.));
#9972=DIRECTION('',(0.,1.,0.));
#9973=DIRECTION('',(0.,0.,-1.));
#9974=DIRECTION('center_axis',(-0.691602454990666,0.722278370332993,0.));
#9975=DIRECTION('ref_axis',(0.722278370332993,0.691602454990666,0.));
#9976=DIRECTION('',(-0.722278370332993,-0.691602454990666,0.));
#9977=DIRECTION('',(0.722278370332993,0.691602454990666,0.));
#9978=DIRECTION('',(0.,0.,-1.));
#9979=DIRECTION('center_axis',(-0.930408392817091,0.366524518382493,0.));
#9980=DIRECTION('ref_axis',(0.366524518382493,0.930408392817091,0.));
#9981=DIRECTION('',(-0.366524518382493,-0.930408392817091,0.));
#9982=DIRECTION('',(0.366524518382493,0.930408392817091,0.));
#9983=DIRECTION('',(0.,0.,-1.));
#9984=DIRECTION('center_axis',(-1.,0.,0.));
#9985=DIRECTION('ref_axis',(0.,1.,0.));
#9986=DIRECTION('',(0.,-1.,0.));
#9987=DIRECTION('',(0.,1.,0.));
#9988=DIRECTION('',(0.,0.,-1.));
#9989=DIRECTION('center_axis',(0.,0.,-1.));
#9990=DIRECTION('ref_axis',(0.,-1.,0.));
#9991=DIRECTION('center_axis',(0.,0.,1.));
#9992=DIRECTION('ref_axis',(0.,-1.,0.));
#9993=DIRECTION('center_axis',(0.,0.,-1.));
#9994=DIRECTION('ref_axis',(0.,-1.,0.));
#9995=DIRECTION('center_axis',(0.,0.,-1.));
#9996=DIRECTION('ref_axis',(1.,0.,0.));
#9997=DIRECTION('center_axis',(0.,0.,1.));
#9998=DIRECTION('ref_axis',(-0.707106781186549,-0.707106781186546,0.));
#9999=DIRECTION('',(0.,0.,-1.));
#10000=DIRECTION('',(0.,0.,1.));
#10001=DIRECTION('center_axis',(0.,1.,0.));
#10002=DIRECTION('ref_axis',(-1.,0.,0.));
#10003=DIRECTION('center_axis',(0.,-1.,0.));
#10004=DIRECTION('ref_axis',(-1.,0.,0.));
#10005=DIRECTION('center_axis',(0.,-1.,0.));
#10006=DIRECTION('ref_axis',(-1.,0.,0.));
#10007=DIRECTION('',(0.,0.,-1.));
#10008=DIRECTION('center_axis',(0.,1.,0.));
#10009=DIRECTION('ref_axis',(-1.,0.,0.));
#10010=DIRECTION('center_axis',(0.,1.,0.));
#10011=DIRECTION('ref_axis',(-1.,0.,0.));
#10012=DIRECTION('center_axis',(0.,0.,1.));
#10013=DIRECTION('ref_axis',(-0.707106781186549,-0.707106781186546,0.));
#10014=DIRECTION('',(0.,0.,1.));
#10015=DIRECTION('center_axis',(1.,0.,0.));
#10016=DIRECTION('ref_axis',(0.,0.,-1.));
#10017=DIRECTION('',(0.,1.,0.));
#10018=DIRECTION('',(0.,0.,-1.));
#10019=DIRECTION('',(0.,1.,0.));
#10020=DIRECTION('center_axis',(0.,0.,-1.));
#10021=DIRECTION('ref_axis',(0.707106781186549,-0.707106781186546,0.));
#10022=DIRECTION('',(0.,0.,1.));
#10023=DIRECTION('',(0.,0.,-1.));
#10024=DIRECTION('center_axis',(0.,1.,0.));
#10025=DIRECTION('ref_axis',(-1.,0.,0.));
#10026=DIRECTION('center_axis',(0.,-1.,0.));
#10027=DIRECTION('ref_axis',(-1.,0.,0.));
#10028=DIRECTION('',(0.,0.,1.));
#10029=DIRECTION('center_axis',(0.,1.,0.));
#10030=DIRECTION('ref_axis',(-1.,0.,0.));
#10031=DIRECTION('center_axis',(0.,0.,-1.));
#10032=DIRECTION('ref_axis',(0.707106781186549,-0.707106781186546,0.));
#10033=DIRECTION('',(0.,0.,-1.));
#10034=DIRECTION('center_axis',(-1.,0.,0.));
#10035=DIRECTION('ref_axis',(0.,0.,1.));
#10036=DIRECTION('',(0.,1.,0.));
#10037=DIRECTION('',(0.,0.,1.));
#10038=DIRECTION('',(0.,1.,0.));
#10039=DIRECTION('center_axis',(0.,0.,1.));
#10040=DIRECTION('ref_axis',(-0.707106781186555,0.70710678118654,0.));
#10041=DIRECTION('',(0.,0.,-1.));
#10042=DIRECTION('',(0.,0.,1.));
#10043=DIRECTION('center_axis',(0.,1.,0.));
#10044=DIRECTION('ref_axis',(-1.,0.,0.));
#10045=DIRECTION('center_axis',(0.,1.,0.));
#10046=DIRECTION('ref_axis',(-1.,0.,0.));
#10047=DIRECTION('center_axis',(0.,1.,0.));
#10048=DIRECTION('ref_axis',(-1.,0.,0.));
#10049=DIRECTION('',(0.,0.,-1.));
#10050=DIRECTION('center_axis',(0.,-1.,0.));
#10051=DIRECTION('ref_axis',(-1.,0.,0.));
#10052=DIRECTION('center_axis',(0.,-1.,0.));
#10053=DIRECTION('ref_axis',(-1.,0.,0.));
#10054=DIRECTION('center_axis',(0.,1.,0.));
#10055=DIRECTION('ref_axis',(-1.,0.,0.));
#10056=DIRECTION('',(0.,1.,0.));
#10057=DIRECTION('',(0.,-1.,0.));
#10058=DIRECTION('center_axis',(0.,-1.,0.));
#10059=DIRECTION('ref_axis',(-1.,0.,0.));
#10060=DIRECTION('center_axis',(0.,0.,-1.));
#10061=DIRECTION('ref_axis',(0.707106781186555,0.70710678118654,0.));
#10062=DIRECTION('',(0.,0.,1.));
#10063=DIRECTION('center_axis',(0.,1.,0.));
#10064=DIRECTION('ref_axis',(-1.,0.,0.));
#10065=DIRECTION('center_axis',(0.,-1.,0.));
#10066=DIRECTION('ref_axis',(-1.,0.,0.));
#10067=DIRECTION('',(0.,0.,1.));
#10068=DIRECTION('center_axis',(0.,1.,0.));
#10069=DIRECTION('ref_axis',(-1.,0.,0.));
#10070=DIRECTION('center_axis',(0.,1.,0.));
#10071=DIRECTION('ref_axis',(-1.,0.,0.));
#10072=DIRECTION('',(0.,-1.,0.));
#10073=DIRECTION('center_axis',(0.,1.,0.));
#10074=DIRECTION('ref_axis',(-1.,0.,0.));
#10075=DIRECTION('',(0.,1.,0.));
#10076=DIRECTION('center_axis',(0.,0.,-1.));
#10077=DIRECTION('ref_axis',(0.707106781186555,0.70710678118654,0.));
#10078=DIRECTION('',(0.,0.,-1.));
#10079=DIRECTION('center_axis',(0.,0.,1.));
#10080=DIRECTION('ref_axis',(-0.707106781186555,0.70710678118654,0.));
#10081=DIRECTION('center_axis',(-1.,0.,0.));
#10082=DIRECTION('ref_axis',(0.,0.,1.));
#10083=DIRECTION('',(0.,1.,0.));
#10084=DIRECTION('center_axis',(1.,0.,0.));
#10085=DIRECTION('ref_axis',(0.,0.,-1.));
#10086=DIRECTION('',(0.,1.,0.));
#10087=DIRECTION('center_axis',(0.,1.,0.));
#10088=DIRECTION('ref_axis',(-1.,0.,0.));
#10089=DIRECTION('',(0.,-1.,0.));
#10090=DIRECTION('center_axis',(0.,1.,0.));
#10091=DIRECTION('ref_axis',(-1.,0.,0.));
#10092=DIRECTION('center_axis',(0.,1.,0.));
#10093=DIRECTION('ref_axis',(1.,0.,0.));
#10094=DIRECTION('',(0.,0.,-1.));
#10095=DIRECTION('',(-1.,0.,0.));
#10096=DIRECTION('',(0.,0.,1.));
#10097=DIRECTION('',(1.,0.,0.));
#10098=DIRECTION('center_axis',(0.,-1.,0.));
#10099=DIRECTION('ref_axis',(-1.,0.,0.));
#10100=DIRECTION('center_axis',(0.,1.,0.));
#10101=DIRECTION('ref_axis',(-1.,0.,0.));
#10102=DIRECTION('',(0.,-1.,0.));
#10103=DIRECTION('center_axis',(0.,1.,0.));
#10104=DIRECTION('ref_axis',(1.,0.,0.));
#10105=DIRECTION('center_axis',(0.,1.,0.));
#10106=DIRECTION('ref_axis',(-0.971924213550565,0.,-0.235294120441027));
#10107=DIRECTION('center_axis',(0.,-1.,0.));
#10108=DIRECTION('ref_axis',(-0.707106830181253,0.,-0.707106732191839));
#10109=DIRECTION('center_axis',(0.,-1.,0.));
#10110=DIRECTION('ref_axis',(1.,0.,0.));
#10111=DIRECTION('',(0.,-1.,0.));
#10112=DIRECTION('center_axis',(0.,1.,0.));
#10113=DIRECTION('ref_axis',(1.,0.,0.));
#10114=DIRECTION('',(0.,-1.,0.));
#10115=DIRECTION('center_axis',(1.,0.,0.));
#10116=DIRECTION('ref_axis',(0.,0.,1.));
#10117=DIRECTION('',(0.,-1.,0.));
#10118=DIRECTION('',(0.,0.,-1.));
#10119=DIRECTION('center_axis',(0.,-1.,0.));
#10120=DIRECTION('ref_axis',(-0.160000138692558,0.,-0.987116991859811));
#10121=DIRECTION('',(0.,-1.,0.));
#10122=DIRECTION('center_axis',(0.,1.,0.));
#10123=DIRECTION('ref_axis',(-0.160000138692558,0.,-0.987116991859811));
#10124=DIRECTION('center_axis',(0.,1.,0.));
#10125=DIRECTION('ref_axis',(-0.235294321606703,0.,0.97192416485014));
#10126=DIRECTION('center_axis',(0.,-1.,0.));
#10127=DIRECTION('ref_axis',(-0.707106830181253,0.,0.707106732191839));
#10128=DIRECTION('center_axis',(0.,-1.,0.));
#10129=DIRECTION('ref_axis',(-0.160000138692558,0.,0.987116991859811));
#10130=DIRECTION('',(0.,-1.,0.));
#10131=DIRECTION('center_axis',(0.,1.,0.));
#10132=DIRECTION('ref_axis',(-0.160000138692558,0.,0.987116991859811));
#10133=DIRECTION('',(0.,-1.,0.));
#10134=DIRECTION('center_axis',(0.,-1.,0.));
#10135=DIRECTION('ref_axis',(1.,0.,0.));
#10136=DIRECTION('',(0.,-1.,0.));
#10137=DIRECTION('center_axis',(0.,1.,0.));
#10138=DIRECTION('ref_axis',(1.,0.,0.));
#10139=DIRECTION('center_axis',(1.,0.,0.));
#10140=DIRECTION('ref_axis',(0.,0.,1.));
#10141=DIRECTION('',(0.,-1.,0.));
#10142=DIRECTION('',(0.,0.,-1.));
#10143=DIRECTION('center_axis',(0.,-1.,0.));
#10144=DIRECTION('ref_axis',(0.235294321606701,0.,-0.97192416485014));
#10145=DIRECTION('',(0.,-1.,0.));
#10146=DIRECTION('center_axis',(0.,1.,0.));
#10147=DIRECTION('ref_axis',(0.235294321606701,0.,-0.97192416485014));
#10148=DIRECTION('center_axis',(0.,1.,0.));
#10149=DIRECTION('ref_axis',(0.971924213550565,0.,0.235294120441027));
#10150=DIRECTION('center_axis',(0.,-1.,0.));
#10151=DIRECTION('ref_axis',(0.70710673219184,0.,0.707106830181252));
#10152=DIRECTION('center_axis',(0.,-1.,0.));
#10153=DIRECTION('ref_axis',(-1.,0.,0.));
#10154=DIRECTION('',(0.,-1.,0.));
#10155=DIRECTION('center_axis',(0.,1.,0.));
#10156=DIRECTION('ref_axis',(-1.,0.,0.));
#10157=DIRECTION('',(0.,-1.,0.));
#10158=DIRECTION('center_axis',(-1.,0.,0.));
#10159=DIRECTION('ref_axis',(0.,0.,-1.));
#10160=DIRECTION('',(0.,-1.,0.));
#10161=DIRECTION('',(0.,0.,1.));
#10162=DIRECTION('center_axis',(0.,-1.,0.));
#10163=DIRECTION('ref_axis',(0.159999865107237,0.,0.987117036204758));
#10164=DIRECTION('',(0.,-1.,0.));
#10165=DIRECTION('center_axis',(0.,1.,0.));
#10166=DIRECTION('ref_axis',(0.159999865107237,0.,0.987117036204758));
#10167=DIRECTION('center_axis',(0.,1.,0.));
#10168=DIRECTION('ref_axis',(0.235293919275352,0.,-0.971924262250945));
#10169=DIRECTION('center_axis',(0.,-1.,0.));
#10170=DIRECTION('ref_axis',(0.70710673219184,0.,-0.707106830181252));
#10171=DIRECTION('center_axis',(0.,-1.,0.));
#10172=DIRECTION('ref_axis',(0.,0.,1.));
#10173=DIRECTION('',(0.,-1.,0.));
#10174=DIRECTION('center_axis',(0.,1.,0.));
#10175=DIRECTION('ref_axis',(0.,0.,1.));
#10176=DIRECTION('',(0.,-1.,0.));
#10177=DIRECTION('center_axis',(0.,0.,1.));
#10178=DIRECTION('ref_axis',(-1.,0.,0.));
#10179=DIRECTION('',(0.,-1.,0.));
#10180=DIRECTION('',(1.,0.,0.));
#10181=DIRECTION('center_axis',(0.,-1.,0.));
#10182=DIRECTION('ref_axis',(0.987117014032294,0.,-0.160000001899899));
#10183=DIRECTION('',(0.,-1.,0.));
#10184=DIRECTION('center_axis',(0.,1.,0.));
#10185=DIRECTION('ref_axis',(0.987117014032294,0.,-0.160000001899899));
#10186=DIRECTION('center_axis',(0.,1.,0.));
#10187=DIRECTION('ref_axis',(-0.971924213550565,0.,-0.235294120441026));
#10188=DIRECTION('center_axis',(0.,-1.,0.));
#10189=DIRECTION('ref_axis',(-0.70710673219184,0.,-0.707106830181252));
#10190=DIRECTION('center_axis',(0.,0.,1.));
#10191=DIRECTION('ref_axis',(-1.,0.,0.));
#10192=DIRECTION('',(0.,-1.,0.));
#10193=DIRECTION('',(1.,0.,0.));
#10194=DIRECTION('',(0.,-1.,0.));
#10195=DIRECTION('center_axis',(0.,-1.,0.));
#10196=DIRECTION('ref_axis',(0.971924213550564,0.,0.235294120441028));
#10197=DIRECTION('',(0.,-1.,0.));
#10198=DIRECTION('center_axis',(0.,1.,0.));
#10199=DIRECTION('ref_axis',(0.971924213550564,0.,0.235294120441028));
#10200=DIRECTION('center_axis',(0.,-1.,0.));
#10201=DIRECTION('ref_axis',(1.,0.,0.));
#10202=DIRECTION('',(0.,-1.,0.));
#10203=DIRECTION('center_axis',(0.,1.,0.));
#10204=DIRECTION('ref_axis',(1.,0.,0.));
#10205=DIRECTION('',(0.,-1.,0.));
#10206=DIRECTION('center_axis',(0.,1.,0.));
#10207=DIRECTION('ref_axis',(0.235294321606703,0.,-0.97192416485014));
#10208=DIRECTION('center_axis',(0.,-1.,0.));
#10209=DIRECTION('ref_axis',(0.707106830181253,0.,-0.707106732191839));
#10210=DIRECTION('center_axis',(-1.,0.,0.));
#10211=DIRECTION('ref_axis',(0.,0.,-1.));
#10212=DIRECTION('',(0.,-1.,0.));
#10213=DIRECTION('',(0.,0.,1.));
#10214=DIRECTION('',(0.,-1.,0.));
#10215=DIRECTION('center_axis',(0.,-1.,0.));
#10216=DIRECTION('ref_axis',(-0.235294321606701,0.,0.97192416485014));
#10217=DIRECTION('',(0.,-1.,0.));
#10218=DIRECTION('center_axis',(0.,1.,0.));
#10219=DIRECTION('ref_axis',(-0.235294321606701,0.,0.97192416485014));
#10220=DIRECTION('center_axis',(0.,-1.,0.));
#10221=DIRECTION('ref_axis',(0.,0.,1.));
#10222=DIRECTION('',(0.,-1.,0.));
#10223=DIRECTION('center_axis',(0.,1.,0.));
#10224=DIRECTION('ref_axis',(0.,0.,1.));
#10225=DIRECTION('',(0.,-1.,0.));
#10226=DIRECTION('center_axis',(0.,1.,0.));
#10227=DIRECTION('ref_axis',(0.971924213550565,0.,0.235294120441027));
#10228=DIRECTION('center_axis',(0.,-1.,0.));
#10229=DIRECTION('ref_axis',(0.707106830181253,0.,0.707106732191839));
#10230=DIRECTION('center_axis',(0.,0.,-1.));
#10231=DIRECTION('ref_axis',(1.,0.,0.));
#10232=DIRECTION('',(0.,-1.,0.));
#10233=DIRECTION('',(-1.,0.,0.));
#10234=DIRECTION('',(0.,-1.,0.));
#10235=DIRECTION('center_axis',(0.,-1.,0.));
#10236=DIRECTION('ref_axis',(-0.971924213550565,0.,-0.235294120441027));
#10237=DIRECTION('',(0.,-1.,0.));
#10238=DIRECTION('center_axis',(0.,1.,0.));
#10239=DIRECTION('ref_axis',(-0.971924213550565,0.,-0.235294120441027));
#10240=DIRECTION('center_axis',(0.,-1.,0.));
#10241=DIRECTION('ref_axis',(-1.,0.,0.));
#10242=DIRECTION('',(0.,-1.,0.));
#10243=DIRECTION('center_axis',(0.,1.,0.));
#10244=DIRECTION('ref_axis',(-1.,0.,0.));
#10245=DIRECTION('',(0.,-1.,0.));
#10246=DIRECTION('center_axis',(0.,1.,0.));
#10247=DIRECTION('ref_axis',(-0.235293919275351,0.,0.971924262250946));
#10248=DIRECTION('center_axis',(0.,-1.,0.));
#10249=DIRECTION('ref_axis',(-0.70710673219184,0.,0.707106830181252));
#10250=DIRECTION('center_axis',(0.,-1.,0.));
#10251=DIRECTION('ref_axis',(-0.159999865107239,0.,0.987117036204758));
#10252=DIRECTION('',(0.,-1.,0.));
#10253=DIRECTION('center_axis',(0.,1.,0.));
#10254=DIRECTION('ref_axis',(-0.159999865107239,0.,0.987117036204758));
#10255=DIRECTION('',(0.,-1.,0.));
#10256=DIRECTION('center_axis',(0.,-1.,0.));
#10257=DIRECTION('ref_axis',(1.,0.,0.));
#10258=DIRECTION('',(0.,-1.,0.));
#10259=DIRECTION('center_axis',(0.,1.,0.));
#10260=DIRECTION('ref_axis',(1.,0.,0.));
#10261=DIRECTION('center_axis',(1.,0.,0.));
#10262=DIRECTION('ref_axis',(0.,0.,1.));
#10263=DIRECTION('',(0.,-1.,0.));
#10264=DIRECTION('',(0.,0.,-1.));
#10265=DIRECTION('center_axis',(0.,-1.,0.));
#10266=DIRECTION('ref_axis',(0.235293919275351,0.,-0.971924262250945));
#10267=DIRECTION('',(0.,-1.,0.));
#10268=DIRECTION('center_axis',(0.,1.,0.));
#10269=DIRECTION('ref_axis',(0.235293919275351,0.,-0.971924262250945));
#10270=DIRECTION('center_axis',(0.,-1.,0.));
#10271=DIRECTION('ref_axis',(0.,0.,-1.));
#10272=DIRECTION('center_axis',(0.,1.,0.));
#10273=DIRECTION('ref_axis',(1.,0.,0.));
#10274=DIRECTION('center_axis',(-1.,0.,0.));
#10275=DIRECTION('ref_axis',(0.,0.,1.));
#10276=DIRECTION('center_axis',(0.,-1.,0.));
#10277=DIRECTION('ref_axis',(1.,0.,0.));
#10278=DIRECTION('center_axis',(0.,-1.,0.));
#10279=DIRECTION('ref_axis',(1.,0.,0.));
#10280=DIRECTION('center_axis',(0.,-1.,0.));
#10281=DIRECTION('ref_axis',(1.,0.,0.));
#10282=DIRECTION('',(0.,1.,0.));
#10283=DIRECTION('center_axis',(0.,1.,0.));
#10284=DIRECTION('ref_axis',(1.,0.,0.));
#10285=DIRECTION('center_axis',(0.,-1.,0.));
#10286=DIRECTION('ref_axis',(1.,0.,0.));
#10287=DIRECTION('center_axis',(0.,-1.,0.));
#10288=DIRECTION('ref_axis',(0.971924213550565,0.,0.235294120441027));
#10289=DIRECTION('',(0.,0.,1.));
#10290=DIRECTION('center_axis',(0.,1.,0.));
#10291=DIRECTION('ref_axis',(0.160000138692557,0.,0.987116991859811));
#10292=DIRECTION('center_axis',(0.,1.,0.));
#10293=DIRECTION('ref_axis',(0.987117014032294,0.,0.160000001899898));
#10294=DIRECTION('center_axis',(0.,1.,0.));
#10295=DIRECTION('ref_axis',(0.,0.,-1.));
#10296=DIRECTION('center_axis',(0.,-1.,0.));
#10297=DIRECTION('ref_axis',(0.235294321606703,0.,-0.97192416485014));
#10298=DIRECTION('',(1.,0.,0.));
#10299=DIRECTION('center_axis',(0.,1.,0.));
#10300=DIRECTION('ref_axis',(0.987117014032294,0.,-0.160000001899898));
#10301=DIRECTION('center_axis',(0.,1.,0.));
#10302=DIRECTION('ref_axis',(0.160000138692558,0.,-0.987116991859811));
#10303=DIRECTION('center_axis',(0.,1.,0.));
#10304=DIRECTION('ref_axis',(-1.,0.,0.));
#10305=DIRECTION('center_axis',(0.,-1.,0.));
#10306=DIRECTION('ref_axis',(-0.971924213550565,0.,-0.235294120441026));
#10307=DIRECTION('',(0.,0.,-1.));
#10308=DIRECTION('center_axis',(0.,1.,0.));
#10309=DIRECTION('ref_axis',(-0.159999865107237,0.,-0.987117036204758));
#10310=DIRECTION('center_axis',(0.,1.,0.));
#10311=DIRECTION('ref_axis',(-0.987117014032294,0.,-0.160000001899898));
#10312=DIRECTION('center_axis',(0.,1.,0.));
#10313=DIRECTION('ref_axis',(1.85037170770859E-15,0.,1.));
#10314=DIRECTION('center_axis',(0.,-1.,0.));
#10315=DIRECTION('ref_axis',(-0.235293919275351,0.,0.971924262250946));
#10316=DIRECTION('center_axis',(0.,1.,0.));
#10317=DIRECTION('ref_axis',(0.,0.,-1.));
#10318=DIRECTION('',(-1.,0.,0.));
#10319=DIRECTION('center_axis',(0.,1.,0.));
#10320=DIRECTION('ref_axis',(-0.987117014032294,0.,0.160000001899899));
#10321=DIRECTION('center_axis',(0.,-1.,0.));
#10322=DIRECTION('ref_axis',(0.,0.,-1.));
#10323=DIRECTION('center_axis',(0.,1.,0.));
#10324=DIRECTION('ref_axis',(1.,0.,0.));
#10325=DIRECTION('center_axis',(-1.,0.,0.));
#10326=DIRECTION('ref_axis',(0.,0.,1.));
#10327=DIRECTION('center_axis',(0.,-1.,0.));
#10328=DIRECTION('ref_axis',(1.,0.,0.));
#10329=DIRECTION('center_axis',(0.,-1.,0.));
#10330=DIRECTION('ref_axis',(1.,0.,0.));
#10331=DIRECTION('center_axis',(0.,-1.,0.));
#10332=DIRECTION('ref_axis',(1.,0.,0.));
#10333=DIRECTION('',(0.,1.,0.));
#10334=DIRECTION('center_axis',(0.,1.,0.));
#10335=DIRECTION('ref_axis',(1.,0.,0.));
#10336=DIRECTION('center_axis',(0.,-1.,0.));
#10337=DIRECTION('ref_axis',(1.,0.,0.));
#10338=DIRECTION('center_axis',(0.,1.,0.));
#10339=DIRECTION('ref_axis',(0.159999865107239,0.,-0.987117036204758));
#10340=DIRECTION('center_axis',(0.,1.,0.));
#10341=DIRECTION('ref_axis',(-1.,0.,0.));
#10342=DIRECTION('',(0.,0.,1.));
#10343=DIRECTION('center_axis',(0.,1.,0.));
#10344=DIRECTION('ref_axis',(-0.235293919275347,0.,0.971924262250946));
#10345=DIRECTION('center_axis',(0.,-1.,0.));
#10346=DIRECTION('ref_axis',(0.235293919275352,0.,-0.971924262250945));
#10347=DIRECTION('center_axis',(0.,1.,0.));
#10348=DIRECTION('ref_axis',(0.987117014032294,0.,0.160000001899898));
#10349=DIRECTION('center_axis',(0.,1.,0.));
#10350=DIRECTION('ref_axis',(0.,0.,-1.));
#10351=DIRECTION('',(-1.,0.,0.));
#10352=DIRECTION('center_axis',(0.,1.,0.));
#10353=DIRECTION('ref_axis',(-0.971924213550565,0.,-0.235294120441027));
#10354=DIRECTION('center_axis',(0.,-1.,0.));
#10355=DIRECTION('ref_axis',(0.971924213550565,0.,0.235294120441027));
#10356=DIRECTION('center_axis',(0.,1.,0.));
#10357=DIRECTION('ref_axis',(-0.987117014032294,0.,-0.160000001899898));
#10358=DIRECTION('center_axis',(0.,1.,0.));
#10359=DIRECTION('ref_axis',(0.,0.,1.));
#10360=DIRECTION('',(1.,0.,0.));
#10361=DIRECTION('center_axis',(0.,1.,0.));
#10362=DIRECTION('ref_axis',(0.971924213550565,0.,0.235294120441027));
#10363=DIRECTION('center_axis',(0.,-1.,0.));
#10364=DIRECTION('ref_axis',(-0.971924213550565,0.,-0.235294120441027));
#10365=DIRECTION('center_axis',(0.,-1.,0.));
#10366=DIRECTION('ref_axis',(-0.235294321606703,0.,0.97192416485014));
#10367=DIRECTION('center_axis',(0.,1.,0.));
#10368=DIRECTION('ref_axis',(0.,0.,-1.));
#10369=DIRECTION('',(-1.,0.,0.));
#10370=DIRECTION('center_axis',(0.,1.,0.));
#10371=DIRECTION('ref_axis',(-0.987117014032294,0.,0.160000001899899));
#10372=DIRECTION('center_axis',(0.,-1.,0.));
#10373=DIRECTION('ref_axis',(-0.235294321606703,0.,0.97192416485014));
#10374=DIRECTION('',(0.,-1.,0.));
#10375=DIRECTION('center_axis',(0.,-1.,0.));
#10376=DIRECTION('ref_axis',(0.,0.,-1.));
#10377=DIRECTION('',(0.,-1.,0.));
#10378=DIRECTION('center_axis',(0.,0.,-1.));
#10379=DIRECTION('ref_axis',(1.,0.,0.));
#10380=DIRECTION('',(0.,-1.,0.));
#10381=DIRECTION('center_axis',(0.,-1.,0.));
#10382=DIRECTION('ref_axis',(-0.987117014032294,0.,0.160000001899899));
#10383=DIRECTION('center_axis',(0.,-1.,0.));
#10384=DIRECTION('ref_axis',(0.235293919275352,0.,-0.971924262250945));
#10385=DIRECTION('',(0.,-1.,0.));
#10386=DIRECTION('center_axis',(0.,-1.,0.));
#10387=DIRECTION('ref_axis',(0.159999865107239,0.,-0.987117036204758));
#10388=DIRECTION('',(0.,-1.,0.));
#10389=DIRECTION('center_axis',(0.,-1.,0.));
#10390=DIRECTION('ref_axis',(-1.,0.,0.));
#10391=DIRECTION('',(0.,-1.,0.));
#10392=DIRECTION('center_axis',(-1.,0.,0.));
#10393=DIRECTION('ref_axis',(0.,0.,-1.));
#10394=DIRECTION('',(0.,-1.,0.));
#10395=DIRECTION('center_axis',(0.,-1.,0.));
#10396=DIRECTION('ref_axis',(-0.235293919275347,0.,0.971924262250946));
#10397=DIRECTION('center_axis',(0.,-1.,0.));
#10398=DIRECTION('ref_axis',(0.971924213550565,0.,0.235294120441027));
#10399=DIRECTION('center_axis',(-1.,0.,0.));
#10400=DIRECTION('ref_axis',(0.,0.,-1.));
#10401=DIRECTION('',(0.,-1.,0.));
#10402=DIRECTION('center_axis',(0.,-1.,0.));
#10403=DIRECTION('ref_axis',(0.160000138692557,0.,0.987116991859811));
#10404=DIRECTION('',(0.,-1.,0.));
#10405=DIRECTION('center_axis',(0.,-1.,0.));
#10406=DIRECTION('ref_axis',(0.987117014032294,0.,0.160000001899898));
#10407=DIRECTION('',(0.,-1.,0.));
#10408=DIRECTION('center_axis',(0.,-1.,0.));
#10409=DIRECTION('ref_axis',(0.,0.,-1.));
#10410=DIRECTION('center_axis',(0.,-1.,0.));
#10411=DIRECTION('ref_axis',(-0.971924213550565,0.,-0.235294120441026));
#10412=DIRECTION('center_axis',(1.,0.,0.));
#10413=DIRECTION('ref_axis',(0.,0.,1.));
#10414=DIRECTION('',(0.,-1.,0.));
#10415=DIRECTION('center_axis',(0.,-1.,0.));
#10416=DIRECTION('ref_axis',(-0.159999865107237,0.,-0.987117036204758));
#10417=DIRECTION('',(0.,-1.,0.));
#10418=DIRECTION('center_axis',(0.,-1.,0.));
#10419=DIRECTION('ref_axis',(-0.987117014032294,0.,-0.160000001899898));
#10420=DIRECTION('',(0.,-1.,0.));
#10421=DIRECTION('center_axis',(0.,-1.,0.));
#10422=DIRECTION('ref_axis',(1.85037170770859E-15,0.,1.));
#10423=DIRECTION('center_axis',(0.,-1.,0.));
#10424=DIRECTION('ref_axis',(-0.235293919275351,0.,0.971924262250946));
#10425=DIRECTION('',(0.,-1.,0.));
#10426=DIRECTION('center_axis',(0.,-1.,0.));
#10427=DIRECTION('ref_axis',(0.,0.,-1.));
#10428=DIRECTION('',(0.,-1.,0.));
#10429=DIRECTION('center_axis',(0.,0.,-1.));
#10430=DIRECTION('ref_axis',(1.,0.,0.));
#10431=DIRECTION('',(0.,-1.,0.));
#10432=DIRECTION('center_axis',(0.,-1.,0.));
#10433=DIRECTION('ref_axis',(-0.987117014032294,0.,0.160000001899899));
#10434=DIRECTION('center_axis',(0.,-1.,0.));
#10435=DIRECTION('ref_axis',(0.235294321606703,0.,-0.97192416485014));
#10436=DIRECTION('center_axis',(0.,0.,1.));
#10437=DIRECTION('ref_axis',(-1.,0.,0.));
#10438=DIRECTION('',(0.,-1.,0.));
#10439=DIRECTION('center_axis',(0.,-1.,0.));
#10440=DIRECTION('ref_axis',(0.987117014032294,0.,-0.160000001899898));
#10441=DIRECTION('',(0.,-1.,0.));
#10442=DIRECTION('center_axis',(0.,-1.,0.));
#10443=DIRECTION('ref_axis',(0.160000138692558,0.,-0.987116991859811));
#10444=DIRECTION('',(0.,-1.,0.));
#10445=DIRECTION('center_axis',(0.,-1.,0.));
#10446=DIRECTION('ref_axis',(-1.,0.,0.));
#10447=DIRECTION('center_axis',(0.,-1.,0.));
#10448=DIRECTION('ref_axis',(0.971924213550565,0.,0.235294120441027));
#10449=DIRECTION('',(0.,-1.,0.));
#10450=DIRECTION('center_axis',(0.,-1.,0.));
#10451=DIRECTION('ref_axis',(0.987117014032294,0.,0.160000001899898));
#10452=DIRECTION('',(0.,-1.,0.));
#10453=DIRECTION('center_axis',(0.,-1.,0.));
#10454=DIRECTION('ref_axis',(0.,0.,-1.));
#10455=DIRECTION('',(0.,-1.,0.));
#10456=DIRECTION('center_axis',(0.,0.,-1.));
#10457=DIRECTION('ref_axis',(1.,0.,0.));
#10458=DIRECTION('',(0.,-1.,0.));
#10459=DIRECTION('center_axis',(0.,-1.,0.));
#10460=DIRECTION('ref_axis',(-0.971924213550565,0.,-0.235294120441027));
#10461=DIRECTION('center_axis',(0.,-1.,0.));
#10462=DIRECTION('ref_axis',(-0.971924213550565,0.,-0.235294120441027));
#10463=DIRECTION('',(0.,-1.,0.));
#10464=DIRECTION('center_axis',(0.,-1.,0.));
#10465=DIRECTION('ref_axis',(-0.987117014032294,0.,-0.160000001899898));
#10466=DIRECTION('',(0.,-1.,0.));
#10467=DIRECTION('center_axis',(0.,-1.,0.));
#10468=DIRECTION('ref_axis',(0.,0.,1.));
#10469=DIRECTION('',(0.,-1.,0.));
#10470=DIRECTION('center_axis',(0.,0.,1.));
#10471=DIRECTION('ref_axis',(-1.,0.,0.));
#10472=DIRECTION('',(0.,-1.,0.));
#10473=DIRECTION('center_axis',(0.,-1.,0.));
#10474=DIRECTION('ref_axis',(0.971924213550565,0.,0.235294120441027));
#10475=DIRECTION('center_axis',(0.,1.,0.));
#10476=DIRECTION('ref_axis',(1.,0.,0.));
#10477=DIRECTION('center_axis',(0.,-1.,0.));
#10478=DIRECTION('ref_axis',(-1.,0.,0.));
#10479=DIRECTION('',(-1.,0.,0.));
#10480=DIRECTION('center_axis',(0.,-1.,0.));
#10481=DIRECTION('ref_axis',(1.38777878078144E-15,0.,1.));
#10482=DIRECTION('',(1.5419764230905E-16,0.,1.));
#10483=DIRECTION('',(-1.,0.,0.));
#10484=DIRECTION('',(-0.78086880944303,0.,-0.624695047554424));
#10485=DIRECTION('',(0.,0.,-1.));
#10486=DIRECTION('',(0.78086880944303,0.,-0.624695047554424));
#10487=DIRECTION('',(1.,0.,0.));
#10488=DIRECTION('',(0.,0.,1.));
#10489=DIRECTION('',(-1.,0.,0.));
#10490=DIRECTION('',(0.,0.,-1.));
#10491=DIRECTION('center_axis',(0.,1.,0.));
#10492=DIRECTION('ref_axis',(1.,0.,0.));
#10493=DIRECTION('center_axis',(-1.,0.,0.));
#10494=DIRECTION('ref_axis',(0.,0.,1.));
#10495=DIRECTION('',(0.,1.,0.));
#10496=DIRECTION('',(0.,0.,1.));
#10497=DIRECTION('',(0.,1.,0.));
#10498=DIRECTION('',(0.,1.,0.));
#10499=DIRECTION('center_axis',(0.,0.,-1.));
#10500=DIRECTION('ref_axis',(-1.,0.,0.));
#10501=DIRECTION('',(0.,1.,0.));
#10502=DIRECTION('',(-1.,0.,0.));
#10503=DIRECTION('center_axis',(1.,0.,0.));
#10504=DIRECTION('ref_axis',(0.,0.,-1.));
#10505=DIRECTION('',(0.,1.,0.));
#10506=DIRECTION('',(0.,0.,-1.));
#10507=DIRECTION('',(0.,1.,0.));
#10508=DIRECTION('center_axis',(0.,0.,1.));
#10509=DIRECTION('ref_axis',(1.,0.,0.));
#10510=DIRECTION('',(1.,0.,0.));
#10511=DIRECTION('center_axis',(0.,1.,0.));
#10512=DIRECTION('ref_axis',(-1.,0.,2.80993317502976E-8));
#10513=DIRECTION('center_axis',(0.,-1.,0.));
#10514=DIRECTION('ref_axis',(-1.,0.,2.80993317502976E-8));
#10515=DIRECTION('center_axis',(0.,1.,0.));
#10516=DIRECTION('ref_axis',(-1.,0.,2.80993317502976E-8));
#10517=DIRECTION('',(0.,1.,0.));
#10518=DIRECTION('center_axis',(-1.,0.,2.80993332354509E-8));
#10519=DIRECTION('ref_axis',(2.80993332354509E-8,0.,1.));
#10520=DIRECTION('',(-2.80993332354509E-8,0.,-1.));
#10521=DIRECTION('',(2.80993332354509E-8,0.,1.));
#10522=DIRECTION('',(0.,1.,0.));
#10523=DIRECTION('center_axis',(0.,1.,0.));
#10524=DIRECTION('ref_axis',(-4.44089209850059E-15,0.,-1.));
#10525=DIRECTION('center_axis',(0.,-1.,0.));
#10526=DIRECTION('ref_axis',(-4.44089209850059E-15,0.,-1.));
#10527=DIRECTION('center_axis',(0.,1.,0.));
#10528=DIRECTION('ref_axis',(-4.44089209850059E-15,0.,-1.));
#10529=DIRECTION('',(0.,1.,0.));
#10530=DIRECTION('center_axis',(0.,1.,0.));
#10531=DIRECTION('ref_axis',(1.,0.,-2.80993320492038E-8));
#10532=DIRECTION('center_axis',(0.,-1.,0.));
#10533=DIRECTION('ref_axis',(1.,0.,-2.80993320492038E-8));
#10534=DIRECTION('',(0.,1.,0.));
#10535=DIRECTION('center_axis',(0.,1.,0.));
#10536=DIRECTION('ref_axis',(1.,0.,-2.80993320492038E-8));
#10537=DIRECTION('',(0.,1.,0.));
#10538=DIRECTION('center_axis',(1.,0.,-2.80993325597713E-8));
#10539=DIRECTION('ref_axis',(-2.80993325597713E-8,0.,-1.));
#10540=DIRECTION('',(2.80993325597713E-8,0.,1.));
#10541=DIRECTION('',(-2.80993325597713E-8,0.,-1.));
#10542=DIRECTION('',(0.,1.,0.));
#10543=DIRECTION('center_axis',(0.,1.,0.));
#10544=DIRECTION('ref_axis',(0.,0.,1.));
#10545=DIRECTION('center_axis',(0.,-1.,0.));
#10546=DIRECTION('ref_axis',(0.,0.,1.));
#10547=DIRECTION('center_axis',(0.,1.,0.));
#10548=DIRECTION('ref_axis',(0.,0.,1.));
#10549=DIRECTION('center_axis',(0.,1.,0.));
#10550=DIRECTION('ref_axis',(-1.,0.,0.));
#10551=DIRECTION('',(-1.,0.,-4.62978739290876E-17));
#10552=DIRECTION('center_axis',(0.,1.,0.));
#10553=DIRECTION('ref_axis',(1.,0.,0.));
#10554=DIRECTION('center_axis',(0.,1.,0.));
#10555=DIRECTION('ref_axis',(0.,0.,1.));
#10556=DIRECTION('',(7.28015098114856E-16,0.,-1.));
#10557=DIRECTION('center_axis',(0.,1.,0.));
#10558=DIRECTION('ref_axis',(1.,0.,-5.55111512312579E-16));
#10559=DIRECTION('',(-1.,0.,0.));
#10560=DIRECTION('',(0.876561935923024,0.,0.48128907372896));
#10561=DIRECTION('',(0.,0.,1.));
#10562=DIRECTION('',(-0.876561935923024,0.,0.48128907372896));
#10563=DIRECTION('',(-0.875868520896085,0.,-0.482549825513701));
#10564=DIRECTION('',(0.,0.,-1.));
#10565=DIRECTION('',(0.875868520896085,0.,-0.482549825513701));
#10566=DIRECTION('center_axis',(0.,-1.,0.));
#10567=DIRECTION('ref_axis',(-1.,0.,0.));
#10568=DIRECTION('',(0.,-1.,0.));
#10569=DIRECTION('center_axis',(0.,-1.,0.));
#10570=DIRECTION('ref_axis',(-1.,0.,0.));
#10571=DIRECTION('',(0.,1.,0.));
#10572=DIRECTION('center_axis',(0.,0.,1.));
#10573=DIRECTION('ref_axis',(-1.,0.,0.));
#10574=DIRECTION('',(-1.,0.,0.));
#10575=DIRECTION('',(0.,1.,0.));
#10576=DIRECTION('center_axis',(0.,-1.,0.));
#10577=DIRECTION('ref_axis',(1.38777878078144E-15,0.,1.));
#10578=DIRECTION('center_axis',(0.,-1.,0.));
#10579=DIRECTION('ref_axis',(1.38777878078144E-15,0.,1.));
#10580=DIRECTION('',(0.,1.,0.));
#10581=DIRECTION('center_axis',(1.,0.,-1.5419764230905E-16));
#10582=DIRECTION('ref_axis',(1.5419764230905E-16,0.,1.));
#10583=DIRECTION('',(1.5419764230905E-16,0.,1.));
#10584=DIRECTION('',(0.,1.,0.));
#10585=DIRECTION('center_axis',(0.,0.,1.));
#10586=DIRECTION('ref_axis',(-1.,0.,0.));
#10587=DIRECTION('',(-1.,0.,0.));
#10588=DIRECTION('',(0.,1.,0.));
#10589=DIRECTION('center_axis',(-0.624695047554424,0.,0.78086880944303));
#10590=DIRECTION('ref_axis',(-0.78086880944303,0.,-0.624695047554424));
#10591=DIRECTION('',(-0.78086880944303,0.,-0.624695047554424));
#10592=DIRECTION('',(0.,1.,0.));
#10593=DIRECTION('center_axis',(-1.,0.,0.));
#10594=DIRECTION('ref_axis',(0.,0.,-1.));
#10595=DIRECTION('',(0.,0.,-1.));
#10596=DIRECTION('',(0.,1.,0.));
#10597=DIRECTION('center_axis',(-0.624695047554424,0.,-0.78086880944303));
#10598=DIRECTION('ref_axis',(0.78086880944303,0.,-0.624695047554424));
#10599=DIRECTION('',(0.78086880944303,0.,-0.624695047554424));
#10600=DIRECTION('',(0.,1.,0.));
#10601=DIRECTION('center_axis',(0.,0.,-1.));
#10602=DIRECTION('ref_axis',(1.,0.,0.));
#10603=DIRECTION('',(1.,0.,0.));
#10604=DIRECTION('',(0.,1.,0.));
#10605=DIRECTION('center_axis',(1.,0.,0.));
#10606=DIRECTION('ref_axis',(0.,0.,1.));
#10607=DIRECTION('',(0.,0.,1.));
#10608=DIRECTION('',(0.,1.,0.));
#10609=DIRECTION('center_axis',(0.,0.,1.));
#10610=DIRECTION('ref_axis',(-1.,0.,0.));
#10611=DIRECTION('',(-1.,0.,0.));
#10612=DIRECTION('',(0.,1.,0.));
#10613=DIRECTION('center_axis',(-1.,0.,0.));
#10614=DIRECTION('ref_axis',(0.,0.,-1.));
#10615=DIRECTION('',(0.,0.,-1.));
#10616=DIRECTION('center_axis',(-1.,0.,-2.92167561700379E-16));
#10617=DIRECTION('ref_axis',(2.92167561700379E-16,0.,-1.));
#10618=DIRECTION('',(-2.92167561700379E-16,0.,1.));
#10619=DIRECTION('',(0.,-1.,0.));
#10620=DIRECTION('',(2.92167561700379E-16,0.,-1.));
#10621=DIRECTION('',(0.,-1.,0.));
#10622=DIRECTION('center_axis',(0.,-1.,0.));
#10623=DIRECTION('ref_axis',(-1.,0.,2.2204460492503E-15));
#10624=DIRECTION('center_axis',(0.,1.,0.));
#10625=DIRECTION('ref_axis',(-1.,0.,2.2204460492503E-15));
#10626=DIRECTION('center_axis',(0.,-1.,0.));
#10627=DIRECTION('ref_axis',(-1.,0.,2.2204460492503E-15));
#10628=DIRECTION('',(0.,-1.,0.));
#10629=DIRECTION('center_axis',(0.,0.,1.));
#10630=DIRECTION('ref_axis',(-1.,0.,0.));
#10631=DIRECTION('',(1.,0.,0.));
#10632=DIRECTION('',(-1.,0.,0.));
#10633=DIRECTION('',(0.,-1.,0.));
#10634=DIRECTION('center_axis',(0.,-1.,0.));
#10635=DIRECTION('ref_axis',(0.,0.,1.));
#10636=DIRECTION('center_axis',(0.,1.,0.));
#10637=DIRECTION('ref_axis',(0.,0.,1.));
#10638=DIRECTION('center_axis',(0.,-1.,0.));
#10639=DIRECTION('ref_axis',(0.,0.,1.));
#10640=DIRECTION('',(0.,-1.,0.));
#10641=DIRECTION('center_axis',(1.,0.,6.93930093352055E-16));
#10642=DIRECTION('ref_axis',(-6.93930093352055E-16,0.,1.));
#10643=DIRECTION('',(6.93930093352055E-16,0.,-1.));
#10644=DIRECTION('',(-6.93930093352055E-16,0.,1.));
#10645=DIRECTION('',(0.,-1.,0.));
#10646=DIRECTION('center_axis',(0.,-1.,0.));
#10647=DIRECTION('ref_axis',(1.,0.,2.56205313375036E-16));
#10648=DIRECTION('center_axis',(0.,1.,0.));
#10649=DIRECTION('ref_axis',(1.,0.,2.56205313375036E-16));
#10650=DIRECTION('center_axis',(0.,-1.,0.));
#10651=DIRECTION('ref_axis',(1.,0.,2.56205313375036E-16));
#10652=DIRECTION('',(0.,-1.,0.));
#10653=DIRECTION('center_axis',(1.38777789161101E-16,0.,-1.));
#10654=DIRECTION('ref_axis',(1.,0.,1.38777789161101E-16));
#10655=DIRECTION('',(-1.,0.,-1.38777789161101E-16));
#10656=DIRECTION('',(1.,0.,1.38777789161101E-16));
#10657=DIRECTION('',(0.,-1.,0.));
#10658=DIRECTION('center_axis',(0.,-1.,0.));
#10659=DIRECTION('ref_axis',(4.44089209850066E-15,0.,-1.));
#10660=DIRECTION('center_axis',(0.,1.,0.));
#10661=DIRECTION('ref_axis',(4.44089209850066E-15,0.,-1.));
#10662=DIRECTION('center_axis',(0.,-1.,0.));
#10663=DIRECTION('ref_axis',(4.44089209850066E-15,0.,-1.));
#10664=DIRECTION('center_axis',(0.,1.,0.));
#10665=DIRECTION('ref_axis',(1.,0.,0.));
#10666=DIRECTION('center_axis',(0.,1.,0.));
#10667=DIRECTION('ref_axis',(1.,0.,0.));
#10668=DIRECTION('center_axis',(0.,1.,0.));
#10669=DIRECTION('ref_axis',(1.,0.,-5.55111512312579E-16));
#10670=DIRECTION('',(7.28015098114856E-16,0.,-1.));
#10671=DIRECTION('center_axis',(0.,1.,0.));
#10672=DIRECTION('ref_axis',(0.,0.,1.));
#10673=DIRECTION('',(0.657595421209052,0.,-0.753371264387546));
#10674=DIRECTION('',(1.,0.,0.));
#10675=DIRECTION('',(-0.658504607868518,0.,-0.752576694706878));
#10676=DIRECTION('center_axis',(0.,1.,0.));
#10677=DIRECTION('ref_axis',(-1.,0.,0.));
#10678=DIRECTION('',(-3.64007549057428E-16,0.,1.));
#10679=DIRECTION('center_axis',(0.,1.,0.));
#10680=DIRECTION('ref_axis',(0.,0.,-1.));
#10681=DIRECTION('',(-1.,0.,0.));
#10682=DIRECTION('',(-0.658504607868518,0.,0.752576694706878));
#10683=DIRECTION('',(1.,0.,0.));
#10684=DIRECTION('',(0.658504607868518,0.,0.752576694706878));
#10685=DIRECTION('',(-1.,0.,0.));
#10686=DIRECTION('center_axis',(0.,-1.,0.));
#10687=DIRECTION('ref_axis',(1.,0.,0.));
#10688=DIRECTION('center_axis',(0.,-1.,0.));
#10689=DIRECTION('ref_axis',(1.,0.,0.));
#10690=DIRECTION('center_axis',(0.48128907372896,0.,-0.876561935923024));
#10691=DIRECTION('ref_axis',(0.876561935923024,0.,0.48128907372896));
#10692=DIRECTION('',(0.,-1.,0.));
#10693=DIRECTION('',(0.876561935923024,0.,0.48128907372896));
#10694=DIRECTION('',(0.,-1.,0.));
#10695=DIRECTION('center_axis',(-0.482549825513701,0.,-0.875868520896085));
#10696=DIRECTION('ref_axis',(0.875868520896085,0.,-0.482549825513701));
#10697=DIRECTION('',(0.,-1.,0.));
#10698=DIRECTION('',(0.875868520896085,0.,-0.482549825513701));
#10699=DIRECTION('center_axis',(-1.,0.,0.));
#10700=DIRECTION('ref_axis',(0.,0.,-1.));
#10701=DIRECTION('',(0.,-1.,0.));
#10702=DIRECTION('',(0.,0.,-1.));
#10703=DIRECTION('center_axis',(-0.482549825513701,0.,0.875868520896085));
#10704=DIRECTION('ref_axis',(-0.875868520896085,0.,-0.482549825513701));
#10705=DIRECTION('',(0.,-1.,0.));
#10706=DIRECTION('',(-0.875868520896085,0.,-0.482549825513701));
#10707=DIRECTION('center_axis',(0.481289073728961,0.,0.876561935923024));
#10708=DIRECTION('ref_axis',(-0.876561935923024,0.,0.48128907372896));
#10709=DIRECTION('',(0.,-1.,0.));
#10710=DIRECTION('',(-0.876561935923024,0.,0.481289073728961));
#10711=DIRECTION('center_axis',(1.,0.,0.));
#10712=DIRECTION('ref_axis',(0.,0.,1.));
#10713=DIRECTION('',(0.,0.,1.));
#10714=DIRECTION('center_axis',(0.,-1.,0.));
#10715=DIRECTION('ref_axis',(0.,0.,-1.));
#10716=DIRECTION('center_axis',(0.,1.,0.));
#10717=DIRECTION('ref_axis',(1.,0.,0.));
#10718=DIRECTION('center_axis',(-0.482549825513701,0.,-0.875868520896085));
#10719=DIRECTION('ref_axis',(0.875868520896085,0.,-0.482549825513701));
#10720=DIRECTION('',(0.875868520896085,0.,-0.482549825513701));
#10721=DIRECTION('',(0.,-1.,0.));
#10722=DIRECTION('',(0.875868520896085,0.,-0.482549825513701));
#10723=DIRECTION('',(0.,-1.,0.));
#10724=DIRECTION('center_axis',(-1.,0.,0.));
#10725=DIRECTION('ref_axis',(0.,0.,-1.));
#10726=DIRECTION('',(0.,0.,-1.));
#10727=DIRECTION('',(0.,-1.,0.));
#10728=DIRECTION('',(0.,0.,-1.));
#10729=DIRECTION('center_axis',(-0.482549825513701,0.,0.875868520896085));
#10730=DIRECTION('ref_axis',(-0.875868520896085,0.,-0.482549825513701));
#10731=DIRECTION('',(-0.875868520896085,0.,-0.482549825513701));
#10732=DIRECTION('',(0.,-1.,0.));
#10733=DIRECTION('',(-0.875868520896085,0.,-0.482549825513701));
#10734=DIRECTION('center_axis',(0.481289073728961,0.,0.876561935923024));
#10735=DIRECTION('ref_axis',(-0.876561935923024,0.,0.48128907372896));
#10736=DIRECTION('',(-0.876561935923024,0.,0.48128907372896));
#10737=DIRECTION('',(0.,-1.,0.));
#10738=DIRECTION('',(-0.876561935923024,0.,0.481289073728961));
#10739=DIRECTION('center_axis',(1.,0.,0.));
#10740=DIRECTION('ref_axis',(0.,0.,1.));
#10741=DIRECTION('',(0.,0.,1.));
#10742=DIRECTION('',(0.,-1.,0.));
#10743=DIRECTION('',(0.,0.,1.));
#10744=DIRECTION('center_axis',(0.48128907372896,0.,-0.876561935923024));
#10745=DIRECTION('ref_axis',(0.876561935923024,0.,0.48128907372896));
#10746=DIRECTION('',(0.876561935923024,0.,0.48128907372896));
#10747=DIRECTION('',(0.876561935923024,0.,0.48128907372896));
#10748=DIRECTION('center_axis',(0.,-1.,0.));
#10749=DIRECTION('ref_axis',(0.,0.,-1.));
#10750=DIRECTION('center_axis',(0.,1.,0.));
#10751=DIRECTION('ref_axis',(1.,0.,0.));
#10752=DIRECTION('center_axis',(0.,0.,-1.));
#10753=DIRECTION('ref_axis',(-1.,0.,0.));
#10754=DIRECTION('',(0.,1.,0.));
#10755=DIRECTION('',(-1.,0.,0.));
#10756=DIRECTION('',(0.,1.,0.));
#10757=DIRECTION('center_axis',(0.752576694706878,0.,-0.658504607868518));
#10758=DIRECTION('ref_axis',(-0.658504607868518,0.,-0.752576694706878));
#10759=DIRECTION('',(-0.658504607868518,0.,-0.752576694706878));
#10760=DIRECTION('',(0.,1.,0.));
#10761=DIRECTION('center_axis',(-0.752576694706878,0.,-0.658504607868518));
#10762=DIRECTION('ref_axis',(-0.658504607868518,0.,0.752576694706878));
#10763=DIRECTION('',(0.,-1.,0.));
#10764=DIRECTION('',(-0.658504607868518,0.,0.752576694706878));
#10765=DIRECTION('center_axis',(0.,1.,0.));
#10766=DIRECTION('ref_axis',(0.,0.,1.));
#10767=DIRECTION('',(-1.,0.,0.));
#10768=DIRECTION('center_axis',(-0.752576694706878,0.,0.658504607868518));
#10769=DIRECTION('ref_axis',(0.658504607868518,0.,0.752576694706878));
#10770=DIRECTION('',(0.,1.,0.));
#10771=DIRECTION('',(0.658504607868518,0.,0.752576694706878));
#10772=DIRECTION('center_axis',(0.753371264387546,0.,0.657595421209052));
#10773=DIRECTION('ref_axis',(0.657595421209052,0.,-0.753371264387546));
#10774=DIRECTION('',(0.657595421209052,0.,-0.753371264387546));
#10775=DIRECTION('',(0.,1.,0.));
#10776=DIRECTION('center_axis',(0.,0.,1.));
#10777=DIRECTION('ref_axis',(1.,0.,0.));
#10778=DIRECTION('',(1.,0.,0.));
#10779=DIRECTION('center_axis',(0.,1.,0.));
#10780=DIRECTION('ref_axis',(0.,0.,1.));
#10781=DIRECTION('center_axis',(0.,1.,0.));
#10782=DIRECTION('ref_axis',(1.,0.,0.));
#10783=DIRECTION('',(0.,-1.,0.));
#10784=DIRECTION('center_axis',(0.,1.,0.));
#10785=DIRECTION('ref_axis',(1.,0.,0.));
#10786=DIRECTION('',(0.,-1.,0.));
#10787=DIRECTION('center_axis',(1.,0.,7.28015098114856E-16));
#10788=DIRECTION('ref_axis',(7.28015098114856E-16,0.,-1.));
#10789=DIRECTION('',(0.,1.,0.));
#10790=DIRECTION('',(0.,1.,0.));
#10791=DIRECTION('center_axis',(0.,1.,0.));
#10792=DIRECTION('ref_axis',(0.,0.,1.));
#10793=DIRECTION('center_axis',(0.,0.,1.));
#10794=DIRECTION('ref_axis',(1.,0.,0.));
#10795=DIRECTION('center_axis',(0.,1.,0.));
#10796=DIRECTION('ref_axis',(-1.,0.,0.));
#10797=DIRECTION('center_axis',(0.,1.,0.));
#10798=DIRECTION('ref_axis',(-1.,0.,0.));
#10799=DIRECTION('',(0.,1.,0.));
#10800=DIRECTION('center_axis',(-1.,0.,-3.64007549057428E-16));
#10801=DIRECTION('ref_axis',(-3.64007549057428E-16,0.,1.));
#10802=DIRECTION('',(-3.64007549057428E-16,0.,1.));
#10803=DIRECTION('',(0.,1.,0.));
#10804=DIRECTION('center_axis',(0.,1.,0.));
#10805=DIRECTION('ref_axis',(0.,0.,-1.));
#10806=DIRECTION('center_axis',(0.,1.,0.));
#10807=DIRECTION('ref_axis',(0.,0.,-1.));
#10808=DIRECTION('',(0.,1.,0.));
#10809=DIRECTION('center_axis',(0.,0.,-1.));
#10810=DIRECTION('ref_axis',(-1.,0.,0.));
#10811=DIRECTION('',(-1.,0.,0.));
#10812=DIRECTION('',(0.,1.,0.));
#10813=DIRECTION('center_axis',(0.,1.,0.));
#10814=DIRECTION('ref_axis',(1.,0.,-5.55111512312579E-16));
#10815=DIRECTION('center_axis',(0.,1.,0.));
#10816=DIRECTION('ref_axis',(1.,0.,0.));
#10817=DIRECTION('',(0.,0.,1.));
#10818=DIRECTION('',(1.,0.,0.));
#10819=DIRECTION('',(0.,0.,0.999999999999999));
#10820=DIRECTION('',(1.,0.,0.));
#10821=CARTESIAN_POINT('',(0.,0.,0.));
#10822=CARTESIAN_POINT('',(0.,0.,0.));
#10823=CARTESIAN_POINT('Origin',(-10.25,0.025,0.));
#10824=CARTESIAN_POINT('',(-11.5,0.025,1.53080849893419E-16));
#10825=CARTESIAN_POINT('',(-10.25,0.025,1.25));
#10826=CARTESIAN_POINT('Origin',(-10.25,0.025,0.));
#10827=CARTESIAN_POINT('',(-10.25,0.,1.275));
#10828=CARTESIAN_POINT('Origin',(-10.25,0.025,1.275));
#10829=CARTESIAN_POINT('Origin',(-10.25,0.,0.));
#10830=CARTESIAN_POINT('Origin',(-10.25,0.025,0.));
#10831=CARTESIAN_POINT('Origin',(-10.25,0.,0.));
#10832=CARTESIAN_POINT('',(-11.5,1.975,-1.53080849893419E-16));
#10833=CARTESIAN_POINT('',(-10.25,1.975,1.25));
#10834=CARTESIAN_POINT('Origin',(-10.25,1.975,0.));
#10835=CARTESIAN_POINT('',(-11.5,0.,1.53080849893419E-16));
#10836=CARTESIAN_POINT('Origin',(-10.25,1.975,0.));
#10837=CARTESIAN_POINT('Origin',(-10.25,0.,0.));
#10838=CARTESIAN_POINT('',(-10.25,0.,2.84646821947372));
#10839=CARTESIAN_POINT('',(-7.775000000413,0.,1.48521821970087));
#10840=CARTESIAN_POINT('',(-9.65504221058691,0.,2.51924143529652));
#10841=CARTESIAN_POINT('',(-12.72499999941,0.,1.48521821979822));
#10842=CARTESIAN_POINT('',(-12.0949577894131,0.,1.83174143529652));
#10843=CARTESIAN_POINT('',(-12.7249998808485,0.,-1.48521821949041));
#10844=CARTESIAN_POINT('',(-12.7249999101939,0.,-0.750000048894433));
#10845=CARTESIAN_POINT('',(-10.2499999999134,0.,-2.84646821920394));
#10846=CARTESIAN_POINT('',(-10.8449578045392,0.,-2.51924141098675));
#10847=CARTESIAN_POINT('',(-7.77500008340604,0.,-1.4852182194854));
#10848=CARTESIAN_POINT('',(-8.40504224190818,0.,-1.83174141827968));
#10849=CARTESIAN_POINT('',(-7.77500002095476,0.,0.749999965773895));
#10850=CARTESIAN_POINT('Origin',(-10.25,1.975,0.));
#10851=CARTESIAN_POINT('',(-10.25,2.,1.275));
#10852=CARTESIAN_POINT('Origin',(-10.25,2.,0.));
#10853=CARTESIAN_POINT('Origin',(-10.25,1.975,1.275));
#10854=CARTESIAN_POINT('Origin',(-10.25,2.,0.));
#10855=CARTESIAN_POINT('',(-12.7499998813973,2.,-1.47146821852998));
#10856=CARTESIAN_POINT('',(-10.2499999999134,2.,-2.84646821920394));
#10857=CARTESIAN_POINT('',(-10.8449578045392,2.,-2.51924141098675));
#10858=CARTESIAN_POINT('',(-12.7499999988612,2.,1.47146822010006));
#10859=CARTESIAN_POINT('',(-12.75,2.,1.5));
#10860=CARTESIAN_POINT('',(-10.25,2.,2.84646821947372));
#10861=CARTESIAN_POINT('',(-12.0949577894131,2.,1.83174143529652));
#10862=CARTESIAN_POINT('',(-7.775000000413,2.,1.48521821970087));
#10863=CARTESIAN_POINT('',(-9.65504221058691,2.,2.51924143529652));
#10864=CARTESIAN_POINT('',(-7.77500008340604,2.,-1.4852182194854));
#10865=CARTESIAN_POINT('',(-7.77500002095476,2.,0.749999965773895));
#10866=CARTESIAN_POINT('',(-8.40504224190818,2.,-1.83174141827968));
#10867=CARTESIAN_POINT('Origin',(-10.8449578045392,1.975,-2.51924141098675));
#10868=CARTESIAN_POINT('',(-10.25,1.975,-2.875));
#10869=CARTESIAN_POINT('',(-12.7499998802585,1.975,-1.5));
#10870=CARTESIAN_POINT('',(-10.8570057737265,1.975,-2.54114680845999));
#10871=CARTESIAN_POINT('Origin',(-12.7499998813973,1.975,-1.47146821852998));
#10872=CARTESIAN_POINT('Origin',(-10.2499999999134,1.975,-2.84646821920394));
#10873=CARTESIAN_POINT('Origin',(-8.40504224190818,1.975,-1.83174141827968));
#10874=CARTESIAN_POINT('',(-7.75000008381904,1.975,-1.5));
#10875=CARTESIAN_POINT('Origin',(-7.77500008340604,1.975,-1.4852182194854));
#10876=CARTESIAN_POINT('',(-8.39299427285375,1.975,-1.85364681582602));
#10877=CARTESIAN_POINT('Origin',(-7.77500002095476,1.975,0.749999965773895));
#10878=CARTESIAN_POINT('',(-7.75,1.975,1.5));
#10879=CARTESIAN_POINT('Origin',(-7.775000000413,1.975,1.48521821970087));
#10880=CARTESIAN_POINT('',(-7.75000002095476,1.975,0.749999965075403));
#10881=CARTESIAN_POINT('Origin',(-9.65504221058691,1.975,2.51924143529652));
#10882=CARTESIAN_POINT('',(-10.25,1.975,2.875));
#10883=CARTESIAN_POINT('Origin',(-10.25,1.975,2.84646821947372));
#10884=CARTESIAN_POINT('',(-9.64299424184261,1.975,2.54114683301344));
#10885=CARTESIAN_POINT('Origin',(-12.0949577894131,1.975,1.83174143529652));
#10886=CARTESIAN_POINT('',(-12.75,1.975,1.5));
#10887=CARTESIAN_POINT('Origin',(-12.7499999988612,1.975,1.47146822010006));
#10888=CARTESIAN_POINT('',(-12.1070057581574,1.975,1.85364683301344));
#10889=CARTESIAN_POINT('Origin',(-10.25,0.,-2.875));
#10890=CARTESIAN_POINT('',(-10.25,0.025,-2.875));
#10891=CARTESIAN_POINT('',(-10.25,0.,-2.875));
#10892=CARTESIAN_POINT('',(-12.7499998802585,0.025,-1.5));
#10893=CARTESIAN_POINT('',(-10.8570057737265,0.025,-2.54114680845999));
#10894=CARTESIAN_POINT('',(-12.7499998802585,0.,-1.5));
#10895=CARTESIAN_POINT('Origin',(-7.75000008381904,0.,-1.5));
#10896=CARTESIAN_POINT('',(-7.75000008381904,0.025,-1.5));
#10897=CARTESIAN_POINT('',(-7.75000008381904,0.,-1.5));
#10898=CARTESIAN_POINT('',(-8.39299427285375,0.025,-1.85364681582602));
#10899=CARTESIAN_POINT('Origin',(-7.75,0.,1.5));
#10900=CARTESIAN_POINT('',(-7.75,0.025,1.5));
#10901=CARTESIAN_POINT('',(-7.75,0.,1.5));
#10902=CARTESIAN_POINT('',(-7.75000002095476,0.025,0.749999965075403));
#10903=CARTESIAN_POINT('Origin',(-10.25,0.,2.875));
#10904=CARTESIAN_POINT('',(-10.25,0.025,2.875));
#10905=CARTESIAN_POINT('',(-10.25,0.,2.875));
#10906=CARTESIAN_POINT('',(-9.64299424184261,0.025,2.54114683301344));
#10907=CARTESIAN_POINT('Origin',(-12.75,0.,1.5));
#10908=CARTESIAN_POINT('',(-12.75,0.025,1.5));
#10909=CARTESIAN_POINT('',(-12.75,0.,1.5));
#10910=CARTESIAN_POINT('',(-12.1070057581574,0.025,1.85364683301344));
#10911=CARTESIAN_POINT('Origin',(-8.40504224190818,0.025,-1.83174141827968));
#10912=CARTESIAN_POINT('Origin',(-10.2499999999134,0.025,-2.84646821920394));
#10913=CARTESIAN_POINT('Origin',(-7.77500008340604,0.025,-1.4852182194854));
#10914=CARTESIAN_POINT('Origin',(-10.8449578045392,0.025,-2.51924141098675));
#10915=CARTESIAN_POINT('Origin',(-12.7249998808485,0.025,-1.48521821949041));
#10916=CARTESIAN_POINT('Origin',(-12.7249999101939,0.025,-0.750000048894433));
#10917=CARTESIAN_POINT('Origin',(-12.72499999941,0.025,1.48521821979821));
#10918=CARTESIAN_POINT('',(-12.7499999101939,0.025,-0.750000049892279));
#10919=CARTESIAN_POINT('Origin',(-9.65504221058691,0.025,2.51924143529652));
#10920=CARTESIAN_POINT('Origin',(-10.25,0.025,2.84646821947372));
#10921=CARTESIAN_POINT('Origin',(-7.775000000413,0.025,1.48521821970087));
#10922=CARTESIAN_POINT('Origin',(-12.0949577894131,0.025,1.83174143529652));
#10923=CARTESIAN_POINT('Origin',(-7.77500002095476,0.025,0.749999965773895));
#10924=CARTESIAN_POINT('Origin',(-12.7499998802585,0.,-1.5));
#10925=CARTESIAN_POINT('',(0.,0.,0.));
#10926=CARTESIAN_POINT('Origin',(-10.25,0.025,0.));
#10927=CARTESIAN_POINT('',(-11.5,0.025,1.53080849893419E-16));
#10928=CARTESIAN_POINT('',(-10.25,0.025,1.25));
#10929=CARTESIAN_POINT('Origin',(-10.25,0.025,0.));
#10930=CARTESIAN_POINT('',(-10.25,0.,1.275));
#10931=CARTESIAN_POINT('Origin',(-10.25,0.025,1.275));
#10932=CARTESIAN_POINT('Origin',(-10.25,0.,0.));
#10933=CARTESIAN_POINT('Origin',(-10.25,0.025,0.));
#10934=CARTESIAN_POINT('Origin',(-10.25,0.,0.));
#10935=CARTESIAN_POINT('',(-11.5,1.975,-1.53080849893419E-16));
#10936=CARTESIAN_POINT('',(-10.25,1.975,1.25));
#10937=CARTESIAN_POINT('Origin',(-10.25,1.975,0.));
#10938=CARTESIAN_POINT('',(-11.5,0.,1.53080849893419E-16));
#10939=CARTESIAN_POINT('Origin',(-10.25,1.975,0.));
#10940=CARTESIAN_POINT('Origin',(-10.25,0.,0.));
#10941=CARTESIAN_POINT('',(-10.25,0.,2.84646821947372));
#10942=CARTESIAN_POINT('',(-7.775000000413,0.,1.48521821970087));
#10943=CARTESIAN_POINT('',(-9.65504221058691,0.,2.51924143529652));
#10944=CARTESIAN_POINT('',(-12.72499999941,0.,1.48521821979822));
#10945=CARTESIAN_POINT('',(-12.0949577894131,0.,1.83174143529652));
#10946=CARTESIAN_POINT('',(-12.7249998808485,0.,-1.48521821949041));
#10947=CARTESIAN_POINT('',(-12.7249999101939,0.,-0.750000048894433));
#10948=CARTESIAN_POINT('',(-10.2499999999134,0.,-2.84646821920394));
#10949=CARTESIAN_POINT('',(-10.8449578045392,0.,-2.51924141098675));
#10950=CARTESIAN_POINT('',(-7.77500008340604,0.,-1.4852182194854));
#10951=CARTESIAN_POINT('',(-8.40504224190818,0.,-1.83174141827968));
#10952=CARTESIAN_POINT('',(-7.77500002095476,0.,0.749999965773895));
#10953=CARTESIAN_POINT('Origin',(-10.25,1.975,0.));
#10954=CARTESIAN_POINT('',(-10.25,2.,1.275));
#10955=CARTESIAN_POINT('Origin',(-10.25,2.,0.));
#10956=CARTESIAN_POINT('Origin',(-10.25,1.975,1.275));
#10957=CARTESIAN_POINT('Origin',(-10.25,2.,0.));
#10958=CARTESIAN_POINT('',(-12.7499998813973,2.,-1.47146821852998));
#10959=CARTESIAN_POINT('',(-10.2499999999134,2.,-2.84646821920394));
#10960=CARTESIAN_POINT('',(-10.8449578045392,2.,-2.51924141098675));
#10961=CARTESIAN_POINT('',(-12.7499999988612,2.,1.47146822010006));
#10962=CARTESIAN_POINT('',(-12.75,2.,1.5));
#10963=CARTESIAN_POINT('',(-10.25,2.,2.84646821947372));
#10964=CARTESIAN_POINT('',(-12.0949577894131,2.,1.83174143529652));
#10965=CARTESIAN_POINT('',(-7.775000000413,2.,1.48521821970087));
#10966=CARTESIAN_POINT('',(-9.65504221058691,2.,2.51924143529652));
#10967=CARTESIAN_POINT('',(-7.77500008340604,2.,-1.4852182194854));
#10968=CARTESIAN_POINT('',(-7.77500002095476,2.,0.749999965773895));
#10969=CARTESIAN_POINT('',(-8.40504224190818,2.,-1.83174141827968));
#10970=CARTESIAN_POINT('Origin',(-10.8449578045392,1.975,-2.51924141098675));
#10971=CARTESIAN_POINT('',(-10.25,1.975,-2.875));
#10972=CARTESIAN_POINT('',(-12.7499998802585,1.975,-1.5));
#10973=CARTESIAN_POINT('',(-10.8570057737265,1.975,-2.54114680845999));
#10974=CARTESIAN_POINT('Origin',(-12.7499998813973,1.975,-1.47146821852998));
#10975=CARTESIAN_POINT('Origin',(-10.2499999999134,1.975,-2.84646821920394));
#10976=CARTESIAN_POINT('Origin',(-8.40504224190818,1.975,-1.83174141827968));
#10977=CARTESIAN_POINT('',(-7.75000008381904,1.975,-1.5));
#10978=CARTESIAN_POINT('Origin',(-7.77500008340604,1.975,-1.4852182194854));
#10979=CARTESIAN_POINT('',(-8.39299427285375,1.975,-1.85364681582602));
#10980=CARTESIAN_POINT('Origin',(-7.77500002095476,1.975,0.749999965773895));
#10981=CARTESIAN_POINT('',(-7.75,1.975,1.5));
#10982=CARTESIAN_POINT('Origin',(-7.775000000413,1.975,1.48521821970087));
#10983=CARTESIAN_POINT('',(-7.75000002095476,1.975,0.749999965075403));
#10984=CARTESIAN_POINT('Origin',(-9.65504221058691,1.975,2.51924143529652));
#10985=CARTESIAN_POINT('',(-10.25,1.975,2.875));
#10986=CARTESIAN_POINT('Origin',(-10.25,1.975,2.84646821947372));
#10987=CARTESIAN_POINT('',(-9.64299424184261,1.975,2.54114683301344));
#10988=CARTESIAN_POINT('Origin',(-12.0949577894131,1.975,1.83174143529652));
#10989=CARTESIAN_POINT('',(-12.75,1.975,1.5));
#10990=CARTESIAN_POINT('Origin',(-12.7499999988612,1.975,1.47146822010006));
#10991=CARTESIAN_POINT('',(-12.1070057581574,1.975,1.85364683301344));
#10992=CARTESIAN_POINT('Origin',(-10.25,0.,-2.875));
#10993=CARTESIAN_POINT('',(-10.25,0.025,-2.875));
#10994=CARTESIAN_POINT('',(-10.25,0.,-2.875));
#10995=CARTESIAN_POINT('',(-12.7499998802585,0.025,-1.5));
#10996=CARTESIAN_POINT('',(-10.8570057737265,0.025,-2.54114680845999));
#10997=CARTESIAN_POINT('',(-12.7499998802585,0.,-1.5));
#10998=CARTESIAN_POINT('Origin',(-7.75000008381904,0.,-1.5));
#10999=CARTESIAN_POINT('',(-7.75000008381904,0.025,-1.5));
#11000=CARTESIAN_POINT('',(-7.75000008381904,0.,-1.5));
#11001=CARTESIAN_POINT('',(-8.39299427285375,0.025,-1.85364681582602));
#11002=CARTESIAN_POINT('Origin',(-7.75,0.,1.5));
#11003=CARTESIAN_POINT('',(-7.75,0.025,1.5));
#11004=CARTESIAN_POINT('',(-7.75,0.,1.5));
#11005=CARTESIAN_POINT('',(-7.75000002095476,0.025,0.749999965075403));
#11006=CARTESIAN_POINT('Origin',(-10.25,0.,2.875));
#11007=CARTESIAN_POINT('',(-10.25,0.025,2.875));
#11008=CARTESIAN_POINT('',(-10.25,0.,2.875));
#11009=CARTESIAN_POINT('',(-9.64299424184261,0.025,2.54114683301344));
#11010=CARTESIAN_POINT('Origin',(-12.75,0.,1.5));
#11011=CARTESIAN_POINT('',(-12.75,0.025,1.5));
#11012=CARTESIAN_POINT('',(-12.75,0.,1.5));
#11013=CARTESIAN_POINT('',(-12.1070057581574,0.025,1.85364683301344));
#11014=CARTESIAN_POINT('Origin',(-8.40504224190818,0.025,-1.83174141827968));
#11015=CARTESIAN_POINT('Origin',(-10.2499999999134,0.025,-2.84646821920394));
#11016=CARTESIAN_POINT('Origin',(-7.77500008340604,0.025,-1.4852182194854));
#11017=CARTESIAN_POINT('Origin',(-10.8449578045392,0.025,-2.51924141098675));
#11018=CARTESIAN_POINT('Origin',(-12.7249998808485,0.025,-1.48521821949041));
#11019=CARTESIAN_POINT('Origin',(-12.7249999101939,0.025,-0.750000048894433));
#11020=CARTESIAN_POINT('Origin',(-12.72499999941,0.025,1.48521821979821));
#11021=CARTESIAN_POINT('',(-12.7499999101939,0.025,-0.750000049892279));
#11022=CARTESIAN_POINT('Origin',(-9.65504221058691,0.025,2.51924143529652));
#11023=CARTESIAN_POINT('Origin',(-10.25,0.025,2.84646821947372));
#11024=CARTESIAN_POINT('Origin',(-7.775000000413,0.025,1.48521821970087));
#11025=CARTESIAN_POINT('Origin',(-12.0949577894131,0.025,1.83174143529652));
#11026=CARTESIAN_POINT('Origin',(-7.77500002095476,0.025,0.749999965773895));
#11027=CARTESIAN_POINT('Origin',(-12.7499998802585,0.,-1.5));
#11028=CARTESIAN_POINT('Origin',(9.90000025704504,1.99999995529652,-4.05));
#11029=CARTESIAN_POINT('',(9.90000025704504,2.59999995529652,-4.05));
#11030=CARTESIAN_POINT('',(9.90000025704504,1.99999995529652,-4.05));
#11031=CARTESIAN_POINT('',(9.90000025704504,0.999999977648258,-4.05));
#11032=CARTESIAN_POINT('',(9.90000025704504,2.59999995529652,-4.15));
#11033=CARTESIAN_POINT('',(9.90000025704504,2.59999995529652,-4.05));
#11034=CARTESIAN_POINT('',(9.90000025704504,1.99999995529652,-4.15));
#11035=CARTESIAN_POINT('',(9.90000025704504,2.59999995529652,-4.15));
#11036=CARTESIAN_POINT('',(9.90000025704504,1.99999995529652,-4.05));
#11037=CARTESIAN_POINT('Origin',(12.100000257045,1.99999995529652,-4.05));
#11038=CARTESIAN_POINT('',(12.100000257045,1.99999995529652,-4.05));
#11039=CARTESIAN_POINT('',(12.3250001285225,1.99999995529652,-4.05));
#11040=CARTESIAN_POINT('',(12.100000257045,1.99999995529652,-4.15));
#11041=CARTESIAN_POINT('',(9.90000025704504,1.99999995529652,-4.15));
#11042=CARTESIAN_POINT('',(12.100000257045,1.99999995529652,-4.05));
#11043=CARTESIAN_POINT('Origin',(12.100000257045,2.59999995529652,-4.05));
#11044=CARTESIAN_POINT('',(12.100000257045,2.59999995529652,-4.05));
#11045=CARTESIAN_POINT('',(12.100000257045,1.29999997764826,-4.05));
#11046=CARTESIAN_POINT('',(12.100000257045,2.59999995529652,-4.15));
#11047=CARTESIAN_POINT('',(12.100000257045,1.99999995529652,-4.15));
#11048=CARTESIAN_POINT('',(12.100000257045,2.59999995529652,-4.05));
#11049=CARTESIAN_POINT('Origin',(9.90000025704504,2.59999995529652,-4.05));
#11050=CARTESIAN_POINT('',(11.2250001285225,2.59999995529652,-4.05));
#11051=CARTESIAN_POINT('',(12.100000257045,2.59999995529652,-4.15));
#11052=CARTESIAN_POINT('Origin',(11.000000257045,2.29999995529652,-4.15));
#11053=CARTESIAN_POINT('Origin',(-10.799999742955,3.39999995529652,-4.05));
#11054=CARTESIAN_POINT('',(-10.799999742955,2.59999995529652,-4.05));
#11055=CARTESIAN_POINT('',(-10.799999742955,3.39999995529652,-4.05));
#11056=CARTESIAN_POINT('',(-10.799999742955,1.69999997764826,-4.05));
#11057=CARTESIAN_POINT('',(-10.799999742955,2.59999995529652,-4.15));
#11058=CARTESIAN_POINT('',(-10.799999742955,2.59999995529652,-4.05));
#11059=CARTESIAN_POINT('',(-10.799999742955,3.39999995529652,-4.15));
#11060=CARTESIAN_POINT('',(-10.799999742955,2.59999995529652,-4.15));
#11061=CARTESIAN_POINT('',(-10.799999742955,3.39999995529652,-4.05));
#11062=CARTESIAN_POINT('Origin',(-11.399999742955,3.39999995529651,-4.05));
#11063=CARTESIAN_POINT('',(-11.399999742955,3.39999995529651,-4.05));
#11064=CARTESIAN_POINT('',(0.575000128522515,3.39999995529654,-4.05));
#11065=CARTESIAN_POINT('',(-11.399999742955,3.39999995529651,-4.15));
#11066=CARTESIAN_POINT('',(-10.799999742955,3.39999995529652,-4.15));
#11067=CARTESIAN_POINT('',(-11.399999742955,3.39999995529651,-4.05));
#11068=CARTESIAN_POINT('Origin',(-11.399999742955,2.59999995529652,-4.05));
#11069=CARTESIAN_POINT('',(-11.399999742955,2.59999995529652,-4.05));
#11070=CARTESIAN_POINT('',(-11.399999742955,1.29999997764826,-4.05));
#11071=CARTESIAN_POINT('',(-11.399999742955,2.59999995529652,-4.15));
#11072=CARTESIAN_POINT('',(-11.399999742955,3.39999995529651,-4.15));
#11073=CARTESIAN_POINT('',(-11.399999742955,2.59999995529652,-4.05));
#11074=CARTESIAN_POINT('Origin',(-12.199999742955,2.59999995529652,-4.05));
#11075=CARTESIAN_POINT('',(-12.199999742955,2.59999995529652,-4.05));
#11076=CARTESIAN_POINT('',(0.175000128522518,2.59999995529652,-4.05));
#11077=CARTESIAN_POINT('',(-12.199999742955,2.59999995529652,-4.15));
#11078=CARTESIAN_POINT('',(-11.399999742955,2.59999995529652,-4.15));
#11079=CARTESIAN_POINT('',(-12.199999742955,2.59999995529652,-4.05));
#11080=CARTESIAN_POINT('Origin',(-12.199999742955,1.99999995529652,-4.05));
#11081=CARTESIAN_POINT('',(-12.199999742955,1.99999995529652,-4.05));
#11082=CARTESIAN_POINT('',(-12.199999742955,0.999999977648258,-4.05));
#11083=CARTESIAN_POINT('',(-12.199999742955,1.99999995529652,-4.15));
#11084=CARTESIAN_POINT('',(-12.199999742955,2.59999995529652,-4.15));
#11085=CARTESIAN_POINT('',(-12.199999742955,1.99999995529652,-4.05));
#11086=CARTESIAN_POINT('Origin',(-11.399999742955,1.99999995529652,-4.05));
#11087=CARTESIAN_POINT('',(-11.399999742955,1.99999995529652,-4.05));
#11088=CARTESIAN_POINT('',(0.575000128522518,1.99999995529652,-4.05));
#11089=CARTESIAN_POINT('',(-11.399999742955,1.99999995529652,-4.15));
#11090=CARTESIAN_POINT('',(-12.199999742955,1.99999995529652,-4.15));
#11091=CARTESIAN_POINT('',(-11.399999742955,1.99999995529652,-4.05));
#11092=CARTESIAN_POINT('Origin',(-11.399999742955,1.19999995529652,-4.05));
#11093=CARTESIAN_POINT('',(-11.399999742955,1.19999995529652,-4.05));
#11094=CARTESIAN_POINT('',(-11.399999742955,0.599999977648258,-4.05));
#11095=CARTESIAN_POINT('',(-11.399999742955,1.19999995529652,-4.15));
#11096=CARTESIAN_POINT('',(-11.399999742955,1.99999995529652,-4.15));
#11097=CARTESIAN_POINT('',(-11.399999742955,1.19999995529652,-4.05));
#11098=CARTESIAN_POINT('Origin',(-10.799999742955,1.19999995529652,-4.05));
#11099=CARTESIAN_POINT('',(-10.799999742955,1.19999995529652,-4.05));
#11100=CARTESIAN_POINT('',(0.875000128522518,1.19999995529652,-4.05));
#11101=CARTESIAN_POINT('',(-10.799999742955,1.19999995529652,-4.15));
#11102=CARTESIAN_POINT('',(-11.399999742955,1.19999995529652,-4.15));
#11103=CARTESIAN_POINT('',(-10.799999742955,1.19999995529652,-4.05));
#11104=CARTESIAN_POINT('Origin',(-10.799999742955,1.99999995529652,-4.05));
#11105=CARTESIAN_POINT('',(-10.799999742955,1.99999995529652,-4.05));
#11106=CARTESIAN_POINT('',(-10.799999742955,0.999999977648258,-4.05));
#11107=CARTESIAN_POINT('',(-10.799999742955,1.99999995529652,-4.15));
#11108=CARTESIAN_POINT('',(-10.799999742955,1.19999995529652,-4.15));
#11109=CARTESIAN_POINT('',(-10.799999742955,1.99999995529652,-4.05));
#11110=CARTESIAN_POINT('Origin',(-9.99999974295497,1.99999995529652,-4.05));
#11111=CARTESIAN_POINT('',(-9.99999974295497,1.99999995529652,-4.05));
#11112=CARTESIAN_POINT('',(1.27500012852252,1.99999995529652,-4.05));
#11113=CARTESIAN_POINT('',(-9.99999974295497,1.99999995529652,-4.15));
#11114=CARTESIAN_POINT('',(-10.799999742955,1.99999995529652,-4.15));
#11115=CARTESIAN_POINT('',(-9.99999974295497,1.99999995529652,-4.05));
#11116=CARTESIAN_POINT('Origin',(-9.99999974295497,2.59999995529652,-4.05));
#11117=CARTESIAN_POINT('',(-9.99999974295497,2.59999995529652,-4.05));
#11118=CARTESIAN_POINT('',(-9.99999974295497,1.29999997764826,-4.05));
#11119=CARTESIAN_POINT('',(-9.99999974295497,2.59999995529652,-4.15));
#11120=CARTESIAN_POINT('',(-9.99999974295497,1.99999995529652,-4.15));
#11121=CARTESIAN_POINT('',(-9.99999974295497,2.59999995529652,-4.05));
#11122=CARTESIAN_POINT('Origin',(-10.799999742955,2.59999995529652,-4.05));
#11123=CARTESIAN_POINT('',(0.875000128522518,2.59999995529652,-4.05));
#11124=CARTESIAN_POINT('',(-9.99999974295497,2.59999995529652,-4.15));
#11125=CARTESIAN_POINT('Origin',(-11.099999742955,2.29999995529652,-4.15));
#11126=CARTESIAN_POINT('Origin',(-6.10225074256755,2.65385656750529,4.05));
#11127=CARTESIAN_POINT('',(-5.74101009095944,1.81175816921755,4.05));
#11128=CARTESIAN_POINT('',(-6.10225074256755,2.65385656750529,4.05));
#11129=CARTESIAN_POINT('',(-6.12255396921076,2.70118599889739,4.05));
#11130=CARTESIAN_POINT('',(-5.74101009095944,1.81175816921755,4.15));
#11131=CARTESIAN_POINT('',(-5.74101009095944,1.81175816921755,4.05));
#11132=CARTESIAN_POINT('',(-6.10225074256755,2.65385656750529,4.15));
#11133=CARTESIAN_POINT('',(-6.10225074256755,2.65385656750529,4.15));
#11134=CARTESIAN_POINT('',(-6.10225074256755,2.65385656750529,4.05));
#11135=CARTESIAN_POINT('Origin',(-6.43927414378852,1.81175816921755,4.05));
#11136=CARTESIAN_POINT('',(-6.43927414378852,1.81175816921755,4.05));
#11137=CARTESIAN_POINT('',(-7.17359621976178,-0.0230445233081539,4.05));
#11138=CARTESIAN_POINT('',(-6.43927414378852,1.81175816921755,4.15));
#11139=CARTESIAN_POINT('',(-6.43927414378852,1.81175816921755,4.15));
#11140=CARTESIAN_POINT('',(-6.43927414378852,1.81175816921755,4.05));
#11141=CARTESIAN_POINT('Origin',(-6.9720536523055,1.81175816921755,4.05));
#11142=CARTESIAN_POINT('',(-6.9720536523055,1.81175816921755,4.05));
#11143=CARTESIAN_POINT('',(-9.76102682615275,1.81175816921755,4.05));
#11144=CARTESIAN_POINT('',(-6.9720536523055,1.81175816921755,4.15));
#11145=CARTESIAN_POINT('',(-6.9720536523055,1.81175816921755,4.15));
#11146=CARTESIAN_POINT('',(-6.9720536523055,1.81175816921755,4.05));
#11147=CARTESIAN_POINT('Origin',(-6.9720536523055,3.49595496579302,4.05));
#11148=CARTESIAN_POINT('',(-6.9720536523055,3.49595496579302,4.05));
#11149=CARTESIAN_POINT('',(-6.97205365230551,1.74797748289651,4.05));
#11150=CARTESIAN_POINT('',(-6.9720536523055,3.49595496579302,4.15));
#11151=CARTESIAN_POINT('',(-6.9720536523055,3.49595496579302,4.15));
#11152=CARTESIAN_POINT('',(-6.9720536523055,3.49595496579302,4.05));
#11153=CARTESIAN_POINT('Origin',(-6.51596210334778,3.49595496579302,4.05));
#11154=CARTESIAN_POINT('',(-6.51596210334778,3.49595496579302,4.05));
#11155=CARTESIAN_POINT('',(-9.53298105167389,3.49595496579302,4.05));
#11156=CARTESIAN_POINT('',(-6.51596210334778,3.49595496579302,4.15));
#11157=CARTESIAN_POINT('',(-6.51596210334778,3.49595496579302,4.15));
#11158=CARTESIAN_POINT('',(-6.51596210334778,3.49595496579302,4.05));
#11159=CARTESIAN_POINT('Origin',(-6.51596210334778,2.44290868126526,4.05));
#11160=CARTESIAN_POINT('',(-6.51596210334778,2.44290868126526,4.05));
#11161=CARTESIAN_POINT('',(-6.51596210334778,1.22145434063263,4.05));
#11162=CARTESIAN_POINT('',(-6.51596210334778,2.44290868126526,4.15));
#11163=CARTESIAN_POINT('',(-6.51596210334778,2.44290868126526,4.15));
#11164=CARTESIAN_POINT('',(-6.51596210334778,2.44290868126526,4.05));
#11165=CARTESIAN_POINT('Origin',(-6.24149993229358,3.08466581652435,4.05));
#11166=CARTESIAN_POINT('',(-6.24149993229358,3.08466581652435,4.05));
#11167=CARTESIAN_POINT('',(-7.28684203430554,0.640410019172841,4.05));
#11168=CARTESIAN_POINT('',(-6.24149993229358,3.08466581652435,4.15));
#11169=CARTESIAN_POINT('',(-6.24149993229358,3.08466581652435,4.15));
#11170=CARTESIAN_POINT('',(-6.24149993229358,3.08466581652435,4.05));
#11171=CARTESIAN_POINT('Origin',(-5.96300155284152,3.08466581652435,4.05));
#11172=CARTESIAN_POINT('',(-5.96300155284152,3.08466581652435,4.05));
#11173=CARTESIAN_POINT('',(-9.25650077642076,3.08466581652435,4.05));
#11174=CARTESIAN_POINT('',(-5.96300155284152,3.08466581652435,4.15));
#11175=CARTESIAN_POINT('',(-5.96300155284152,3.08466581652435,4.15));
#11176=CARTESIAN_POINT('',(-5.96300155284152,3.08466581652435,4.05));
#11177=CARTESIAN_POINT('Origin',(-5.68853938178731,2.44290868126526,4.05));
#11178=CARTESIAN_POINT('',(-5.68853938178731,2.44290868126526,4.05));
#11179=CARTESIAN_POINT('',(-5.77739852301412,2.65068226148677,4.05));
#11180=CARTESIAN_POINT('',(-5.68853938178731,2.44290868126526,4.15));
#11181=CARTESIAN_POINT('',(-5.68853938178731,2.44290868126526,4.15));
#11182=CARTESIAN_POINT('',(-5.68853938178731,2.44290868126526,4.05));
#11183=CARTESIAN_POINT('Origin',(-5.68853938178731,3.49595496579302,4.05));
#11184=CARTESIAN_POINT('',(-5.68853938178731,3.49595496579302,4.05));
#11185=CARTESIAN_POINT('',(-5.68853938178731,1.74797748289651,4.05));
#11186=CARTESIAN_POINT('',(-5.68853938178731,3.49595496579302,4.15));
#11187=CARTESIAN_POINT('',(-5.68853938178731,3.49595496579302,4.15));
#11188=CARTESIAN_POINT('',(-5.68853938178731,3.49595496579302,4.05));
#11189=CARTESIAN_POINT('Origin',(-5.22033920763602,3.49595496579302,4.05));
#11190=CARTESIAN_POINT('',(-5.22033920763602,3.49595496579302,4.05));
#11191=CARTESIAN_POINT('',(-8.88516960381801,3.49595496579302,4.05));
#11192=CARTESIAN_POINT('',(-5.22033920763602,3.49595496579302,4.15));
#11193=CARTESIAN_POINT('',(-5.22033920763602,3.49595496579302,4.15));
#11194=CARTESIAN_POINT('',(-5.22033920763602,3.49595496579302,4.05));
#11195=CARTESIAN_POINT('Origin',(-5.22033920763602,1.81175816921755,4.05));
#11196=CARTESIAN_POINT('',(-5.22033920763602,1.81175816921755,4.05));
#11197=CARTESIAN_POINT('',(-5.22033920763602,0.905879084608776,4.05));
#11198=CARTESIAN_POINT('',(-5.22033920763602,1.81175816921755,4.15));
#11199=CARTESIAN_POINT('',(-5.22033920763602,1.81175816921755,4.15));
#11200=CARTESIAN_POINT('',(-5.22033920763602,1.81175816921755,4.05));
#11201=CARTESIAN_POINT('Origin',(-5.74101009095944,1.81175816921755,4.05));
#11202=CARTESIAN_POINT('',(-9.14550504547972,1.81175816921755,4.05));
#11203=CARTESIAN_POINT('',(-5.74101009095944,1.81175816921755,4.15));
#11204=CARTESIAN_POINT('Origin',(-6.09619642997076,2.65385656750529,4.15));
#11205=CARTESIAN_POINT('Ctrl Pts',(-0.0275910542692037,2.16186320975967,
4.05));
#11206=CARTESIAN_POINT('Ctrl Pts',(0.224420523059122,2.16186320975967,4.05));
#11207=CARTESIAN_POINT('Ctrl Pts',(0.224420523059122,2.70141692319171,4.05));
#11208=CARTESIAN_POINT('Ctrl Pts',(0.224420523059122,3.24097063662375,4.05));
#11209=CARTESIAN_POINT('Ctrl Pts',(-0.0275910542692037,3.24097063662375,
4.05));
#11210=CARTESIAN_POINT('Ctrl Pts',(-0.279602631597529,3.24097063662375,
4.05));
#11211=CARTESIAN_POINT('Ctrl Pts',(-0.279602631597529,2.70141692319171,
4.05));
#11212=CARTESIAN_POINT('Ctrl Pts',(-0.279602631597529,2.16186320975967,
4.05));
#11213=CARTESIAN_POINT('Ctrl Pts',(-0.0275910542692037,2.16186320975967,
4.05));
#11214=CARTESIAN_POINT('Ctrl Pts',(-0.0275910542692037,2.16186320975967,
4.15));
#11215=CARTESIAN_POINT('Ctrl Pts',(0.224420523059122,2.16186320975967,4.15));
#11216=CARTESIAN_POINT('Ctrl Pts',(0.224420523059122,2.70141692319171,4.15));
#11217=CARTESIAN_POINT('Ctrl Pts',(0.224420523059122,3.24097063662375,4.15));
#11218=CARTESIAN_POINT('Ctrl Pts',(-0.0275910542692037,3.24097063662375,
4.15));
#11219=CARTESIAN_POINT('Ctrl Pts',(-0.279602631597529,3.24097063662375,
4.15));
#11220=CARTESIAN_POINT('Ctrl Pts',(-0.279602631597529,2.70141692319171,
4.15));
#11221=CARTESIAN_POINT('Ctrl Pts',(-0.279602631597529,2.16186320975967,
4.15));
#11222=CARTESIAN_POINT('Ctrl Pts',(-0.0275910542692037,2.16186320975967,
4.15));
#11223=CARTESIAN_POINT('',(-0.0275910542692037,2.16186320975967,4.15));
#11224=CARTESIAN_POINT('Origin',(-0.0275910542692037,2.70141692319171,4.15));
#11225=CARTESIAN_POINT('',(-0.0275910542692037,2.16186320975967,4.05));
#11226=CARTESIAN_POINT('',(-0.0275910542692037,2.16186320975967,4.05));
#11227=CARTESIAN_POINT('Origin',(-0.0275910542692037,2.70141692319171,4.05));
#11228=CARTESIAN_POINT('Ctrl Pts',(-0.0275910542692037,1.81670752543182,
4.05));
#11229=CARTESIAN_POINT('Ctrl Pts',(0.645710300830026,1.81670752543182,4.05));
#11230=CARTESIAN_POINT('Ctrl Pts',(0.645710300830026,2.70141692319171,4.05));
#11231=CARTESIAN_POINT('Ctrl Pts',(0.645710300830026,3.5861263209516,4.05));
#11232=CARTESIAN_POINT('Ctrl Pts',(-0.0275910542692037,3.5861263209516,
4.05));
#11233=CARTESIAN_POINT('Ctrl Pts',(-0.700892409368433,3.5861263209516,4.05));
#11234=CARTESIAN_POINT('Ctrl Pts',(-0.700892409368433,2.70141692319171,
4.05));
#11235=CARTESIAN_POINT('Ctrl Pts',(-0.700892409368433,1.81670752543182,
4.05));
#11236=CARTESIAN_POINT('Ctrl Pts',(-0.0275910542692037,1.81670752543182,
4.05));
#11237=CARTESIAN_POINT('Ctrl Pts',(-0.0275910542692037,1.81670752543182,
4.15));
#11238=CARTESIAN_POINT('Ctrl Pts',(0.645710300830026,1.81670752543182,4.15));
#11239=CARTESIAN_POINT('Ctrl Pts',(0.645710300830026,2.70141692319171,4.15));
#11240=CARTESIAN_POINT('Ctrl Pts',(0.645710300830026,3.5861263209516,4.15));
#11241=CARTESIAN_POINT('Ctrl Pts',(-0.0275910542692037,3.5861263209516,
4.15));
#11242=CARTESIAN_POINT('Ctrl Pts',(-0.700892409368433,3.5861263209516,4.15));
#11243=CARTESIAN_POINT('Ctrl Pts',(-0.700892409368433,2.70141692319171,
4.15));
#11244=CARTESIAN_POINT('Ctrl Pts',(-0.700892409368433,1.81670752543182,
4.15));
#11245=CARTESIAN_POINT('Ctrl Pts',(-0.0275910542692037,1.81670752543182,
4.15));
#11246=CARTESIAN_POINT('',(-0.0275910542692036,1.81670752543182,4.15));
#11247=CARTESIAN_POINT('Origin',(-0.0275910542692037,2.70141692319171,4.15));
#11248=CARTESIAN_POINT('',(-0.0275910542692036,1.81670752543182,4.05));
#11249=CARTESIAN_POINT('',(-0.0275910542692036,1.81670752543182,4.05));
#11250=CARTESIAN_POINT('Origin',(-0.0275910542692037,2.70141692319171,4.05));
#11251=CARTESIAN_POINT('Origin',(-0.0275910542692037,2.70141692319171,4.15));
#11252=CARTESIAN_POINT('Origin',(-12.55,0.,4.05));
#11253=CARTESIAN_POINT('',(10.2457406521701,1.05,4.05));
#11254=CARTESIAN_POINT('',(10.2457406521701,0.,4.05));
#11255=CARTESIAN_POINT('',(10.2457406521701,0.,4.05));
#11256=CARTESIAN_POINT('',(12.55,0.,4.05));
#11257=CARTESIAN_POINT('',(-12.55,0.,4.05));
#11258=CARTESIAN_POINT('',(12.55,4.,4.05));
#11259=CARTESIAN_POINT('',(12.55,0.,4.05));
#11260=CARTESIAN_POINT('',(4.49699990867717,4.,4.05));
#11261=CARTESIAN_POINT('',(-12.55,4.,4.05));
#11262=CARTESIAN_POINT('',(4.49699990867717,8.7,4.05));
#11263=CARTESIAN_POINT('',(4.49699990867717,4.,4.05));
#11264=CARTESIAN_POINT('',(-7.49300000702483,8.7,4.05));
#11265=CARTESIAN_POINT('',(4.49699990867717,8.7,4.05));
#11266=CARTESIAN_POINT('',(-7.49300000702483,4.,4.05));
#11267=CARTESIAN_POINT('',(-7.49300000702483,4.,4.05));
#11268=CARTESIAN_POINT('',(-12.55,4.,4.05));
#11269=CARTESIAN_POINT('',(-12.55,4.,4.05));
#11270=CARTESIAN_POINT('',(-12.55,0.,4.05));
#11271=CARTESIAN_POINT('',(-12.55,0.,4.05));
#11272=CARTESIAN_POINT('',(-10.25,0.,4.05));
#11273=CARTESIAN_POINT('',(-12.55,0.,4.05));
#11274=CARTESIAN_POINT('',(-10.25,1.05,4.05));
#11275=CARTESIAN_POINT('',(-10.25,0.,4.05));
#11276=CARTESIAN_POINT('',(-6.27606483695748,1.05,4.05));
#11277=CARTESIAN_POINT('',(1.05920192505168,1.81175816921755,4.05));
#11278=CARTESIAN_POINT('',(1.05920192505168,2.13488793904419,4.05));
#11279=CARTESIAN_POINT('',(1.05920192505168,1.06744396952209,4.05));
#11280=CARTESIAN_POINT('',(1.52781881113013,2.13488793904419,4.05));
#11281=CARTESIAN_POINT('',(-5.51109059443494,2.13488793904419,4.05));
#11282=CARTESIAN_POINT('',(1.77781126462077,2.38294546697741,4.05));
#11283=CARTESIAN_POINT('Origin',(1.52781881113013,2.38488793904419,4.05));
#11284=CARTESIAN_POINT('',(1.77801739067979,2.40947349798677,4.05));
#11285=CARTESIAN_POINT('',(1.76822450376879,1.14914761350739,4.05));
#11286=CARTESIAN_POINT('',(2.20538807132734,2.99443616812122,4.05));
#11287=CARTESIAN_POINT('Origin',(1.56460326641347,2.94809009732557,4.05));
#11288=CARTESIAN_POINT('',(2.20538807132733,2.56175816921755,4.05));
#11289=CARTESIAN_POINT('',(2.20538807132733,1.28087908460876,4.05));
#11290=CARTESIAN_POINT('',(1.45538807132733,1.81175816921755,4.05));
#11291=CARTESIAN_POINT('Origin',(1.45538807132734,2.56175816921755,4.05));
#11292=CARTESIAN_POINT('',(-5.74539903747416,1.81175816921755,4.05));
#11293=CARTESIAN_POINT('',(3.37337193837738,3.49595496579302,4.05));
#11294=CARTESIAN_POINT('',(3.37337193837738,2.19397013531422,4.05));
#11295=CARTESIAN_POINT('',(3.37337193837738,1.09698506765711,4.05));
#11296=CARTESIAN_POINT('',(3.89370141040444,2.19397013531422,4.05));
#11297=CARTESIAN_POINT('',(-4.32814929479778,2.19397013531422,4.05));
#11298=CARTESIAN_POINT('',(3.89370141040444,1.81175816921755,4.05));
#11299=CARTESIAN_POINT('',(3.89370141040444,0.905879084608776,4.05));
#11300=CARTESIAN_POINT('',(2.39091345279708,1.81175816921755,4.05));
#11301=CARTESIAN_POINT('',(-5.07954327360146,1.81175816921755,4.05));
#11302=CARTESIAN_POINT('',(2.39091345279708,2.19397013531422,4.05));
#11303=CARTESIAN_POINT('',(2.39091345279708,1.09698506765711,4.05));
#11304=CARTESIAN_POINT('',(2.90632049798804,2.19397013531422,4.05));
#11305=CARTESIAN_POINT('',(-4.82183975100598,2.19397013531422,4.05));
#11306=CARTESIAN_POINT('',(2.90632049798804,3.49595496579302,4.05));
#11307=CARTESIAN_POINT('',(2.90632049798804,1.74797748289651,4.05));
#11308=CARTESIAN_POINT('',(-4.58831403081131,3.49595496579302,4.05));
#11309=CARTESIAN_POINT('',(-3.02777633330437,1.81175816921755,4.05));
#11310=CARTESIAN_POINT('',(-3.44232155599174,1.81175816921755,4.05));
#11311=CARTESIAN_POINT('',(-7.99616077799587,1.81175816921755,4.05));
#11312=CARTESIAN_POINT('',(-3.44232155599174,3.17416703165201,4.05));
#11313=CARTESIAN_POINT('',(-3.44232155599174,1.58708351582601,4.05));
#11314=CARTESIAN_POINT('',(-3.76220684593948,3.17416703165201,4.05));
#11315=CARTESIAN_POINT('',(-8.15610342296974,3.17416703165201,4.05));
#11316=CARTESIAN_POINT('',(-3.76220684593948,3.49595496579302,4.05));
#11317=CARTESIAN_POINT('',(-3.76220684593948,1.74797748289651,4.05));
#11318=CARTESIAN_POINT('',(-2.65892900918095,3.49595496579302,4.05));
#11319=CARTESIAN_POINT('',(-7.60446450459048,3.49595496579302,4.05));
#11320=CARTESIAN_POINT('',(-2.65892900918095,3.17416703165201,4.05));
#11321=CARTESIAN_POINT('',(-2.65892900918095,1.58708351582601,4.05));
#11322=CARTESIAN_POINT('',(-2.98534257035212,3.17416703165201,4.05));
#11323=CARTESIAN_POINT('',(-7.76767128517606,3.17416703165201,4.05));
#11324=CARTESIAN_POINT('',(-2.98534257035212,2.33202004383041,4.05));
#11325=CARTESIAN_POINT('',(-2.98534257035211,1.16601002191521,4.05));
#11326=CARTESIAN_POINT('',(-2.65892900918095,2.33202004383041,4.05));
#11327=CARTESIAN_POINT('',(-7.60446450459048,2.33202004383041,4.05));
#11328=CARTESIAN_POINT('',(-2.65892900918095,2.05783265244663,4.05));
#11329=CARTESIAN_POINT('',(-2.65892900918095,1.02891632622332,4.05));
#11330=CARTESIAN_POINT('',(-2.92256026937615,2.05783265244663,4.05));
#11331=CARTESIAN_POINT('',(-7.73628013468807,2.05783265244663,4.05));
#11332=CARTESIAN_POINT('',(-2.98377432674548,2.02154444962848,4.05));
#11333=CARTESIAN_POINT('',(-6.96647416458175,-0.339433170385015,4.05));
#11334=CARTESIAN_POINT('',(-3.02777633330437,1.92073895675474,4.05));
#11335=CARTESIAN_POINT('',(-4.14186915908089,-0.631569112633067,4.05));
#11336=CARTESIAN_POINT('',(-3.02777633330437,0.905879084608776,4.05));
#11337=CARTESIAN_POINT('',(-4.07438394842168,2.91211393899943,4.05));
#11338=CARTESIAN_POINT('',(-4.07438394842168,2.58325211272096,4.05));
#11339=CARTESIAN_POINT('',(-4.07438394842169,1.29162605636048,4.05));
#11340=CARTESIAN_POINT('',(-4.94246066103062,2.58325211272096,4.05));
#11341=CARTESIAN_POINT('',(-8.74623033051531,2.58325211272096,4.05));
#11342=CARTESIAN_POINT('',(-4.94246066103062,2.91211393899943,4.05));
#11343=CARTESIAN_POINT('',(-4.94246066103062,1.45605696949971,4.05));
#11344=CARTESIAN_POINT('',(-8.31219197421084,2.91211393899943,4.05));
#11345=CARTESIAN_POINT('',(-2.23118831137098,1.81175816921755,4.05));
#11346=CARTESIAN_POINT('',(-2.23118831137098,2.2050091530322,4.05));
#11347=CARTESIAN_POINT('',(-2.23118831137098,1.1025045765161,4.05));
#11348=CARTESIAN_POINT('',(-1.45280047506374,2.2050091530322,4.05));
#11349=CARTESIAN_POINT('',(-7.00140023753187,2.2050091530322,4.05));
#11350=CARTESIAN_POINT('',(-1.45280047506374,2.45979765706371,4.05));
#11351=CARTESIAN_POINT('',(-1.45280047506374,1.22989882853186,4.05));
#11352=CARTESIAN_POINT('',(-2.15437372226171,2.45979765706371,4.05));
#11353=CARTESIAN_POINT('',(-7.35218686113086,2.45979765706371,4.05));
#11354=CARTESIAN_POINT('',(-2.15437372226171,2.80290282175177,4.05));
#11355=CARTESIAN_POINT('',(-2.15437372226171,1.40145141087589,4.05));
#11356=CARTESIAN_POINT('',(-1.45280047506374,2.80290282175177,4.05));
#11357=CARTESIAN_POINT('',(-7.00140023753187,2.80290282175177,4.05));
#11358=CARTESIAN_POINT('',(-1.45280047506374,3.16137090426169,4.05));
#11359=CARTESIAN_POINT('',(-1.45280047506374,1.58068545213084,4.05));
#11360=CARTESIAN_POINT('',(-2.23118831137098,3.16137090426169,4.05));
#11361=CARTESIAN_POINT('',(-7.39059415568549,3.16137090426169,4.05));
#11362=CARTESIAN_POINT('',(-2.23118831137098,3.49595496579302,4.05));
#11363=CARTESIAN_POINT('',(-2.23118831137098,1.74797748289651,4.05));
#11364=CARTESIAN_POINT('',(-1.05988221319573,3.49595496579302,4.05));
#11365=CARTESIAN_POINT('',(-6.80494110659787,3.49595496579302,4.05));
#11366=CARTESIAN_POINT('',(-1.05988221319573,1.81175816921755,4.05));
#11367=CARTESIAN_POINT('',(-1.05988221319573,0.905879084608776,4.05));
#11368=CARTESIAN_POINT('',(-7.39059415568549,1.81175816921755,4.05));
#11369=CARTESIAN_POINT('',(5.57257374731148,1.8178949118156,4.05));
#11370=CARTESIAN_POINT('',(5.10960749587266,1.8178949118156,4.05));
#11371=CARTESIAN_POINT('',(-3.72019625206367,1.8178949118156,4.05));
#11372=CARTESIAN_POINT('',(4.74682686016986,2.34557583647422,4.05));
#11373=CARTESIAN_POINT('',(2.51858454868299,5.58665556227329,4.05));
#11374=CARTESIAN_POINT('',(4.37580121001926,1.8178949118156,4.05));
#11375=CARTESIAN_POINT('',(1.14836412487649,-2.77223783149858,4.05));
#11376=CARTESIAN_POINT('',(3.96355048762971,1.8178949118156,4.05));
#11377=CARTESIAN_POINT('',(-4.29322475618515,1.8178949118156,4.05));
#11378=CARTESIAN_POINT('',(3.96355048762971,1.91683508518909,4.05));
#11379=CARTESIAN_POINT('',(3.96355048762971,0.958417542594544,4.05));
#11380=CARTESIAN_POINT('',(4.50535608913222,2.63550804076726,4.05));
#11381=CARTESIAN_POINT('',(0.781563228271193,-2.30388205386155,4.05));
#11382=CARTESIAN_POINT('',(3.96355048762971,3.42094914710746,4.05));
#11383=CARTESIAN_POINT('',(2.1008879341726,6.12120129043831,4.05));
#11384=CARTESIAN_POINT('',(3.96355048762971,3.49595496579302,4.05));
#11385=CARTESIAN_POINT('',(3.96355048762971,1.74797748289651,4.05));
#11386=CARTESIAN_POINT('',(4.38270871452685,3.49595496579302,4.05));
#11387=CARTESIAN_POINT('',(-4.08364564273658,3.49595496579302,4.05));
#11388=CARTESIAN_POINT('',(4.75125677149342,2.96168069324841,4.05));
#11389=CARTESIAN_POINT('',(2.6542768190357,6.0016165101984,4.05));
#11390=CARTESIAN_POINT('',(5.1157201244085,3.49595496579302,4.05));
#11391=CARTESIAN_POINT('',(1.4969409145545,-1.80888738496814,4.05));
#11392=CARTESIAN_POINT('',(5.57257374731148,3.49595496579302,4.05));
#11393=CARTESIAN_POINT('',(-3.48871312634426,3.49595496579302,4.05));
#11394=CARTESIAN_POINT('',(4.98560673913653,2.63550804076726,4.05));
#11395=CARTESIAN_POINT('',(1.58776977588401,-2.34545055835404,4.05));
#11396=CARTESIAN_POINT('',(5.57257374731148,1.91683508518909,4.05));
#11397=CARTESIAN_POINT('',(2.41633127692096,5.78128755547313,4.05));
#11398=CARTESIAN_POINT('',(5.57257374731148,0.908947455907798,4.05));
#11399=CARTESIAN_POINT('Origin',(5.10960749587266,1.8178949118156,4.05));
#11400=CARTESIAN_POINT('',(5.57257374731148,1.8178949118156,4.15));
#11401=CARTESIAN_POINT('',(5.57257374731148,1.8178949118156,4.05));
#11402=CARTESIAN_POINT('',(5.10960749587266,1.8178949118156,4.15));
#11403=CARTESIAN_POINT('',(5.55483827605338,1.8178949118156,4.15));
#11404=CARTESIAN_POINT('',(5.10960749587266,1.8178949118156,4.05));
#11405=CARTESIAN_POINT('Origin',(4.74682686016986,2.34557583647422,4.05));
#11406=CARTESIAN_POINT('',(4.74682686016986,2.34557583647422,4.15));
#11407=CARTESIAN_POINT('',(5.10960749587266,1.8178949118156,4.15));
#11408=CARTESIAN_POINT('',(4.74682686016986,2.34557583647422,4.05));
#11409=CARTESIAN_POINT('Origin',(4.37580121001926,1.8178949118156,4.05));
#11410=CARTESIAN_POINT('',(4.37580121001926,1.8178949118156,4.15));
#11411=CARTESIAN_POINT('',(4.74682686016986,2.34557583647422,4.15));
#11412=CARTESIAN_POINT('',(4.37580121001926,1.8178949118156,4.05));
#11413=CARTESIAN_POINT('Origin',(3.96355048762971,1.8178949118156,4.05));
#11414=CARTESIAN_POINT('',(3.96355048762971,1.8178949118156,4.15));
#11415=CARTESIAN_POINT('',(4.37580121001926,1.8178949118156,4.15));
#11416=CARTESIAN_POINT('',(3.96355048762971,1.8178949118156,4.05));
#11417=CARTESIAN_POINT('Origin',(3.96355048762971,1.91683508518909,4.05));
#11418=CARTESIAN_POINT('',(3.96355048762971,1.91683508518909,4.15));
#11419=CARTESIAN_POINT('',(3.96355048762971,1.8178949118156,4.15));
#11420=CARTESIAN_POINT('',(3.96355048762971,1.91683508518909,4.05));
#11421=CARTESIAN_POINT('Origin',(4.50535608913222,2.63550804076726,4.05));
#11422=CARTESIAN_POINT('',(4.50535608913222,2.63550804076726,4.15));
#11423=CARTESIAN_POINT('',(3.96355048762971,1.91683508518909,4.15));
#11424=CARTESIAN_POINT('',(4.50535608913222,2.63550804076726,4.05));
#11425=CARTESIAN_POINT('Origin',(3.96355048762971,3.42094914710746,4.05));
#11426=CARTESIAN_POINT('',(3.96355048762971,3.42094914710746,4.15));
#11427=CARTESIAN_POINT('',(4.50535608913222,2.63550804076726,4.15));
#11428=CARTESIAN_POINT('',(3.96355048762971,3.42094914710746,4.05));
#11429=CARTESIAN_POINT('Origin',(3.96355048762971,3.49595496579302,4.05));
#11430=CARTESIAN_POINT('',(3.96355048762971,3.49595496579302,4.15));
#11431=CARTESIAN_POINT('',(3.96355048762971,3.42094914710746,4.15));
#11432=CARTESIAN_POINT('',(3.96355048762971,3.49595496579302,4.05));
#11433=CARTESIAN_POINT('Origin',(4.38270871452685,3.49595496579302,4.05));
#11434=CARTESIAN_POINT('',(4.38270871452685,3.49595496579302,4.15));
#11435=CARTESIAN_POINT('',(3.96355048762971,3.49595496579302,4.15));
#11436=CARTESIAN_POINT('',(4.38270871452685,3.49595496579302,4.05));
#11437=CARTESIAN_POINT('Origin',(4.75125677149342,2.96168069324841,4.05));
#11438=CARTESIAN_POINT('',(4.75125677149342,2.96168069324841,4.15));
#11439=CARTESIAN_POINT('',(4.38270871452685,3.49595496579302,4.15));
#11440=CARTESIAN_POINT('',(4.75125677149342,2.96168069324841,4.05));
#11441=CARTESIAN_POINT('Origin',(5.1157201244085,3.49595496579302,4.05));
#11442=CARTESIAN_POINT('',(5.1157201244085,3.49595496579302,4.15));
#11443=CARTESIAN_POINT('',(4.75125677149342,2.96168069324841,4.15));
#11444=CARTESIAN_POINT('',(5.1157201244085,3.49595496579302,4.05));
#11445=CARTESIAN_POINT('Origin',(5.57257374731148,3.49595496579302,4.05));
#11446=CARTESIAN_POINT('',(5.57257374731148,3.49595496579302,4.15));
#11447=CARTESIAN_POINT('',(5.1157201244085,3.49595496579302,4.15));
#11448=CARTESIAN_POINT('',(5.57257374731148,3.49595496579302,4.05));
#11449=CARTESIAN_POINT('Origin',(4.98560673913653,2.63550804076726,4.05));
#11450=CARTESIAN_POINT('',(4.98560673913653,2.63550804076726,4.15));
#11451=CARTESIAN_POINT('',(5.57257374731148,3.49595496579302,4.15));
#11452=CARTESIAN_POINT('',(4.98560673913653,2.63550804076726,4.05));
#11453=CARTESIAN_POINT('Origin',(5.57257374731148,1.91683508518909,4.05));
#11454=CARTESIAN_POINT('',(5.57257374731148,1.91683508518909,4.15));
#11455=CARTESIAN_POINT('',(4.98560673913653,2.63550804076726,4.15));
#11456=CARTESIAN_POINT('',(5.57257374731148,1.91683508518909,4.05));
#11457=CARTESIAN_POINT('Origin',(5.57257374731148,1.8178949118156,4.05));
#11458=CARTESIAN_POINT('',(5.57257374731148,1.91683508518909,4.15));
#11459=CARTESIAN_POINT('Origin',(4.76806211747059,2.65692493880431,4.15));
#11460=CARTESIAN_POINT('Origin',(-2.23118831137098,2.2050091530322,4.05));
#11461=CARTESIAN_POINT('',(-2.23118831137098,1.81175816921755,4.15));
#11462=CARTESIAN_POINT('',(-2.23118831137098,1.81175816921755,4.05));
#11463=CARTESIAN_POINT('',(-2.23118831137098,2.2050091530322,4.15));
#11464=CARTESIAN_POINT('',(-2.23118831137098,2.2050091530322,4.15));
#11465=CARTESIAN_POINT('',(-2.23118831137098,2.2050091530322,4.05));
#11466=CARTESIAN_POINT('Origin',(-1.45280047506374,2.2050091530322,4.05));
#11467=CARTESIAN_POINT('',(-1.45280047506374,2.2050091530322,4.15));
#11468=CARTESIAN_POINT('',(-1.45280047506374,2.2050091530322,4.15));
#11469=CARTESIAN_POINT('',(-1.45280047506374,2.2050091530322,4.05));
#11470=CARTESIAN_POINT('Origin',(-1.45280047506374,2.45979765706371,4.05));
#11471=CARTESIAN_POINT('',(-1.45280047506374,2.45979765706371,4.15));
#11472=CARTESIAN_POINT('',(-1.45280047506374,2.45979765706371,4.15));
#11473=CARTESIAN_POINT('',(-1.45280047506374,2.45979765706371,4.05));
#11474=CARTESIAN_POINT('Origin',(-2.15437372226171,2.45979765706371,4.05));
#11475=CARTESIAN_POINT('',(-2.15437372226171,2.45979765706371,4.15));
#11476=CARTESIAN_POINT('',(-2.15437372226171,2.45979765706371,4.15));
#11477=CARTESIAN_POINT('',(-2.15437372226171,2.45979765706371,4.05));
#11478=CARTESIAN_POINT('Origin',(-2.15437372226171,2.80290282175177,4.05));
#11479=CARTESIAN_POINT('',(-2.15437372226171,2.80290282175177,4.15));
#11480=CARTESIAN_POINT('',(-2.15437372226171,2.80290282175177,4.15));
#11481=CARTESIAN_POINT('',(-2.15437372226171,2.80290282175177,4.05));
#11482=CARTESIAN_POINT('Origin',(-1.45280047506374,2.80290282175177,4.05));
#11483=CARTESIAN_POINT('',(-1.45280047506374,2.80290282175177,4.15));
#11484=CARTESIAN_POINT('',(-1.45280047506374,2.80290282175177,4.15));
#11485=CARTESIAN_POINT('',(-1.45280047506374,2.80290282175177,4.05));
#11486=CARTESIAN_POINT('Origin',(-1.45280047506374,3.16137090426169,4.05));
#11487=CARTESIAN_POINT('',(-1.45280047506374,3.16137090426169,4.15));
#11488=CARTESIAN_POINT('',(-1.45280047506374,3.16137090426169,4.15));
#11489=CARTESIAN_POINT('',(-1.45280047506374,3.16137090426169,4.05));
#11490=CARTESIAN_POINT('Origin',(-2.23118831137098,3.16137090426169,4.05));
#11491=CARTESIAN_POINT('',(-2.23118831137098,3.16137090426169,4.15));
#11492=CARTESIAN_POINT('',(-2.23118831137098,3.16137090426169,4.15));
#11493=CARTESIAN_POINT('',(-2.23118831137098,3.16137090426169,4.05));
#11494=CARTESIAN_POINT('Origin',(-2.23118831137098,3.49595496579302,4.05));
#11495=CARTESIAN_POINT('',(-2.23118831137098,3.49595496579302,4.15));
#11496=CARTESIAN_POINT('',(-2.23118831137098,3.49595496579302,4.15));
#11497=CARTESIAN_POINT('',(-2.23118831137098,3.49595496579302,4.05));
#11498=CARTESIAN_POINT('Origin',(-1.05988221319573,3.49595496579302,4.05));
#11499=CARTESIAN_POINT('',(-1.05988221319573,3.49595496579302,4.15));
#11500=CARTESIAN_POINT('',(-1.05988221319573,3.49595496579302,4.15));
#11501=CARTESIAN_POINT('',(-1.05988221319573,3.49595496579302,4.05));
#11502=CARTESIAN_POINT('Origin',(-1.05988221319573,1.81175816921755,4.05));
#11503=CARTESIAN_POINT('',(-1.05988221319573,1.81175816921755,4.15));
#11504=CARTESIAN_POINT('',(-1.05988221319573,1.81175816921755,4.15));
#11505=CARTESIAN_POINT('',(-1.05988221319573,1.81175816921755,4.05));
#11506=CARTESIAN_POINT('Origin',(-2.23118831137098,1.81175816921755,4.05));
#11507=CARTESIAN_POINT('',(-2.23118831137098,1.81175816921755,4.15));
#11508=CARTESIAN_POINT('Origin',(-1.64553526228335,2.65385656750529,4.15));
#11509=CARTESIAN_POINT('Origin',(-4.07438394842168,2.58325211272096,4.05));
#11510=CARTESIAN_POINT('',(-4.07438394842168,2.91211393899943,4.15));
#11511=CARTESIAN_POINT('',(-4.07438394842168,2.91211393899943,4.05));
#11512=CARTESIAN_POINT('',(-4.07438394842168,2.58325211272096,4.15));
#11513=CARTESIAN_POINT('',(-4.07438394842168,2.91211393899943,4.15));
#11514=CARTESIAN_POINT('',(-4.07438394842168,2.58325211272096,4.05));
#11515=CARTESIAN_POINT('Origin',(-4.94246066103062,2.58325211272096,4.05));
#11516=CARTESIAN_POINT('',(-4.94246066103062,2.58325211272096,4.15));
#11517=CARTESIAN_POINT('',(-4.07438394842168,2.58325211272096,4.15));
#11518=CARTESIAN_POINT('',(-4.94246066103062,2.58325211272096,4.05));
#11519=CARTESIAN_POINT('Origin',(-4.94246066103062,2.91211393899943,4.05));
#11520=CARTESIAN_POINT('',(-4.94246066103062,2.91211393899943,4.15));
#11521=CARTESIAN_POINT('',(-4.94246066103062,2.58325211272096,4.15));
#11522=CARTESIAN_POINT('',(-4.94246066103062,2.91211393899943,4.05));
#11523=CARTESIAN_POINT('Origin',(-4.07438394842168,2.91211393899943,4.05));
#11524=CARTESIAN_POINT('',(-4.94246066103062,2.91211393899943,4.15));
#11525=CARTESIAN_POINT('Origin',(-4.50842230472615,2.74768302586019,4.15));
#11526=CARTESIAN_POINT('Origin',(1.56460326641347,2.94809009732557,4.05));
#11527=CARTESIAN_POINT('',(1.86287380172768,2.94809009732557,4.15));
#11528=CARTESIAN_POINT('Origin',(1.56460326641347,2.94809009732557,4.15));
#11529=CARTESIAN_POINT('',(1.86287380172768,2.94809009732557,4.05));
#11530=CARTESIAN_POINT('',(1.86287380172768,2.94809009732557,4.05));
#11531=CARTESIAN_POINT('Origin',(1.56460326641347,2.94809009732557,4.05));
#11532=CARTESIAN_POINT('Origin',(1.05920192505168,2.13488793904419,4.05));
#11533=CARTESIAN_POINT('',(1.05920192505168,1.81175816921755,4.15));
#11534=CARTESIAN_POINT('',(1.05920192505168,1.81175816921755,4.05));
#11535=CARTESIAN_POINT('',(1.05920192505168,2.13488793904419,4.15));
#11536=CARTESIAN_POINT('',(1.05920192505168,1.81175816921755,4.15));
#11537=CARTESIAN_POINT('',(1.05920192505168,2.13488793904419,4.05));
#11538=CARTESIAN_POINT('Origin',(1.52781881113013,2.13488793904419,4.05));
#11539=CARTESIAN_POINT('',(1.52781881113013,2.13488793904419,4.15));
#11540=CARTESIAN_POINT('',(1.05920192505168,2.13488793904419,4.15));
#11541=CARTESIAN_POINT('',(1.52781881113013,2.13488793904419,4.05));
#11542=CARTESIAN_POINT('Origin',(1.52781881113013,2.38488793904419,4.05));
#11543=CARTESIAN_POINT('',(1.77781126462077,2.38294546697741,4.15));
#11544=CARTESIAN_POINT('Origin',(1.52781881113013,2.38488793904419,4.15));
#11545=CARTESIAN_POINT('',(1.77781126462077,2.38294546697741,4.05));
#11546=CARTESIAN_POINT('Origin',(1.77801739067979,2.40947349798677,4.05));
#11547=CARTESIAN_POINT('',(1.77801739067979,2.40947349798677,4.15));
#11548=CARTESIAN_POINT('',(1.77781126462077,2.38294546697741,4.15));
#11549=CARTESIAN_POINT('',(1.77801739067979,2.40947349798677,4.05));
#11550=CARTESIAN_POINT('Ctrl Pts',(2.20538807132734,2.99443616812122,4.05));
#11551=CARTESIAN_POINT('Ctrl Pts',(2.20538807132733,3.42420639347383,4.05));
#11552=CARTESIAN_POINT('Ctrl Pts',(1.75874616318106,3.52211249005737,4.05));
#11553=CARTESIAN_POINT('Ctrl Pts',(1.31210425503478,3.62001858664091,4.05));
#11554=CARTESIAN_POINT('Ctrl Pts',(1.0414600287661,3.24957490291717,4.05));
#11555=CARTESIAN_POINT('Ctrl Pts',(0.77081580249742,2.87913121919343,4.05));
#11556=CARTESIAN_POINT('Ctrl Pts',(1.0534598952202,2.55675347691582,4.05));
#11557=CARTESIAN_POINT('Ctrl Pts',(1.33610398794297,2.23437573463822,4.05));
#11558=CARTESIAN_POINT('Ctrl Pts',(1.77801739067979,2.40947349798677,4.05));
#11559=CARTESIAN_POINT('Ctrl Pts',(2.20538807132734,2.99443616812122,4.15));
#11560=CARTESIAN_POINT('Ctrl Pts',(2.20538807132733,3.42420639347383,4.15));
#11561=CARTESIAN_POINT('Ctrl Pts',(1.75874616318106,3.52211249005737,4.15));
#11562=CARTESIAN_POINT('Ctrl Pts',(1.31210425503478,3.62001858664091,4.15));
#11563=CARTESIAN_POINT('Ctrl Pts',(1.0414600287661,3.24957490291717,4.15));
#11564=CARTESIAN_POINT('Ctrl Pts',(0.77081580249742,2.87913121919343,4.15));
#11565=CARTESIAN_POINT('Ctrl Pts',(1.0534598952202,2.55675347691582,4.15));
#11566=CARTESIAN_POINT('Ctrl Pts',(1.33610398794297,2.23437573463822,4.15));
#11567=CARTESIAN_POINT('Ctrl Pts',(1.77801739067979,2.40947349798677,4.15));
#11568=CARTESIAN_POINT('',(2.20538807132734,2.99443616812122,4.15));
#11569=CARTESIAN_POINT('Origin',(1.56460326641347,2.94809009732557,4.15));
#11570=CARTESIAN_POINT('',(2.20538807132734,2.99443616812122,4.05));
#11571=CARTESIAN_POINT('Origin',(2.20538807132733,2.56175816921755,4.05));
#11572=CARTESIAN_POINT('',(2.20538807132733,2.56175816921755,4.15));
#11573=CARTESIAN_POINT('',(2.20538807132733,2.56175816921755,4.15));
#11574=CARTESIAN_POINT('',(2.20538807132733,2.56175816921755,4.05));
#11575=CARTESIAN_POINT('Origin',(1.45538807132734,2.56175816921755,4.05));
#11576=CARTESIAN_POINT('',(1.45538807132733,1.81175816921755,4.15));
#11577=CARTESIAN_POINT('Origin',(1.45538807132734,2.56175816921755,4.15));
#11578=CARTESIAN_POINT('',(1.45538807132733,1.81175816921755,4.05));
#11579=CARTESIAN_POINT('Origin',(1.05920192505168,1.81175816921755,4.05));
#11580=CARTESIAN_POINT('',(1.05920192505168,1.81175816921755,4.15));
#11581=CARTESIAN_POINT('Origin',(1.56460326641347,2.67463607114673,4.15));
#11582=CARTESIAN_POINT('Origin',(-12.55,0.,4.05));
#11583=CARTESIAN_POINT('Origin',(3.37337193837738,2.19397013531422,4.05));
#11584=CARTESIAN_POINT('',(3.37337193837738,3.49595496579302,4.15));
#11585=CARTESIAN_POINT('',(3.37337193837738,3.49595496579302,4.05));
#11586=CARTESIAN_POINT('',(3.37337193837738,2.19397013531422,4.15));
#11587=CARTESIAN_POINT('',(3.37337193837738,2.19397013531422,4.15));
#11588=CARTESIAN_POINT('',(3.37337193837738,2.19397013531422,4.05));
#11589=CARTESIAN_POINT('Origin',(3.89370141040444,2.19397013531422,4.05));
#11590=CARTESIAN_POINT('',(3.89370141040444,2.19397013531422,4.15));
#11591=CARTESIAN_POINT('',(3.37337193837738,2.19397013531422,4.15));
#11592=CARTESIAN_POINT('',(3.89370141040444,2.19397013531422,4.05));
#11593=CARTESIAN_POINT('Origin',(3.89370141040444,1.81175816921755,4.05));
#11594=CARTESIAN_POINT('',(3.89370141040444,1.81175816921755,4.15));
#11595=CARTESIAN_POINT('',(3.89370141040444,2.19397013531422,4.15));
#11596=CARTESIAN_POINT('',(3.89370141040444,1.81175816921755,4.05));
#11597=CARTESIAN_POINT('Origin',(2.39091345279708,1.81175816921755,4.05));
#11598=CARTESIAN_POINT('',(2.39091345279708,1.81175816921755,4.15));
#11599=CARTESIAN_POINT('',(3.89370141040444,1.81175816921755,4.15));
#11600=CARTESIAN_POINT('',(2.39091345279708,1.81175816921755,4.05));
#11601=CARTESIAN_POINT('Origin',(2.39091345279708,2.19397013531422,4.05));
#11602=CARTESIAN_POINT('',(2.39091345279708,2.19397013531422,4.15));
#11603=CARTESIAN_POINT('',(2.39091345279708,1.81175816921755,4.15));
#11604=CARTESIAN_POINT('',(2.39091345279708,2.19397013531422,4.05));
#11605=CARTESIAN_POINT('Origin',(2.90632049798804,2.19397013531422,4.05));
#11606=CARTESIAN_POINT('',(2.90632049798804,2.19397013531422,4.15));
#11607=CARTESIAN_POINT('',(2.39091345279708,2.19397013531422,4.15));
#11608=CARTESIAN_POINT('',(2.90632049798804,2.19397013531422,4.05));
#11609=CARTESIAN_POINT('Origin',(2.90632049798804,3.49595496579302,4.05));
#11610=CARTESIAN_POINT('',(2.90632049798804,3.49595496579302,4.15));
#11611=CARTESIAN_POINT('',(2.90632049798804,3.49595496579302,4.15));
#11612=CARTESIAN_POINT('',(2.90632049798804,3.49595496579302,4.05));
#11613=CARTESIAN_POINT('Origin',(3.37337193837738,3.49595496579302,4.05));
#11614=CARTESIAN_POINT('',(3.37337193837738,3.49595496579302,4.15));
#11615=CARTESIAN_POINT('Origin',(3.14230743160076,2.65385656750529,4.15));
#11616=CARTESIAN_POINT('Origin',(-3.44232155599174,1.81175816921755,4.05));
#11617=CARTESIAN_POINT('',(-3.02777633330437,1.81175816921755,4.15));
#11618=CARTESIAN_POINT('',(-3.02777633330437,1.81175816921755,4.05));
#11619=CARTESIAN_POINT('',(-3.44232155599174,1.81175816921755,4.15));
#11620=CARTESIAN_POINT('',(-3.44232155599174,1.81175816921755,4.15));
#11621=CARTESIAN_POINT('',(-3.44232155599174,1.81175816921755,4.05));
#11622=CARTESIAN_POINT('Origin',(-3.44232155599174,3.17416703165201,4.05));
#11623=CARTESIAN_POINT('',(-3.44232155599174,3.17416703165201,4.15));
#11624=CARTESIAN_POINT('',(-3.44232155599174,3.17416703165201,4.15));
#11625=CARTESIAN_POINT('',(-3.44232155599174,3.17416703165201,4.05));
#11626=CARTESIAN_POINT('Origin',(-3.76220684593948,3.17416703165201,4.05));
#11627=CARTESIAN_POINT('',(-3.76220684593948,3.17416703165201,4.15));
#11628=CARTESIAN_POINT('',(-3.76220684593948,3.17416703165201,4.15));
#11629=CARTESIAN_POINT('',(-3.76220684593948,3.17416703165201,4.05));
#11630=CARTESIAN_POINT('Origin',(-3.76220684593948,3.49595496579302,4.05));
#11631=CARTESIAN_POINT('',(-3.76220684593948,3.49595496579302,4.15));
#11632=CARTESIAN_POINT('',(-3.76220684593948,3.49595496579302,4.15));
#11633=CARTESIAN_POINT('',(-3.76220684593948,3.49595496579302,4.05));
#11634=CARTESIAN_POINT('Origin',(-2.65892900918095,3.49595496579302,4.05));
#11635=CARTESIAN_POINT('',(-2.65892900918095,3.49595496579302,4.15));
#11636=CARTESIAN_POINT('',(-2.65892900918095,3.49595496579302,4.15));
#11637=CARTESIAN_POINT('',(-2.65892900918095,3.49595496579302,4.05));
#11638=CARTESIAN_POINT('Origin',(-2.65892900918095,3.17416703165201,4.05));
#11639=CARTESIAN_POINT('',(-2.65892900918095,3.17416703165201,4.15));
#11640=CARTESIAN_POINT('',(-2.65892900918095,3.17416703165201,4.15));
#11641=CARTESIAN_POINT('',(-2.65892900918095,3.17416703165201,4.05));
#11642=CARTESIAN_POINT('Origin',(-2.98534257035212,3.17416703165201,4.05));
#11643=CARTESIAN_POINT('',(-2.98534257035212,3.17416703165201,4.15));
#11644=CARTESIAN_POINT('',(-2.98534257035212,3.17416703165201,4.15));
#11645=CARTESIAN_POINT('',(-2.98534257035212,3.17416703165201,4.05));
#11646=CARTESIAN_POINT('Origin',(-2.98534257035212,2.33202004383041,4.05));
#11647=CARTESIAN_POINT('',(-2.98534257035212,2.33202004383041,4.15));
#11648=CARTESIAN_POINT('',(-2.98534257035212,2.33202004383041,4.15));
#11649=CARTESIAN_POINT('',(-2.98534257035212,2.33202004383041,4.05));
#11650=CARTESIAN_POINT('Origin',(-2.65892900918095,2.33202004383041,4.05));
#11651=CARTESIAN_POINT('',(-2.65892900918095,2.33202004383041,4.15));
#11652=CARTESIAN_POINT('',(-2.65892900918095,2.33202004383041,4.15));
#11653=CARTESIAN_POINT('',(-2.65892900918095,2.33202004383041,4.05));
#11654=CARTESIAN_POINT('Origin',(-2.65892900918095,2.05783265244663,4.05));
#11655=CARTESIAN_POINT('',(-2.65892900918095,2.05783265244663,4.15));
#11656=CARTESIAN_POINT('',(-2.65892900918095,2.05783265244663,4.15));
#11657=CARTESIAN_POINT('',(-2.65892900918095,2.05783265244663,4.05));
#11658=CARTESIAN_POINT('Origin',(-2.92256026937615,2.05783265244663,4.05));
#11659=CARTESIAN_POINT('',(-2.92256026937615,2.05783265244663,4.15));
#11660=CARTESIAN_POINT('',(-2.92256026937615,2.05783265244663,4.15));
#11661=CARTESIAN_POINT('',(-2.92256026937615,2.05783265244663,4.05));
#11662=CARTESIAN_POINT('Origin',(-2.98377432674548,2.02154444962848,4.05));
#11663=CARTESIAN_POINT('',(-2.98377432674548,2.02154444962848,4.15));
#11664=CARTESIAN_POINT('',(-2.98377432674548,2.02154444962848,4.15));
#11665=CARTESIAN_POINT('',(-2.98377432674548,2.02154444962848,4.05));
#11666=CARTESIAN_POINT('Origin',(-3.02777633330437,1.92073895675474,4.05));
#11667=CARTESIAN_POINT('',(-3.02777633330437,1.92073895675474,4.15));
#11668=CARTESIAN_POINT('',(-3.02777633330437,1.92073895675474,4.15));
#11669=CARTESIAN_POINT('',(-3.02777633330437,1.92073895675474,4.05));
#11670=CARTESIAN_POINT('Origin',(-3.02777633330437,1.81175816921755,4.05));
#11671=CARTESIAN_POINT('',(-3.02777633330437,1.81175816921755,4.15));
#11672=CARTESIAN_POINT('Origin',(-3.21056792756022,2.65385656750529,4.15));
#11673=CARTESIAN_POINT('Origin',(5.96298562577487,2.0062775484043,-4.05));
#11674=CARTESIAN_POINT('',(5.24944365386317,2.0062775484043,-4.05));
#11675=CARTESIAN_POINT('',(5.96298562577487,2.0062775484043,-4.05));
#11676=CARTESIAN_POINT('',(9.25649281288744,2.0062775484043,-4.05));
#11677=CARTESIAN_POINT('',(5.24944365386317,2.0062775484043,-4.15));
#11678=CARTESIAN_POINT('',(5.24944365386317,2.0062775484043,-4.05));
#11679=CARTESIAN_POINT('',(5.96298562577487,2.0062775484043,-4.15));
#11680=CARTESIAN_POINT('',(5.24944365386317,2.0062775484043,-4.15));
#11681=CARTESIAN_POINT('',(5.96298562577487,2.0062775484043,-4.05));
#11682=CARTESIAN_POINT('Origin',(5.96298562577487,2.59145747245887,-4.05));
#11683=CARTESIAN_POINT('',(5.96298562577487,2.59145747245887,-4.05));
#11684=CARTESIAN_POINT('',(5.96298562577487,1.29572873622943,-4.05));
#11685=CARTESIAN_POINT('',(5.96298562577487,2.59145747245887,-4.15));
#11686=CARTESIAN_POINT('',(5.96298562577487,2.0062775484043,-4.15));
#11687=CARTESIAN_POINT('',(5.96298562577487,2.59145747245887,-4.05));
#11688=CARTESIAN_POINT('Origin',(5.84972499531269,2.59145747245887,-4.05));
#11689=CARTESIAN_POINT('',(5.84972499531269,2.59145747245887,-4.05));
#11690=CARTESIAN_POINT('',(9.19986249765635,2.59145747245887,-4.05));
#11691=CARTESIAN_POINT('',(5.84972499531269,2.59145747245887,-4.15));
#11692=CARTESIAN_POINT('',(5.96298562577487,2.59145747245887,-4.15));
#11693=CARTESIAN_POINT('',(5.84972499531269,2.59145747245887,-4.05));
#11694=CARTESIAN_POINT('Origin',(5.24944365386317,2.0062775484043,-4.05));
#11695=CARTESIAN_POINT('',(6.61966892874108,3.34203174718466,-4.05));
#11696=CARTESIAN_POINT('',(5.24944365386317,2.0062775484043,-4.15));
#11697=CARTESIAN_POINT('Origin',(5.60621463981902,2.29886751043159,-4.15));
#11698=CARTESIAN_POINT('Origin',(2.34918959641778,3.117760746462,-4.05));
#11699=CARTESIAN_POINT('',(2.34918959641778,3.69715221928892,-4.05));
#11700=CARTESIAN_POINT('',(2.34918959641778,3.117760746462,-4.05));
#11701=CARTESIAN_POINT('',(2.34918959641778,1.558880373231,-4.05));
#11702=CARTESIAN_POINT('',(2.34918959641778,3.69715221928892,-4.15));
#11703=CARTESIAN_POINT('',(2.34918959641778,3.69715221928892,-4.05));
#11704=CARTESIAN_POINT('',(2.34918959641778,3.117760746462,-4.15));
#11705=CARTESIAN_POINT('',(2.34918959641778,3.117760746462,-4.15));
#11706=CARTESIAN_POINT('',(2.34918959641778,3.117760746462,-4.05));
#11707=CARTESIAN_POINT('Origin',(2.30950373470332,3.117760746462,-4.05));
#11708=CARTESIAN_POINT('',(2.30950373470332,3.117760746462,-4.05));
#11709=CARTESIAN_POINT('',(7.42975186735166,3.117760746462,-4.05));
#11710=CARTESIAN_POINT('',(2.30950373470332,3.117760746462,-4.15));
#11711=CARTESIAN_POINT('',(2.30950373470332,3.117760746462,-4.15));
#11712=CARTESIAN_POINT('',(2.30950373470332,3.117760746462,-4.05));
#11713=CARTESIAN_POINT('Origin',(2.30950373470332,3.04921243986431,-4.05));
#11714=CARTESIAN_POINT('',(2.30950373470332,3.04921243986431,-4.05));
#11715=CARTESIAN_POINT('',(2.30950373470332,1.52460621993215,-4.05));
#11716=CARTESIAN_POINT('',(2.30950373470332,3.04921243986431,-4.15));
#11717=CARTESIAN_POINT('',(2.30950373470332,3.04921243986431,-4.15));
#11718=CARTESIAN_POINT('',(2.30950373470332,3.04921243986431,-4.05));
#11719=CARTESIAN_POINT('Origin',(2.45017351857526,3.04921243986431,-4.05));
#11720=CARTESIAN_POINT('',(2.45017351857526,3.04921243986431,-4.05));
#11721=CARTESIAN_POINT('',(7.50008675928763,3.04921243986431,-4.05));
#11722=CARTESIAN_POINT('',(2.45017351857526,3.04921243986431,-4.15));
#11723=CARTESIAN_POINT('',(2.45017351857526,3.04921243986431,-4.15));
#11724=CARTESIAN_POINT('',(2.45017351857526,3.04921243986431,-4.05));
#11725=CARTESIAN_POINT('Origin',(3.11295627165152,3.65715221928891,-4.05));
#11726=CARTESIAN_POINT('',(3.11295627165152,3.65715221928891,-4.05));
#11727=CARTESIAN_POINT('',(4.76459642669527,5.17212488097279,-4.05));
#11728=CARTESIAN_POINT('',(3.11295627165152,3.65715221928891,-4.15));
#11729=CARTESIAN_POINT('',(3.11295627165152,3.65715221928891,-4.15));
#11730=CARTESIAN_POINT('',(3.11295627165152,3.65715221928891,-4.05));
#11731=CARTESIAN_POINT('Origin',(3.11295627165152,3.69715221928892,-4.05));
#11732=CARTESIAN_POINT('',(3.11295627165152,3.69715221928892,-4.05));
#11733=CARTESIAN_POINT('',(3.11295627165152,1.84857610964446,-4.05));
#11734=CARTESIAN_POINT('',(3.11295627165152,3.69715221928892,-4.15));
#11735=CARTESIAN_POINT('',(3.11295627165152,3.69715221928892,-4.15));
#11736=CARTESIAN_POINT('',(3.11295627165152,3.69715221928892,-4.05));
#11737=CARTESIAN_POINT('Origin',(2.34918959641778,3.69715221928892,-4.05));
#11738=CARTESIAN_POINT('',(7.44959479820889,3.69715221928892,-4.05));
#11739=CARTESIAN_POINT('',(2.34918959641778,3.69715221928892,-4.15));
#11740=CARTESIAN_POINT('Origin',(2.71123000317742,3.37318232957661,-4.15));
#11741=CARTESIAN_POINT('Origin',(0.681940059415944,3.69715221928892,-4.05));
#11742=CARTESIAN_POINT('',(0.681940059415944,2.77327762527218,-4.05));
#11743=CARTESIAN_POINT('',(0.681940059415944,3.69715221928892,-4.05));
#11744=CARTESIAN_POINT('',(0.681940059415944,1.84857610964446,-4.05));
#11745=CARTESIAN_POINT('',(0.681940059415944,2.77327762527218,-4.15));
#11746=CARTESIAN_POINT('',(0.681940059415944,2.77327762527218,-4.05));
#11747=CARTESIAN_POINT('',(0.681940059415944,3.69715221928892,-4.15));
#11748=CARTESIAN_POINT('',(0.681940059415944,2.77327762527218,-4.15));
#11749=CARTESIAN_POINT('',(0.681940059415944,3.69715221928892,-4.05));
#11750=CARTESIAN_POINT('Origin',(0.369795828693475,3.70197039020156,-4.05));
#11751=CARTESIAN_POINT('',(0.369795828693475,3.70197039020156,-4.05));
#11752=CARTESIAN_POINT('',(6.48701170663316,3.60754675936508,-4.05));
#11753=CARTESIAN_POINT('',(0.369795828693475,3.70197039020156,-4.15));
#11754=CARTESIAN_POINT('',(0.369795828693474,3.70197039020156,-4.15));
#11755=CARTESIAN_POINT('',(0.369795828693475,3.70197039020156,-4.05));
#11756=CARTESIAN_POINT('Origin',(0.362628729881555,3.23765133931737,-4.05));
#11757=CARTESIAN_POINT('',(0.363404631457209,2.77327762527218,-4.05));
#11758=CARTESIAN_POINT('Origin',(0.362628729881555,3.23765133931737,-4.05));
#11759=CARTESIAN_POINT('',(0.363404631457209,2.77327762527218,-4.15));
#11760=CARTESIAN_POINT('Origin',(0.362628729881555,3.23765133931737,-4.15));
#11761=CARTESIAN_POINT('',(0.363404631457209,2.77327762527218,-4.05));
#11762=CARTESIAN_POINT('Origin',(0.681940059415944,2.77327762527218,-4.05));
#11763=CARTESIAN_POINT('',(6.61597002970797,2.77327762527218,-4.05));
#11764=CARTESIAN_POINT('',(0.363404631457209,2.77327762527218,-4.15));
#11765=CARTESIAN_POINT('Origin',(0.290097213521442,3.23765133931737,-4.15));
#11766=CARTESIAN_POINT('Origin',(-5.68092702625359,1.83280744211293,-4.05));
#11767=CARTESIAN_POINT('',(-6.30138782238902,3.72158208579371,-4.05));
#11768=CARTESIAN_POINT('',(-5.68092702625359,1.83280744211293,-4.05));
#11769=CARTESIAN_POINT('',(-4.52135563059647,-1.69709978699207,-4.05));
#11770=CARTESIAN_POINT('',(-6.30138782238902,3.72158208579371,-4.15));
#11771=CARTESIAN_POINT('',(-6.30138782238902,3.72158208579371,-4.05));
#11772=CARTESIAN_POINT('',(-5.68092702625359,1.83280744211293,-4.15));
#11773=CARTESIAN_POINT('',(-6.30138782238902,3.72158208579371,-4.15));
#11774=CARTESIAN_POINT('',(-5.68092702625359,1.83280744211293,-4.05));
#11775=CARTESIAN_POINT('Origin',(-5.49270849522987,2.61356579302615,-4.05));
#11776=CARTESIAN_POINT('',(-5.49270849522987,2.61356579302615,-4.05));
#11777=CARTESIAN_POINT('',(-5.29494945300462,3.43389959781238,-4.05));
#11778=CARTESIAN_POINT('',(-5.49270849522987,2.61356579302615,-4.15));
#11779=CARTESIAN_POINT('',(-5.68092702625359,1.83280744211293,-4.15));
#11780=CARTESIAN_POINT('',(-5.49270849522987,2.61356579302615,-4.05));
#11781=CARTESIAN_POINT('Origin',(-5.47929299347048,2.62376547865985,-4.05));
#11782=CARTESIAN_POINT('',(-5.47929299347048,2.62376547865985,-4.05));
#11783=CARTESIAN_POINT('',(-0.398799862572594,6.48641882765172,-4.05));
#11784=CARTESIAN_POINT('',(-5.47929299347048,2.62376547865985,-4.15));
#11785=CARTESIAN_POINT('',(-5.49270849522987,2.61356579302615,-4.15));
#11786=CARTESIAN_POINT('',(-5.47929299347048,2.62376547865985,-4.05));
#11787=CARTESIAN_POINT('Origin',(-5.38850847709587,2.50435789269217,-4.05));
#11788=CARTESIAN_POINT('',(-5.38850847709587,2.65435789269217,-4.05));
#11789=CARTESIAN_POINT('Origin',(-5.38850847709587,2.50435789269217,-4.05));
#11790=CARTESIAN_POINT('',(-5.38850847709587,2.65435789269217,-4.15));
#11791=CARTESIAN_POINT('Origin',(-5.38850847709587,2.50435789269217,-4.15));
#11792=CARTESIAN_POINT('',(-5.38850847709587,2.65435789269217,-4.05));
#11793=CARTESIAN_POINT('Origin',(-5.30746723089164,2.65435789269217,-4.05));
#11794=CARTESIAN_POINT('',(-5.30746723089164,2.65435789269217,-4.05));
#11795=CARTESIAN_POINT('',(3.62126638455419,2.65435789269211,-4.05));
#11796=CARTESIAN_POINT('',(-5.30746723089164,2.65435789269217,-4.15));
#11797=CARTESIAN_POINT('',(-5.38850847709587,2.65435789269217,-4.15));
#11798=CARTESIAN_POINT('',(-5.30746723089164,2.65435789269217,-4.05));
#11799=CARTESIAN_POINT('Origin',(-5.30746723089164,2.50435789269217,-4.05));
#11800=CARTESIAN_POINT('',(-5.18805964492396,2.59514240906677,-4.05));
#11801=CARTESIAN_POINT('Origin',(-5.30746723089164,2.50435789269217,-4.05));
#11802=CARTESIAN_POINT('',(-5.18805964492396,2.59514240906677,-4.15));
#11803=CARTESIAN_POINT('Origin',(-5.30746723089164,2.50435789269217,-4.15));
#11804=CARTESIAN_POINT('',(-5.18805964492396,2.59514240906677,-4.05));
#11805=CARTESIAN_POINT('Origin',(-5.17678554371592,2.58031374375062,-4.05));
#11806=CARTESIAN_POINT('',(-5.17678554371592,2.58031374375062,-4.05));
#11807=CARTESIAN_POINT('',(-1.30850433212831,-2.50758163494865,-4.05));
#11808=CARTESIAN_POINT('',(-5.17678554371592,2.58031374375062,-4.15));
#11809=CARTESIAN_POINT('',(-5.18805964492396,2.59514240906677,-4.15));
#11810=CARTESIAN_POINT('',(-5.17678554371592,2.58031374375062,-4.05));
#11811=CARTESIAN_POINT('Origin',(-5.49270849522987,1.26981853747056,-4.05));
#11812=CARTESIAN_POINT('',(-5.49270849522987,1.26981853747056,-4.05));
#11813=CARTESIAN_POINT('',(-5.14187585619907,2.7251242993761,-4.05));
#11814=CARTESIAN_POINT('',(-5.49270849522987,1.26981853747056,-4.15));
#11815=CARTESIAN_POINT('',(-5.49270849522987,1.26981853747056,-4.15));
#11816=CARTESIAN_POINT('',(-5.49270849522987,1.26981853747056,-4.05));
#11817=CARTESIAN_POINT('Origin',(-4.46585796715504,1.26981853747056,-4.05));
#11818=CARTESIAN_POINT('',(-4.46585796715504,1.26981853747056,-4.05));
#11819=CARTESIAN_POINT('',(4.04207101642248,1.26981853747056,-4.05));
#11820=CARTESIAN_POINT('',(-4.46585796715504,1.26981853747056,-4.15));
#11821=CARTESIAN_POINT('',(-4.46585796715504,1.26981853747056,-4.15));
#11822=CARTESIAN_POINT('',(-4.46585796715504,1.26981853747056,-4.05));
#11823=CARTESIAN_POINT('Origin',(-3.93116861623834,3.72158208579371,-4.05));
#11824=CARTESIAN_POINT('',(-3.93116861623834,3.72158208579371,-4.05));
#11825=CARTESIAN_POINT('',(-3.94442045944662,3.66081710876461,-4.05));
#11826=CARTESIAN_POINT('',(-3.93116861623834,3.72158208579371,-4.15));
#11827=CARTESIAN_POINT('',(-3.93116861623834,3.72158208579371,-4.15));
#11828=CARTESIAN_POINT('',(-3.93116861623834,3.72158208579371,-4.05));
#11829=CARTESIAN_POINT('Origin',(-4.90165835411625,3.72158208579371,-4.05));
#11830=CARTESIAN_POINT('',(-4.90165835411625,3.72158208579371,-4.05));
#11831=CARTESIAN_POINT('',(3.82417082294188,3.72158208579371,-4.05));
#11832=CARTESIAN_POINT('',(-4.90165835411625,3.72158208579371,-4.15));
#11833=CARTESIAN_POINT('',(-4.90165835411625,3.72158208579371,-4.15));
#11834=CARTESIAN_POINT('',(-4.90165835411625,3.72158208579371,-4.05));
#11835=CARTESIAN_POINT('Origin',(-5.09755861990827,2.90895876102681,-4.05));
#11836=CARTESIAN_POINT('',(-5.09755861990827,2.90895876102681,-4.05));
#11837=CARTESIAN_POINT('',(-4.94430091853827,3.54469441115422,-4.05));
#11838=CARTESIAN_POINT('',(-5.09755861990827,2.90895876102681,-4.15));
#11839=CARTESIAN_POINT('',(-5.09755861990827,2.90895876102681,-4.15));
#11840=CARTESIAN_POINT('',(-5.09755861990827,2.90895876102681,-4.05));
#11841=CARTESIAN_POINT('Origin',(-5.1197352657675,2.89308564811203,-4.05));
#11842=CARTESIAN_POINT('',(-5.1197352657675,2.89308564811203,-4.05));
#11843=CARTESIAN_POINT('',(0.0376035397163993,6.58449244239669,-4.05));
#11844=CARTESIAN_POINT('',(-5.1197352657675,2.89308564811203,-4.15));
#11845=CARTESIAN_POINT('',(-5.1197352657675,2.89308564811203,-4.15));
#11846=CARTESIAN_POINT('',(-5.1197352657675,2.89308564811203,-4.05));
#11847=CARTESIAN_POINT('Origin',(-5.20703987038059,3.01506067019997,-4.05));
#11848=CARTESIAN_POINT('',(-5.20703987038059,2.86506067019997,-4.05));
#11849=CARTESIAN_POINT('Origin',(-5.20703987038059,3.01506067019997,-4.05));
#11850=CARTESIAN_POINT('',(-5.20703987038059,2.86506067019997,-4.15));
#11851=CARTESIAN_POINT('Origin',(-5.20703987038059,3.01506067019997,-4.15));
#11852=CARTESIAN_POINT('',(-5.20703987038059,2.86506067019997,-4.05));
#11853=CARTESIAN_POINT('Origin',(-5.27440060672324,2.86506067019997,-4.05));
#11854=CARTESIAN_POINT('',(-5.27440060672324,2.86506067019997,-4.05));
#11855=CARTESIAN_POINT('',(3.63779969663838,2.86506067019997,-4.05));
#11856=CARTESIAN_POINT('',(-5.27440060672324,2.86506067019997,-4.15));
#11857=CARTESIAN_POINT('',(-5.27440060672324,2.86506067019997,-4.15));
#11858=CARTESIAN_POINT('',(-5.27440060672324,2.86506067019997,-4.05));
#11859=CARTESIAN_POINT('Origin',(-5.27440060672324,3.01506067019997,-4.05));
#11860=CARTESIAN_POINT('',(-5.41090811086891,2.95288590593086,-4.05));
#11861=CARTESIAN_POINT('Origin',(-5.27440060672324,3.01506067019997,-4.05));
#11862=CARTESIAN_POINT('',(-5.41090811086891,2.95288590593086,-4.15));
#11863=CARTESIAN_POINT('Origin',(-5.27440060672324,3.01506067019997,-4.15));
#11864=CARTESIAN_POINT('',(-5.41090811086891,2.95288590593086,-4.05));
#11865=CARTESIAN_POINT('Origin',(-5.21837738875247,3.72158208579371,-4.05));
#11866=CARTESIAN_POINT('',(-5.21837738875247,3.72158208579371,-4.05));
#11867=CARTESIAN_POINT('',(-5.13250093195728,4.06445154347278,-4.05));
#11868=CARTESIAN_POINT('',(-5.21837738875247,3.72158208579371,-4.15));
#11869=CARTESIAN_POINT('',(-5.21837738875247,3.72158208579371,-4.15));
#11870=CARTESIAN_POINT('',(-5.21837738875247,3.72158208579371,-4.05));
#11871=CARTESIAN_POINT('Origin',(-6.30138782238902,3.72158208579371,-4.05));
#11872=CARTESIAN_POINT('',(3.12430608880549,3.72158208579371,-4.05));
#11873=CARTESIAN_POINT('',(-6.30138782238902,3.72158208579371,-4.15));
#11874=CARTESIAN_POINT('Origin',(-5.11627821931368,2.49570031163214,-4.15));
#11875=CARTESIAN_POINT('Origin',(-1.35576159069449,2.00537859074831,-4.05));
#11876=CARTESIAN_POINT('',(-1.35576159069449,3.59585963223554,-4.05));
#11877=CARTESIAN_POINT('',(-1.35576159069449,2.00537859074831,-4.05));
#11878=CARTESIAN_POINT('',(-1.35576159069449,1.00268929537416,-4.05));
#11879=CARTESIAN_POINT('',(-1.35576159069449,3.59585963223554,-4.15));
#11880=CARTESIAN_POINT('',(-1.35576159069449,3.59585963223554,-4.05));
#11881=CARTESIAN_POINT('',(-1.35576159069449,2.00537859074831,-4.15));
#11882=CARTESIAN_POINT('',(-1.35576159069449,3.59585963223554,-4.15));
#11883=CARTESIAN_POINT('',(-1.35576159069449,2.00537859074831,-4.05));
#11884=CARTESIAN_POINT('Origin',(-1.02071944261109,2.00537859074831,-4.05));
#11885=CARTESIAN_POINT('',(-1.02071944261109,2.00537859074831,-4.05));
#11886=CARTESIAN_POINT('',(5.76464027869446,2.00537859074831,-4.05));
#11887=CARTESIAN_POINT('',(-1.02071944261109,2.00537859074831,-4.15));
#11888=CARTESIAN_POINT('',(-1.35576159069449,2.00537859074831,-4.15));
#11889=CARTESIAN_POINT('',(-1.02071944261109,2.00537859074831,-4.05));
#11890=CARTESIAN_POINT('Origin',(-1.02071944261109,2.45537859074831,-4.05));
#11891=CARTESIAN_POINT('',(-0.570719442611089,2.45537859074831,-4.05));
#11892=CARTESIAN_POINT('Origin',(-1.02071944261109,2.45537859074831,-4.05));
#11893=CARTESIAN_POINT('',(-0.570719442611089,2.45537859074831,-4.15));
#11894=CARTESIAN_POINT('Origin',(-1.02071944261109,2.45537859074831,-4.15));
#11895=CARTESIAN_POINT('',(-0.570719442611089,2.45537859074831,-4.05));
#11896=CARTESIAN_POINT('Origin',(-0.570719442611089,3.59585963223554,-4.05));
#11897=CARTESIAN_POINT('',(-0.570719442611089,3.59585963223554,-4.05));
#11898=CARTESIAN_POINT('',(-0.57071944261109,1.79792981611777,-4.05));
#11899=CARTESIAN_POINT('',(-0.570719442611089,3.59585963223554,-4.15));
#11900=CARTESIAN_POINT('',(-0.570719442611089,2.45537859074831,-4.15));
#11901=CARTESIAN_POINT('',(-0.570719442611089,3.59585963223554,-4.05));
#11902=CARTESIAN_POINT('Origin',(-0.720719442611088,3.59585963223554,-4.05));
#11903=CARTESIAN_POINT('',(-0.720719442611089,3.74585963223554,-4.05));
#11904=CARTESIAN_POINT('Origin',(-0.720719442611088,3.59585963223554,-4.05));
#11905=CARTESIAN_POINT('',(-0.720719442611089,3.74585963223554,-4.15));
#11906=CARTESIAN_POINT('Origin',(-0.720719442611088,3.59585963223554,-4.15));
#11907=CARTESIAN_POINT('',(-0.720719442611089,3.74585963223554,-4.05));
#11908=CARTESIAN_POINT('Origin',(-1.20576159069449,3.74585963223554,-4.05));
#11909=CARTESIAN_POINT('',(-1.20576159069449,3.74585963223554,-4.05));
#11910=CARTESIAN_POINT('',(5.67211920465276,3.74585963223553,-4.05));
#11911=CARTESIAN_POINT('',(-1.20576159069449,3.74585963223554,-4.15));
#11912=CARTESIAN_POINT('',(-0.720719442611089,3.74585963223554,-4.15));
#11913=CARTESIAN_POINT('',(-1.20576159069449,3.74585963223554,-4.05));
#11914=CARTESIAN_POINT('Origin',(-1.20576159069449,3.59585963223554,-4.05));
#11915=CARTESIAN_POINT('Origin',(-1.20576159069449,3.59585963223554,-4.05));
#11916=CARTESIAN_POINT('Origin',(-1.20576159069449,3.59585963223554,-4.15));
#11917=CARTESIAN_POINT('Origin',(-0.96324051665279,2.87561911149193,-4.15));
#11918=CARTESIAN_POINT('Origin',(2.81363899990656,2.00599232211378,-4.05));
#11919=CARTESIAN_POINT('',(2.65397541699497,2.00599232211378,-4.05));
#11920=CARTESIAN_POINT('',(2.81363899990656,2.00599232211378,-4.05));
#11921=CARTESIAN_POINT('',(7.68181949995328,2.00599232211379,-4.05));
#11922=CARTESIAN_POINT('',(2.65397541699497,2.00599232211378,-4.15));
#11923=CARTESIAN_POINT('',(2.65397541699497,2.00599232211378,-4.05));
#11924=CARTESIAN_POINT('',(2.81363899990656,2.00599232211378,-4.15));
#11925=CARTESIAN_POINT('',(2.65397541699497,2.00599232211378,-4.15));
#11926=CARTESIAN_POINT('',(2.81363899990656,2.00599232211378,-4.05));
#11927=CARTESIAN_POINT('Origin',(2.81363899990656,2.08263346240124,-4.05));
#11928=CARTESIAN_POINT('',(2.81363899990656,2.08263346240124,-4.05));
#11929=CARTESIAN_POINT('',(2.81363899990656,1.04131673120062,-4.05));
#11930=CARTESIAN_POINT('',(2.81363899990656,2.08263346240124,-4.15));
#11931=CARTESIAN_POINT('',(2.81363899990656,2.00599232211378,-4.15));
#11932=CARTESIAN_POINT('',(2.81363899990656,2.08263346240124,-4.05));
#11933=CARTESIAN_POINT('Origin',(3.95942404720405,3.15177736941127,-4.05));
#11934=CARTESIAN_POINT('',(3.95942404720405,3.15177736941127,-4.05));
#11935=CARTESIAN_POINT('',(5.46945639799588,4.56080421178893,-4.05));
#11936=CARTESIAN_POINT('',(3.95942404720405,3.15177736941127,-4.15));
#11937=CARTESIAN_POINT('',(2.81363899990656,2.08263346240124,-4.15));
#11938=CARTESIAN_POINT('',(3.95942404720405,3.15177736941127,-4.05));
#11939=CARTESIAN_POINT('Origin',(3.95942404720405,3.34715221928892,-4.05));
#11940=CARTESIAN_POINT('',(3.95942404720405,3.34715221928892,-4.05));
#11941=CARTESIAN_POINT('',(3.95942404720406,1.67357610964445,-4.05));
#11942=CARTESIAN_POINT('',(3.95942404720405,3.34715221928892,-4.15));
#11943=CARTESIAN_POINT('',(3.95942404720405,3.15177736941127,-4.15));
#11944=CARTESIAN_POINT('',(3.95942404720405,3.34715221928892,-4.05));
#11945=CARTESIAN_POINT('Origin',(3.60942404720405,3.34715221928892,-4.05));
#11946=CARTESIAN_POINT('',(3.60942404720405,3.69715221928892,-4.05));
#11947=CARTESIAN_POINT('Origin',(3.60942404720405,3.34715221928892,-4.05));
#11948=CARTESIAN_POINT('',(3.60942404720405,3.69715221928892,-4.15));
#11949=CARTESIAN_POINT('Origin',(3.60942404720405,3.34715221928892,-4.15));
#11950=CARTESIAN_POINT('',(3.60942404720405,3.69715221928892,-4.05));
#11951=CARTESIAN_POINT('Origin',(3.34629492490439,3.69715221928892,-4.05));
#11952=CARTESIAN_POINT('',(3.34629492490439,3.69715221928892,-4.05));
#11953=CARTESIAN_POINT('',(7.9481474624522,3.69715221928892,-4.05));
#11954=CARTESIAN_POINT('',(3.34629492490439,3.69715221928892,-4.15));
#11955=CARTESIAN_POINT('',(3.34629492490439,3.69715221928892,-4.15));
#11956=CARTESIAN_POINT('',(3.34629492490439,3.69715221928892,-4.05));
#11957=CARTESIAN_POINT('Origin',(3.34629492490439,3.61545626815039,-4.05));
#11958=CARTESIAN_POINT('',(3.34629492490439,3.61545626815039,-4.05));
#11959=CARTESIAN_POINT('',(3.34629492490439,1.80772813407519,-4.05));
#11960=CARTESIAN_POINT('',(3.34629492490439,3.61545626815039,-4.15));
#11961=CARTESIAN_POINT('',(3.34629492490439,3.61545626815039,-4.15));
#11962=CARTESIAN_POINT('',(3.34629492490439,3.61545626815039,-4.05));
#11963=CARTESIAN_POINT('Origin',(2.35379215818182,2.66510612858592,-4.05));
#11964=CARTESIAN_POINT('',(2.35379215818182,2.66510612858592,-4.05));
#11965=CARTESIAN_POINT('',(4.34775226778121,4.57438067368495,-4.05));
#11966=CARTESIAN_POINT('',(2.35379215818182,2.66510612858592,-4.15));
#11967=CARTESIAN_POINT('',(2.35379215818182,2.66510612858592,-4.15));
#11968=CARTESIAN_POINT('',(2.35379215818182,2.66510612858592,-4.05));
#11969=CARTESIAN_POINT('Origin',(2.30397541699497,2.53864824711161,-4.05));
#11970=CARTESIAN_POINT('',(2.30397541699497,2.53864824711161,-4.05));
#11971=CARTESIAN_POINT('',(2.55934030432286,3.18688219186702,-4.05));
#11972=CARTESIAN_POINT('',(2.30397541699497,2.53864824711161,-4.15));
#11973=CARTESIAN_POINT('',(2.30397541699497,2.53864824711161,-4.15));
#11974=CARTESIAN_POINT('',(2.30397541699497,2.53864824711161,-4.05));
#11975=CARTESIAN_POINT('Origin',(2.30397541699497,2.35599232211378,-4.05));
#11976=CARTESIAN_POINT('',(2.30397541699497,2.35599232211378,-4.05));
#11977=CARTESIAN_POINT('',(2.30397541699497,1.17799616105689,-4.05));
#11978=CARTESIAN_POINT('',(2.30397541699497,2.35599232211378,-4.15));
#11979=CARTESIAN_POINT('',(2.30397541699497,2.30872482624924,-4.15));
#11980=CARTESIAN_POINT('',(2.30397541699497,2.35599232211378,-4.05));
#11981=CARTESIAN_POINT('Origin',(2.65397541699497,2.35599232211378,-4.05));
#11982=CARTESIAN_POINT('Origin',(2.65397541699497,2.35599232211378,-4.05));
#11983=CARTESIAN_POINT('Origin',(2.65397541699497,2.35599232211378,-4.15));
#11984=CARTESIAN_POINT('Origin',(3.13169973209951,2.85157227070135,-4.15));
#11985=CARTESIAN_POINT('Origin',(4.49918959641778,3.69715221928892,-4.05));
#11986=CARTESIAN_POINT('',(5.26295627165152,3.69715221928892,-4.05));
#11987=CARTESIAN_POINT('',(4.49918959641778,3.69715221928892,-4.05));
#11988=CARTESIAN_POINT('',(8.52459479820889,3.69715221928892,-4.05));
#11989=CARTESIAN_POINT('',(5.26295627165152,3.69715221928892,-4.15));
#11990=CARTESIAN_POINT('',(5.26295627165152,3.69715221928892,-4.05));
#11991=CARTESIAN_POINT('',(4.49918959641778,3.69715221928892,-4.15));
#11992=CARTESIAN_POINT('',(4.49918959641778,3.69715221928892,-4.15));
#11993=CARTESIAN_POINT('',(4.49918959641778,3.69715221928892,-4.05));
#11994=CARTESIAN_POINT('Origin',(4.49918959641778,3.117760746462,-4.05));
#11995=CARTESIAN_POINT('',(4.49918959641778,3.117760746462,-4.05));
#11996=CARTESIAN_POINT('',(4.49918959641778,1.558880373231,-4.05));
#11997=CARTESIAN_POINT('',(4.49918959641778,3.117760746462,-4.15));
#11998=CARTESIAN_POINT('',(4.49918959641778,3.117760746462,-4.15));
#11999=CARTESIAN_POINT('',(4.49918959641778,3.117760746462,-4.05));
#12000=CARTESIAN_POINT('Origin',(4.45950373470332,3.117760746462,-4.05));
#12001=CARTESIAN_POINT('',(4.45950373470332,3.117760746462,-4.05));
#12002=CARTESIAN_POINT('',(8.50475186735166,3.117760746462,-4.05));
#12003=CARTESIAN_POINT('',(4.45950373470332,3.117760746462,-4.15));
#12004=CARTESIAN_POINT('',(4.45950373470332,3.117760746462,-4.15));
#12005=CARTESIAN_POINT('',(4.45950373470332,3.117760746462,-4.05));
#12006=CARTESIAN_POINT('Origin',(4.45950373470332,3.04921243986431,-4.05));
#12007=CARTESIAN_POINT('',(4.45950373470332,3.04921243986431,-4.05));
#12008=CARTESIAN_POINT('',(4.45950373470332,1.52460621993215,-4.05));
#12009=CARTESIAN_POINT('',(4.45950373470332,3.04921243986431,-4.15));
#12010=CARTESIAN_POINT('',(4.45950373470332,3.04921243986431,-4.15));
#12011=CARTESIAN_POINT('',(4.45950373470332,3.04921243986431,-4.05));
#12012=CARTESIAN_POINT('Origin',(4.60017351857526,3.04921243986431,-4.05));
#12013=CARTESIAN_POINT('',(4.60017351857526,3.04921243986431,-4.05));
#12014=CARTESIAN_POINT('',(8.57508675928763,3.04921243986431,-4.05));
#12015=CARTESIAN_POINT('',(4.60017351857526,3.04921243986431,-4.15));
#12016=CARTESIAN_POINT('',(4.60017351857526,3.04921243986431,-4.15));
#12017=CARTESIAN_POINT('',(4.60017351857526,3.04921243986431,-4.05));
#12018=CARTESIAN_POINT('Origin',(5.26295627165152,3.65715221928891,-4.05));
#12019=CARTESIAN_POINT('',(5.26295627165152,3.65715221928891,-4.05));
#12020=CARTESIAN_POINT('',(6.33078688055806,4.63662354956775,-4.05));
#12021=CARTESIAN_POINT('',(5.26295627165152,3.65715221928891,-4.15));
#12022=CARTESIAN_POINT('',(5.26295627165152,3.65715221928891,-4.15));
#12023=CARTESIAN_POINT('',(5.26295627165152,3.65715221928891,-4.05));
#12024=CARTESIAN_POINT('Origin',(5.26295627165152,3.69715221928892,-4.05));
#12025=CARTESIAN_POINT('',(5.26295627165152,1.84857610964446,-4.05));
#12026=CARTESIAN_POINT('',(5.26295627165152,3.69715221928892,-4.15));
#12027=CARTESIAN_POINT('Origin',(4.86123000317742,3.37318232957661,-4.15));
#12028=CARTESIAN_POINT('Origin',(3.81298562577487,2.0062775484043,-4.05));
#12029=CARTESIAN_POINT('',(3.09944365386317,2.0062775484043,-4.05));
#12030=CARTESIAN_POINT('',(3.81298562577487,2.0062775484043,-4.05));
#12031=CARTESIAN_POINT('',(8.18149281288744,2.0062775484043,-4.05));
#12032=CARTESIAN_POINT('',(3.09944365386317,2.0062775484043,-4.15));
#12033=CARTESIAN_POINT('',(3.09944365386317,2.0062775484043,-4.05));
#12034=CARTESIAN_POINT('',(3.81298562577487,2.0062775484043,-4.15));
#12035=CARTESIAN_POINT('',(3.09944365386317,2.0062775484043,-4.15));
#12036=CARTESIAN_POINT('',(3.81298562577487,2.0062775484043,-4.05));
#12037=CARTESIAN_POINT('Origin',(3.81298562577487,2.59145747245887,-4.05));
#12038=CARTESIAN_POINT('',(3.81298562577487,2.59145747245887,-4.05));
#12039=CARTESIAN_POINT('',(3.81298562577487,1.29572873622943,-4.05));
#12040=CARTESIAN_POINT('',(3.81298562577487,2.59145747245887,-4.15));
#12041=CARTESIAN_POINT('',(3.81298562577487,2.0062775484043,-4.15));
#12042=CARTESIAN_POINT('',(3.81298562577487,2.59145747245887,-4.05));
#12043=CARTESIAN_POINT('Origin',(3.69972499531269,2.59145747245887,-4.05));
#12044=CARTESIAN_POINT('',(3.69972499531269,2.59145747245887,-4.05));
#12045=CARTESIAN_POINT('',(8.12486249765635,2.59145747245887,-4.05));
#12046=CARTESIAN_POINT('',(3.69972499531269,2.59145747245887,-4.15));
#12047=CARTESIAN_POINT('',(3.81298562577487,2.59145747245887,-4.15));
#12048=CARTESIAN_POINT('',(3.69972499531269,2.59145747245887,-4.05));
#12049=CARTESIAN_POINT('Origin',(3.09944365386317,2.0062775484043,-4.05));
#12050=CARTESIAN_POINT('',(5.02086097433391,3.8793573262217,-4.05));
#12051=CARTESIAN_POINT('',(3.09944365386317,2.0062775484043,-4.15));
#12052=CARTESIAN_POINT('Origin',(3.45621463981902,2.29886751043159,-4.15));
#12053=CARTESIAN_POINT('Origin',(0.531969834633384,2.00537859074831,-4.05));
#12054=CARTESIAN_POINT('',(0.227837561479515,2.00537859074831,-4.05));
#12055=CARTESIAN_POINT('',(0.531969834633384,2.00537859074831,-4.05));
#12056=CARTESIAN_POINT('',(6.54098491731669,2.00537859074831,-4.05));
#12057=CARTESIAN_POINT('',(0.227837561479515,2.00537859074831,-4.15));
#12058=CARTESIAN_POINT('',(0.227837561479515,2.00537859074831,-4.05));
#12059=CARTESIAN_POINT('',(0.531969834633384,2.00537859074831,-4.15));
#12060=CARTESIAN_POINT('',(0.227837561479515,2.00537859074831,-4.15));
#12061=CARTESIAN_POINT('',(0.531969834633384,2.00537859074831,-4.05));
#12062=CARTESIAN_POINT('Origin',(0.531969834633383,2.10537859074832,-4.05));
#12063=CARTESIAN_POINT('',(0.591407621861233,2.02496000179366,-4.05));
#12064=CARTESIAN_POINT('Origin',(0.531969834633383,2.10537859074832,-4.05));
#12065=CARTESIAN_POINT('',(0.591407621861233,2.02496000179366,-4.15));
#12066=CARTESIAN_POINT('Origin',(0.531969834633383,2.10537859074832,-4.15));
#12067=CARTESIAN_POINT('',(0.591407621861233,2.02496000179366,-4.05));
#12068=CARTESIAN_POINT('Origin',(0.37990369805645,2.3111221875687,-4.05));
#12069=CARTESIAN_POINT('',(0.168399774251667,2.02496000179366,-4.05));
#12070=CARTESIAN_POINT('Origin',(0.37990369805645,2.3111221875687,-4.05));
#12071=CARTESIAN_POINT('',(0.168399774251667,2.02496000179366,-4.15));
#12072=CARTESIAN_POINT('Origin',(0.37990369805645,2.3111221875687,-4.15));
#12073=CARTESIAN_POINT('',(0.168399774251667,2.02496000179366,-4.05));
#12074=CARTESIAN_POINT('Origin',(0.227837561479516,2.10537859074831,-4.05));
#12075=CARTESIAN_POINT('Origin',(0.227837561479516,2.10537859074831,-4.05));
#12076=CARTESIAN_POINT('Origin',(0.227837561479516,2.10537859074831,-4.15));
#12077=CARTESIAN_POINT('Origin',(0.37990369805645,2.33617081122436,-4.15));
#12078=CARTESIAN_POINT('Origin',(-2.68850756302212,2.00537859074831,-4.05));
#12079=CARTESIAN_POINT('',(-3.46746411305837,2.00537859074831,-4.05));
#12080=CARTESIAN_POINT('',(-2.68850756302212,2.00537859074831,-4.05));
#12081=CARTESIAN_POINT('',(4.93074621848894,2.00537859074831,-4.05));
#12082=CARTESIAN_POINT('',(-3.46746411305837,2.00537859074831,-4.15));
#12083=CARTESIAN_POINT('',(-3.46746411305837,2.00537859074831,-4.05));
#12084=CARTESIAN_POINT('',(-2.68850756302212,2.00537859074831,-4.15));
#12085=CARTESIAN_POINT('',(-3.46746411305837,2.00537859074831,-4.15));
#12086=CARTESIAN_POINT('',(-2.68850756302212,2.00537859074831,-4.05));
#12087=CARTESIAN_POINT('Origin',(-2.68850756302212,3.59585963223554,-4.05));
#12088=CARTESIAN_POINT('',(-2.68850756302212,3.59585963223554,-4.05));
#12089=CARTESIAN_POINT('',(-2.68850756302212,1.79792981611777,-4.05));
#12090=CARTESIAN_POINT('',(-2.68850756302212,3.59585963223554,-4.15));
#12091=CARTESIAN_POINT('',(-2.68850756302212,2.00537859074831,-4.15));
#12092=CARTESIAN_POINT('',(-2.68850756302212,3.59585963223554,-4.05));
#12093=CARTESIAN_POINT('Origin',(-2.83850756302212,3.59585963223554,-4.05));
#12094=CARTESIAN_POINT('',(-2.83850756302212,3.74585963223554,-4.05));
#12095=CARTESIAN_POINT('Origin',(-2.83850756302212,3.59585963223554,-4.05));
#12096=CARTESIAN_POINT('',(-2.83850756302212,3.74585963223554,-4.15));
#12097=CARTESIAN_POINT('Origin',(-2.83850756302212,3.59585963223554,-4.15));
#12098=CARTESIAN_POINT('',(-2.83850756302212,3.74585963223554,-4.05));
#12099=CARTESIAN_POINT('Origin',(-3.31746411305837,3.74585963223554,-4.05));
#12100=CARTESIAN_POINT('',(-3.31746411305837,3.74585963223554,-4.05));
#12101=CARTESIAN_POINT('',(4.61626794347082,3.74585963223554,-4.05));
#12102=CARTESIAN_POINT('',(-3.31746411305837,3.74585963223554,-4.15));
#12103=CARTESIAN_POINT('',(-2.83850756302212,3.74585963223554,-4.15));
#12104=CARTESIAN_POINT('',(-3.31746411305837,3.74585963223554,-4.05));
#12105=CARTESIAN_POINT('Origin',(-3.31746411305837,3.59585963223554,-4.05));
#12106=CARTESIAN_POINT('',(-3.46746411305837,3.59585963223554,-4.05));
#12107=CARTESIAN_POINT('Origin',(-3.31746411305837,3.59585963223554,-4.05));
#12108=CARTESIAN_POINT('',(-3.46746411305837,3.59585963223554,-4.15));
#12109=CARTESIAN_POINT('Origin',(-3.31746411305837,3.59585963223554,-4.15));
#12110=CARTESIAN_POINT('',(-3.46746411305837,3.59585963223554,-4.05));
#12111=CARTESIAN_POINT('Origin',(-3.46746411305837,2.00537859074831,-4.05));
#12112=CARTESIAN_POINT('',(-3.46746411305837,1.00268929537415,-4.05));
#12113=CARTESIAN_POINT('',(-3.46746411305837,3.59585963223554,-4.15));
#12114=CARTESIAN_POINT('Origin',(-3.07798583804025,2.87561911149193,-4.15));
#12115=CARTESIAN_POINT('Origin',(-1.64178469891092,2.00537859074831,-4.05));
#12116=CARTESIAN_POINT('',(-2.40248445480569,2.00537859074831,-4.05));
#12117=CARTESIAN_POINT('',(-1.64178469891092,2.00537859074831,-4.05));
#12118=CARTESIAN_POINT('',(5.45410765054454,2.00537859074831,-4.05));
#12119=CARTESIAN_POINT('',(-2.40248445480569,2.00537859074831,-4.15));
#12120=CARTESIAN_POINT('',(-2.40248445480569,2.00537859074831,-4.05));
#12121=CARTESIAN_POINT('',(-1.64178469891092,2.00537859074831,-4.15));
#12122=CARTESIAN_POINT('',(-2.40248445480569,2.00537859074831,-4.15));
#12123=CARTESIAN_POINT('',(-1.64178469891092,2.00537859074831,-4.05));
#12124=CARTESIAN_POINT('Origin',(-1.64178469891092,3.59585963223554,-4.05));
#12125=CARTESIAN_POINT('',(-1.64178469891092,3.59585963223554,-4.05));
#12126=CARTESIAN_POINT('',(-1.64178469891092,1.79792981611777,-4.05));
#12127=CARTESIAN_POINT('',(-1.64178469891092,3.59585963223554,-4.15));
#12128=CARTESIAN_POINT('',(-1.64178469891092,2.00537859074831,-4.15));
#12129=CARTESIAN_POINT('',(-1.64178469891092,3.59585963223554,-4.05));
#12130=CARTESIAN_POINT('Origin',(-1.79178469891092,3.59585963223554,-4.05));
#12131=CARTESIAN_POINT('',(-1.79178469891092,3.74585963223554,-4.05));
#12132=CARTESIAN_POINT('Origin',(-1.79178469891092,3.59585963223554,-4.05));
#12133=CARTESIAN_POINT('',(-1.79178469891092,3.74585963223554,-4.15));
#12134=CARTESIAN_POINT('Origin',(-1.79178469891092,3.59585963223554,-4.15));
#12135=CARTESIAN_POINT('',(-1.79178469891092,3.74585963223554,-4.05));
#12136=CARTESIAN_POINT('Origin',(-2.25248445480569,3.74585963223554,-4.05));
#12137=CARTESIAN_POINT('',(-2.25248445480569,3.74585963223554,-4.05));
#12138=CARTESIAN_POINT('',(5.14875777259716,3.74585963223554,-4.05));
#12139=CARTESIAN_POINT('',(-2.25248445480569,3.74585963223554,-4.15));
#12140=CARTESIAN_POINT('',(-1.79178469891092,3.74585963223554,-4.15));
#12141=CARTESIAN_POINT('',(-2.25248445480569,3.74585963223554,-4.05));
#12142=CARTESIAN_POINT('Origin',(-2.25248445480569,3.59585963223554,-4.05));
#12143=CARTESIAN_POINT('',(-2.40248445480569,3.59585963223554,-4.05));
#12144=CARTESIAN_POINT('Origin',(-2.25248445480569,3.59585963223554,-4.05));
#12145=CARTESIAN_POINT('',(-2.40248445480569,3.59585963223554,-4.15));
#12146=CARTESIAN_POINT('Origin',(-2.25248445480569,3.59585963223554,-4.15));
#12147=CARTESIAN_POINT('',(-2.40248445480569,3.59585963223554,-4.05));
#12148=CARTESIAN_POINT('Origin',(-2.40248445480569,2.00537859074831,-4.05));
#12149=CARTESIAN_POINT('',(-2.40248445480569,1.00268929537416,-4.05));
#12150=CARTESIAN_POINT('',(-2.40248445480569,3.59585963223554,-4.15));
#12151=CARTESIAN_POINT('Origin',(-2.02213457685831,2.87561911149193,-4.15));
#12152=CARTESIAN_POINT('Origin',(0.825316234425085,1.98705945234498,-4.05));
#12153=CARTESIAN_POINT('',(0.932365447515273,2.08650840393132,-4.05));
#12154=CARTESIAN_POINT('',(0.825316234425085,1.98705945234498,-4.05));
#12155=CARTESIAN_POINT('',(3.47654071292873,4.45005275417415,-4.05));
#12156=CARTESIAN_POINT('',(0.932365447515273,2.08650840393132,-4.15));
#12157=CARTESIAN_POINT('',(0.932365447515273,2.08650840393132,-4.05));
#12158=CARTESIAN_POINT('',(0.825316234425085,1.98705945234498,-4.15));
#12159=CARTESIAN_POINT('',(0.932365447515273,2.08650840393132,-4.15));
#12160=CARTESIAN_POINT('',(0.825316234425085,1.98705945234498,-4.05));
#12161=CARTESIAN_POINT('Origin',(0.835525542566486,1.97606991062233,-4.05));
#12162=CARTESIAN_POINT('',(0.835525542566485,1.96106991062233,-4.05));
#12163=CARTESIAN_POINT('Origin',(0.835525542566486,1.97606991062233,-4.05));
#12164=CARTESIAN_POINT('',(0.835525542566485,1.96106991062233,-4.15));
#12165=CARTESIAN_POINT('Origin',(0.835525542566486,1.97606991062233,-4.15));
#12166=CARTESIAN_POINT('',(0.835525542566485,1.96106991062233,-4.05));
#12167=CARTESIAN_POINT('Origin',(1.18649192450113,1.96106991062233,-4.05));
#12168=CARTESIAN_POINT('',(1.18649192450113,1.96106991062233,-4.05));
#12169=CARTESIAN_POINT('',(6.86824596225057,1.96106991062233,-4.05));
#12170=CARTESIAN_POINT('',(1.18649192450113,1.96106991062233,-4.15));
#12171=CARTESIAN_POINT('',(1.18649192450113,1.96106991062233,-4.15));
#12172=CARTESIAN_POINT('',(1.18649192450113,1.96106991062233,-4.05));
#12173=CARTESIAN_POINT('Origin',(1.18649192450113,2.51706991062233,-4.05));
#12174=CARTESIAN_POINT('',(1.74249192450113,2.51706991062233,-4.05));
#12175=CARTESIAN_POINT('Origin',(1.18649192450113,2.51706991062233,-4.05));
#12176=CARTESIAN_POINT('',(1.74249192450113,2.51706991062233,-4.15));
#12177=CARTESIAN_POINT('Origin',(1.18649192450113,2.51706991062233,-4.15));
#12178=CARTESIAN_POINT('',(1.74249192450113,2.51706991062233,-4.05));
#12179=CARTESIAN_POINT('Origin',(1.74249192450113,3.69715221928892,-4.05));
#12180=CARTESIAN_POINT('',(1.74249192450113,3.69715221928892,-4.05));
#12181=CARTESIAN_POINT('',(1.74249192450113,1.84857610964446,-4.05));
#12182=CARTESIAN_POINT('',(1.74249192450113,3.69715221928892,-4.15));
#12183=CARTESIAN_POINT('',(1.74249192450113,3.69715221928892,-4.15));
#12184=CARTESIAN_POINT('',(1.74249192450113,3.69715221928892,-4.05));
#12185=CARTESIAN_POINT('Origin',(0.991333220196215,3.69715221928892,-4.05));
#12186=CARTESIAN_POINT('',(0.991333220196215,3.69715221928892,-4.05));
#12187=CARTESIAN_POINT('',(6.77066661009811,3.69715221928892,-4.05));
#12188=CARTESIAN_POINT('',(0.991333220196215,3.69715221928892,-4.15));
#12189=CARTESIAN_POINT('',(0.991333220196215,3.69715221928892,-4.15));
#12190=CARTESIAN_POINT('',(0.991333220196215,3.69715221928892,-4.05));
#12191=CARTESIAN_POINT('Origin',(0.991333220196215,2.20671194055016,-4.05));
#12192=CARTESIAN_POINT('',(0.991333220196215,2.20671194055016,-4.05));
#12193=CARTESIAN_POINT('',(0.991333220196216,1.10335597027508,-4.05));
#12194=CARTESIAN_POINT('',(0.991333220196215,2.20671194055016,-4.15));
#12195=CARTESIAN_POINT('',(0.991333220196215,2.20671194055016,-4.15));
#12196=CARTESIAN_POINT('',(0.991333220196215,2.20671194055016,-4.05));
#12197=CARTESIAN_POINT('Origin',(0.932365447515273,2.08650840393132,-4.05));
#12198=CARTESIAN_POINT('',(1.64661399512823,3.54247659714235,-4.05));
#12199=CARTESIAN_POINT('',(0.932365447515273,2.08650840393132,-4.15));
#12200=CARTESIAN_POINT('Origin',(1.28150873353381,2.82911106495562,-4.15));
#12201=CARTESIAN_POINT('Origin',(4.96363899990656,2.00599232211378,-4.05));
#12202=CARTESIAN_POINT('',(4.80397541699497,2.00599232211378,-4.05));
#12203=CARTESIAN_POINT('',(4.96363899990656,2.00599232211378,-4.05));
#12204=CARTESIAN_POINT('',(8.75681949995328,2.00599232211379,-4.05));
#12205=CARTESIAN_POINT('',(4.80397541699497,2.00599232211378,-4.15));
#12206=CARTESIAN_POINT('',(4.80397541699497,2.00599232211378,-4.05));
#12207=CARTESIAN_POINT('',(4.96363899990656,2.00599232211378,-4.15));
#12208=CARTESIAN_POINT('',(4.80397541699497,2.00599232211378,-4.15));
#12209=CARTESIAN_POINT('',(4.96363899990656,2.00599232211378,-4.05));
#12210=CARTESIAN_POINT('Origin',(4.96363899990656,2.08263346240124,-4.05));
#12211=CARTESIAN_POINT('',(4.96363899990656,2.08263346240124,-4.05));
#12212=CARTESIAN_POINT('',(4.96363899990656,1.04131673120062,-4.05));
#12213=CARTESIAN_POINT('',(4.96363899990656,2.08263346240124,-4.15));
#12214=CARTESIAN_POINT('',(4.96363899990656,2.00599232211378,-4.15));
#12215=CARTESIAN_POINT('',(4.96363899990656,2.08263346240124,-4.05));
#12216=CARTESIAN_POINT('Origin',(6.10942404720405,3.15177736941127,-4.05));
#12217=CARTESIAN_POINT('',(6.10942404720405,3.15177736941127,-4.05));
#12218=CARTESIAN_POINT('',(7.04480364928443,4.02458977402808,-4.05));
#12219=CARTESIAN_POINT('',(6.10942404720405,3.15177736941127,-4.15));
#12220=CARTESIAN_POINT('',(4.96363899990656,2.08263346240124,-4.15));
#12221=CARTESIAN_POINT('',(6.10942404720405,3.15177736941127,-4.05));
#12222=CARTESIAN_POINT('Origin',(6.10942404720405,3.34715221928892,-4.05));
#12223=CARTESIAN_POINT('',(6.10942404720405,3.34715221928892,-4.05));
#12224=CARTESIAN_POINT('',(6.10942404720406,1.67357610964444,-4.05));
#12225=CARTESIAN_POINT('',(6.10942404720405,3.34715221928892,-4.15));
#12226=CARTESIAN_POINT('',(6.10942404720405,3.15177736941127,-4.15));
#12227=CARTESIAN_POINT('',(6.10942404720405,3.34715221928892,-4.05));
#12228=CARTESIAN_POINT('Origin',(5.75942404720405,3.34715221928892,-4.05));
#12229=CARTESIAN_POINT('',(5.75942404720405,3.69715221928892,-4.05));
#12230=CARTESIAN_POINT('Origin',(5.75942404720405,3.34715221928892,-4.05));
#12231=CARTESIAN_POINT('',(5.75942404720405,3.69715221928892,-4.15));
#12232=CARTESIAN_POINT('Origin',(5.75942404720405,3.34715221928892,-4.15));
#12233=CARTESIAN_POINT('',(5.75942404720405,3.69715221928892,-4.05));
#12234=CARTESIAN_POINT('Origin',(5.49629492490439,3.69715221928892,-4.05));
#12235=CARTESIAN_POINT('',(5.49629492490439,3.69715221928892,-4.05));
#12236=CARTESIAN_POINT('',(9.0231474624522,3.69715221928892,-4.05));
#12237=CARTESIAN_POINT('',(5.49629492490439,3.69715221928892,-4.15));
#12238=CARTESIAN_POINT('',(5.49629492490439,3.69715221928892,-4.15));
#12239=CARTESIAN_POINT('',(5.49629492490439,3.69715221928892,-4.05));
#12240=CARTESIAN_POINT('Origin',(5.49629492490439,3.61545626815039,-4.05));
#12241=CARTESIAN_POINT('',(5.49629492490439,3.61545626815039,-4.05));
#12242=CARTESIAN_POINT('',(5.49629492490439,1.80772813407519,-4.05));
#12243=CARTESIAN_POINT('',(5.49629492490439,3.61545626815039,-4.15));
#12244=CARTESIAN_POINT('',(5.49629492490439,3.61545626815039,-4.15));
#12245=CARTESIAN_POINT('',(5.49629492490439,3.61545626815039,-4.05));
#12246=CARTESIAN_POINT('Origin',(4.50379215818182,2.66510612858592,-4.05));
#12247=CARTESIAN_POINT('',(4.50379215818182,2.66510612858592,-4.05));
#12248=CARTESIAN_POINT('',(5.93693977021151,4.03738646751782,-4.05));
#12249=CARTESIAN_POINT('',(4.50379215818182,2.66510612858592,-4.15));
#12250=CARTESIAN_POINT('',(4.50379215818182,2.66510612858592,-4.15));
#12251=CARTESIAN_POINT('',(4.50379215818182,2.66510612858592,-4.05));
#12252=CARTESIAN_POINT('Origin',(4.45397541699497,2.53864824711161,-4.05));
#12253=CARTESIAN_POINT('',(4.45397541699497,2.53864824711161,-4.05));
#12254=CARTESIAN_POINT('',(4.56492456505418,2.820288392185,-4.05));
#12255=CARTESIAN_POINT('',(4.45397541699497,2.53864824711161,-4.15));
#12256=CARTESIAN_POINT('',(4.45397541699497,2.53864824711161,-4.15));
#12257=CARTESIAN_POINT('',(4.45397541699497,2.53864824711161,-4.05));
#12258=CARTESIAN_POINT('Origin',(4.45397541699497,2.35599232211378,-4.05));
#12259=CARTESIAN_POINT('',(4.45397541699497,2.35599232211378,-4.05));
#12260=CARTESIAN_POINT('',(4.45397541699497,1.17799616105689,-4.05));
#12261=CARTESIAN_POINT('',(4.45397541699497,2.35599232211378,-4.15));
#12262=CARTESIAN_POINT('',(4.45397541699497,2.30872482624924,-4.15));
#12263=CARTESIAN_POINT('',(4.45397541699497,2.35599232211378,-4.05));
#12264=CARTESIAN_POINT('Origin',(4.80397541699497,2.35599232211378,-4.05));
#12265=CARTESIAN_POINT('Origin',(4.80397541699497,2.35599232211378,-4.05));
#12266=CARTESIAN_POINT('Origin',(4.80397541699497,2.35599232211378,-4.15));
#12267=CARTESIAN_POINT('Origin',(5.28169973209951,2.85157227070135,-4.15));
#12268=CARTESIAN_POINT('Origin',(3.84999991953373,11.05,-0.5));
#12269=CARTESIAN_POINT('',(3.59999991953373,11.05,-1.));
#12270=CARTESIAN_POINT('',(3.84999991953373,10.8,-0.968245836551854));
#12271=CARTESIAN_POINT('Ctrl Pts',(3.59999991953373,11.05,-1.));
#12272=CARTESIAN_POINT('Ctrl Pts',(3.59999991953373,11.0185962817445,-1.));
#12273=CARTESIAN_POINT('Ctrl Pts',(3.6062793678824,10.9851019026705,-1.00006174279249));
#12274=CARTESIAN_POINT('Ctrl Pts',(3.63180284579649,10.9235029371101,-0.999575657523862));
#12275=CARTESIAN_POINT('Ctrl Pts',(3.65104730711726,10.8953992218232,-0.99894373537305));
#12276=CARTESIAN_POINT('Ctrl Pts',(3.69568979217054,10.8507567367699,-0.99566606641684));
#12277=CARTESIAN_POINT('Ctrl Pts',(3.72412475646528,10.8314364845232,-0.992758855254072));
#12278=CARTESIAN_POINT('Ctrl Pts',(3.78588697786064,10.8060653856896,-0.983068218352891));
#12279=CARTESIAN_POINT('Ctrl Pts',(3.81919487407734,10.8,-0.976199665087304));
#12280=CARTESIAN_POINT('Ctrl Pts',(3.84999991953373,10.8,-0.968245836551854));
#12281=CARTESIAN_POINT('',(3.84999991953373,10.8,-1.37749773139559));
#12282=CARTESIAN_POINT('',(3.84999991953373,10.8,-0.5));
#12283=CARTESIAN_POINT('',(3.59999991953373,11.05,-1.39999996870756));
#12284=CARTESIAN_POINT('Ctrl Pts',(3.84999991953373,10.8,-1.37749773139559));
#12285=CARTESIAN_POINT('Ctrl Pts',(3.81890413872769,10.8,-1.38314125807758));
#12286=CARTESIAN_POINT('Ctrl Pts',(3.78550846066164,10.8061685781765,-1.38800195151665));
#12287=CARTESIAN_POINT('Ctrl Pts',(3.72382914783862,10.8316107885377,-1.39485811402785));
#12288=CARTESIAN_POINT('Ctrl Pts',(3.69555514067129,10.8508913882692,-1.3969142000134));
#12289=CARTESIAN_POINT('Ctrl Pts',(3.6510372182109,10.8954093107296,-1.39924578369329));
#12290=CARTESIAN_POINT('Ctrl Pts',(3.63179494380004,10.9235170640237,-1.39969707636817));
#12291=CARTESIAN_POINT('Ctrl Pts',(3.60627640421346,10.9851140013171,-1.40004408313329));
#12292=CARTESIAN_POINT('Ctrl Pts',(3.59999991953373,11.0186027405158,-1.4));
#12293=CARTESIAN_POINT('Ctrl Pts',(3.59999991953373,11.05,-1.4));
#12294=CARTESIAN_POINT('',(3.59999991953373,11.05,-0.5));
#12295=CARTESIAN_POINT('Origin',(3.59999991953373,10.8,0.));
#12296=CARTESIAN_POINT('',(4.59999991953373,10.8,-1.22464679914735E-16));
#12297=CARTESIAN_POINT('Origin',(3.59999991953373,10.8,0.));
#12298=CARTESIAN_POINT('',(3.84999991953373,10.8,0.968245836551854));
#12299=CARTESIAN_POINT('Origin',(3.59999991953373,10.8,0.));
#12300=CARTESIAN_POINT('',(3.84999991953373,10.8,1.37749773139559));
#12301=CARTESIAN_POINT('',(3.84999991953373,10.8,0.7));
#12302=CARTESIAN_POINT('',(4.99999991953373,10.8,-1.71450551880629E-16));
#12303=CARTESIAN_POINT('Origin',(3.59999991953373,10.8,0.));
#12304=CARTESIAN_POINT('Origin',(3.59999991953373,10.8,0.));
#12305=CARTESIAN_POINT('Origin',(3.84999991953373,11.05,0.7));
#12306=CARTESIAN_POINT('',(3.59999991953373,11.05,1.));
#12307=CARTESIAN_POINT('Ctrl Pts',(3.84999991953373,10.8,0.968245836551854));
#12308=CARTESIAN_POINT('Ctrl Pts',(3.81919487407734,10.8,0.976199665087304));
#12309=CARTESIAN_POINT('Ctrl Pts',(3.78588697786064,10.8060653856896,0.983068218352891));
#12310=CARTESIAN_POINT('Ctrl Pts',(3.72412475646528,10.8314364845232,0.992758855254072));
#12311=CARTESIAN_POINT('Ctrl Pts',(3.69568979217054,10.8507567367699,0.99566606641684));
#12312=CARTESIAN_POINT('Ctrl Pts',(3.65104730711726,10.8953992218232,0.99894373537305));
#12313=CARTESIAN_POINT('Ctrl Pts',(3.63180284579649,10.9235029371101,0.999575657523862));
#12314=CARTESIAN_POINT('Ctrl Pts',(3.6062793678824,10.9851019026705,1.00006174279249));
#12315=CARTESIAN_POINT('Ctrl Pts',(3.59999991953373,11.0185962817445,1.));
#12316=CARTESIAN_POINT('Ctrl Pts',(3.59999991953373,11.05,1.));
#12317=CARTESIAN_POINT('',(3.59999991953373,11.05,1.4));
#12318=CARTESIAN_POINT('',(3.59999991953373,11.05,0.7));
#12319=CARTESIAN_POINT('Ctrl Pts',(3.59999991953373,11.05,1.4));
#12320=CARTESIAN_POINT('Ctrl Pts',(3.59999991953373,11.0186027405158,1.4));
#12321=CARTESIAN_POINT('Ctrl Pts',(3.60627640421346,10.9851140013171,1.40004408313329));
#12322=CARTESIAN_POINT('Ctrl Pts',(3.63179494380004,10.9235170640237,1.39969707636817));
#12323=CARTESIAN_POINT('Ctrl Pts',(3.6510372182109,10.8954093107296,1.39924578369329));
#12324=CARTESIAN_POINT('Ctrl Pts',(3.69555514067129,10.8508913882692,1.3969142000134));
#12325=CARTESIAN_POINT('Ctrl Pts',(3.72382914783862,10.8316107885377,1.39485811402785));
#12326=CARTESIAN_POINT('Ctrl Pts',(3.78550846066164,10.8061685781765,1.38800195151665));
#12327=CARTESIAN_POINT('Ctrl Pts',(3.81890413872769,10.8,1.38314125807758));
#12328=CARTESIAN_POINT('Ctrl Pts',(3.84999991953373,10.8,1.37749773139559));
#12329=CARTESIAN_POINT('Origin',(3.59999991953373,10.8,1.4));
#12330=CARTESIAN_POINT('',(3.59999991953373,13.55,1.));
#12331=CARTESIAN_POINT('',(3.59999991953373,10.8,1.));
#12332=CARTESIAN_POINT('',(3.59999991953373,13.55,1.4));
#12333=CARTESIAN_POINT('',(3.59999991953373,13.55,0.7));
#12334=CARTESIAN_POINT('',(3.59999991953373,10.8,1.4));
#12335=CARTESIAN_POINT('Origin',(-3.84999991953373,11.05,0.5));
#12336=CARTESIAN_POINT('',(-3.59999991953373,11.05,1.));
#12337=CARTESIAN_POINT('',(-3.84999991953373,10.8,0.968245836551854));
#12338=CARTESIAN_POINT('Ctrl Pts',(-3.59999991953373,11.05,1.));
#12339=CARTESIAN_POINT('Ctrl Pts',(-3.59999991953373,11.0185962817445,1.));
#12340=CARTESIAN_POINT('Ctrl Pts',(-3.6062793678824,10.9851019026705,1.00006174279249));
#12341=CARTESIAN_POINT('Ctrl Pts',(-3.63180284579649,10.9235029371101,0.999575657523862));
#12342=CARTESIAN_POINT('Ctrl Pts',(-3.65104730711726,10.8953992218232,0.99894373537305));
#12343=CARTESIAN_POINT('Ctrl Pts',(-3.69568979217054,10.8507567367699,0.99566606641684));
#12344=CARTESIAN_POINT('Ctrl Pts',(-3.72412475646528,10.8314364845232,0.992758855254072));
#12345=CARTESIAN_POINT('Ctrl Pts',(-3.78588697786064,10.8060653856896,0.983068218352891));
#12346=CARTESIAN_POINT('Ctrl Pts',(-3.81919487407734,10.8,0.976199665087304));
#12347=CARTESIAN_POINT('Ctrl Pts',(-3.84999991953373,10.8,0.968245836551854));
#12348=CARTESIAN_POINT('',(-3.84999991953373,10.8,1.37749773139559));
#12349=CARTESIAN_POINT('',(-3.84999991953373,10.8,0.5));
#12350=CARTESIAN_POINT('',(-3.59999991953373,11.05,1.4));
#12351=CARTESIAN_POINT('Ctrl Pts',(-3.84999991953373,10.8,1.37749773139559));
#12352=CARTESIAN_POINT('Ctrl Pts',(-3.81890413872769,10.8,1.38314125807758));
#12353=CARTESIAN_POINT('Ctrl Pts',(-3.78550846066164,10.8061685781765,1.38800195151665));
#12354=CARTESIAN_POINT('Ctrl Pts',(-3.72382914783862,10.8316107885377,1.39485811402785));
#12355=CARTESIAN_POINT('Ctrl Pts',(-3.69555514067129,10.8508913882692,1.3969142000134));
#12356=CARTESIAN_POINT('Ctrl Pts',(-3.6510372182109,10.8954093107296,1.39924578369329));
#12357=CARTESIAN_POINT('Ctrl Pts',(-3.63179494380004,10.9235170640237,1.39969707636817));
#12358=CARTESIAN_POINT('Ctrl Pts',(-3.60627640421346,10.9851140013171,1.40004408313329));
#12359=CARTESIAN_POINT('Ctrl Pts',(-3.59999991953373,11.0186027405158,1.4));
#12360=CARTESIAN_POINT('Ctrl Pts',(-3.59999991953373,11.05,1.4));
#12361=CARTESIAN_POINT('',(-3.59999991953373,11.05,0.5));
#12362=CARTESIAN_POINT('Origin',(-3.59999991953373,10.8,0.));
#12363=CARTESIAN_POINT('',(-3.84999991953373,10.8,-0.968245836551854));
#12364=CARTESIAN_POINT('Origin',(-3.59999991953373,10.8,0.));
#12365=CARTESIAN_POINT('',(-3.84999991953373,10.8,-1.37749773139559));
#12366=CARTESIAN_POINT('',(-3.84999991953373,10.8,-0.699999984353781));
#12367=CARTESIAN_POINT('Origin',(-3.59999991953373,10.8,0.));
#12368=CARTESIAN_POINT('Origin',(-3.84999991953373,11.05,-0.699999984353781));
#12369=CARTESIAN_POINT('',(-3.59999991953373,11.05,-1.));
#12370=CARTESIAN_POINT('Ctrl Pts',(-3.84999991953373,10.8,-0.968245836551854));
#12371=CARTESIAN_POINT('Ctrl Pts',(-3.81919487407734,10.8,-0.976199665087304));
#12372=CARTESIAN_POINT('Ctrl Pts',(-3.78588697786064,10.8060653856896,-0.983068218352891));
#12373=CARTESIAN_POINT('Ctrl Pts',(-3.72412475646528,10.8314364845232,-0.992758855254072));
#12374=CARTESIAN_POINT('Ctrl Pts',(-3.69568979217054,10.8507567367699,-0.99566606641684));
#12375=CARTESIAN_POINT('Ctrl Pts',(-3.65104730711726,10.8953992218232,-0.99894373537305));
#12376=CARTESIAN_POINT('Ctrl Pts',(-3.63180284579649,10.9235029371101,-0.999575657523862));
#12377=CARTESIAN_POINT('Ctrl Pts',(-3.6062793678824,10.9851019026705,-1.00006174279249));
#12378=CARTESIAN_POINT('Ctrl Pts',(-3.59999991953373,11.0185962817445,-1.));
#12379=CARTESIAN_POINT('Ctrl Pts',(-3.59999991953373,11.05,-1.));
#12380=CARTESIAN_POINT('',(-3.59999991953373,11.05,-1.39999996870756));
#12381=CARTESIAN_POINT('',(-3.59999991953373,11.05,-0.699999984353781));
#12382=CARTESIAN_POINT('Ctrl Pts',(-3.59999991953373,11.05,-1.4));
#12383=CARTESIAN_POINT('Ctrl Pts',(-3.59999991953373,11.0186027405158,-1.4));
#12384=CARTESIAN_POINT('Ctrl Pts',(-3.60627640421346,10.9851140013171,-1.40004408313329));
#12385=CARTESIAN_POINT('Ctrl Pts',(-3.63179494380004,10.9235170640237,-1.39969707636817));
#12386=CARTESIAN_POINT('Ctrl Pts',(-3.6510372182109,10.8954093107296,-1.39924578369329));
#12387=CARTESIAN_POINT('Ctrl Pts',(-3.69555514067129,10.8508913882692,-1.3969142000134));
#12388=CARTESIAN_POINT('Ctrl Pts',(-3.72382914783862,10.8316107885377,-1.39485811402785));
#12389=CARTESIAN_POINT('Ctrl Pts',(-3.78550846066164,10.8061685781765,-1.38800195151665));
#12390=CARTESIAN_POINT('Ctrl Pts',(-3.81890413872769,10.8,-1.38314125807758));
#12391=CARTESIAN_POINT('Ctrl Pts',(-3.84999991953373,10.8,-1.37749773139559));
#12392=CARTESIAN_POINT('Origin',(-3.59999991953373,10.8,-1.39999996870756));
#12393=CARTESIAN_POINT('',(-3.59999991953373,13.55,-1.));
#12394=CARTESIAN_POINT('',(-3.59999991953373,10.8,-1.));
#12395=CARTESIAN_POINT('',(-3.59999991953373,13.55,-1.39999996870756));
#12396=CARTESIAN_POINT('',(-3.59999991953373,13.55,-0.699999984353781));
#12397=CARTESIAN_POINT('',(-3.59999991953373,10.8,-1.39999996870756));
#12398=CARTESIAN_POINT('Origin',(-3.34999991953373,13.55,0.5));
#12399=CARTESIAN_POINT('',(-3.59999991953373,13.55,1.4));
#12400=CARTESIAN_POINT('',(-3.34999991953373,13.8,1.37749773139559));
#12401=CARTESIAN_POINT('Ctrl Pts',(-3.59999991953373,13.55,1.4));
#12402=CARTESIAN_POINT('Ctrl Pts',(-3.59999991953373,13.5813972594842,1.4));
#12403=CARTESIAN_POINT('Ctrl Pts',(-3.593723434854,13.6148859986829,1.40004408313329));
#12404=CARTESIAN_POINT('Ctrl Pts',(-3.56820489526742,13.6764829359763,1.39969707636817));
#12405=CARTESIAN_POINT('Ctrl Pts',(-3.54896262085655,13.7045906892705,1.39924578369329));
#12406=CARTESIAN_POINT('Ctrl Pts',(-3.50444469839617,13.7491086117308,1.3969142000134));
#12407=CARTESIAN_POINT('Ctrl Pts',(-3.47617069122884,13.7683892114623,1.39485811402785));
#12408=CARTESIAN_POINT('Ctrl Pts',(-3.41449137840582,13.7938314218235,1.38800195151665));
#12409=CARTESIAN_POINT('Ctrl Pts',(-3.38109570033977,13.8,1.38314125807758));
#12410=CARTESIAN_POINT('Ctrl Pts',(-3.34999991953373,13.8,1.37749773139559));
#12411=CARTESIAN_POINT('',(-3.34999991953373,13.8,0.968245836551854));
#12412=CARTESIAN_POINT('',(-3.34999991953373,13.8,0.5));
#12413=CARTESIAN_POINT('',(-3.59999991953373,13.55,1.));
#12414=CARTESIAN_POINT('Ctrl Pts',(-3.34999991953373,13.8,0.968245836551854));
#12415=CARTESIAN_POINT('Ctrl Pts',(-3.38080496499012,13.8,0.976199665087304));
#12416=CARTESIAN_POINT('Ctrl Pts',(-3.41411286120682,13.7939346143104,0.983068218352891));
#12417=CARTESIAN_POINT('Ctrl Pts',(-3.47587508260218,13.7685635154768,0.992758855254072));
#12418=CARTESIAN_POINT('Ctrl Pts',(-3.50431004689692,13.7492432632301,0.99566606641684));
#12419=CARTESIAN_POINT('Ctrl Pts',(-3.5489525319502,13.7046007781768,0.99894373537305));
#12420=CARTESIAN_POINT('Ctrl Pts',(-3.56819699327097,13.6764970628899,0.999575657523862));
#12421=CARTESIAN_POINT('Ctrl Pts',(-3.59372047118505,13.6148980973295,1.00006174279249));
#12422=CARTESIAN_POINT('Ctrl Pts',(-3.59999991953373,13.5814037182555,1.));
#12423=CARTESIAN_POINT('Ctrl Pts',(-3.59999991953373,13.55,1.));
#12424=CARTESIAN_POINT('',(-3.59999991953373,13.55,0.5));
#12425=CARTESIAN_POINT('Origin',(-2.89999991953373,13.8,0.));
#12426=CARTESIAN_POINT('',(-2.19999991953373,13.8,-1.71450551880629E-16));
#12427=CARTESIAN_POINT('Origin',(-3.59999991953373,13.8,0.));
#12428=CARTESIAN_POINT('',(-3.34999991953373,13.8,-1.37749773139559));
#12429=CARTESIAN_POINT('Origin',(-3.59999991953373,13.8,0.));
#12430=CARTESIAN_POINT('',(-3.34999991953373,13.8,-0.968245836551854));
#12431=CARTESIAN_POINT('',(-3.34999991953373,13.8,-0.699999984353781));
#12432=CARTESIAN_POINT('',(-2.59999991953373,13.8,-1.22464679914735E-16));
#12433=CARTESIAN_POINT('Origin',(-3.59999991953373,13.8,0.));
#12434=CARTESIAN_POINT('Origin',(-3.59999991953373,13.8,0.));
#12435=CARTESIAN_POINT('Origin',(-3.59999991953373,7.7,0.));
#12436=CARTESIAN_POINT('',(-3.59999991953373,10.8,1.4));
#12437=CARTESIAN_POINT('Ctrl Pts',(-3.34999991953373,13.8,-1.37749773139559));
#12438=CARTESIAN_POINT('Ctrl Pts',(-3.38109570033977,13.8,-1.38314125807758));
#12439=CARTESIAN_POINT('Ctrl Pts',(-3.41449137840582,13.7938314218235,-1.38800195151665));
#12440=CARTESIAN_POINT('Ctrl Pts',(-3.47617069122884,13.7683892114623,-1.39485811402785));
#12441=CARTESIAN_POINT('Ctrl Pts',(-3.50444469839617,13.7491086117308,-1.3969142000134));
#12442=CARTESIAN_POINT('Ctrl Pts',(-3.54896262085655,13.7045906892705,-1.39924578369329));
#12443=CARTESIAN_POINT('Ctrl Pts',(-3.56820489526742,13.6764829359763,-1.39969707636817));
#12444=CARTESIAN_POINT('Ctrl Pts',(-3.593723434854,13.6148859986829,-1.40004408313329));
#12445=CARTESIAN_POINT('Ctrl Pts',(-3.59999991953373,13.5813972594842,-1.4));
#12446=CARTESIAN_POINT('Ctrl Pts',(-3.59999991953373,13.55,-1.4));
#12447=CARTESIAN_POINT('',(-2.19999991953373,7.7,-1.71450551880629E-16));
#12448=CARTESIAN_POINT('',(-2.19999991953373,7.7,-1.71450551880629E-16));
#12449=CARTESIAN_POINT('Origin',(-3.59999991953373,7.7,0.));
#12450=CARTESIAN_POINT('Origin',(3.34999991953373,13.55,0.7));
#12451=CARTESIAN_POINT('',(3.34999991953373,13.8,1.37749773139559));
#12452=CARTESIAN_POINT('Ctrl Pts',(3.34999991953373,13.8,1.37749773139559));
#12453=CARTESIAN_POINT('Ctrl Pts',(3.38109570033977,13.8,1.38314125807758));
#12454=CARTESIAN_POINT('Ctrl Pts',(3.41449137840582,13.7938314218235,1.38800195151665));
#12455=CARTESIAN_POINT('Ctrl Pts',(3.47617069122884,13.7683892114623,1.39485811402785));
#12456=CARTESIAN_POINT('Ctrl Pts',(3.50444469839617,13.7491086117308,1.3969142000134));
#12457=CARTESIAN_POINT('Ctrl Pts',(3.54896262085656,13.7045906892705,1.39924578369329));
#12458=CARTESIAN_POINT('Ctrl Pts',(3.56820489526742,13.6764829359763,1.39969707636817));
#12459=CARTESIAN_POINT('Ctrl Pts',(3.593723434854,13.6148859986829,1.40004408313329));
#12460=CARTESIAN_POINT('Ctrl Pts',(3.59999991953373,13.5813972594842,1.4));
#12461=CARTESIAN_POINT('Ctrl Pts',(3.59999991953373,13.55,1.4));
#12462=CARTESIAN_POINT('',(3.34999991953373,13.8,0.968245836551854));
#12463=CARTESIAN_POINT('Ctrl Pts',(3.59999991953373,13.55,1.));
#12464=CARTESIAN_POINT('Ctrl Pts',(3.59999991953373,13.5814037182555,1.));
#12465=CARTESIAN_POINT('Ctrl Pts',(3.59372047118505,13.6148980973295,1.00006174279249));
#12466=CARTESIAN_POINT('Ctrl Pts',(3.56819699327097,13.6764970628899,0.999575657523862));
#12467=CARTESIAN_POINT('Ctrl Pts',(3.5489525319502,13.7046007781768,0.99894373537305));
#12468=CARTESIAN_POINT('Ctrl Pts',(3.50431004689692,13.7492432632301,0.99566606641684));
#12469=CARTESIAN_POINT('Ctrl Pts',(3.47587508260218,13.7685635154768,0.992758855254072));
#12470=CARTESIAN_POINT('Ctrl Pts',(3.41411286120682,13.7939346143104,0.983068218352891));
#12471=CARTESIAN_POINT('Ctrl Pts',(3.38080496499012,13.8,0.976199665087304));
#12472=CARTESIAN_POINT('Ctrl Pts',(3.34999991953373,13.8,0.968245836551854));
#12473=CARTESIAN_POINT('',(3.34999991953373,13.8,0.7));
#12474=CARTESIAN_POINT('Origin',(2.89999991953373,13.8,0.));
#12475=CARTESIAN_POINT('',(3.34999991953373,13.8,-0.968245836551854));
#12476=CARTESIAN_POINT('Origin',(3.59999991953373,13.8,0.));
#12477=CARTESIAN_POINT('',(3.34999991953373,13.8,-1.37749773139559));
#12478=CARTESIAN_POINT('',(3.34999991953373,13.8,-0.5));
#12479=CARTESIAN_POINT('Origin',(3.59999991953373,13.8,0.));
#12480=CARTESIAN_POINT('Origin',(3.59999991953373,7.7,0.));
#12481=CARTESIAN_POINT('',(4.59999991953373,7.7,-1.22464679914735E-16));
#12482=CARTESIAN_POINT('',(4.59999991953373,7.7,-1.22464679914735E-16));
#12483=CARTESIAN_POINT('Origin',(3.59999991953373,7.7,0.));
#12484=CARTESIAN_POINT('',(3.59999991953373,13.55,-1.));
#12485=CARTESIAN_POINT('',(3.59999991953373,10.8,-1.));
#12486=CARTESIAN_POINT('Ctrl Pts',(3.34999991953373,13.8,-0.968245836551854));
#12487=CARTESIAN_POINT('Ctrl Pts',(3.38080496499012,13.8,-0.976199665087304));
#12488=CARTESIAN_POINT('Ctrl Pts',(3.41411286120682,13.7939346143104,-0.983068218352891));
#12489=CARTESIAN_POINT('Ctrl Pts',(3.47587508260218,13.7685635154768,-0.992758855254072));
#12490=CARTESIAN_POINT('Ctrl Pts',(3.50431004689692,13.7492432632301,-0.99566606641684));
#12491=CARTESIAN_POINT('Ctrl Pts',(3.5489525319502,13.7046007781768,-0.99894373537305));
#12492=CARTESIAN_POINT('Ctrl Pts',(3.56819699327097,13.6764970628899,-0.999575657523862));
#12493=CARTESIAN_POINT('Ctrl Pts',(3.59372047118505,13.6148980973295,-1.00006174279249));
#12494=CARTESIAN_POINT('Ctrl Pts',(3.59999991953373,13.5814037182555,-1.));
#12495=CARTESIAN_POINT('Ctrl Pts',(3.59999991953373,13.55,-1.));
#12496=CARTESIAN_POINT('Origin',(3.34999991953373,13.55,-0.5));
#12497=CARTESIAN_POINT('',(3.59999991953373,13.55,-1.39999996870756));
#12498=CARTESIAN_POINT('Ctrl Pts',(3.59999991953373,13.55,-1.4));
#12499=CARTESIAN_POINT('Ctrl Pts',(3.59999991953373,13.5813972594842,-1.4));
#12500=CARTESIAN_POINT('Ctrl Pts',(3.593723434854,13.6148859986829,-1.40004408313329));
#12501=CARTESIAN_POINT('Ctrl Pts',(3.56820489526742,13.6764829359763,-1.39969707636817));
#12502=CARTESIAN_POINT('Ctrl Pts',(3.54896262085655,13.7045906892705,-1.39924578369329));
#12503=CARTESIAN_POINT('Ctrl Pts',(3.50444469839617,13.7491086117308,-1.3969142000134));
#12504=CARTESIAN_POINT('Ctrl Pts',(3.47617069122884,13.7683892114623,-1.39485811402785));
#12505=CARTESIAN_POINT('Ctrl Pts',(3.41449137840582,13.7938314218235,-1.38800195151665));
#12506=CARTESIAN_POINT('Ctrl Pts',(3.38109570033977,13.8,-1.38314125807758));
#12507=CARTESIAN_POINT('Ctrl Pts',(3.34999991953373,13.8,-1.37749773139559));
#12508=CARTESIAN_POINT('',(3.59999991953373,13.55,-0.5));
#12509=CARTESIAN_POINT('Origin',(-3.34999991953373,13.55,-0.699999984353781));
#12510=CARTESIAN_POINT('Ctrl Pts',(-3.59999991953373,13.55,-1.));
#12511=CARTESIAN_POINT('Ctrl Pts',(-3.59999991953373,13.5814037182555,-1.));
#12512=CARTESIAN_POINT('Ctrl Pts',(-3.59372047118505,13.6148980973295,-1.00006174279249));
#12513=CARTESIAN_POINT('Ctrl Pts',(-3.56819699327097,13.6764970628899,-0.999575657523862));
#12514=CARTESIAN_POINT('Ctrl Pts',(-3.5489525319502,13.7046007781768,-0.99894373537305));
#12515=CARTESIAN_POINT('Ctrl Pts',(-3.50431004689692,13.7492432632301,-0.99566606641684));
#12516=CARTESIAN_POINT('Ctrl Pts',(-3.47587508260218,13.7685635154768,-0.992758855254072));
#12517=CARTESIAN_POINT('Ctrl Pts',(-3.41411286120682,13.7939346143104,-0.983068218352891));
#12518=CARTESIAN_POINT('Ctrl Pts',(-3.38080496499012,13.8,-0.976199665087304));
#12519=CARTESIAN_POINT('Ctrl Pts',(-3.34999991953373,13.8,-0.968245836551854));
#12520=CARTESIAN_POINT('Origin',(-3.59999991953373,10.8,1.));
#12521=CARTESIAN_POINT('',(-3.59999991953373,10.8,1.));
#12522=CARTESIAN_POINT('Origin',(3.59999991953373,10.8,-1.));
#12523=CARTESIAN_POINT('',(3.59999991953373,10.8,-1.39999996870756));
#12524=CARTESIAN_POINT('Origin',(-3.59999991953373,7.7,0.));
#12525=CARTESIAN_POINT('',(-2.59999991953373,7.7,-1.22464679914735E-16));
#12526=CARTESIAN_POINT('',(-2.59999991953373,7.7,-1.22464679914735E-16));
#12527=CARTESIAN_POINT('Origin',(-3.59999991953373,7.7,0.));
#12528=CARTESIAN_POINT('Origin',(0.,7.7,-1.11022302462516E-15));
#12529=CARTESIAN_POINT('',(-7.1,7.7,3.35));
#12530=CARTESIAN_POINT('',(-7.1,7.7,-3.35));
#12531=CARTESIAN_POINT('',(-7.1,7.7,1.675));
#12532=CARTESIAN_POINT('',(4.6,7.7,3.35));
#12533=CARTESIAN_POINT('',(2.3,7.7,3.35));
#12534=CARTESIAN_POINT('',(7.1,7.7,1.35));
#12535=CARTESIAN_POINT('Ctrl Pts',(7.1,7.7,1.35));
#12536=CARTESIAN_POINT('Ctrl Pts',(7.06025017740905,7.7,1.42270615897188));
#12537=CARTESIAN_POINT('Ctrl Pts',(7.01908970841825,7.7,1.4938985146122));
#12538=CARTESIAN_POINT('Ctrl Pts',(6.97649993997298,7.7,1.56355704981659));
#12539=CARTESIAN_POINT('Ctrl Pts',(6.93195770247098,7.7,1.63640898426893));
#12540=CARTESIAN_POINT('Ctrl Pts',(6.88585207368114,7.7,1.70758320066215));
#12541=CARTESIAN_POINT('Ctrl Pts',(6.83812098230036,7.7,1.7770130885789));
#12542=CARTESIAN_POINT('Ctrl Pts',(6.78484727316616,7.7,1.854505296427));
#12543=CARTESIAN_POINT('Ctrl Pts',(6.7295483098327,7.7,1.92982414846145));
#12544=CARTESIAN_POINT('Ctrl Pts',(6.67209047644961,7.7,2.0028262578495));
#12545=CARTESIAN_POINT('Ctrl Pts',(6.60860734082147,7.7,2.08348371634645));
#12546=CARTESIAN_POINT('Ctrl Pts',(6.54248606204958,7.7,2.16131011109802));
#12547=CARTESIAN_POINT('Ctrl Pts',(6.47351471500939,7.7,2.2360780194421));
#12548=CARTESIAN_POINT('Ctrl Pts',(6.41316478634922,7.7,2.30149993924316));
#12549=CARTESIAN_POINT('Ctrl Pts',(6.35062962972693,7.7,2.36457683099918));
#12550=CARTESIAN_POINT('Ctrl Pts',(6.28578716926985,7.7,2.42517769174389));
#12551=CARTESIAN_POINT('Ctrl Pts',(6.23525337396656,7.7,2.47240587325474));
#12552=CARTESIAN_POINT('Ctrl Pts',(6.18331792991068,7.7,2.51812990705602));
#12553=CARTESIAN_POINT('Ctrl Pts',(6.12995109920267,7.7,2.56231788059233));
#12554=CARTESIAN_POINT('Ctrl Pts',(6.07923243922429,7.7,2.60431315696886));
#12555=CARTESIAN_POINT('Ctrl Pts',(6.02722057589882,7.7,2.64492066137404));
#12556=CARTESIAN_POINT('Ctrl Pts',(5.97392478849786,7.7,2.68415035164865));
#12557=CARTESIAN_POINT('Ctrl Pts',(5.91263321782831,7.7,2.72926553712704));
#12558=CARTESIAN_POINT('Ctrl Pts',(5.84964415953319,7.7,2.77255910208938));
#12559=CARTESIAN_POINT('Ctrl Pts',(5.78501830514386,7.7,2.81409617628213));
#12560=CARTESIAN_POINT('Ctrl Pts',(5.69327915286032,7.7,2.8730598218817));
#12561=CARTESIAN_POINT('Ctrl Pts',(5.59824310739457,7.7,2.92848548100676));
#12562=CARTESIAN_POINT('Ctrl Pts',(5.50015835964075,7.7,2.98063949411122));
#12563=CARTESIAN_POINT('Ctrl Pts',(5.41521832307464,7.7,3.02580414897969));
#12564=CARTESIAN_POINT('Ctrl Pts',(5.32799551003696,7.7,3.06851909382291));
#12565=CARTESIAN_POINT('Ctrl Pts',(5.23864789285524,7.7,3.10895385307713));
#12566=CARTESIAN_POINT('Ctrl Pts',(5.15849379727451,7.7,3.1452280331871));
#12567=CARTESIAN_POINT('Ctrl Pts',(5.07663046402382,7.7,3.17966798348623));
#12568=CARTESIAN_POINT('Ctrl Pts',(4.99314434111421,7.7,3.21236647370556));
#12569=CARTESIAN_POINT('Ctrl Pts',(4.91442437572672,7.7,3.24319823266837));
#12570=CARTESIAN_POINT('Ctrl Pts',(4.83426185610082,7.7,3.2724819471232));
#12571=CARTESIAN_POINT('Ctrl Pts',(4.75269723373627,7.7,3.30026102668361));
#12572=CARTESIAN_POINT('Ctrl Pts',(4.70233251460991,7.7,3.31741411952079));
#12573=CARTESIAN_POINT('Ctrl Pts',(4.6514325350239,7.7,3.33399280968191));
#12574=CARTESIAN_POINT('Ctrl Pts',(4.6,7.7,3.35));
#12575=CARTESIAN_POINT('',(7.1,7.7,-1.35));
#12576=CARTESIAN_POINT('',(7.1,7.7,-0.675000000000001));
#12577=CARTESIAN_POINT('',(4.6,7.7,-3.35));
#12578=CARTESIAN_POINT('Ctrl Pts',(4.6,7.7,-3.35));
#12579=CARTESIAN_POINT('Ctrl Pts',(4.68350687851871,7.7,-3.32485445109357));
#12580=CARTESIAN_POINT('Ctrl Pts',(4.76558954503161,7.7,-3.29819223278245));
#12581=CARTESIAN_POINT('Ctrl Pts',(4.84622935384333,7.7,-3.26999348892475));
#12582=CARTESIAN_POINT('Ctrl Pts',(4.93024242900603,7.7,-3.24061515554177));
#12583=CARTESIAN_POINT('Ctrl Pts',(5.01268937176072,7.7,-3.209569019123));
#12584=CARTESIAN_POINT('Ctrl Pts',(5.09350864571644,7.7,-3.17678954844069));
#12585=CARTESIAN_POINT('Ctrl Pts',(5.18243055464811,7.7,-3.14072373190741));
#12586=CARTESIAN_POINT('Ctrl Pts',(5.2693817439704,7.7,-3.10255926003041));
#12587=CARTESIAN_POINT('Ctrl Pts',(5.35423439547788,7.7,-3.06216001686588));
#12588=CARTESIAN_POINT('Ctrl Pts',(5.45566364589063,7.7,-3.01386847996486));
#12589=CARTESIAN_POINT('Ctrl Pts',(5.55409161523897,7.7,-2.96238082398454));
#12590=CARTESIAN_POINT('Ctrl Pts',(5.64925663424911,7.7,-2.9074183925313));
#12591=CARTESIAN_POINT('Ctrl Pts',(5.72795790063779,7.7,-2.86196457973154));
#12592=CARTESIAN_POINT('Ctrl Pts',(5.80442440914293,7.7,-2.81413093240267));
#12593=CARTESIAN_POINT('Ctrl Pts',(5.87852574396571,7.7,-2.76377856837619));
#12594=CARTESIAN_POINT('Ctrl Pts',(5.93626029621838,7.7,-2.72454754509052));
#12595=CARTESIAN_POINT('Ctrl Pts',(5.99255864297403,7.7,-2.68378708031245));
#12596=CARTESIAN_POINT('Ctrl Pts',(6.04738620776867,7.7,-2.64146035293336));
#12597=CARTESIAN_POINT('Ctrl Pts',(6.09921056451965,7.7,-2.60145209380291));
#12598=CARTESIAN_POINT('Ctrl Pts',(6.1497204849777,7.7,-2.56004406743187));
#12599=CARTESIAN_POINT('Ctrl Pts',(6.19892150923025,7.7,-2.51724217356071));
#12600=CARTESIAN_POINT('Ctrl Pts',(6.25747535300393,7.7,-2.46630389646134));
#12601=CARTESIAN_POINT('Ctrl Pts',(6.3141756061935,7.7,-2.41339169685925));
#12602=CARTESIAN_POINT('Ctrl Pts',(6.36908513317628,7.7,-2.35857252017926));
#12603=CARTESIAN_POINT('Ctrl Pts',(6.4409162882491,7.7,-2.28685955892394));
#12604=CARTESIAN_POINT('Ctrl Pts',(6.50968475962618,7.7,-2.21188508980521));
#12605=CARTESIAN_POINT('Ctrl Pts',(6.57560190716457,7.7,-2.13387419379927));
#12606=CARTESIAN_POINT('Ctrl Pts',(6.63667851377356,7.7,-2.06159192758326));
#12607=CARTESIAN_POINT('Ctrl Pts',(6.6953109122528,7.7,-1.98670677944188));
#12608=CARTESIAN_POINT('Ctrl Pts',(6.75166711619983,7.7,-1.90939767012701));
#12609=CARTESIAN_POINT('Ctrl Pts',(6.80155715039042,7.7,-1.84095881447612));
#12610=CARTESIAN_POINT('Ctrl Pts',(6.84966422687755,7.7,-1.77062125456865));
#12611=CARTESIAN_POINT('Ctrl Pts',(6.89607807515158,7.7,-1.69848054497942));
#12612=CARTESIAN_POINT('Ctrl Pts',(6.93956927699716,7.7,-1.63088248365289));
#12613=CARTESIAN_POINT('Ctrl Pts',(6.98157404373271,7.7,-1.56170149040091));
#12614=CARTESIAN_POINT('Ctrl Pts',(7.02213445699248,7.7,-1.49098237872518));
#12615=CARTESIAN_POINT('Ctrl Pts',(7.04870918152343,7.7,-1.44464801571412));
#12616=CARTESIAN_POINT('Ctrl Pts',(7.07466320700861,7.7,-1.39765265894087));
#12617=CARTESIAN_POINT('Ctrl Pts',(7.1,7.7,-1.35));
#12618=CARTESIAN_POINT('',(-3.55,7.7,-3.35));
#12619=CARTESIAN_POINT('',(4.99999991953373,7.7,-1.71450551880629E-16));
#12620=CARTESIAN_POINT('Origin',(3.59999991953373,7.7,0.));
#12621=CARTESIAN_POINT('Origin',(3.59999991953373,7.7,0.));
#12622=CARTESIAN_POINT('',(4.99999991953373,7.7,-1.71450551880629E-16));
#12623=CARTESIAN_POINT('Origin',(0.,7.7,-1.11022302462516E-15));
#12624=CARTESIAN_POINT('Ctrl Pts',(-4.99885857702903,-1.6,-0.0565215133584565));
#12625=CARTESIAN_POINT('Ctrl Pts',(-4.94672723881088,-1.6,-1.34672705219406));
#12626=CARTESIAN_POINT('Ctrl Pts',(-3.65652170719917,-1.6,-1.39885856919679));
#12627=CARTESIAN_POINT('Ctrl Pts',(-4.99885857702903,-2.3,-0.0565215133584565));
#12628=CARTESIAN_POINT('Ctrl Pts',(-4.94672723881088,-2.3,-1.34672705219406));
#12629=CARTESIAN_POINT('Ctrl Pts',(-3.65652170719917,-2.3,-1.39885856919679));
#12630=CARTESIAN_POINT('Ctrl Pts',(-4.29942928851451,-2.3,-0.0282607566792282));
#12631=CARTESIAN_POINT('Ctrl Pts',(-4.27336361940544,-2.3,-0.673363526097029));
#12632=CARTESIAN_POINT('Ctrl Pts',(-3.62826085359958,-2.3,-0.699429284598395));
#12633=CARTESIAN_POINT('',(-3.6500001733657,-2.28826316407947,-0.826135540122619));
#12634=CARTESIAN_POINT('',(-3.76470602512469,-2.3,-0.680346915395098));
#12635=CARTESIAN_POINT('Ctrl Pts',(-3.6500001733657,-2.28826316407947,-0.826135540122619));
#12636=CARTESIAN_POINT('Ctrl Pts',(-3.6500001733657,-2.28904849659352,-0.821893344888758));
#12637=CARTESIAN_POINT('Ctrl Pts',(-3.65018012209937,-2.28979227527668,
-0.817645933822731));
#12638=CARTESIAN_POINT('Ctrl Pts',(-3.65159410869324,-2.29253634026564,
-0.80104627264142));
#12639=CARTESIAN_POINT('Ctrl Pts',(-3.65417810559637,-2.29419947175584,
-0.788823651037909));
#12640=CARTESIAN_POINT('Ctrl Pts',(-3.66283774139915,-2.29696268835749,
-0.763838924406132));
#12641=CARTESIAN_POINT('Ctrl Pts',(-3.66922626456627,-2.29795783524808,
-0.751341306498568));
#12642=CARTESIAN_POINT('Ctrl Pts',(-3.68640897501067,-2.29937410795572,
-0.726891719760794));
#12643=CARTESIAN_POINT('Ctrl Pts',(-3.69755436919909,-2.29969662408228,
-0.7154211385027));
#12644=CARTESIAN_POINT('Ctrl Pts',(-3.71867342247775,-2.29995124312484,
-0.69966360132112));
#12645=CARTESIAN_POINT('Ctrl Pts',(-3.72767948772015,-2.29997960541454,
-0.694306340559522));
#12646=CARTESIAN_POINT('Ctrl Pts',(-3.7460150989629,-2.30000275101429,-0.685848297757331));
#12647=CARTESIAN_POINT('Ctrl Pts',(-3.75523757968519,-2.3,-0.68263914304714));
#12648=CARTESIAN_POINT('Ctrl Pts',(-3.76470602512469,-2.3,-0.680346915395098));
#12649=CARTESIAN_POINT('',(-4.28034694948539,-2.3,-0.164705884308719));
#12650=CARTESIAN_POINT('Origin',(-3.6,-2.3,0.));
#12651=CARTESIAN_POINT('',(-4.42613558151798,-2.28826315833202,-0.0500000023748723));
#12652=CARTESIAN_POINT('Ctrl Pts',(-4.28034694948539,-2.3,-0.164705884308719));
#12653=CARTESIAN_POINT('Ctrl Pts',(-4.28500602297026,-2.3,-0.145460752623469));
#12654=CARTESIAN_POINT('Ctrl Pts',(-4.29342885850104,-2.3000421785633,-0.127332219713588));
#12655=CARTESIAN_POINT('Ctrl Pts',(-4.31373658811851,-2.299730512003,-0.0996060209529366));
#12656=CARTESIAN_POINT('Ctrl Pts',(-4.32401554910654,-2.29946206074317,
-0.0891684447167763));
#12657=CARTESIAN_POINT('Ctrl Pts',(-4.34879521504904,-2.29816842446554,
-0.0704199505776766));
#12658=CARTESIAN_POINT('Ctrl Pts',(-4.36347884759185,-2.29704682079086,
-0.0627258701922321));
#12659=CARTESIAN_POINT('Ctrl Pts',(-4.38981016581361,-2.29405459854948,
-0.0540270537925271));
#12660=CARTESIAN_POINT('Ctrl Pts',(-4.40085997870153,-2.29254200915322,
-0.0517199497080766));
#12661=CARTESIAN_POINT('Ctrl Pts',(-4.41672630793799,-2.28995279806899,
-0.0502210321158531));
#12662=CARTESIAN_POINT('Ctrl Pts',(-4.42143398498762,-2.28913353732065,
-0.0500000023748723));
#12663=CARTESIAN_POINT('Ctrl Pts',(-4.42613558151798,-2.28826315833202,
-0.0500000023748723));
#12664=CARTESIAN_POINT('',(-4.83389626754037,-2.05152238620094,-0.0500000023748726));
#12665=CARTESIAN_POINT('Ctrl Pts',(-4.42613558151798,-2.28826315833202,
-0.0500000023748726));
#12666=CARTESIAN_POINT('Ctrl Pts',(-4.47550987946016,-2.27912278415702,
-0.0500000023748726));
#12667=CARTESIAN_POINT('Ctrl Pts',(-4.52411619668835,-2.26429109315679,
-0.0500000023748726));
#12668=CARTESIAN_POINT('Ctrl Pts',(-4.64653513801199,-2.21363014368616,
-0.0500000023748726));
#12669=CARTESIAN_POINT('Ctrl Pts',(-4.73279218576432,-2.15605726211712,
-0.0500000023748726));
#12670=CARTESIAN_POINT('Ctrl Pts',(-4.80739775818581,-2.08151702592627,
-0.0500000023748726));
#12671=CARTESIAN_POINT('Ctrl Pts',(-4.82085032441609,-2.06696496225454,
-0.0500000023748726));
#12672=CARTESIAN_POINT('Ctrl Pts',(-4.83389626754037,-2.05152238620094,
-0.0500000023748726));
#12673=CARTESIAN_POINT('',(-4.98196381964521,-1.6,-0.224000002659858));
#12674=CARTESIAN_POINT('Ctrl Pts',(-4.83389626754037,-2.05152238620094,
-0.0500000023748726));
#12675=CARTESIAN_POINT('Ctrl Pts',(-4.83422766765833,-2.05113010551437,
-0.0500000023748726));
#12676=CARTESIAN_POINT('Ctrl Pts',(-4.8345586052237,-2.05073744393693,-0.0500011006331849));
#12677=CARTESIAN_POINT('Ctrl Pts',(-4.83748816459531,-2.04725324651007,
-0.0500204909764759));
#12678=CARTESIAN_POINT('Ctrl Pts',(-4.84005904585241,-2.04413804411828,
-0.0501050546219295));
#12679=CARTESIAN_POINT('Ctrl Pts',(-4.84571953311213,-2.03714977352692,
-0.0504340353091095));
#12680=CARTESIAN_POINT('Ctrl Pts',(-4.84879474148648,-2.03326460107616,
-0.0507105886585825));
#12681=CARTESIAN_POINT('Ctrl Pts',(-4.85761500864233,-2.02186071761736,
-0.0517722278999194));
#12682=CARTESIAN_POINT('Ctrl Pts',(-4.86323658073775,-2.01425937190692,
-0.0527915891217099));
#12683=CARTESIAN_POINT('Ctrl Pts',(-4.88181471199985,-1.98798139433945,
-0.0572187545241957));
#12684=CARTESIAN_POINT('Ctrl Pts',(-4.89389766385894,-1.96883132062214,
-0.0619685182872126));
#12685=CARTESIAN_POINT('Ctrl Pts',(-4.92800577757667,-1.90805456585144,
-0.0802618527590106));
#12686=CARTESIAN_POINT('Ctrl Pts',(-4.94608022558802,-1.86504858282691,
-0.09772947224742));
#12687=CARTESIAN_POINT('Ctrl Pts',(-4.97962417551974,-1.75185487396023,
-0.14838763763817));
#12688=CARTESIAN_POINT('Ctrl Pts',(-4.9878622185339,-1.67816245301287,-0.186165172572507));
#12689=CARTESIAN_POINT('Ctrl Pts',(-4.9820606586807,-1.60124720259779,-0.223396722866643));
#12690=CARTESIAN_POINT('Ctrl Pts',(-4.98201269980313,-1.60062360127098,
-0.223698437441368));
#12691=CARTESIAN_POINT('Ctrl Pts',(-4.98196381964521,-1.6,-0.224000002659858));
#12692=CARTESIAN_POINT('',(-3.82400019416958,-1.6,-1.38196378860374));
#12693=CARTESIAN_POINT('Origin',(-3.6,-1.6,0.));
#12694=CARTESIAN_POINT('',(-3.6500001733657,-2.0515224108063,-1.23389623982476));
#12695=CARTESIAN_POINT('Ctrl Pts',(-3.82400019416958,-1.6,-1.38196378860374));
#12696=CARTESIAN_POINT('Ctrl Pts',(-3.82369862889668,-1.6006236013975,-1.38201266881336));
#12697=CARTESIAN_POINT('Ctrl Pts',(-3.82339691426756,-1.60124720285028,
-1.38206062774225));
#12698=CARTESIAN_POINT('Ctrl Pts',(-3.78616537153198,-1.67816243930062,
-1.38786219165518));
#12699=CARTESIAN_POINT('Ctrl Pts',(-3.74838784234389,-1.75185484755123,
-1.37962415796736));
#12700=CARTESIAN_POINT('Ctrl Pts',(-3.69772967182657,-1.86504855131451,
-1.34608022438574));
#12701=CARTESIAN_POINT('Ctrl Pts',(-3.68026204617876,-1.90805453980706,
-1.32800577905863));
#12702=CARTESIAN_POINT('Ctrl Pts',(-3.66196870171025,-1.96883130452853,
-1.29389766524748));
#12703=CARTESIAN_POINT('Ctrl Pts',(-3.65721893449876,-1.98798138278871,
-1.28181471186139));
#12704=CARTESIAN_POINT('Ctrl Pts',(-3.65279176496267,-2.01425936627797,
-1.26323657755664));
#12705=CARTESIAN_POINT('Ctrl Pts',(-3.651772402625,-2.02186071356388,-1.25761500454525));
#12706=CARTESIAN_POINT('Ctrl Pts',(-3.65071076183679,-2.03326459936447,
-1.24879473581314));
#12707=CARTESIAN_POINT('Ctrl Pts',(-3.65043420798344,-2.03714977261384,
-1.24571952686108));
#12708=CARTESIAN_POINT('Ctrl Pts',(-3.65010522644079,-2.04413804463447,
-1.24005903849213));
#12709=CARTESIAN_POINT('Ctrl Pts',(-3.65002066243288,-2.04725324766198,
-1.23748815671357));
#12710=CARTESIAN_POINT('Ctrl Pts',(-3.65000127166675,-2.0507374533382,-1.23455859038756));
#12711=CARTESIAN_POINT('Ctrl Pts',(-3.6500001733657,-2.05113012252514,-1.23422764639146));
#12712=CARTESIAN_POINT('Ctrl Pts',(-3.6500001733657,-2.0515224108063,-1.23389623982476));
#12713=CARTESIAN_POINT('Ctrl Pts',(-3.6500001733657,-2.0515224108063,-1.23389623982476));
#12714=CARTESIAN_POINT('Ctrl Pts',(-3.6500001733657,-2.06691848229636,-1.2208895826338));
#12715=CARTESIAN_POINT('Ctrl Pts',(-3.6500001733657,-2.08142859212383,-1.20747949083195));
#12716=CARTESIAN_POINT('Ctrl Pts',(-3.6500001733657,-2.15596813750574,-1.13291204252653));
#12717=CARTESIAN_POINT('Ctrl Pts',(-3.6500001733657,-2.21357583096836,-1.04663799933544));
#12718=CARTESIAN_POINT('Ctrl Pts',(-3.6500001733657,-2.26427329427308,-0.924174303589574));
#12719=CARTESIAN_POINT('Ctrl Pts',(-3.6500001733657,-2.27911742945183,-0.875538807087283));
#12720=CARTESIAN_POINT('Ctrl Pts',(-3.6500001733657,-2.28826316407947,-0.826135540122619));
#12721=CARTESIAN_POINT('Origin',(-3.8000001733657,5.7,-0.826135540122619));
#12722=CARTESIAN_POINT('',(-3.6500001733657,5.6,-0.826135540122619));
#12723=CARTESIAN_POINT('',(-3.6500001733657,5.7,-0.826135540122619));
#12724=CARTESIAN_POINT('',(-3.76470602512469,5.6,-0.680346915395098));
#12725=CARTESIAN_POINT('Origin',(-3.8000001733657,5.6,-0.826135540122619));
#12726=CARTESIAN_POINT('',(-3.76470602512469,5.7,-0.680346915395098));
#12727=CARTESIAN_POINT('Origin',(-3.6500001733657,5.7,-1.23389623982476));
#12728=CARTESIAN_POINT('',(-3.6500001733657,5.6,-1.23389623982476));
#12729=CARTESIAN_POINT('',(-3.6500001733657,5.7,-1.23389623982476));
#12730=CARTESIAN_POINT('',(-3.6500001733657,5.6,-0.826135540122619));
#12731=CARTESIAN_POINT('Origin',(-3.8000001733657,5.7,-1.23389623982476));
#12732=CARTESIAN_POINT('',(-3.82400019416958,5.6,-1.38196378860374));
#12733=CARTESIAN_POINT('',(-3.82400019416958,5.7,-1.38196378860374));
#12734=CARTESIAN_POINT('Origin',(-3.8000001733657,5.6,-1.23389623982476));
#12735=CARTESIAN_POINT('Ctrl Pts',(-3.65652170719917,-1.6,1.39885856919679));
#12736=CARTESIAN_POINT('Ctrl Pts',(-4.94672723881088,-1.6,1.34672705219406));
#12737=CARTESIAN_POINT('Ctrl Pts',(-4.99885857702903,-1.6,0.0565215133584566));
#12738=CARTESIAN_POINT('Ctrl Pts',(-3.65652170719917,-2.3,1.39885856919679));
#12739=CARTESIAN_POINT('Ctrl Pts',(-4.94672723881088,-2.3,1.34672705219406));
#12740=CARTESIAN_POINT('Ctrl Pts',(-4.99885857702903,-2.3,0.0565215133584566));
#12741=CARTESIAN_POINT('Ctrl Pts',(-3.62826085359958,-2.3,0.699429284598395));
#12742=CARTESIAN_POINT('Ctrl Pts',(-4.27336361940544,-2.3,0.673363526097028));
#12743=CARTESIAN_POINT('Ctrl Pts',(-4.29942928851451,-2.3,0.0282607566792283));
#12744=CARTESIAN_POINT('',(-4.42613558151798,-2.28826315833202,0.0500000023748726));
#12745=CARTESIAN_POINT('',(-4.28034694948539,-2.3,0.164705884308719));
#12746=CARTESIAN_POINT('Ctrl Pts',(-4.42613558151798,-2.28826315833202,
0.0500000023748726));
#12747=CARTESIAN_POINT('Ctrl Pts',(-4.42189338556902,-2.28904849118561,
0.0500000023748725));
#12748=CARTESIAN_POINT('Ctrl Pts',(-4.41764597378511,-2.28979227019932,
0.0501799511692134));
#12749=CARTESIAN_POINT('Ctrl Pts',(-4.40104633653027,-2.29253633201777,
0.0515939359652769));
#12750=CARTESIAN_POINT('Ctrl Pts',(-4.38882373889814,-2.29419946159019,
0.0541779248603497));
#12751=CARTESIAN_POINT('Ctrl Pts',(-4.36383903714623,-2.29696267921098,
0.0628375385871022));
#12752=CARTESIAN_POINT('Ctrl Pts',(-4.35134142092871,-2.29795782792536,
0.0692260524045881));
#12753=CARTESIAN_POINT('Ctrl Pts',(-4.32689183264496,-2.29937410418206,
0.0864087422554214));
#12754=CARTESIAN_POINT('Ctrl Pts',(-4.3154212478295,-2.2996966218486,0.0975541255547837));
#12755=CARTESIAN_POINT('Ctrl Pts',(-4.29966368409492,-2.29995124270562,
0.118673183942758));
#12756=CARTESIAN_POINT('Ctrl Pts',(-4.29430640651051,-2.29997960524338,
0.1276792683715));
#12757=CARTESIAN_POINT('Ctrl Pts',(-4.2858483412542,-2.30000275103668,0.146014918872552));
#12758=CARTESIAN_POINT('Ctrl Pts',(-4.28263917992288,-2.3,0.15523741879392));
#12759=CARTESIAN_POINT('Ctrl Pts',(-4.28034694948539,-2.3,0.164705884308719));
#12760=CARTESIAN_POINT('',(-3.76470602512469,-2.3,0.680346915395098));
#12761=CARTESIAN_POINT('Origin',(-3.6,-2.3,0.));
#12762=CARTESIAN_POINT('',(-3.6500001733657,-2.28826316407947,0.826135540122619));
#12763=CARTESIAN_POINT('Ctrl Pts',(-3.76470602512469,-2.3,0.680346915395098));
#12764=CARTESIAN_POINT('Ctrl Pts',(-3.74546089440377,-2.3,0.685005992863256));
#12765=CARTESIAN_POINT('Ctrl Pts',(-3.72733236323722,-2.3000421785633,0.693428832146214));
#12766=CARTESIAN_POINT('Ctrl Pts',(-3.69960616389263,-2.29973051194919,
0.713736571008663));
#12767=CARTESIAN_POINT('Ctrl Pts',(-3.68916858610123,-2.29946206052569,
0.724015538999021));
#12768=CARTESIAN_POINT('Ctrl Pts',(-3.67042008981655,-2.29816842296329,
0.748795224508863));
#12769=CARTESIAN_POINT('Ctrl Pts',(-3.66272601065896,-2.29704681783589,
0.763478870233981));
#12770=CARTESIAN_POINT('Ctrl Pts',(-3.65402721327213,-2.29405459505598,
0.789810178759162));
#12771=CARTESIAN_POINT('Ctrl Pts',(-3.65172011760807,-2.29254200888354,
0.800859966818603));
#12772=CARTESIAN_POINT('Ctrl Pts',(-3.65022120298093,-2.28995280288508,
0.816726269222018));
#12773=CARTESIAN_POINT('Ctrl Pts',(-3.6500001733657,-2.2891335425909,0.821433944929786));
#12774=CARTESIAN_POINT('Ctrl Pts',(-3.6500001733657,-2.28826316407947,0.826135540122619));
#12775=CARTESIAN_POINT('',(-3.6500001733657,-2.0515224108063,1.23389623982476));
#12776=CARTESIAN_POINT('Ctrl Pts',(-3.6500001733657,-2.28826316407947,0.826135540122619));
#12777=CARTESIAN_POINT('Ctrl Pts',(-3.6500001733657,-2.27912279020934,0.875509849442527));
#12778=CARTESIAN_POINT('Ctrl Pts',(-3.6500001733657,-2.26429109673776,0.924116178922839));
#12779=CARTESIAN_POINT('Ctrl Pts',(-3.6500001733657,-2.21363014350988,1.04653513009668));
#12780=CARTESIAN_POINT('Ctrl Pts',(-3.6500001733657,-2.15605726208905,1.13279217826487));
#12781=CARTESIAN_POINT('Ctrl Pts',(-3.6500001733657,-2.08151703307428,1.20739774395146));
#12782=CARTESIAN_POINT('Ctrl Pts',(-3.6500001733657,-2.06696497772062,1.22085030313027));
#12783=CARTESIAN_POINT('Ctrl Pts',(-3.6500001733657,-2.0515224108063,1.23389623982476));
#12784=CARTESIAN_POINT('',(-3.82400019416958,-1.6,1.38196378860374));
#12785=CARTESIAN_POINT('Ctrl Pts',(-3.6500001733657,-2.0515224108063,1.23389623982476));
#12786=CARTESIAN_POINT('Ctrl Pts',(-3.6500001733657,-2.05113012252514,1.23422764639146));
#12787=CARTESIAN_POINT('Ctrl Pts',(-3.65000127166675,-2.0507374533382,1.23455859038756));
#12788=CARTESIAN_POINT('Ctrl Pts',(-3.65002066243288,-2.04725324766199,
1.23748815671356));
#12789=CARTESIAN_POINT('Ctrl Pts',(-3.65010522644079,-2.04413804463449,
1.24005903849211));
#12790=CARTESIAN_POINT('Ctrl Pts',(-3.65043420798344,-2.03714977261385,
1.24571952686107));
#12791=CARTESIAN_POINT('Ctrl Pts',(-3.65071076183678,-2.03326459936448,
1.24879473581314));
#12792=CARTESIAN_POINT('Ctrl Pts',(-3.651772402625,-2.02186071356387,1.25761500454526));
#12793=CARTESIAN_POINT('Ctrl Pts',(-3.65279176496268,-2.01425936627795,
1.26323657755666));
#12794=CARTESIAN_POINT('Ctrl Pts',(-3.65721893449876,-1.9879813827887,1.2818147118614));
#12795=CARTESIAN_POINT('Ctrl Pts',(-3.66196870171026,-1.9688313045285,1.2938976652475));
#12796=CARTESIAN_POINT('Ctrl Pts',(-3.68026204617877,-1.90805453980701,
1.32800577905866));
#12797=CARTESIAN_POINT('Ctrl Pts',(-3.6977296718266,-1.86504855131445,1.34608022438576));
#12798=CARTESIAN_POINT('Ctrl Pts',(-3.74838784233595,-1.75185484756898,
1.37962415796209));
#12799=CARTESIAN_POINT('Ctrl Pts',(-3.78616537152113,-1.67816243931895,
1.38786219165687));
#12800=CARTESIAN_POINT('Ctrl Pts',(-3.82339691426756,-1.60124720285042,
1.38206062774225));
#12801=CARTESIAN_POINT('Ctrl Pts',(-3.8236986288967,-1.60062360139746,1.38201266881336));
#12802=CARTESIAN_POINT('Ctrl Pts',(-3.82400019416958,-1.6,1.38196378860374));
#12803=CARTESIAN_POINT('',(-4.98196381964521,-1.6,0.224000002659858));
#12804=CARTESIAN_POINT('Origin',(-3.6,-1.6,0.));
#12805=CARTESIAN_POINT('',(-4.83389626754037,-2.05152238620094,0.0500000023748724));
#12806=CARTESIAN_POINT('Ctrl Pts',(-4.98196381964521,-1.6,0.224000002659858));
#12807=CARTESIAN_POINT('Ctrl Pts',(-4.98201269980314,-1.60062360127106,
0.22369843744133));
#12808=CARTESIAN_POINT('Ctrl Pts',(-4.9820606586807,-1.6012472025975,0.22339672286665));
#12809=CARTESIAN_POINT('Ctrl Pts',(-4.9878622185306,-1.67816245297734,0.186165172593706));
#12810=CARTESIAN_POINT('Ctrl Pts',(-4.97962417553001,-1.75185487392557,
0.148387637653679));
#12811=CARTESIAN_POINT('Ctrl Pts',(-4.94608022558802,-1.86504858282691,
0.0977294722474191));
#12812=CARTESIAN_POINT('Ctrl Pts',(-4.92800577757667,-1.90805456585144,
0.080261852759011));
#12813=CARTESIAN_POINT('Ctrl Pts',(-4.89389766385895,-1.96883132062214,
0.0619685182872141));
#12814=CARTESIAN_POINT('Ctrl Pts',(-4.88181471199985,-1.98798139433945,
0.057218754524196));
#12815=CARTESIAN_POINT('Ctrl Pts',(-4.86323658073776,-2.01425937190692,
0.0527915891217105));
#12816=CARTESIAN_POINT('Ctrl Pts',(-4.85761500864233,-2.02186071761736,
0.0517722278999192));
#12817=CARTESIAN_POINT('Ctrl Pts',(-4.84879474148647,-2.03326460107617,
0.0507105886585805));
#12818=CARTESIAN_POINT('Ctrl Pts',(-4.84571953311212,-2.03714977352693,
0.050434035309109));
#12819=CARTESIAN_POINT('Ctrl Pts',(-4.84005904585242,-2.04413804411827,
0.0501050546219299));
#12820=CARTESIAN_POINT('Ctrl Pts',(-4.83748816459531,-2.04725324651006,
0.0500204909764756));
#12821=CARTESIAN_POINT('Ctrl Pts',(-4.8345586052237,-2.05073744393692,0.0500011006331845));
#12822=CARTESIAN_POINT('Ctrl Pts',(-4.83422766765833,-2.05113010551437,
0.0500000023748724));
#12823=CARTESIAN_POINT('Ctrl Pts',(-4.83389626754037,-2.05152238620094,
0.0500000023748724));
#12824=CARTESIAN_POINT('Ctrl Pts',(-4.83389626754037,-2.05152238620094,
0.0500000023748724));
#12825=CARTESIAN_POINT('Ctrl Pts',(-4.82088960364826,-2.06691846714687,
0.0500000023748724));
#12826=CARTESIAN_POINT('Ctrl Pts',(-4.80747950450481,-2.08142858557918,
0.0500000023748726));
#12827=CARTESIAN_POINT('Ctrl Pts',(-4.73291204920409,-2.15596813814448,
0.0500000023748726));
#12828=CARTESIAN_POINT('Ctrl Pts',(-4.64663800654521,-2.21357583151688,
0.0500000023748726));
#12829=CARTESIAN_POINT('Ctrl Pts',(-4.52417432095584,-2.26427329081297,
0.0500000023748726));
#12830=CARTESIAN_POINT('Ctrl Pts',(-4.47553883690655,-2.27911742343482,
0.0500000023748726));
#12831=CARTESIAN_POINT('Ctrl Pts',(-4.42613558151798,-2.28826315833202,
0.0500000023748726));
#12832=CARTESIAN_POINT('Origin',(-3.6,5.7,0.));
#12833=CARTESIAN_POINT('',(-3.82400019416958,5.6,1.38196378860374));
#12834=CARTESIAN_POINT('',(-3.82400019416958,5.7,1.38196378860374));
#12835=CARTESIAN_POINT('',(-4.98196381964521,5.6,0.224000002659858));
#12836=CARTESIAN_POINT('Origin',(-3.6,5.6,0.));
#12837=CARTESIAN_POINT('',(-4.98196381964521,5.7,0.224000002659858));
#12838=CARTESIAN_POINT('Origin',(-3.8000001733657,5.7,1.23389623982476));
#12839=CARTESIAN_POINT('',(-3.6500001733657,5.6,1.23389623982476));
#12840=CARTESIAN_POINT('',(-3.6500001733657,5.7,1.23389623982476));
#12841=CARTESIAN_POINT('Origin',(-3.8000001733657,5.6,1.23389623982476));
#12842=CARTESIAN_POINT('Origin',(-3.6500001733657,5.7,0.826135540122619));
#12843=CARTESIAN_POINT('',(-3.6500001733657,5.6,0.826135540122619));
#12844=CARTESIAN_POINT('',(-3.6500001733657,5.7,0.826135540122619));
#12845=CARTESIAN_POINT('',(-3.6500001733657,5.6,1.23389623982476));
#12846=CARTESIAN_POINT('Origin',(-3.8000001733657,5.7,0.826135540122619));
#12847=CARTESIAN_POINT('',(-3.76470602512469,5.6,0.680346915395098));
#12848=CARTESIAN_POINT('',(-3.76470602512469,5.7,0.680346915395098));
#12849=CARTESIAN_POINT('Origin',(-3.8000001733657,5.6,0.826135540122619));
#12850=CARTESIAN_POINT('Ctrl Pts',(-2.20114142297098,-1.6,0.0565215133584566));
#12851=CARTESIAN_POINT('Ctrl Pts',(-2.25327277568412,-1.6,1.34672741093273));
#12852=CARTESIAN_POINT('Ctrl Pts',(-3.54347868048225,-1.6,1.39885858486123));
#12853=CARTESIAN_POINT('Ctrl Pts',(-2.20114142297098,-2.3,0.0565215133584566));
#12854=CARTESIAN_POINT('Ctrl Pts',(-2.25327277568412,-2.3,1.34672741093273));
#12855=CARTESIAN_POINT('Ctrl Pts',(-3.54347868048225,-2.3,1.39885858486123));
#12856=CARTESIAN_POINT('Ctrl Pts',(-2.90057071148549,-2.3,0.0282607566792283));
#12857=CARTESIAN_POINT('Ctrl Pts',(-2.92663638784206,-2.3,0.673363705466363));
#12858=CARTESIAN_POINT('Ctrl Pts',(-3.57173934024113,-2.3,0.699429292430616));
#12859=CARTESIAN_POINT('',(-3.55000016861595,-2.28826315258456,0.826135622913303));
#12860=CARTESIAN_POINT('',(-3.43529425650725,-2.3,0.680346983575661));
#12861=CARTESIAN_POINT('Ctrl Pts',(-3.55000016861595,-2.28826315258456,
0.826135622913308));
#12862=CARTESIAN_POINT('Ctrl Pts',(-3.55000016861595,-2.2890484857777,0.821893426249225));
#12863=CARTESIAN_POINT('Ctrl Pts',(-3.54982021976094,-2.28979226512196,
0.81764601374736));
#12864=CARTESIAN_POINT('Ctrl Pts',(-3.54840623676265,-2.29253632376995,
0.801046400418767));
#12865=CARTESIAN_POINT('Ctrl Pts',(-3.54582225587555,-2.29419945142459,
0.788823826757884));
#12866=CARTESIAN_POINT('Ctrl Pts',(-3.53716266422464,-2.2969626700645,0.763839149885732));
#12867=CARTESIAN_POINT('Ctrl Pts',(-3.53077415975673,-2.29795782060266,
0.751341535358256));
#12868=CARTESIAN_POINT('Ctrl Pts',(-3.51359149049931,-2.2993741004084,0.726891945528592));
#12869=CARTESIAN_POINT('Ctrl Pts',(-3.50244611808894,-2.29969661961493,
0.715421357155804));
#12870=CARTESIAN_POINT('Ctrl Pts',(-3.48132705459168,-2.2999512422864,0.699663766868378));
#12871=CARTESIAN_POINT('Ctrl Pts',(-3.4723209509767,-2.29997960507223,0.694306472461233));
#12872=CARTESIAN_POINT('Ctrl Pts',(-3.45398526121757,-2.30000275105908,
0.685848384750952));
#12873=CARTESIAN_POINT('Ctrl Pts',(-3.44476274209723,-2.3,0.682639216798555));
#12874=CARTESIAN_POINT('Ctrl Pts',(-3.43529425650725,-2.3,0.680346983575661));
#12875=CARTESIAN_POINT('',(-2.91965305051461,-2.3,0.164705884308719));
#12876=CARTESIAN_POINT('Origin',(-3.6,-2.3,0.));
#12877=CARTESIAN_POINT('',(-2.77386441848202,-2.28826315833202,0.0500000023748723));
#12878=CARTESIAN_POINT('Ctrl Pts',(-2.91965305051461,-2.3,0.164705884308719));
#12879=CARTESIAN_POINT('Ctrl Pts',(-2.91499397702974,-2.3,0.145460752623471));
#12880=CARTESIAN_POINT('Ctrl Pts',(-2.90657114149896,-2.3000421785633,0.127332219713589));
#12881=CARTESIAN_POINT('Ctrl Pts',(-2.88626341188149,-2.299730512003,0.0996060209529345));
#12882=CARTESIAN_POINT('Ctrl Pts',(-2.87598445089346,-2.29946206074317,
0.0891684447167757));
#12883=CARTESIAN_POINT('Ctrl Pts',(-2.85120478495096,-2.29816842446554,
0.0704199505776753));
#12884=CARTESIAN_POINT('Ctrl Pts',(-2.83652115240816,-2.29704682079086,
0.062725870192232));
#12885=CARTESIAN_POINT('Ctrl Pts',(-2.81018983418639,-2.29405459854948,
0.0540270537925275));
#12886=CARTESIAN_POINT('Ctrl Pts',(-2.79914002129847,-2.29254200915322,
0.0517199497080765));
#12887=CARTESIAN_POINT('Ctrl Pts',(-2.78327369206201,-2.28995279806899,
0.0502210321158529));
#12888=CARTESIAN_POINT('Ctrl Pts',(-2.77856601501238,-2.28913353732065,
0.0500000023748723));
#12889=CARTESIAN_POINT('Ctrl Pts',(-2.77386441848202,-2.28826315833202,
0.0500000023748723));
#12890=CARTESIAN_POINT('',(-2.36610373245963,-2.05152238620094,0.0500000023748726));
#12891=CARTESIAN_POINT('Ctrl Pts',(-2.77386441848202,-2.28826315833202,
0.0500000023748726));
#12892=CARTESIAN_POINT('Ctrl Pts',(-2.72446116309346,-2.27911742343482,
0.0500000023748726));
#12893=CARTESIAN_POINT('Ctrl Pts',(-2.67582567904416,-2.26427329081297,
0.0500000023748726));
#12894=CARTESIAN_POINT('Ctrl Pts',(-2.55336199345479,-2.21357583151688,
0.0500000023748726));
#12895=CARTESIAN_POINT('Ctrl Pts',(-2.46708795079591,-2.15596813814448,
0.0500000023748726));
#12896=CARTESIAN_POINT('Ctrl Pts',(-2.39252049549519,-2.08142858557918,
0.0500000023748726));
#12897=CARTESIAN_POINT('Ctrl Pts',(-2.37911039635174,-2.06691846714687,
0.0500000023748726));
#12898=CARTESIAN_POINT('Ctrl Pts',(-2.36610373245963,-2.05152238620094,
0.0500000023748726));
#12899=CARTESIAN_POINT('',(-2.21803618035479,-1.6,0.224000002659858));
#12900=CARTESIAN_POINT('Ctrl Pts',(-2.36610373245963,-2.05152238620094,
0.0500000023748726));
#12901=CARTESIAN_POINT('Ctrl Pts',(-2.36577233234167,-2.05113010551436,
0.0500000023748726));
#12902=CARTESIAN_POINT('Ctrl Pts',(-2.3654413947763,-2.05073744393692,0.0500011006331847));
#12903=CARTESIAN_POINT('Ctrl Pts',(-2.36251183540469,-2.04725324651006,
0.0500204909764758));
#12904=CARTESIAN_POINT('Ctrl Pts',(-2.35994095414759,-2.04413804411827,
0.05010505462193));
#12905=CARTESIAN_POINT('Ctrl Pts',(-2.35428046688788,-2.03714977352693,
0.0504340353091093));
#12906=CARTESIAN_POINT('Ctrl Pts',(-2.35120525851353,-2.03326460107617,
0.0507105886585807));
#12907=CARTESIAN_POINT('Ctrl Pts',(-2.34238499135768,-2.02186071761736,
0.0517722278999192));
#12908=CARTESIAN_POINT('Ctrl Pts',(-2.33676341926225,-2.01425937190692,
0.0527915891217095));
#12909=CARTESIAN_POINT('Ctrl Pts',(-2.31818528800015,-1.98798139433945,
0.0572187545241959));
#12910=CARTESIAN_POINT('Ctrl Pts',(-2.30610233614105,-1.96883132062214,
0.0619685182872137));
#12911=CARTESIAN_POINT('Ctrl Pts',(-2.27199422242333,-1.90805456585143,
0.0802618527590112));
#12912=CARTESIAN_POINT('Ctrl Pts',(-2.25391977441198,-1.8650485828269,0.0977294722474203));
#12913=CARTESIAN_POINT('Ctrl Pts',(-2.22037582446483,-1.75185487390815,
0.148387637661477));
#12914=CARTESIAN_POINT('Ctrl Pts',(-2.21213778147107,-1.67816245295955,
0.18616517260438));
#12915=CARTESIAN_POINT('Ctrl Pts',(-2.2179393413193,-1.60124720259737,0.223396722866646));
#12916=CARTESIAN_POINT('Ctrl Pts',(-2.21798730019686,-1.60062360127108,
0.223698437441318));
#12917=CARTESIAN_POINT('Ctrl Pts',(-2.21803618035479,-1.6,0.224000002659857));
#12918=CARTESIAN_POINT('',(-3.37600018884987,-1.6,1.38196385068666));
#12919=CARTESIAN_POINT('Origin',(-3.6,-1.6,0.));
#12920=CARTESIAN_POINT('',(-3.55000016861595,-2.05152236159558,1.23389629525595));
#12921=CARTESIAN_POINT('Ctrl Pts',(-3.37600018884987,-1.6,1.38196385068666));
#12922=CARTESIAN_POINT('Ctrl Pts',(-3.3763017540141,-1.60062360114478,1.3820127307929));
#12923=CARTESIAN_POINT('Ctrl Pts',(-3.37660346853417,-1.60124720234468,
1.3820606896191));
#12924=CARTESIAN_POINT('Ctrl Pts',(-3.41383502635594,-1.67816246667311,
1.38786224540775));
#12925=CARTESIAN_POINT('Ctrl Pts',(-3.45161256704485,-1.75185490031851,
1.37962419308712));
#12926=CARTESIAN_POINT('Ctrl Pts',(-3.50227072733172,-1.8650486143393,1.34608022679028));
#12927=CARTESIAN_POINT('Ctrl Pts',(-3.51973834066073,-1.90805459189581,
1.32800577609467));
#12928=CARTESIAN_POINT('Ctrl Pts',(-3.53803166513582,-1.96883133671576,
1.29389766247038));
#12929=CARTESIAN_POINT('Ctrl Pts',(-3.54278142545036,-1.98798140589019,
1.28181471213829));
#12930=CARTESIAN_POINT('Ctrl Pts',(-3.54720858671925,-2.01425937753588,
1.26323658391883));
#12931=CARTESIAN_POINT('Ctrl Pts',(-3.54822794682516,-2.02186072167084,
1.25761501273937));
#12932=CARTESIAN_POINT('Ctrl Pts',(-3.54928958451962,-2.03326460278785,
1.24879474715979));
#12933=CARTESIAN_POINT('Ctrl Pts',(-3.54956613736522,-2.03714977444001,
1.24571953936316));
#12934=CARTESIAN_POINT('Ctrl Pts',(-3.54989511719693,-2.0441380436021,1.24005905321266));
#12935=CARTESIAN_POINT('Ctrl Pts',(-3.54997968047992,-2.04725324535815,
1.23748817247702));
#12936=CARTESIAN_POINT('Ctrl Pts',(-3.54999907040038,-2.05073743453565,
1.23455862005981));
#12937=CARTESIAN_POINT('Ctrl Pts',(-3.55000016861595,-2.05113008850359,
1.23422768892518));
#12938=CARTESIAN_POINT('Ctrl Pts',(-3.55000016861595,-2.05152236159558,
1.23389629525595));
#12939=CARTESIAN_POINT('Ctrl Pts',(-3.55000016861595,-2.05152236159558,
1.23389629525595));
#12940=CARTESIAN_POINT('Ctrl Pts',(-3.55000016861595,-2.06691845199739,
1.2208896246627));
#12941=CARTESIAN_POINT('Ctrl Pts',(-3.55000016861595,-2.08142857903452,
1.20747951817766));
#12942=CARTESIAN_POINT('Ctrl Pts',(-3.55000016861595,-2.15596813878321,
1.13291205588163));
#12943=CARTESIAN_POINT('Ctrl Pts',(-3.55000016861595,-2.2135758320654,1.04663801375495));
#12944=CARTESIAN_POINT('Ctrl Pts',(-3.55000016861595,-2.26427328735286,
0.924174338322083));
#12945=CARTESIAN_POINT('Ctrl Pts',(-3.55000016861595,-2.27911741741781,
0.875538866725772));
#12946=CARTESIAN_POINT('Ctrl Pts',(-3.55000016861595,-2.28826315258456,
0.826135622913303));
#12947=CARTESIAN_POINT('Origin',(-3.40000016861595,5.7,0.826135622913303));
#12948=CARTESIAN_POINT('',(-3.55000016861595,5.6,0.826135622913303));
#12949=CARTESIAN_POINT('',(-3.55000016861595,5.7,0.826135622913303));
#12950=CARTESIAN_POINT('',(-3.43529425650725,5.6,0.680346983575661));
#12951=CARTESIAN_POINT('Origin',(-3.40000016861595,5.6,0.826135622913303));
#12952=CARTESIAN_POINT('',(-3.43529425650725,5.7,0.680346983575661));
#12953=CARTESIAN_POINT('Origin',(-3.55000016861595,5.7,1.23389629525595));
#12954=CARTESIAN_POINT('',(-3.55000016861595,5.6,1.23389629525595));
#12955=CARTESIAN_POINT('',(-3.55000016861595,5.7,1.23389629525595));
#12956=CARTESIAN_POINT('',(-3.55000016861595,5.6,0.826135622913303));
#12957=CARTESIAN_POINT('Origin',(-3.40000016861595,5.7,1.23389629525595));
#12958=CARTESIAN_POINT('',(-3.37600018884987,5.6,1.38196385068666));
#12959=CARTESIAN_POINT('',(-3.37600018884987,5.7,1.38196385068666));
#12960=CARTESIAN_POINT('Origin',(-3.40000016861595,5.6,1.23389629525595));
#12961=CARTESIAN_POINT('Ctrl Pts',(-3.54347868048225,-1.6,-1.39885858486123));
#12962=CARTESIAN_POINT('Ctrl Pts',(-2.25327277568412,-1.6,-1.34672741093273));
#12963=CARTESIAN_POINT('Ctrl Pts',(-2.20114142297097,-1.6,-0.0565215133584568));
#12964=CARTESIAN_POINT('Ctrl Pts',(-3.54347868048225,-2.3,-1.39885858486123));
#12965=CARTESIAN_POINT('Ctrl Pts',(-2.25327277568412,-2.3,-1.34672741093273));
#12966=CARTESIAN_POINT('Ctrl Pts',(-2.20114142297097,-2.3,-0.0565215133584568));
#12967=CARTESIAN_POINT('Ctrl Pts',(-3.57173934024112,-2.3,-0.699429292430616));
#12968=CARTESIAN_POINT('Ctrl Pts',(-2.92663638784206,-2.3,-0.673363705466363));
#12969=CARTESIAN_POINT('Ctrl Pts',(-2.90057071148549,-2.3,-0.0282607566792284));
#12970=CARTESIAN_POINT('',(-2.77386441848202,-2.28826315833202,-0.0500000023748726));
#12971=CARTESIAN_POINT('',(-2.91965305051461,-2.3,-0.164705884308719));
#12972=CARTESIAN_POINT('Ctrl Pts',(-2.77386441848202,-2.28826315833202,
-0.0500000023748726));
#12973=CARTESIAN_POINT('Ctrl Pts',(-2.77810661443098,-2.28904849118561,
-0.0500000023748726));
#12974=CARTESIAN_POINT('Ctrl Pts',(-2.78235402621489,-2.28979227019932,
-0.0501799511692135));
#12975=CARTESIAN_POINT('Ctrl Pts',(-2.79895366346973,-2.29253633201777,
-0.051593935965277));
#12976=CARTESIAN_POINT('Ctrl Pts',(-2.81117626110186,-2.29419946159019,
-0.0541779248603499));
#12977=CARTESIAN_POINT('Ctrl Pts',(-2.83616096285377,-2.29696267921098,
-0.0628375385871032));
#12978=CARTESIAN_POINT('Ctrl Pts',(-2.8486585790713,-2.29795782792536,-0.06922605240459));
#12979=CARTESIAN_POINT('Ctrl Pts',(-2.87310816735504,-2.29937410418206,
-0.0864087422554216));
#12980=CARTESIAN_POINT('Ctrl Pts',(-2.8845787521705,-2.2996966218486,-0.0975541255547811));
#12981=CARTESIAN_POINT('Ctrl Pts',(-2.90033631590508,-2.29995124270562,
-0.118673183942762));
#12982=CARTESIAN_POINT('Ctrl Pts',(-2.9056935934895,-2.29997960524338,-0.127679268371506));
#12983=CARTESIAN_POINT('Ctrl Pts',(-2.9141516587458,-2.30000275103668,-0.146014918872553));
#12984=CARTESIAN_POINT('Ctrl Pts',(-2.91736082007712,-2.3,-0.155237418793922));
#12985=CARTESIAN_POINT('Ctrl Pts',(-2.91965305051461,-2.3,-0.164705884308719));
#12986=CARTESIAN_POINT('',(-3.43529425650725,-2.3,-0.680346983575662));
#12987=CARTESIAN_POINT('Origin',(-3.6,-2.3,0.));
#12988=CARTESIAN_POINT('',(-3.55000016861595,-2.28826315258456,-0.826135622913304));
#12989=CARTESIAN_POINT('Ctrl Pts',(-3.43529425650725,-2.3,-0.680346983575662));
#12990=CARTESIAN_POINT('Ctrl Pts',(-3.45453938915683,-2.3,-0.685006053077235));
#12991=CARTESIAN_POINT('Ctrl Pts',(-3.47266792381004,-2.3000421785633,-0.693428884855831));
#12992=CARTESIAN_POINT('Ctrl Pts',(-3.50039412198675,-2.29973051205681,
-0.713736605228323));
#12993=CARTESIAN_POINT('Ctrl Pts',(-3.51083169666766,-2.29946206096064,
-0.724015559214024));
#12994=CARTESIAN_POINT('Ctrl Pts',(-3.52958018866117,-2.2981684259678,-0.74879520558916));
#12995=CARTESIAN_POINT('Ctrl Pts',(-3.53727427027446,-2.29704682374583,
-0.763478824949656));
#12996=CARTESIAN_POINT('Ctrl Pts',(-3.54597310568706,-2.29405460204298,
-0.789810152868023));
#12997=CARTESIAN_POINT('Ctrl Pts',(-3.54828021819193,-2.29254200942291,
-0.80085999058446));
#12998=CARTESIAN_POINT('Ctrl Pts',(-3.54977913874922,-2.28995279325288,
-0.816726346653988));
#12999=CARTESIAN_POINT('Ctrl Pts',(-3.55000016861595,-2.28913353205039,
-0.82143402504546));
#13000=CARTESIAN_POINT('Ctrl Pts',(-3.55000016861595,-2.28826315258456,
-0.826135622913304));
#13001=CARTESIAN_POINT('',(-3.55000016861595,-2.05152236159558,-1.23389629525595));
#13002=CARTESIAN_POINT('Ctrl Pts',(-3.55000016861595,-2.28826315258456,
-0.826135622913304));
#13003=CARTESIAN_POINT('Ctrl Pts',(-3.55000016861595,-2.27911741741781,
-0.875538866725773));
#13004=CARTESIAN_POINT('Ctrl Pts',(-3.55000016861595,-2.26427328735286,
-0.924174338322083));
#13005=CARTESIAN_POINT('Ctrl Pts',(-3.55000016861595,-2.2135758320654,-1.04663801375495));
#13006=CARTESIAN_POINT('Ctrl Pts',(-3.55000016861595,-2.15596813878321,
-1.13291205588163));
#13007=CARTESIAN_POINT('Ctrl Pts',(-3.55000016861595,-2.08142857903452,
-1.20747951817766));
#13008=CARTESIAN_POINT('Ctrl Pts',(-3.55000016861595,-2.06691845199739,
-1.2208896246627));
#13009=CARTESIAN_POINT('Ctrl Pts',(-3.55000016861595,-2.05152236159558,
-1.23389629525595));
#13010=CARTESIAN_POINT('',(-3.37600018884987,-1.6,-1.38196385068666));
#13011=CARTESIAN_POINT('Ctrl Pts',(-3.55000016861595,-2.05152236159558,
-1.23389629525595));
#13012=CARTESIAN_POINT('Ctrl Pts',(-3.55000016861595,-2.05113008850359,
-1.23422768892518));
#13013=CARTESIAN_POINT('Ctrl Pts',(-3.54999907040038,-2.05073743453565,
-1.23455862005981));
#13014=CARTESIAN_POINT('Ctrl Pts',(-3.54997968047992,-2.04725324535814,
-1.23748817247703));
#13015=CARTESIAN_POINT('Ctrl Pts',(-3.54989511719693,-2.04413804360208,
-1.24005905321268));
#13016=CARTESIAN_POINT('Ctrl Pts',(-3.54956613736522,-2.03714977444001,
-1.24571953936316));
#13017=CARTESIAN_POINT('Ctrl Pts',(-3.54928958451962,-2.03326460278786,
-1.24879474715979));
#13018=CARTESIAN_POINT('Ctrl Pts',(-3.54822794682516,-2.02186072167084,
-1.25761501273937));
#13019=CARTESIAN_POINT('Ctrl Pts',(-3.54720858671925,-2.01425937753588,
-1.26323658391883));
#13020=CARTESIAN_POINT('Ctrl Pts',(-3.54278142545036,-1.98798140589019,
-1.28181471213829));
#13021=CARTESIAN_POINT('Ctrl Pts',(-3.53803166513582,-1.96883133671576,
-1.29389766247038));
#13022=CARTESIAN_POINT('Ctrl Pts',(-3.51973834066073,-1.90805459189582,
-1.32800577609466));
#13023=CARTESIAN_POINT('Ctrl Pts',(-3.50227072733173,-1.86504861433932,
-1.34608022679027));
#13024=CARTESIAN_POINT('Ctrl Pts',(-3.45161256704562,-1.75185490032023,
-1.37962419308662));
#13025=CARTESIAN_POINT('Ctrl Pts',(-3.41383502635694,-1.67816246667511,
-1.38786224540791));
#13026=CARTESIAN_POINT('Ctrl Pts',(-3.37660346853413,-1.60124720234461,
-1.3820606896191));
#13027=CARTESIAN_POINT('Ctrl Pts',(-3.37630175401414,-1.60062360114485,
-1.3820127307929));
#13028=CARTESIAN_POINT('Ctrl Pts',(-3.37600018884987,-1.6,-1.38196385068666));
#13029=CARTESIAN_POINT('',(-2.21803618035479,-1.6,-0.224000002659858));
#13030=CARTESIAN_POINT('Origin',(-3.6,-1.6,0.));
#13031=CARTESIAN_POINT('',(-2.36610373245963,-2.05152238620094,-0.0500000023748728));
#13032=CARTESIAN_POINT('Ctrl Pts',(-2.21803618035479,-1.6,-0.224000002659858));
#13033=CARTESIAN_POINT('Ctrl Pts',(-2.21798730019687,-1.60062360127097,
-0.223698437441371));
#13034=CARTESIAN_POINT('Ctrl Pts',(-2.2179393413193,-1.6012472025978,-0.223396722866639));
#13035=CARTESIAN_POINT('Ctrl Pts',(-2.21213778146613,-1.67816245301244,
-0.186165172572694));
#13036=CARTESIAN_POINT('Ctrl Pts',(-2.22037582448016,-1.75185487395989,
-0.148387637638322));
#13037=CARTESIAN_POINT('Ctrl Pts',(-2.25391977441197,-1.8650485828269,-0.0977294722474225));
#13038=CARTESIAN_POINT('Ctrl Pts',(-2.27199422242333,-1.90805456585143,
-0.0802618527590123));
#13039=CARTESIAN_POINT('Ctrl Pts',(-2.30610233614105,-1.96883132062214,
-0.0619685182872137));
#13040=CARTESIAN_POINT('Ctrl Pts',(-2.31818528800015,-1.98798139433945,
-0.0572187545241963));
#13041=CARTESIAN_POINT('Ctrl Pts',(-2.33676341926225,-2.01425937190693,
-0.0527915891217095));
#13042=CARTESIAN_POINT('Ctrl Pts',(-2.34238499135768,-2.02186071761736,
-0.0517722278999196));
#13043=CARTESIAN_POINT('Ctrl Pts',(-2.35120525851351,-2.03326460107615,
-0.0507105886585832));
#13044=CARTESIAN_POINT('Ctrl Pts',(-2.35428046688787,-2.03714977352692,
-0.05043403530911));
#13045=CARTESIAN_POINT('Ctrl Pts',(-2.35994095414759,-2.04413804411828,
-0.05010505462193));
#13046=CARTESIAN_POINT('Ctrl Pts',(-2.36251183540469,-2.04725324651006,
-0.050020490976476));
#13047=CARTESIAN_POINT('Ctrl Pts',(-2.3654413947763,-2.05073744393692,-0.0500011006331849));
#13048=CARTESIAN_POINT('Ctrl Pts',(-2.36577233234167,-2.05113010551436,
-0.0500000023748728));
#13049=CARTESIAN_POINT('Ctrl Pts',(-2.36610373245963,-2.05152238620094,
-0.0500000023748728));
#13050=CARTESIAN_POINT('Ctrl Pts',(-2.36610373245963,-2.05152238620094,
-0.0500000023748726));
#13051=CARTESIAN_POINT('Ctrl Pts',(-2.37914967558391,-2.06696496225454,
-0.0500000023748726));
#13052=CARTESIAN_POINT('Ctrl Pts',(-2.39260224181419,-2.08151702592627,
-0.0500000023748726));
#13053=CARTESIAN_POINT('Ctrl Pts',(-2.46720781423568,-2.15605726211712,
-0.0500000023748726));
#13054=CARTESIAN_POINT('Ctrl Pts',(-2.55346486198801,-2.21363014368616,
-0.0500000023748726));
#13055=CARTESIAN_POINT('Ctrl Pts',(-2.67588380331165,-2.26429109315679,
-0.0500000023748726));
#13056=CARTESIAN_POINT('Ctrl Pts',(-2.72449012053984,-2.27912278415702,
-0.0500000023748726));
#13057=CARTESIAN_POINT('Ctrl Pts',(-2.77386441848202,-2.28826315833202,
-0.0500000023748726));
#13058=CARTESIAN_POINT('Origin',(-2.77386441848202,5.7,-0.200000002374873));
#13059=CARTESIAN_POINT('',(-2.77386441848202,5.6,-0.0500000023748726));
#13060=CARTESIAN_POINT('',(-2.77386441848202,5.7,-0.0500000023748726));
#13061=CARTESIAN_POINT('',(-2.91965305051461,5.6,-0.164705884308719));
#13062=CARTESIAN_POINT('Origin',(-2.77386441848202,5.6,-0.200000002374873));
#13063=CARTESIAN_POINT('',(-2.91965305051461,5.7,-0.164705884308719));
#13064=CARTESIAN_POINT('Origin',(-2.36610373245963,5.7,-0.0500000023748726));
#13065=CARTESIAN_POINT('',(-2.36610373245963,5.6,-0.0500000023748728));
#13066=CARTESIAN_POINT('',(-2.36610373245963,5.7,-0.0500000023748728));
#13067=CARTESIAN_POINT('',(-2.77386441848202,5.6,-0.0500000023748726));
#13068=CARTESIAN_POINT('Origin',(-2.36610373245963,5.7,-0.200000002374873));
#13069=CARTESIAN_POINT('',(-2.21803618035479,5.6,-0.224000002659858));
#13070=CARTESIAN_POINT('',(-2.21803618035479,5.7,-0.224000002659858));
#13071=CARTESIAN_POINT('Origin',(-2.36610373245963,5.6,-0.200000002374873));
#13072=CARTESIAN_POINT('Ctrl Pts',(2.20114142297097,-1.6,-0.0565215133584565));
#13073=CARTESIAN_POINT('Ctrl Pts',(2.25327277568412,-1.6,-1.34672741093273));
#13074=CARTESIAN_POINT('Ctrl Pts',(3.54347868048225,-1.6,-1.39885858486123));
#13075=CARTESIAN_POINT('Ctrl Pts',(2.20114142297097,-2.3,-0.0565215133584565));
#13076=CARTESIAN_POINT('Ctrl Pts',(2.25327277568412,-2.3,-1.34672741093273));
#13077=CARTESIAN_POINT('Ctrl Pts',(3.54347868048225,-2.3,-1.39885858486123));
#13078=CARTESIAN_POINT('Ctrl Pts',(2.90057071148549,-2.3,-0.0282607566792282));
#13079=CARTESIAN_POINT('Ctrl Pts',(2.92663638784206,-2.3,-0.673363705466363));
#13080=CARTESIAN_POINT('Ctrl Pts',(3.57173934024112,-2.3,-0.699429292430616));
#13081=CARTESIAN_POINT('',(3.55000016861595,-2.28826315258456,-0.826135622913303));
#13082=CARTESIAN_POINT('',(3.43529425650725,-2.3,-0.680346983575661));
#13083=CARTESIAN_POINT('Ctrl Pts',(3.55000016861595,-2.28826315258456,-0.826135622913303));
#13084=CARTESIAN_POINT('Ctrl Pts',(3.55000016861595,-2.28904848577771,-0.821893426249201));
#13085=CARTESIAN_POINT('Ctrl Pts',(3.54982021976094,-2.28979226512196,-0.817646013747347));
#13086=CARTESIAN_POINT('Ctrl Pts',(3.54840623676265,-2.29253632376995,-0.80104640041876));
#13087=CARTESIAN_POINT('Ctrl Pts',(3.54582225587555,-2.2941994514246,-0.788823826757876));
#13088=CARTESIAN_POINT('Ctrl Pts',(3.53716266422464,-2.2969626700645,-0.763839149885725));
#13089=CARTESIAN_POINT('Ctrl Pts',(3.53077415975673,-2.29795782060266,-0.751341535358249));
#13090=CARTESIAN_POINT('Ctrl Pts',(3.5135914904993,-2.2993741004084,-0.726891945528582));
#13091=CARTESIAN_POINT('Ctrl Pts',(3.50244611808893,-2.29969661961493,-0.715421357155795));
#13092=CARTESIAN_POINT('Ctrl Pts',(3.48132705459167,-2.2999512422864,-0.69966376686837));
#13093=CARTESIAN_POINT('Ctrl Pts',(3.47232095097668,-2.29997960507223,-0.694306472461227));
#13094=CARTESIAN_POINT('Ctrl Pts',(3.45398526121756,-2.30000275105908,-0.685848384750949));
#13095=CARTESIAN_POINT('Ctrl Pts',(3.44476274209722,-2.3,-0.682639216798553));
#13096=CARTESIAN_POINT('Ctrl Pts',(3.43529425650725,-2.3,-0.680346983575661));
#13097=CARTESIAN_POINT('',(2.91965305051461,-2.3,-0.164705884308719));
#13098=CARTESIAN_POINT('Origin',(3.6,-2.3,0.));
#13099=CARTESIAN_POINT('',(2.77386441848202,-2.28826315833202,-0.0500000023748727));
#13100=CARTESIAN_POINT('Ctrl Pts',(2.91965305051461,-2.3,-0.164705884308719));
#13101=CARTESIAN_POINT('Ctrl Pts',(2.91499397702974,-2.3,-0.145460752623468));
#13102=CARTESIAN_POINT('Ctrl Pts',(2.90657114149896,-2.3000421785633,-0.127332219713588));
#13103=CARTESIAN_POINT('Ctrl Pts',(2.88626341188149,-2.299730512003,-0.0996060209529376));
#13104=CARTESIAN_POINT('Ctrl Pts',(2.87598445089346,-2.29946206074317,-0.0891684447167769));
#13105=CARTESIAN_POINT('Ctrl Pts',(2.85120478495097,-2.29816842446554,-0.0704199505776771));
#13106=CARTESIAN_POINT('Ctrl Pts',(2.83652115240816,-2.29704682079086,-0.0627258701922323));
#13107=CARTESIAN_POINT('Ctrl Pts',(2.81018983418639,-2.29405459854948,-0.0540270537925272));
#13108=CARTESIAN_POINT('Ctrl Pts',(2.79914002129847,-2.29254200915322,-0.0517199497080769));
#13109=CARTESIAN_POINT('Ctrl Pts',(2.78327369206201,-2.28995279806899,-0.0502210321158533));
#13110=CARTESIAN_POINT('Ctrl Pts',(2.77856601501238,-2.28913353732065,-0.0500000023748727));
#13111=CARTESIAN_POINT('Ctrl Pts',(2.77386441848202,-2.28826315833202,-0.0500000023748727));
#13112=CARTESIAN_POINT('',(2.36610373245963,-2.05152238620094,-0.0500000023748726));
#13113=CARTESIAN_POINT('Ctrl Pts',(2.77386441848202,-2.28826315833202,-0.0500000023748726));
#13114=CARTESIAN_POINT('Ctrl Pts',(2.72446116309346,-2.27911742343482,-0.0500000023748726));
#13115=CARTESIAN_POINT('Ctrl Pts',(2.67582567904416,-2.26427329081297,-0.0500000023748726));
#13116=CARTESIAN_POINT('Ctrl Pts',(2.55336199345479,-2.21357583151688,-0.0500000023748726));
#13117=CARTESIAN_POINT('Ctrl Pts',(2.46708795079591,-2.15596813814448,-0.0500000023748726));
#13118=CARTESIAN_POINT('Ctrl Pts',(2.39252049549519,-2.08142858557918,-0.0500000023748726));
#13119=CARTESIAN_POINT('Ctrl Pts',(2.37911039635174,-2.06691846714687,-0.0500000023748726));
#13120=CARTESIAN_POINT('Ctrl Pts',(2.36610373245963,-2.05152238620094,-0.0500000023748726));
#13121=CARTESIAN_POINT('',(2.21803618035479,-1.6,-0.224000002659858));
#13122=CARTESIAN_POINT('Ctrl Pts',(2.36610373245963,-2.05152238620094,-0.0500000023748726));
#13123=CARTESIAN_POINT('Ctrl Pts',(2.36577233234167,-2.05113010551436,-0.0500000023748726));
#13124=CARTESIAN_POINT('Ctrl Pts',(2.3654413947763,-2.05073744393692,-0.0500011006331846));
#13125=CARTESIAN_POINT('Ctrl Pts',(2.36251183540469,-2.04725324651006,-0.0500204909764758));
#13126=CARTESIAN_POINT('Ctrl Pts',(2.35994095414759,-2.04413804411828,-0.0501050546219298));
#13127=CARTESIAN_POINT('Ctrl Pts',(2.35428046688788,-2.03714977352693,-0.0504340353091092));
#13128=CARTESIAN_POINT('Ctrl Pts',(2.35120525851353,-2.03326460107617,-0.0507105886585806));
#13129=CARTESIAN_POINT('Ctrl Pts',(2.34238499135767,-2.02186071761736,-0.0517722278999195));
#13130=CARTESIAN_POINT('Ctrl Pts',(2.33676341926224,-2.01425937190692,-0.0527915891217111));
#13131=CARTESIAN_POINT('Ctrl Pts',(2.31818528800014,-1.98798139433944,-0.0572187545241973));
#13132=CARTESIAN_POINT('Ctrl Pts',(2.30610233614105,-1.96883132062213,-0.0619685182872158));
#13133=CARTESIAN_POINT('Ctrl Pts',(2.27199422242333,-1.90805456585142,-0.0802618527590168));
#13134=CARTESIAN_POINT('Ctrl Pts',(2.25391977441197,-1.86504858282689,-0.0977294722474285));
#13135=CARTESIAN_POINT('Ctrl Pts',(2.22037582447501,-1.7518548739425,-0.148387637646105));
#13136=CARTESIAN_POINT('Ctrl Pts',(2.21213778146779,-1.67816245299469,-0.186165172583344));
#13137=CARTESIAN_POINT('Ctrl Pts',(2.21793934131931,-1.60124720259757,-0.223396722866684));
#13138=CARTESIAN_POINT('Ctrl Pts',(2.21798730019686,-1.6006236012711,-0.22369843744131));
#13139=CARTESIAN_POINT('Ctrl Pts',(2.21803618035479,-1.6,-0.224000002659857));
#13140=CARTESIAN_POINT('',(3.37600018884987,-1.6,-1.38196385068666));
#13141=CARTESIAN_POINT('Origin',(3.6,-1.6,0.));
#13142=CARTESIAN_POINT('',(3.55000016861595,-2.05152236159558,-1.23389629525595));
#13143=CARTESIAN_POINT('Ctrl Pts',(3.37600018884987,-1.6,-1.38196385068666));
#13144=CARTESIAN_POINT('Ctrl Pts',(3.37630175401406,-1.60062360114469,-1.38201273079289));
#13145=CARTESIAN_POINT('Ctrl Pts',(3.37660346853418,-1.60124720234498,-1.3820606896191));
#13146=CARTESIAN_POINT('Ctrl Pts',(3.41383502637734,-1.67816246670908,-1.38786224541109));
#13147=CARTESIAN_POINT('Ctrl Pts',(3.45161256706051,-1.7518549003535,-1.37962419307675));
#13148=CARTESIAN_POINT('Ctrl Pts',(3.50227072733171,-1.86504861433928,-1.34608022679029));
#13149=CARTESIAN_POINT('Ctrl Pts',(3.51973834066072,-1.90805459189579,-1.32800577609468));
#13150=CARTESIAN_POINT('Ctrl Pts',(3.53803166513581,-1.96883133671573,-1.29389766247039));
#13151=CARTESIAN_POINT('Ctrl Pts',(3.54278142545036,-1.98798140589017,-1.2818147121383));
#13152=CARTESIAN_POINT('Ctrl Pts',(3.54720858671925,-2.01425937753588,-1.26323658391883));
#13153=CARTESIAN_POINT('Ctrl Pts',(3.54822794682516,-2.02186072167084,-1.25761501273937));
#13154=CARTESIAN_POINT('Ctrl Pts',(3.54928958451962,-2.03326460278785,-1.24879474715979));
#13155=CARTESIAN_POINT('Ctrl Pts',(3.54956613736522,-2.03714977444,-1.24571953936316));
#13156=CARTESIAN_POINT('Ctrl Pts',(3.54989511719693,-2.0441380436021,-1.24005905321267));
#13157=CARTESIAN_POINT('Ctrl Pts',(3.54997968047992,-2.04725324535815,-1.23748817247703));
#13158=CARTESIAN_POINT('Ctrl Pts',(3.54999907040038,-2.05073743453565,-1.23455862005982));
#13159=CARTESIAN_POINT('Ctrl Pts',(3.55000016861595,-2.05113008850359,-1.23422768892518));
#13160=CARTESIAN_POINT('Ctrl Pts',(3.55000016861595,-2.05152236159558,-1.23389629525595));
#13161=CARTESIAN_POINT('Ctrl Pts',(3.55000016861595,-2.05152236159558,-1.23389629525595));
#13162=CARTESIAN_POINT('Ctrl Pts',(3.55000016861595,-2.06696494678845,-1.22085034570188));
#13163=CARTESIAN_POINT('Ctrl Pts',(3.55000016861595,-2.08151701877826,-1.20739777242013));
#13164=CARTESIAN_POINT('Ctrl Pts',(3.55000016861595,-2.15605726214519,-1.13279219326374));
#13165=CARTESIAN_POINT('Ctrl Pts',(3.55000016861595,-2.21363014386244,-1.04653514592727));
#13166=CARTESIAN_POINT('Ctrl Pts',(3.55000016861595,-2.26429108957582,-0.924116214453834));
#13167=CARTESIAN_POINT('Ctrl Pts',(3.55000016861595,-2.2791227781047,-0.875509909477756));
#13168=CARTESIAN_POINT('Ctrl Pts',(3.55000016861595,-2.28826315258456,-0.826135622913303));
#13169=CARTESIAN_POINT('Origin',(2.77386441848202,5.7,-0.0500000023748726));
#13170=CARTESIAN_POINT('',(2.77386441848202,5.6,-0.0500000023748728));
#13171=CARTESIAN_POINT('',(2.77386441848202,5.7,-0.0500000023748727));
#13172=CARTESIAN_POINT('',(2.36610373245963,5.6,-0.0500000023748726));
#13173=CARTESIAN_POINT('',(2.36610373245963,5.6,-0.0500000023748726));
#13174=CARTESIAN_POINT('',(2.36610373245963,5.7,-0.0500000023748726));
#13175=CARTESIAN_POINT('Origin',(2.77386441848202,5.7,-0.200000002374873));
#13176=CARTESIAN_POINT('',(2.91965305051461,5.6,-0.164705884308718));
#13177=CARTESIAN_POINT('',(2.91965305051461,5.7,-0.164705884308719));
#13178=CARTESIAN_POINT('Origin',(2.77386441848202,5.6,-0.200000002374873));
#13179=CARTESIAN_POINT('Origin',(3.40000016861595,5.7,-0.826135622913303));
#13180=CARTESIAN_POINT('',(3.55000016861595,5.6,-0.826135622913303));
#13181=CARTESIAN_POINT('',(3.55000016861595,5.7,-0.826135622913303));
#13182=CARTESIAN_POINT('',(3.43529425650725,5.6,-0.680346983575661));
#13183=CARTESIAN_POINT('Origin',(3.40000016861595,5.6,-0.826135622913303));
#13184=CARTESIAN_POINT('',(3.43529425650725,5.7,-0.680346983575661));
#13185=CARTESIAN_POINT('Ctrl Pts',(3.65652170719917,-1.6,-1.39885856919679));
#13186=CARTESIAN_POINT('Ctrl Pts',(4.94672723881088,-1.6,-1.34672705219406));
#13187=CARTESIAN_POINT('Ctrl Pts',(4.99885857702903,-1.6,-0.0565215133584561));
#13188=CARTESIAN_POINT('Ctrl Pts',(3.65652170719917,-2.3,-1.39885856919679));
#13189=CARTESIAN_POINT('Ctrl Pts',(4.94672723881088,-2.3,-1.34672705219406));
#13190=CARTESIAN_POINT('Ctrl Pts',(4.99885857702903,-2.3,-0.0565215133584561));
#13191=CARTESIAN_POINT('Ctrl Pts',(3.62826085359958,-2.3,-0.699429284598395));
#13192=CARTESIAN_POINT('Ctrl Pts',(4.27336361940544,-2.3,-0.673363526097029));
#13193=CARTESIAN_POINT('Ctrl Pts',(4.29942928851451,-2.3,-0.0282607566792281));
#13194=CARTESIAN_POINT('',(4.42613558151798,-2.28826315833202,-0.0500000023748726));
#13195=CARTESIAN_POINT('',(4.2803469494854,-2.3,-0.164705884308719));
#13196=CARTESIAN_POINT('Ctrl Pts',(4.42613558151798,-2.28826315833202,-0.0500000023748726));
#13197=CARTESIAN_POINT('Ctrl Pts',(4.42189338556902,-2.28904849118561,-0.0500000023748726));
#13198=CARTESIAN_POINT('Ctrl Pts',(4.41764597378511,-2.28979227019932,-0.0501799511692136));
#13199=CARTESIAN_POINT('Ctrl Pts',(4.40104633653027,-2.29253633201777,-0.051593935965277));
#13200=CARTESIAN_POINT('Ctrl Pts',(4.38882373889814,-2.29419946159019,-0.0541779248603498));
#13201=CARTESIAN_POINT('Ctrl Pts',(4.36383903714623,-2.29696267921098,-0.0628375385871036));
#13202=CARTESIAN_POINT('Ctrl Pts',(4.3513414209287,-2.29795782792536,-0.0692260524045914));
#13203=CARTESIAN_POINT('Ctrl Pts',(4.32689183264496,-2.29937410418206,-0.0864087422554218));
#13204=CARTESIAN_POINT('Ctrl Pts',(4.3154212478295,-2.2996966218486,-0.0975541255547809));
#13205=CARTESIAN_POINT('Ctrl Pts',(4.29966368409492,-2.29995124270562,-0.118673183942762));
#13206=CARTESIAN_POINT('Ctrl Pts',(4.2943064065105,-2.29997960524338,-0.127679268371508));
#13207=CARTESIAN_POINT('Ctrl Pts',(4.2858483412542,-2.30000275103668,-0.146014918872553));
#13208=CARTESIAN_POINT('Ctrl Pts',(4.28263917992288,-2.3,-0.155237418793922));
#13209=CARTESIAN_POINT('Ctrl Pts',(4.2803469494854,-2.3,-0.164705884308719));
#13210=CARTESIAN_POINT('',(3.76470602512469,-2.3,-0.680346915395098));
#13211=CARTESIAN_POINT('Origin',(3.6,-2.3,0.));
#13212=CARTESIAN_POINT('',(3.6500001733657,-2.28826316407947,-0.826135540122619));
#13213=CARTESIAN_POINT('Ctrl Pts',(3.76470602512469,-2.3,-0.680346915395098));
#13214=CARTESIAN_POINT('Ctrl Pts',(3.74546089440376,-2.3,-0.685005992863257));
#13215=CARTESIAN_POINT('Ctrl Pts',(3.72733236323722,-2.3000421785633,-0.693428832146216));
#13216=CARTESIAN_POINT('Ctrl Pts',(3.69960616389264,-2.29973051194919,-0.713736571008659));
#13217=CARTESIAN_POINT('Ctrl Pts',(3.68916858610124,-2.29946206052569,-0.724015538999017));
#13218=CARTESIAN_POINT('Ctrl Pts',(3.67042008981656,-2.29816842296329,-0.748795224508857));
#13219=CARTESIAN_POINT('Ctrl Pts',(3.66272601065897,-2.29704681783589,-0.763478870233975));
#13220=CARTESIAN_POINT('Ctrl Pts',(3.65402721327213,-2.29405459505598,-0.789810178759163));
#13221=CARTESIAN_POINT('Ctrl Pts',(3.65172011760807,-2.29254200888353,-0.80085996681861));
#13222=CARTESIAN_POINT('Ctrl Pts',(3.65022120298093,-2.28995280288508,-0.816726269222017));
#13223=CARTESIAN_POINT('Ctrl Pts',(3.6500001733657,-2.2891335425909,-0.82143394492978));
#13224=CARTESIAN_POINT('Ctrl Pts',(3.6500001733657,-2.28826316407947,-0.826135540122621));
#13225=CARTESIAN_POINT('',(3.6500001733657,-2.0515224108063,-1.23389623982476));
#13226=CARTESIAN_POINT('Ctrl Pts',(3.6500001733657,-2.28826316407947,-0.826135540122619));
#13227=CARTESIAN_POINT('Ctrl Pts',(3.6500001733657,-2.27911742945183,-0.875538807087283));
#13228=CARTESIAN_POINT('Ctrl Pts',(3.6500001733657,-2.26427329427308,-0.924174303589574));
#13229=CARTESIAN_POINT('Ctrl Pts',(3.6500001733657,-2.21357583096836,-1.04663799933544));
#13230=CARTESIAN_POINT('Ctrl Pts',(3.6500001733657,-2.15596813750574,-1.13291204252653));
#13231=CARTESIAN_POINT('Ctrl Pts',(3.6500001733657,-2.08142859212383,-1.20747949083195));
#13232=CARTESIAN_POINT('Ctrl Pts',(3.6500001733657,-2.06691848229636,-1.2208895826338));
#13233=CARTESIAN_POINT('Ctrl Pts',(3.6500001733657,-2.0515224108063,-1.23389623982476));
#13234=CARTESIAN_POINT('',(3.82400019416958,-1.6,-1.38196378860374));
#13235=CARTESIAN_POINT('Ctrl Pts',(3.6500001733657,-2.0515224108063,-1.23389623982476));
#13236=CARTESIAN_POINT('Ctrl Pts',(3.6500001733657,-2.05113012252514,-1.23422764639146));
#13237=CARTESIAN_POINT('Ctrl Pts',(3.65000127166675,-2.0507374533382,-1.23455859038756));
#13238=CARTESIAN_POINT('Ctrl Pts',(3.65002066243288,-2.04725324766199,-1.23748815671356));
#13239=CARTESIAN_POINT('Ctrl Pts',(3.65010522644079,-2.04413804463449,-1.24005903849211));
#13240=CARTESIAN_POINT('Ctrl Pts',(3.65043420798344,-2.03714977261384,-1.24571952686107));
#13241=CARTESIAN_POINT('Ctrl Pts',(3.65071076183679,-2.03326459936447,-1.24879473581314));
#13242=CARTESIAN_POINT('Ctrl Pts',(3.651772402625,-2.02186071356388,-1.25761500454525));
#13243=CARTESIAN_POINT('Ctrl Pts',(3.65279176496267,-2.01425936627797,-1.26323657755664));
#13244=CARTESIAN_POINT('Ctrl Pts',(3.65721893449876,-1.98798138278871,-1.28181471186139));
#13245=CARTESIAN_POINT('Ctrl Pts',(3.66196870171025,-1.96883130452853,-1.29389766524748));
#13246=CARTESIAN_POINT('Ctrl Pts',(3.68026204617876,-1.90805453980706,-1.32800577905863));
#13247=CARTESIAN_POINT('Ctrl Pts',(3.69772967182657,-1.8650485513145,-1.34608022438574));
#13248=CARTESIAN_POINT('Ctrl Pts',(3.74838784235113,-1.75185484753506,-1.37962415797214));
#13249=CARTESIAN_POINT('Ctrl Pts',(3.78616537154189,-1.67816243928417,-1.38786219165363));
#13250=CARTESIAN_POINT('Ctrl Pts',(3.82339691426754,-1.60124720285018,-1.38206062774225));
#13251=CARTESIAN_POINT('Ctrl Pts',(3.82369862889669,-1.60062360139749,-1.38201266881336));
#13252=CARTESIAN_POINT('Ctrl Pts',(3.82400019416958,-1.6,-1.38196378860374));
#13253=CARTESIAN_POINT('',(4.98196381964521,-1.6,-0.224000002659858));
#13254=CARTESIAN_POINT('Origin',(3.6,-1.6,0.));
#13255=CARTESIAN_POINT('',(4.83389626754037,-2.05152238620094,-0.0500000023748721));
#13256=CARTESIAN_POINT('Ctrl Pts',(4.98196381964521,-1.6,-0.224000002659857));
#13257=CARTESIAN_POINT('Ctrl Pts',(4.98201269980314,-1.60062360127106,-0.223698437441331));
#13258=CARTESIAN_POINT('Ctrl Pts',(4.9820606586807,-1.6012472025975,-0.223396722866649));
#13259=CARTESIAN_POINT('Ctrl Pts',(4.9878622185306,-1.67816245297735,-0.186165172593703));
#13260=CARTESIAN_POINT('Ctrl Pts',(4.97962417553001,-1.75185487392558,-0.148387637653679));
#13261=CARTESIAN_POINT('Ctrl Pts',(4.94608022558803,-1.8650485828269,-0.0977294722474225));
#13262=CARTESIAN_POINT('Ctrl Pts',(4.92800577757667,-1.90805456585143,-0.0802618527590126));
#13263=CARTESIAN_POINT('Ctrl Pts',(4.89389766385895,-1.96883132062213,-0.0619685182872149));
#13264=CARTESIAN_POINT('Ctrl Pts',(4.88181471199986,-1.98798139433945,-0.0572187545241961));
#13265=CARTESIAN_POINT('Ctrl Pts',(4.86323658073775,-2.01425937190692,-0.0527915891217092));
#13266=CARTESIAN_POINT('Ctrl Pts',(4.85761500864233,-2.02186071761736,-0.0517722278999188));
#13267=CARTESIAN_POINT('Ctrl Pts',(4.84879474148647,-2.03326460107617,-0.0507105886585805));
#13268=CARTESIAN_POINT('Ctrl Pts',(4.84571953311213,-2.03714977352693,-0.0504340353091089));
#13269=CARTESIAN_POINT('Ctrl Pts',(4.84005904585241,-2.04413804411828,-0.0501050546219293));
#13270=CARTESIAN_POINT('Ctrl Pts',(4.83748816459531,-2.04725324651007,-0.0500204909764754));
#13271=CARTESIAN_POINT('Ctrl Pts',(4.8345586052237,-2.05073744393692,-0.0500011006331843));
#13272=CARTESIAN_POINT('Ctrl Pts',(4.83422766765833,-2.05113010551437,-0.0500000023748721));
#13273=CARTESIAN_POINT('Ctrl Pts',(4.83389626754037,-2.05152238620094,-0.0500000023748721));
#13274=CARTESIAN_POINT('Ctrl Pts',(4.83389626754037,-2.05152238620094,-0.0500000023748726));
#13275=CARTESIAN_POINT('Ctrl Pts',(4.82088960364826,-2.06691846714687,-0.0500000023748726));
#13276=CARTESIAN_POINT('Ctrl Pts',(4.80747950450481,-2.08142858557918,-0.0500000023748726));
#13277=CARTESIAN_POINT('Ctrl Pts',(4.73291204920409,-2.15596813814448,-0.0500000023748726));
#13278=CARTESIAN_POINT('Ctrl Pts',(4.64663800654521,-2.21357583151688,-0.0500000023748726));
#13279=CARTESIAN_POINT('Ctrl Pts',(4.52417432095584,-2.26427329081297,-0.0500000023748726));
#13280=CARTESIAN_POINT('Ctrl Pts',(4.47553883690655,-2.27911742343482,-0.0500000023748726));
#13281=CARTESIAN_POINT('Ctrl Pts',(4.42613558151798,-2.28826315833202,-0.0500000023748726));
#13282=CARTESIAN_POINT('Origin',(3.6500001733657,5.7,-0.826135540122619));
#13283=CARTESIAN_POINT('',(3.6500001733657,5.6,-0.826135540122619));
#13284=CARTESIAN_POINT('',(3.6500001733657,5.7,-0.826135540122619));
#13285=CARTESIAN_POINT('',(3.6500001733657,5.6,-1.23389623982476));
#13286=CARTESIAN_POINT('',(3.6500001733657,5.6,-1.23389623982476));
#13287=CARTESIAN_POINT('',(3.6500001733657,5.7,-1.23389623982476));
#13288=CARTESIAN_POINT('Origin',(3.8000001733657,5.7,-0.826135540122619));
#13289=CARTESIAN_POINT('',(3.76470602512469,5.6,-0.680346915395098));
#13290=CARTESIAN_POINT('',(3.76470602512469,5.7,-0.680346915395098));
#13291=CARTESIAN_POINT('Origin',(3.8000001733657,5.6,-0.826135540122619));
#13292=CARTESIAN_POINT('Origin',(4.42613558151798,5.7,-0.200000002374873));
#13293=CARTESIAN_POINT('',(4.42613558151798,5.6,-0.0500000023748726));
#13294=CARTESIAN_POINT('',(4.42613558151798,5.7,-0.0500000023748726));
#13295=CARTESIAN_POINT('',(4.2803469494854,5.6,-0.164705884308719));
#13296=CARTESIAN_POINT('Origin',(4.42613558151798,5.6,-0.200000002374873));
#13297=CARTESIAN_POINT('',(4.2803469494854,5.7,-0.164705884308719));
#13298=CARTESIAN_POINT('Ctrl Pts',(4.99885857702903,-1.6,0.0565215133584566));
#13299=CARTESIAN_POINT('Ctrl Pts',(4.94672723881088,-1.6,1.34672705219406));
#13300=CARTESIAN_POINT('Ctrl Pts',(3.65652170719917,-1.6,1.39885856919679));
#13301=CARTESIAN_POINT('Ctrl Pts',(4.99885857702903,-2.3,0.0565215133584566));
#13302=CARTESIAN_POINT('Ctrl Pts',(4.94672723881088,-2.3,1.34672705219406));
#13303=CARTESIAN_POINT('Ctrl Pts',(3.65652170719917,-2.3,1.39885856919679));
#13304=CARTESIAN_POINT('Ctrl Pts',(4.29942928851451,-2.3,0.0282607566792283));
#13305=CARTESIAN_POINT('Ctrl Pts',(4.27336361940544,-2.3,0.673363526097028));
#13306=CARTESIAN_POINT('Ctrl Pts',(3.62826085359958,-2.3,0.699429284598395));
#13307=CARTESIAN_POINT('',(3.6500001733657,-2.28826316407947,0.826135540122618));
#13308=CARTESIAN_POINT('',(3.76470602512469,-2.3,0.680346915395098));
#13309=CARTESIAN_POINT('Ctrl Pts',(3.6500001733657,-2.28826316407947,0.826135540122618));
#13310=CARTESIAN_POINT('Ctrl Pts',(3.6500001733657,-2.28904849659352,0.821893344888756));
#13311=CARTESIAN_POINT('Ctrl Pts',(3.65018012209937,-2.28979227527668,0.817645933822731));
#13312=CARTESIAN_POINT('Ctrl Pts',(3.65159410869324,-2.29253634026564,0.801046272641432));
#13313=CARTESIAN_POINT('Ctrl Pts',(3.65417810559636,-2.29419947175583,0.788823651037916));
#13314=CARTESIAN_POINT('Ctrl Pts',(3.66283774139915,-2.29696268835749,0.76383892440613));
#13315=CARTESIAN_POINT('Ctrl Pts',(3.66922626456628,-2.29795783524808,0.751341306498564));
#13316=CARTESIAN_POINT('Ctrl Pts',(3.68640897501066,-2.29937410795572,0.726891719760798));
#13317=CARTESIAN_POINT('Ctrl Pts',(3.69755436919909,-2.29969662408228,0.715421138502704));
#13318=CARTESIAN_POINT('Ctrl Pts',(3.71867342247775,-2.29995124312484,0.699663601321124));
#13319=CARTESIAN_POINT('Ctrl Pts',(3.72767948772014,-2.29997960541454,0.694306340559526));
#13320=CARTESIAN_POINT('Ctrl Pts',(3.7460150989629,-2.30000275101429,0.685848297757331));
#13321=CARTESIAN_POINT('Ctrl Pts',(3.75523757968519,-2.3,0.68263914304714));
#13322=CARTESIAN_POINT('Ctrl Pts',(3.76470602512469,-2.3,0.680346915395098));
#13323=CARTESIAN_POINT('',(4.28034694948539,-2.3,0.164705884308719));
#13324=CARTESIAN_POINT('Origin',(3.6,-2.3,0.));
#13325=CARTESIAN_POINT('',(4.42613558151798,-2.28826315833202,0.0500000023748723));
#13326=CARTESIAN_POINT('Ctrl Pts',(4.28034694948539,-2.3,0.164705884308719));
#13327=CARTESIAN_POINT('Ctrl Pts',(4.28500602297026,-2.3,0.145460752623466));
#13328=CARTESIAN_POINT('Ctrl Pts',(4.29342885850104,-2.3000421785633,0.127332219713587));
#13329=CARTESIAN_POINT('Ctrl Pts',(4.31373658811851,-2.299730512003,0.0996060209529424));
#13330=CARTESIAN_POINT('Ctrl Pts',(4.32401554910654,-2.29946206074317,0.0891684447167779));
#13331=CARTESIAN_POINT('Ctrl Pts',(4.34879521504904,-2.29816842446554,0.0704199505776731));
#13332=CARTESIAN_POINT('Ctrl Pts',(4.36347884759185,-2.29704682079086,0.0627258701922311));
#13333=CARTESIAN_POINT('Ctrl Pts',(4.38981016581361,-2.29405459854948,0.0540270537925271));
#13334=CARTESIAN_POINT('Ctrl Pts',(4.40085997870153,-2.29254200915322,0.0517199497080765));
#13335=CARTESIAN_POINT('Ctrl Pts',(4.41672630793799,-2.28995279806899,0.050221032115853));
#13336=CARTESIAN_POINT('Ctrl Pts',(4.42143398498762,-2.28913353732065,0.0500000023748723));
#13337=CARTESIAN_POINT('Ctrl Pts',(4.42613558151798,-2.28826315833202,0.0500000023748723));
#13338=CARTESIAN_POINT('',(4.83389626754037,-2.05152238620094,0.0500000023748726));
#13339=CARTESIAN_POINT('Ctrl Pts',(4.42613558151798,-2.28826315833202,0.0500000023748726));
#13340=CARTESIAN_POINT('Ctrl Pts',(4.47553883690655,-2.27911742343482,0.0500000023748726));
#13341=CARTESIAN_POINT('Ctrl Pts',(4.52417432095584,-2.26427329081297,0.0500000023748726));
#13342=CARTESIAN_POINT('Ctrl Pts',(4.64663800654521,-2.21357583151688,0.0500000023748726));
#13343=CARTESIAN_POINT('Ctrl Pts',(4.73291204920409,-2.15596813814448,0.0500000023748726));
#13344=CARTESIAN_POINT('Ctrl Pts',(4.80747950450481,-2.08142858557918,0.0500000023748726));
#13345=CARTESIAN_POINT('Ctrl Pts',(4.82088960364826,-2.06691846714688,0.0500000023748726));
#13346=CARTESIAN_POINT('Ctrl Pts',(4.83389626754037,-2.05152238620094,0.0500000023748726));
#13347=CARTESIAN_POINT('',(4.98196381964521,-1.6,0.224000002659858));
#13348=CARTESIAN_POINT('Ctrl Pts',(4.83389626754037,-2.05152238620094,0.0500000023748726));
#13349=CARTESIAN_POINT('Ctrl Pts',(4.83422766765833,-2.05113010551437,0.0500000023748726));
#13350=CARTESIAN_POINT('Ctrl Pts',(4.8345586052237,-2.05073744393692,0.0500011006331847));
#13351=CARTESIAN_POINT('Ctrl Pts',(4.83748816459531,-2.04725324651006,0.0500204909764758));
#13352=CARTESIAN_POINT('Ctrl Pts',(4.84005904585241,-2.04413804411828,0.0501050546219299));
#13353=CARTESIAN_POINT('Ctrl Pts',(4.84571953311212,-2.03714977352693,0.0504340353091093));
#13354=CARTESIAN_POINT('Ctrl Pts',(4.84879474148647,-2.03326460107618,0.0507105886585806));
#13355=CARTESIAN_POINT('Ctrl Pts',(4.85761500864233,-2.02186071761736,0.0517722278999194));
#13356=CARTESIAN_POINT('Ctrl Pts',(4.86323658073776,-2.01425937190692,0.0527915891217103));
#13357=CARTESIAN_POINT('Ctrl Pts',(4.88181471199986,-1.98798139433945,0.0572187545241967));
#13358=CARTESIAN_POINT('Ctrl Pts',(4.89389766385895,-1.96883132062213,0.0619685182872161));
#13359=CARTESIAN_POINT('Ctrl Pts',(4.92800577757667,-1.90805456585143,0.0802618527590125));
#13360=CARTESIAN_POINT('Ctrl Pts',(4.94608022558803,-1.86504858282691,0.0977294722474212));
#13361=CARTESIAN_POINT('Ctrl Pts',(4.97962417551983,-1.75185487395993,0.148387637638307));
#13362=CARTESIAN_POINT('Ctrl Pts',(4.98786221853387,-1.67816245301246,0.186165172572671));
#13363=CARTESIAN_POINT('Ctrl Pts',(4.98206065868069,-1.6012472025977,0.223396722866689));
#13364=CARTESIAN_POINT('Ctrl Pts',(4.98201269980314,-1.60062360127108,0.223698437441322));
#13365=CARTESIAN_POINT('Ctrl Pts',(4.98196381964521,-1.6,0.224000002659858));
#13366=CARTESIAN_POINT('',(3.82400019416958,-1.6,1.38196378860374));
#13367=CARTESIAN_POINT('Origin',(3.6,-1.6,0.));
#13368=CARTESIAN_POINT('',(3.6500001733657,-2.0515224108063,1.23389623982476));
#13369=CARTESIAN_POINT('Ctrl Pts',(3.82400019416958,-1.6,1.38196378860374));
#13370=CARTESIAN_POINT('Ctrl Pts',(3.82369862889665,-1.60062360139757,1.38201266881337));
#13371=CARTESIAN_POINT('Ctrl Pts',(3.82339691426756,-1.60124720284999,1.38206062774225));
#13372=CARTESIAN_POINT('Ctrl Pts',(3.78616537155284,-1.67816243926569,1.38786219165193));
#13373=CARTESIAN_POINT('Ctrl Pts',(3.74838784235916,-1.75185484751713,1.37962415797746));
#13374=CARTESIAN_POINT('Ctrl Pts',(3.69772967182658,-1.86504855131449,1.34608022438575));
#13375=CARTESIAN_POINT('Ctrl Pts',(3.68026204617876,-1.90805453980704,1.32800577905864));
#13376=CARTESIAN_POINT('Ctrl Pts',(3.66196870171025,-1.96883130452852,1.29389766524749));
#13377=CARTESIAN_POINT('Ctrl Pts',(3.65721893449876,-1.98798138278871,1.28181471186139));
#13378=CARTESIAN_POINT('Ctrl Pts',(3.65279176496267,-2.01425936627796,1.26323657755666));
#13379=CARTESIAN_POINT('Ctrl Pts',(3.651772402625,-2.02186071356387,1.25761500454526));
#13380=CARTESIAN_POINT('Ctrl Pts',(3.65071076183678,-2.03326459936451,1.24879473581311));
#13381=CARTESIAN_POINT('Ctrl Pts',(3.65043420798344,-2.03714977261386,1.24571952686106));
#13382=CARTESIAN_POINT('Ctrl Pts',(3.65010522644079,-2.04413804463445,1.24005903849214));
#13383=CARTESIAN_POINT('Ctrl Pts',(3.65002066243288,-2.04725324766197,1.23748815671358));
#13384=CARTESIAN_POINT('Ctrl Pts',(3.65000127166675,-2.0507374533382,1.23455859038756));
#13385=CARTESIAN_POINT('Ctrl Pts',(3.6500001733657,-2.05113012252514,1.23422764639146));
#13386=CARTESIAN_POINT('Ctrl Pts',(3.6500001733657,-2.0515224108063,1.23389623982476));
#13387=CARTESIAN_POINT('Ctrl Pts',(3.6500001733657,-2.0515224108063,1.23389623982476));
#13388=CARTESIAN_POINT('Ctrl Pts',(3.6500001733657,-2.06691848229636,1.2208895826338));
#13389=CARTESIAN_POINT('Ctrl Pts',(3.6500001733657,-2.08142859212383,1.20747949083195));
#13390=CARTESIAN_POINT('Ctrl Pts',(3.6500001733657,-2.15596813750574,1.13291204252653));
#13391=CARTESIAN_POINT('Ctrl Pts',(3.6500001733657,-2.21357583096836,1.04663799933544));
#13392=CARTESIAN_POINT('Ctrl Pts',(3.6500001733657,-2.26427329427308,0.924174303589575));
#13393=CARTESIAN_POINT('Ctrl Pts',(3.6500001733657,-2.27911742945183,0.875538807087283));
#13394=CARTESIAN_POINT('Ctrl Pts',(3.6500001733657,-2.28826316407947,0.826135540122618));
#13395=CARTESIAN_POINT('Origin',(4.42613558151798,5.7,0.0500000023748726));
#13396=CARTESIAN_POINT('',(4.42613558151798,5.6,0.0500000023748723));
#13397=CARTESIAN_POINT('',(4.42613558151798,5.7,0.0500000023748723));
#13398=CARTESIAN_POINT('',(4.83389626754037,5.6,0.0500000023748726));
#13399=CARTESIAN_POINT('',(4.83389626754037,5.6,0.0500000023748726));
#13400=CARTESIAN_POINT('',(4.83389626754037,5.7,0.0500000023748726));
#13401=CARTESIAN_POINT('Origin',(4.42613558151798,5.7,0.200000002374873));
#13402=CARTESIAN_POINT('',(4.28034694948539,5.6,0.164705884308719));
#13403=CARTESIAN_POINT('',(4.28034694948539,5.7,0.164705884308719));
#13404=CARTESIAN_POINT('Origin',(4.42613558151798,5.6,0.200000002374873));
#13405=CARTESIAN_POINT('Origin',(3.8000001733657,5.7,0.826135540122618));
#13406=CARTESIAN_POINT('',(3.6500001733657,5.6,0.826135540122618));
#13407=CARTESIAN_POINT('',(3.6500001733657,5.7,0.826135540122618));
#13408=CARTESIAN_POINT('',(3.76470602512469,5.6,0.680346915395098));
#13409=CARTESIAN_POINT('Origin',(3.8000001733657,5.6,0.826135540122618));
#13410=CARTESIAN_POINT('',(3.76470602512469,5.7,0.680346915395098));
#13411=CARTESIAN_POINT('Ctrl Pts',(3.54347868048225,-1.6,1.39885858486123));
#13412=CARTESIAN_POINT('Ctrl Pts',(2.25327277568412,-1.6,1.34672741093273));
#13413=CARTESIAN_POINT('Ctrl Pts',(2.20114142297098,-1.6,0.0565215133584569));
#13414=CARTESIAN_POINT('Ctrl Pts',(3.54347868048225,-2.3,1.39885858486123));
#13415=CARTESIAN_POINT('Ctrl Pts',(2.25327277568412,-2.3,1.34672741093273));
#13416=CARTESIAN_POINT('Ctrl Pts',(2.20114142297098,-2.3,0.0565215133584569));
#13417=CARTESIAN_POINT('Ctrl Pts',(3.57173934024112,-2.3,0.699429292430616));
#13418=CARTESIAN_POINT('Ctrl Pts',(2.92663638784206,-2.3,0.673363705466363));
#13419=CARTESIAN_POINT('Ctrl Pts',(2.90057071148549,-2.3,0.0282607566792284));
#13420=CARTESIAN_POINT('',(2.77386441848202,-2.28826315833202,0.0500000023748726));
#13421=CARTESIAN_POINT('',(2.9196530505146,-2.3,0.164705884308718));
#13422=CARTESIAN_POINT('Ctrl Pts',(2.77386441848202,-2.28826315833202,0.0500000023748726));
#13423=CARTESIAN_POINT('Ctrl Pts',(2.77810661443098,-2.28904849118561,0.0500000023748726));
#13424=CARTESIAN_POINT('Ctrl Pts',(2.78235402621489,-2.28979227019932,0.0501799511692135));
#13425=CARTESIAN_POINT('Ctrl Pts',(2.79895366346973,-2.29253633201777,0.051593935965277));
#13426=CARTESIAN_POINT('Ctrl Pts',(2.81117626110186,-2.29419946159019,0.0541779248603501));
#13427=CARTESIAN_POINT('Ctrl Pts',(2.83616096285377,-2.29696267921098,0.0628375385871031));
#13428=CARTESIAN_POINT('Ctrl Pts',(2.8486585790713,-2.29795782792536,0.0692260524045893));
#13429=CARTESIAN_POINT('Ctrl Pts',(2.87310816735504,-2.29937410418206,0.086408742255422));
#13430=CARTESIAN_POINT('Ctrl Pts',(2.8845787521705,-2.2996966218486,0.0975541255547817));
#13431=CARTESIAN_POINT('Ctrl Pts',(2.90033631590509,-2.29995124270562,0.118673183942764));
#13432=CARTESIAN_POINT('Ctrl Pts',(2.9056935934895,-2.29997960524338,0.127679268371512));
#13433=CARTESIAN_POINT('Ctrl Pts',(2.9141516587458,-2.30000275103668,0.146014918872552));
#13434=CARTESIAN_POINT('Ctrl Pts',(2.91736082007712,-2.3,0.155237418793921));
#13435=CARTESIAN_POINT('Ctrl Pts',(2.9196530505146,-2.3,0.164705884308719));
#13436=CARTESIAN_POINT('',(3.43529425650725,-2.3,0.680346983575661));
#13437=CARTESIAN_POINT('Origin',(3.6,-2.3,0.));
#13438=CARTESIAN_POINT('',(3.55000016861595,-2.28826315258456,0.826135622913303));
#13439=CARTESIAN_POINT('Ctrl Pts',(3.43529425650725,-2.3,0.680346983575661));
#13440=CARTESIAN_POINT('Ctrl Pts',(3.45453938915683,-2.3,0.685006053077234));
#13441=CARTESIAN_POINT('Ctrl Pts',(3.47266792381004,-2.3000421785633,0.693428884855829));
#13442=CARTESIAN_POINT('Ctrl Pts',(3.50039412198675,-2.29973051205681,0.713736605228323));
#13443=CARTESIAN_POINT('Ctrl Pts',(3.51083169666766,-2.29946206096064,0.724015559214025));
#13444=CARTESIAN_POINT('Ctrl Pts',(3.52958018866117,-2.2981684259678,0.748795205589162));
#13445=CARTESIAN_POINT('Ctrl Pts',(3.53727427027446,-2.29704682374583,0.763478824949658));
#13446=CARTESIAN_POINT('Ctrl Pts',(3.54597310568706,-2.29405460204298,0.789810152868026));
#13447=CARTESIAN_POINT('Ctrl Pts',(3.54828021819193,-2.29254200942291,0.800859990584464));
#13448=CARTESIAN_POINT('Ctrl Pts',(3.54977913874922,-2.28995279325288,0.816726346653991));
#13449=CARTESIAN_POINT('Ctrl Pts',(3.55000016861595,-2.28913353205039,0.821434025045464));
#13450=CARTESIAN_POINT('Ctrl Pts',(3.55000016861595,-2.28826315258456,0.826135622913303));
#13451=CARTESIAN_POINT('',(3.55000016861595,-2.05152236159558,1.23389629525595));
#13452=CARTESIAN_POINT('Ctrl Pts',(3.55000016861595,-2.28826315258456,0.826135622913303));
#13453=CARTESIAN_POINT('Ctrl Pts',(3.55000016861595,-2.27911741741781,0.875538866725772));
#13454=CARTESIAN_POINT('Ctrl Pts',(3.55000016861595,-2.26427328735286,0.924174338322083));
#13455=CARTESIAN_POINT('Ctrl Pts',(3.55000016861595,-2.2135758320654,1.04663801375495));
#13456=CARTESIAN_POINT('Ctrl Pts',(3.55000016861595,-2.15596813878321,1.13291205588163));
#13457=CARTESIAN_POINT('Ctrl Pts',(3.55000016861595,-2.08142857903452,1.20747951817766));
#13458=CARTESIAN_POINT('Ctrl Pts',(3.55000016861595,-2.06691845199739,1.2208896246627));
#13459=CARTESIAN_POINT('Ctrl Pts',(3.55000016861595,-2.05152236159558,1.23389629525595));
#13460=CARTESIAN_POINT('',(3.37600018884987,-1.6,1.38196385068666));
#13461=CARTESIAN_POINT('Ctrl Pts',(3.55000016861595,-2.05152236159558,1.23389629525595));
#13462=CARTESIAN_POINT('Ctrl Pts',(3.55000016861595,-2.05113008850359,1.23422768892518));
#13463=CARTESIAN_POINT('Ctrl Pts',(3.54999907040038,-2.05073743453565,1.23455862005981));
#13464=CARTESIAN_POINT('Ctrl Pts',(3.54997968047992,-2.04725324535814,1.23748817247703));
#13465=CARTESIAN_POINT('Ctrl Pts',(3.54989511719693,-2.04413804360208,1.24005905321268));
#13466=CARTESIAN_POINT('Ctrl Pts',(3.54956613736522,-2.03714977444001,1.24571953936316));
#13467=CARTESIAN_POINT('Ctrl Pts',(3.54928958451962,-2.03326460278786,1.24879474715978));
#13468=CARTESIAN_POINT('Ctrl Pts',(3.54822794682516,-2.02186072167084,1.25761501273937));
#13469=CARTESIAN_POINT('Ctrl Pts',(3.54720858671925,-2.01425937753588,1.26323658391884));
#13470=CARTESIAN_POINT('Ctrl Pts',(3.54278142545036,-1.98798140589018,1.28181471213829));
#13471=CARTESIAN_POINT('Ctrl Pts',(3.53803166513582,-1.96883133671575,1.29389766247038));
#13472=CARTESIAN_POINT('Ctrl Pts',(3.51973834066073,-1.90805459189581,1.32800577609467));
#13473=CARTESIAN_POINT('Ctrl Pts',(3.50227072733172,-1.8650486143393,1.34608022679028));
#13474=CARTESIAN_POINT('Ctrl Pts',(3.45161256703727,-1.75185490030155,1.37962419309215));
#13475=CARTESIAN_POINT('Ctrl Pts',(3.41383502634557,-1.67816246665572,1.38786224540614));
#13476=CARTESIAN_POINT('Ctrl Pts',(3.37660346853419,-1.6012472023446,1.3820606896191));
#13477=CARTESIAN_POINT('Ctrl Pts',(3.37630175401409,-1.60062360114475,1.3820127307929));
#13478=CARTESIAN_POINT('Ctrl Pts',(3.37600018884987,-1.6,1.38196385068666));
#13479=CARTESIAN_POINT('',(2.21803618035479,-1.6,0.224000002659857));
#13480=CARTESIAN_POINT('Origin',(3.6,-1.6,0.));
#13481=CARTESIAN_POINT('',(2.36610373245963,-2.05152238620094,0.050000002374873));
#13482=CARTESIAN_POINT('Ctrl Pts',(2.21803618035479,-1.6,0.224000002659857));
#13483=CARTESIAN_POINT('Ctrl Pts',(2.21798730019686,-1.6006236012711,0.223698437441309));
#13484=CARTESIAN_POINT('Ctrl Pts',(2.21793934131931,-1.60124720259757,0.223396722866686));
#13485=CARTESIAN_POINT('Ctrl Pts',(2.21213778146774,-1.67816245299534,0.18616517258299));
#13486=CARTESIAN_POINT('Ctrl Pts',(2.22037582447519,-1.75185487394309,0.148387637645839));
#13487=CARTESIAN_POINT('Ctrl Pts',(2.25391977441197,-1.86504858282689,0.0977294722474262));
#13488=CARTESIAN_POINT('Ctrl Pts',(2.27199422242333,-1.90805456585142,0.0802618527590156));
#13489=CARTESIAN_POINT('Ctrl Pts',(2.30610233614105,-1.96883132062213,0.0619685182872163));
#13490=CARTESIAN_POINT('Ctrl Pts',(2.31818528800014,-1.98798139433944,0.0572187545241973));
#13491=CARTESIAN_POINT('Ctrl Pts',(2.33676341926224,-2.01425937190692,0.052791589121711));
#13492=CARTESIAN_POINT('Ctrl Pts',(2.34238499135767,-2.02186071761736,0.0517722278999198));
#13493=CARTESIAN_POINT('Ctrl Pts',(2.35120525851353,-2.03326460107617,0.050710588658581));
#13494=CARTESIAN_POINT('Ctrl Pts',(2.35428046688788,-2.03714977352693,0.0504340353091096));
#13495=CARTESIAN_POINT('Ctrl Pts',(2.35994095414759,-2.04413804411827,0.0501050546219302));
#13496=CARTESIAN_POINT('Ctrl Pts',(2.36251183540469,-2.04725324651006,0.0500204909764762));
#13497=CARTESIAN_POINT('Ctrl Pts',(2.3654413947763,-2.05073744393692,0.050001100633185));
#13498=CARTESIAN_POINT('Ctrl Pts',(2.36577233234167,-2.05113010551436,0.050000002374873));
#13499=CARTESIAN_POINT('Ctrl Pts',(2.36610373245963,-2.05152238620094,0.050000002374873));
#13500=CARTESIAN_POINT('Ctrl Pts',(2.36610373245963,-2.05152238620094,0.0500000023748726));
#13501=CARTESIAN_POINT('Ctrl Pts',(2.37911039635174,-2.06691846714687,0.0500000023748726));
#13502=CARTESIAN_POINT('Ctrl Pts',(2.39252049549519,-2.08142858557918,0.0500000023748726));
#13503=CARTESIAN_POINT('Ctrl Pts',(2.46708795079591,-2.15596813814448,0.0500000023748726));
#13504=CARTESIAN_POINT('Ctrl Pts',(2.55336199345479,-2.21357583151688,0.0500000023748726));
#13505=CARTESIAN_POINT('Ctrl Pts',(2.67582567904416,-2.26427329081297,0.0500000023748726));
#13506=CARTESIAN_POINT('Ctrl Pts',(2.72446116309346,-2.27911742343482,0.0500000023748726));
#13507=CARTESIAN_POINT('Ctrl Pts',(2.77386441848202,-2.28826315833202,0.0500000023748726));
#13508=CARTESIAN_POINT('Origin',(3.6,5.7,0.));
#13509=CARTESIAN_POINT('',(3.37600018884987,5.6,1.38196385068666));
#13510=CARTESIAN_POINT('',(3.37600018884987,5.7,1.38196385068666));
#13511=CARTESIAN_POINT('',(2.21803618035479,5.6,0.224000002659857));
#13512=CARTESIAN_POINT('Origin',(3.6,5.6,0.));
#13513=CARTESIAN_POINT('',(2.21803618035479,5.7,0.224000002659857));
#13514=CARTESIAN_POINT('Origin',(3.40000016861595,5.7,1.23389629525595));
#13515=CARTESIAN_POINT('',(3.55000016861595,5.6,1.23389629525595));
#13516=CARTESIAN_POINT('',(3.55000016861595,5.7,1.23389629525595));
#13517=CARTESIAN_POINT('Origin',(3.40000016861595,5.6,1.23389629525595));
#13518=CARTESIAN_POINT('Origin',(3.55000016861595,5.7,0.826135622913303));
#13519=CARTESIAN_POINT('',(3.55000016861595,5.6,0.826135622913303));
#13520=CARTESIAN_POINT('',(3.55000016861595,5.7,0.826135622913303));
#13521=CARTESIAN_POINT('',(3.55000016861595,5.6,1.23389629525595));
#13522=CARTESIAN_POINT('Origin',(3.40000016861595,5.7,0.826135622913304));
#13523=CARTESIAN_POINT('',(3.43529425650725,5.6,0.680346983575661));
#13524=CARTESIAN_POINT('',(3.43529425650725,5.7,0.680346983575661));
#13525=CARTESIAN_POINT('Origin',(3.40000016861595,5.6,0.826135622913304));
#13526=CARTESIAN_POINT('Origin',(3.6,5.62,0.));
#13527=CARTESIAN_POINT('',(3.6,5.6,1.63));
#13528=CARTESIAN_POINT('Origin',(3.6,5.6,0.));
#13529=CARTESIAN_POINT('',(3.6,5.62,1.65));
#13530=CARTESIAN_POINT('Origin',(3.6,5.62,1.63));
#13531=CARTESIAN_POINT('',(1.95,5.62,-2.02066721859313E-16));
#13532=CARTESIAN_POINT('Origin',(3.6,5.62,0.));
#13533=CARTESIAN_POINT('Origin',(3.6,5.62,0.));
#13534=CARTESIAN_POINT('Origin',(3.6,5.7,0.));
#13535=CARTESIAN_POINT('',(1.95,5.7,-2.02066721859313E-16));
#13536=CARTESIAN_POINT('',(1.95,5.7,-2.02066721859313E-16));
#13537=CARTESIAN_POINT('Origin',(3.6,5.7,0.));
#13538=CARTESIAN_POINT('Origin',(3.6,5.6,0.));
#13539=CARTESIAN_POINT('Origin',(3.6,5.6,0.));
#13540=CARTESIAN_POINT('',(3.6500001733657,5.6,1.23389623982476));
#13541=CARTESIAN_POINT('',(3.6500001733657,5.6,0.826135540122618));
#13542=CARTESIAN_POINT('',(3.82400019416958,5.6,1.38196378860374));
#13543=CARTESIAN_POINT('Origin',(3.8000001733657,5.6,1.23389623982476));
#13544=CARTESIAN_POINT('',(4.98196381964521,5.6,0.224000002659858));
#13545=CARTESIAN_POINT('Origin',(3.6,5.6,0.));
#13546=CARTESIAN_POINT('Origin',(4.83389626754037,5.6,0.200000002374873));
#13547=CARTESIAN_POINT('Origin',(3.6,5.6,0.));
#13548=CARTESIAN_POINT('',(4.83389626754037,5.6,-0.050000002374872));
#13549=CARTESIAN_POINT('',(4.42613558151798,5.6,-0.0500000023748726));
#13550=CARTESIAN_POINT('',(4.98196381964521,5.6,-0.224000002659858));
#13551=CARTESIAN_POINT('Origin',(4.83389626754037,5.6,-0.200000002374873));
#13552=CARTESIAN_POINT('',(3.82400019416958,5.6,-1.38196378860374));
#13553=CARTESIAN_POINT('Origin',(3.6,5.6,0.));
#13554=CARTESIAN_POINT('Origin',(3.8000001733657,5.6,-1.23389623982476));
#13555=CARTESIAN_POINT('Origin',(3.6,5.6,0.));
#13556=CARTESIAN_POINT('',(3.55000016861595,5.6,-1.23389629525595));
#13557=CARTESIAN_POINT('',(3.55000016861595,5.6,-0.826135622913303));
#13558=CARTESIAN_POINT('',(3.37600018884987,5.6,-1.38196385068666));
#13559=CARTESIAN_POINT('Origin',(3.40000016861595,5.6,-1.23389629525595));
#13560=CARTESIAN_POINT('',(2.21803618035479,5.6,-0.224000002659858));
#13561=CARTESIAN_POINT('Origin',(3.6,5.6,0.));
#13562=CARTESIAN_POINT('Origin',(2.36610373245963,5.6,-0.200000002374873));
#13563=CARTESIAN_POINT('',(2.9196530505146,5.6,0.164705884308718));
#13564=CARTESIAN_POINT('Origin',(3.6,5.6,0.));
#13565=CARTESIAN_POINT('',(2.77386441848202,5.6,0.0500000023748726));
#13566=CARTESIAN_POINT('Origin',(2.77386441848202,5.6,0.200000002374873));
#13567=CARTESIAN_POINT('',(2.36610373245963,5.6,0.0500000023748728));
#13568=CARTESIAN_POINT('',(2.77386441848202,5.6,0.0500000023748726));
#13569=CARTESIAN_POINT('Origin',(2.36610373245963,5.6,0.200000002374873));
#13570=CARTESIAN_POINT('Origin',(-3.6,5.62,0.));
#13571=CARTESIAN_POINT('',(-3.6,5.6,1.63));
#13572=CARTESIAN_POINT('Origin',(-3.6,5.6,0.));
#13573=CARTESIAN_POINT('',(-3.6,5.62,1.65));
#13574=CARTESIAN_POINT('Origin',(-3.6,5.62,1.63));
#13575=CARTESIAN_POINT('',(-5.25,5.62,-2.02066721859313E-16));
#13576=CARTESIAN_POINT('Origin',(-3.6,5.62,0.));
#13577=CARTESIAN_POINT('Origin',(-3.6,5.62,0.));
#13578=CARTESIAN_POINT('Origin',(-3.6,5.7,0.));
#13579=CARTESIAN_POINT('',(-5.25,5.7,-2.02066721859313E-16));
#13580=CARTESIAN_POINT('',(-5.25,5.7,-2.02066721859313E-16));
#13581=CARTESIAN_POINT('Origin',(-3.6,5.7,0.));
#13582=CARTESIAN_POINT('Origin',(-3.6,5.6,0.));
#13583=CARTESIAN_POINT('',(-3.37600018884987,5.6,-1.38196385068666));
#13584=CARTESIAN_POINT('Origin',(-3.6,5.6,0.));
#13585=CARTESIAN_POINT('',(-3.55000016861595,5.6,-1.23389629525595));
#13586=CARTESIAN_POINT('Origin',(-3.40000016861595,5.6,-1.23389629525595));
#13587=CARTESIAN_POINT('',(-3.55000016861595,5.6,-0.826135622913304));
#13588=CARTESIAN_POINT('',(-3.55000016861595,5.6,-1.23389629525595));
#13589=CARTESIAN_POINT('',(-3.43529425650725,5.6,-0.680346983575662));
#13590=CARTESIAN_POINT('Origin',(-3.40000016861595,5.6,-0.826135622913304));
#13591=CARTESIAN_POINT('Origin',(-3.6,5.6,0.));
#13592=CARTESIAN_POINT('',(-2.21803618035479,5.6,0.224000002659858));
#13593=CARTESIAN_POINT('Origin',(-3.6,5.6,0.));
#13594=CARTESIAN_POINT('',(-2.36610373245963,5.6,0.0500000023748726));
#13595=CARTESIAN_POINT('Origin',(-2.36610373245963,5.6,0.200000002374873));
#13596=CARTESIAN_POINT('',(-2.77386441848202,5.6,0.0500000023748723));
#13597=CARTESIAN_POINT('',(-2.36610373245963,5.6,0.0500000023748726));
#13598=CARTESIAN_POINT('',(-2.91965305051461,5.6,0.164705884308719));
#13599=CARTESIAN_POINT('Origin',(-2.77386441848202,5.6,0.200000002374873));
#13600=CARTESIAN_POINT('Origin',(-3.6,5.6,0.));
#13601=CARTESIAN_POINT('',(-4.98196381964521,5.6,-0.224000002659858));
#13602=CARTESIAN_POINT('Origin',(-3.6,5.6,0.));
#13603=CARTESIAN_POINT('',(-4.83389626754037,5.6,-0.0500000023748726));
#13604=CARTESIAN_POINT('Origin',(-4.83389626754037,5.6,-0.200000002374873));
#13605=CARTESIAN_POINT('',(-4.42613558151798,5.6,-0.0500000023748723));
#13606=CARTESIAN_POINT('',(-4.83389626754037,5.6,-0.0500000023748726));
#13607=CARTESIAN_POINT('',(-4.28034694948539,5.6,-0.164705884308719));
#13608=CARTESIAN_POINT('Origin',(-4.42613558151798,5.6,-0.200000002374873));
#13609=CARTESIAN_POINT('Origin',(-3.6,5.6,0.));
#13610=CARTESIAN_POINT('',(-4.28034694948539,5.6,0.164705884308719));
#13611=CARTESIAN_POINT('Origin',(-3.6,5.6,0.));
#13612=CARTESIAN_POINT('',(-4.42613558151798,5.6,0.0500000023748726));
#13613=CARTESIAN_POINT('Origin',(-4.42613558151798,5.6,0.200000002374873));
#13614=CARTESIAN_POINT('',(-4.83389626754037,5.6,0.0500000023748726));
#13615=CARTESIAN_POINT('',(-4.42613558151798,5.6,0.0500000023748726));
#13616=CARTESIAN_POINT('Origin',(-4.83389626754037,5.6,0.200000002374873));
#13617=CARTESIAN_POINT('Origin',(-3.6,5.7,0.));
#13618=CARTESIAN_POINT('',(-4.28034694948539,5.7,0.164705884308719));
#13619=CARTESIAN_POINT('Origin',(-4.42613558151798,5.7,0.200000002374873));
#13620=CARTESIAN_POINT('',(-4.42613558151798,5.7,0.0500000023748726));
#13621=CARTESIAN_POINT('Origin',(-4.83389626754037,5.7,0.0500000023748726));
#13622=CARTESIAN_POINT('',(-4.83389626754037,5.7,0.0500000023748724));
#13623=CARTESIAN_POINT('Origin',(-4.83389626754037,5.7,0.200000002374873));
#13624=CARTESIAN_POINT('Origin',(-3.6,5.7,0.));
#13625=CARTESIAN_POINT('',(-3.43529425650725,5.7,-0.680346983575662));
#13626=CARTESIAN_POINT('Origin',(-3.6,5.7,0.));
#13627=CARTESIAN_POINT('',(-3.37600018884987,5.7,-1.38196385068666));
#13628=CARTESIAN_POINT('Origin',(-3.40000016861595,5.7,-1.23389629525595));
#13629=CARTESIAN_POINT('',(-3.55000016861595,5.7,-1.23389629525595));
#13630=CARTESIAN_POINT('Origin',(-3.55000016861595,5.7,-0.826135622913304));
#13631=CARTESIAN_POINT('',(-3.55000016861595,5.7,-0.826135622913304));
#13632=CARTESIAN_POINT('Origin',(-3.40000016861595,5.7,-0.826135622913304));
#13633=CARTESIAN_POINT('Origin',(3.6,5.7,0.));
#13634=CARTESIAN_POINT('Origin',(3.6500001733657,5.7,1.23389623982476));
#13635=CARTESIAN_POINT('',(3.6500001733657,5.7,1.23389623982476));
#13636=CARTESIAN_POINT('Origin',(3.8000001733657,5.7,1.23389623982476));
#13637=CARTESIAN_POINT('',(3.82400019416958,5.7,1.38196378860374));
#13638=CARTESIAN_POINT('Origin',(3.6,5.7,0.));
#13639=CARTESIAN_POINT('',(4.98196381964521,5.7,0.224000002659858));
#13640=CARTESIAN_POINT('Origin',(4.83389626754037,5.7,0.200000002374873));
#13641=CARTESIAN_POINT('Origin',(3.6,5.7,0.));
#13642=CARTESIAN_POINT('Origin',(3.55000016861595,5.7,-1.23389629525595));
#13643=CARTESIAN_POINT('',(3.55000016861595,5.7,-1.23389629525595));
#13644=CARTESIAN_POINT('Origin',(3.40000016861595,5.7,-1.23389629525595));
#13645=CARTESIAN_POINT('',(3.37600018884987,5.7,-1.38196385068666));
#13646=CARTESIAN_POINT('Origin',(3.6,5.7,0.));
#13647=CARTESIAN_POINT('',(2.21803618035479,5.7,-0.224000002659858));
#13648=CARTESIAN_POINT('Origin',(2.36610373245963,5.7,-0.200000002374873));
#13649=CARTESIAN_POINT('Origin',(3.6,5.7,0.));
#13650=CARTESIAN_POINT('',(2.9196530505146,5.7,0.164705884308719));
#13651=CARTESIAN_POINT('Origin',(2.77386441848202,5.7,0.200000002374873));
#13652=CARTESIAN_POINT('',(2.77386441848202,5.7,0.0500000023748726));
#13653=CARTESIAN_POINT('Origin',(2.36610373245963,5.7,0.0500000023748726));
#13654=CARTESIAN_POINT('',(2.36610373245963,5.7,0.050000002374873));
#13655=CARTESIAN_POINT('Origin',(2.36610373245963,5.7,0.200000002374873));
#13656=CARTESIAN_POINT('Origin',(3.6,5.7,0.));
#13657=CARTESIAN_POINT('Origin',(4.83389626754037,5.7,-0.0500000023748726));
#13658=CARTESIAN_POINT('',(4.83389626754037,5.7,-0.0500000023748721));
#13659=CARTESIAN_POINT('Origin',(4.83389626754037,5.7,-0.200000002374873));
#13660=CARTESIAN_POINT('',(4.98196381964521,5.7,-0.224000002659858));
#13661=CARTESIAN_POINT('Origin',(3.6,5.7,0.));
#13662=CARTESIAN_POINT('',(3.82400019416958,5.7,-1.38196378860374));
#13663=CARTESIAN_POINT('Origin',(3.8000001733657,5.7,-1.23389623982476));
#13664=CARTESIAN_POINT('Origin',(-3.6,5.7,0.));
#13665=CARTESIAN_POINT('',(-2.91965305051461,5.7,0.164705884308719));
#13666=CARTESIAN_POINT('Origin',(-3.6,5.7,0.));
#13667=CARTESIAN_POINT('',(-2.21803618035479,5.7,0.224000002659858));
#13668=CARTESIAN_POINT('Origin',(-2.36610373245963,5.7,0.200000002374873));
#13669=CARTESIAN_POINT('',(-2.36610373245963,5.7,0.0500000023748726));
#13670=CARTESIAN_POINT('Origin',(-2.77386441848202,5.7,0.0500000023748726));
#13671=CARTESIAN_POINT('',(-2.77386441848202,5.7,0.0500000023748723));
#13672=CARTESIAN_POINT('Origin',(-2.77386441848202,5.7,0.200000002374873));
#13673=CARTESIAN_POINT('Origin',(-3.6,5.7,0.));
#13674=CARTESIAN_POINT('',(-4.28034694948539,5.7,-0.164705884308719));
#13675=CARTESIAN_POINT('Origin',(-3.6,5.7,0.));
#13676=CARTESIAN_POINT('',(-4.98196381964521,5.7,-0.224000002659858));
#13677=CARTESIAN_POINT('Origin',(-4.83389626754037,5.7,-0.200000002374873));
#13678=CARTESIAN_POINT('',(-4.83389626754037,5.7,-0.0500000023748726));
#13679=CARTESIAN_POINT('Origin',(-4.42613558151798,5.7,-0.0500000023748726));
#13680=CARTESIAN_POINT('',(-4.42613558151798,5.7,-0.0500000023748723));
#13681=CARTESIAN_POINT('Origin',(-4.42613558151798,5.7,-0.200000002374873));
#13682=CARTESIAN_POINT('Origin',(0.,5.7,-1.11022302462516E-15));
#13683=CARTESIAN_POINT('',(-0.700000000000001,5.7,-2.35));
#13684=CARTESIAN_POINT('',(-0.800000000000001,5.7,-2.45));
#13685=CARTESIAN_POINT('Origin',(-0.700000000000001,5.7,-2.45));
#13686=CARTESIAN_POINT('',(0.599999999999999,5.7,-2.35));
#13687=CARTESIAN_POINT('',(0.3,5.7,-2.35));
#13688=CARTESIAN_POINT('',(0.7,5.7,-2.45));
#13689=CARTESIAN_POINT('Origin',(0.599999999999999,5.7,-2.45));
#13690=CARTESIAN_POINT('',(0.7,5.7,-3.35));
#13691=CARTESIAN_POINT('',(0.7,5.7,-1.675));
#13692=CARTESIAN_POINT('',(4.6,5.7,-3.35));
#13693=CARTESIAN_POINT('',(2.3,5.7,-3.35));
#13694=CARTESIAN_POINT('',(7.1,5.7,-1.35));
#13695=CARTESIAN_POINT('',(5.26463414634146,5.7,-2.81829268292683));
#13696=CARTESIAN_POINT('',(7.1,5.7,1.35));
#13697=CARTESIAN_POINT('',(7.1,5.7,0.674999999999999));
#13698=CARTESIAN_POINT('',(4.6,5.7,3.35));
#13699=CARTESIAN_POINT('',(4.01463414634146,5.7,3.81829268292683));
#13700=CARTESIAN_POINT('',(-7.1,5.7,3.35));
#13701=CARTESIAN_POINT('',(-3.55,5.7,3.35));
#13702=CARTESIAN_POINT('',(-7.1,5.7,-3.35));
#13703=CARTESIAN_POINT('',(-7.1,5.7,-1.675));
#13704=CARTESIAN_POINT('',(-0.800000000000001,5.7,-3.35));
#13705=CARTESIAN_POINT('',(-0.4,5.7,-3.35));
#13706=CARTESIAN_POINT('',(-0.800000000000001,5.7,-1.225));
#13707=CARTESIAN_POINT('Origin',(0.,7.7,-1.11022302462516E-15));
#13708=CARTESIAN_POINT('Origin',(7.1,4.,-1.35));
#13709=CARTESIAN_POINT('',(7.1,8.7,1.35));
#13710=CARTESIAN_POINT('',(7.1,4.,1.35));
#13711=CARTESIAN_POINT('',(7.1,8.7,-1.35));
#13712=CARTESIAN_POINT('',(7.1,8.7,1.35));
#13713=CARTESIAN_POINT('',(7.1,4.,-1.35));
#13714=CARTESIAN_POINT('Ctrl Pts',(7.1,4.,1.35));
#13715=CARTESIAN_POINT('Ctrl Pts',(7.1,8.7,1.35));
#13716=CARTESIAN_POINT('Ctrl Pts',(7.0677294182952,4.,1.40902592491264));
#13717=CARTESIAN_POINT('Ctrl Pts',(7.0677294182952,8.7,1.40902592491264));
#13718=CARTESIAN_POINT('Ctrl Pts',(7.00163529020044,4.,1.52541124575203));
#13719=CARTESIAN_POINT('Ctrl Pts',(7.00163529020044,8.7,1.52541124575203));
#13720=CARTESIAN_POINT('Ctrl Pts',(6.89783532305135,4.,1.6949897678077));
#13721=CARTESIAN_POINT('Ctrl Pts',(6.89783532305135,8.7,1.6949897678077));
#13722=CARTESIAN_POINT('Ctrl Pts',(6.74996349674464,4.,1.91092994035072));
#13723=CARTESIAN_POINT('Ctrl Pts',(6.74996349674464,8.7,1.91092994035072));
#13724=CARTESIAN_POINT('Ctrl Pts',(6.54826993467473,4.,2.16276890345426));
#13725=CARTESIAN_POINT('Ctrl Pts',(6.54826993467473,8.7,2.16276890345426));
#13726=CARTESIAN_POINT('Ctrl Pts',(6.32823228065116,4.,2.39492231848786));
#13727=CARTESIAN_POINT('Ctrl Pts',(6.32823228065116,8.7,2.39492231848786));
#13728=CARTESIAN_POINT('Ctrl Pts',(6.0883783219888,4.,2.60581031365108));
#13729=CARTESIAN_POINT('Ctrl Pts',(6.0883783219888,8.7,2.60581031365108));
#13730=CARTESIAN_POINT('Ctrl Pts',(5.82794986735633,4.,2.79461925303678));
#13731=CARTESIAN_POINT('Ctrl Pts',(5.82794986735633,8.7,2.79461925303678));
#13732=CARTESIAN_POINT('Ctrl Pts',(5.54781524166924,4.,2.96228095992131));
#13733=CARTESIAN_POINT('Ctrl Pts',(5.54781524166924,8.7,2.96228095992131));
#13734=CARTESIAN_POINT('Ctrl Pts',(5.24948393337627,4.,3.11041530774927));
#13735=CARTESIAN_POINT('Ctrl Pts',(5.24948393337627,8.7,3.11041530774927));
#13736=CARTESIAN_POINT('Ctrl Pts',(4.99746720898989,4.,3.21459473451368));
#13737=CARTESIAN_POINT('Ctrl Pts',(4.99746720898989,8.7,3.21459473451368));
#13738=CARTESIAN_POINT('Ctrl Pts',(4.80142335323908,4.,3.28518381038691));
#13739=CARTESIAN_POINT('Ctrl Pts',(4.80142335323908,8.7,3.28518381038691));
#13740=CARTESIAN_POINT('Ctrl Pts',(4.66765346643576,4.,3.32894441888947));
#13741=CARTESIAN_POINT('Ctrl Pts',(4.66765346643576,8.7,3.32894441888947));
#13742=CARTESIAN_POINT('Ctrl Pts',(4.6,4.,3.35));
#13743=CARTESIAN_POINT('Ctrl Pts',(4.6,8.7,3.35));
#13744=CARTESIAN_POINT('',(4.6,8.7,3.35));
#13745=CARTESIAN_POINT('',(4.6,4.,3.35));
#13746=CARTESIAN_POINT('Ctrl Pts',(7.1,8.7,1.35));
#13747=CARTESIAN_POINT('Ctrl Pts',(7.0677294182952,8.7,1.40902592491264));
#13748=CARTESIAN_POINT('Ctrl Pts',(7.00163529020044,8.7,1.52541124575203));
#13749=CARTESIAN_POINT('Ctrl Pts',(6.89783532305135,8.7,1.6949897678077));
#13750=CARTESIAN_POINT('Ctrl Pts',(6.74996349674464,8.7,1.91092994035072));
#13751=CARTESIAN_POINT('Ctrl Pts',(6.54826993467473,8.7,2.16276890345426));
#13752=CARTESIAN_POINT('Ctrl Pts',(6.32823228065116,8.7,2.39492231848786));
#13753=CARTESIAN_POINT('Ctrl Pts',(6.0883783219888,8.7,2.60581031365108));
#13754=CARTESIAN_POINT('Ctrl Pts',(5.82794986735633,8.7,2.79461925303678));
#13755=CARTESIAN_POINT('Ctrl Pts',(5.54781524166924,8.7,2.96228095992131));
#13756=CARTESIAN_POINT('Ctrl Pts',(5.24948393337627,8.7,3.11041530774927));
#13757=CARTESIAN_POINT('Ctrl Pts',(4.99746720898989,8.7,3.21459473451368));
#13758=CARTESIAN_POINT('Ctrl Pts',(4.80142335323908,8.7,3.28518381038691));
#13759=CARTESIAN_POINT('Ctrl Pts',(4.66765346643576,8.7,3.32894441888947));
#13760=CARTESIAN_POINT('Ctrl Pts',(4.6,8.7,3.35));
#13761=CARTESIAN_POINT('Origin',(4.6,4.,3.35));
#13762=CARTESIAN_POINT('',(-7.1,8.7,3.35));
#13763=CARTESIAN_POINT('',(-7.1,4.,3.35));
#13764=CARTESIAN_POINT('',(-7.1,8.7,3.35));
#13765=CARTESIAN_POINT('Origin',(-7.1,4.,3.35));
#13766=CARTESIAN_POINT('',(-7.1,8.7,-3.35));
#13767=CARTESIAN_POINT('',(-7.1,4.,-3.35));
#13768=CARTESIAN_POINT('',(-7.1,8.7,-3.35));
#13769=CARTESIAN_POINT('Ctrl Pts',(4.6,4.,-3.35));
#13770=CARTESIAN_POINT('Ctrl Pts',(4.6,8.7,-3.35));
#13771=CARTESIAN_POINT('Ctrl Pts',(4.66826012852155,4.,-3.32944554471984));
#13772=CARTESIAN_POINT('Ctrl Pts',(4.66826012852155,8.7,-3.32944554471984));
#13773=CARTESIAN_POINT('Ctrl Pts',(4.80319089741789,4.,-3.2866439591705));
#13774=CARTESIAN_POINT('Ctrl Pts',(4.80319089741789,8.7,-3.2866439591705));
#13775=CARTESIAN_POINT('Ctrl Pts',(5.00081875744856,4.,-3.21736373811508));
#13776=CARTESIAN_POINT('Ctrl Pts',(5.00081875744856,8.7,-3.21736373811508));
#13777=CARTESIAN_POINT('Ctrl Pts',(5.25462760963993,4.,-3.11466576861913));
#13778=CARTESIAN_POINT('Ctrl Pts',(5.25462760963993,8.7,-3.11466576861913));
#13779=CARTESIAN_POINT('Ctrl Pts',(5.55462929877917,4.,-2.96791348157866));
#13780=CARTESIAN_POINT('Ctrl Pts',(5.55462929877917,8.7,-2.96791348157866));
#13781=CARTESIAN_POINT('Ctrl Pts',(5.83581180710408,4.,-2.80112030481023));
#13782=CARTESIAN_POINT('Ctrl Pts',(5.83581180710408,8.7,-2.80112030481023));
#13783=CARTESIAN_POINT('Ctrl Pts',(6.09661200007098,4.,-2.61262162776022));
#13784=CARTESIAN_POINT('Ctrl Pts',(6.09661200007098,8.7,-2.61262162776022));
#13785=CARTESIAN_POINT('Ctrl Pts',(6.33612716019377,4.,-2.40145613007411));
#13786=CARTESIAN_POINT('Ctrl Pts',(6.33612716019377,8.7,-2.40145613007411));
#13787=CARTESIAN_POINT('Ctrl Pts',(6.55513702725466,4.,-2.16845417090288));
#13788=CARTESIAN_POINT('Ctrl Pts',(6.55513702725466,8.7,-2.16845417090288));
#13789=CARTESIAN_POINT('Ctrl Pts',(6.75516310974069,4.,-1.91523603245306));
#13790=CARTESIAN_POINT('Ctrl Pts',(6.75516310974069,8.7,-1.91523603245306));
#13791=CARTESIAN_POINT('Ctrl Pts',(6.90122980892529,4.,-1.6978014743365));
#13792=CARTESIAN_POINT('Ctrl Pts',(6.90122980892529,8.7,-1.6978014743365));
#13793=CARTESIAN_POINT('Ctrl Pts',(7.00342755509144,4.,-1.52689598024706));
#13794=CARTESIAN_POINT('Ctrl Pts',(7.00342755509144,8.7,-1.52689598024706));
#13795=CARTESIAN_POINT('Ctrl Pts',(7.06834493955231,4.,-1.40953586153461));
#13796=CARTESIAN_POINT('Ctrl Pts',(7.06834493955231,8.7,-1.40953586153461));
#13797=CARTESIAN_POINT('Ctrl Pts',(7.1,4.,-1.35));
#13798=CARTESIAN_POINT('Ctrl Pts',(7.1,8.7,-1.35));
#13799=CARTESIAN_POINT('',(4.6,8.7,-3.35));
#13800=CARTESIAN_POINT('Ctrl Pts',(4.6,8.7,-3.35));
#13801=CARTESIAN_POINT('Ctrl Pts',(4.66826012852155,8.7,-3.32944554471984));
#13802=CARTESIAN_POINT('Ctrl Pts',(4.80319089741789,8.7,-3.2866439591705));
#13803=CARTESIAN_POINT('Ctrl Pts',(5.00081875744856,8.7,-3.21736373811508));
#13804=CARTESIAN_POINT('Ctrl Pts',(5.25462760963993,8.7,-3.11466576861913));
#13805=CARTESIAN_POINT('Ctrl Pts',(5.55462929877917,8.7,-2.96791348157866));
#13806=CARTESIAN_POINT('Ctrl Pts',(5.83581180710408,8.7,-2.80112030481023));
#13807=CARTESIAN_POINT('Ctrl Pts',(6.09661200007098,8.7,-2.61262162776022));
#13808=CARTESIAN_POINT('Ctrl Pts',(6.33612716019377,8.7,-2.40145613007411));
#13809=CARTESIAN_POINT('Ctrl Pts',(6.55513702725466,8.7,-2.16845417090288));
#13810=CARTESIAN_POINT('Ctrl Pts',(6.75516310974069,8.7,-1.91523603245306));
#13811=CARTESIAN_POINT('Ctrl Pts',(6.90122980892529,8.7,-1.6978014743365));
#13812=CARTESIAN_POINT('Ctrl Pts',(7.00342755509144,8.7,-1.52689598024706));
#13813=CARTESIAN_POINT('Ctrl Pts',(7.06834493955231,8.7,-1.40953586153461));
#13814=CARTESIAN_POINT('Ctrl Pts',(7.1,8.7,-1.35));
#13815=CARTESIAN_POINT('',(4.6,4.,-3.35));
#13816=CARTESIAN_POINT('Origin',(-7.1,4.,-3.35));
#13817=CARTESIAN_POINT('',(4.6,8.7,-3.35));
#13818=CARTESIAN_POINT('Origin',(-7.49300000702483,4.,3.8));
#13819=CARTESIAN_POINT('',(-7.74300000702483,4.,3.80000000702483));
#13820=CARTESIAN_POINT('Origin',(-7.49300000702483,4.,3.8));
#13821=CARTESIAN_POINT('',(-7.74300000702483,8.7,3.80000000702483));
#13822=CARTESIAN_POINT('Origin',(-7.49300000702483,8.7,3.8));
#13823=CARTESIAN_POINT('',(-7.74300000702483,4.,3.80000000702483));
#13824=CARTESIAN_POINT('Origin',(-7.74300022057977,4.,-3.79999999429582));
#13825=CARTESIAN_POINT('',(-7.74300022057977,4.,-3.79999999429582));
#13826=CARTESIAN_POINT('',(-7.74300016719103,4.,-1.89999988836134));
#13827=CARTESIAN_POINT('',(-7.74300022057977,8.7,-3.79999999429582));
#13828=CARTESIAN_POINT('',(-7.74300000702483,8.7,3.80000000702483));
#13829=CARTESIAN_POINT('',(-7.74300022057977,4.,-3.79999999429582));
#13830=CARTESIAN_POINT('Origin',(-7.49300022057977,4.,-3.80000000132066));
#13831=CARTESIAN_POINT('',(-7.49300022057977,4.,-4.05000000132066));
#13832=CARTESIAN_POINT('Origin',(-7.49300022057977,4.,-3.80000000132066));
#13833=CARTESIAN_POINT('',(-7.49300022057977,8.7,-4.05000000132066));
#13834=CARTESIAN_POINT('Origin',(-7.49300022057977,8.7,-3.80000000132066));
#13835=CARTESIAN_POINT('',(-7.49300022057977,4.,-4.05000000132066));
#13836=CARTESIAN_POINT('Origin',(4.49699986371824,4.,-0.800000001320663));
#13837=CARTESIAN_POINT('',(4.49699986371823,4.,-4.05000000132066));
#13838=CARTESIAN_POINT('',(7.74699986371823,4.,-0.800000092643492));
#13839=CARTESIAN_POINT('Origin',(4.49699986371824,4.,-0.800000001320663));
#13840=CARTESIAN_POINT('',(4.49699986371823,8.7,-4.05000000132066));
#13841=CARTESIAN_POINT('',(4.49699986371823,4.,-4.05000000132066));
#13842=CARTESIAN_POINT('',(7.74699986371823,8.7,-0.800000092643492));
#13843=CARTESIAN_POINT('Origin',(4.49699986371824,8.7,-0.800000001320663));
#13844=CARTESIAN_POINT('',(7.74699986371823,4.,-0.800000092643492));
#13845=CARTESIAN_POINT('Origin',(7.74699990867716,4.,0.799999908677165));
#13846=CARTESIAN_POINT('',(7.74699990867716,4.,0.799999908677165));
#13847=CARTESIAN_POINT('',(7.74699989743743,4.,0.399999845495819));
#13848=CARTESIAN_POINT('',(7.74699990867716,8.7,0.799999908677165));
#13849=CARTESIAN_POINT('',(7.74699990867716,8.7,0.799999908677165));
#13850=CARTESIAN_POINT('',(7.74699990867716,4.,0.799999908677165));
#13851=CARTESIAN_POINT('Origin',(4.49699990867717,4.,0.799999999999998));
#13852=CARTESIAN_POINT('Origin',(4.49699990867717,4.,0.799999999999998));
#13853=CARTESIAN_POINT('Origin',(4.49699990867717,8.7,0.799999999999998));
#13854=CARTESIAN_POINT('Origin',(0.00199984404869902,8.7,-6.60330123913866E-10));
#13855=CARTESIAN_POINT('',(4.49699986371823,8.7,-4.05000000132066));
#13856=CARTESIAN_POINT('Origin',(0.,4.,-1.11022302462516E-15));
#13857=CARTESIAN_POINT('',(13.55,4.,3.05));
#13858=CARTESIAN_POINT('Origin',(12.55,4.,3.05));
#13859=CARTESIAN_POINT('',(13.55,4.,-3.05));
#13860=CARTESIAN_POINT('',(13.55,4.,3.05));
#13861=CARTESIAN_POINT('',(12.55,4.,-4.05));
#13862=CARTESIAN_POINT('Origin',(12.55,4.,-3.05));
#13863=CARTESIAN_POINT('',(12.55,4.,-4.05));
#13864=CARTESIAN_POINT('',(10.2457406521701,4.,-2.875));
#13865=CARTESIAN_POINT('',(12.75,4.,-1.5));
#13866=CARTESIAN_POINT('',(6.91597981236924,4.,-4.703253594698));
#13867=CARTESIAN_POINT('',(12.75,4.,1.5));
#13868=CARTESIAN_POINT('',(12.75,4.,-0.750000000000001));
#13869=CARTESIAN_POINT('',(10.2457406521701,4.,2.875));
#13870=CARTESIAN_POINT('',(8.16810948628421,4.,4.015753594698));
#13871=CARTESIAN_POINT('',(7.75,4.,1.5));
#13872=CARTESIAN_POINT('',(5.70819321928683,4.,0.375089716938542));
#13873=CARTESIAN_POINT('',(7.75,4.,-1.5));
#13874=CARTESIAN_POINT('',(7.75,4.,0.75));
#13875=CARTESIAN_POINT('',(4.46032289320179,4.,0.312410283061458));
#13876=CARTESIAN_POINT('Origin',(-0.700000000000001,0.,-2.45));
#13877=CARTESIAN_POINT('',(-0.800000000000001,-3.,-2.45));
#13878=CARTESIAN_POINT('',(-0.800000000000001,0.,-2.45));
#13879=CARTESIAN_POINT('',(-0.700000000000001,-3.,-2.35));
#13880=CARTESIAN_POINT('Origin',(-0.700000000000001,-3.,-2.45));
#13881=CARTESIAN_POINT('',(-0.700000000000001,0.,-2.35));
#13882=CARTESIAN_POINT('Origin',(0.599999999999999,0.,-2.35));
#13883=CARTESIAN_POINT('',(0.599999999999999,-3.,-2.35));
#13884=CARTESIAN_POINT('',(-0.700000000000001,-3.,-2.35));
#13885=CARTESIAN_POINT('',(0.599999999999999,0.,-2.35));
#13886=CARTESIAN_POINT('Origin',(0.599999999999999,0.,-2.45));
#13887=CARTESIAN_POINT('',(0.7,-3.,-2.45));
#13888=CARTESIAN_POINT('Origin',(0.599999999999999,-3.,-2.45));
#13889=CARTESIAN_POINT('',(0.7,0.,-2.45));
#13890=CARTESIAN_POINT('Origin',(0.7,0.,-3.35));
#13891=CARTESIAN_POINT('',(0.7,-3.,-3.35));
#13892=CARTESIAN_POINT('',(0.7,-3.,-2.45));
#13893=CARTESIAN_POINT('',(0.7,0.,-3.35));
#13894=CARTESIAN_POINT('Origin',(4.6,0.,-3.35));
#13895=CARTESIAN_POINT('',(4.6,-3.,-3.35));
#13896=CARTESIAN_POINT('',(0.7,-3.,-3.35));
#13897=CARTESIAN_POINT('',(4.6,0.,-3.35));
#13898=CARTESIAN_POINT('Origin',(7.1,0.,-1.35));
#13899=CARTESIAN_POINT('',(7.1,-3.,-1.35));
#13900=CARTESIAN_POINT('',(7.1,-3.,-1.35));
#13901=CARTESIAN_POINT('',(7.1,0.,-1.35));
#13902=CARTESIAN_POINT('Origin',(7.1,0.,1.35));
#13903=CARTESIAN_POINT('',(7.1,-3.,1.35));
#13904=CARTESIAN_POINT('',(7.1,-3.,1.35));
#13905=CARTESIAN_POINT('',(7.1,0.,1.35));
#13906=CARTESIAN_POINT('Origin',(4.6,0.,3.35));
#13907=CARTESIAN_POINT('',(4.6,-3.,3.35));
#13908=CARTESIAN_POINT('',(4.6,-3.,3.35));
#13909=CARTESIAN_POINT('',(4.6,0.,3.35));
#13910=CARTESIAN_POINT('Origin',(-7.1,0.,3.35));
#13911=CARTESIAN_POINT('',(-7.1,-3.,3.35));
#13912=CARTESIAN_POINT('',(-7.1,-3.,3.35));
#13913=CARTESIAN_POINT('',(-7.1,0.,3.35));
#13914=CARTESIAN_POINT('Origin',(-7.1,0.,-3.35));
#13915=CARTESIAN_POINT('',(-7.1,-3.,-3.35));
#13916=CARTESIAN_POINT('',(-7.1,-3.,-3.35));
#13917=CARTESIAN_POINT('',(-7.1,0.,-3.35));
#13918=CARTESIAN_POINT('Origin',(-0.800000000000001,0.,-3.35));
#13919=CARTESIAN_POINT('',(-0.800000000000001,-3.,-3.35));
#13920=CARTESIAN_POINT('',(-7.1,-3.,-3.35));
#13921=CARTESIAN_POINT('',(-0.800000000000001,0.,-3.35));
#13922=CARTESIAN_POINT('Origin',(-0.800000000000001,0.,-2.45));
#13923=CARTESIAN_POINT('',(-0.800000000000001,-3.,-2.45));
#13924=CARTESIAN_POINT('Origin',(-7.75,0.,3.79990615086627));
#13925=CARTESIAN_POINT('',(-7.75,0.,-3.8));
#13926=CARTESIAN_POINT('',(-7.75,0.,3.79990615086627));
#13927=CARTESIAN_POINT('',(-7.75,0.,1.89995307543313));
#13928=CARTESIAN_POINT('',(-7.75,-3.,-3.8));
#13929=CARTESIAN_POINT('',(-7.75,0.,-3.8));
#13930=CARTESIAN_POINT('',(-7.75,-3.,3.79990615086627));
#13931=CARTESIAN_POINT('',(-7.75,-3.,-3.8));
#13932=CARTESIAN_POINT('',(-7.75,0.,3.79990615086627));
#13933=CARTESIAN_POINT('Origin',(-7.5,0.,3.79990615086627));
#13934=CARTESIAN_POINT('',(-7.5,0.,4.04990615086627));
#13935=CARTESIAN_POINT('Origin',(-7.5,0.,3.79990615086627));
#13936=CARTESIAN_POINT('',(-7.5,-3.,4.04990615086627));
#13937=CARTESIAN_POINT('Origin',(-7.5,-3.,3.79990615086627));
#13938=CARTESIAN_POINT('',(-7.5,0.,4.04990615086627));
#13939=CARTESIAN_POINT('Origin',(4.50000768858284,0.,4.04990615086627));
#13940=CARTESIAN_POINT('',(4.50000768858284,0.,4.04990615086627));
#13941=CARTESIAN_POINT('',(2.25000384429142,0.,4.04990615086627));
#13942=CARTESIAN_POINT('',(4.50000768858284,-3.,4.04990615086627));
#13943=CARTESIAN_POINT('',(-7.5,-3.,4.04990615086627));
#13944=CARTESIAN_POINT('',(4.50000768858284,0.,4.04990615086627));
#13945=CARTESIAN_POINT('Origin',(4.50000768858284,0.,0.79990615086627));
#13946=CARTESIAN_POINT('',(7.75000768858284,0.,0.79990615086627));
#13947=CARTESIAN_POINT('Origin',(4.50000768858284,0.,0.79990615086627));
#13948=CARTESIAN_POINT('',(7.75000768858284,-3.,0.79990615086627));
#13949=CARTESIAN_POINT('Origin',(4.50000768858284,-3.,0.79990615086627));
#13950=CARTESIAN_POINT('',(7.75000768858284,0.,0.79990615086627));
#13951=CARTESIAN_POINT('Origin',(7.75000768858284,0.,-0.799999999999999));
#13952=CARTESIAN_POINT('',(7.75000768858284,0.,-0.799999999999999));
#13953=CARTESIAN_POINT('',(7.75000768858284,0.,-0.399999999999998));
#13954=CARTESIAN_POINT('',(7.75000768858284,-3.,-0.799999999999999));
#13955=CARTESIAN_POINT('',(7.75000768858284,-3.,0.79990615086627));
#13956=CARTESIAN_POINT('',(7.75000768858284,0.,-0.799999999999999));
#13957=CARTESIAN_POINT('Origin',(4.50000768858284,0.,-0.8));
#13958=CARTESIAN_POINT('',(4.50000768858284,0.,-4.05));
#13959=CARTESIAN_POINT('Origin',(4.50000768858284,0.,-0.8));
#13960=CARTESIAN_POINT('',(4.50000768858284,-3.,-4.05));
#13961=CARTESIAN_POINT('Origin',(4.50000768858284,-3.,-0.8));
#13962=CARTESIAN_POINT('',(4.50000768858284,0.,-4.05));
#13963=CARTESIAN_POINT('Origin',(-7.5,0.,-4.05));
#13964=CARTESIAN_POINT('',(-7.5,0.,-4.05));
#13965=CARTESIAN_POINT('',(-3.75,0.,-4.05));
#13966=CARTESIAN_POINT('',(-7.5,-3.,-4.05));
#13967=CARTESIAN_POINT('',(4.50000768858284,-3.,-4.05));
#13968=CARTESIAN_POINT('',(-7.5,0.,-4.05));
#13969=CARTESIAN_POINT('Origin',(-7.5,0.,-3.8));
#13970=CARTESIAN_POINT('Origin',(-7.5,0.,-3.8));
#13971=CARTESIAN_POINT('Origin',(-7.5,-3.,-3.8));
#13972=CARTESIAN_POINT('Origin',(3.84429141853104E-6,-3.,-4.69245668643925E-5));
#13973=CARTESIAN_POINT('Origin',(0.,0.,-1.11022302462516E-15));
#13974=CARTESIAN_POINT('',(13.55,0.,-3.05));
#13975=CARTESIAN_POINT('',(12.55,0.,-4.05));
#13976=CARTESIAN_POINT('Origin',(12.55,0.,-3.05));
#13977=CARTESIAN_POINT('',(13.55,0.,3.05));
#13978=CARTESIAN_POINT('',(13.55,0.,3.05));
#13979=CARTESIAN_POINT('Origin',(12.55,0.,3.05));
#13980=CARTESIAN_POINT('',(8.5,0.,6.05));
#13981=CARTESIAN_POINT('',(8.5,0.,6.05));
#13982=CARTESIAN_POINT('',(-8.5,0.,6.05));
#13983=CARTESIAN_POINT('',(-8.5,0.,6.05));
#13984=CARTESIAN_POINT('',(-8.5,0.,6.05));
#13985=CARTESIAN_POINT('',(-13.55,0.,3.05));
#13986=CARTESIAN_POINT('Origin',(-12.55,0.,3.05));
#13987=CARTESIAN_POINT('',(-13.55,0.,-3.05));
#13988=CARTESIAN_POINT('',(-13.55,0.,-3.05));
#13989=CARTESIAN_POINT('',(-12.55,0.,-4.05));
#13990=CARTESIAN_POINT('Origin',(-12.55,0.,-3.05));
#13991=CARTESIAN_POINT('',(-10.25,0.,-4.05));
#13992=CARTESIAN_POINT('',(12.55,0.,-4.05));
#13993=CARTESIAN_POINT('',(-8.5,0.,-6.05));
#13994=CARTESIAN_POINT('',(-8.5,0.,-6.05));
#13995=CARTESIAN_POINT('',(8.5,0.,-6.05));
#13996=CARTESIAN_POINT('',(-8.5,0.,-6.05));
#13997=CARTESIAN_POINT('',(10.25,0.,-4.05));
#13998=CARTESIAN_POINT('',(8.5,0.,-6.05));
#13999=CARTESIAN_POINT('',(12.55,0.,-4.05));
#14000=CARTESIAN_POINT('',(9.,0.,1.53080849893419E-16));
#14001=CARTESIAN_POINT('Origin',(10.25,0.,0.));
#14002=CARTESIAN_POINT('',(-11.5,0.,1.53080849893419E-16));
#14003=CARTESIAN_POINT('Origin',(-10.25,0.,0.));
#14004=CARTESIAN_POINT('Origin',(10.2457406521701,4.,-2.875));
#14005=CARTESIAN_POINT('',(10.2457406521701,2.,-2.875));
#14006=CARTESIAN_POINT('',(10.2457406521701,4.,-2.875));
#14007=CARTESIAN_POINT('',(12.75,2.,-1.5));
#14008=CARTESIAN_POINT('',(10.2457406521701,2.,-2.875));
#14009=CARTESIAN_POINT('',(12.75,4.,-1.5));
#14010=CARTESIAN_POINT('Origin',(7.75,4.,-1.5));
#14011=CARTESIAN_POINT('',(7.75,2.,-1.5));
#14012=CARTESIAN_POINT('',(7.75,4.,-1.5));
#14013=CARTESIAN_POINT('',(7.75,2.,-1.5));
#14014=CARTESIAN_POINT('Origin',(7.75,4.,1.5));
#14015=CARTESIAN_POINT('',(7.75,2.,1.5));
#14016=CARTESIAN_POINT('',(7.75,4.,1.5));
#14017=CARTESIAN_POINT('',(7.75,2.,1.5));
#14018=CARTESIAN_POINT('Origin',(10.2457406521701,4.,2.875));
#14019=CARTESIAN_POINT('',(10.2457406521701,2.,2.875));
#14020=CARTESIAN_POINT('',(10.2457406521701,4.,2.875));
#14021=CARTESIAN_POINT('',(10.2457406521701,2.,2.875));
#14022=CARTESIAN_POINT('Origin',(12.75,4.,1.5));
#14023=CARTESIAN_POINT('',(12.75,2.,1.5));
#14024=CARTESIAN_POINT('',(12.75,4.,1.5));
#14025=CARTESIAN_POINT('',(12.75,2.,1.5));
#14026=CARTESIAN_POINT('Origin',(12.75,4.,-1.5));
#14027=CARTESIAN_POINT('',(12.75,2.,-1.5));
#14028=CARTESIAN_POINT('Origin',(10.25,2.,0.));
#14029=CARTESIAN_POINT('',(9.,2.,1.53080849893419E-16));
#14030=CARTESIAN_POINT('Origin',(10.25,2.,0.));
#14031=CARTESIAN_POINT('Origin',(-12.75,4.,-1.5));
#14032=CARTESIAN_POINT('',(-12.75,4.,-1.5));
#14033=CARTESIAN_POINT('',(-10.2542593478299,4.,-2.875));
#14034=CARTESIAN_POINT('',(-8.17643403135708,4.,-4.01975428673488));
#14035=CARTESIAN_POINT('',(-12.75,2.,-1.5));
#14036=CARTESIAN_POINT('',(-12.75,4.,-1.5));
#14037=CARTESIAN_POINT('',(-10.2542593478299,2.,-2.875));
#14038=CARTESIAN_POINT('',(-12.75,2.,-1.5));
#14039=CARTESIAN_POINT('',(-10.2542593478299,4.,-2.875));
#14040=CARTESIAN_POINT('Origin',(-12.75,4.,1.5));
#14041=CARTESIAN_POINT('',(-12.75,4.,1.5));
#14042=CARTESIAN_POINT('',(-12.75,4.,0.75));
#14043=CARTESIAN_POINT('',(-12.75,2.,1.5));
#14044=CARTESIAN_POINT('',(-12.75,4.,1.5));
#14045=CARTESIAN_POINT('',(-12.75,2.,1.5));
#14046=CARTESIAN_POINT('Origin',(-10.2542593478299,4.,2.875));
#14047=CARTESIAN_POINT('',(-10.2542593478299,4.,2.875));
#14048=CARTESIAN_POINT('',(-6.92856370527204,4.,4.70725428673488));
#14049=CARTESIAN_POINT('',(-10.2542593478299,2.,2.875));
#14050=CARTESIAN_POINT('',(-10.2542593478299,4.,2.875));
#14051=CARTESIAN_POINT('',(-10.2542593478299,2.,2.875));
#14052=CARTESIAN_POINT('Origin',(-7.75,4.,1.5));
#14053=CARTESIAN_POINT('',(-7.75,4.,1.5));
#14054=CARTESIAN_POINT('',(-4.45619203174732,4.,-0.30851314791818));
#14055=CARTESIAN_POINT('',(-7.75,2.,1.5));
#14056=CARTESIAN_POINT('',(-7.75,4.,1.5));
#14057=CARTESIAN_POINT('',(-7.75,2.,1.5));
#14058=CARTESIAN_POINT('Origin',(-7.75,4.,-1.5));
#14059=CARTESIAN_POINT('',(-7.75,4.,-1.5));
#14060=CARTESIAN_POINT('',(-7.75,4.,-0.750000000000001));
#14061=CARTESIAN_POINT('',(-7.75,2.,-1.5));
#14062=CARTESIAN_POINT('',(-7.75,4.,-1.5));
#14063=CARTESIAN_POINT('',(-7.75,2.,-1.5));
#14064=CARTESIAN_POINT('Origin',(-10.2542593478299,4.,-2.875));
#14065=CARTESIAN_POINT('',(-5.70832170566229,4.,-0.37898685208182));
#14066=CARTESIAN_POINT('',(-10.2542593478299,2.,-2.875));
#14067=CARTESIAN_POINT('Origin',(-10.25,2.,0.));
#14068=CARTESIAN_POINT('',(-11.5,2.,1.53080849893419E-16));
#14069=CARTESIAN_POINT('Origin',(-10.25,2.,0.));
#14070=CARTESIAN_POINT('Origin',(8.5,0.,-6.05));
#14071=CARTESIAN_POINT('',(-8.5,1.05,-6.05));
#14072=CARTESIAN_POINT('',(-8.5,0.,-6.05));
#14073=CARTESIAN_POINT('',(8.5,1.05,-6.05));
#14074=CARTESIAN_POINT('',(-8.5,1.05,-6.05));
#14075=CARTESIAN_POINT('',(8.5,0.,-6.05));
#14076=CARTESIAN_POINT('Origin',(10.25,0.,-4.05));
#14077=CARTESIAN_POINT('',(10.25,1.05,-4.05));
#14078=CARTESIAN_POINT('',(8.5,1.05,-6.05));
#14079=CARTESIAN_POINT('',(10.25,0.,-4.05));
#14080=CARTESIAN_POINT('Origin',(-8.5,0.,-6.05));
#14081=CARTESIAN_POINT('',(-10.25,1.05,-4.05));
#14082=CARTESIAN_POINT('',(-10.25,0.,-4.05));
#14083=CARTESIAN_POINT('',(-8.5,1.05,-6.05));
#14084=CARTESIAN_POINT('Origin',(0.,1.05,-5.05));
#14085=CARTESIAN_POINT('',(6.275,1.05,-4.05));
#14086=CARTESIAN_POINT('Origin',(-10.25,0.,4.05));
#14087=CARTESIAN_POINT('',(-8.5,1.05,6.05));
#14088=CARTESIAN_POINT('',(-8.5,0.,6.05));
#14089=CARTESIAN_POINT('',(-8.5,1.05,6.05));
#14090=CARTESIAN_POINT('Origin',(8.5,0.,6.05));
#14091=CARTESIAN_POINT('',(8.5,1.05,6.05));
#14092=CARTESIAN_POINT('',(8.5,1.05,6.05));
#14093=CARTESIAN_POINT('',(8.5,0.,6.05));
#14094=CARTESIAN_POINT('Origin',(-8.5,0.,6.05));
#14095=CARTESIAN_POINT('',(-8.5,1.05,6.05));
#14096=CARTESIAN_POINT('Origin',(-0.00212967391496566,1.05,5.05));
#14097=CARTESIAN_POINT('Origin',(10.25,0.,0.));
#14098=CARTESIAN_POINT('',(9.,0.,1.53080849893419E-16));
#14099=CARTESIAN_POINT('Origin',(-10.25,0.,0.));
#14100=CARTESIAN_POINT('',(-11.5,0.,1.53080849893419E-16));
#14101=CARTESIAN_POINT('Origin',(13.55,0.,3.05));
#14102=CARTESIAN_POINT('',(13.55,0.,-3.05));
#14103=CARTESIAN_POINT('',(13.55,0.,3.05));
#14104=CARTESIAN_POINT('Origin',(12.55,0.,3.05));
#14105=CARTESIAN_POINT('Origin',(-12.55,0.,4.05));
#14106=CARTESIAN_POINT('Origin',(-12.55,0.,3.05));
#14107=CARTESIAN_POINT('',(-13.55,4.,3.05));
#14108=CARTESIAN_POINT('Origin',(-12.55,4.,3.05));
#14109=CARTESIAN_POINT('',(-13.55,0.,3.05));
#14110=CARTESIAN_POINT('Origin',(-13.55,0.,-3.05));
#14111=CARTESIAN_POINT('',(-13.55,4.,-3.05));
#14112=CARTESIAN_POINT('',(-13.55,4.,-3.05));
#14113=CARTESIAN_POINT('',(-13.55,0.,-3.05));
#14114=CARTESIAN_POINT('Origin',(-12.55,0.,-3.05));
#14115=CARTESIAN_POINT('',(-12.55,4.,-4.05));
#14116=CARTESIAN_POINT('Origin',(-12.55,4.,-3.05));
#14117=CARTESIAN_POINT('',(-12.55,0.,-4.05));
#14118=CARTESIAN_POINT('Origin',(12.55,0.,-4.05));
#14119=CARTESIAN_POINT('',(12.55,4.,-4.05));
#14120=CARTESIAN_POINT('',(12.55,0.,-4.05));
#14121=CARTESIAN_POINT('Origin',(12.55,0.,-3.05));
#14122=CARTESIAN_POINT('Origin',(0.,4.,-1.11022302462516E-15));
#14123=CARTESIAN_POINT('',(0.,2.,0.));
#14124=CARTESIAN_POINT('',(20.5,2.,0.));
#14125=UNCERTAINTY_MEASURE_WITH_UNIT(LENGTH_MEASURE(0.01),#14133,
'DISTANCE_ACCURACY_VALUE',
'Maximum model space distance between geometric entities at asserted c
onnectivities');
#14126=UNCERTAINTY_MEASURE_WITH_UNIT(LENGTH_MEASURE(0.01),#14133,
'DISTANCE_ACCURACY_VALUE',
'Maximum model space distance between geometric entities at asserted c
onnectivities');
#14127=UNCERTAINTY_MEASURE_WITH_UNIT(LENGTH_MEASURE(0.01),#14133,
'DISTANCE_ACCURACY_VALUE',
'Maximum model space distance between geometric entities at asserted c
onnectivities');
#14128=UNCERTAINTY_MEASURE_WITH_UNIT(LENGTH_MEASURE(0.01),#14133,
'DISTANCE_ACCURACY_VALUE',
'Maximum model space distance between geometric entities at asserted c
onnectivities');
#14129=(
GEOMETRIC_REPRESENTATION_CONTEXT(3)
GLOBAL_UNCERTAINTY_ASSIGNED_CONTEXT((#14125))
GLOBAL_UNIT_ASSIGNED_CONTEXT((#14133,#14135,#14136))
REPRESENTATION_CONTEXT('','3D')
);
#14130=(
GEOMETRIC_REPRESENTATION_CONTEXT(3)
GLOBAL_UNCERTAINTY_ASSIGNED_CONTEXT((#14126))
GLOBAL_UNIT_ASSIGNED_CONTEXT((#14133,#14135,#14136))
REPRESENTATION_CONTEXT('','3D')
);
#14131=(
GEOMETRIC_REPRESENTATION_CONTEXT(3)
GLOBAL_UNCERTAINTY_ASSIGNED_CONTEXT((#14127))
GLOBAL_UNIT_ASSIGNED_CONTEXT((#14133,#14135,#14136))
REPRESENTATION_CONTEXT('','3D')
);
#14132=(
GEOMETRIC_REPRESENTATION_CONTEXT(3)
GLOBAL_UNCERTAINTY_ASSIGNED_CONTEXT((#14128))
GLOBAL_UNIT_ASSIGNED_CONTEXT((#14133,#14135,#14136))
REPRESENTATION_CONTEXT('','3D')
);
#14133=(
LENGTH_UNIT()
NAMED_UNIT(*)
SI_UNIT(.MILLI.,.METRE.)
);
#14134=(
LENGTH_UNIT()
NAMED_UNIT(*)
SI_UNIT($,.METRE.)
);
#14135=(
NAMED_UNIT(*)
PLANE_ANGLE_UNIT()
SI_UNIT($,.RADIAN.)
);
#14136=(
NAMED_UNIT(*)
SI_UNIT($,.STERADIAN.)
SOLID_ANGLE_UNIT()
);
#14137=SHAPE_DEFINITION_REPRESENTATION(#14140,#14145);
#14138=SHAPE_DEFINITION_REPRESENTATION(#14141,#14146);
#14139=SHAPE_DEFINITION_REPRESENTATION(#14142,#14147);
#14140=PRODUCT_DEFINITION_SHAPE('',$,#14149);
#14141=PRODUCT_DEFINITION_SHAPE('',$,#14150);
#14142=PRODUCT_DEFINITION_SHAPE('',$,#14151);
#14143=PRODUCT_DEFINITION_SHAPE($,$,#17);
#14144=PRODUCT_DEFINITION_SHAPE($,$,#18);
#14145=SHAPE_REPRESENTATION('',(#8065,#8701,#8702),#14129);
#14146=SHAPE_REPRESENTATION('',(#8066),#14130);
#14147=SHAPE_REPRESENTATION('',(#8109),#14131);
#14148=PRODUCT_DEFINITION_CONTEXT('part definition',#14159,'design');
#14149=PRODUCT_DEFINITION('Amass XT60E1-M','Amass XT60E1-M v4',#14152,#14148);
#14150=PRODUCT_DEFINITION('M2.5 Nut v1','M2.5 Nut v1',#14153,#14148);
#14151=PRODUCT_DEFINITION('M2.5 Nut v1 (1)','M2.5 Nut v1 (1)',#14154,#14148);
#14152=PRODUCT_DEFINITION_FORMATION('',$,#14161);
#14153=PRODUCT_DEFINITION_FORMATION('',$,#14162);
#14154=PRODUCT_DEFINITION_FORMATION('',$,#14163);
#14155=PRODUCT_RELATED_PRODUCT_CATEGORY('Amass XT60E1-M v4',
'Amass XT60E1-M v4',(#14161));
#14156=PRODUCT_RELATED_PRODUCT_CATEGORY('M2.5 Nut v1','M2.5 Nut v1',(#14162));
#14157=PRODUCT_RELATED_PRODUCT_CATEGORY('M2.5 Nut v1 (1)',
'M2.5 Nut v1 (1)',(#14163));
#14158=APPLICATION_PROTOCOL_DEFINITION('international standard',
'automotive_design',2009,#14159);
#14159=APPLICATION_CONTEXT(
'Core Data for Automotive Mechanical Design Process');
#14160=PRODUCT_CONTEXT('part definition',#14159,'mechanical');
#14161=PRODUCT('Amass XT60E1-M','Amass XT60E1-M v4',$,(#14160));
#14162=PRODUCT('M2.5 Nut v1','M2.5 Nut v1',$,(#14160));
#14163=PRODUCT('M2.5 Nut v1 (1)','M2.5 Nut v1 (1)',$,(#14160));
#14164=PRESENTATION_STYLE_ASSIGNMENT((#14167));
#14165=PRESENTATION_STYLE_ASSIGNMENT((#14168));
#14166=PRESENTATION_STYLE_ASSIGNMENT((#14169));
#14167=SURFACE_STYLE_USAGE(.BOTH.,#14170);
#14168=SURFACE_STYLE_USAGE(.BOTH.,#14171);
#14169=SURFACE_STYLE_USAGE(.BOTH.,#14172);
#14170=SURFACE_SIDE_STYLE('',(#14173));
#14171=SURFACE_SIDE_STYLE('',(#14174));
#14172=SURFACE_SIDE_STYLE('',(#14175));
#14173=SURFACE_STYLE_FILL_AREA(#14176);
#14174=SURFACE_STYLE_FILL_AREA(#14177);
#14175=SURFACE_STYLE_FILL_AREA(#14178);
#14176=FILL_AREA_STYLE('Steel - Satin',(#14179));
#14177=FILL_AREA_STYLE('Plastic - Translucent Matte (Yellow)',(#14180));
#14178=FILL_AREA_STYLE('Brass - Polished',(#14181));
#14179=FILL_AREA_STYLE_COLOUR('Steel - Satin',#14182);
#14180=FILL_AREA_STYLE_COLOUR('Plastic - Translucent Matte (Yellow)',#14183);
#14181=FILL_AREA_STYLE_COLOUR('Brass - Polished',#14184);
#14182=COLOUR_RGB('Steel - Satin',0.627450980392157,0.627450980392157,0.627450980392157);
#14183=COLOUR_RGB('Plastic - Translucent Matte (Yellow)',0.909803921568627,
0.67843137254902,0.137254901960784);
#14184=COLOUR_RGB('Brass - Polished',0.952941176470588,0.796078431372549,
0.486274509803922);
ENDSEC;
END-ISO-10303-21;
