ISO-10303-21;
HEADER;
/* Generated by software containing ST-Developer
 * from STEP Tools, Inc. (www.steptools.com) 
 */

FILE_DESCRIPTION(
/* description */ (''),
/* implementation_level */ '2;1');

FILE_NAME(
/* name */ 
'C:\\Doc\\TECHNOLOGIES\\EBIKE\\BATTERY USB CHARGER\\FUSE HOLDER\\Fuse 
Holder - CONQUER CQ-201N_.stp',
/* time_stamp */ '2019-10-14T03:17:43-04:00',
/* author */ ('ASUS'),
/* organization */ (''),
/* preprocessor_version */ 'ST-DEVELOPER v16.5',
/* originating_system */ 'Autodesk Inventor 2017',
/* authorisation */ '');

FILE_SCHEMA (('AUTOMOTIVE_DESIGN { 1 0 10303 214 3 1 1 }'));
ENDSEC;

DATA;
#10=MECHANICAL_DESIGN_GEOMETRIC_PRESENTATION_REPRESENTATION('',(#96,#97,
#98,#95),#5030);
#11=ITEM_DEFINED_TRANSFORMATION($,$,#2866,#3149);
#12=ITEM_DEFINED_TRANSFORMATION($,$,#2924,#3150);
#13=ITEM_DEFINED_TRANSFORMATION($,$,#2924,#3151);
#14=ITEM_DEFINED_TRANSFORMATION($,$,#2975,#3152);
#15=ITEM_DEFINED_TRANSFORMATION($,$,#2975,#3153);
#16=ITEM_DEFINED_TRANSFORMATION($,$,#3131,#3154);
#17=ITEM_DEFINED_TRANSFORMATION($,$,#3131,#3155);
#18=(
REPRESENTATION_RELATIONSHIP($,$,#5055,#5054)
REPRESENTATION_RELATIONSHIP_WITH_TRANSFORMATION(#11)
SHAPE_REPRESENTATION_RELATIONSHIP()
);
#19=(
REPRESENTATION_RELATIONSHIP($,$,#5056,#5054)
REPRESENTATION_RELATIONSHIP_WITH_TRANSFORMATION(#12)
SHAPE_REPRESENTATION_RELATIONSHIP()
);
#20=(
REPRESENTATION_RELATIONSHIP($,$,#5056,#5054)
REPRESENTATION_RELATIONSHIP_WITH_TRANSFORMATION(#13)
SHAPE_REPRESENTATION_RELATIONSHIP()
);
#21=(
REPRESENTATION_RELATIONSHIP($,$,#5057,#5054)
REPRESENTATION_RELATIONSHIP_WITH_TRANSFORMATION(#14)
SHAPE_REPRESENTATION_RELATIONSHIP()
);
#22=(
REPRESENTATION_RELATIONSHIP($,$,#5057,#5054)
REPRESENTATION_RELATIONSHIP_WITH_TRANSFORMATION(#15)
SHAPE_REPRESENTATION_RELATIONSHIP()
);
#23=(
REPRESENTATION_RELATIONSHIP($,$,#5058,#5054)
REPRESENTATION_RELATIONSHIP_WITH_TRANSFORMATION(#16)
SHAPE_REPRESENTATION_RELATIONSHIP()
);
#24=(
REPRESENTATION_RELATIONSHIP($,$,#5058,#5054)
REPRESENTATION_RELATIONSHIP_WITH_TRANSFORMATION(#17)
SHAPE_REPRESENTATION_RELATIONSHIP()
);
#25=CONTEXT_DEPENDENT_SHAPE_REPRESENTATION(#18,#5047);
#26=CONTEXT_DEPENDENT_SHAPE_REPRESENTATION(#19,#5048);
#27=CONTEXT_DEPENDENT_SHAPE_REPRESENTATION(#20,#5049);
#28=CONTEXT_DEPENDENT_SHAPE_REPRESENTATION(#21,#5050);
#29=CONTEXT_DEPENDENT_SHAPE_REPRESENTATION(#22,#5051);
#30=CONTEXT_DEPENDENT_SHAPE_REPRESENTATION(#23,#5052);
#31=CONTEXT_DEPENDENT_SHAPE_REPRESENTATION(#24,#5053);
#32=NEXT_ASSEMBLY_USAGE_OCCURRENCE('Fuse Holder Base:1',
'Fuse Holder Base:1','Fuse Holder Base:1',#5060,#5061,
'Fuse Holder Base:1');
#33=NEXT_ASSEMBLY_USAGE_OCCURRENCE('Fuse Holder Terminal End Plate:1',
'Fuse Holder Terminal End Plate:1','Fuse Holder Terminal End Plate:1',#5060,
#5062,'Fuse Holder Terminal End Plate:1');
#34=NEXT_ASSEMBLY_USAGE_OCCURRENCE('Fuse Holder Terminal End Plate:2',
'Fuse Holder Terminal End Plate:2','Fuse Holder Terminal End Plate:2',#5060,
#5062,'Fuse Holder Terminal End Plate:2');
#35=NEXT_ASSEMBLY_USAGE_OCCURRENCE('Fuse Holder Clamp:1',
'Fuse Holder Clamp:1','Fuse Holder Clamp:1',#5060,#5063,
'Fuse Holder Clamp:1');
#36=NEXT_ASSEMBLY_USAGE_OCCURRENCE('Fuse Holder Clamp:2',
'Fuse Holder Clamp:2','Fuse Holder Clamp:2',#5060,#5063,
'Fuse Holder Clamp:2');
#37=NEXT_ASSEMBLY_USAGE_OCCURRENCE('Fuse Holder Pin:1',
'Fuse Holder Pin:1','Fuse Holder Pin:1',#5060,#5064,'Fuse Holder Pin:1');
#38=NEXT_ASSEMBLY_USAGE_OCCURRENCE('Fuse Holder Pin:2',
'Fuse Holder Pin:2','Fuse Holder Pin:2',#5060,#5064,'Fuse Holder Pin:2');
#39=TOROIDAL_SURFACE('',#3007,7.45,1.1);
#40=TOROIDAL_SURFACE('',#3018,7.45,1.1);
#41=TOROIDAL_SURFACE('',#3029,7.44999999999999,0.55);
#42=TOROIDAL_SURFACE('',#3033,7.44999999999999,0.55);
#43=TOROIDAL_SURFACE('',#3138,1.9,0.2);
#44=TOROIDAL_SURFACE('',#3145,1.9,0.2);
#45=ELLIPSE('',#2980,0.555880569054429,0.550747451395436);
#46=ELLIPSE('',#2981,1.11213040403989,1.10244042605861);
#47=ELLIPSE('',#2983,0.767651216186856,0.514694328376227);
#48=ELLIPSE('',#2984,0.789572561234636,0.584146815376642);
#49=ELLIPSE('',#2988,0.629582459541024,0.521670265348447);
#50=ELLIPSE('',#2989,0.773411925565834,0.516619254071719);
#51=ELLIPSE('',#2991,1.11213040403987,1.10244042605859);
#52=ELLIPSE('',#2992,0.55588056905433,0.550747451395328);
#53=ELLIPSE('',#2995,0.629582407162311,0.521670243663462);
#54=ELLIPSE('',#2996,0.77341192449058,0.516619253712633);
#55=ELLIPSE('',#2998,1.11213040403989,1.10244042605862);
#56=ELLIPSE('',#2999,0.555880569054376,0.550747451395389);
#57=ELLIPSE('',#3002,0.767651215124005,0.514694328020322);
#58=ELLIPSE('',#3003,0.789572575619846,0.584146820696643);
#59=ELLIPSE('',#3005,0.555880569054469,0.550747451395463);
#60=ELLIPSE('',#3006,1.11213040403988,1.10244042605861);
#61=ELLIPSE('',#3009,1.57804359876178,1.09596377393634);
#62=ELLIPSE('',#3011,1.67324167892139,1.12872275047372);
#63=ELLIPSE('',#3015,0.759165862370268,0.609185946900492);
#64=ELLIPSE('',#3017,0.857990026647676,0.648263078443828);
#65=ELLIPSE('',#3019,1.57804005905,1.09596253724945);
#66=ELLIPSE('',#3021,1.67323902441815,1.12872185028852);
#67=ELLIPSE('',#3026,0.759165918618155,0.609185969934428);
#68=ELLIPSE('',#3028,0.857989739949703,0.648262968781093);
#69=B_SPLINE_CURVE_WITH_KNOTS('',3,(#4301,#4302,#4303,#4304,#4305,#4306,
#4307,#4308,#4309,#4310),.UNSPECIFIED.,.F.,.F.,(4,2,2,2,4),(0.0611080674519689,
0.0686438199213745,0.0761795723907802,0.0837777656947714,0.0913759589987625),
 .UNSPECIFIED.);
#70=B_SPLINE_CURVE_WITH_KNOTS('',3,(#4314,#4315,#4316,#4317,#4318,#4319,
#4320,#4321,#4322,#4323),.UNSPECIFIED.,.F.,.F.,(4,2,2,2,4),(-0.0907069452284947,
-0.0831524599466863,-0.0755979746648779,-0.068063582727144,-0.0605291907894101),
 .UNSPECIFIED.);
#71=B_SPLINE_CURVE_WITH_KNOTS('',3,(#4332,#4333,#4334,#4335,#4336,#4337,
#4338,#4339,#4340,#4341),.UNSPECIFIED.,.F.,.F.,(4,2,2,2,4),(-0.12105838157882,
-0.113523989641086,-0.105989597703352,-0.098435112421544,-0.0908806271397357),
 .UNSPECIFIED.);
#72=B_SPLINE_CURVE_WITH_KNOTS('',3,(#4344,#4345,#4346,#4347,#4348,#4349,
#4350,#4351,#4352,#4353),.UNSPECIFIED.,.F.,.F.,(4,2,2,2,4),(0.0919482433571441,
0.0995464366611353,0.107144629965126,0.114680382434532,0.122216134903938),
 .UNSPECIFIED.);
#73=B_SPLINE_CURVE_WITH_KNOTS('',3,(#4434,#4435,#4436,#4437,#4438,#4439,
#4440,#4441,#4442,#4443,#4444,#4445,#4446,#4447,#4448,#4449,#4450,#4451),
 .UNSPECIFIED.,.F.,.F.,(4,2,2,2,2,2,2,2,4),(0.169857641855883,0.171015870298586,
0.189847581932939,0.209166145450164,0.228484708967389,0.247614728825314,
0.266744748683239,0.285556533005853,0.299437386235751),.UNSPECIFIED.);
#74=B_SPLINE_CURVE_WITH_KNOTS('',3,(#4456,#4457,#4458,#4459,#4460,#4461,
#4462,#4463,#4464,#4465,#4466,#4467,#4468,#4469,#4470,#4471,#4472,#4473),
 .UNSPECIFIED.,.F.,.F.,(4,2,2,2,2,2,2,2,4),(-0.299049480240435,-0.285165685043516,
-0.266351039767962,-0.247258609447331,-0.228166179126699,-0.208909990841424,
-0.189653802556149,-0.170821983857842,-0.151990165159535),.UNSPECIFIED.);
#75=B_SPLINE_CURVE_WITH_KNOTS('',3,(#4476,#4477,#4478,#4479,#4480,#4481),
 .UNSPECIFIED.,.F.,.F.,(4,2,4),(0.170043494180204,0.18410204024271,0.187439082351612),
 .UNSPECIFIED.);
#76=B_SPLINE_CURVE_WITH_KNOTS('',3,(#4500,#4501,#4502,#4503,#4504,#4505,
#4506,#4507,#4508,#4509,#4510,#4511,#4512,#4513,#4514,#4515,#4516,#4517),
 .UNSPECIFIED.,.F.,.F.,(4,2,2,2,2,2,2,2,4),(0.157115089757714,0.170995942986848,
0.189807727309462,0.208937747167387,0.228067767025312,0.247386330542537,
0.266704894059763,0.285536605694115,0.286694834136818),.UNSPECIFIED.);
#77=B_SPLINE_CURVE_WITH_KNOTS('',3,(#4518,#4519,#4520,#4521,#4522,#4523),
 .UNSPECIFIED.,.F.,.F.,(4,2,4),(0.152647906008797,0.155984948117699,0.170043494180204),
 .UNSPECIFIED.);
#78=B_SPLINE_CURVE_WITH_KNOTS('',3,(#4525,#4526,#4527,#4528,#4529,#4530,
#4531,#4532,#4533,#4534,#4535,#4536,#4537,#4538,#4539,#4540,#4541,#4542),
 .UNSPECIFIED.,.F.,.F.,(4,2,2,2,2,2,2,2,4),(-0.303980330319071,-0.285148511620764,
-0.266316692922457,-0.247060504637182,-0.227804316351907,-0.208711886031275,
-0.189619455710644,-0.17080481043509,-0.156921015238171),.UNSPECIFIED.);
#79=B_SPLINE_CURVE_WITH_KNOTS('',3,(#4566,#4567,#4568,#4569,#4570,#4571,
#4572,#4573,#4574,#4575,#4576,#4577,#4578,#4579),.UNSPECIFIED.,.F.,.F.,
(4,2,2,2,2,2,4),(0.157115089757714,0.170995942986848,0.189807727309462,
0.208937747167387,0.228067767025312,0.247386330542537,0.251357827575908),
 .UNSPECIFIED.);
#80=B_SPLINE_CURVE_WITH_KNOTS('',3,(#4580,#4581,#4582,#4583,#4584,#4585,
#4586,#4587),.UNSPECIFIED.,.F.,.F.,(4,2,2,4),(-0.0527568788491946,-0.0377588038386279,
-0.0188794019193139,0.),.UNSPECIFIED.);
#81=B_SPLINE_CURVE_WITH_KNOTS('',3,(#4589,#4590,#4591,#4592,#4593,#4594),
 .UNSPECIFIED.,.F.,.F.,(4,2,4),(0.340187371179357,0.361088724034872,0.378364667286759),
 .UNSPECIFIED.);
#82=B_SPLINE_CURVE_WITH_KNOTS('',3,(#4596,#4597,#4598,#4599,#4600,#4601,
#4602,#4603,#4604,#4605,#4606,#4607,#4608,#4609),.UNSPECIFIED.,.F.,.F.,
(4,2,2,2,2,2,4),(-0.265891296460891,-0.247060504637182,-0.227804316351906,
-0.208711886031275,-0.189619455710644,-0.17080481043509,-0.156921015238171),
 .UNSPECIFIED.);
#83=B_SPLINE_CURVE_WITH_KNOTS('',3,(#4633,#4634,#4635,#4636,#4637,#4638,
#4639,#4640,#4641,#4642,#4643,#4644,#4645,#4646),.UNSPECIFIED.,.F.,.F.,
(4,2,2,2,2,2,4),(-0.147059315080899,-0.133175519883981,-0.114360874608427,
-0.0952684442877954,-0.076176013967164,-0.0569198256818887,-0.0380890338581782),
 .UNSPECIFIED.);
#84=B_SPLINE_CURVE_WITH_KNOTS('',3,(#4647,#4648,#4649,#4650,#4651,#4652),
 .UNSPECIFIED.,.F.,.F.,(4,2,4),(0.0752184942857187,0.092494437537604,0.113395790393119),
 .UNSPECIFIED.);
#85=B_SPLINE_CURVE_WITH_KNOTS('',3,(#4654,#4655,#4656,#4657,#4658,#4659,
#4660,#4661),.UNSPECIFIED.,.F.,.F.,(4,2,2,4),(-0.334891858259273,-0.316012456339959,
-0.297133054420645,-0.282134979410079),.UNSPECIFIED.);
#86=B_SPLINE_CURVE_WITH_KNOTS('',3,(#4663,#4664,#4665,#4666,#4667,#4668,
#4669,#4670,#4671,#4672,#4673,#4674,#4675,#4676),.UNSPECIFIED.,.F.,.F.,
(4,2,2,2,2,2,4),(0.0530104897525587,0.0569819867859304,0.0763005503031557,
0.0954305701610804,0.114560590019005,0.133372374341619,0.147253227571518),
 .UNSPECIFIED.);
#87=SHAPE_REPRESENTATION_RELATIONSHIP('SRR','None',#5055,#91);
#88=SHAPE_REPRESENTATION_RELATIONSHIP('SRR','None',#5056,#92);
#89=SHAPE_REPRESENTATION_RELATIONSHIP('SRR','None',#5057,#93);
#90=SHAPE_REPRESENTATION_RELATIONSHIP('SRR','None',#5058,#94);
#91=ADVANCED_BREP_SHAPE_REPRESENTATION('',(#99),#5026);
#92=ADVANCED_BREP_SHAPE_REPRESENTATION('',(#100),#5027);
#93=ADVANCED_BREP_SHAPE_REPRESENTATION('',(#101),#5028);
#94=ADVANCED_BREP_SHAPE_REPRESENTATION('',(#102),#5029);
#95=STYLED_ITEM('',(#5085),#99);
#96=STYLED_ITEM('',(#5083),#100);
#97=STYLED_ITEM('',(#5088),#101);
#98=STYLED_ITEM('',(#5083),#102);
#99=MANIFOLD_SOLID_BREP('Solid2',#2855);
#100=MANIFOLD_SOLID_BREP('Solid2',#2856);
#101=MANIFOLD_SOLID_BREP('Solid2',#2857);
#102=MANIFOLD_SOLID_BREP('Solid2',#2858);
#103=CYLINDRICAL_SURFACE('',#2884,3.175);
#104=CYLINDRICAL_SURFACE('',#2888,3.175);
#105=CYLINDRICAL_SURFACE('',#2896,1.5);
#106=CYLINDRICAL_SURFACE('',#2898,1.5);
#107=CYLINDRICAL_SURFACE('',#2903,4.);
#108=CYLINDRICAL_SURFACE('',#2905,2.);
#109=CYLINDRICAL_SURFACE('',#2925,1.5);
#110=CYLINDRICAL_SURFACE('',#2928,0.5);
#111=CYLINDRICAL_SURFACE('',#2942,0.2);
#112=CYLINDRICAL_SURFACE('',#2945,0.2);
#113=CYLINDRICAL_SURFACE('',#2947,0.2);
#114=CYLINDRICAL_SURFACE('',#2949,0.2);
#115=CYLINDRICAL_SURFACE('',#2951,0.2);
#116=CYLINDRICAL_SURFACE('',#2954,0.2);
#117=CYLINDRICAL_SURFACE('',#2956,0.2);
#118=CYLINDRICAL_SURFACE('',#2959,0.2);
#119=CYLINDRICAL_SURFACE('',#2967,1.);
#120=CYLINDRICAL_SURFACE('',#2970,1.75);
#121=CYLINDRICAL_SURFACE('',#2976,1.5);
#122=CYLINDRICAL_SURFACE('',#2982,0.5);
#123=CYLINDRICAL_SURFACE('',#2987,0.5);
#124=CYLINDRICAL_SURFACE('',#2994,0.5);
#125=CYLINDRICAL_SURFACE('',#3001,0.5);
#126=CYLINDRICAL_SURFACE('',#3014,1.05);
#127=CYLINDRICAL_SURFACE('',#3025,1.05);
#128=CYLINDRICAL_SURFACE('',#3041,1.1);
#129=CYLINDRICAL_SURFACE('',#3043,1.1);
#130=CYLINDRICAL_SURFACE('',#3049,0.55);
#131=CYLINDRICAL_SURFACE('',#3052,1.1);
#132=CYLINDRICAL_SURFACE('',#3070,0.55);
#133=CYLINDRICAL_SURFACE('',#3072,7.99999999999999);
#134=CYLINDRICAL_SURFACE('',#3074,1.1);
#135=CYLINDRICAL_SURFACE('',#3095,1.1);
#136=CYLINDRICAL_SURFACE('',#3097,1.1);
#137=CYLINDRICAL_SURFACE('',#3098,1.1);
#138=CYLINDRICAL_SURFACE('',#3100,1.1);
#139=CYLINDRICAL_SURFACE('',#3101,1.1);
#140=CYLINDRICAL_SURFACE('',#3103,0.55);
#141=CYLINDRICAL_SURFACE('',#3105,0.55);
#142=CYLINDRICAL_SURFACE('',#3107,0.55);
#143=CYLINDRICAL_SURFACE('',#3109,0.55);
#144=CYLINDRICAL_SURFACE('',#3111,0.55);
#145=CYLINDRICAL_SURFACE('',#3113,0.55);
#146=CYLINDRICAL_SURFACE('',#3115,8.55);
#147=CYLINDRICAL_SURFACE('',#3117,1.1);
#148=CYLINDRICAL_SURFACE('',#3118,7.99999999999999);
#149=CYLINDRICAL_SURFACE('',#3119,0.55);
#150=CYLINDRICAL_SURFACE('',#3121,0.55);
#151=CYLINDRICAL_SURFACE('',#3122,8.55);
#152=CYLINDRICAL_SURFACE('',#3135,2.5);
#153=CYLINDRICAL_SURFACE('',#3141,2.1);
#154=CYLINDRICAL_SURFACE('',#3148,1.5);
#155=FACE_BOUND('',#452,.T.);
#156=FACE_BOUND('',#453,.T.);
#157=FACE_BOUND('',#454,.T.);
#158=FACE_BOUND('',#459,.T.);
#159=FACE_BOUND('',#461,.T.);
#160=FACE_BOUND('',#463,.T.);
#161=FACE_BOUND('',#465,.T.);
#162=FACE_BOUND('',#471,.T.);
#163=FACE_BOUND('',#473,.T.);
#164=FACE_BOUND('',#475,.T.);
#165=FACE_BOUND('',#477,.T.);
#166=FACE_BOUND('',#479,.T.);
#167=FACE_BOUND('',#483,.T.);
#168=FACE_BOUND('',#491,.T.);
#169=FACE_BOUND('',#496,.T.);
#170=FACE_BOUND('',#502,.T.);
#171=FACE_BOUND('',#504,.T.);
#172=FACE_BOUND('',#508,.T.);
#173=FACE_BOUND('',#526,.T.);
#174=FACE_BOUND('',#529,.T.);
#175=FACE_BOUND('',#534,.T.);
#176=FACE_BOUND('',#538,.T.);
#177=FACE_BOUND('',#585,.T.);
#178=FACE_BOUND('',#610,.T.);
#179=FACE_BOUND('',#612,.T.);
#180=FACE_BOUND('',#614,.T.);
#181=FACE_BOUND('',#617,.T.);
#182=FACE_BOUND('',#619,.T.);
#183=FACE_BOUND('',#621,.T.);
#184=FACE_BOUND('',#623,.T.);
#185=FACE_BOUND('',#626,.T.);
#186=CIRCLE('',#2878,2.);
#187=CIRCLE('',#2879,3.175);
#188=CIRCLE('',#2880,3.175);
#189=CIRCLE('',#2885,3.175);
#190=CIRCLE('',#2887,1.5);
#191=CIRCLE('',#2889,3.175);
#192=CIRCLE('',#2891,1.5);
#193=CIRCLE('',#2897,1.5);
#194=CIRCLE('',#2899,1.5);
#195=CIRCLE('',#2901,4.);
#196=CIRCLE('',#2902,2.);
#197=CIRCLE('',#2904,4.);
#198=CIRCLE('',#2926,1.5);
#199=CIRCLE('',#2927,1.5);
#200=CIRCLE('',#2929,0.5);
#201=CIRCLE('',#2930,0.5);
#202=CIRCLE('',#2934,0.2);
#203=CIRCLE('',#2935,0.2);
#204=CIRCLE('',#2936,0.2);
#205=CIRCLE('',#2937,0.2);
#206=CIRCLE('',#2938,0.2);
#207=CIRCLE('',#2939,0.2);
#208=CIRCLE('',#2943,0.2);
#209=CIRCLE('',#2946,0.2);
#210=CIRCLE('',#2952,0.2);
#211=CIRCLE('',#2955,0.2);
#212=CIRCLE('',#2957,0.2);
#213=CIRCLE('',#2960,0.2);
#214=CIRCLE('',#2964,1.75);
#215=CIRCLE('',#2965,1.);
#216=CIRCLE('',#2968,1.);
#217=CIRCLE('',#2971,1.75);
#218=CIRCLE('',#2977,1.5);
#219=CIRCLE('',#2978,1.5);
#220=CIRCLE('',#3008,8.55);
#221=CIRCLE('',#3010,7.45);
#222=CIRCLE('',#3013,1.05);
#223=CIRCLE('',#3016,1.05);
#224=CIRCLE('',#3020,7.45);
#225=CIRCLE('',#3022,8.55);
#226=CIRCLE('',#3024,1.05);
#227=CIRCLE('',#3027,1.05);
#228=CIRCLE('',#3030,7.99999999999999);
#229=CIRCLE('',#3031,7.44999999999999);
#230=CIRCLE('',#3034,7.99999999999999);
#231=CIRCLE('',#3035,7.44999999999999);
#232=CIRCLE('',#3038,1.1);
#233=CIRCLE('',#3039,0.55);
#234=CIRCLE('',#3040,8.55);
#235=CIRCLE('',#3042,1.1);
#236=CIRCLE('',#3044,1.1);
#237=CIRCLE('',#3045,1.1);
#238=CIRCLE('',#3047,8.55);
#239=CIRCLE('',#3048,0.55);
#240=CIRCLE('',#3050,0.55);
#241=CIRCLE('',#3051,0.55);
#242=CIRCLE('',#3053,1.1);
#243=CIRCLE('',#3054,1.1);
#244=CIRCLE('',#3056,0.55);
#245=CIRCLE('',#3057,0.55);
#246=CIRCLE('',#3058,0.55);
#247=CIRCLE('',#3059,0.55);
#248=CIRCLE('',#3060,0.55);
#249=CIRCLE('',#3061,0.55);
#250=CIRCLE('',#3062,1.1);
#251=CIRCLE('',#3063,0.55);
#252=CIRCLE('',#3064,1.1);
#253=CIRCLE('',#3065,1.1);
#254=CIRCLE('',#3066,1.1);
#255=CIRCLE('',#3067,1.1);
#256=CIRCLE('',#3068,1.1);
#257=CIRCLE('',#3069,1.1);
#258=CIRCLE('',#3071,0.55);
#259=CIRCLE('',#3073,7.99999999999999);
#260=CIRCLE('',#3075,1.1);
#261=CIRCLE('',#3078,1.1);
#262=CIRCLE('',#3079,1.1);
#263=CIRCLE('',#3080,1.1);
#264=CIRCLE('',#3081,1.1);
#265=CIRCLE('',#3082,1.1);
#266=CIRCLE('',#3083,8.55);
#267=CIRCLE('',#3084,0.55);
#268=CIRCLE('',#3085,1.1);
#269=CIRCLE('',#3086,0.55);
#270=CIRCLE('',#3087,0.55);
#271=CIRCLE('',#3088,0.55);
#272=CIRCLE('',#3089,0.55);
#273=CIRCLE('',#3090,0.55);
#274=CIRCLE('',#3091,0.55);
#275=CIRCLE('',#3092,7.99999999999999);
#276=CIRCLE('',#3093,0.55);
#277=CIRCLE('',#3094,8.55);
#278=CIRCLE('',#3133,2.5);
#279=CIRCLE('',#3134,1.5);
#280=CIRCLE('',#3136,2.5);
#281=CIRCLE('',#3139,2.1);
#282=CIRCLE('',#3140,1.9);
#283=CIRCLE('',#3142,2.1);
#284=CIRCLE('',#3144,1.5);
#285=CIRCLE('',#3146,1.9);
#286=FACE_OUTER_BOUND('',#441,.T.);
#287=FACE_OUTER_BOUND('',#442,.T.);
#288=FACE_OUTER_BOUND('',#443,.T.);
#289=FACE_OUTER_BOUND('',#444,.T.);
#290=FACE_OUTER_BOUND('',#445,.T.);
#291=FACE_OUTER_BOUND('',#446,.T.);
#292=FACE_OUTER_BOUND('',#447,.T.);
#293=FACE_OUTER_BOUND('',#448,.T.);
#294=FACE_OUTER_BOUND('',#449,.T.);
#295=FACE_OUTER_BOUND('',#450,.T.);
#296=FACE_OUTER_BOUND('',#451,.T.);
#297=FACE_OUTER_BOUND('',#455,.T.);
#298=FACE_OUTER_BOUND('',#456,.T.);
#299=FACE_OUTER_BOUND('',#457,.T.);
#300=FACE_OUTER_BOUND('',#458,.T.);
#301=FACE_OUTER_BOUND('',#460,.T.);
#302=FACE_OUTER_BOUND('',#462,.T.);
#303=FACE_OUTER_BOUND('',#464,.T.);
#304=FACE_OUTER_BOUND('',#466,.T.);
#305=FACE_OUTER_BOUND('',#467,.T.);
#306=FACE_OUTER_BOUND('',#468,.T.);
#307=FACE_OUTER_BOUND('',#469,.T.);
#308=FACE_OUTER_BOUND('',#470,.T.);
#309=FACE_OUTER_BOUND('',#472,.T.);
#310=FACE_OUTER_BOUND('',#474,.T.);
#311=FACE_OUTER_BOUND('',#476,.T.);
#312=FACE_OUTER_BOUND('',#478,.T.);
#313=FACE_OUTER_BOUND('',#480,.T.);
#314=FACE_OUTER_BOUND('',#481,.T.);
#315=FACE_OUTER_BOUND('',#482,.T.);
#316=FACE_OUTER_BOUND('',#484,.T.);
#317=FACE_OUTER_BOUND('',#485,.T.);
#318=FACE_OUTER_BOUND('',#486,.T.);
#319=FACE_OUTER_BOUND('',#487,.T.);
#320=FACE_OUTER_BOUND('',#488,.T.);
#321=FACE_OUTER_BOUND('',#489,.T.);
#322=FACE_OUTER_BOUND('',#490,.T.);
#323=FACE_OUTER_BOUND('',#492,.T.);
#324=FACE_OUTER_BOUND('',#493,.T.);
#325=FACE_OUTER_BOUND('',#494,.T.);
#326=FACE_OUTER_BOUND('',#495,.T.);
#327=FACE_OUTER_BOUND('',#497,.T.);
#328=FACE_OUTER_BOUND('',#498,.T.);
#329=FACE_OUTER_BOUND('',#499,.T.);
#330=FACE_OUTER_BOUND('',#500,.T.);
#331=FACE_OUTER_BOUND('',#501,.T.);
#332=FACE_OUTER_BOUND('',#503,.T.);
#333=FACE_OUTER_BOUND('',#505,.T.);
#334=FACE_OUTER_BOUND('',#506,.T.);
#335=FACE_OUTER_BOUND('',#507,.T.);
#336=FACE_OUTER_BOUND('',#509,.T.);
#337=FACE_OUTER_BOUND('',#510,.T.);
#338=FACE_OUTER_BOUND('',#511,.T.);
#339=FACE_OUTER_BOUND('',#512,.T.);
#340=FACE_OUTER_BOUND('',#513,.T.);
#341=FACE_OUTER_BOUND('',#514,.T.);
#342=FACE_OUTER_BOUND('',#515,.T.);
#343=FACE_OUTER_BOUND('',#516,.T.);
#344=FACE_OUTER_BOUND('',#517,.T.);
#345=FACE_OUTER_BOUND('',#518,.T.);
#346=FACE_OUTER_BOUND('',#519,.T.);
#347=FACE_OUTER_BOUND('',#520,.T.);
#348=FACE_OUTER_BOUND('',#521,.T.);
#349=FACE_OUTER_BOUND('',#522,.T.);
#350=FACE_OUTER_BOUND('',#523,.T.);
#351=FACE_OUTER_BOUND('',#524,.T.);
#352=FACE_OUTER_BOUND('',#525,.T.);
#353=FACE_OUTER_BOUND('',#527,.T.);
#354=FACE_OUTER_BOUND('',#528,.T.);
#355=FACE_OUTER_BOUND('',#530,.T.);
#356=FACE_OUTER_BOUND('',#531,.T.);
#357=FACE_OUTER_BOUND('',#532,.T.);
#358=FACE_OUTER_BOUND('',#533,.T.);
#359=FACE_OUTER_BOUND('',#535,.T.);
#360=FACE_OUTER_BOUND('',#536,.T.);
#361=FACE_OUTER_BOUND('',#537,.T.);
#362=FACE_OUTER_BOUND('',#539,.T.);
#363=FACE_OUTER_BOUND('',#540,.T.);
#364=FACE_OUTER_BOUND('',#541,.T.);
#365=FACE_OUTER_BOUND('',#542,.T.);
#366=FACE_OUTER_BOUND('',#543,.T.);
#367=FACE_OUTER_BOUND('',#544,.T.);
#368=FACE_OUTER_BOUND('',#545,.T.);
#369=FACE_OUTER_BOUND('',#546,.T.);
#370=FACE_OUTER_BOUND('',#547,.T.);
#371=FACE_OUTER_BOUND('',#548,.T.);
#372=FACE_OUTER_BOUND('',#549,.T.);
#373=FACE_OUTER_BOUND('',#550,.T.);
#374=FACE_OUTER_BOUND('',#551,.T.);
#375=FACE_OUTER_BOUND('',#552,.T.);
#376=FACE_OUTER_BOUND('',#553,.T.);
#377=FACE_OUTER_BOUND('',#554,.T.);
#378=FACE_OUTER_BOUND('',#555,.T.);
#379=FACE_OUTER_BOUND('',#556,.T.);
#380=FACE_OUTER_BOUND('',#557,.T.);
#381=FACE_OUTER_BOUND('',#558,.T.);
#382=FACE_OUTER_BOUND('',#559,.T.);
#383=FACE_OUTER_BOUND('',#560,.T.);
#384=FACE_OUTER_BOUND('',#561,.T.);
#385=FACE_OUTER_BOUND('',#562,.T.);
#386=FACE_OUTER_BOUND('',#563,.T.);
#387=FACE_OUTER_BOUND('',#564,.T.);
#388=FACE_OUTER_BOUND('',#565,.T.);
#389=FACE_OUTER_BOUND('',#566,.T.);
#390=FACE_OUTER_BOUND('',#567,.T.);
#391=FACE_OUTER_BOUND('',#568,.T.);
#392=FACE_OUTER_BOUND('',#569,.T.);
#393=FACE_OUTER_BOUND('',#570,.T.);
#394=FACE_OUTER_BOUND('',#571,.T.);
#395=FACE_OUTER_BOUND('',#572,.T.);
#396=FACE_OUTER_BOUND('',#573,.T.);
#397=FACE_OUTER_BOUND('',#574,.T.);
#398=FACE_OUTER_BOUND('',#575,.T.);
#399=FACE_OUTER_BOUND('',#576,.T.);
#400=FACE_OUTER_BOUND('',#577,.T.);
#401=FACE_OUTER_BOUND('',#578,.T.);
#402=FACE_OUTER_BOUND('',#579,.T.);
#403=FACE_OUTER_BOUND('',#580,.T.);
#404=FACE_OUTER_BOUND('',#581,.T.);
#405=FACE_OUTER_BOUND('',#582,.T.);
#406=FACE_OUTER_BOUND('',#583,.T.);
#407=FACE_OUTER_BOUND('',#584,.T.);
#408=FACE_OUTER_BOUND('',#586,.T.);
#409=FACE_OUTER_BOUND('',#587,.T.);
#410=FACE_OUTER_BOUND('',#588,.T.);
#411=FACE_OUTER_BOUND('',#589,.T.);
#412=FACE_OUTER_BOUND('',#590,.T.);
#413=FACE_OUTER_BOUND('',#591,.T.);
#414=FACE_OUTER_BOUND('',#592,.T.);
#415=FACE_OUTER_BOUND('',#593,.T.);
#416=FACE_OUTER_BOUND('',#594,.T.);
#417=FACE_OUTER_BOUND('',#595,.T.);
#418=FACE_OUTER_BOUND('',#596,.T.);
#419=FACE_OUTER_BOUND('',#597,.T.);
#420=FACE_OUTER_BOUND('',#598,.T.);
#421=FACE_OUTER_BOUND('',#599,.T.);
#422=FACE_OUTER_BOUND('',#600,.T.);
#423=FACE_OUTER_BOUND('',#601,.T.);
#424=FACE_OUTER_BOUND('',#602,.T.);
#425=FACE_OUTER_BOUND('',#603,.T.);
#426=FACE_OUTER_BOUND('',#604,.T.);
#427=FACE_OUTER_BOUND('',#605,.T.);
#428=FACE_OUTER_BOUND('',#606,.T.);
#429=FACE_OUTER_BOUND('',#607,.T.);
#430=FACE_OUTER_BOUND('',#608,.T.);
#431=FACE_OUTER_BOUND('',#609,.T.);
#432=FACE_OUTER_BOUND('',#611,.T.);
#433=FACE_OUTER_BOUND('',#613,.T.);
#434=FACE_OUTER_BOUND('',#615,.T.);
#435=FACE_OUTER_BOUND('',#616,.T.);
#436=FACE_OUTER_BOUND('',#618,.T.);
#437=FACE_OUTER_BOUND('',#620,.T.);
#438=FACE_OUTER_BOUND('',#622,.T.);
#439=FACE_OUTER_BOUND('',#624,.T.);
#440=FACE_OUTER_BOUND('',#625,.T.);
#441=EDGE_LOOP('',(#1807,#1808,#1809,#1810,#1811,#1812,#1813,#1814));
#442=EDGE_LOOP('',(#1815,#1816,#1817,#1818,#1819,#1820,#1821,#1822));
#443=EDGE_LOOP('',(#1823,#1824,#1825,#1826,#1827,#1828,#1829,#1830));
#444=EDGE_LOOP('',(#1831,#1832,#1833,#1834,#1835,#1836,#1837,#1838));
#445=EDGE_LOOP('',(#1839,#1840,#1841,#1842));
#446=EDGE_LOOP('',(#1843,#1844,#1845,#1846));
#447=EDGE_LOOP('',(#1847,#1848,#1849,#1850,#1851,#1852,#1853));
#448=EDGE_LOOP('',(#1854,#1855,#1856,#1857));
#449=EDGE_LOOP('',(#1858,#1859,#1860,#1861));
#450=EDGE_LOOP('',(#1862,#1863,#1864,#1865));
#451=EDGE_LOOP('',(#1866,#1867,#1868,#1869,#1870,#1871,#1872,#1873));
#452=EDGE_LOOP('',(#1874));
#453=EDGE_LOOP('',(#1875));
#454=EDGE_LOOP('',(#1876));
#455=EDGE_LOOP('',(#1877,#1878,#1879,#1880,#1881,#1882,#1883));
#456=EDGE_LOOP('',(#1884,#1885,#1886,#1887));
#457=EDGE_LOOP('',(#1888,#1889,#1890,#1891,#1892,#1893));
#458=EDGE_LOOP('',(#1894));
#459=EDGE_LOOP('',(#1895));
#460=EDGE_LOOP('',(#1896));
#461=EDGE_LOOP('',(#1897));
#462=EDGE_LOOP('',(#1898));
#463=EDGE_LOOP('',(#1899));
#464=EDGE_LOOP('',(#1900));
#465=EDGE_LOOP('',(#1901));
#466=EDGE_LOOP('',(#1902,#1903,#1904,#1905,#1906,#1907,#1908));
#467=EDGE_LOOP('',(#1909,#1910,#1911,#1912));
#468=EDGE_LOOP('',(#1913,#1914,#1915,#1916));
#469=EDGE_LOOP('',(#1917,#1918,#1919,#1920));
#470=EDGE_LOOP('',(#1921));
#471=EDGE_LOOP('',(#1922));
#472=EDGE_LOOP('',(#1923));
#473=EDGE_LOOP('',(#1924));
#474=EDGE_LOOP('',(#1925));
#475=EDGE_LOOP('',(#1926));
#476=EDGE_LOOP('',(#1927));
#477=EDGE_LOOP('',(#1928));
#478=EDGE_LOOP('',(#1929));
#479=EDGE_LOOP('',(#1930));
#480=EDGE_LOOP('',(#1931,#1932,#1933,#1934));
#481=EDGE_LOOP('',(#1935,#1936,#1937,#1938));
#482=EDGE_LOOP('',(#1939,#1940,#1941,#1942));
#483=EDGE_LOOP('',(#1943));
#484=EDGE_LOOP('',(#1944,#1945,#1946,#1947,#1948,#1949));
#485=EDGE_LOOP('',(#1950,#1951,#1952,#1953));
#486=EDGE_LOOP('',(#1954,#1955,#1956,#1957,#1958,#1959,#1960));
#487=EDGE_LOOP('',(#1961,#1962,#1963,#1964));
#488=EDGE_LOOP('',(#1965,#1966,#1967,#1968));
#489=EDGE_LOOP('',(#1969,#1970,#1971,#1972));
#490=EDGE_LOOP('',(#1973,#1974,#1975,#1976,#1977,#1978,#1979,#1980));
#491=EDGE_LOOP('',(#1981));
#492=EDGE_LOOP('',(#1982,#1983,#1984,#1985));
#493=EDGE_LOOP('',(#1986,#1987,#1988,#1989));
#494=EDGE_LOOP('',(#1990,#1991,#1992,#1993));
#495=EDGE_LOOP('',(#1994,#1995,#1996,#1997,#1998,#1999,#2000,#2001));
#496=EDGE_LOOP('',(#2002));
#497=EDGE_LOOP('',(#2003,#2004,#2005,#2006));
#498=EDGE_LOOP('',(#2007,#2008,#2009,#2010));
#499=EDGE_LOOP('',(#2011,#2012,#2013,#2014));
#500=EDGE_LOOP('',(#2015,#2016,#2017,#2018));
#501=EDGE_LOOP('',(#2019));
#502=EDGE_LOOP('',(#2020));
#503=EDGE_LOOP('',(#2021));
#504=EDGE_LOOP('',(#2022));
#505=EDGE_LOOP('',(#2023,#2024,#2025,#2026));
#506=EDGE_LOOP('',(#2027,#2028,#2029,#2030));
#507=EDGE_LOOP('',(#2031,#2032,#2033,#2034,#2035,#2036,#2037,#2038,#2039,
#2040,#2041,#2042,#2043,#2044,#2045,#2046,#2047,#2048));
#508=EDGE_LOOP('',(#2049));
#509=EDGE_LOOP('',(#2050,#2051,#2052,#2053));
#510=EDGE_LOOP('',(#2054,#2055,#2056,#2057));
#511=EDGE_LOOP('',(#2058,#2059,#2060,#2061));
#512=EDGE_LOOP('',(#2062,#2063,#2064,#2065));
#513=EDGE_LOOP('',(#2066,#2067,#2068,#2069));
#514=EDGE_LOOP('',(#2070,#2071,#2072,#2073));
#515=EDGE_LOOP('',(#2074,#2075,#2076,#2077));
#516=EDGE_LOOP('',(#2078,#2079,#2080,#2081));
#517=EDGE_LOOP('',(#2082,#2083,#2084,#2085));
#518=EDGE_LOOP('',(#2086,#2087,#2088,#2089));
#519=EDGE_LOOP('',(#2090,#2091,#2092,#2093));
#520=EDGE_LOOP('',(#2094,#2095,#2096,#2097));
#521=EDGE_LOOP('',(#2098,#2099,#2100,#2101));
#522=EDGE_LOOP('',(#2102,#2103,#2104,#2105));
#523=EDGE_LOOP('',(#2106,#2107,#2108,#2109));
#524=EDGE_LOOP('',(#2110,#2111,#2112,#2113));
#525=EDGE_LOOP('',(#2114,#2115,#2116,#2117,#2118,#2119,#2120,#2121,#2122,
#2123,#2124,#2125,#2126,#2127,#2128,#2129,#2130,#2131));
#526=EDGE_LOOP('',(#2132));
#527=EDGE_LOOP('',(#2133,#2134,#2135,#2136,#2137,#2138));
#528=EDGE_LOOP('',(#2139,#2140,#2141,#2142));
#529=EDGE_LOOP('',(#2143));
#530=EDGE_LOOP('',(#2144,#2145,#2146,#2147,#2148,#2149));
#531=EDGE_LOOP('',(#2150,#2151,#2152,#2153));
#532=EDGE_LOOP('',(#2154,#2155,#2156,#2157,#2158,#2159));
#533=EDGE_LOOP('',(#2160,#2161,#2162,#2163));
#534=EDGE_LOOP('',(#2164));
#535=EDGE_LOOP('',(#2165,#2166,#2167,#2168));
#536=EDGE_LOOP('',(#2169,#2170,#2171,#2172,#2173,#2174));
#537=EDGE_LOOP('',(#2175));
#538=EDGE_LOOP('',(#2176));
#539=EDGE_LOOP('',(#2177,#2178,#2179,#2180));
#540=EDGE_LOOP('',(#2181,#2182,#2183,#2184,#2185,#2186,#2187));
#541=EDGE_LOOP('',(#2188,#2189,#2190,#2191));
#542=EDGE_LOOP('',(#2192,#2193,#2194,#2195));
#543=EDGE_LOOP('',(#2196,#2197,#2198,#2199,#2200,#2201,#2202));
#544=EDGE_LOOP('',(#2203,#2204,#2205,#2206));
#545=EDGE_LOOP('',(#2207,#2208,#2209,#2210));
#546=EDGE_LOOP('',(#2211,#2212,#2213,#2214,#2215,#2216,#2217,#2218));
#547=EDGE_LOOP('',(#2219,#2220,#2221,#2222));
#548=EDGE_LOOP('',(#2223,#2224,#2225,#2226));
#549=EDGE_LOOP('',(#2227,#2228,#2229,#2230,#2231,#2232,#2233,#2234));
#550=EDGE_LOOP('',(#2235,#2236,#2237,#2238));
#551=EDGE_LOOP('',(#2239,#2240,#2241,#2242,#2243,#2244,#2245,#2246));
#552=EDGE_LOOP('',(#2247,#2248));
#553=EDGE_LOOP('',(#2249,#2250,#2251,#2252,#2253,#2254,#2255,#2256));
#554=EDGE_LOOP('',(#2257,#2258,#2259,#2260,#2261,#2262,#2263,#2264));
#555=EDGE_LOOP('',(#2265,#2266));
#556=EDGE_LOOP('',(#2267,#2268,#2269,#2270,#2271,#2272,#2273,#2274));
#557=EDGE_LOOP('',(#2275,#2276,#2277,#2278,#2279,#2280,#2281,#2282));
#558=EDGE_LOOP('',(#2283,#2284));
#559=EDGE_LOOP('',(#2285,#2286,#2287,#2288,#2289,#2290,#2291,#2292));
#560=EDGE_LOOP('',(#2293,#2294));
#561=EDGE_LOOP('',(#2295,#2296,#2297,#2298,#2299,#2300,#2301));
#562=EDGE_LOOP('',(#2302,#2303,#2304,#2305,#2306,#2307));
#563=EDGE_LOOP('',(#2308,#2309,#2310,#2311,#2312,#2313));
#564=EDGE_LOOP('',(#2314,#2315,#2316,#2317,#2318,#2319,#2320));
#565=EDGE_LOOP('',(#2321,#2322,#2323,#2324,#2325,#2326));
#566=EDGE_LOOP('',(#2327,#2328,#2329,#2330,#2331,#2332));
#567=EDGE_LOOP('',(#2333,#2334,#2335,#2336,#2337,#2338,#2339,#2340,#2341,
#2342,#2343,#2344,#2345,#2346,#2347,#2348,#2349,#2350,#2351,#2352,#2353,
#2354,#2355,#2356,#2357,#2358,#2359,#2360,#2361,#2362,#2363,#2364));
#568=EDGE_LOOP('',(#2365,#2366,#2367,#2368,#2369,#2370));
#569=EDGE_LOOP('',(#2371,#2372,#2373,#2374,#2375,#2376));
#570=EDGE_LOOP('',(#2377,#2378,#2379,#2380));
#571=EDGE_LOOP('',(#2381,#2382,#2383,#2384));
#572=EDGE_LOOP('',(#2385,#2386,#2387,#2388,#2389,#2390,#2391,#2392,#2393,
#2394,#2395,#2396,#2397,#2398,#2399,#2400,#2401,#2402,#2403,#2404,#2405,
#2406,#2407,#2408,#2409,#2410,#2411,#2412,#2413,#2414,#2415,#2416,#2417,
#2418,#2419,#2420,#2421,#2422,#2423,#2424,#2425,#2426,#2427,#2428));
#573=EDGE_LOOP('',(#2429,#2430,#2431,#2432));
#574=EDGE_LOOP('',(#2433,#2434,#2435,#2436));
#575=EDGE_LOOP('',(#2437,#2438,#2439,#2440));
#576=EDGE_LOOP('',(#2441,#2442,#2443,#2444));
#577=EDGE_LOOP('',(#2445,#2446,#2447,#2448));
#578=EDGE_LOOP('',(#2449,#2450,#2451,#2452));
#579=EDGE_LOOP('',(#2453,#2454,#2455,#2456));
#580=EDGE_LOOP('',(#2457,#2458,#2459,#2460));
#581=EDGE_LOOP('',(#2461,#2462,#2463,#2464));
#582=EDGE_LOOP('',(#2465,#2466,#2467,#2468));
#583=EDGE_LOOP('',(#2469,#2470,#2471,#2472));
#584=EDGE_LOOP('',(#2473,#2474,#2475,#2476));
#585=EDGE_LOOP('',(#2477));
#586=EDGE_LOOP('',(#2478,#2479,#2480,#2481));
#587=EDGE_LOOP('',(#2482,#2483,#2484,#2485));
#588=EDGE_LOOP('',(#2486,#2487,#2488,#2489));
#589=EDGE_LOOP('',(#2490,#2491,#2492,#2493));
#590=EDGE_LOOP('',(#2494,#2495,#2496,#2497));
#591=EDGE_LOOP('',(#2498,#2499,#2500,#2501));
#592=EDGE_LOOP('',(#2502,#2503,#2504,#2505));
#593=EDGE_LOOP('',(#2506,#2507,#2508,#2509));
#594=EDGE_LOOP('',(#2510,#2511,#2512,#2513,#2514,#2515,#2516,#2517));
#595=EDGE_LOOP('',(#2518,#2519,#2520,#2521));
#596=EDGE_LOOP('',(#2522,#2523,#2524,#2525,#2526,#2527));
#597=EDGE_LOOP('',(#2528,#2529,#2530,#2531,#2532,#2533));
#598=EDGE_LOOP('',(#2534,#2535,#2536,#2537));
#599=EDGE_LOOP('',(#2538,#2539,#2540,#2541));
#600=EDGE_LOOP('',(#2542,#2543,#2544,#2545));
#601=EDGE_LOOP('',(#2546,#2547,#2548,#2549,#2550,#2551,#2552,#2553));
#602=EDGE_LOOP('',(#2554,#2555,#2556,#2557));
#603=EDGE_LOOP('',(#2558,#2559,#2560,#2561));
#604=EDGE_LOOP('',(#2562,#2563,#2564,#2565));
#605=EDGE_LOOP('',(#2566,#2567,#2568,#2569));
#606=EDGE_LOOP('',(#2570,#2571,#2572,#2573));
#607=EDGE_LOOP('',(#2574,#2575,#2576,#2577));
#608=EDGE_LOOP('',(#2578,#2579,#2580,#2581));
#609=EDGE_LOOP('',(#2582,#2583,#2584,#2585));
#610=EDGE_LOOP('',(#2586));
#611=EDGE_LOOP('',(#2587));
#612=EDGE_LOOP('',(#2588));
#613=EDGE_LOOP('',(#2589));
#614=EDGE_LOOP('',(#2590));
#615=EDGE_LOOP('',(#2591));
#616=EDGE_LOOP('',(#2592));
#617=EDGE_LOOP('',(#2593));
#618=EDGE_LOOP('',(#2594));
#619=EDGE_LOOP('',(#2595));
#620=EDGE_LOOP('',(#2596));
#621=EDGE_LOOP('',(#2597));
#622=EDGE_LOOP('',(#2598));
#623=EDGE_LOOP('',(#2599));
#624=EDGE_LOOP('',(#2600));
#625=EDGE_LOOP('',(#2601));
#626=EDGE_LOOP('',(#2602));
#627=LINE('',#3999,#883);
#628=LINE('',#4001,#884);
#629=LINE('',#4003,#885);
#630=LINE('',#4005,#886);
#631=LINE('',#4007,#887);
#632=LINE('',#4009,#888);
#633=LINE('',#4011,#889);
#634=LINE('',#4012,#890);
#635=LINE('',#4016,#891);
#636=LINE('',#4018,#892);
#637=LINE('',#4020,#893);
#638=LINE('',#4022,#894);
#639=LINE('',#4024,#895);
#640=LINE('',#4026,#896);
#641=LINE('',#4028,#897);
#642=LINE('',#4029,#898);
#643=LINE('',#4033,#899);
#644=LINE('',#4035,#900);
#645=LINE('',#4037,#901);
#646=LINE('',#4039,#902);
#647=LINE('',#4041,#903);
#648=LINE('',#4043,#904);
#649=LINE('',#4045,#905);
#650=LINE('',#4046,#906);
#651=LINE('',#4050,#907);
#652=LINE('',#4052,#908);
#653=LINE('',#4054,#909);
#654=LINE('',#4056,#910);
#655=LINE('',#4058,#911);
#656=LINE('',#4060,#912);
#657=LINE('',#4062,#913);
#658=LINE('',#4063,#914);
#659=LINE('',#4066,#915);
#660=LINE('',#4068,#916);
#661=LINE('',#4069,#917);
#662=LINE('',#4072,#918);
#663=LINE('',#4073,#919);
#664=LINE('',#4075,#920);
#665=LINE('',#4077,#921);
#666=LINE('',#4079,#922);
#667=LINE('',#4081,#923);
#668=LINE('',#4082,#924);
#669=LINE('',#4084,#925);
#670=LINE('',#4087,#926);
#671=LINE('',#4089,#927);
#672=LINE('',#4090,#928);
#673=LINE('',#4093,#929);
#674=LINE('',#4094,#930);
#675=LINE('',#4097,#931);
#676=LINE('',#4099,#932);
#677=LINE('',#4100,#933);
#678=LINE('',#4102,#934);
#679=LINE('',#4104,#935);
#680=LINE('',#4105,#936);
#681=LINE('',#4113,#937);
#682=LINE('',#4115,#938);
#683=LINE('',#4117,#939);
#684=LINE('',#4118,#940);
#685=LINE('',#4120,#941);
#686=LINE('',#4122,#942);
#687=LINE('',#4137,#943);
#688=LINE('',#4139,#944);
#689=LINE('',#4140,#945);
#690=LINE('',#4141,#946);
#691=LINE('',#4144,#947);
#692=LINE('',#4145,#948);
#693=LINE('',#4148,#949);
#694=LINE('',#4149,#950);
#695=LINE('',#4152,#951);
#696=LINE('',#4153,#952);
#697=LINE('',#4170,#953);
#698=LINE('',#4173,#954);
#699=LINE('',#4174,#955);
#700=LINE('',#4176,#956);
#701=LINE('',#4178,#957);
#702=LINE('',#4179,#958);
#703=LINE('',#4181,#959);
#704=LINE('',#4184,#960);
#705=LINE('',#4185,#961);
#706=LINE('',#4189,#962);
#707=LINE('',#4190,#963);
#708=LINE('',#4193,#964);
#709=LINE('',#4194,#965);
#710=LINE('',#4197,#966);
#711=LINE('',#4198,#967);
#712=LINE('',#4201,#968);
#713=LINE('',#4202,#969);
#714=LINE('',#4205,#970);
#715=LINE('',#4206,#971);
#716=LINE('',#4209,#972);
#717=LINE('',#4210,#973);
#718=LINE('',#4212,#974);
#719=LINE('',#4215,#975);
#720=LINE('',#4217,#976);
#721=LINE('',#4233,#977);
#722=LINE('',#4235,#978);
#723=LINE('',#4237,#979);
#724=LINE('',#4238,#980);
#725=LINE('',#4241,#981);
#726=LINE('',#4243,#982);
#727=LINE('',#4244,#983);
#728=LINE('',#4247,#984);
#729=LINE('',#4249,#985);
#730=LINE('',#4251,#986);
#731=LINE('',#4255,#987);
#732=LINE('',#4259,#988);
#733=LINE('',#4263,#989);
#734=LINE('',#4265,#990);
#735=LINE('',#4267,#991);
#736=LINE('',#4271,#992);
#737=LINE('',#4275,#993);
#738=LINE('',#4279,#994);
#739=LINE('',#4281,#995);
#740=LINE('',#4282,#996);
#741=LINE('',#4285,#997);
#742=LINE('',#4286,#998);
#743=LINE('',#4289,#999);
#744=LINE('',#4293,#1000);
#745=LINE('',#4294,#1001);
#746=LINE('',#4298,#1002);
#747=LINE('',#4312,#1003);
#748=LINE('',#4324,#1004);
#749=LINE('',#4327,#1005);
#750=LINE('',#4328,#1006);
#751=LINE('',#4343,#1007);
#752=LINE('',#4354,#1008);
#753=LINE('',#4357,#1009);
#754=LINE('',#4358,#1010);
#755=LINE('',#4363,#1011);
#756=LINE('',#4364,#1012);
#757=LINE('',#4367,#1013);
#758=LINE('',#4368,#1014);
#759=LINE('',#4374,#1015);
#760=LINE('',#4377,#1016);
#761=LINE('',#4378,#1017);
#762=LINE('',#4382,#1018);
#763=LINE('',#4384,#1019);
#764=LINE('',#4385,#1020);
#765=LINE('',#4390,#1021);
#766=LINE('',#4392,#1022);
#767=LINE('',#4394,#1023);
#768=LINE('',#4399,#1024);
#769=LINE('',#4400,#1025);
#770=LINE('',#4401,#1026);
#771=LINE('',#4408,#1027);
#772=LINE('',#4411,#1028);
#773=LINE('',#4412,#1029);
#774=LINE('',#4414,#1030);
#775=LINE('',#4425,#1031);
#776=LINE('',#4429,#1032);
#777=LINE('',#4475,#1033);
#778=LINE('',#4484,#1034);
#779=LINE('',#4486,#1035);
#780=LINE('',#4487,#1036);
#781=LINE('',#4491,#1037);
#782=LINE('',#4493,#1038);
#783=LINE('',#4495,#1039);
#784=LINE('',#4496,#1040);
#785=LINE('',#4546,#1041);
#786=LINE('',#4552,#1042);
#787=LINE('',#4557,#1043);
#788=LINE('',#4559,#1044);
#789=LINE('',#4561,#1045);
#790=LINE('',#4562,#1046);
#791=LINE('',#4613,#1047);
#792=LINE('',#4619,#1048);
#793=LINE('',#4624,#1049);
#794=LINE('',#4626,#1050);
#795=LINE('',#4628,#1051);
#796=LINE('',#4629,#1052);
#797=LINE('',#4680,#1053);
#798=LINE('',#4686,#1054);
#799=LINE('',#4730,#1055);
#800=LINE('',#4732,#1056);
#801=LINE('',#4734,#1057);
#802=LINE('',#4740,#1058);
#803=LINE('',#4743,#1059);
#804=LINE('',#4746,#1060);
#805=LINE('',#4750,#1061);
#806=LINE('',#4758,#1062);
#807=LINE('',#4760,#1063);
#808=LINE('',#4761,#1064);
#809=LINE('',#4764,#1065);
#810=LINE('',#4768,#1066);
#811=LINE('',#4772,#1067);
#812=LINE('',#4776,#1068);
#813=LINE('',#4780,#1069);
#814=LINE('',#4784,#1070);
#815=LINE('',#4788,#1071);
#816=LINE('',#4792,#1072);
#817=LINE('',#4796,#1073);
#818=LINE('',#4800,#1074);
#819=LINE('',#4804,#1075);
#820=LINE('',#4809,#1076);
#821=LINE('',#4813,#1077);
#822=LINE('',#4817,#1078);
#823=LINE('',#4821,#1079);
#824=LINE('',#4825,#1080);
#825=LINE('',#4829,#1081);
#826=LINE('',#4832,#1082);
#827=LINE('',#4835,#1083);
#828=LINE('',#4838,#1084);
#829=LINE('',#4841,#1085);
#830=LINE('',#4845,#1086);
#831=LINE('',#4848,#1087);
#832=LINE('',#4850,#1088);
#833=LINE('',#4853,#1089);
#834=LINE('',#4857,#1090);
#835=LINE('',#4861,#1091);
#836=LINE('',#4865,#1092);
#837=LINE('',#4869,#1093);
#838=LINE('',#4872,#1094);
#839=LINE('',#4878,#1095);
#840=LINE('',#4880,#1096);
#841=LINE('',#4881,#1097);
#842=LINE('',#4885,#1098);
#843=LINE('',#4889,#1099);
#844=LINE('',#4893,#1100);
#845=LINE('',#4897,#1101);
#846=LINE('',#4901,#1102);
#847=LINE('',#4905,#1103);
#848=LINE('',#4908,#1104);
#849=LINE('',#4911,#1105);
#850=LINE('',#4913,#1106);
#851=LINE('',#4915,#1107);
#852=LINE('',#4920,#1108);
#853=LINE('',#4921,#1109);
#854=LINE('',#4923,#1110);
#855=LINE('',#4925,#1111);
#856=LINE('',#4927,#1112);
#857=LINE('',#4928,#1113);
#858=LINE('',#4930,#1114);
#859=LINE('',#4932,#1115);
#860=LINE('',#4934,#1116);
#861=LINE('',#4935,#1117);
#862=LINE('',#4938,#1118);
#863=LINE('',#4939,#1119);
#864=LINE('',#4941,#1120);
#865=LINE('',#4943,#1121);
#866=LINE('',#4945,#1122);
#867=LINE('',#4947,#1123);
#868=LINE('',#4949,#1124);
#869=LINE('',#4951,#1125);
#870=LINE('',#4953,#1126);
#871=LINE('',#4955,#1127);
#872=LINE('',#4956,#1128);
#873=LINE('',#4959,#1129);
#874=LINE('',#4961,#1130);
#875=LINE('',#4963,#1131);
#876=LINE('',#4968,#1132);
#877=LINE('',#4970,#1133);
#878=LINE('',#4972,#1134);
#879=LINE('',#4973,#1135);
#880=LINE('',#4976,#1136);
#881=LINE('',#4979,#1137);
#882=LINE('',#4982,#1138);
#883=VECTOR('',#3162,10.);
#884=VECTOR('',#3163,10.);
#885=VECTOR('',#3164,10.);
#886=VECTOR('',#3165,10.);
#887=VECTOR('',#3166,10.);
#888=VECTOR('',#3167,10.);
#889=VECTOR('',#3168,10.);
#890=VECTOR('',#3169,10.);
#891=VECTOR('',#3172,10.);
#892=VECTOR('',#3173,10.);
#893=VECTOR('',#3174,10.);
#894=VECTOR('',#3175,10.);
#895=VECTOR('',#3176,10.);
#896=VECTOR('',#3177,10.);
#897=VECTOR('',#3178,10.);
#898=VECTOR('',#3179,10.);
#899=VECTOR('',#3182,10.);
#900=VECTOR('',#3183,10.);
#901=VECTOR('',#3184,10.);
#902=VECTOR('',#3185,10.);
#903=VECTOR('',#3186,10.);
#904=VECTOR('',#3187,10.);
#905=VECTOR('',#3188,10.);
#906=VECTOR('',#3189,10.);
#907=VECTOR('',#3192,10.);
#908=VECTOR('',#3193,10.);
#909=VECTOR('',#3194,10.);
#910=VECTOR('',#3195,10.);
#911=VECTOR('',#3196,10.);
#912=VECTOR('',#3197,10.);
#913=VECTOR('',#3198,10.);
#914=VECTOR('',#3199,10.);
#915=VECTOR('',#3202,1.67221131114594);
#916=VECTOR('',#3203,3.25);
#917=VECTOR('',#3204,1.67221131114594);
#918=VECTOR('',#3207,1.67221131114594);
#919=VECTOR('',#3208,1.);
#920=VECTOR('',#3211,2.89784116146059);
#921=VECTOR('',#3212,1.67221131114594);
#922=VECTOR('',#3213,2.92260495290622);
#923=VECTOR('',#3214,1.26685604179393);
#924=VECTOR('',#3215,10.3767892634167);
#925=VECTOR('',#3218,2.89784116146059);
#926=VECTOR('',#3221,1.67221131114594);
#927=VECTOR('',#3222,3.25);
#928=VECTOR('',#3223,1.67221131114594);
#929=VECTOR('',#3226,1.67221131114594);
#930=VECTOR('',#3227,1.);
#931=VECTOR('',#3230,10.);
#932=VECTOR('',#3231,10.);
#933=VECTOR('',#3232,10.);
#934=VECTOR('',#3233,10.);
#935=VECTOR('',#3234,10.);
#936=VECTOR('',#3235,10.);
#937=VECTOR('',#3244,2.84813161206042);
#938=VECTOR('',#3245,10.3767892634167);
#939=VECTOR('',#3246,1.26685604179393);
#940=VECTOR('',#3247,2.82739504709377);
#941=VECTOR('',#3250,2.84813161206042);
#942=VECTOR('',#3253,12.0169097475271);
#943=VECTOR('',#3272,10.3767892634167);
#944=VECTOR('',#3273,1.26685604179393);
#945=VECTOR('',#3274,2.92260495290622);
#946=VECTOR('',#3275,2.89784116146059);
#947=VECTOR('',#3278,10.429777342655);
#948=VECTOR('',#3279,11.35);
#949=VECTOR('',#3282,10.429777342655);
#950=VECTOR('',#3283,11.);
#951=VECTOR('',#3286,10.3767892634167);
#952=VECTOR('',#3287,11.35);
#953=VECTOR('',#3310,1.);
#954=VECTOR('',#3313,1.);
#955=VECTOR('',#3314,1.67221131114594);
#956=VECTOR('',#3317,12.0169097475271);
#957=VECTOR('',#3320,2.89784116146059);
#958=VECTOR('',#3321,2.84813161206042);
#959=VECTOR('',#3324,2.84813161206042);
#960=VECTOR('',#3327,2.82739504709377);
#961=VECTOR('',#3328,1.26685604179393);
#962=VECTOR('',#3333,11.35);
#963=VECTOR('',#3334,10.429777342655);
#964=VECTOR('',#3337,10.35);
#965=VECTOR('',#3338,1.6139777664608);
#966=VECTOR('',#3341,10.35);
#967=VECTOR('',#3342,9.);
#968=VECTOR('',#3345,11.35);
#969=VECTOR('',#3346,1.6139777664608);
#970=VECTOR('',#3349,10.35);
#971=VECTOR('',#3350,1.6139777664608);
#972=VECTOR('',#3353,1.61397776646081);
#973=VECTOR('',#3354,10.35);
#974=VECTOR('',#3357,9.);
#975=VECTOR('',#3362,11.);
#976=VECTOR('',#3365,10.429777342655);
#977=VECTOR('',#3384,1.06066017177982);
#978=VECTOR('',#3385,0.750000000000001);
#979=VECTOR('',#3386,1.06066017177982);
#980=VECTOR('',#3387,0.750000000000001);
#981=VECTOR('',#3390,6.41305209003412);
#982=VECTOR('',#3391,0.75);
#983=VECTOR('',#3392,6.41305209003412);
#984=VECTOR('',#3395,4.85);
#985=VECTOR('',#3396,1.06066017177982);
#986=VECTOR('',#3397,6.41305209003412);
#987=VECTOR('',#3400,1.2);
#988=VECTOR('',#3403,3.6);
#989=VECTOR('',#3406,0.600000000000001);
#990=VECTOR('',#3407,7.95);
#991=VECTOR('',#3408,0.6);
#992=VECTOR('',#3411,3.6);
#993=VECTOR('',#3414,1.2);
#994=VECTOR('',#3419,0.750000000000001);
#995=VECTOR('',#3420,1.06066017177982);
#996=VECTOR('',#3421,0.749999999999998);
#997=VECTOR('',#3424,6.41305209003413);
#998=VECTOR('',#3425,0.75);
#999=VECTOR('',#3428,0.75);
#1000=VECTOR('',#3433,0.75);
#1001=VECTOR('',#3434,1.2);
#1002=VECTOR('',#3439,0.750000000000001);
#1003=VECTOR('',#3442,0.7587379679581);
#1004=VECTOR('',#3443,0.75);
#1005=VECTOR('',#3446,0.6);
#1006=VECTOR('',#3447,0.75);
#1007=VECTOR('',#3450,0.758737967958099);
#1008=VECTOR('',#3451,0.75);
#1009=VECTOR('',#3454,0.75);
#1010=VECTOR('',#3455,0.600000000000001);
#1011=VECTOR('',#3460,0.75);
#1012=VECTOR('',#3461,0.750000000000001);
#1013=VECTOR('',#3464,3.6);
#1014=VECTOR('',#3465,0.75);
#1015=VECTOR('',#3474,0.75);
#1016=VECTOR('',#3477,0.75);
#1017=VECTOR('',#3478,3.6);
#1018=VECTOR('',#3485,1.2);
#1019=VECTOR('',#3488,7.95);
#1020=VECTOR('',#3489,4.85);
#1021=VECTOR('',#3494,9.86305209003412);
#1022=VECTOR('',#3495,0.75);
#1023=VECTOR('',#3496,9.86305209003412);
#1024=VECTOR('',#3501,9.86305209003412);
#1025=VECTOR('',#3502,7.55);
#1026=VECTOR('',#3503,7.55);
#1027=VECTOR('',#3514,7.55);
#1028=VECTOR('',#3517,9.86305209003412);
#1029=VECTOR('',#3518,7.55);
#1030=VECTOR('',#3521,0.75);
#1031=VECTOR('',#3534,0.555638660135906);
#1032=VECTOR('',#3537,0.550264710064456);
#1033=VECTOR('',#3546,0.567089038743607);
#1034=VECTOR('',#3549,0.500000000000001);
#1035=VECTOR('',#3550,0.567089038743606);
#1036=VECTOR('',#3551,0.500000000000001);
#1037=VECTOR('',#3554,0.567089038743609);
#1038=VECTOR('',#3555,0.5);
#1039=VECTOR('',#3556,0.567089038743609);
#1040=VECTOR('',#3557,0.5);
#1041=VECTOR('',#3562,0.555638660135907);
#1042=VECTOR('',#3569,0.550264710065378);
#1043=VECTOR('',#3574,0.550296340909799);
#1044=VECTOR('',#3575,0.5);
#1045=VECTOR('',#3576,0.550296340909795);
#1046=VECTOR('',#3577,0.5);
#1047=VECTOR('',#3582,0.555638660135906);
#1048=VECTOR('',#3589,0.550264710065378);
#1049=VECTOR('',#3594,0.550296340909799);
#1050=VECTOR('',#3595,0.500000000000001);
#1051=VECTOR('',#3596,0.550296340909801);
#1052=VECTOR('',#3597,0.500000000000001);
#1053=VECTOR('',#3602,0.555638660135907);
#1054=VECTOR('',#3609,0.550264710064456);
#1055=VECTOR('',#3676,2.11134053832974);
#1056=VECTOR('',#3677,0.55);
#1057=VECTOR('',#3678,2.11134053832972);
#1058=VECTOR('',#3685,6.32053938307263);
#1059=VECTOR('',#3688,7.);
#1060=VECTOR('',#3691,6.32053938307263);
#1061=VECTOR('',#3694,7.);
#1062=VECTOR('',#3703,2.11134053832973);
#1063=VECTOR('',#3704,0.55);
#1064=VECTOR('',#3705,2.11134053832974);
#1065=VECTOR('',#3708,6.14501912094399);
#1066=VECTOR('',#3711,7.);
#1067=VECTOR('',#3716,6.05591707155045);
#1068=VECTOR('',#3719,7.);
#1069=VECTOR('',#3724,2.48551240470971);
#1070=VECTOR('',#3727,1.57017059221718);
#1071=VECTOR('',#3730,0.070170592217178);
#1072=VECTOR('',#3733,5.91051177665153);
#1073=VECTOR('',#3736,0.070170592217178);
#1074=VECTOR('',#3739,1.57017059221718);
#1075=VECTOR('',#3742,2.4855124047097);
#1076=VECTOR('',#3747,2.4855124047097);
#1077=VECTOR('',#3750,1.57017059221718);
#1078=VECTOR('',#3753,0.070170592217179);
#1079=VECTOR('',#3756,5.91051177665152);
#1080=VECTOR('',#3759,0.070170592217178);
#1081=VECTOR('',#3762,1.57017059221718);
#1082=VECTOR('',#3765,2.4855124047097);
#1083=VECTOR('',#3768,6.14501912094401);
#1084=VECTOR('',#3771,7.);
#1085=VECTOR('',#3774,6.05591707155046);
#1086=VECTOR('',#3779,7.);
#1087=VECTOR('',#3782,7.);
#1088=VECTOR('',#3785,2.4855124047097);
#1089=VECTOR('',#3788,1.57017059221718);
#1090=VECTOR('',#3791,0.070170592217178);
#1091=VECTOR('',#3794,5.91051177665153);
#1092=VECTOR('',#3797,0.070170592217179);
#1093=VECTOR('',#3800,1.57017059221718);
#1094=VECTOR('',#3803,2.4855124047097);
#1095=VECTOR('',#3808,2.11134053832972);
#1096=VECTOR('',#3809,0.55);
#1097=VECTOR('',#3810,2.11134053832974);
#1098=VECTOR('',#3813,2.4855124047097);
#1099=VECTOR('',#3816,1.57017059221718);
#1100=VECTOR('',#3819,0.070170592217178);
#1101=VECTOR('',#3822,5.91051177665153);
#1102=VECTOR('',#3825,0.070170592217178);
#1103=VECTOR('',#3828,1.57017059221718);
#1104=VECTOR('',#3831,2.48551240470971);
#1105=VECTOR('',#3834,2.11134053832974);
#1106=VECTOR('',#3835,0.55);
#1107=VECTOR('',#3836,2.11134053832973);
#1108=VECTOR('',#3843,7.);
#1109=VECTOR('',#3844,7.);
#1110=VECTOR('',#3847,7.);
#1111=VECTOR('',#3850,7.);
#1112=VECTOR('',#3853,7.);
#1113=VECTOR('',#3854,7.);
#1114=VECTOR('',#3857,7.);
#1115=VECTOR('',#3860,7.);
#1116=VECTOR('',#3863,7.);
#1117=VECTOR('',#3864,7.);
#1118=VECTOR('',#3869,7.);
#1119=VECTOR('',#3870,7.);
#1120=VECTOR('',#3873,7.);
#1121=VECTOR('',#3876,7.);
#1122=VECTOR('',#3879,7.);
#1123=VECTOR('',#3882,7.);
#1124=VECTOR('',#3885,7.);
#1125=VECTOR('',#3888,7.);
#1126=VECTOR('',#3891,7.);
#1127=VECTOR('',#3894,7.);
#1128=VECTOR('',#3895,7.);
#1129=VECTOR('',#3900,7.);
#1130=VECTOR('',#3903,7.);
#1131=VECTOR('',#3906,7.);
#1132=VECTOR('',#3915,7.);
#1133=VECTOR('',#3918,7.);
#1134=VECTOR('',#3921,7.);
#1135=VECTOR('',#3922,7.);
#1136=VECTOR('',#3927,7.);
#1137=VECTOR('',#3932,7.);
#1138=VECTOR('',#3937,7.);
#1139=VERTEX_POINT('',#3997);
#1140=VERTEX_POINT('',#3998);
#1141=VERTEX_POINT('',#4000);
#1142=VERTEX_POINT('',#4002);
#1143=VERTEX_POINT('',#4004);
#1144=VERTEX_POINT('',#4006);
#1145=VERTEX_POINT('',#4008);
#1146=VERTEX_POINT('',#4010);
#1147=VERTEX_POINT('',#4014);
#1148=VERTEX_POINT('',#4015);
#1149=VERTEX_POINT('',#4017);
#1150=VERTEX_POINT('',#4019);
#1151=VERTEX_POINT('',#4021);
#1152=VERTEX_POINT('',#4023);
#1153=VERTEX_POINT('',#4025);
#1154=VERTEX_POINT('',#4027);
#1155=VERTEX_POINT('',#4031);
#1156=VERTEX_POINT('',#4032);
#1157=VERTEX_POINT('',#4034);
#1158=VERTEX_POINT('',#4036);
#1159=VERTEX_POINT('',#4038);
#1160=VERTEX_POINT('',#4040);
#1161=VERTEX_POINT('',#4042);
#1162=VERTEX_POINT('',#4044);
#1163=VERTEX_POINT('',#4048);
#1164=VERTEX_POINT('',#4049);
#1165=VERTEX_POINT('',#4051);
#1166=VERTEX_POINT('',#4053);
#1167=VERTEX_POINT('',#4055);
#1168=VERTEX_POINT('',#4057);
#1169=VERTEX_POINT('',#4059);
#1170=VERTEX_POINT('',#4061);
#1171=VERTEX_POINT('',#4065);
#1172=VERTEX_POINT('',#4067);
#1173=VERTEX_POINT('',#4071);
#1174=VERTEX_POINT('',#4076);
#1175=VERTEX_POINT('',#4078);
#1176=VERTEX_POINT('',#4080);
#1177=VERTEX_POINT('',#4086);
#1178=VERTEX_POINT('',#4088);
#1179=VERTEX_POINT('',#4092);
#1180=VERTEX_POINT('',#4096);
#1181=VERTEX_POINT('',#4098);
#1182=VERTEX_POINT('',#4101);
#1183=VERTEX_POINT('',#4103);
#1184=VERTEX_POINT('',#4106);
#1185=VERTEX_POINT('',#4108);
#1186=VERTEX_POINT('',#4110);
#1187=VERTEX_POINT('',#4114);
#1188=VERTEX_POINT('',#4116);
#1189=VERTEX_POINT('',#4124);
#1190=VERTEX_POINT('',#4127);
#1191=VERTEX_POINT('',#4130);
#1192=VERTEX_POINT('',#4133);
#1193=VERTEX_POINT('',#4136);
#1194=VERTEX_POINT('',#4138);
#1195=VERTEX_POINT('',#4143);
#1196=VERTEX_POINT('',#4147);
#1197=VERTEX_POINT('',#4151);
#1198=VERTEX_POINT('',#4155);
#1199=VERTEX_POINT('',#4158);
#1200=VERTEX_POINT('',#4161);
#1201=VERTEX_POINT('',#4163);
#1202=VERTEX_POINT('',#4166);
#1203=VERTEX_POINT('',#4172);
#1204=VERTEX_POINT('',#4183);
#1205=VERTEX_POINT('',#4188);
#1206=VERTEX_POINT('',#4192);
#1207=VERTEX_POINT('',#4196);
#1208=VERTEX_POINT('',#4200);
#1209=VERTEX_POINT('',#4204);
#1210=VERTEX_POINT('',#4208);
#1211=VERTEX_POINT('',#4221);
#1212=VERTEX_POINT('',#4223);
#1213=VERTEX_POINT('',#4226);
#1214=VERTEX_POINT('',#4228);
#1215=VERTEX_POINT('',#4231);
#1216=VERTEX_POINT('',#4232);
#1217=VERTEX_POINT('',#4234);
#1218=VERTEX_POINT('',#4236);
#1219=VERTEX_POINT('',#4240);
#1220=VERTEX_POINT('',#4242);
#1221=VERTEX_POINT('',#4246);
#1222=VERTEX_POINT('',#4248);
#1223=VERTEX_POINT('',#4250);
#1224=VERTEX_POINT('',#4252);
#1225=VERTEX_POINT('',#4254);
#1226=VERTEX_POINT('',#4256);
#1227=VERTEX_POINT('',#4258);
#1228=VERTEX_POINT('',#4260);
#1229=VERTEX_POINT('',#4262);
#1230=VERTEX_POINT('',#4264);
#1231=VERTEX_POINT('',#4266);
#1232=VERTEX_POINT('',#4268);
#1233=VERTEX_POINT('',#4270);
#1234=VERTEX_POINT('',#4272);
#1235=VERTEX_POINT('',#4274);
#1236=VERTEX_POINT('',#4278);
#1237=VERTEX_POINT('',#4280);
#1238=VERTEX_POINT('',#4284);
#1239=VERTEX_POINT('',#4288);
#1240=VERTEX_POINT('',#4292);
#1241=VERTEX_POINT('',#4296);
#1242=VERTEX_POINT('',#4300);
#1243=VERTEX_POINT('',#4311);
#1244=VERTEX_POINT('',#4313);
#1245=VERTEX_POINT('',#4326);
#1246=VERTEX_POINT('',#4330);
#1247=VERTEX_POINT('',#4331);
#1248=VERTEX_POINT('',#4342);
#1249=VERTEX_POINT('',#4356);
#1250=VERTEX_POINT('',#4360);
#1251=VERTEX_POINT('',#4361);
#1252=VERTEX_POINT('',#4366);
#1253=VERTEX_POINT('',#4372);
#1254=VERTEX_POINT('',#4376);
#1255=VERTEX_POINT('',#4387);
#1256=VERTEX_POINT('',#4389);
#1257=VERTEX_POINT('',#4391);
#1258=VERTEX_POINT('',#4393);
#1259=VERTEX_POINT('',#4397);
#1260=VERTEX_POINT('',#4398);
#1261=VERTEX_POINT('',#4406);
#1262=VERTEX_POINT('',#4410);
#1263=VERTEX_POINT('',#4418);
#1264=VERTEX_POINT('',#4420);
#1265=VERTEX_POINT('',#4423);
#1266=VERTEX_POINT('',#4424);
#1267=VERTEX_POINT('',#4426);
#1268=VERTEX_POINT('',#4428);
#1269=VERTEX_POINT('',#4432);
#1270=VERTEX_POINT('',#4433);
#1271=VERTEX_POINT('',#4453);
#1272=VERTEX_POINT('',#4455);
#1273=VERTEX_POINT('',#4474);
#1274=VERTEX_POINT('',#4483);
#1275=VERTEX_POINT('',#4485);
#1276=VERTEX_POINT('',#4489);
#1277=VERTEX_POINT('',#4490);
#1278=VERTEX_POINT('',#4492);
#1279=VERTEX_POINT('',#4494);
#1280=VERTEX_POINT('',#4498);
#1281=VERTEX_POINT('',#4499);
#1282=VERTEX_POINT('',#4524);
#1283=VERTEX_POINT('',#4543);
#1284=VERTEX_POINT('',#4545);
#1285=VERTEX_POINT('',#4549);
#1286=VERTEX_POINT('',#4551);
#1287=VERTEX_POINT('',#4555);
#1288=VERTEX_POINT('',#4556);
#1289=VERTEX_POINT('',#4558);
#1290=VERTEX_POINT('',#4560);
#1291=VERTEX_POINT('',#4564);
#1292=VERTEX_POINT('',#4565);
#1293=VERTEX_POINT('',#4588);
#1294=VERTEX_POINT('',#4595);
#1295=VERTEX_POINT('',#4610);
#1296=VERTEX_POINT('',#4612);
#1297=VERTEX_POINT('',#4616);
#1298=VERTEX_POINT('',#4618);
#1299=VERTEX_POINT('',#4622);
#1300=VERTEX_POINT('',#4623);
#1301=VERTEX_POINT('',#4625);
#1302=VERTEX_POINT('',#4627);
#1303=VERTEX_POINT('',#4631);
#1304=VERTEX_POINT('',#4632);
#1305=VERTEX_POINT('',#4653);
#1306=VERTEX_POINT('',#4662);
#1307=VERTEX_POINT('',#4677);
#1308=VERTEX_POINT('',#4679);
#1309=VERTEX_POINT('',#4683);
#1310=VERTEX_POINT('',#4685);
#1311=VERTEX_POINT('',#4690);
#1312=VERTEX_POINT('',#4692);
#1313=VERTEX_POINT('',#4698);
#1314=VERTEX_POINT('',#4700);
#1315=VERTEX_POINT('',#4704);
#1316=VERTEX_POINT('',#4706);
#1317=VERTEX_POINT('',#4713);
#1318=VERTEX_POINT('',#4715);
#1319=VERTEX_POINT('',#4727);
#1320=VERTEX_POINT('',#4729);
#1321=VERTEX_POINT('',#4731);
#1322=VERTEX_POINT('',#4733);
#1323=VERTEX_POINT('',#4735);
#1324=VERTEX_POINT('',#4739);
#1325=VERTEX_POINT('',#4741);
#1326=VERTEX_POINT('',#4745);
#1327=VERTEX_POINT('',#4747);
#1328=VERTEX_POINT('',#4749);
#1329=VERTEX_POINT('',#4753);
#1330=VERTEX_POINT('',#4755);
#1331=VERTEX_POINT('',#4757);
#1332=VERTEX_POINT('',#4759);
#1333=VERTEX_POINT('',#4763);
#1334=VERTEX_POINT('',#4765);
#1335=VERTEX_POINT('',#4767);
#1336=VERTEX_POINT('',#4771);
#1337=VERTEX_POINT('',#4773);
#1338=VERTEX_POINT('',#4775);
#1339=VERTEX_POINT('',#4779);
#1340=VERTEX_POINT('',#4781);
#1341=VERTEX_POINT('',#4783);
#1342=VERTEX_POINT('',#4785);
#1343=VERTEX_POINT('',#4787);
#1344=VERTEX_POINT('',#4789);
#1345=VERTEX_POINT('',#4791);
#1346=VERTEX_POINT('',#4793);
#1347=VERTEX_POINT('',#4795);
#1348=VERTEX_POINT('',#4797);
#1349=VERTEX_POINT('',#4799);
#1350=VERTEX_POINT('',#4801);
#1351=VERTEX_POINT('',#4803);
#1352=VERTEX_POINT('',#4806);
#1353=VERTEX_POINT('',#4808);
#1354=VERTEX_POINT('',#4810);
#1355=VERTEX_POINT('',#4812);
#1356=VERTEX_POINT('',#4814);
#1357=VERTEX_POINT('',#4816);
#1358=VERTEX_POINT('',#4818);
#1359=VERTEX_POINT('',#4820);
#1360=VERTEX_POINT('',#4822);
#1361=VERTEX_POINT('',#4824);
#1362=VERTEX_POINT('',#4826);
#1363=VERTEX_POINT('',#4828);
#1364=VERTEX_POINT('',#4830);
#1365=VERTEX_POINT('',#4834);
#1366=VERTEX_POINT('',#4836);
#1367=VERTEX_POINT('',#4840);
#1368=VERTEX_POINT('',#4844);
#1369=VERTEX_POINT('',#4846);
#1370=VERTEX_POINT('',#4852);
#1371=VERTEX_POINT('',#4854);
#1372=VERTEX_POINT('',#4856);
#1373=VERTEX_POINT('',#4858);
#1374=VERTEX_POINT('',#4860);
#1375=VERTEX_POINT('',#4862);
#1376=VERTEX_POINT('',#4864);
#1377=VERTEX_POINT('',#4866);
#1378=VERTEX_POINT('',#4868);
#1379=VERTEX_POINT('',#4870);
#1380=VERTEX_POINT('',#4873);
#1381=VERTEX_POINT('',#4875);
#1382=VERTEX_POINT('',#4877);
#1383=VERTEX_POINT('',#4879);
#1384=VERTEX_POINT('',#4882);
#1385=VERTEX_POINT('',#4884);
#1386=VERTEX_POINT('',#4886);
#1387=VERTEX_POINT('',#4888);
#1388=VERTEX_POINT('',#4890);
#1389=VERTEX_POINT('',#4892);
#1390=VERTEX_POINT('',#4894);
#1391=VERTEX_POINT('',#4896);
#1392=VERTEX_POINT('',#4898);
#1393=VERTEX_POINT('',#4900);
#1394=VERTEX_POINT('',#4902);
#1395=VERTEX_POINT('',#4904);
#1396=VERTEX_POINT('',#4906);
#1397=VERTEX_POINT('',#4910);
#1398=VERTEX_POINT('',#4912);
#1399=VERTEX_POINT('',#4914);
#1400=VERTEX_POINT('',#4916);
#1401=VERTEX_POINT('',#4988);
#1402=VERTEX_POINT('',#4990);
#1403=VERTEX_POINT('',#4993);
#1404=VERTEX_POINT('',#4997);
#1405=VERTEX_POINT('',#4999);
#1406=VERTEX_POINT('',#5002);
#1407=VERTEX_POINT('',#5005);
#1408=VERTEX_POINT('',#5008);
#1409=EDGE_CURVE('',#1139,#1140,#627,.T.);
#1410=EDGE_CURVE('',#1141,#1139,#628,.T.);
#1411=EDGE_CURVE('',#1142,#1141,#629,.T.);
#1412=EDGE_CURVE('',#1143,#1142,#630,.T.);
#1413=EDGE_CURVE('',#1144,#1143,#631,.T.);
#1414=EDGE_CURVE('',#1145,#1144,#632,.T.);
#1415=EDGE_CURVE('',#1146,#1145,#633,.T.);
#1416=EDGE_CURVE('',#1140,#1146,#634,.T.);
#1417=EDGE_CURVE('',#1147,#1148,#635,.T.);
#1418=EDGE_CURVE('',#1149,#1147,#636,.T.);
#1419=EDGE_CURVE('',#1150,#1149,#637,.T.);
#1420=EDGE_CURVE('',#1151,#1150,#638,.T.);
#1421=EDGE_CURVE('',#1152,#1151,#639,.T.);
#1422=EDGE_CURVE('',#1153,#1152,#640,.T.);
#1423=EDGE_CURVE('',#1154,#1153,#641,.T.);
#1424=EDGE_CURVE('',#1148,#1154,#642,.T.);
#1425=EDGE_CURVE('',#1155,#1156,#643,.T.);
#1426=EDGE_CURVE('',#1157,#1155,#644,.T.);
#1427=EDGE_CURVE('',#1158,#1157,#645,.T.);
#1428=EDGE_CURVE('',#1159,#1158,#646,.T.);
#1429=EDGE_CURVE('',#1160,#1159,#647,.T.);
#1430=EDGE_CURVE('',#1161,#1160,#648,.T.);
#1431=EDGE_CURVE('',#1162,#1161,#649,.T.);
#1432=EDGE_CURVE('',#1156,#1162,#650,.T.);
#1433=EDGE_CURVE('',#1163,#1164,#651,.T.);
#1434=EDGE_CURVE('',#1165,#1163,#652,.T.);
#1435=EDGE_CURVE('',#1166,#1165,#653,.T.);
#1436=EDGE_CURVE('',#1167,#1166,#654,.T.);
#1437=EDGE_CURVE('',#1168,#1167,#655,.T.);
#1438=EDGE_CURVE('',#1169,#1168,#656,.T.);
#1439=EDGE_CURVE('',#1170,#1169,#657,.T.);
#1440=EDGE_CURVE('',#1164,#1170,#658,.T.);
#1441=EDGE_CURVE('',#1159,#1171,#659,.T.);
#1442=EDGE_CURVE('',#1171,#1172,#660,.T.);
#1443=EDGE_CURVE('',#1160,#1172,#661,.T.);
#1444=EDGE_CURVE('',#1173,#1158,#662,.T.);
#1445=EDGE_CURVE('',#1173,#1171,#663,.T.);
#1446=EDGE_CURVE('',#1162,#1153,#664,.T.);
#1447=EDGE_CURVE('',#1161,#1174,#665,.T.);
#1448=EDGE_CURVE('',#1175,#1174,#666,.T.);
#1449=EDGE_CURVE('',#1176,#1175,#667,.T.);
#1450=EDGE_CURVE('',#1154,#1176,#668,.T.);
#1451=EDGE_CURVE('',#1152,#1156,#669,.T.);
#1452=EDGE_CURVE('',#1143,#1177,#670,.T.);
#1453=EDGE_CURVE('',#1177,#1178,#671,.T.);
#1454=EDGE_CURVE('',#1144,#1178,#672,.T.);
#1455=EDGE_CURVE('',#1179,#1142,#673,.T.);
#1456=EDGE_CURVE('',#1179,#1177,#674,.T.);
#1457=EDGE_CURVE('',#1180,#1154,#675,.T.);
#1458=EDGE_CURVE('',#1181,#1180,#676,.T.);
#1459=EDGE_CURVE('',#1164,#1181,#677,.T.);
#1460=EDGE_CURVE('',#1182,#1170,#678,.T.);
#1461=EDGE_CURVE('',#1183,#1182,#679,.T.);
#1462=EDGE_CURVE('',#1148,#1183,#680,.T.);
#1463=EDGE_CURVE('',#1184,#1184,#186,.T.);
#1464=EDGE_CURVE('',#1185,#1185,#187,.T.);
#1465=EDGE_CURVE('',#1186,#1186,#188,.T.);
#1466=EDGE_CURVE('',#1163,#1157,#681,.T.);
#1467=EDGE_CURVE('',#1187,#1164,#682,.T.);
#1468=EDGE_CURVE('',#1188,#1187,#683,.T.);
#1469=EDGE_CURVE('',#1173,#1188,#684,.T.);
#1470=EDGE_CURVE('',#1155,#1165,#685,.T.);
#1471=EDGE_CURVE('',#1166,#1151,#686,.T.);
#1472=EDGE_CURVE('',#1189,#1189,#189,.T.);
#1473=EDGE_CURVE('',#1190,#1190,#190,.T.);
#1474=EDGE_CURVE('',#1191,#1191,#191,.T.);
#1475=EDGE_CURVE('',#1192,#1192,#192,.T.);
#1476=EDGE_CURVE('',#1193,#1148,#687,.T.);
#1477=EDGE_CURVE('',#1194,#1193,#688,.T.);
#1478=EDGE_CURVE('',#1179,#1194,#689,.T.);
#1479=EDGE_CURVE('',#1147,#1141,#690,.T.);
#1480=EDGE_CURVE('',#1195,#1183,#691,.T.);
#1481=EDGE_CURVE('',#1193,#1195,#692,.T.);
#1482=EDGE_CURVE('',#1182,#1196,#693,.T.);
#1483=EDGE_CURVE('',#1195,#1196,#694,.T.);
#1484=EDGE_CURVE('',#1170,#1197,#695,.T.);
#1485=EDGE_CURVE('',#1196,#1197,#696,.T.);
#1486=EDGE_CURVE('',#1198,#1198,#193,.T.);
#1487=EDGE_CURVE('',#1199,#1199,#194,.T.);
#1488=EDGE_CURVE('',#1200,#1200,#195,.T.);
#1489=EDGE_CURVE('',#1201,#1201,#196,.T.);
#1490=EDGE_CURVE('',#1202,#1202,#197,.T.);
#1491=EDGE_CURVE('',#1172,#1174,#697,.T.);
#1492=EDGE_CURVE('',#1178,#1203,#698,.T.);
#1493=EDGE_CURVE('',#1145,#1203,#699,.T.);
#1494=EDGE_CURVE('',#1150,#1167,#700,.T.);
#1495=EDGE_CURVE('',#1139,#1149,#701,.T.);
#1496=EDGE_CURVE('',#1168,#1140,#702,.T.);
#1497=EDGE_CURVE('',#1146,#1169,#703,.T.);
#1498=EDGE_CURVE('',#1204,#1203,#704,.T.);
#1499=EDGE_CURVE('',#1197,#1204,#705,.T.);
#1500=EDGE_CURVE('',#1205,#1176,#706,.T.);
#1501=EDGE_CURVE('',#1180,#1205,#707,.T.);
#1502=EDGE_CURVE('',#1206,#1175,#708,.T.);
#1503=EDGE_CURVE('',#1205,#1206,#709,.T.);
#1504=EDGE_CURVE('',#1188,#1207,#710,.T.);
#1505=EDGE_CURVE('',#1206,#1207,#711,.T.);
#1506=EDGE_CURVE('',#1187,#1208,#712,.T.);
#1507=EDGE_CURVE('',#1207,#1208,#713,.T.);
#1508=EDGE_CURVE('',#1209,#1204,#714,.T.);
#1509=EDGE_CURVE('',#1196,#1209,#715,.T.);
#1510=EDGE_CURVE('',#1210,#1195,#716,.T.);
#1511=EDGE_CURVE('',#1194,#1210,#717,.T.);
#1512=EDGE_CURVE('',#1210,#1209,#718,.T.);
#1513=EDGE_CURVE('',#1208,#1205,#719,.T.);
#1514=EDGE_CURVE('',#1208,#1181,#720,.T.);
#1515=EDGE_CURVE('',#1211,#1211,#198,.T.);
#1516=EDGE_CURVE('',#1212,#1212,#199,.T.);
#1517=EDGE_CURVE('',#1213,#1213,#200,.T.);
#1518=EDGE_CURVE('',#1214,#1214,#201,.T.);
#1519=EDGE_CURVE('',#1215,#1216,#721,.T.);
#1520=EDGE_CURVE('',#1216,#1217,#722,.T.);
#1521=EDGE_CURVE('',#1217,#1218,#723,.T.);
#1522=EDGE_CURVE('',#1218,#1215,#724,.T.);
#1523=EDGE_CURVE('',#1219,#1218,#725,.T.);
#1524=EDGE_CURVE('',#1220,#1219,#726,.T.);
#1525=EDGE_CURVE('',#1215,#1220,#727,.T.);
#1526=EDGE_CURVE('',#1221,#1217,#728,.T.);
#1527=EDGE_CURVE('',#1222,#1221,#729,.T.);
#1528=EDGE_CURVE('',#1222,#1223,#730,.T.);
#1529=EDGE_CURVE('',#1224,#1223,#202,.T.);
#1530=EDGE_CURVE('',#1225,#1224,#731,.T.);
#1531=EDGE_CURVE('',#1226,#1225,#203,.T.);
#1532=EDGE_CURVE('',#1227,#1226,#732,.T.);
#1533=EDGE_CURVE('',#1228,#1227,#204,.T.);
#1534=EDGE_CURVE('',#1229,#1228,#733,.T.);
#1535=EDGE_CURVE('',#1229,#1230,#734,.T.);
#1536=EDGE_CURVE('',#1231,#1230,#735,.T.);
#1537=EDGE_CURVE('',#1232,#1231,#205,.T.);
#1538=EDGE_CURVE('',#1233,#1232,#736,.T.);
#1539=EDGE_CURVE('',#1234,#1233,#206,.T.);
#1540=EDGE_CURVE('',#1234,#1235,#737,.T.);
#1541=EDGE_CURVE('',#1219,#1235,#207,.T.);
#1542=EDGE_CURVE('',#1221,#1236,#738,.T.);
#1543=EDGE_CURVE('',#1236,#1237,#739,.T.);
#1544=EDGE_CURVE('',#1237,#1222,#740,.T.);
#1545=EDGE_CURVE('',#1238,#1237,#741,.T.);
#1546=EDGE_CURVE('',#1223,#1238,#742,.T.);
#1547=EDGE_CURVE('',#1235,#1239,#743,.T.);
#1548=EDGE_CURVE('',#1239,#1220,#208,.T.);
#1549=EDGE_CURVE('',#1240,#1234,#744,.T.);
#1550=EDGE_CURVE('',#1240,#1239,#745,.T.);
#1551=EDGE_CURVE('',#1238,#1241,#209,.T.);
#1552=EDGE_CURVE('',#1241,#1224,#746,.T.);
#1553=EDGE_CURVE('',#1242,#1230,#69,.F.);
#1554=EDGE_CURVE('',#1242,#1243,#747,.T.);
#1555=EDGE_CURVE('',#1244,#1243,#70,.F.);
#1556=EDGE_CURVE('',#1244,#1230,#748,.T.);
#1557=EDGE_CURVE('',#1244,#1245,#749,.T.);
#1558=EDGE_CURVE('',#1231,#1245,#750,.T.);
#1559=EDGE_CURVE('',#1246,#1247,#71,.F.);
#1560=EDGE_CURVE('',#1246,#1248,#751,.T.);
#1561=EDGE_CURVE('',#1248,#1229,#72,.T.);
#1562=EDGE_CURVE('',#1229,#1247,#752,.T.);
#1563=EDGE_CURVE('',#1249,#1228,#753,.T.);
#1564=EDGE_CURVE('',#1249,#1247,#754,.T.);
#1565=EDGE_CURVE('',#1250,#1251,#210,.T.);
#1566=EDGE_CURVE('',#1251,#1226,#755,.T.);
#1567=EDGE_CURVE('',#1225,#1250,#756,.T.);
#1568=EDGE_CURVE('',#1251,#1252,#757,.T.);
#1569=EDGE_CURVE('',#1227,#1252,#758,.T.);
#1570=EDGE_CURVE('',#1252,#1249,#211,.T.);
#1571=EDGE_CURVE('',#1253,#1240,#212,.T.);
#1572=EDGE_CURVE('',#1233,#1253,#759,.T.);
#1573=EDGE_CURVE('',#1254,#1232,#760,.T.);
#1574=EDGE_CURVE('',#1254,#1253,#761,.T.);
#1575=EDGE_CURVE('',#1245,#1254,#213,.T.);
#1576=EDGE_CURVE('',#1250,#1241,#762,.T.);
#1577=EDGE_CURVE('',#1247,#1244,#763,.T.);
#1578=EDGE_CURVE('',#1236,#1216,#764,.T.);
#1579=EDGE_CURVE('',#1255,#1246,#214,.T.);
#1580=EDGE_CURVE('',#1256,#1255,#765,.T.);
#1581=EDGE_CURVE('',#1257,#1256,#766,.T.);
#1582=EDGE_CURVE('',#1258,#1257,#767,.T.);
#1583=EDGE_CURVE('',#1248,#1258,#215,.T.);
#1584=EDGE_CURVE('',#1259,#1260,#768,.T.);
#1585=EDGE_CURVE('',#1258,#1260,#769,.T.);
#1586=EDGE_CURVE('',#1259,#1257,#770,.T.);
#1587=EDGE_CURVE('',#1260,#1242,#216,.T.);
#1588=EDGE_CURVE('',#1243,#1261,#217,.T.);
#1589=EDGE_CURVE('',#1255,#1261,#771,.T.);
#1590=EDGE_CURVE('',#1261,#1262,#772,.T.);
#1591=EDGE_CURVE('',#1256,#1262,#773,.T.);
#1592=EDGE_CURVE('',#1262,#1259,#774,.T.);
#1593=EDGE_CURVE('',#1263,#1263,#218,.T.);
#1594=EDGE_CURVE('',#1264,#1264,#219,.T.);
#1595=EDGE_CURVE('',#1265,#1266,#775,.T.);
#1596=EDGE_CURVE('',#1265,#1267,#45,.F.);
#1597=EDGE_CURVE('',#1267,#1268,#776,.T.);
#1598=EDGE_CURVE('',#1266,#1268,#46,.T.);
#1599=EDGE_CURVE('',#1269,#1270,#73,.F.);
#1600=EDGE_CURVE('',#1265,#1269,#47,.F.);
#1601=EDGE_CURVE('',#1266,#1271,#48,.T.);
#1602=EDGE_CURVE('',#1272,#1271,#74,.F.);
#1603=EDGE_CURVE('',#1272,#1273,#777,.T.);
#1604=EDGE_CURVE('',#1273,#1270,#75,.T.);
#1605=EDGE_CURVE('',#1274,#1272,#778,.T.);
#1606=EDGE_CURVE('',#1275,#1274,#779,.T.);
#1607=EDGE_CURVE('',#1273,#1275,#780,.T.);
#1608=EDGE_CURVE('',#1276,#1277,#781,.T.);
#1609=EDGE_CURVE('',#1278,#1276,#782,.T.);
#1610=EDGE_CURVE('',#1279,#1278,#783,.T.);
#1611=EDGE_CURVE('',#1277,#1279,#784,.T.);
#1612=EDGE_CURVE('',#1280,#1281,#76,.F.);
#1613=EDGE_CURVE('',#1276,#1280,#77,.F.);
#1614=EDGE_CURVE('',#1277,#1282,#78,.T.);
#1615=EDGE_CURVE('',#1283,#1282,#49,.F.);
#1616=EDGE_CURVE('',#1283,#1284,#785,.T.);
#1617=EDGE_CURVE('',#1284,#1281,#50,.T.);
#1618=EDGE_CURVE('',#1285,#1283,#51,.T.);
#1619=EDGE_CURVE('',#1286,#1285,#786,.T.);
#1620=EDGE_CURVE('',#1284,#1286,#52,.T.);
#1621=EDGE_CURVE('',#1287,#1288,#787,.T.);
#1622=EDGE_CURVE('',#1289,#1287,#788,.T.);
#1623=EDGE_CURVE('',#1290,#1289,#789,.T.);
#1624=EDGE_CURVE('',#1288,#1290,#790,.T.);
#1625=EDGE_CURVE('',#1291,#1292,#79,.F.);
#1626=EDGE_CURVE('',#1287,#1291,#80,.F.);
#1627=EDGE_CURVE('',#1288,#1293,#81,.T.);
#1628=EDGE_CURVE('',#1294,#1293,#82,.F.);
#1629=EDGE_CURVE('',#1295,#1294,#53,.F.);
#1630=EDGE_CURVE('',#1295,#1296,#791,.T.);
#1631=EDGE_CURVE('',#1296,#1292,#54,.T.);
#1632=EDGE_CURVE('',#1297,#1295,#55,.T.);
#1633=EDGE_CURVE('',#1298,#1297,#792,.T.);
#1634=EDGE_CURVE('',#1296,#1298,#56,.T.);
#1635=EDGE_CURVE('',#1299,#1300,#793,.T.);
#1636=EDGE_CURVE('',#1301,#1299,#794,.T.);
#1637=EDGE_CURVE('',#1302,#1301,#795,.T.);
#1638=EDGE_CURVE('',#1300,#1302,#796,.T.);
#1639=EDGE_CURVE('',#1303,#1304,#83,.F.);
#1640=EDGE_CURVE('',#1299,#1303,#84,.F.);
#1641=EDGE_CURVE('',#1300,#1305,#85,.T.);
#1642=EDGE_CURVE('',#1306,#1305,#86,.F.);
#1643=EDGE_CURVE('',#1307,#1306,#57,.F.);
#1644=EDGE_CURVE('',#1307,#1308,#797,.T.);
#1645=EDGE_CURVE('',#1308,#1304,#58,.T.);
#1646=EDGE_CURVE('',#1307,#1309,#59,.F.);
#1647=EDGE_CURVE('',#1309,#1310,#798,.T.);
#1648=EDGE_CURVE('',#1308,#1310,#60,.T.);
#1649=EDGE_CURVE('',#1271,#1294,#220,.F.);
#1650=EDGE_CURVE('',#1268,#1311,#61,.T.);
#1651=EDGE_CURVE('',#1311,#1312,#221,.T.);
#1652=EDGE_CURVE('',#1312,#1297,#62,.T.);
#1653=EDGE_CURVE('',#1312,#1311,#222,.T.);
#1654=EDGE_CURVE('',#1267,#1313,#63,.F.);
#1655=EDGE_CURVE('',#1313,#1314,#223,.T.);
#1656=EDGE_CURVE('',#1314,#1298,#64,.F.);
#1657=EDGE_CURVE('',#1310,#1315,#65,.T.);
#1658=EDGE_CURVE('',#1315,#1316,#224,.T.);
#1659=EDGE_CURVE('',#1316,#1285,#66,.T.);
#1660=EDGE_CURVE('',#1282,#1304,#225,.T.);
#1661=EDGE_CURVE('',#1316,#1315,#226,.T.);
#1662=EDGE_CURVE('',#1309,#1317,#67,.F.);
#1663=EDGE_CURVE('',#1317,#1318,#227,.T.);
#1664=EDGE_CURVE('',#1318,#1286,#68,.F.);
#1665=EDGE_CURVE('',#1269,#1292,#228,.F.);
#1666=EDGE_CURVE('',#1314,#1313,#229,.T.);
#1667=EDGE_CURVE('',#1306,#1281,#230,.F.);
#1668=EDGE_CURVE('',#1318,#1317,#231,.T.);
#1669=EDGE_CURVE('',#1319,#1278,#232,.T.);
#1670=EDGE_CURVE('',#1320,#1319,#799,.T.);
#1671=EDGE_CURVE('',#1321,#1320,#800,.T.);
#1672=EDGE_CURVE('',#1322,#1321,#801,.T.);
#1673=EDGE_CURVE('',#1323,#1322,#233,.T.);
#1674=EDGE_CURVE('',#1279,#1323,#234,.T.);
#1675=EDGE_CURVE('',#1280,#1324,#802,.T.);
#1676=EDGE_CURVE('',#1324,#1325,#235,.T.);
#1677=EDGE_CURVE('',#1325,#1319,#803,.T.);
#1678=EDGE_CURVE('',#1270,#1326,#804,.F.);
#1679=EDGE_CURVE('',#1275,#1327,#236,.T.);
#1680=EDGE_CURVE('',#1327,#1328,#805,.T.);
#1681=EDGE_CURVE('',#1328,#1326,#237,.T.);
#1682=EDGE_CURVE('',#1329,#1274,#238,.T.);
#1683=EDGE_CURVE('',#1330,#1329,#239,.T.);
#1684=EDGE_CURVE('',#1331,#1330,#806,.T.);
#1685=EDGE_CURVE('',#1332,#1331,#807,.T.);
#1686=EDGE_CURVE('',#1327,#1332,#808,.T.);
#1687=EDGE_CURVE('',#1333,#1293,#809,.T.);
#1688=EDGE_CURVE('',#1290,#1334,#240,.T.);
#1689=EDGE_CURVE('',#1334,#1335,#810,.T.);
#1690=EDGE_CURVE('',#1335,#1333,#241,.T.);
#1691=EDGE_CURVE('',#1291,#1336,#811,.T.);
#1692=EDGE_CURVE('',#1336,#1337,#242,.T.);
#1693=EDGE_CURVE('',#1337,#1338,#812,.T.);
#1694=EDGE_CURVE('',#1338,#1289,#243,.T.);
#1695=EDGE_CURVE('',#1339,#1338,#813,.T.);
#1696=EDGE_CURVE('',#1340,#1339,#244,.T.);
#1697=EDGE_CURVE('',#1341,#1340,#814,.T.);
#1698=EDGE_CURVE('',#1342,#1341,#245,.T.);
#1699=EDGE_CURVE('',#1343,#1342,#815,.T.);
#1700=EDGE_CURVE('',#1344,#1343,#246,.T.);
#1701=EDGE_CURVE('',#1345,#1344,#816,.T.);
#1702=EDGE_CURVE('',#1346,#1345,#247,.T.);
#1703=EDGE_CURVE('',#1347,#1346,#817,.T.);
#1704=EDGE_CURVE('',#1348,#1347,#248,.T.);
#1705=EDGE_CURVE('',#1349,#1348,#818,.T.);
#1706=EDGE_CURVE('',#1350,#1349,#249,.T.);
#1707=EDGE_CURVE('',#1351,#1350,#819,.T.);
#1708=EDGE_CURVE('',#1302,#1351,#250,.T.);
#1709=EDGE_CURVE('',#1352,#1301,#251,.T.);
#1710=EDGE_CURVE('',#1353,#1352,#820,.T.);
#1711=EDGE_CURVE('',#1354,#1353,#252,.T.);
#1712=EDGE_CURVE('',#1355,#1354,#821,.T.);
#1713=EDGE_CURVE('',#1356,#1355,#253,.T.);
#1714=EDGE_CURVE('',#1357,#1356,#822,.T.);
#1715=EDGE_CURVE('',#1358,#1357,#254,.T.);
#1716=EDGE_CURVE('',#1359,#1358,#823,.T.);
#1717=EDGE_CURVE('',#1360,#1359,#255,.T.);
#1718=EDGE_CURVE('',#1361,#1360,#824,.T.);
#1719=EDGE_CURVE('',#1362,#1361,#256,.T.);
#1720=EDGE_CURVE('',#1363,#1362,#825,.T.);
#1721=EDGE_CURVE('',#1364,#1363,#257,.T.);
#1722=EDGE_CURVE('',#1334,#1364,#826,.T.);
#1723=EDGE_CURVE('',#1303,#1365,#827,.T.);
#1724=EDGE_CURVE('',#1365,#1366,#258,.T.);
#1725=EDGE_CURVE('',#1366,#1352,#828,.T.);
#1726=EDGE_CURVE('',#1367,#1305,#829,.T.);
#1727=EDGE_CURVE('',#1367,#1324,#259,.T.);
#1728=EDGE_CURVE('',#1363,#1368,#830,.T.);
#1729=EDGE_CURVE('',#1368,#1369,#260,.T.);
#1730=EDGE_CURVE('',#1369,#1364,#831,.T.);
#1731=EDGE_CURVE('',#1369,#1335,#832,.T.);
#1732=EDGE_CURVE('',#1370,#1368,#833,.T.);
#1733=EDGE_CURVE('',#1371,#1370,#261,.T.);
#1734=EDGE_CURVE('',#1372,#1371,#834,.T.);
#1735=EDGE_CURVE('',#1373,#1372,#262,.T.);
#1736=EDGE_CURVE('',#1374,#1373,#835,.T.);
#1737=EDGE_CURVE('',#1375,#1374,#263,.T.);
#1738=EDGE_CURVE('',#1376,#1375,#836,.T.);
#1739=EDGE_CURVE('',#1377,#1376,#264,.T.);
#1740=EDGE_CURVE('',#1378,#1377,#837,.T.);
#1741=EDGE_CURVE('',#1379,#1378,#265,.T.);
#1742=EDGE_CURVE('',#1366,#1379,#838,.T.);
#1743=EDGE_CURVE('',#1380,#1365,#266,.T.);
#1744=EDGE_CURVE('',#1381,#1380,#267,.T.);
#1745=EDGE_CURVE('',#1382,#1381,#839,.T.);
#1746=EDGE_CURVE('',#1383,#1382,#840,.T.);
#1747=EDGE_CURVE('',#1325,#1383,#841,.T.);
#1748=EDGE_CURVE('',#1384,#1367,#268,.T.);
#1749=EDGE_CURVE('',#1385,#1384,#842,.T.);
#1750=EDGE_CURVE('',#1386,#1385,#269,.T.);
#1751=EDGE_CURVE('',#1387,#1386,#843,.T.);
#1752=EDGE_CURVE('',#1388,#1387,#270,.T.);
#1753=EDGE_CURVE('',#1389,#1388,#844,.T.);
#1754=EDGE_CURVE('',#1390,#1389,#271,.T.);
#1755=EDGE_CURVE('',#1391,#1390,#845,.T.);
#1756=EDGE_CURVE('',#1392,#1391,#272,.T.);
#1757=EDGE_CURVE('',#1393,#1392,#846,.T.);
#1758=EDGE_CURVE('',#1394,#1393,#273,.T.);
#1759=EDGE_CURVE('',#1395,#1394,#847,.T.);
#1760=EDGE_CURVE('',#1396,#1395,#274,.T.);
#1761=EDGE_CURVE('',#1337,#1396,#848,.T.);
#1762=EDGE_CURVE('',#1326,#1336,#275,.T.);
#1763=EDGE_CURVE('',#1397,#1328,#849,.T.);
#1764=EDGE_CURVE('',#1398,#1397,#850,.T.);
#1765=EDGE_CURVE('',#1399,#1398,#851,.T.);
#1766=EDGE_CURVE('',#1400,#1399,#276,.T.);
#1767=EDGE_CURVE('',#1333,#1400,#277,.T.);
#1768=EDGE_CURVE('',#1361,#1371,#852,.T.);
#1769=EDGE_CURVE('',#1370,#1362,#853,.T.);
#1770=EDGE_CURVE('',#1372,#1360,#854,.T.);
#1771=EDGE_CURVE('',#1359,#1373,#855,.T.);
#1772=EDGE_CURVE('',#1357,#1375,#856,.T.);
#1773=EDGE_CURVE('',#1374,#1358,#857,.T.);
#1774=EDGE_CURVE('',#1376,#1356,#858,.T.);
#1775=EDGE_CURVE('',#1355,#1377,#859,.T.);
#1776=EDGE_CURVE('',#1353,#1379,#860,.T.);
#1777=EDGE_CURVE('',#1378,#1354,#861,.T.);
#1778=EDGE_CURVE('',#1393,#1342,#862,.T.);
#1779=EDGE_CURVE('',#1341,#1394,#863,.T.);
#1780=EDGE_CURVE('',#1343,#1392,#864,.T.);
#1781=EDGE_CURVE('',#1391,#1344,#865,.T.);
#1782=EDGE_CURVE('',#1345,#1390,#866,.T.);
#1783=EDGE_CURVE('',#1389,#1346,#867,.T.);
#1784=EDGE_CURVE('',#1347,#1388,#868,.T.);
#1785=EDGE_CURVE('',#1387,#1348,#869,.T.);
#1786=EDGE_CURVE('',#1349,#1386,#870,.T.);
#1787=EDGE_CURVE('',#1395,#1340,#871,.T.);
#1788=EDGE_CURVE('',#1339,#1396,#872,.T.);
#1789=EDGE_CURVE('',#1385,#1350,#873,.T.);
#1790=EDGE_CURVE('',#1351,#1384,#874,.T.);
#1791=EDGE_CURVE('',#1329,#1400,#875,.T.);
#1792=EDGE_CURVE('',#1399,#1330,#876,.T.);
#1793=EDGE_CURVE('',#1398,#1331,#877,.T.);
#1794=EDGE_CURVE('',#1380,#1323,#878,.T.);
#1795=EDGE_CURVE('',#1322,#1381,#879,.T.);
#1796=EDGE_CURVE('',#1320,#1383,#880,.T.);
#1797=EDGE_CURVE('',#1382,#1321,#881,.T.);
#1798=EDGE_CURVE('',#1397,#1332,#882,.T.);
#1799=EDGE_CURVE('',#1401,#1401,#278,.T.);
#1800=EDGE_CURVE('',#1402,#1402,#279,.T.);
#1801=EDGE_CURVE('',#1403,#1403,#280,.T.);
#1802=EDGE_CURVE('',#1404,#1404,#281,.T.);
#1803=EDGE_CURVE('',#1405,#1405,#282,.T.);
#1804=EDGE_CURVE('',#1406,#1406,#283,.T.);
#1805=EDGE_CURVE('',#1407,#1407,#284,.T.);
#1806=EDGE_CURVE('',#1408,#1408,#285,.T.);
#1807=ORIENTED_EDGE('',*,*,#1409,.F.);
#1808=ORIENTED_EDGE('',*,*,#1410,.F.);
#1809=ORIENTED_EDGE('',*,*,#1411,.F.);
#1810=ORIENTED_EDGE('',*,*,#1412,.F.);
#1811=ORIENTED_EDGE('',*,*,#1413,.F.);
#1812=ORIENTED_EDGE('',*,*,#1414,.F.);
#1813=ORIENTED_EDGE('',*,*,#1415,.F.);
#1814=ORIENTED_EDGE('',*,*,#1416,.F.);
#1815=ORIENTED_EDGE('',*,*,#1417,.F.);
#1816=ORIENTED_EDGE('',*,*,#1418,.F.);
#1817=ORIENTED_EDGE('',*,*,#1419,.F.);
#1818=ORIENTED_EDGE('',*,*,#1420,.F.);
#1819=ORIENTED_EDGE('',*,*,#1421,.F.);
#1820=ORIENTED_EDGE('',*,*,#1422,.F.);
#1821=ORIENTED_EDGE('',*,*,#1423,.F.);
#1822=ORIENTED_EDGE('',*,*,#1424,.F.);
#1823=ORIENTED_EDGE('',*,*,#1425,.F.);
#1824=ORIENTED_EDGE('',*,*,#1426,.F.);
#1825=ORIENTED_EDGE('',*,*,#1427,.F.);
#1826=ORIENTED_EDGE('',*,*,#1428,.F.);
#1827=ORIENTED_EDGE('',*,*,#1429,.F.);
#1828=ORIENTED_EDGE('',*,*,#1430,.F.);
#1829=ORIENTED_EDGE('',*,*,#1431,.F.);
#1830=ORIENTED_EDGE('',*,*,#1432,.F.);
#1831=ORIENTED_EDGE('',*,*,#1433,.F.);
#1832=ORIENTED_EDGE('',*,*,#1434,.F.);
#1833=ORIENTED_EDGE('',*,*,#1435,.F.);
#1834=ORIENTED_EDGE('',*,*,#1436,.F.);
#1835=ORIENTED_EDGE('',*,*,#1437,.F.);
#1836=ORIENTED_EDGE('',*,*,#1438,.F.);
#1837=ORIENTED_EDGE('',*,*,#1439,.F.);
#1838=ORIENTED_EDGE('',*,*,#1440,.F.);
#1839=ORIENTED_EDGE('',*,*,#1429,.T.);
#1840=ORIENTED_EDGE('',*,*,#1441,.T.);
#1841=ORIENTED_EDGE('',*,*,#1442,.T.);
#1842=ORIENTED_EDGE('',*,*,#1443,.F.);
#1843=ORIENTED_EDGE('',*,*,#1428,.T.);
#1844=ORIENTED_EDGE('',*,*,#1444,.F.);
#1845=ORIENTED_EDGE('',*,*,#1445,.T.);
#1846=ORIENTED_EDGE('',*,*,#1441,.F.);
#1847=ORIENTED_EDGE('',*,*,#1423,.T.);
#1848=ORIENTED_EDGE('',*,*,#1446,.F.);
#1849=ORIENTED_EDGE('',*,*,#1431,.T.);
#1850=ORIENTED_EDGE('',*,*,#1447,.T.);
#1851=ORIENTED_EDGE('',*,*,#1448,.F.);
#1852=ORIENTED_EDGE('',*,*,#1449,.F.);
#1853=ORIENTED_EDGE('',*,*,#1450,.F.);
#1854=ORIENTED_EDGE('',*,*,#1422,.T.);
#1855=ORIENTED_EDGE('',*,*,#1451,.T.);
#1856=ORIENTED_EDGE('',*,*,#1432,.T.);
#1857=ORIENTED_EDGE('',*,*,#1446,.T.);
#1858=ORIENTED_EDGE('',*,*,#1413,.T.);
#1859=ORIENTED_EDGE('',*,*,#1452,.T.);
#1860=ORIENTED_EDGE('',*,*,#1453,.T.);
#1861=ORIENTED_EDGE('',*,*,#1454,.F.);
#1862=ORIENTED_EDGE('',*,*,#1412,.T.);
#1863=ORIENTED_EDGE('',*,*,#1455,.F.);
#1864=ORIENTED_EDGE('',*,*,#1456,.T.);
#1865=ORIENTED_EDGE('',*,*,#1452,.F.);
#1866=ORIENTED_EDGE('',*,*,#1424,.T.);
#1867=ORIENTED_EDGE('',*,*,#1457,.F.);
#1868=ORIENTED_EDGE('',*,*,#1458,.F.);
#1869=ORIENTED_EDGE('',*,*,#1459,.F.);
#1870=ORIENTED_EDGE('',*,*,#1440,.T.);
#1871=ORIENTED_EDGE('',*,*,#1460,.F.);
#1872=ORIENTED_EDGE('',*,*,#1461,.F.);
#1873=ORIENTED_EDGE('',*,*,#1462,.F.);
#1874=ORIENTED_EDGE('',*,*,#1463,.F.);
#1875=ORIENTED_EDGE('',*,*,#1464,.T.);
#1876=ORIENTED_EDGE('',*,*,#1465,.T.);
#1877=ORIENTED_EDGE('',*,*,#1427,.T.);
#1878=ORIENTED_EDGE('',*,*,#1466,.F.);
#1879=ORIENTED_EDGE('',*,*,#1433,.T.);
#1880=ORIENTED_EDGE('',*,*,#1467,.F.);
#1881=ORIENTED_EDGE('',*,*,#1468,.F.);
#1882=ORIENTED_EDGE('',*,*,#1469,.F.);
#1883=ORIENTED_EDGE('',*,*,#1444,.T.);
#1884=ORIENTED_EDGE('',*,*,#1426,.T.);
#1885=ORIENTED_EDGE('',*,*,#1470,.T.);
#1886=ORIENTED_EDGE('',*,*,#1434,.T.);
#1887=ORIENTED_EDGE('',*,*,#1466,.T.);
#1888=ORIENTED_EDGE('',*,*,#1421,.T.);
#1889=ORIENTED_EDGE('',*,*,#1471,.F.);
#1890=ORIENTED_EDGE('',*,*,#1435,.T.);
#1891=ORIENTED_EDGE('',*,*,#1470,.F.);
#1892=ORIENTED_EDGE('',*,*,#1425,.T.);
#1893=ORIENTED_EDGE('',*,*,#1451,.F.);
#1894=ORIENTED_EDGE('',*,*,#1472,.T.);
#1895=ORIENTED_EDGE('',*,*,#1465,.F.);
#1896=ORIENTED_EDGE('',*,*,#1472,.F.);
#1897=ORIENTED_EDGE('',*,*,#1473,.F.);
#1898=ORIENTED_EDGE('',*,*,#1474,.T.);
#1899=ORIENTED_EDGE('',*,*,#1464,.F.);
#1900=ORIENTED_EDGE('',*,*,#1474,.F.);
#1901=ORIENTED_EDGE('',*,*,#1475,.F.);
#1902=ORIENTED_EDGE('',*,*,#1417,.T.);
#1903=ORIENTED_EDGE('',*,*,#1476,.F.);
#1904=ORIENTED_EDGE('',*,*,#1477,.F.);
#1905=ORIENTED_EDGE('',*,*,#1478,.F.);
#1906=ORIENTED_EDGE('',*,*,#1455,.T.);
#1907=ORIENTED_EDGE('',*,*,#1411,.T.);
#1908=ORIENTED_EDGE('',*,*,#1479,.F.);
#1909=ORIENTED_EDGE('',*,*,#1462,.T.);
#1910=ORIENTED_EDGE('',*,*,#1480,.F.);
#1911=ORIENTED_EDGE('',*,*,#1481,.F.);
#1912=ORIENTED_EDGE('',*,*,#1476,.T.);
#1913=ORIENTED_EDGE('',*,*,#1461,.T.);
#1914=ORIENTED_EDGE('',*,*,#1482,.T.);
#1915=ORIENTED_EDGE('',*,*,#1483,.F.);
#1916=ORIENTED_EDGE('',*,*,#1480,.T.);
#1917=ORIENTED_EDGE('',*,*,#1460,.T.);
#1918=ORIENTED_EDGE('',*,*,#1484,.T.);
#1919=ORIENTED_EDGE('',*,*,#1485,.F.);
#1920=ORIENTED_EDGE('',*,*,#1482,.F.);
#1921=ORIENTED_EDGE('',*,*,#1473,.T.);
#1922=ORIENTED_EDGE('',*,*,#1486,.F.);
#1923=ORIENTED_EDGE('',*,*,#1475,.T.);
#1924=ORIENTED_EDGE('',*,*,#1487,.F.);
#1925=ORIENTED_EDGE('',*,*,#1488,.T.);
#1926=ORIENTED_EDGE('',*,*,#1489,.F.);
#1927=ORIENTED_EDGE('',*,*,#1490,.F.);
#1928=ORIENTED_EDGE('',*,*,#1488,.F.);
#1929=ORIENTED_EDGE('',*,*,#1463,.T.);
#1930=ORIENTED_EDGE('',*,*,#1489,.T.);
#1931=ORIENTED_EDGE('',*,*,#1430,.T.);
#1932=ORIENTED_EDGE('',*,*,#1443,.T.);
#1933=ORIENTED_EDGE('',*,*,#1491,.T.);
#1934=ORIENTED_EDGE('',*,*,#1447,.F.);
#1935=ORIENTED_EDGE('',*,*,#1414,.T.);
#1936=ORIENTED_EDGE('',*,*,#1454,.T.);
#1937=ORIENTED_EDGE('',*,*,#1492,.T.);
#1938=ORIENTED_EDGE('',*,*,#1493,.F.);
#1939=ORIENTED_EDGE('',*,*,#1420,.T.);
#1940=ORIENTED_EDGE('',*,*,#1494,.T.);
#1941=ORIENTED_EDGE('',*,*,#1436,.T.);
#1942=ORIENTED_EDGE('',*,*,#1471,.T.);
#1943=ORIENTED_EDGE('',*,*,#1490,.T.);
#1944=ORIENTED_EDGE('',*,*,#1419,.T.);
#1945=ORIENTED_EDGE('',*,*,#1495,.F.);
#1946=ORIENTED_EDGE('',*,*,#1409,.T.);
#1947=ORIENTED_EDGE('',*,*,#1496,.F.);
#1948=ORIENTED_EDGE('',*,*,#1437,.T.);
#1949=ORIENTED_EDGE('',*,*,#1494,.F.);
#1950=ORIENTED_EDGE('',*,*,#1416,.T.);
#1951=ORIENTED_EDGE('',*,*,#1497,.T.);
#1952=ORIENTED_EDGE('',*,*,#1438,.T.);
#1953=ORIENTED_EDGE('',*,*,#1496,.T.);
#1954=ORIENTED_EDGE('',*,*,#1415,.T.);
#1955=ORIENTED_EDGE('',*,*,#1493,.T.);
#1956=ORIENTED_EDGE('',*,*,#1498,.F.);
#1957=ORIENTED_EDGE('',*,*,#1499,.F.);
#1958=ORIENTED_EDGE('',*,*,#1484,.F.);
#1959=ORIENTED_EDGE('',*,*,#1439,.T.);
#1960=ORIENTED_EDGE('',*,*,#1497,.F.);
#1961=ORIENTED_EDGE('',*,*,#1418,.T.);
#1962=ORIENTED_EDGE('',*,*,#1479,.T.);
#1963=ORIENTED_EDGE('',*,*,#1410,.T.);
#1964=ORIENTED_EDGE('',*,*,#1495,.T.);
#1965=ORIENTED_EDGE('',*,*,#1457,.T.);
#1966=ORIENTED_EDGE('',*,*,#1450,.T.);
#1967=ORIENTED_EDGE('',*,*,#1500,.F.);
#1968=ORIENTED_EDGE('',*,*,#1501,.F.);
#1969=ORIENTED_EDGE('',*,*,#1449,.T.);
#1970=ORIENTED_EDGE('',*,*,#1502,.F.);
#1971=ORIENTED_EDGE('',*,*,#1503,.F.);
#1972=ORIENTED_EDGE('',*,*,#1500,.T.);
#1973=ORIENTED_EDGE('',*,*,#1448,.T.);
#1974=ORIENTED_EDGE('',*,*,#1491,.F.);
#1975=ORIENTED_EDGE('',*,*,#1442,.F.);
#1976=ORIENTED_EDGE('',*,*,#1445,.F.);
#1977=ORIENTED_EDGE('',*,*,#1469,.T.);
#1978=ORIENTED_EDGE('',*,*,#1504,.T.);
#1979=ORIENTED_EDGE('',*,*,#1505,.F.);
#1980=ORIENTED_EDGE('',*,*,#1502,.T.);
#1981=ORIENTED_EDGE('',*,*,#1486,.T.);
#1982=ORIENTED_EDGE('',*,*,#1468,.T.);
#1983=ORIENTED_EDGE('',*,*,#1506,.T.);
#1984=ORIENTED_EDGE('',*,*,#1507,.F.);
#1985=ORIENTED_EDGE('',*,*,#1504,.F.);
#1986=ORIENTED_EDGE('',*,*,#1499,.T.);
#1987=ORIENTED_EDGE('',*,*,#1508,.F.);
#1988=ORIENTED_EDGE('',*,*,#1509,.F.);
#1989=ORIENTED_EDGE('',*,*,#1485,.T.);
#1990=ORIENTED_EDGE('',*,*,#1477,.T.);
#1991=ORIENTED_EDGE('',*,*,#1481,.T.);
#1992=ORIENTED_EDGE('',*,*,#1510,.F.);
#1993=ORIENTED_EDGE('',*,*,#1511,.F.);
#1994=ORIENTED_EDGE('',*,*,#1498,.T.);
#1995=ORIENTED_EDGE('',*,*,#1492,.F.);
#1996=ORIENTED_EDGE('',*,*,#1453,.F.);
#1997=ORIENTED_EDGE('',*,*,#1456,.F.);
#1998=ORIENTED_EDGE('',*,*,#1478,.T.);
#1999=ORIENTED_EDGE('',*,*,#1511,.T.);
#2000=ORIENTED_EDGE('',*,*,#1512,.T.);
#2001=ORIENTED_EDGE('',*,*,#1508,.T.);
#2002=ORIENTED_EDGE('',*,*,#1487,.T.);
#2003=ORIENTED_EDGE('',*,*,#1509,.T.);
#2004=ORIENTED_EDGE('',*,*,#1512,.F.);
#2005=ORIENTED_EDGE('',*,*,#1510,.T.);
#2006=ORIENTED_EDGE('',*,*,#1483,.T.);
#2007=ORIENTED_EDGE('',*,*,#1507,.T.);
#2008=ORIENTED_EDGE('',*,*,#1513,.T.);
#2009=ORIENTED_EDGE('',*,*,#1503,.T.);
#2010=ORIENTED_EDGE('',*,*,#1505,.T.);
#2011=ORIENTED_EDGE('',*,*,#1459,.T.);
#2012=ORIENTED_EDGE('',*,*,#1514,.F.);
#2013=ORIENTED_EDGE('',*,*,#1506,.F.);
#2014=ORIENTED_EDGE('',*,*,#1467,.T.);
#2015=ORIENTED_EDGE('',*,*,#1458,.T.);
#2016=ORIENTED_EDGE('',*,*,#1501,.T.);
#2017=ORIENTED_EDGE('',*,*,#1513,.F.);
#2018=ORIENTED_EDGE('',*,*,#1514,.T.);
#2019=ORIENTED_EDGE('',*,*,#1515,.F.);
#2020=ORIENTED_EDGE('',*,*,#1516,.F.);
#2021=ORIENTED_EDGE('',*,*,#1517,.F.);
#2022=ORIENTED_EDGE('',*,*,#1518,.F.);
#2023=ORIENTED_EDGE('',*,*,#1519,.T.);
#2024=ORIENTED_EDGE('',*,*,#1520,.T.);
#2025=ORIENTED_EDGE('',*,*,#1521,.T.);
#2026=ORIENTED_EDGE('',*,*,#1522,.T.);
#2027=ORIENTED_EDGE('',*,*,#1522,.F.);
#2028=ORIENTED_EDGE('',*,*,#1523,.F.);
#2029=ORIENTED_EDGE('',*,*,#1524,.F.);
#2030=ORIENTED_EDGE('',*,*,#1525,.F.);
#2031=ORIENTED_EDGE('',*,*,#1521,.F.);
#2032=ORIENTED_EDGE('',*,*,#1526,.F.);
#2033=ORIENTED_EDGE('',*,*,#1527,.F.);
#2034=ORIENTED_EDGE('',*,*,#1528,.T.);
#2035=ORIENTED_EDGE('',*,*,#1529,.F.);
#2036=ORIENTED_EDGE('',*,*,#1530,.F.);
#2037=ORIENTED_EDGE('',*,*,#1531,.F.);
#2038=ORIENTED_EDGE('',*,*,#1532,.F.);
#2039=ORIENTED_EDGE('',*,*,#1533,.F.);
#2040=ORIENTED_EDGE('',*,*,#1534,.F.);
#2041=ORIENTED_EDGE('',*,*,#1535,.T.);
#2042=ORIENTED_EDGE('',*,*,#1536,.F.);
#2043=ORIENTED_EDGE('',*,*,#1537,.F.);
#2044=ORIENTED_EDGE('',*,*,#1538,.F.);
#2045=ORIENTED_EDGE('',*,*,#1539,.F.);
#2046=ORIENTED_EDGE('',*,*,#1540,.T.);
#2047=ORIENTED_EDGE('',*,*,#1541,.F.);
#2048=ORIENTED_EDGE('',*,*,#1523,.T.);
#2049=ORIENTED_EDGE('',*,*,#1518,.T.);
#2050=ORIENTED_EDGE('',*,*,#1527,.T.);
#2051=ORIENTED_EDGE('',*,*,#1542,.T.);
#2052=ORIENTED_EDGE('',*,*,#1543,.T.);
#2053=ORIENTED_EDGE('',*,*,#1544,.T.);
#2054=ORIENTED_EDGE('',*,*,#1544,.F.);
#2055=ORIENTED_EDGE('',*,*,#1545,.F.);
#2056=ORIENTED_EDGE('',*,*,#1546,.F.);
#2057=ORIENTED_EDGE('',*,*,#1528,.F.);
#2058=ORIENTED_EDGE('',*,*,#1541,.T.);
#2059=ORIENTED_EDGE('',*,*,#1547,.T.);
#2060=ORIENTED_EDGE('',*,*,#1548,.T.);
#2061=ORIENTED_EDGE('',*,*,#1524,.T.);
#2062=ORIENTED_EDGE('',*,*,#1547,.F.);
#2063=ORIENTED_EDGE('',*,*,#1540,.F.);
#2064=ORIENTED_EDGE('',*,*,#1549,.F.);
#2065=ORIENTED_EDGE('',*,*,#1550,.T.);
#2066=ORIENTED_EDGE('',*,*,#1529,.T.);
#2067=ORIENTED_EDGE('',*,*,#1546,.T.);
#2068=ORIENTED_EDGE('',*,*,#1551,.T.);
#2069=ORIENTED_EDGE('',*,*,#1552,.T.);
#2070=ORIENTED_EDGE('',*,*,#1553,.F.);
#2071=ORIENTED_EDGE('',*,*,#1554,.T.);
#2072=ORIENTED_EDGE('',*,*,#1555,.F.);
#2073=ORIENTED_EDGE('',*,*,#1556,.T.);
#2074=ORIENTED_EDGE('',*,*,#1556,.F.);
#2075=ORIENTED_EDGE('',*,*,#1557,.T.);
#2076=ORIENTED_EDGE('',*,*,#1558,.F.);
#2077=ORIENTED_EDGE('',*,*,#1536,.T.);
#2078=ORIENTED_EDGE('',*,*,#1559,.F.);
#2079=ORIENTED_EDGE('',*,*,#1560,.T.);
#2080=ORIENTED_EDGE('',*,*,#1561,.T.);
#2081=ORIENTED_EDGE('',*,*,#1562,.T.);
#2082=ORIENTED_EDGE('',*,*,#1562,.F.);
#2083=ORIENTED_EDGE('',*,*,#1534,.T.);
#2084=ORIENTED_EDGE('',*,*,#1563,.F.);
#2085=ORIENTED_EDGE('',*,*,#1564,.T.);
#2086=ORIENTED_EDGE('',*,*,#1565,.T.);
#2087=ORIENTED_EDGE('',*,*,#1566,.T.);
#2088=ORIENTED_EDGE('',*,*,#1531,.T.);
#2089=ORIENTED_EDGE('',*,*,#1567,.T.);
#2090=ORIENTED_EDGE('',*,*,#1566,.F.);
#2091=ORIENTED_EDGE('',*,*,#1568,.T.);
#2092=ORIENTED_EDGE('',*,*,#1569,.F.);
#2093=ORIENTED_EDGE('',*,*,#1532,.T.);
#2094=ORIENTED_EDGE('',*,*,#1570,.T.);
#2095=ORIENTED_EDGE('',*,*,#1563,.T.);
#2096=ORIENTED_EDGE('',*,*,#1533,.T.);
#2097=ORIENTED_EDGE('',*,*,#1569,.T.);
#2098=ORIENTED_EDGE('',*,*,#1571,.T.);
#2099=ORIENTED_EDGE('',*,*,#1549,.T.);
#2100=ORIENTED_EDGE('',*,*,#1539,.T.);
#2101=ORIENTED_EDGE('',*,*,#1572,.T.);
#2102=ORIENTED_EDGE('',*,*,#1572,.F.);
#2103=ORIENTED_EDGE('',*,*,#1538,.T.);
#2104=ORIENTED_EDGE('',*,*,#1573,.F.);
#2105=ORIENTED_EDGE('',*,*,#1574,.T.);
#2106=ORIENTED_EDGE('',*,*,#1575,.T.);
#2107=ORIENTED_EDGE('',*,*,#1573,.T.);
#2108=ORIENTED_EDGE('',*,*,#1537,.T.);
#2109=ORIENTED_EDGE('',*,*,#1558,.T.);
#2110=ORIENTED_EDGE('',*,*,#1552,.F.);
#2111=ORIENTED_EDGE('',*,*,#1576,.F.);
#2112=ORIENTED_EDGE('',*,*,#1567,.F.);
#2113=ORIENTED_EDGE('',*,*,#1530,.T.);
#2114=ORIENTED_EDGE('',*,*,#1519,.F.);
#2115=ORIENTED_EDGE('',*,*,#1525,.T.);
#2116=ORIENTED_EDGE('',*,*,#1548,.F.);
#2117=ORIENTED_EDGE('',*,*,#1550,.F.);
#2118=ORIENTED_EDGE('',*,*,#1571,.F.);
#2119=ORIENTED_EDGE('',*,*,#1574,.F.);
#2120=ORIENTED_EDGE('',*,*,#1575,.F.);
#2121=ORIENTED_EDGE('',*,*,#1557,.F.);
#2122=ORIENTED_EDGE('',*,*,#1577,.F.);
#2123=ORIENTED_EDGE('',*,*,#1564,.F.);
#2124=ORIENTED_EDGE('',*,*,#1570,.F.);
#2125=ORIENTED_EDGE('',*,*,#1568,.F.);
#2126=ORIENTED_EDGE('',*,*,#1565,.F.);
#2127=ORIENTED_EDGE('',*,*,#1576,.T.);
#2128=ORIENTED_EDGE('',*,*,#1551,.F.);
#2129=ORIENTED_EDGE('',*,*,#1545,.T.);
#2130=ORIENTED_EDGE('',*,*,#1543,.F.);
#2131=ORIENTED_EDGE('',*,*,#1578,.T.);
#2132=ORIENTED_EDGE('',*,*,#1517,.T.);
#2133=ORIENTED_EDGE('',*,*,#1560,.F.);
#2134=ORIENTED_EDGE('',*,*,#1579,.F.);
#2135=ORIENTED_EDGE('',*,*,#1580,.F.);
#2136=ORIENTED_EDGE('',*,*,#1581,.F.);
#2137=ORIENTED_EDGE('',*,*,#1582,.F.);
#2138=ORIENTED_EDGE('',*,*,#1583,.F.);
#2139=ORIENTED_EDGE('',*,*,#1584,.T.);
#2140=ORIENTED_EDGE('',*,*,#1585,.F.);
#2141=ORIENTED_EDGE('',*,*,#1582,.T.);
#2142=ORIENTED_EDGE('',*,*,#1586,.F.);
#2143=ORIENTED_EDGE('',*,*,#1516,.T.);
#2144=ORIENTED_EDGE('',*,*,#1587,.T.);
#2145=ORIENTED_EDGE('',*,*,#1553,.T.);
#2146=ORIENTED_EDGE('',*,*,#1535,.F.);
#2147=ORIENTED_EDGE('',*,*,#1561,.F.);
#2148=ORIENTED_EDGE('',*,*,#1583,.T.);
#2149=ORIENTED_EDGE('',*,*,#1585,.T.);
#2150=ORIENTED_EDGE('',*,*,#1520,.F.);
#2151=ORIENTED_EDGE('',*,*,#1578,.F.);
#2152=ORIENTED_EDGE('',*,*,#1542,.F.);
#2153=ORIENTED_EDGE('',*,*,#1526,.T.);
#2154=ORIENTED_EDGE('',*,*,#1588,.T.);
#2155=ORIENTED_EDGE('',*,*,#1589,.F.);
#2156=ORIENTED_EDGE('',*,*,#1579,.T.);
#2157=ORIENTED_EDGE('',*,*,#1559,.T.);
#2158=ORIENTED_EDGE('',*,*,#1577,.T.);
#2159=ORIENTED_EDGE('',*,*,#1555,.T.);
#2160=ORIENTED_EDGE('',*,*,#1590,.T.);
#2161=ORIENTED_EDGE('',*,*,#1591,.F.);
#2162=ORIENTED_EDGE('',*,*,#1580,.T.);
#2163=ORIENTED_EDGE('',*,*,#1589,.T.);
#2164=ORIENTED_EDGE('',*,*,#1515,.T.);
#2165=ORIENTED_EDGE('',*,*,#1592,.T.);
#2166=ORIENTED_EDGE('',*,*,#1586,.T.);
#2167=ORIENTED_EDGE('',*,*,#1581,.T.);
#2168=ORIENTED_EDGE('',*,*,#1591,.T.);
#2169=ORIENTED_EDGE('',*,*,#1554,.F.);
#2170=ORIENTED_EDGE('',*,*,#1587,.F.);
#2171=ORIENTED_EDGE('',*,*,#1584,.F.);
#2172=ORIENTED_EDGE('',*,*,#1592,.F.);
#2173=ORIENTED_EDGE('',*,*,#1590,.F.);
#2174=ORIENTED_EDGE('',*,*,#1588,.F.);
#2175=ORIENTED_EDGE('',*,*,#1593,.F.);
#2176=ORIENTED_EDGE('',*,*,#1594,.F.);
#2177=ORIENTED_EDGE('',*,*,#1595,.F.);
#2178=ORIENTED_EDGE('',*,*,#1596,.T.);
#2179=ORIENTED_EDGE('',*,*,#1597,.T.);
#2180=ORIENTED_EDGE('',*,*,#1598,.F.);
#2181=ORIENTED_EDGE('',*,*,#1599,.F.);
#2182=ORIENTED_EDGE('',*,*,#1600,.F.);
#2183=ORIENTED_EDGE('',*,*,#1595,.T.);
#2184=ORIENTED_EDGE('',*,*,#1601,.T.);
#2185=ORIENTED_EDGE('',*,*,#1602,.F.);
#2186=ORIENTED_EDGE('',*,*,#1603,.T.);
#2187=ORIENTED_EDGE('',*,*,#1604,.T.);
#2188=ORIENTED_EDGE('',*,*,#1603,.F.);
#2189=ORIENTED_EDGE('',*,*,#1605,.F.);
#2190=ORIENTED_EDGE('',*,*,#1606,.F.);
#2191=ORIENTED_EDGE('',*,*,#1607,.F.);
#2192=ORIENTED_EDGE('',*,*,#1608,.F.);
#2193=ORIENTED_EDGE('',*,*,#1609,.F.);
#2194=ORIENTED_EDGE('',*,*,#1610,.F.);
#2195=ORIENTED_EDGE('',*,*,#1611,.F.);
#2196=ORIENTED_EDGE('',*,*,#1612,.F.);
#2197=ORIENTED_EDGE('',*,*,#1613,.F.);
#2198=ORIENTED_EDGE('',*,*,#1608,.T.);
#2199=ORIENTED_EDGE('',*,*,#1614,.T.);
#2200=ORIENTED_EDGE('',*,*,#1615,.F.);
#2201=ORIENTED_EDGE('',*,*,#1616,.T.);
#2202=ORIENTED_EDGE('',*,*,#1617,.T.);
#2203=ORIENTED_EDGE('',*,*,#1616,.F.);
#2204=ORIENTED_EDGE('',*,*,#1618,.F.);
#2205=ORIENTED_EDGE('',*,*,#1619,.F.);
#2206=ORIENTED_EDGE('',*,*,#1620,.F.);
#2207=ORIENTED_EDGE('',*,*,#1621,.F.);
#2208=ORIENTED_EDGE('',*,*,#1622,.F.);
#2209=ORIENTED_EDGE('',*,*,#1623,.F.);
#2210=ORIENTED_EDGE('',*,*,#1624,.F.);
#2211=ORIENTED_EDGE('',*,*,#1625,.F.);
#2212=ORIENTED_EDGE('',*,*,#1626,.F.);
#2213=ORIENTED_EDGE('',*,*,#1621,.T.);
#2214=ORIENTED_EDGE('',*,*,#1627,.T.);
#2215=ORIENTED_EDGE('',*,*,#1628,.F.);
#2216=ORIENTED_EDGE('',*,*,#1629,.F.);
#2217=ORIENTED_EDGE('',*,*,#1630,.T.);
#2218=ORIENTED_EDGE('',*,*,#1631,.T.);
#2219=ORIENTED_EDGE('',*,*,#1630,.F.);
#2220=ORIENTED_EDGE('',*,*,#1632,.F.);
#2221=ORIENTED_EDGE('',*,*,#1633,.F.);
#2222=ORIENTED_EDGE('',*,*,#1634,.F.);
#2223=ORIENTED_EDGE('',*,*,#1635,.F.);
#2224=ORIENTED_EDGE('',*,*,#1636,.F.);
#2225=ORIENTED_EDGE('',*,*,#1637,.F.);
#2226=ORIENTED_EDGE('',*,*,#1638,.F.);
#2227=ORIENTED_EDGE('',*,*,#1639,.F.);
#2228=ORIENTED_EDGE('',*,*,#1640,.F.);
#2229=ORIENTED_EDGE('',*,*,#1635,.T.);
#2230=ORIENTED_EDGE('',*,*,#1641,.T.);
#2231=ORIENTED_EDGE('',*,*,#1642,.F.);
#2232=ORIENTED_EDGE('',*,*,#1643,.F.);
#2233=ORIENTED_EDGE('',*,*,#1644,.T.);
#2234=ORIENTED_EDGE('',*,*,#1645,.T.);
#2235=ORIENTED_EDGE('',*,*,#1644,.F.);
#2236=ORIENTED_EDGE('',*,*,#1646,.T.);
#2237=ORIENTED_EDGE('',*,*,#1647,.T.);
#2238=ORIENTED_EDGE('',*,*,#1648,.F.);
#2239=ORIENTED_EDGE('',*,*,#1632,.T.);
#2240=ORIENTED_EDGE('',*,*,#1629,.T.);
#2241=ORIENTED_EDGE('',*,*,#1649,.F.);
#2242=ORIENTED_EDGE('',*,*,#1601,.F.);
#2243=ORIENTED_EDGE('',*,*,#1598,.T.);
#2244=ORIENTED_EDGE('',*,*,#1650,.T.);
#2245=ORIENTED_EDGE('',*,*,#1651,.T.);
#2246=ORIENTED_EDGE('',*,*,#1652,.T.);
#2247=ORIENTED_EDGE('',*,*,#1651,.F.);
#2248=ORIENTED_EDGE('',*,*,#1653,.F.);
#2249=ORIENTED_EDGE('',*,*,#1652,.F.);
#2250=ORIENTED_EDGE('',*,*,#1653,.T.);
#2251=ORIENTED_EDGE('',*,*,#1650,.F.);
#2252=ORIENTED_EDGE('',*,*,#1597,.F.);
#2253=ORIENTED_EDGE('',*,*,#1654,.T.);
#2254=ORIENTED_EDGE('',*,*,#1655,.T.);
#2255=ORIENTED_EDGE('',*,*,#1656,.T.);
#2256=ORIENTED_EDGE('',*,*,#1633,.T.);
#2257=ORIENTED_EDGE('',*,*,#1657,.T.);
#2258=ORIENTED_EDGE('',*,*,#1658,.T.);
#2259=ORIENTED_EDGE('',*,*,#1659,.T.);
#2260=ORIENTED_EDGE('',*,*,#1618,.T.);
#2261=ORIENTED_EDGE('',*,*,#1615,.T.);
#2262=ORIENTED_EDGE('',*,*,#1660,.T.);
#2263=ORIENTED_EDGE('',*,*,#1645,.F.);
#2264=ORIENTED_EDGE('',*,*,#1648,.T.);
#2265=ORIENTED_EDGE('',*,*,#1658,.F.);
#2266=ORIENTED_EDGE('',*,*,#1661,.F.);
#2267=ORIENTED_EDGE('',*,*,#1659,.F.);
#2268=ORIENTED_EDGE('',*,*,#1661,.T.);
#2269=ORIENTED_EDGE('',*,*,#1657,.F.);
#2270=ORIENTED_EDGE('',*,*,#1647,.F.);
#2271=ORIENTED_EDGE('',*,*,#1662,.T.);
#2272=ORIENTED_EDGE('',*,*,#1663,.T.);
#2273=ORIENTED_EDGE('',*,*,#1664,.T.);
#2274=ORIENTED_EDGE('',*,*,#1619,.T.);
#2275=ORIENTED_EDGE('',*,*,#1665,.T.);
#2276=ORIENTED_EDGE('',*,*,#1631,.F.);
#2277=ORIENTED_EDGE('',*,*,#1634,.T.);
#2278=ORIENTED_EDGE('',*,*,#1656,.F.);
#2279=ORIENTED_EDGE('',*,*,#1666,.T.);
#2280=ORIENTED_EDGE('',*,*,#1654,.F.);
#2281=ORIENTED_EDGE('',*,*,#1596,.F.);
#2282=ORIENTED_EDGE('',*,*,#1600,.T.);
#2283=ORIENTED_EDGE('',*,*,#1666,.F.);
#2284=ORIENTED_EDGE('',*,*,#1655,.F.);
#2285=ORIENTED_EDGE('',*,*,#1667,.T.);
#2286=ORIENTED_EDGE('',*,*,#1617,.F.);
#2287=ORIENTED_EDGE('',*,*,#1620,.T.);
#2288=ORIENTED_EDGE('',*,*,#1664,.F.);
#2289=ORIENTED_EDGE('',*,*,#1668,.T.);
#2290=ORIENTED_EDGE('',*,*,#1662,.F.);
#2291=ORIENTED_EDGE('',*,*,#1646,.F.);
#2292=ORIENTED_EDGE('',*,*,#1643,.T.);
#2293=ORIENTED_EDGE('',*,*,#1668,.F.);
#2294=ORIENTED_EDGE('',*,*,#1663,.F.);
#2295=ORIENTED_EDGE('',*,*,#1610,.T.);
#2296=ORIENTED_EDGE('',*,*,#1669,.F.);
#2297=ORIENTED_EDGE('',*,*,#1670,.F.);
#2298=ORIENTED_EDGE('',*,*,#1671,.F.);
#2299=ORIENTED_EDGE('',*,*,#1672,.F.);
#2300=ORIENTED_EDGE('',*,*,#1673,.F.);
#2301=ORIENTED_EDGE('',*,*,#1674,.F.);
#2302=ORIENTED_EDGE('',*,*,#1609,.T.);
#2303=ORIENTED_EDGE('',*,*,#1613,.T.);
#2304=ORIENTED_EDGE('',*,*,#1675,.T.);
#2305=ORIENTED_EDGE('',*,*,#1676,.T.);
#2306=ORIENTED_EDGE('',*,*,#1677,.T.);
#2307=ORIENTED_EDGE('',*,*,#1669,.T.);
#2308=ORIENTED_EDGE('',*,*,#1678,.F.);
#2309=ORIENTED_EDGE('',*,*,#1604,.F.);
#2310=ORIENTED_EDGE('',*,*,#1607,.T.);
#2311=ORIENTED_EDGE('',*,*,#1679,.T.);
#2312=ORIENTED_EDGE('',*,*,#1680,.T.);
#2313=ORIENTED_EDGE('',*,*,#1681,.T.);
#2314=ORIENTED_EDGE('',*,*,#1606,.T.);
#2315=ORIENTED_EDGE('',*,*,#1682,.F.);
#2316=ORIENTED_EDGE('',*,*,#1683,.F.);
#2317=ORIENTED_EDGE('',*,*,#1684,.F.);
#2318=ORIENTED_EDGE('',*,*,#1685,.F.);
#2319=ORIENTED_EDGE('',*,*,#1686,.F.);
#2320=ORIENTED_EDGE('',*,*,#1679,.F.);
#2321=ORIENTED_EDGE('',*,*,#1687,.T.);
#2322=ORIENTED_EDGE('',*,*,#1627,.F.);
#2323=ORIENTED_EDGE('',*,*,#1624,.T.);
#2324=ORIENTED_EDGE('',*,*,#1688,.T.);
#2325=ORIENTED_EDGE('',*,*,#1689,.T.);
#2326=ORIENTED_EDGE('',*,*,#1690,.T.);
#2327=ORIENTED_EDGE('',*,*,#1622,.T.);
#2328=ORIENTED_EDGE('',*,*,#1626,.T.);
#2329=ORIENTED_EDGE('',*,*,#1691,.T.);
#2330=ORIENTED_EDGE('',*,*,#1692,.T.);
#2331=ORIENTED_EDGE('',*,*,#1693,.T.);
#2332=ORIENTED_EDGE('',*,*,#1694,.T.);
#2333=ORIENTED_EDGE('',*,*,#1623,.T.);
#2334=ORIENTED_EDGE('',*,*,#1694,.F.);
#2335=ORIENTED_EDGE('',*,*,#1695,.F.);
#2336=ORIENTED_EDGE('',*,*,#1696,.F.);
#2337=ORIENTED_EDGE('',*,*,#1697,.F.);
#2338=ORIENTED_EDGE('',*,*,#1698,.F.);
#2339=ORIENTED_EDGE('',*,*,#1699,.F.);
#2340=ORIENTED_EDGE('',*,*,#1700,.F.);
#2341=ORIENTED_EDGE('',*,*,#1701,.F.);
#2342=ORIENTED_EDGE('',*,*,#1702,.F.);
#2343=ORIENTED_EDGE('',*,*,#1703,.F.);
#2344=ORIENTED_EDGE('',*,*,#1704,.F.);
#2345=ORIENTED_EDGE('',*,*,#1705,.F.);
#2346=ORIENTED_EDGE('',*,*,#1706,.F.);
#2347=ORIENTED_EDGE('',*,*,#1707,.F.);
#2348=ORIENTED_EDGE('',*,*,#1708,.F.);
#2349=ORIENTED_EDGE('',*,*,#1637,.T.);
#2350=ORIENTED_EDGE('',*,*,#1709,.F.);
#2351=ORIENTED_EDGE('',*,*,#1710,.F.);
#2352=ORIENTED_EDGE('',*,*,#1711,.F.);
#2353=ORIENTED_EDGE('',*,*,#1712,.F.);
#2354=ORIENTED_EDGE('',*,*,#1713,.F.);
#2355=ORIENTED_EDGE('',*,*,#1714,.F.);
#2356=ORIENTED_EDGE('',*,*,#1715,.F.);
#2357=ORIENTED_EDGE('',*,*,#1716,.F.);
#2358=ORIENTED_EDGE('',*,*,#1717,.F.);
#2359=ORIENTED_EDGE('',*,*,#1718,.F.);
#2360=ORIENTED_EDGE('',*,*,#1719,.F.);
#2361=ORIENTED_EDGE('',*,*,#1720,.F.);
#2362=ORIENTED_EDGE('',*,*,#1721,.F.);
#2363=ORIENTED_EDGE('',*,*,#1722,.F.);
#2364=ORIENTED_EDGE('',*,*,#1688,.F.);
#2365=ORIENTED_EDGE('',*,*,#1636,.T.);
#2366=ORIENTED_EDGE('',*,*,#1640,.T.);
#2367=ORIENTED_EDGE('',*,*,#1723,.T.);
#2368=ORIENTED_EDGE('',*,*,#1724,.T.);
#2369=ORIENTED_EDGE('',*,*,#1725,.T.);
#2370=ORIENTED_EDGE('',*,*,#1709,.T.);
#2371=ORIENTED_EDGE('',*,*,#1667,.F.);
#2372=ORIENTED_EDGE('',*,*,#1642,.T.);
#2373=ORIENTED_EDGE('',*,*,#1726,.F.);
#2374=ORIENTED_EDGE('',*,*,#1727,.T.);
#2375=ORIENTED_EDGE('',*,*,#1675,.F.);
#2376=ORIENTED_EDGE('',*,*,#1612,.T.);
#2377=ORIENTED_EDGE('',*,*,#1721,.T.);
#2378=ORIENTED_EDGE('',*,*,#1728,.T.);
#2379=ORIENTED_EDGE('',*,*,#1729,.T.);
#2380=ORIENTED_EDGE('',*,*,#1730,.T.);
#2381=ORIENTED_EDGE('',*,*,#1730,.F.);
#2382=ORIENTED_EDGE('',*,*,#1731,.T.);
#2383=ORIENTED_EDGE('',*,*,#1689,.F.);
#2384=ORIENTED_EDGE('',*,*,#1722,.T.);
#2385=ORIENTED_EDGE('',*,*,#1729,.F.);
#2386=ORIENTED_EDGE('',*,*,#1732,.F.);
#2387=ORIENTED_EDGE('',*,*,#1733,.F.);
#2388=ORIENTED_EDGE('',*,*,#1734,.F.);
#2389=ORIENTED_EDGE('',*,*,#1735,.F.);
#2390=ORIENTED_EDGE('',*,*,#1736,.F.);
#2391=ORIENTED_EDGE('',*,*,#1737,.F.);
#2392=ORIENTED_EDGE('',*,*,#1738,.F.);
#2393=ORIENTED_EDGE('',*,*,#1739,.F.);
#2394=ORIENTED_EDGE('',*,*,#1740,.F.);
#2395=ORIENTED_EDGE('',*,*,#1741,.F.);
#2396=ORIENTED_EDGE('',*,*,#1742,.F.);
#2397=ORIENTED_EDGE('',*,*,#1724,.F.);
#2398=ORIENTED_EDGE('',*,*,#1743,.F.);
#2399=ORIENTED_EDGE('',*,*,#1744,.F.);
#2400=ORIENTED_EDGE('',*,*,#1745,.F.);
#2401=ORIENTED_EDGE('',*,*,#1746,.F.);
#2402=ORIENTED_EDGE('',*,*,#1747,.F.);
#2403=ORIENTED_EDGE('',*,*,#1676,.F.);
#2404=ORIENTED_EDGE('',*,*,#1727,.F.);
#2405=ORIENTED_EDGE('',*,*,#1748,.F.);
#2406=ORIENTED_EDGE('',*,*,#1749,.F.);
#2407=ORIENTED_EDGE('',*,*,#1750,.F.);
#2408=ORIENTED_EDGE('',*,*,#1751,.F.);
#2409=ORIENTED_EDGE('',*,*,#1752,.F.);
#2410=ORIENTED_EDGE('',*,*,#1753,.F.);
#2411=ORIENTED_EDGE('',*,*,#1754,.F.);
#2412=ORIENTED_EDGE('',*,*,#1755,.F.);
#2413=ORIENTED_EDGE('',*,*,#1756,.F.);
#2414=ORIENTED_EDGE('',*,*,#1757,.F.);
#2415=ORIENTED_EDGE('',*,*,#1758,.F.);
#2416=ORIENTED_EDGE('',*,*,#1759,.F.);
#2417=ORIENTED_EDGE('',*,*,#1760,.F.);
#2418=ORIENTED_EDGE('',*,*,#1761,.F.);
#2419=ORIENTED_EDGE('',*,*,#1692,.F.);
#2420=ORIENTED_EDGE('',*,*,#1762,.F.);
#2421=ORIENTED_EDGE('',*,*,#1681,.F.);
#2422=ORIENTED_EDGE('',*,*,#1763,.F.);
#2423=ORIENTED_EDGE('',*,*,#1764,.F.);
#2424=ORIENTED_EDGE('',*,*,#1765,.F.);
#2425=ORIENTED_EDGE('',*,*,#1766,.F.);
#2426=ORIENTED_EDGE('',*,*,#1767,.F.);
#2427=ORIENTED_EDGE('',*,*,#1690,.F.);
#2428=ORIENTED_EDGE('',*,*,#1731,.F.);
#2429=ORIENTED_EDGE('',*,*,#1719,.T.);
#2430=ORIENTED_EDGE('',*,*,#1768,.T.);
#2431=ORIENTED_EDGE('',*,*,#1733,.T.);
#2432=ORIENTED_EDGE('',*,*,#1769,.T.);
#2433=ORIENTED_EDGE('',*,*,#1768,.F.);
#2434=ORIENTED_EDGE('',*,*,#1718,.T.);
#2435=ORIENTED_EDGE('',*,*,#1770,.F.);
#2436=ORIENTED_EDGE('',*,*,#1734,.T.);
#2437=ORIENTED_EDGE('',*,*,#1717,.T.);
#2438=ORIENTED_EDGE('',*,*,#1771,.T.);
#2439=ORIENTED_EDGE('',*,*,#1735,.T.);
#2440=ORIENTED_EDGE('',*,*,#1770,.T.);
#2441=ORIENTED_EDGE('',*,*,#1715,.T.);
#2442=ORIENTED_EDGE('',*,*,#1772,.T.);
#2443=ORIENTED_EDGE('',*,*,#1737,.T.);
#2444=ORIENTED_EDGE('',*,*,#1773,.T.);
#2445=ORIENTED_EDGE('',*,*,#1772,.F.);
#2446=ORIENTED_EDGE('',*,*,#1714,.T.);
#2447=ORIENTED_EDGE('',*,*,#1774,.F.);
#2448=ORIENTED_EDGE('',*,*,#1738,.T.);
#2449=ORIENTED_EDGE('',*,*,#1713,.T.);
#2450=ORIENTED_EDGE('',*,*,#1775,.T.);
#2451=ORIENTED_EDGE('',*,*,#1739,.T.);
#2452=ORIENTED_EDGE('',*,*,#1774,.T.);
#2453=ORIENTED_EDGE('',*,*,#1711,.T.);
#2454=ORIENTED_EDGE('',*,*,#1776,.T.);
#2455=ORIENTED_EDGE('',*,*,#1741,.T.);
#2456=ORIENTED_EDGE('',*,*,#1777,.T.);
#2457=ORIENTED_EDGE('',*,*,#1776,.F.);
#2458=ORIENTED_EDGE('',*,*,#1710,.T.);
#2459=ORIENTED_EDGE('',*,*,#1725,.F.);
#2460=ORIENTED_EDGE('',*,*,#1742,.T.);
#2461=ORIENTED_EDGE('',*,*,#1758,.T.);
#2462=ORIENTED_EDGE('',*,*,#1778,.T.);
#2463=ORIENTED_EDGE('',*,*,#1698,.T.);
#2464=ORIENTED_EDGE('',*,*,#1779,.T.);
#2465=ORIENTED_EDGE('',*,*,#1778,.F.);
#2466=ORIENTED_EDGE('',*,*,#1757,.T.);
#2467=ORIENTED_EDGE('',*,*,#1780,.F.);
#2468=ORIENTED_EDGE('',*,*,#1699,.T.);
#2469=ORIENTED_EDGE('',*,*,#1756,.T.);
#2470=ORIENTED_EDGE('',*,*,#1781,.T.);
#2471=ORIENTED_EDGE('',*,*,#1700,.T.);
#2472=ORIENTED_EDGE('',*,*,#1780,.T.);
#2473=ORIENTED_EDGE('',*,*,#1781,.F.);
#2474=ORIENTED_EDGE('',*,*,#1755,.T.);
#2475=ORIENTED_EDGE('',*,*,#1782,.F.);
#2476=ORIENTED_EDGE('',*,*,#1701,.T.);
#2477=ORIENTED_EDGE('',*,*,#1594,.T.);
#2478=ORIENTED_EDGE('',*,*,#1754,.T.);
#2479=ORIENTED_EDGE('',*,*,#1783,.T.);
#2480=ORIENTED_EDGE('',*,*,#1702,.T.);
#2481=ORIENTED_EDGE('',*,*,#1782,.T.);
#2482=ORIENTED_EDGE('',*,*,#1783,.F.);
#2483=ORIENTED_EDGE('',*,*,#1753,.T.);
#2484=ORIENTED_EDGE('',*,*,#1784,.F.);
#2485=ORIENTED_EDGE('',*,*,#1703,.T.);
#2486=ORIENTED_EDGE('',*,*,#1752,.T.);
#2487=ORIENTED_EDGE('',*,*,#1785,.T.);
#2488=ORIENTED_EDGE('',*,*,#1704,.T.);
#2489=ORIENTED_EDGE('',*,*,#1784,.T.);
#2490=ORIENTED_EDGE('',*,*,#1785,.F.);
#2491=ORIENTED_EDGE('',*,*,#1751,.T.);
#2492=ORIENTED_EDGE('',*,*,#1786,.F.);
#2493=ORIENTED_EDGE('',*,*,#1705,.T.);
#2494=ORIENTED_EDGE('',*,*,#1760,.T.);
#2495=ORIENTED_EDGE('',*,*,#1787,.T.);
#2496=ORIENTED_EDGE('',*,*,#1696,.T.);
#2497=ORIENTED_EDGE('',*,*,#1788,.T.);
#2498=ORIENTED_EDGE('',*,*,#1779,.F.);
#2499=ORIENTED_EDGE('',*,*,#1697,.T.);
#2500=ORIENTED_EDGE('',*,*,#1787,.F.);
#2501=ORIENTED_EDGE('',*,*,#1759,.T.);
#2502=ORIENTED_EDGE('',*,*,#1750,.T.);
#2503=ORIENTED_EDGE('',*,*,#1789,.T.);
#2504=ORIENTED_EDGE('',*,*,#1706,.T.);
#2505=ORIENTED_EDGE('',*,*,#1786,.T.);
#2506=ORIENTED_EDGE('',*,*,#1789,.F.);
#2507=ORIENTED_EDGE('',*,*,#1749,.T.);
#2508=ORIENTED_EDGE('',*,*,#1790,.F.);
#2509=ORIENTED_EDGE('',*,*,#1707,.T.);
#2510=ORIENTED_EDGE('',*,*,#1649,.T.);
#2511=ORIENTED_EDGE('',*,*,#1628,.T.);
#2512=ORIENTED_EDGE('',*,*,#1687,.F.);
#2513=ORIENTED_EDGE('',*,*,#1767,.T.);
#2514=ORIENTED_EDGE('',*,*,#1791,.F.);
#2515=ORIENTED_EDGE('',*,*,#1682,.T.);
#2516=ORIENTED_EDGE('',*,*,#1605,.T.);
#2517=ORIENTED_EDGE('',*,*,#1602,.T.);
#2518=ORIENTED_EDGE('',*,*,#1788,.F.);
#2519=ORIENTED_EDGE('',*,*,#1695,.T.);
#2520=ORIENTED_EDGE('',*,*,#1693,.F.);
#2521=ORIENTED_EDGE('',*,*,#1761,.T.);
#2522=ORIENTED_EDGE('',*,*,#1638,.T.);
#2523=ORIENTED_EDGE('',*,*,#1708,.T.);
#2524=ORIENTED_EDGE('',*,*,#1790,.T.);
#2525=ORIENTED_EDGE('',*,*,#1748,.T.);
#2526=ORIENTED_EDGE('',*,*,#1726,.T.);
#2527=ORIENTED_EDGE('',*,*,#1641,.F.);
#2528=ORIENTED_EDGE('',*,*,#1665,.F.);
#2529=ORIENTED_EDGE('',*,*,#1599,.T.);
#2530=ORIENTED_EDGE('',*,*,#1678,.T.);
#2531=ORIENTED_EDGE('',*,*,#1762,.T.);
#2532=ORIENTED_EDGE('',*,*,#1691,.F.);
#2533=ORIENTED_EDGE('',*,*,#1625,.T.);
#2534=ORIENTED_EDGE('',*,*,#1766,.T.);
#2535=ORIENTED_EDGE('',*,*,#1792,.T.);
#2536=ORIENTED_EDGE('',*,*,#1683,.T.);
#2537=ORIENTED_EDGE('',*,*,#1791,.T.);
#2538=ORIENTED_EDGE('',*,*,#1792,.F.);
#2539=ORIENTED_EDGE('',*,*,#1765,.T.);
#2540=ORIENTED_EDGE('',*,*,#1793,.T.);
#2541=ORIENTED_EDGE('',*,*,#1684,.T.);
#2542=ORIENTED_EDGE('',*,*,#1744,.T.);
#2543=ORIENTED_EDGE('',*,*,#1794,.T.);
#2544=ORIENTED_EDGE('',*,*,#1673,.T.);
#2545=ORIENTED_EDGE('',*,*,#1795,.T.);
#2546=ORIENTED_EDGE('',*,*,#1660,.F.);
#2547=ORIENTED_EDGE('',*,*,#1614,.F.);
#2548=ORIENTED_EDGE('',*,*,#1611,.T.);
#2549=ORIENTED_EDGE('',*,*,#1674,.T.);
#2550=ORIENTED_EDGE('',*,*,#1794,.F.);
#2551=ORIENTED_EDGE('',*,*,#1743,.T.);
#2552=ORIENTED_EDGE('',*,*,#1723,.F.);
#2553=ORIENTED_EDGE('',*,*,#1639,.T.);
#2554=ORIENTED_EDGE('',*,*,#1677,.F.);
#2555=ORIENTED_EDGE('',*,*,#1747,.T.);
#2556=ORIENTED_EDGE('',*,*,#1796,.F.);
#2557=ORIENTED_EDGE('',*,*,#1670,.T.);
#2558=ORIENTED_EDGE('',*,*,#1775,.F.);
#2559=ORIENTED_EDGE('',*,*,#1712,.T.);
#2560=ORIENTED_EDGE('',*,*,#1777,.F.);
#2561=ORIENTED_EDGE('',*,*,#1740,.T.);
#2562=ORIENTED_EDGE('',*,*,#1795,.F.);
#2563=ORIENTED_EDGE('',*,*,#1672,.T.);
#2564=ORIENTED_EDGE('',*,*,#1797,.F.);
#2565=ORIENTED_EDGE('',*,*,#1745,.T.);
#2566=ORIENTED_EDGE('',*,*,#1671,.T.);
#2567=ORIENTED_EDGE('',*,*,#1796,.T.);
#2568=ORIENTED_EDGE('',*,*,#1746,.T.);
#2569=ORIENTED_EDGE('',*,*,#1797,.T.);
#2570=ORIENTED_EDGE('',*,*,#1680,.F.);
#2571=ORIENTED_EDGE('',*,*,#1686,.T.);
#2572=ORIENTED_EDGE('',*,*,#1798,.F.);
#2573=ORIENTED_EDGE('',*,*,#1763,.T.);
#2574=ORIENTED_EDGE('',*,*,#1685,.T.);
#2575=ORIENTED_EDGE('',*,*,#1793,.F.);
#2576=ORIENTED_EDGE('',*,*,#1764,.T.);
#2577=ORIENTED_EDGE('',*,*,#1798,.T.);
#2578=ORIENTED_EDGE('',*,*,#1728,.F.);
#2579=ORIENTED_EDGE('',*,*,#1720,.T.);
#2580=ORIENTED_EDGE('',*,*,#1769,.F.);
#2581=ORIENTED_EDGE('',*,*,#1732,.T.);
#2582=ORIENTED_EDGE('',*,*,#1771,.F.);
#2583=ORIENTED_EDGE('',*,*,#1716,.T.);
#2584=ORIENTED_EDGE('',*,*,#1773,.F.);
#2585=ORIENTED_EDGE('',*,*,#1736,.T.);
#2586=ORIENTED_EDGE('',*,*,#1593,.T.);
#2587=ORIENTED_EDGE('',*,*,#1799,.T.);
#2588=ORIENTED_EDGE('',*,*,#1800,.F.);
#2589=ORIENTED_EDGE('',*,*,#1801,.F.);
#2590=ORIENTED_EDGE('',*,*,#1799,.F.);
#2591=ORIENTED_EDGE('',*,*,#1801,.T.);
#2592=ORIENTED_EDGE('',*,*,#1802,.T.);
#2593=ORIENTED_EDGE('',*,*,#1803,.T.);
#2594=ORIENTED_EDGE('',*,*,#1804,.F.);
#2595=ORIENTED_EDGE('',*,*,#1802,.F.);
#2596=ORIENTED_EDGE('',*,*,#1803,.F.);
#2597=ORIENTED_EDGE('',*,*,#1805,.F.);
#2598=ORIENTED_EDGE('',*,*,#1806,.T.);
#2599=ORIENTED_EDGE('',*,*,#1804,.T.);
#2600=ORIENTED_EDGE('',*,*,#1806,.F.);
#2601=ORIENTED_EDGE('',*,*,#1800,.T.);
#2602=ORIENTED_EDGE('',*,*,#1805,.T.);
#2603=PLANE('',#2867);
#2604=PLANE('',#2868);
#2605=PLANE('',#2869);
#2606=PLANE('',#2870);
#2607=PLANE('',#2871);
#2608=PLANE('',#2872);
#2609=PLANE('',#2873);
#2610=PLANE('',#2874);
#2611=PLANE('',#2875);
#2612=PLANE('',#2876);
#2613=PLANE('',#2877);
#2614=PLANE('',#2881);
#2615=PLANE('',#2882);
#2616=PLANE('',#2883);
#2617=PLANE('',#2886);
#2618=PLANE('',#2890);
#2619=PLANE('',#2892);
#2620=PLANE('',#2893);
#2621=PLANE('',#2894);
#2622=PLANE('',#2895);
#2623=PLANE('',#2900);
#2624=PLANE('',#2906);
#2625=PLANE('',#2907);
#2626=PLANE('',#2908);
#2627=PLANE('',#2909);
#2628=PLANE('',#2910);
#2629=PLANE('',#2911);
#2630=PLANE('',#2912);
#2631=PLANE('',#2913);
#2632=PLANE('',#2914);
#2633=PLANE('',#2915);
#2634=PLANE('',#2916);
#2635=PLANE('',#2917);
#2636=PLANE('',#2918);
#2637=PLANE('',#2919);
#2638=PLANE('',#2920);
#2639=PLANE('',#2921);
#2640=PLANE('',#2922);
#2641=PLANE('',#2923);
#2642=PLANE('',#2931);
#2643=PLANE('',#2932);
#2644=PLANE('',#2933);
#2645=PLANE('',#2940);
#2646=PLANE('',#2941);
#2647=PLANE('',#2944);
#2648=PLANE('',#2948);
#2649=PLANE('',#2950);
#2650=PLANE('',#2953);
#2651=PLANE('',#2958);
#2652=PLANE('',#2961);
#2653=PLANE('',#2962);
#2654=PLANE('',#2963);
#2655=PLANE('',#2966);
#2656=PLANE('',#2969);
#2657=PLANE('',#2972);
#2658=PLANE('',#2973);
#2659=PLANE('',#2974);
#2660=PLANE('',#2979);
#2661=PLANE('',#2985);
#2662=PLANE('',#2986);
#2663=PLANE('',#2990);
#2664=PLANE('',#2993);
#2665=PLANE('',#2997);
#2666=PLANE('',#3000);
#2667=PLANE('',#3004);
#2668=PLANE('',#3012);
#2669=PLANE('',#3023);
#2670=PLANE('',#3032);
#2671=PLANE('',#3036);
#2672=PLANE('',#3037);
#2673=PLANE('',#3046);
#2674=PLANE('',#3055);
#2675=PLANE('',#3076);
#2676=PLANE('',#3077);
#2677=PLANE('',#3096);
#2678=PLANE('',#3099);
#2679=PLANE('',#3102);
#2680=PLANE('',#3104);
#2681=PLANE('',#3106);
#2682=PLANE('',#3108);
#2683=PLANE('',#3110);
#2684=PLANE('',#3112);
#2685=PLANE('',#3114);
#2686=PLANE('',#3116);
#2687=PLANE('',#3120);
#2688=PLANE('',#3123);
#2689=PLANE('',#3124);
#2690=PLANE('',#3125);
#2691=PLANE('',#3126);
#2692=PLANE('',#3127);
#2693=PLANE('',#3128);
#2694=PLANE('',#3129);
#2695=PLANE('',#3130);
#2696=PLANE('',#3132);
#2697=PLANE('',#3137);
#2698=PLANE('',#3143);
#2699=PLANE('',#3147);
#2700=ADVANCED_FACE('',(#286),#2603,.F.);
#2701=ADVANCED_FACE('',(#287),#2604,.F.);
#2702=ADVANCED_FACE('',(#288),#2605,.F.);
#2703=ADVANCED_FACE('',(#289),#2606,.F.);
#2704=ADVANCED_FACE('',(#290),#2607,.F.);
#2705=ADVANCED_FACE('',(#291),#2608,.F.);
#2706=ADVANCED_FACE('',(#292),#2609,.T.);
#2707=ADVANCED_FACE('',(#293),#2610,.T.);
#2708=ADVANCED_FACE('',(#294),#2611,.F.);
#2709=ADVANCED_FACE('',(#295),#2612,.F.);
#2710=ADVANCED_FACE('',(#296,#155,#156,#157),#2613,.F.);
#2711=ADVANCED_FACE('',(#297),#2614,.T.);
#2712=ADVANCED_FACE('',(#298),#2615,.T.);
#2713=ADVANCED_FACE('',(#299),#2616,.F.);
#2714=ADVANCED_FACE('',(#300,#158),#103,.F.);
#2715=ADVANCED_FACE('',(#301,#159),#2617,.F.);
#2716=ADVANCED_FACE('',(#302,#160),#104,.F.);
#2717=ADVANCED_FACE('',(#303,#161),#2618,.F.);
#2718=ADVANCED_FACE('',(#304),#2619,.F.);
#2719=ADVANCED_FACE('',(#305),#2620,.F.);
#2720=ADVANCED_FACE('',(#306),#2621,.T.);
#2721=ADVANCED_FACE('',(#307),#2622,.F.);
#2722=ADVANCED_FACE('',(#308,#162),#105,.F.);
#2723=ADVANCED_FACE('',(#309,#163),#106,.F.);
#2724=ADVANCED_FACE('',(#310,#164),#2623,.T.);
#2725=ADVANCED_FACE('',(#311,#165),#107,.F.);
#2726=ADVANCED_FACE('',(#312,#166),#108,.F.);
#2727=ADVANCED_FACE('',(#313),#2624,.F.);
#2728=ADVANCED_FACE('',(#314),#2625,.F.);
#2729=ADVANCED_FACE('',(#315,#167),#2626,.T.);
#2730=ADVANCED_FACE('',(#316),#2627,.F.);
#2731=ADVANCED_FACE('',(#317),#2628,.T.);
#2732=ADVANCED_FACE('',(#318),#2629,.F.);
#2733=ADVANCED_FACE('',(#319),#2630,.T.);
#2734=ADVANCED_FACE('',(#320),#2631,.F.);
#2735=ADVANCED_FACE('',(#321),#2632,.F.);
#2736=ADVANCED_FACE('',(#322,#168),#2633,.T.);
#2737=ADVANCED_FACE('',(#323),#2634,.F.);
#2738=ADVANCED_FACE('',(#324),#2635,.F.);
#2739=ADVANCED_FACE('',(#325),#2636,.F.);
#2740=ADVANCED_FACE('',(#326,#169),#2637,.T.);
#2741=ADVANCED_FACE('',(#327),#2638,.T.);
#2742=ADVANCED_FACE('',(#328),#2639,.T.);
#2743=ADVANCED_FACE('',(#329),#2640,.F.);
#2744=ADVANCED_FACE('',(#330),#2641,.T.);
#2745=ADVANCED_FACE('',(#331,#170),#109,.F.);
#2746=ADVANCED_FACE('',(#332,#171),#110,.F.);
#2747=ADVANCED_FACE('',(#333),#2642,.T.);
#2748=ADVANCED_FACE('',(#334),#2643,.F.);
#2749=ADVANCED_FACE('',(#335,#172),#2644,.T.);
#2750=ADVANCED_FACE('',(#336),#2645,.T.);
#2751=ADVANCED_FACE('',(#337),#2646,.F.);
#2752=ADVANCED_FACE('',(#338),#111,.F.);
#2753=ADVANCED_FACE('',(#339),#2647,.T.);
#2754=ADVANCED_FACE('',(#340),#112,.F.);
#2755=ADVANCED_FACE('',(#341),#113,.F.);
#2756=ADVANCED_FACE('',(#342),#2648,.T.);
#2757=ADVANCED_FACE('',(#343),#114,.F.);
#2758=ADVANCED_FACE('',(#344),#2649,.T.);
#2759=ADVANCED_FACE('',(#345),#115,.T.);
#2760=ADVANCED_FACE('',(#346),#2650,.T.);
#2761=ADVANCED_FACE('',(#347),#116,.T.);
#2762=ADVANCED_FACE('',(#348),#117,.T.);
#2763=ADVANCED_FACE('',(#349),#2651,.T.);
#2764=ADVANCED_FACE('',(#350),#118,.T.);
#2765=ADVANCED_FACE('',(#351),#2652,.T.);
#2766=ADVANCED_FACE('',(#352,#173),#2653,.T.);
#2767=ADVANCED_FACE('',(#353),#2654,.F.);
#2768=ADVANCED_FACE('',(#354,#174),#2655,.T.);
#2769=ADVANCED_FACE('',(#355),#119,.F.);
#2770=ADVANCED_FACE('',(#356),#2656,.T.);
#2771=ADVANCED_FACE('',(#357),#120,.T.);
#2772=ADVANCED_FACE('',(#358,#175),#2657,.T.);
#2773=ADVANCED_FACE('',(#359),#2658,.T.);
#2774=ADVANCED_FACE('',(#360),#2659,.T.);
#2775=ADVANCED_FACE('',(#361,#176),#121,.F.);
#2776=ADVANCED_FACE('',(#362),#2660,.T.);
#2777=ADVANCED_FACE('',(#363),#122,.F.);
#2778=ADVANCED_FACE('',(#364),#2661,.F.);
#2779=ADVANCED_FACE('',(#365),#2662,.F.);
#2780=ADVANCED_FACE('',(#366),#123,.F.);
#2781=ADVANCED_FACE('',(#367),#2663,.T.);
#2782=ADVANCED_FACE('',(#368),#2664,.F.);
#2783=ADVANCED_FACE('',(#369),#124,.F.);
#2784=ADVANCED_FACE('',(#370),#2665,.T.);
#2785=ADVANCED_FACE('',(#371),#2666,.F.);
#2786=ADVANCED_FACE('',(#372),#125,.F.);
#2787=ADVANCED_FACE('',(#373),#2667,.T.);
#2788=ADVANCED_FACE('',(#374),#39,.T.);
#2789=ADVANCED_FACE('',(#375),#2668,.T.);
#2790=ADVANCED_FACE('',(#376),#126,.T.);
#2791=ADVANCED_FACE('',(#377),#40,.T.);
#2792=ADVANCED_FACE('',(#378),#2669,.T.);
#2793=ADVANCED_FACE('',(#379),#127,.T.);
#2794=ADVANCED_FACE('',(#380),#41,.F.);
#2795=ADVANCED_FACE('',(#381),#2670,.F.);
#2796=ADVANCED_FACE('',(#382),#42,.F.);
#2797=ADVANCED_FACE('',(#383),#2671,.F.);
#2798=ADVANCED_FACE('',(#384),#2672,.T.);
#2799=ADVANCED_FACE('',(#385),#128,.T.);
#2800=ADVANCED_FACE('',(#386),#129,.T.);
#2801=ADVANCED_FACE('',(#387),#2673,.T.);
#2802=ADVANCED_FACE('',(#388),#130,.F.);
#2803=ADVANCED_FACE('',(#389),#131,.T.);
#2804=ADVANCED_FACE('',(#390),#2674,.T.);
#2805=ADVANCED_FACE('',(#391),#132,.F.);
#2806=ADVANCED_FACE('',(#392),#133,.F.);
#2807=ADVANCED_FACE('',(#393),#134,.T.);
#2808=ADVANCED_FACE('',(#394),#2675,.T.);
#2809=ADVANCED_FACE('',(#395),#2676,.F.);
#2810=ADVANCED_FACE('',(#396),#135,.T.);
#2811=ADVANCED_FACE('',(#397),#2677,.T.);
#2812=ADVANCED_FACE('',(#398),#136,.T.);
#2813=ADVANCED_FACE('',(#399),#137,.T.);
#2814=ADVANCED_FACE('',(#400),#2678,.T.);
#2815=ADVANCED_FACE('',(#401),#138,.T.);
#2816=ADVANCED_FACE('',(#402),#139,.T.);
#2817=ADVANCED_FACE('',(#403),#2679,.T.);
#2818=ADVANCED_FACE('',(#404),#140,.F.);
#2819=ADVANCED_FACE('',(#405),#2680,.T.);
#2820=ADVANCED_FACE('',(#406),#141,.F.);
#2821=ADVANCED_FACE('',(#407,#177),#2681,.T.);
#2822=ADVANCED_FACE('',(#408),#142,.F.);
#2823=ADVANCED_FACE('',(#409),#2682,.T.);
#2824=ADVANCED_FACE('',(#410),#143,.F.);
#2825=ADVANCED_FACE('',(#411),#2683,.T.);
#2826=ADVANCED_FACE('',(#412),#144,.F.);
#2827=ADVANCED_FACE('',(#413),#2684,.T.);
#2828=ADVANCED_FACE('',(#414),#145,.F.);
#2829=ADVANCED_FACE('',(#415),#2685,.T.);
#2830=ADVANCED_FACE('',(#416),#146,.T.);
#2831=ADVANCED_FACE('',(#417),#2686,.T.);
#2832=ADVANCED_FACE('',(#418),#147,.T.);
#2833=ADVANCED_FACE('',(#419),#148,.F.);
#2834=ADVANCED_FACE('',(#420),#149,.F.);
#2835=ADVANCED_FACE('',(#421),#2687,.T.);
#2836=ADVANCED_FACE('',(#422),#150,.F.);
#2837=ADVANCED_FACE('',(#423),#151,.T.);
#2838=ADVANCED_FACE('',(#424),#2688,.T.);
#2839=ADVANCED_FACE('',(#425),#2689,.T.);
#2840=ADVANCED_FACE('',(#426),#2690,.T.);
#2841=ADVANCED_FACE('',(#427),#2691,.T.);
#2842=ADVANCED_FACE('',(#428),#2692,.T.);
#2843=ADVANCED_FACE('',(#429),#2693,.T.);
#2844=ADVANCED_FACE('',(#430),#2694,.T.);
#2845=ADVANCED_FACE('',(#431,#178),#2695,.T.);
#2846=ADVANCED_FACE('',(#432,#179),#2696,.T.);
#2847=ADVANCED_FACE('',(#433,#180),#152,.T.);
#2848=ADVANCED_FACE('',(#434),#2697,.F.);
#2849=ADVANCED_FACE('',(#435,#181),#43,.T.);
#2850=ADVANCED_FACE('',(#436,#182),#153,.T.);
#2851=ADVANCED_FACE('',(#437,#183),#2698,.T.);
#2852=ADVANCED_FACE('',(#438,#184),#44,.T.);
#2853=ADVANCED_FACE('',(#439),#2699,.F.);
#2854=ADVANCED_FACE('',(#440,#185),#154,.T.);
#2855=CLOSED_SHELL('',(#2700,#2701,#2702,#2703,#2704,#2705,#2706,#2707,
#2708,#2709,#2710,#2711,#2712,#2713,#2714,#2715,#2716,#2717,#2718,#2719,
#2720,#2721,#2722,#2723,#2724,#2725,#2726,#2727,#2728,#2729,#2730,#2731,
#2732,#2733,#2734,#2735,#2736,#2737,#2738,#2739,#2740,#2741,#2742,#2743,
#2744));
#2856=CLOSED_SHELL('',(#2745,#2746,#2747,#2748,#2749,#2750,#2751,#2752,
#2753,#2754,#2755,#2756,#2757,#2758,#2759,#2760,#2761,#2762,#2763,#2764,
#2765,#2766,#2767,#2768,#2769,#2770,#2771,#2772,#2773,#2774));
#2857=CLOSED_SHELL('',(#2775,#2776,#2777,#2778,#2779,#2780,#2781,#2782,
#2783,#2784,#2785,#2786,#2787,#2788,#2789,#2790,#2791,#2792,#2793,#2794,
#2795,#2796,#2797,#2798,#2799,#2800,#2801,#2802,#2803,#2804,#2805,#2806,
#2807,#2808,#2809,#2810,#2811,#2812,#2813,#2814,#2815,#2816,#2817,#2818,
#2819,#2820,#2821,#2822,#2823,#2824,#2825,#2826,#2827,#2828,#2829,#2830,
#2831,#2832,#2833,#2834,#2835,#2836,#2837,#2838,#2839,#2840,#2841,#2842,
#2843,#2844,#2845));
#2858=CLOSED_SHELL('',(#2846,#2847,#2848,#2849,#2850,#2851,#2852,#2853,
#2854));
#2859=DATE_TIME_ROLE('creation_date');
#2860=APPLIED_DATE_AND_TIME_ASSIGNMENT(#2861,#2859,(#5060));
#2861=DATE_AND_TIME(#2862,#2863);
#2862=CALENDAR_DATE(2011,23,12);
#2863=LOCAL_TIME(11,40,8.,#2864);
#2864=COORDINATED_UNIVERSAL_TIME_OFFSET(0,0,.BEHIND.);
#2865=AXIS2_PLACEMENT_3D('placement',#3994,#3156,#3157);
#2866=AXIS2_PLACEMENT_3D('placement',#3995,#3158,#3159);
#2867=AXIS2_PLACEMENT_3D('',#3996,#3160,#3161);
#2868=AXIS2_PLACEMENT_3D('',#4013,#3170,#3171);
#2869=AXIS2_PLACEMENT_3D('',#4030,#3180,#3181);
#2870=AXIS2_PLACEMENT_3D('',#4047,#3190,#3191);
#2871=AXIS2_PLACEMENT_3D('',#4064,#3200,#3201);
#2872=AXIS2_PLACEMENT_3D('',#4070,#3205,#3206);
#2873=AXIS2_PLACEMENT_3D('',#4074,#3209,#3210);
#2874=AXIS2_PLACEMENT_3D('',#4083,#3216,#3217);
#2875=AXIS2_PLACEMENT_3D('',#4085,#3219,#3220);
#2876=AXIS2_PLACEMENT_3D('',#4091,#3224,#3225);
#2877=AXIS2_PLACEMENT_3D('',#4095,#3228,#3229);
#2878=AXIS2_PLACEMENT_3D('',#4107,#3236,#3237);
#2879=AXIS2_PLACEMENT_3D('',#4109,#3238,#3239);
#2880=AXIS2_PLACEMENT_3D('',#4111,#3240,#3241);
#2881=AXIS2_PLACEMENT_3D('',#4112,#3242,#3243);
#2882=AXIS2_PLACEMENT_3D('',#4119,#3248,#3249);
#2883=AXIS2_PLACEMENT_3D('',#4121,#3251,#3252);
#2884=AXIS2_PLACEMENT_3D('',#4123,#3254,#3255);
#2885=AXIS2_PLACEMENT_3D('',#4125,#3256,#3257);
#2886=AXIS2_PLACEMENT_3D('',#4126,#3258,#3259);
#2887=AXIS2_PLACEMENT_3D('',#4128,#3260,#3261);
#2888=AXIS2_PLACEMENT_3D('',#4129,#3262,#3263);
#2889=AXIS2_PLACEMENT_3D('',#4131,#3264,#3265);
#2890=AXIS2_PLACEMENT_3D('',#4132,#3266,#3267);
#2891=AXIS2_PLACEMENT_3D('',#4134,#3268,#3269);
#2892=AXIS2_PLACEMENT_3D('',#4135,#3270,#3271);
#2893=AXIS2_PLACEMENT_3D('',#4142,#3276,#3277);
#2894=AXIS2_PLACEMENT_3D('',#4146,#3280,#3281);
#2895=AXIS2_PLACEMENT_3D('',#4150,#3284,#3285);
#2896=AXIS2_PLACEMENT_3D('',#4154,#3288,#3289);
#2897=AXIS2_PLACEMENT_3D('',#4156,#3290,#3291);
#2898=AXIS2_PLACEMENT_3D('',#4157,#3292,#3293);
#2899=AXIS2_PLACEMENT_3D('',#4159,#3294,#3295);
#2900=AXIS2_PLACEMENT_3D('',#4160,#3296,#3297);
#2901=AXIS2_PLACEMENT_3D('',#4162,#3298,#3299);
#2902=AXIS2_PLACEMENT_3D('',#4164,#3300,#3301);
#2903=AXIS2_PLACEMENT_3D('',#4165,#3302,#3303);
#2904=AXIS2_PLACEMENT_3D('',#4167,#3304,#3305);
#2905=AXIS2_PLACEMENT_3D('',#4168,#3306,#3307);
#2906=AXIS2_PLACEMENT_3D('',#4169,#3308,#3309);
#2907=AXIS2_PLACEMENT_3D('',#4171,#3311,#3312);
#2908=AXIS2_PLACEMENT_3D('',#4175,#3315,#3316);
#2909=AXIS2_PLACEMENT_3D('',#4177,#3318,#3319);
#2910=AXIS2_PLACEMENT_3D('',#4180,#3322,#3323);
#2911=AXIS2_PLACEMENT_3D('',#4182,#3325,#3326);
#2912=AXIS2_PLACEMENT_3D('',#4186,#3329,#3330);
#2913=AXIS2_PLACEMENT_3D('',#4187,#3331,#3332);
#2914=AXIS2_PLACEMENT_3D('',#4191,#3335,#3336);
#2915=AXIS2_PLACEMENT_3D('',#4195,#3339,#3340);
#2916=AXIS2_PLACEMENT_3D('',#4199,#3343,#3344);
#2917=AXIS2_PLACEMENT_3D('',#4203,#3347,#3348);
#2918=AXIS2_PLACEMENT_3D('',#4207,#3351,#3352);
#2919=AXIS2_PLACEMENT_3D('',#4211,#3355,#3356);
#2920=AXIS2_PLACEMENT_3D('',#4213,#3358,#3359);
#2921=AXIS2_PLACEMENT_3D('',#4214,#3360,#3361);
#2922=AXIS2_PLACEMENT_3D('',#4216,#3363,#3364);
#2923=AXIS2_PLACEMENT_3D('',#4218,#3366,#3367);
#2924=AXIS2_PLACEMENT_3D('placement',#4219,#3368,#3369);
#2925=AXIS2_PLACEMENT_3D('',#4220,#3370,#3371);
#2926=AXIS2_PLACEMENT_3D('',#4222,#3372,#3373);
#2927=AXIS2_PLACEMENT_3D('',#4224,#3374,#3375);
#2928=AXIS2_PLACEMENT_3D('',#4225,#3376,#3377);
#2929=AXIS2_PLACEMENT_3D('',#4227,#3378,#3379);
#2930=AXIS2_PLACEMENT_3D('',#4229,#3380,#3381);
#2931=AXIS2_PLACEMENT_3D('',#4230,#3382,#3383);
#2932=AXIS2_PLACEMENT_3D('',#4239,#3388,#3389);
#2933=AXIS2_PLACEMENT_3D('',#4245,#3393,#3394);
#2934=AXIS2_PLACEMENT_3D('',#4253,#3398,#3399);
#2935=AXIS2_PLACEMENT_3D('',#4257,#3401,#3402);
#2936=AXIS2_PLACEMENT_3D('',#4261,#3404,#3405);
#2937=AXIS2_PLACEMENT_3D('',#4269,#3409,#3410);
#2938=AXIS2_PLACEMENT_3D('',#4273,#3412,#3413);
#2939=AXIS2_PLACEMENT_3D('',#4276,#3415,#3416);
#2940=AXIS2_PLACEMENT_3D('',#4277,#3417,#3418);
#2941=AXIS2_PLACEMENT_3D('',#4283,#3422,#3423);
#2942=AXIS2_PLACEMENT_3D('',#4287,#3426,#3427);
#2943=AXIS2_PLACEMENT_3D('',#4290,#3429,#3430);
#2944=AXIS2_PLACEMENT_3D('',#4291,#3431,#3432);
#2945=AXIS2_PLACEMENT_3D('',#4295,#3435,#3436);
#2946=AXIS2_PLACEMENT_3D('',#4297,#3437,#3438);
#2947=AXIS2_PLACEMENT_3D('',#4299,#3440,#3441);
#2948=AXIS2_PLACEMENT_3D('',#4325,#3444,#3445);
#2949=AXIS2_PLACEMENT_3D('',#4329,#3448,#3449);
#2950=AXIS2_PLACEMENT_3D('',#4355,#3452,#3453);
#2951=AXIS2_PLACEMENT_3D('',#4359,#3456,#3457);
#2952=AXIS2_PLACEMENT_3D('',#4362,#3458,#3459);
#2953=AXIS2_PLACEMENT_3D('',#4365,#3462,#3463);
#2954=AXIS2_PLACEMENT_3D('',#4369,#3466,#3467);
#2955=AXIS2_PLACEMENT_3D('',#4370,#3468,#3469);
#2956=AXIS2_PLACEMENT_3D('',#4371,#3470,#3471);
#2957=AXIS2_PLACEMENT_3D('',#4373,#3472,#3473);
#2958=AXIS2_PLACEMENT_3D('',#4375,#3475,#3476);
#2959=AXIS2_PLACEMENT_3D('',#4379,#3479,#3480);
#2960=AXIS2_PLACEMENT_3D('',#4380,#3481,#3482);
#2961=AXIS2_PLACEMENT_3D('',#4381,#3483,#3484);
#2962=AXIS2_PLACEMENT_3D('',#4383,#3486,#3487);
#2963=AXIS2_PLACEMENT_3D('',#4386,#3490,#3491);
#2964=AXIS2_PLACEMENT_3D('',#4388,#3492,#3493);
#2965=AXIS2_PLACEMENT_3D('',#4395,#3497,#3498);
#2966=AXIS2_PLACEMENT_3D('',#4396,#3499,#3500);
#2967=AXIS2_PLACEMENT_3D('',#4402,#3504,#3505);
#2968=AXIS2_PLACEMENT_3D('',#4403,#3506,#3507);
#2969=AXIS2_PLACEMENT_3D('',#4404,#3508,#3509);
#2970=AXIS2_PLACEMENT_3D('',#4405,#3510,#3511);
#2971=AXIS2_PLACEMENT_3D('',#4407,#3512,#3513);
#2972=AXIS2_PLACEMENT_3D('',#4409,#3515,#3516);
#2973=AXIS2_PLACEMENT_3D('',#4413,#3519,#3520);
#2974=AXIS2_PLACEMENT_3D('',#4415,#3522,#3523);
#2975=AXIS2_PLACEMENT_3D('placement',#4416,#3524,#3525);
#2976=AXIS2_PLACEMENT_3D('',#4417,#3526,#3527);
#2977=AXIS2_PLACEMENT_3D('',#4419,#3528,#3529);
#2978=AXIS2_PLACEMENT_3D('',#4421,#3530,#3531);
#2979=AXIS2_PLACEMENT_3D('',#4422,#3532,#3533);
#2980=AXIS2_PLACEMENT_3D('',#4427,#3535,#3536);
#2981=AXIS2_PLACEMENT_3D('',#4430,#3538,#3539);
#2982=AXIS2_PLACEMENT_3D('',#4431,#3540,#3541);
#2983=AXIS2_PLACEMENT_3D('',#4452,#3542,#3543);
#2984=AXIS2_PLACEMENT_3D('',#4454,#3544,#3545);
#2985=AXIS2_PLACEMENT_3D('',#4482,#3547,#3548);
#2986=AXIS2_PLACEMENT_3D('',#4488,#3552,#3553);
#2987=AXIS2_PLACEMENT_3D('',#4497,#3558,#3559);
#2988=AXIS2_PLACEMENT_3D('',#4544,#3560,#3561);
#2989=AXIS2_PLACEMENT_3D('',#4547,#3563,#3564);
#2990=AXIS2_PLACEMENT_3D('',#4548,#3565,#3566);
#2991=AXIS2_PLACEMENT_3D('',#4550,#3567,#3568);
#2992=AXIS2_PLACEMENT_3D('',#4553,#3570,#3571);
#2993=AXIS2_PLACEMENT_3D('',#4554,#3572,#3573);
#2994=AXIS2_PLACEMENT_3D('',#4563,#3578,#3579);
#2995=AXIS2_PLACEMENT_3D('',#4611,#3580,#3581);
#2996=AXIS2_PLACEMENT_3D('',#4614,#3583,#3584);
#2997=AXIS2_PLACEMENT_3D('',#4615,#3585,#3586);
#2998=AXIS2_PLACEMENT_3D('',#4617,#3587,#3588);
#2999=AXIS2_PLACEMENT_3D('',#4620,#3590,#3591);
#3000=AXIS2_PLACEMENT_3D('',#4621,#3592,#3593);
#3001=AXIS2_PLACEMENT_3D('',#4630,#3598,#3599);
#3002=AXIS2_PLACEMENT_3D('',#4678,#3600,#3601);
#3003=AXIS2_PLACEMENT_3D('',#4681,#3603,#3604);
#3004=AXIS2_PLACEMENT_3D('',#4682,#3605,#3606);
#3005=AXIS2_PLACEMENT_3D('',#4684,#3607,#3608);
#3006=AXIS2_PLACEMENT_3D('',#4687,#3610,#3611);
#3007=AXIS2_PLACEMENT_3D('',#4688,#3612,#3613);
#3008=AXIS2_PLACEMENT_3D('',#4689,#3614,#3615);
#3009=AXIS2_PLACEMENT_3D('',#4691,#3616,#3617);
#3010=AXIS2_PLACEMENT_3D('',#4693,#3618,#3619);
#3011=AXIS2_PLACEMENT_3D('',#4694,#3620,#3621);
#3012=AXIS2_PLACEMENT_3D('',#4695,#3622,#3623);
#3013=AXIS2_PLACEMENT_3D('',#4696,#3624,#3625);
#3014=AXIS2_PLACEMENT_3D('',#4697,#3626,#3627);
#3015=AXIS2_PLACEMENT_3D('',#4699,#3628,#3629);
#3016=AXIS2_PLACEMENT_3D('',#4701,#3630,#3631);
#3017=AXIS2_PLACEMENT_3D('',#4702,#3632,#3633);
#3018=AXIS2_PLACEMENT_3D('',#4703,#3634,#3635);
#3019=AXIS2_PLACEMENT_3D('',#4705,#3636,#3637);
#3020=AXIS2_PLACEMENT_3D('',#4707,#3638,#3639);
#3021=AXIS2_PLACEMENT_3D('',#4708,#3640,#3641);
#3022=AXIS2_PLACEMENT_3D('',#4709,#3642,#3643);
#3023=AXIS2_PLACEMENT_3D('',#4710,#3644,#3645);
#3024=AXIS2_PLACEMENT_3D('',#4711,#3646,#3647);
#3025=AXIS2_PLACEMENT_3D('',#4712,#3648,#3649);
#3026=AXIS2_PLACEMENT_3D('',#4714,#3650,#3651);
#3027=AXIS2_PLACEMENT_3D('',#4716,#3652,#3653);
#3028=AXIS2_PLACEMENT_3D('',#4717,#3654,#3655);
#3029=AXIS2_PLACEMENT_3D('',#4718,#3656,#3657);
#3030=AXIS2_PLACEMENT_3D('',#4719,#3658,#3659);
#3031=AXIS2_PLACEMENT_3D('',#4720,#3660,#3661);
#3032=AXIS2_PLACEMENT_3D('',#4721,#3662,#3663);
#3033=AXIS2_PLACEMENT_3D('',#4722,#3664,#3665);
#3034=AXIS2_PLACEMENT_3D('',#4723,#3666,#3667);
#3035=AXIS2_PLACEMENT_3D('',#4724,#3668,#3669);
#3036=AXIS2_PLACEMENT_3D('',#4725,#3670,#3671);
#3037=AXIS2_PLACEMENT_3D('',#4726,#3672,#3673);
#3038=AXIS2_PLACEMENT_3D('',#4728,#3674,#3675);
#3039=AXIS2_PLACEMENT_3D('',#4736,#3679,#3680);
#3040=AXIS2_PLACEMENT_3D('',#4737,#3681,#3682);
#3041=AXIS2_PLACEMENT_3D('',#4738,#3683,#3684);
#3042=AXIS2_PLACEMENT_3D('',#4742,#3686,#3687);
#3043=AXIS2_PLACEMENT_3D('',#4744,#3689,#3690);
#3044=AXIS2_PLACEMENT_3D('',#4748,#3692,#3693);
#3045=AXIS2_PLACEMENT_3D('',#4751,#3695,#3696);
#3046=AXIS2_PLACEMENT_3D('',#4752,#3697,#3698);
#3047=AXIS2_PLACEMENT_3D('',#4754,#3699,#3700);
#3048=AXIS2_PLACEMENT_3D('',#4756,#3701,#3702);
#3049=AXIS2_PLACEMENT_3D('',#4762,#3706,#3707);
#3050=AXIS2_PLACEMENT_3D('',#4766,#3709,#3710);
#3051=AXIS2_PLACEMENT_3D('',#4769,#3712,#3713);
#3052=AXIS2_PLACEMENT_3D('',#4770,#3714,#3715);
#3053=AXIS2_PLACEMENT_3D('',#4774,#3717,#3718);
#3054=AXIS2_PLACEMENT_3D('',#4777,#3720,#3721);
#3055=AXIS2_PLACEMENT_3D('',#4778,#3722,#3723);
#3056=AXIS2_PLACEMENT_3D('',#4782,#3725,#3726);
#3057=AXIS2_PLACEMENT_3D('',#4786,#3728,#3729);
#3058=AXIS2_PLACEMENT_3D('',#4790,#3731,#3732);
#3059=AXIS2_PLACEMENT_3D('',#4794,#3734,#3735);
#3060=AXIS2_PLACEMENT_3D('',#4798,#3737,#3738);
#3061=AXIS2_PLACEMENT_3D('',#4802,#3740,#3741);
#3062=AXIS2_PLACEMENT_3D('',#4805,#3743,#3744);
#3063=AXIS2_PLACEMENT_3D('',#4807,#3745,#3746);
#3064=AXIS2_PLACEMENT_3D('',#4811,#3748,#3749);
#3065=AXIS2_PLACEMENT_3D('',#4815,#3751,#3752);
#3066=AXIS2_PLACEMENT_3D('',#4819,#3754,#3755);
#3067=AXIS2_PLACEMENT_3D('',#4823,#3757,#3758);
#3068=AXIS2_PLACEMENT_3D('',#4827,#3760,#3761);
#3069=AXIS2_PLACEMENT_3D('',#4831,#3763,#3764);
#3070=AXIS2_PLACEMENT_3D('',#4833,#3766,#3767);
#3071=AXIS2_PLACEMENT_3D('',#4837,#3769,#3770);
#3072=AXIS2_PLACEMENT_3D('',#4839,#3772,#3773);
#3073=AXIS2_PLACEMENT_3D('',#4842,#3775,#3776);
#3074=AXIS2_PLACEMENT_3D('',#4843,#3777,#3778);
#3075=AXIS2_PLACEMENT_3D('',#4847,#3780,#3781);
#3076=AXIS2_PLACEMENT_3D('',#4849,#3783,#3784);
#3077=AXIS2_PLACEMENT_3D('',#4851,#3786,#3787);
#3078=AXIS2_PLACEMENT_3D('',#4855,#3789,#3790);
#3079=AXIS2_PLACEMENT_3D('',#4859,#3792,#3793);
#3080=AXIS2_PLACEMENT_3D('',#4863,#3795,#3796);
#3081=AXIS2_PLACEMENT_3D('',#4867,#3798,#3799);
#3082=AXIS2_PLACEMENT_3D('',#4871,#3801,#3802);
#3083=AXIS2_PLACEMENT_3D('',#4874,#3804,#3805);
#3084=AXIS2_PLACEMENT_3D('',#4876,#3806,#3807);
#3085=AXIS2_PLACEMENT_3D('',#4883,#3811,#3812);
#3086=AXIS2_PLACEMENT_3D('',#4887,#3814,#3815);
#3087=AXIS2_PLACEMENT_3D('',#4891,#3817,#3818);
#3088=AXIS2_PLACEMENT_3D('',#4895,#3820,#3821);
#3089=AXIS2_PLACEMENT_3D('',#4899,#3823,#3824);
#3090=AXIS2_PLACEMENT_3D('',#4903,#3826,#3827);
#3091=AXIS2_PLACEMENT_3D('',#4907,#3829,#3830);
#3092=AXIS2_PLACEMENT_3D('',#4909,#3832,#3833);
#3093=AXIS2_PLACEMENT_3D('',#4917,#3837,#3838);
#3094=AXIS2_PLACEMENT_3D('',#4918,#3839,#3840);
#3095=AXIS2_PLACEMENT_3D('',#4919,#3841,#3842);
#3096=AXIS2_PLACEMENT_3D('',#4922,#3845,#3846);
#3097=AXIS2_PLACEMENT_3D('',#4924,#3848,#3849);
#3098=AXIS2_PLACEMENT_3D('',#4926,#3851,#3852);
#3099=AXIS2_PLACEMENT_3D('',#4929,#3855,#3856);
#3100=AXIS2_PLACEMENT_3D('',#4931,#3858,#3859);
#3101=AXIS2_PLACEMENT_3D('',#4933,#3861,#3862);
#3102=AXIS2_PLACEMENT_3D('',#4936,#3865,#3866);
#3103=AXIS2_PLACEMENT_3D('',#4937,#3867,#3868);
#3104=AXIS2_PLACEMENT_3D('',#4940,#3871,#3872);
#3105=AXIS2_PLACEMENT_3D('',#4942,#3874,#3875);
#3106=AXIS2_PLACEMENT_3D('',#4944,#3877,#3878);
#3107=AXIS2_PLACEMENT_3D('',#4946,#3880,#3881);
#3108=AXIS2_PLACEMENT_3D('',#4948,#3883,#3884);
#3109=AXIS2_PLACEMENT_3D('',#4950,#3886,#3887);
#3110=AXIS2_PLACEMENT_3D('',#4952,#3889,#3890);
#3111=AXIS2_PLACEMENT_3D('',#4954,#3892,#3893);
#3112=AXIS2_PLACEMENT_3D('',#4957,#3896,#3897);
#3113=AXIS2_PLACEMENT_3D('',#4958,#3898,#3899);
#3114=AXIS2_PLACEMENT_3D('',#4960,#3901,#3902);
#3115=AXIS2_PLACEMENT_3D('',#4962,#3904,#3905);
#3116=AXIS2_PLACEMENT_3D('',#4964,#3907,#3908);
#3117=AXIS2_PLACEMENT_3D('',#4965,#3909,#3910);
#3118=AXIS2_PLACEMENT_3D('',#4966,#3911,#3912);
#3119=AXIS2_PLACEMENT_3D('',#4967,#3913,#3914);
#3120=AXIS2_PLACEMENT_3D('',#4969,#3916,#3917);
#3121=AXIS2_PLACEMENT_3D('',#4971,#3919,#3920);
#3122=AXIS2_PLACEMENT_3D('',#4974,#3923,#3924);
#3123=AXIS2_PLACEMENT_3D('',#4975,#3925,#3926);
#3124=AXIS2_PLACEMENT_3D('',#4977,#3928,#3929);
#3125=AXIS2_PLACEMENT_3D('',#4978,#3930,#3931);
#3126=AXIS2_PLACEMENT_3D('',#4980,#3933,#3934);
#3127=AXIS2_PLACEMENT_3D('',#4981,#3935,#3936);
#3128=AXIS2_PLACEMENT_3D('',#4983,#3938,#3939);
#3129=AXIS2_PLACEMENT_3D('',#4984,#3940,#3941);
#3130=AXIS2_PLACEMENT_3D('',#4985,#3942,#3943);
#3131=AXIS2_PLACEMENT_3D('placement',#4986,#3944,#3945);
#3132=AXIS2_PLACEMENT_3D('',#4987,#3946,#3947);
#3133=AXIS2_PLACEMENT_3D('',#4989,#3948,#3949);
#3134=AXIS2_PLACEMENT_3D('',#4991,#3950,#3951);
#3135=AXIS2_PLACEMENT_3D('',#4992,#3952,#3953);
#3136=AXIS2_PLACEMENT_3D('',#4994,#3954,#3955);
#3137=AXIS2_PLACEMENT_3D('',#4995,#3956,#3957);
#3138=AXIS2_PLACEMENT_3D('',#4996,#3958,#3959);
#3139=AXIS2_PLACEMENT_3D('',#4998,#3960,#3961);
#3140=AXIS2_PLACEMENT_3D('',#5000,#3962,#3963);
#3141=AXIS2_PLACEMENT_3D('',#5001,#3964,#3965);
#3142=AXIS2_PLACEMENT_3D('',#5003,#3966,#3967);
#3143=AXIS2_PLACEMENT_3D('',#5004,#3968,#3969);
#3144=AXIS2_PLACEMENT_3D('',#5006,#3970,#3971);
#3145=AXIS2_PLACEMENT_3D('',#5007,#3972,#3973);
#3146=AXIS2_PLACEMENT_3D('',#5009,#3974,#3975);
#3147=AXIS2_PLACEMENT_3D('',#5010,#3976,#3977);
#3148=AXIS2_PLACEMENT_3D('',#5011,#3978,#3979);
#3149=AXIS2_PLACEMENT_3D('',#5012,#3980,#3981);
#3150=AXIS2_PLACEMENT_3D('',#5013,#3982,#3983);
#3151=AXIS2_PLACEMENT_3D('',#5014,#3984,#3985);
#3152=AXIS2_PLACEMENT_3D('',#5015,#3986,#3987);
#3153=AXIS2_PLACEMENT_3D('',#5016,#3988,#3989);
#3154=AXIS2_PLACEMENT_3D('',#5017,#3990,#3991);
#3155=AXIS2_PLACEMENT_3D('',#5018,#3992,#3993);
#3156=DIRECTION('axis',(0.,0.,1.));
#3157=DIRECTION('refdir',(1.,0.,0.));
#3158=DIRECTION('axis',(0.,0.,1.));
#3159=DIRECTION('refdir',(1.,0.,0.));
#3160=DIRECTION('center_axis',(0.,-1.,-1.90442698472334E-16));
#3161=DIRECTION('ref_axis',(0.,1.77635683940025E-16,-1.));
#3162=DIRECTION('',(0.,-1.90442698472334E-16,1.));
#3163=DIRECTION('',(1.,0.,0.));
#3164=DIRECTION('',(0.,1.90442698472334E-16,-1.));
#3165=DIRECTION('',(-1.,0.,0.));
#3166=DIRECTION('',(0.,1.90442698472334E-16,-1.));
#3167=DIRECTION('',(1.,0.,0.));
#3168=DIRECTION('',(0.,1.90442698472334E-16,-1.));
#3169=DIRECTION('',(-1.,0.,0.));
#3170=DIRECTION('center_axis',(0.,0.,1.));
#3171=DIRECTION('ref_axis',(0.,-1.,0.));
#3172=DIRECTION('',(0.,-1.,0.));
#3173=DIRECTION('',(-1.,0.,0.));
#3174=DIRECTION('',(0.,1.,0.));
#3175=DIRECTION('',(-1.,0.,0.));
#3176=DIRECTION('',(0.,-1.,0.));
#3177=DIRECTION('',(-1.,0.,0.));
#3178=DIRECTION('',(0.,1.,0.));
#3179=DIRECTION('',(1.,0.,0.));
#3180=DIRECTION('center_axis',(0.,-1.,-1.90442698472334E-16));
#3181=DIRECTION('ref_axis',(0.,1.77635683940025E-16,-1.));
#3182=DIRECTION('',(0.,1.90442698472334E-16,-1.));
#3183=DIRECTION('',(-1.,0.,0.));
#3184=DIRECTION('',(0.,-1.90442698472334E-16,1.));
#3185=DIRECTION('',(1.,0.,0.));
#3186=DIRECTION('',(0.,-1.90442698472334E-16,1.));
#3187=DIRECTION('',(-1.,0.,0.));
#3188=DIRECTION('',(0.,-1.90442698472334E-16,1.));
#3189=DIRECTION('',(1.,0.,0.));
#3190=DIRECTION('center_axis',(0.,0.,-1.));
#3191=DIRECTION('ref_axis',(0.,1.,0.));
#3192=DIRECTION('',(0.,-1.,0.));
#3193=DIRECTION('',(1.,0.,0.));
#3194=DIRECTION('',(0.,1.,0.));
#3195=DIRECTION('',(1.,0.,0.));
#3196=DIRECTION('',(0.,-1.,0.));
#3197=DIRECTION('',(1.,0.,0.));
#3198=DIRECTION('',(0.,1.,0.));
#3199=DIRECTION('',(-1.,0.,0.));
#3200=DIRECTION('center_axis',(-1.,0.,0.));
#3201=DIRECTION('ref_axis',(0.,0.,1.));
#3202=DIRECTION('',(0.,-1.,0.));
#3203=DIRECTION('',(0.,0.,-1.));
#3204=DIRECTION('',(0.,-1.,0.));
#3205=DIRECTION('center_axis',(0.,0.,1.));
#3206=DIRECTION('ref_axis',(1.,0.,0.));
#3207=DIRECTION('',(0.,1.,0.));
#3208=DIRECTION('',(-1.,0.,0.));
#3209=DIRECTION('center_axis',(1.,0.,0.));
#3210=DIRECTION('ref_axis',(0.,0.,-1.));
#3211=DIRECTION('',(0.,-0.845450087159132,-0.534054444904839));
#3212=DIRECTION('',(0.,-1.,0.));
#3213=DIRECTION('',(0.,0.,1.));
#3214=DIRECTION('',(0.,0.613936174060373,0.789355670265382));
#3215=DIRECTION('',(0.,0.997384619800708,0.072276691851508));
#3216=DIRECTION('center_axis',(0.,0.534054444904839,-0.845450087159132));
#3217=DIRECTION('ref_axis',(-1.,0.,0.));
#3218=DIRECTION('',(0.,0.845450087159132,0.534054444904839));
#3219=DIRECTION('center_axis',(1.,0.,0.));
#3220=DIRECTION('ref_axis',(0.,0.,-1.));
#3221=DIRECTION('',(0.,-1.,0.));
#3222=DIRECTION('',(0.,0.,1.));
#3223=DIRECTION('',(0.,-1.,0.));
#3224=DIRECTION('center_axis',(0.,0.,-1.));
#3225=DIRECTION('ref_axis',(-1.,0.,0.));
#3226=DIRECTION('',(0.,1.,0.));
#3227=DIRECTION('',(1.,0.,0.));
#3228=DIRECTION('center_axis',(0.,1.,0.));
#3229=DIRECTION('ref_axis',(0.,0.,1.));
#3230=DIRECTION('',(-1.,0.,0.));
#3231=DIRECTION('',(0.,0.,-1.));
#3232=DIRECTION('',(1.,0.,0.));
#3233=DIRECTION('',(1.,0.,0.));
#3234=DIRECTION('',(0.,0.,1.));
#3235=DIRECTION('',(-1.,0.,0.));
#3236=DIRECTION('center_axis',(0.,-1.,0.));
#3237=DIRECTION('ref_axis',(-1.,2.054193E-17,1.9878770765424E-33));
#3238=DIRECTION('center_axis',(0.,1.,0.));
#3239=DIRECTION('ref_axis',(-1.,0.,0.));
#3240=DIRECTION('center_axis',(0.,1.,0.));
#3241=DIRECTION('ref_axis',(-1.,0.,0.));
#3242=DIRECTION('center_axis',(1.,0.,0.));
#3243=DIRECTION('ref_axis',(0.,0.,-1.));
#3244=DIRECTION('',(0.,0.860206056544483,-0.509946605326666));
#3245=DIRECTION('',(0.,-0.997384619800708,0.072276691851508));
#3246=DIRECTION('',(0.,-0.613936174060373,0.789355670265383));
#3247=DIRECTION('',(0.,0.,1.));
#3248=DIRECTION('center_axis',(0.,0.509946605326665,0.860206056544483));
#3249=DIRECTION('ref_axis',(1.,0.,0.));
#3250=DIRECTION('',(0.,-0.860206056544483,0.509946605326665));
#3251=DIRECTION('center_axis',(1.,0.,0.));
#3252=DIRECTION('ref_axis',(0.,0.,-1.));
#3253=DIRECTION('',(0.,0.,-1.));
#3254=DIRECTION('center_axis',(0.,1.,0.));
#3255=DIRECTION('ref_axis',(-1.,0.,0.));
#3256=DIRECTION('center_axis',(0.,1.,0.));
#3257=DIRECTION('ref_axis',(-1.,0.,0.));
#3258=DIRECTION('center_axis',(0.,1.,0.));
#3259=DIRECTION('ref_axis',(0.,0.,1.));
#3260=DIRECTION('center_axis',(0.,-1.,0.));
#3261=DIRECTION('ref_axis',(-1.,0.,0.));
#3262=DIRECTION('center_axis',(0.,1.,0.));
#3263=DIRECTION('ref_axis',(-1.,0.,0.));
#3264=DIRECTION('center_axis',(0.,1.,0.));
#3265=DIRECTION('ref_axis',(-1.,0.,0.));
#3266=DIRECTION('center_axis',(0.,1.,0.));
#3267=DIRECTION('ref_axis',(0.,0.,1.));
#3268=DIRECTION('center_axis',(0.,-1.,0.));
#3269=DIRECTION('ref_axis',(-1.,0.,0.));
#3270=DIRECTION('center_axis',(1.,0.,0.));
#3271=DIRECTION('ref_axis',(0.,0.,-1.));
#3272=DIRECTION('',(0.,-0.997384619800708,-0.072276691851508));
#3273=DIRECTION('',(0.,-0.613936174060373,-0.789355670265382));
#3274=DIRECTION('',(0.,0.,-1.));
#3275=DIRECTION('',(0.,0.845450087159132,0.534054444904839));
#3276=DIRECTION('center_axis',(0.,-0.072276691851508,0.997384619800708));
#3277=DIRECTION('ref_axis',(1.,0.,0.));
#3278=DIRECTION('',(-0.100673290090842,-0.992317445926444,-0.07190949292203));
#3279=DIRECTION('',(-1.,0.,0.));
#3280=DIRECTION('center_axis',(-0.994893063520887,0.100934593465395,0.));
#3281=DIRECTION('ref_axis',(0.,0.,1.));
#3282=DIRECTION('',(0.100673290090842,0.992317445926444,-0.07190949292203));
#3283=DIRECTION('',(0.,0.,1.));
#3284=DIRECTION('center_axis',(0.,-0.072276691851508,-0.997384619800708));
#3285=DIRECTION('ref_axis',(-1.,0.,0.));
#3286=DIRECTION('',(0.,0.997384619800708,-0.072276691851508));
#3287=DIRECTION('',(1.,0.,0.));
#3288=DIRECTION('center_axis',(0.,1.,0.));
#3289=DIRECTION('ref_axis',(-1.,0.,0.));
#3290=DIRECTION('center_axis',(0.,-1.,0.));
#3291=DIRECTION('ref_axis',(-1.,0.,0.));
#3292=DIRECTION('center_axis',(0.,1.,0.));
#3293=DIRECTION('ref_axis',(-1.,0.,0.));
#3294=DIRECTION('center_axis',(0.,-1.,0.));
#3295=DIRECTION('ref_axis',(-1.,0.,0.));
#3296=DIRECTION('center_axis',(0.,1.,0.));
#3297=DIRECTION('ref_axis',(-1.,0.,0.));
#3298=DIRECTION('center_axis',(0.,1.,0.));
#3299=DIRECTION('ref_axis',(-1.,0.,0.));
#3300=DIRECTION('center_axis',(0.,1.,0.));
#3301=DIRECTION('ref_axis',(-1.,0.,0.));
#3302=DIRECTION('center_axis',(2.054193E-17,1.,9.677168E-17));
#3303=DIRECTION('ref_axis',(-1.,2.054193E-17,1.9878770765424E-33));
#3304=DIRECTION('center_axis',(0.,-1.,0.));
#3305=DIRECTION('ref_axis',(-1.,0.,0.));
#3306=DIRECTION('center_axis',(2.054193E-17,1.,9.677168E-17));
#3307=DIRECTION('ref_axis',(-1.,2.054193E-17,1.9878770765424E-33));
#3308=DIRECTION('center_axis',(0.,0.,-1.));
#3309=DIRECTION('ref_axis',(-1.,0.,0.));
#3310=DIRECTION('',(1.,0.,0.));
#3311=DIRECTION('center_axis',(0.,0.,1.));
#3312=DIRECTION('ref_axis',(1.,0.,0.));
#3313=DIRECTION('',(-1.,0.,0.));
#3314=DIRECTION('',(0.,-1.,0.));
#3315=DIRECTION('center_axis',(0.,1.,0.));
#3316=DIRECTION('ref_axis',(0.,0.,1.));
#3317=DIRECTION('',(0.,0.,1.));
#3318=DIRECTION('center_axis',(-1.,0.,0.));
#3319=DIRECTION('ref_axis',(0.,0.,1.));
#3320=DIRECTION('',(0.,-0.845450087159132,-0.534054444904839));
#3321=DIRECTION('',(0.,0.860206056544483,-0.509946605326666));
#3322=DIRECTION('center_axis',(0.,0.509946605326665,0.860206056544483));
#3323=DIRECTION('ref_axis',(1.,0.,0.));
#3324=DIRECTION('',(0.,-0.860206056544483,0.509946605326666));
#3325=DIRECTION('center_axis',(1.,0.,0.));
#3326=DIRECTION('ref_axis',(0.,0.,-1.));
#3327=DIRECTION('',(0.,0.,-1.));
#3328=DIRECTION('',(0.,0.613936174060373,-0.789355670265383));
#3329=DIRECTION('center_axis',(0.,0.534054444904839,-0.845450087159132));
#3330=DIRECTION('ref_axis',(-1.,0.,0.));
#3331=DIRECTION('center_axis',(0.,-0.072276691851508,0.997384619800708));
#3332=DIRECTION('ref_axis',(1.,0.,0.));
#3333=DIRECTION('',(-1.,0.,0.));
#3334=DIRECTION('',(-0.100673290090842,0.992317445926444,0.07190949292203));
#3335=DIRECTION('center_axis',(0.,-0.789355670265383,0.613936174060373));
#3336=DIRECTION('ref_axis',(1.,0.,0.));
#3337=DIRECTION('',(-1.,0.,0.));
#3338=DIRECTION('',(-0.619587221571734,0.481895579695475,0.619587221571734));
#3339=DIRECTION('center_axis',(0.,1.,0.));
#3340=DIRECTION('ref_axis',(0.,0.,1.));
#3341=DIRECTION('',(1.,0.,0.));
#3342=DIRECTION('',(0.,0.,1.));
#3343=DIRECTION('center_axis',(0.,-0.789355670265383,-0.613936174060373));
#3344=DIRECTION('ref_axis',(-1.,0.,0.));
#3345=DIRECTION('',(1.,0.,0.));
#3346=DIRECTION('',(0.619587221571734,-0.481895579695475,0.619587221571734));
#3347=DIRECTION('center_axis',(0.,-0.789355670265383,-0.613936174060373));
#3348=DIRECTION('ref_axis',(-1.,0.,0.));
#3349=DIRECTION('',(1.,0.,0.));
#3350=DIRECTION('',(0.619587221571735,0.481895579695475,-0.619587221571733));
#3351=DIRECTION('center_axis',(0.,-0.789355670265383,0.613936174060373));
#3352=DIRECTION('ref_axis',(1.,0.,0.));
#3353=DIRECTION('',(-0.619587221571734,-0.481895579695475,-0.619587221571734));
#3354=DIRECTION('',(-1.,0.,0.));
#3355=DIRECTION('center_axis',(0.,1.,0.));
#3356=DIRECTION('ref_axis',(0.,0.,1.));
#3357=DIRECTION('',(0.,0.,1.));
#3358=DIRECTION('center_axis',(-0.613936174060373,0.789355670265383,0.));
#3359=DIRECTION('ref_axis',(0.,0.,1.));
#3360=DIRECTION('center_axis',(0.613936174060373,0.789355670265383,0.));
#3361=DIRECTION('ref_axis',(0.,0.,-1.));
#3362=DIRECTION('',(0.,0.,-1.));
#3363=DIRECTION('center_axis',(0.,-0.072276691851508,-0.997384619800708));
#3364=DIRECTION('ref_axis',(-1.,0.,0.));
#3365=DIRECTION('',(0.100673290090842,-0.992317445926444,0.07190949292203));
#3366=DIRECTION('center_axis',(0.994893063520887,0.100934593465395,0.));
#3367=DIRECTION('ref_axis',(0.,0.,-1.));
#3368=DIRECTION('axis',(0.,0.,1.));
#3369=DIRECTION('refdir',(1.,0.,0.));
#3370=DIRECTION('center_axis',(5.628192E-17,1.,0.));
#3371=DIRECTION('ref_axis',(-1.,5.628192E-17,0.));
#3372=DIRECTION('center_axis',(0.,1.,0.));
#3373=DIRECTION('ref_axis',(-1.,0.,0.));
#3374=DIRECTION('center_axis',(0.,-1.,0.));
#3375=DIRECTION('ref_axis',(-1.,0.,0.));
#3376=DIRECTION('center_axis',(-0.642787609686556,0.766044443118964,0.));
#3377=DIRECTION('ref_axis',(-0.766044443118964,-0.642787609686556,0.));
#3378=DIRECTION('center_axis',(-0.642787609686556,0.766044443118964,0.));
#3379=DIRECTION('ref_axis',(-0.766044443118964,-0.642787609686556,0.));
#3380=DIRECTION('center_axis',(0.642787609686556,-0.766044443118964,0.));
#3381=DIRECTION('ref_axis',(-0.766044443118964,-0.642787609686556,0.));
#3382=DIRECTION('center_axis',(0.541675220419691,0.454519477672057,0.707106781186548));
#3383=DIRECTION('ref_axis',(0.793844806099452,0.,-0.608120402411335));
#3384=DIRECTION('',(0.541675220419692,0.454519477672055,-0.707106781186548));
#3385=DIRECTION('',(-0.642787609686558,0.766044443118963,0.));
#3386=DIRECTION('',(-0.541675220419691,-0.454519477672056,0.707106781186548));
#3387=DIRECTION('',(0.642787609686559,-0.766044443118961,0.));
#3388=DIRECTION('center_axis',(0.,0.,-1.));
#3389=DIRECTION('ref_axis',(-1.,0.,0.));
#3390=DIRECTION('',(0.766044443118964,0.642787609686556,0.));
#3391=DIRECTION('',(-0.642787609686556,0.766044443118964,0.));
#3392=DIRECTION('',(-0.766044443118964,-0.642787609686556,0.));
#3393=DIRECTION('center_axis',(-0.642787609686556,0.766044443118964,0.));
#3394=DIRECTION('ref_axis',(0.,0.,1.));
#3395=DIRECTION('',(0.,0.,1.));
#3396=DIRECTION('',(0.541675220419691,0.454519477672055,0.707106781186548));
#3397=DIRECTION('',(-0.766044443118964,-0.642787609686556,0.));
#3398=DIRECTION('center_axis',(-0.642787609686555,0.766044443118965,-9.15934E-16));
#3399=DIRECTION('ref_axis',(-0.541675220419694,-0.454519477672055,0.707106781186546));
#3400=DIRECTION('',(0.,0.,1.));
#3401=DIRECTION('center_axis',(0.642787609686555,-0.766044443118965,9.15934E-16));
#3402=DIRECTION('ref_axis',(0.541675220419694,0.454519477672055,-0.707106781186546));
#3403=DIRECTION('',(0.766044443118964,0.642787609686556,0.));
#3404=DIRECTION('center_axis',(0.642787609686556,-0.766044443118964,2.498002E-16));
#3405=DIRECTION('ref_axis',(-0.541675220419691,-0.454519477672055,-0.707106781186548));
#3406=DIRECTION('',(0.,0.,-1.));
#3407=DIRECTION('',(0.,0.,1.));
#3408=DIRECTION('',(0.,0.,-1.));
#3409=DIRECTION('center_axis',(0.642787609686556,-0.766044443118964,-3.053113E-16));
#3410=DIRECTION('ref_axis',(-0.541675220419692,-0.454519477672056,0.707106781186547));
#3411=DIRECTION('',(-0.766044443118964,-0.642787609686556,2.467162E-16));
#3412=DIRECTION('center_axis',(0.642787609686557,-0.766044443118964,8.60422800000001E-16));
#3413=DIRECTION('ref_axis',(0.541675220419691,0.454519477672056,0.707106781186548));
#3414=DIRECTION('',(0.,0.,-1.));
#3415=DIRECTION('center_axis',(-0.642787609686555,0.766044443118965,9.15934E-16));
#3416=DIRECTION('ref_axis',(-0.541675220419694,-0.454519477672055,-0.707106781186546));
#3417=DIRECTION('center_axis',(0.541675220419691,0.454519477672057,-0.707106781186547));
#3418=DIRECTION('ref_axis',(-0.793844806099451,0.,-0.608120402411336));
#3419=DIRECTION('',(0.642787609686558,-0.766044443118963,0.));
#3420=DIRECTION('',(-0.541675220419691,-0.454519477672056,-0.707106781186548));
#3421=DIRECTION('',(-0.642787609686557,0.766044443118963,0.));
#3422=DIRECTION('center_axis',(0.,0.,1.));
#3423=DIRECTION('ref_axis',(1.,0.,0.));
#3424=DIRECTION('',(0.766044443118964,0.642787609686556,0.));
#3425=DIRECTION('',(0.642787609686556,-0.766044443118964,0.));
#3426=DIRECTION('center_axis',(0.642787609686556,-0.766044443118964,0.));
#3427=DIRECTION('ref_axis',(-0.541675220419693,-0.454519477672056,-0.707106781186546));
#3428=DIRECTION('',(0.642787609686556,-0.766044443118964,0.));
#3429=DIRECTION('center_axis',(0.642787609686555,-0.766044443118965,-9.992007E-16));
#3430=DIRECTION('ref_axis',(-0.541675220419694,-0.454519477672055,-0.707106781186546));
#3431=DIRECTION('center_axis',(0.766044443118964,0.642787609686556,0.));
#3432=DIRECTION('ref_axis',(0.,0.,-1.));
#3433=DIRECTION('',(-0.642787609686556,0.766044443118964,0.));
#3434=DIRECTION('',(0.,0.,-1.));
#3435=DIRECTION('center_axis',(0.642787609686556,-0.766044443118964,0.));
#3436=DIRECTION('ref_axis',(-0.541675220419693,-0.454519477672056,0.707106781186546));
#3437=DIRECTION('center_axis',(0.642787609686555,-0.766044443118965,9.992007E-16));
#3438=DIRECTION('ref_axis',(-0.541675220419694,-0.454519477672055,0.707106781186546));
#3439=DIRECTION('',(-0.642787609686556,0.766044443118964,0.));
#3440=DIRECTION('center_axis',(-0.642787609686556,0.766044443118964,0.));
#3441=DIRECTION('ref_axis',(0.541675220419692,0.454519477672056,-0.707106781186547));
#3442=DIRECTION('',(0.642787609686556,-0.766044443118964,0.));
#3443=DIRECTION('',(-0.642787609686556,0.766044443118964,0.));
#3444=DIRECTION('center_axis',(-0.766044443118964,-0.642787609686556,2.325074E-16));
#3445=DIRECTION('ref_axis',(1.77809156287623E-16,1.11022302462516E-16,1.));
#3446=DIRECTION('',(0.,0.,1.));
#3447=DIRECTION('',(0.642787609686556,-0.766044443118964,0.));
#3448=DIRECTION('center_axis',(0.642787609686556,-0.766044443118964,0.));
#3449=DIRECTION('ref_axis',(0.541675220419692,0.454519477672056,0.707106781186548));
#3450=DIRECTION('',(-0.642787609686556,0.766044443118964,0.));
#3451=DIRECTION('',(0.642787609686556,-0.766044443118964,0.));
#3452=DIRECTION('center_axis',(-0.766044443118964,-0.642787609686556,2.325074E-16));
#3453=DIRECTION('ref_axis',(1.77809156287623E-16,1.11022302462516E-16,1.));
#3454=DIRECTION('',(-0.642787609686556,0.766044443118964,0.));
#3455=DIRECTION('',(0.,0.,1.));
#3456=DIRECTION('center_axis',(0.642787609686556,-0.766044443118964,0.));
#3457=DIRECTION('ref_axis',(0.541675220419693,0.454519477672056,-0.707106781186546));
#3458=DIRECTION('center_axis',(-0.642787609686555,0.766044443118965,-9.992007E-16));
#3459=DIRECTION('ref_axis',(0.541675220419694,0.454519477672055,-0.707106781186546));
#3460=DIRECTION('',(-0.642787609686556,0.766044443118964,0.));
#3461=DIRECTION('',(0.642787609686556,-0.766044443118964,0.));
#3462=DIRECTION('center_axis',(0.,0.,-1.));
#3463=DIRECTION('ref_axis',(-1.,0.,0.));
#3464=DIRECTION('',(-0.766044443118964,-0.642787609686556,0.));
#3465=DIRECTION('',(0.642787609686556,-0.766044443118964,0.));
#3466=DIRECTION('center_axis',(0.642787609686556,-0.766044443118964,0.));
#3467=DIRECTION('ref_axis',(-0.541675220419691,-0.454519477672055,-0.707106781186548));
#3468=DIRECTION('center_axis',(-0.642787609686556,0.766044443118964,-1.94289E-16));
#3469=DIRECTION('ref_axis',(-0.541675220419691,-0.454519477672055,-0.707106781186548));
#3470=DIRECTION('center_axis',(0.642787609686556,-0.766044443118964,0.));
#3471=DIRECTION('ref_axis',(0.541675220419692,0.454519477672055,0.707106781186548));
#3472=DIRECTION('center_axis',(-0.642787609686557,0.766044443118964,-8.04911700000001E-16));
#3473=DIRECTION('ref_axis',(0.541675220419691,0.454519477672056,0.707106781186548));
#3474=DIRECTION('',(0.642787609686556,-0.766044443118964,0.));
#3475=DIRECTION('center_axis',(0.,0.,1.));
#3476=DIRECTION('ref_axis',(1.,0.,0.));
#3477=DIRECTION('',(-0.642787609686556,0.766044443118964,0.));
#3478=DIRECTION('',(0.766044443118964,0.642787609686556,-2.467162E-16));
#3479=DIRECTION('center_axis',(0.642787609686556,-0.766044443118964,0.));
#3480=DIRECTION('ref_axis',(-0.541675220419692,-0.454519477672056,0.707106781186547));
#3481=DIRECTION('center_axis',(-0.642787609686556,0.766044443118964,2.775558E-16));
#3482=DIRECTION('ref_axis',(-0.541675220419692,-0.454519477672056,0.707106781186547));
#3483=DIRECTION('center_axis',(0.766044443118964,0.642787609686556,0.));
#3484=DIRECTION('ref_axis',(0.,0.,-1.));
#3485=DIRECTION('',(0.,0.,1.));
#3486=DIRECTION('center_axis',(0.642787609686556,-0.766044443118964,0.));
#3487=DIRECTION('ref_axis',(0.,0.,-1.));
#3488=DIRECTION('',(0.,0.,1.));
#3489=DIRECTION('',(0.,0.,1.));
#3490=DIRECTION('center_axis',(0.,0.,1.));
#3491=DIRECTION('ref_axis',(1.,0.,0.));
#3492=DIRECTION('center_axis',(0.,0.,1.));
#3493=DIRECTION('ref_axis',(0.,-1.,0.));
#3494=DIRECTION('',(1.,0.,0.));
#3495=DIRECTION('',(0.,-1.,0.));
#3496=DIRECTION('',(-1.,0.,0.));
#3497=DIRECTION('center_axis',(0.,0.,-1.));
#3498=DIRECTION('ref_axis',(0.,1.,0.));
#3499=DIRECTION('center_axis',(0.,1.,0.));
#3500=DIRECTION('ref_axis',(0.,0.,1.));
#3501=DIRECTION('',(1.,0.,0.));
#3502=DIRECTION('',(0.,0.,1.));
#3503=DIRECTION('',(0.,0.,-1.));
#3504=DIRECTION('center_axis',(0.,0.,1.));
#3505=DIRECTION('ref_axis',(0.,1.,0.));
#3506=DIRECTION('center_axis',(0.,0.,1.));
#3507=DIRECTION('ref_axis',(0.,1.,0.));
#3508=DIRECTION('center_axis',(0.766044443118963,0.642787609686558,0.));
#3509=DIRECTION('ref_axis',(0.,0.,-1.));
#3510=DIRECTION('center_axis',(0.,0.,1.));
#3511=DIRECTION('ref_axis',(0.,-1.,0.));
#3512=DIRECTION('center_axis',(0.,0.,-1.));
#3513=DIRECTION('ref_axis',(0.,-1.,0.));
#3514=DIRECTION('',(0.,0.,1.));
#3515=DIRECTION('center_axis',(0.,-1.,0.));
#3516=DIRECTION('ref_axis',(0.,0.,-1.));
#3517=DIRECTION('',(-1.,0.,0.));
#3518=DIRECTION('',(0.,0.,1.));
#3519=DIRECTION('center_axis',(-1.,0.,0.));
#3520=DIRECTION('ref_axis',(0.,0.,1.));
#3521=DIRECTION('',(0.,1.,0.));
#3522=DIRECTION('center_axis',(0.,0.,1.));
#3523=DIRECTION('ref_axis',(1.,0.,0.));
#3524=DIRECTION('axis',(0.,0.,1.));
#3525=DIRECTION('refdir',(1.,0.,0.));
#3526=DIRECTION('center_axis',(6.728624E-16,-1.,0.));
#3527=DIRECTION('ref_axis',(-1.,-6.728624E-16,0.));
#3528=DIRECTION('center_axis',(0.,1.,0.));
#3529=DIRECTION('ref_axis',(-1.,0.,0.));
#3530=DIRECTION('center_axis',(0.,-1.,0.));
#3531=DIRECTION('ref_axis',(-1.,0.,0.));
#3532=DIRECTION('center_axis',(0.,1.,0.));
#3533=DIRECTION('ref_axis',(0.,0.,1.));
#3534=DIRECTION('',(1.,0.,0.));
#3535=DIRECTION('center_axis',(0.,1.,0.));
#3536=DIRECTION('ref_axis',(0.99758371843414,0.,0.0694746336090692));
#3537=DIRECTION('',(0.,0.,1.));
#3538=DIRECTION('center_axis',(0.,-1.,0.));
#3539=DIRECTION('ref_axis',(0.99206920036105,0.,0.12569288641362));
#3540=DIRECTION('center_axis',(-1.,0.,9.723003E-30));
#3541=DIRECTION('ref_axis',(-6.87520135479714E-30,0.707106781186548,-0.707106781186548));
#3542=DIRECTION('center_axis',(-0.688611812382144,-0.722364401073564,-0.0632727738400197));
#3543=DIRECTION('ref_axis',(0.724105365943661,-0.689653253773789,-0.00705751874402312));
#3544=DIRECTION('center_axis',(0.864213984882006,0.501565510037665,0.0395755919099239));
#3545=DIRECTION('ref_axis',(0.502815705828091,-0.863762749826272,-0.0330193577338423));
#3546=DIRECTION('',(-1.,0.,0.));
#3547=DIRECTION('center_axis',(0.,1.,0.));
#3548=DIRECTION('ref_axis',(0.,0.,1.));
#3549=DIRECTION('',(0.,0.,-1.));
#3550=DIRECTION('',(1.,0.,0.));
#3551=DIRECTION('',(0.,0.,1.));
#3552=DIRECTION('center_axis',(0.,1.,0.));
#3553=DIRECTION('ref_axis',(0.,0.,1.));
#3554=DIRECTION('',(-1.,0.,0.));
#3555=DIRECTION('',(0.,0.,-1.));
#3556=DIRECTION('',(1.,0.,0.));
#3557=DIRECTION('',(0.,0.,1.));
#3558=DIRECTION('center_axis',(1.,2.045963E-15,1.51493E-29));
#3559=DIRECTION('ref_axis',(1.44671431135678E-15,-0.707106781186548,-0.707106781186547));
#3560=DIRECTION('center_axis',(-0.864195873750989,0.501596615664871,0.039576848602576));
#3561=DIRECTION('ref_axis',(0.502827856662668,0.863795571837529,0.031958670778103));
#3562=DIRECTION('',(1.,0.,0.));
#3563=DIRECTION('center_axis',(0.688607505389683,-0.722368503611039,-0.0632728102090187));
#3564=DIRECTION('ref_axis',(0.724114815681725,0.689641901176542,0.00719596079941466));
#3565=DIRECTION('center_axis',(0.,1.,0.));
#3566=DIRECTION('ref_axis',(0.,0.,1.));
#3567=DIRECTION('center_axis',(0.,-1.,0.));
#3568=DIRECTION('ref_axis',(0.992069200361127,0.,-0.125692886413008));
#3569=DIRECTION('',(0.,0.,1.));
#3570=DIRECTION('center_axis',(0.,1.,0.));
#3571=DIRECTION('ref_axis',(0.997583718434692,0.,-0.0694746336011463));
#3572=DIRECTION('center_axis',(0.,-1.,0.));
#3573=DIRECTION('ref_axis',(0.,0.,-1.));
#3574=DIRECTION('',(1.,0.,0.));
#3575=DIRECTION('',(0.,0.,-1.));
#3576=DIRECTION('',(-1.,0.,0.));
#3577=DIRECTION('',(0.,0.,1.));
#3578=DIRECTION('center_axis',(-1.,0.,-1.103887E-29));
#3579=DIRECTION('ref_axis',(7.80565983363674E-30,0.707106781186548,-0.707106781186547));
#3580=DIRECTION('center_axis',(0.864195873747918,-0.501596615670146,0.0395768486027971));
#3581=DIRECTION('ref_axis',(0.502827856651112,0.863795571878524,-0.0319586698518856));
#3582=DIRECTION('',(-1.,0.,0.));
#3583=DIRECTION('center_axis',(-0.688607505389657,0.722368503611065,-0.0632728102089975));
#3584=DIRECTION('ref_axis',(0.724114815681789,0.689641901176464,-0.00719596080041368));
#3585=DIRECTION('center_axis',(0.,-1.,0.));
#3586=DIRECTION('ref_axis',(0.,0.,-1.));
#3587=DIRECTION('center_axis',(0.,1.,0.));
#3588=DIRECTION('ref_axis',(0.992069200361003,0.,0.125692886413992));
#3589=DIRECTION('',(0.,0.,1.));
#3590=DIRECTION('center_axis',(0.,-1.,0.));
#3591=DIRECTION('ref_axis',(0.997583718434396,0.,0.0694746336053923));
#3592=DIRECTION('center_axis',(0.,-1.,0.));
#3593=DIRECTION('ref_axis',(0.,0.,-1.));
#3594=DIRECTION('',(1.,0.,0.));
#3595=DIRECTION('',(0.,0.,-1.));
#3596=DIRECTION('',(-1.,0.,0.));
#3597=DIRECTION('',(0.,0.,1.));
#3598=DIRECTION('center_axis',(-1.,-2.045963E-15,2.599558E-29));
#3599=DIRECTION('ref_axis',(-1.44671431135679E-15,0.707106781186548,-0.707106781186548));
#3600=DIRECTION('center_axis',(0.688611812382439,0.722364401073284,-0.0632727738400068));
#3601=DIRECTION('ref_axis',(0.724105365943716,-0.689653253773643,0.00705751875271781));
#3602=DIRECTION('',(-1.,0.,0.));
#3603=DIRECTION('center_axis',(-0.864213984882622,-0.501565510036609,0.0395755919098543));
#3604=DIRECTION('ref_axis',(0.502815705833405,-0.863762749809373,0.0330193580950011));
#3605=DIRECTION('center_axis',(0.,-1.,0.));
#3606=DIRECTION('ref_axis',(0.,0.,-1.));
#3607=DIRECTION('center_axis',(0.,-1.,0.));
#3608=DIRECTION('ref_axis',(0.997583718433941,0.,-0.0694746336119283));
#3609=DIRECTION('',(0.,0.,1.));
#3610=DIRECTION('center_axis',(0.,1.,0.));
#3611=DIRECTION('ref_axis',(0.992069200361054,0.,-0.125692886413583));
#3612=DIRECTION('center_axis',(6.961868E-31,5.287727E-30,-1.));
#3613=DIRECTION('ref_axis',(-1.,0.,0.));
#3614=DIRECTION('center_axis',(0.,0.,1.));
#3615=DIRECTION('ref_axis',(0.969095166342166,-0.246687167425163,0.));
#3616=DIRECTION('center_axis',(0.0158544804698344,-0.683736115896544,0.729557098017516));
#3617=DIRECTION('ref_axis',(0.0928310527886351,-0.72549073113963,-0.681942515662895));
#3618=DIRECTION('center_axis',(0.,0.,-1.));
#3619=DIRECTION('ref_axis',(1.,0.,0.));
#3620=DIRECTION('center_axis',(0.0158544808041685,0.683736355959718,0.729556873024548));
#3621=DIRECTION('ref_axis',(-0.0882172982015767,-0.725846610492255,0.682176228210071));
#3622=DIRECTION('center_axis',(0.,0.,1.));
#3623=DIRECTION('ref_axis',(1.,0.,0.));
#3624=DIRECTION('center_axis',(0.,0.,-1.));
#3625=DIRECTION('ref_axis',(0.,1.,0.));
#3626=DIRECTION('center_axis',(0.,0.,1.));
#3627=DIRECTION('ref_axis',(0.,1.,0.));
#3628=DIRECTION('center_axis',(-0.0204543076506091,0.882228881107089,-0.470376256457602));
#3629=DIRECTION('ref_axis',(-0.13006646319053,0.464128371912205,0.876166405164699));
#3630=DIRECTION('center_axis',(0.,0.,1.));
#3631=DIRECTION('ref_axis',(0.,1.,0.));
#3632=DIRECTION('center_axis',(-0.0204542253929034,-0.882231698585761,-0.470370975586354));
#3633=DIRECTION('ref_axis',(0.104875688298776,0.465980521908786,-0.878557478600845));
#3634=DIRECTION('center_axis',(2.45713E-31,7.730791E-30,-1.));
#3635=DIRECTION('ref_axis',(-1.,0.,0.));
#3636=DIRECTION('center_axis',(-0.0158544804698963,0.683736115896561,0.729557098017499));
#3637=DIRECTION('ref_axis',(0.0928312442941873,-0.725490716032105,0.681942505665995));
#3638=DIRECTION('center_axis',(0.,0.,-1.));
#3639=DIRECTION('ref_axis',(-1.,0.,0.));
#3640=DIRECTION('center_axis',(-0.0158544808041864,-0.683736355974383,0.729556873010803));
#3641=DIRECTION('ref_axis',(-0.0882174161477571,-0.72584660157609,-0.682176222444505));
#3642=DIRECTION('center_axis',(0.,0.,1.));
#3643=DIRECTION('ref_axis',(-0.961266077958437,0.275622073438258,0.));
#3644=DIRECTION('center_axis',(0.,0.,1.));
#3645=DIRECTION('ref_axis',(1.,0.,0.));
#3646=DIRECTION('center_axis',(0.,0.,-1.));
#3647=DIRECTION('ref_axis',(0.,-1.,0.));
#3648=DIRECTION('center_axis',(0.,0.,1.));
#3649=DIRECTION('ref_axis',(0.,-1.,0.));
#3650=DIRECTION('center_axis',(0.0204543076506659,-0.88222888110644,-0.470376256458816));
#3651=DIRECTION('ref_axis',(-0.130066443727259,0.464128373466501,-0.876166407230661));
#3652=DIRECTION('center_axis',(0.,0.,1.));
#3653=DIRECTION('ref_axis',(0.,-1.,0.));
#3654=DIRECTION('center_axis',(0.0204542253929816,0.882231698584203,-0.470370975589273));
#3655=DIRECTION('ref_axis',(0.10487574179036,0.465980518290936,0.878557474134295));
#3656=DIRECTION('center_axis',(-2.661891E-31,-3.27973E-30,1.));
#3657=DIRECTION('ref_axis',(1.,0.,0.));
#3658=DIRECTION('center_axis',(0.,0.,1.));
#3659=DIRECTION('ref_axis',(-0.96192197610798,0.273324188246336,0.));
#3660=DIRECTION('center_axis',(0.,0.,1.));
#3661=DIRECTION('ref_axis',(1.,0.,0.));
#3662=DIRECTION('center_axis',(0.,0.,1.));
#3663=DIRECTION('ref_axis',(1.,0.,0.));
#3664=DIRECTION('center_axis',(-6.142825E-32,-2.476531E-30,1.));
#3665=DIRECTION('ref_axis',(1.,0.,0.));
#3666=DIRECTION('center_axis',(0.,0.,1.));
#3667=DIRECTION('ref_axis',(0.953470211710509,-0.301487239167294,0.));
#3668=DIRECTION('center_axis',(0.,0.,1.));
#3669=DIRECTION('ref_axis',(-1.,0.,0.));
#3670=DIRECTION('center_axis',(0.,0.,1.));
#3671=DIRECTION('ref_axis',(1.,0.,0.));
#3672=DIRECTION('center_axis',(0.,0.,1.));
#3673=DIRECTION('ref_axis',(1.,0.,0.));
#3674=DIRECTION('center_axis',(0.,0.,-1.));
#3675=DIRECTION('ref_axis',(0.993714400128124,0.111945035521913,0.));
#3676=DIRECTION('',(0.461065074758185,-0.887366326180022,0.));
#3677=DIRECTION('',(0.887366326180022,0.461065074758186,0.));
#3678=DIRECTION('',(-0.461065074758185,0.887366326180022,0.));
#3679=DIRECTION('center_axis',(0.,0.,1.));
#3680=DIRECTION('ref_axis',(0.993714400128125,0.111945035521909,0.));
#3681=DIRECTION('center_axis',(0.,0.,-1.));
#3682=DIRECTION('ref_axis',(-0.961266077958437,0.275622073438258,0.));
#3683=DIRECTION('center_axis',(0.,0.,1.));
#3684=DIRECTION('ref_axis',(0.993714400128124,0.111945035521913,0.));
#3685=DIRECTION('',(0.,0.,-1.));
#3686=DIRECTION('center_axis',(0.,0.,1.));
#3687=DIRECTION('ref_axis',(0.993714400128124,0.111945035521913,0.));
#3688=DIRECTION('',(0.,0.,1.));
#3689=DIRECTION('center_axis',(0.,0.,1.));
#3690=DIRECTION('ref_axis',(-0.993714400128124,0.111945035521913,0.));
#3691=DIRECTION('',(0.,0.,1.));
#3692=DIRECTION('center_axis',(0.,0.,-1.));
#3693=DIRECTION('ref_axis',(-0.993714400128124,0.111945035521913,0.));
#3694=DIRECTION('',(0.,0.,-1.));
#3695=DIRECTION('center_axis',(0.,0.,1.));
#3696=DIRECTION('ref_axis',(-0.993714400128124,0.111945035521913,0.));
#3697=DIRECTION('center_axis',(0.,0.,1.));
#3698=DIRECTION('ref_axis',(1.,0.,0.));
#3699=DIRECTION('center_axis',(0.,0.,-1.));
#3700=DIRECTION('ref_axis',(0.969095166342166,-0.246687167425163,0.));
#3701=DIRECTION('center_axis',(0.,0.,1.));
#3702=DIRECTION('ref_axis',(-0.993714400128124,0.111945035521913,0.));
#3703=DIRECTION('',(-0.461065074758184,-0.887366326180023,0.));
#3704=DIRECTION('',(0.887366326180022,-0.461065074758186,0.));
#3705=DIRECTION('',(0.461065074758184,0.887366326180023,0.));
#3706=DIRECTION('center_axis',(0.,0.,1.));
#3707=DIRECTION('ref_axis',(-0.988826947097488,-0.149068000234328,0.));
#3708=DIRECTION('',(0.,0.,1.));
#3709=DIRECTION('center_axis',(0.,0.,1.));
#3710=DIRECTION('ref_axis',(-0.988826947097488,-0.149068000234328,0.));
#3711=DIRECTION('',(0.,0.,-1.));
#3712=DIRECTION('center_axis',(0.,0.,-1.));
#3713=DIRECTION('ref_axis',(-0.988826947097488,-0.149068000234328,0.));
#3714=DIRECTION('center_axis',(0.,0.,1.));
#3715=DIRECTION('ref_axis',(-0.988826947097488,-0.14906800023433,0.));
#3716=DIRECTION('',(0.,0.,-1.));
#3717=DIRECTION('center_axis',(0.,0.,1.));
#3718=DIRECTION('ref_axis',(-0.988826947097488,-0.14906800023433,0.));
#3719=DIRECTION('',(0.,0.,1.));
#3720=DIRECTION('center_axis',(0.,0.,-1.));
#3721=DIRECTION('ref_axis',(-0.988826947097488,-0.14906800023433,0.));
#3722=DIRECTION('center_axis',(0.,0.,1.));
#3723=DIRECTION('ref_axis',(1.,0.,0.));
#3724=DIRECTION('',(-0.500000000000001,0.866025403784438,0.));
#3725=DIRECTION('center_axis',(0.,0.,1.));
#3726=DIRECTION('ref_axis',(0.965925826289068,0.258819045102522,0.));
#3727=DIRECTION('',(0.,1.,0.));
#3728=DIRECTION('center_axis',(0.,0.,1.));
#3729=DIRECTION('ref_axis',(0.866025403784439,-0.5,0.));
#3730=DIRECTION('',(0.866025403784438,0.5,0.));
#3731=DIRECTION('center_axis',(0.,0.,1.));
#3732=DIRECTION('ref_axis',(0.258819045102521,-0.965925826289068,0.));
#3733=DIRECTION('',(1.,0.,0.));
#3734=DIRECTION('center_axis',(0.,0.,1.));
#3735=DIRECTION('ref_axis',(-0.258819045102519,-0.965925826289069,0.));
#3736=DIRECTION('',(0.866025403784438,-0.5,0.));
#3737=DIRECTION('center_axis',(0.,0.,1.));
#3738=DIRECTION('ref_axis',(-0.866025403784438,-0.500000000000001,0.));
#3739=DIRECTION('',(0.,-1.,0.));
#3740=DIRECTION('center_axis',(0.,0.,1.));
#3741=DIRECTION('ref_axis',(-0.965925826289068,0.258819045102522,0.));
#3742=DIRECTION('',(-0.5,-0.866025403784439,0.));
#3743=DIRECTION('center_axis',(0.,0.,-1.));
#3744=DIRECTION('ref_axis',(0.988826947097488,-0.149068000234328,0.));
#3745=DIRECTION('center_axis',(0.,0.,1.));
#3746=DIRECTION('ref_axis',(0.988826947097488,-0.149068000234328,0.));
#3747=DIRECTION('',(0.5,0.866025403784439,0.));
#3748=DIRECTION('center_axis',(0.,0.,-1.));
#3749=DIRECTION('ref_axis',(-0.965925826289068,0.258819045102521,0.));
#3750=DIRECTION('',(0.,1.,0.));
#3751=DIRECTION('center_axis',(0.,0.,-1.));
#3752=DIRECTION('ref_axis',(-0.866025403784439,-0.5,0.));
#3753=DIRECTION('',(-0.866025403784439,0.5,0.));
#3754=DIRECTION('center_axis',(0.,0.,-1.));
#3755=DIRECTION('ref_axis',(-0.25881904510252,-0.965925826289068,0.));
#3756=DIRECTION('',(-1.,0.,0.));
#3757=DIRECTION('center_axis',(0.,0.,-1.));
#3758=DIRECTION('ref_axis',(0.258819045102521,-0.965925826289068,0.));
#3759=DIRECTION('',(-0.866025403784437,-0.500000000000003,0.));
#3760=DIRECTION('center_axis',(0.,0.,-1.));
#3761=DIRECTION('ref_axis',(0.866025403784439,-0.499999999999999,0.));
#3762=DIRECTION('',(0.,-1.,0.));
#3763=DIRECTION('center_axis',(0.,0.,-1.));
#3764=DIRECTION('ref_axis',(0.965925826289068,0.258819045102521,0.));
#3765=DIRECTION('',(0.500000000000001,-0.866025403784438,0.));
#3766=DIRECTION('center_axis',(0.,0.,1.));
#3767=DIRECTION('ref_axis',(0.988826947097488,-0.149068000234328,0.));
#3768=DIRECTION('',(0.,0.,-1.));
#3769=DIRECTION('center_axis',(0.,0.,-1.));
#3770=DIRECTION('ref_axis',(0.988826947097488,-0.149068000234328,0.));
#3771=DIRECTION('',(0.,0.,1.));
#3772=DIRECTION('center_axis',(0.,0.,1.));
#3773=DIRECTION('ref_axis',(0.953470211710509,-0.301487239167294,0.));
#3774=DIRECTION('',(0.,0.,1.));
#3775=DIRECTION('center_axis',(0.,0.,-1.));
#3776=DIRECTION('ref_axis',(0.953470211710509,-0.301487239167294,0.));
#3777=DIRECTION('center_axis',(0.,0.,1.));
#3778=DIRECTION('ref_axis',(0.965925826289068,0.258819045102521,0.));
#3779=DIRECTION('',(0.,0.,-1.));
#3780=DIRECTION('center_axis',(0.,0.,1.));
#3781=DIRECTION('ref_axis',(0.965925826289068,0.258819045102521,0.));
#3782=DIRECTION('',(0.,0.,1.));
#3783=DIRECTION('center_axis',(0.866025403784438,0.5,0.));
#3784=DIRECTION('ref_axis',(0.,0.,-1.));
#3785=DIRECTION('',(-0.500000000000001,0.866025403784438,0.));
#3786=DIRECTION('center_axis',(0.,0.,1.));
#3787=DIRECTION('ref_axis',(1.,0.,0.));
#3788=DIRECTION('',(0.,1.,0.));
#3789=DIRECTION('center_axis',(0.,0.,1.));
#3790=DIRECTION('ref_axis',(0.866025403784439,-0.499999999999999,0.));
#3791=DIRECTION('',(0.866025403784437,0.500000000000003,0.));
#3792=DIRECTION('center_axis',(0.,0.,1.));
#3793=DIRECTION('ref_axis',(0.258819045102521,-0.965925826289068,0.));
#3794=DIRECTION('',(1.,0.,0.));
#3795=DIRECTION('center_axis',(0.,0.,1.));
#3796=DIRECTION('ref_axis',(-0.25881904510252,-0.965925826289068,0.));
#3797=DIRECTION('',(0.866025403784439,-0.5,0.));
#3798=DIRECTION('center_axis',(0.,0.,1.));
#3799=DIRECTION('ref_axis',(-0.866025403784439,-0.5,0.));
#3800=DIRECTION('',(0.,-1.,0.));
#3801=DIRECTION('center_axis',(0.,0.,1.));
#3802=DIRECTION('ref_axis',(-0.965925826289068,0.258819045102521,0.));
#3803=DIRECTION('',(-0.5,-0.866025403784439,0.));
#3804=DIRECTION('center_axis',(0.,0.,1.));
#3805=DIRECTION('ref_axis',(-0.961266077958437,0.275622073438258,0.));
#3806=DIRECTION('center_axis',(0.,0.,-1.));
#3807=DIRECTION('ref_axis',(0.993714400128125,0.111945035521909,0.));
#3808=DIRECTION('',(0.461065074758185,-0.887366326180022,0.));
#3809=DIRECTION('',(-0.887366326180022,-0.461065074758186,0.));
#3810=DIRECTION('',(-0.461065074758185,0.887366326180022,0.));
#3811=DIRECTION('center_axis',(0.,0.,1.));
#3812=DIRECTION('ref_axis',(0.988826947097488,-0.149068000234328,0.));
#3813=DIRECTION('',(0.5,0.866025403784439,0.));
#3814=DIRECTION('center_axis',(0.,0.,-1.));
#3815=DIRECTION('ref_axis',(-0.965925826289068,0.258819045102522,0.));
#3816=DIRECTION('',(0.,1.,0.));
#3817=DIRECTION('center_axis',(0.,0.,-1.));
#3818=DIRECTION('ref_axis',(-0.866025403784438,-0.500000000000001,0.));
#3819=DIRECTION('',(-0.866025403784438,0.5,0.));
#3820=DIRECTION('center_axis',(0.,0.,-1.));
#3821=DIRECTION('ref_axis',(-0.258819045102519,-0.965925826289069,0.));
#3822=DIRECTION('',(-1.,0.,0.));
#3823=DIRECTION('center_axis',(0.,0.,-1.));
#3824=DIRECTION('ref_axis',(0.258819045102521,-0.965925826289068,0.));
#3825=DIRECTION('',(-0.866025403784438,-0.5,0.));
#3826=DIRECTION('center_axis',(0.,0.,-1.));
#3827=DIRECTION('ref_axis',(0.866025403784439,-0.5,0.));
#3828=DIRECTION('',(0.,-1.,0.));
#3829=DIRECTION('center_axis',(0.,0.,-1.));
#3830=DIRECTION('ref_axis',(0.965925826289068,0.258819045102522,0.));
#3831=DIRECTION('',(0.500000000000001,-0.866025403784438,0.));
#3832=DIRECTION('center_axis',(0.,0.,-1.));
#3833=DIRECTION('ref_axis',(-0.96192197610798,0.273324188246336,0.));
#3834=DIRECTION('',(-0.461065074758184,-0.887366326180023,0.));
#3835=DIRECTION('',(-0.887366326180022,0.461065074758186,0.));
#3836=DIRECTION('',(0.461065074758184,0.887366326180023,0.));
#3837=DIRECTION('center_axis',(0.,0.,-1.));
#3838=DIRECTION('ref_axis',(-0.993714400128124,0.111945035521913,0.));
#3839=DIRECTION('center_axis',(0.,0.,1.));
#3840=DIRECTION('ref_axis',(0.969095166342166,-0.246687167425163,0.));
#3841=DIRECTION('center_axis',(0.,0.,1.));
#3842=DIRECTION('ref_axis',(0.866025403784439,-0.499999999999999,0.));
#3843=DIRECTION('',(0.,0.,-1.));
#3844=DIRECTION('',(0.,0.,1.));
#3845=DIRECTION('center_axis',(0.500000000000001,-0.866025403784438,0.));
#3846=DIRECTION('ref_axis',(0.,0.,-1.));
#3847=DIRECTION('',(0.,0.,1.));
#3848=DIRECTION('center_axis',(0.,0.,1.));
#3849=DIRECTION('ref_axis',(0.258819045102521,-0.965925826289068,0.));
#3850=DIRECTION('',(0.,0.,-1.));
#3851=DIRECTION('center_axis',(0.,0.,1.));
#3852=DIRECTION('ref_axis',(-0.25881904510252,-0.965925826289068,0.));
#3853=DIRECTION('',(0.,0.,-1.));
#3854=DIRECTION('',(0.,0.,1.));
#3855=DIRECTION('center_axis',(-0.5,-0.866025403784439,0.));
#3856=DIRECTION('ref_axis',(0.,0.,-1.));
#3857=DIRECTION('',(0.,0.,1.));
#3858=DIRECTION('center_axis',(0.,0.,1.));
#3859=DIRECTION('ref_axis',(-0.866025403784439,-0.5,0.));
#3860=DIRECTION('',(0.,0.,-1.));
#3861=DIRECTION('center_axis',(0.,0.,1.));
#3862=DIRECTION('ref_axis',(-0.965925826289068,0.258819045102521,0.));
#3863=DIRECTION('',(0.,0.,-1.));
#3864=DIRECTION('',(0.,0.,1.));
#3865=DIRECTION('center_axis',(-0.866025403784439,0.5,0.));
#3866=DIRECTION('ref_axis',(0.,0.,1.));
#3867=DIRECTION('center_axis',(0.,0.,1.));
#3868=DIRECTION('ref_axis',(0.866025403784439,-0.5,0.));
#3869=DIRECTION('',(0.,0.,1.));
#3870=DIRECTION('',(0.,0.,-1.));
#3871=DIRECTION('center_axis',(-0.5,0.866025403784439,0.));
#3872=DIRECTION('ref_axis',(0.,0.,1.));
#3873=DIRECTION('',(0.,0.,-1.));
#3874=DIRECTION('center_axis',(0.,0.,1.));
#3875=DIRECTION('ref_axis',(0.258819045102521,-0.965925826289068,0.));
#3876=DIRECTION('',(0.,0.,1.));
#3877=DIRECTION('center_axis',(0.,1.,0.));
#3878=DIRECTION('ref_axis',(0.,0.,1.));
#3879=DIRECTION('',(0.,0.,-1.));
#3880=DIRECTION('center_axis',(0.,0.,1.));
#3881=DIRECTION('ref_axis',(-0.258819045102519,-0.965925826289069,0.));
#3882=DIRECTION('',(0.,0.,1.));
#3883=DIRECTION('center_axis',(0.499999999999998,0.86602540378444,0.));
#3884=DIRECTION('ref_axis',(0.,0.,1.));
#3885=DIRECTION('',(0.,0.,-1.));
#3886=DIRECTION('center_axis',(0.,0.,1.));
#3887=DIRECTION('ref_axis',(-0.866025403784438,-0.500000000000001,0.));
#3888=DIRECTION('',(0.,0.,1.));
#3889=DIRECTION('center_axis',(1.,0.,0.));
#3890=DIRECTION('ref_axis',(0.,0.,-1.));
#3891=DIRECTION('',(0.,0.,-1.));
#3892=DIRECTION('center_axis',(0.,0.,1.));
#3893=DIRECTION('ref_axis',(0.965925826289068,0.258819045102522,0.));
#3894=DIRECTION('',(0.,0.,1.));
#3895=DIRECTION('',(0.,0.,-1.));
#3896=DIRECTION('center_axis',(-1.,0.,0.));
#3897=DIRECTION('ref_axis',(0.,0.,1.));
#3898=DIRECTION('center_axis',(0.,0.,1.));
#3899=DIRECTION('ref_axis',(-0.965925826289068,0.258819045102522,0.));
#3900=DIRECTION('',(0.,0.,1.));
#3901=DIRECTION('center_axis',(0.866025403784439,-0.5,0.));
#3902=DIRECTION('ref_axis',(0.,0.,-1.));
#3903=DIRECTION('',(0.,0.,-1.));
#3904=DIRECTION('center_axis',(0.,0.,1.));
#3905=DIRECTION('ref_axis',(0.969095166342166,-0.246687167425163,0.));
#3906=DIRECTION('',(0.,0.,-1.));
#3907=DIRECTION('center_axis',(-0.866025403784438,-0.500000000000001,0.));
#3908=DIRECTION('ref_axis',(0.,0.,1.));
#3909=DIRECTION('center_axis',(0.,0.,1.));
#3910=DIRECTION('ref_axis',(0.988826947097488,-0.149068000234328,0.));
#3911=DIRECTION('center_axis',(0.,0.,1.));
#3912=DIRECTION('ref_axis',(-0.96192197610798,0.273324188246336,0.));
#3913=DIRECTION('center_axis',(0.,0.,1.));
#3914=DIRECTION('ref_axis',(-0.993714400128124,0.111945035521913,0.));
#3915=DIRECTION('',(0.,0.,1.));
#3916=DIRECTION('center_axis',(0.887366326180023,-0.461065074758184,0.));
#3917=DIRECTION('ref_axis',(0.,0.,-1.));
#3918=DIRECTION('',(0.,0.,1.));
#3919=DIRECTION('center_axis',(0.,0.,1.));
#3920=DIRECTION('ref_axis',(0.993714400128125,0.111945035521909,0.));
#3921=DIRECTION('',(0.,0.,1.));
#3922=DIRECTION('',(0.,0.,-1.));
#3923=DIRECTION('center_axis',(0.,0.,1.));
#3924=DIRECTION('ref_axis',(-0.961266077958437,0.275622073438258,0.));
#3925=DIRECTION('center_axis',(0.887366326180022,0.461065074758185,0.));
#3926=DIRECTION('ref_axis',(0.,0.,-1.));
#3927=DIRECTION('',(0.,0.,-1.));
#3928=DIRECTION('center_axis',(-1.,0.,0.));
#3929=DIRECTION('ref_axis',(0.,0.,1.));
#3930=DIRECTION('center_axis',(-0.887366326180022,-0.461065074758185,0.));
#3931=DIRECTION('ref_axis',(0.,0.,1.));
#3932=DIRECTION('',(0.,0.,1.));
#3933=DIRECTION('center_axis',(-0.461065074758185,0.887366326180022,0.));
#3934=DIRECTION('ref_axis',(0.,0.,1.));
#3935=DIRECTION('center_axis',(-0.887366326180023,0.461065074758184,0.));
#3936=DIRECTION('ref_axis',(0.,0.,1.));
#3937=DIRECTION('',(0.,0.,1.));
#3938=DIRECTION('center_axis',(0.461065074758185,0.887366326180022,0.));
#3939=DIRECTION('ref_axis',(0.,0.,1.));
#3940=DIRECTION('center_axis',(1.,0.,0.));
#3941=DIRECTION('ref_axis',(0.,0.,-1.));
#3942=DIRECTION('center_axis',(0.,-1.,0.));
#3943=DIRECTION('ref_axis',(0.,0.,-1.));
#3944=DIRECTION('axis',(0.,0.,1.));
#3945=DIRECTION('refdir',(1.,0.,0.));
#3946=DIRECTION('center_axis',(0.,0.,1.));
#3947=DIRECTION('ref_axis',(1.,0.,0.));
#3948=DIRECTION('center_axis',(0.,0.,1.));
#3949=DIRECTION('ref_axis',(1.,0.,0.));
#3950=DIRECTION('center_axis',(0.,0.,1.));
#3951=DIRECTION('ref_axis',(-1.,0.,0.));
#3952=DIRECTION('center_axis',(0.,0.,-1.));
#3953=DIRECTION('ref_axis',(1.,0.,0.));
#3954=DIRECTION('center_axis',(0.,0.,-1.));
#3955=DIRECTION('ref_axis',(1.,0.,0.));
#3956=DIRECTION('center_axis',(0.,0.,1.));
#3957=DIRECTION('ref_axis',(1.,0.,0.));
#3958=DIRECTION('center_axis',(0.,0.,-1.));
#3959=DIRECTION('ref_axis',(-1.,0.,0.));
#3960=DIRECTION('center_axis',(0.,0.,-1.));
#3961=DIRECTION('ref_axis',(-1.,0.,0.));
#3962=DIRECTION('center_axis',(0.,0.,1.));
#3963=DIRECTION('ref_axis',(-1.,0.,0.));
#3964=DIRECTION('center_axis',(0.,0.,1.));
#3965=DIRECTION('ref_axis',(-1.,0.,0.));
#3966=DIRECTION('center_axis',(0.,0.,1.));
#3967=DIRECTION('ref_axis',(-1.,0.,0.));
#3968=DIRECTION('center_axis',(0.,0.,-1.));
#3969=DIRECTION('ref_axis',(-1.,0.,0.));
#3970=DIRECTION('center_axis',(0.,0.,-1.));
#3971=DIRECTION('ref_axis',(-1.,0.,0.));
#3972=DIRECTION('center_axis',(0.,0.,-1.));
#3973=DIRECTION('ref_axis',(-1.,0.,0.));
#3974=DIRECTION('center_axis',(0.,0.,-1.));
#3975=DIRECTION('ref_axis',(-1.,0.,0.));
#3976=DIRECTION('center_axis',(0.,0.,-1.));
#3977=DIRECTION('ref_axis',(-1.,0.,0.));
#3978=DIRECTION('center_axis',(0.,0.,1.));
#3979=DIRECTION('ref_axis',(-1.,0.,0.));
#3980=DIRECTION('',(0.,0.,1.));
#3981=DIRECTION('',(1.,0.,0.));
#3982=DIRECTION('',(0.,0.,1.));
#3983=DIRECTION('',(1.,0.,0.));
#3984=DIRECTION('',(0.,0.,-1.));
#3985=DIRECTION('',(-1.,0.,0.));
#3986=DIRECTION('',(-1.,-9.367971E-17,-2.744704E-32));
#3987=DIRECTION('',(4.1306513282765E-32,-7.339215E-16,1.));
#3988=DIRECTION('',(1.,-5.628192E-17,0.));
#3989=DIRECTION('',(3.1676545188864E-33,5.628192E-17,-1.));
#3990=DIRECTION('',(-9.367971E-17,1.,6.105903E-17));
#3991=DIRECTION('',(1.,9.367971E-17,9.367971E-17));
#3992=DIRECTION('',(5.628192E-17,1.,7.291444E-16));
#3993=DIRECTION('',(1.,-5.628192E-17,-5.628192E-17));
#3994=CARTESIAN_POINT('',(0.,0.,0.));
#3995=CARTESIAN_POINT('',(0.,0.,0.));
#3996=CARTESIAN_POINT('Origin',(0.,8.46356209913659,5.82969593232498));
#3997=CARTESIAN_POINT('',(-6.05,8.46356209913659,-4.45265010866686));
#3998=CARTESIAN_POINT('',(-6.05,8.46356209913659,4.54784432288547));
#3999=CARTESIAN_POINT('',(-6.05,8.46356209913659,-0.210152033837512));
#4000=CARTESIAN_POINT('',(-9.15,8.46356209913659,-4.45265010866686));
#4001=CARTESIAN_POINT('',(-4.575,8.46356209913659,-4.45265010866686));
#4002=CARTESIAN_POINT('',(-9.15,8.46356209913659,-1.57739504709377));
#4003=CARTESIAN_POINT('',(-9.15,8.46356209913659,2.91711147575693));
#4004=CARTESIAN_POINT('',(-8.15,8.46356209913659,-1.57739504709377));
#4005=CARTESIAN_POINT('',(-4.075,8.46356209913659,-1.57739504709377));
#4006=CARTESIAN_POINT('',(-8.15,8.46356209913659,1.67260495290623));
#4007=CARTESIAN_POINT('',(-8.15,8.46356209913659,3.7511504426156));
#4008=CARTESIAN_POINT('',(-9.15,8.46356209913659,1.67260495290623));
#4009=CARTESIAN_POINT('',(-4.575,8.46356209913659,1.67260495290623));
#4010=CARTESIAN_POINT('',(-9.15,8.46356209913659,4.54784432288547));
#4011=CARTESIAN_POINT('',(-9.15,8.46356209913659,2.91711147575693));
#4012=CARTESIAN_POINT('',(-4.575,8.46356209913659,4.54784432288547));
#4013=CARTESIAN_POINT('Origin',(0.,8.46356209913659,-5.82969593232498));
#4014=CARTESIAN_POINT('',(-9.15,6.28359051994428,-5.82969593232498));
#4015=CARTESIAN_POINT('',(-9.15,1.46433580484336,-5.82969593232498));
#4016=CARTESIAN_POINT('',(-9.15,5.85900784380257,-5.82969593232498));
#4017=CARTESIAN_POINT('',(-6.05,6.28359051994428,-5.82969593232498));
#4018=CARTESIAN_POINT('',(-4.575,6.28359051994428,-5.82969593232498));
#4019=CARTESIAN_POINT('',(-6.05,5.66396588161843,-5.82969593232498));
#4020=CARTESIAN_POINT('',(-6.05,8.46376399037751,-5.82969593232498));
#4021=CARTESIAN_POINT('',(6.05,5.66396588161842,-5.82969593232498));
#4022=CARTESIAN_POINT('',(-1.387779E-16,5.66396588161843,-5.82969593232498));
#4023=CARTESIAN_POINT('',(6.05,6.28359051994428,-5.82969593232498));
#4024=CARTESIAN_POINT('',(6.05,8.46376399037751,-5.82969593232498));
#4025=CARTESIAN_POINT('',(9.15,6.28359051994428,-5.82969593232498));
#4026=CARTESIAN_POINT('',(-4.575,6.28359051994428,-5.82969593232498));
#4027=CARTESIAN_POINT('',(9.15,1.46433580484336,-5.82969593232497));
#4028=CARTESIAN_POINT('',(9.15,5.85900784380257,-5.82969593232498));
#4029=CARTESIAN_POINT('',(0.,1.46433580484336,-5.82969593232498));
#4030=CARTESIAN_POINT('Origin',(0.,8.46356209913659,5.82969593232498));
#4031=CARTESIAN_POINT('',(6.05,8.46356209913659,4.54784432288547));
#4032=CARTESIAN_POINT('',(6.05,8.46356209913659,-4.45265010866686));
#4033=CARTESIAN_POINT('',(6.05,8.46356209913659,6.03984796616249));
#4034=CARTESIAN_POINT('',(9.15,8.46356209913659,4.54784432288547));
#4035=CARTESIAN_POINT('',(-4.575,8.46356209913659,4.54784432288547));
#4036=CARTESIAN_POINT('',(9.15,8.46356209913659,1.67260495290623));
#4037=CARTESIAN_POINT('',(9.15,8.46356209913659,2.91711147575693));
#4038=CARTESIAN_POINT('',(8.15,8.46356209913659,1.67260495290623));
#4039=CARTESIAN_POINT('',(4.075,8.46356209913659,1.67260495290623));
#4040=CARTESIAN_POINT('',(8.15,8.46356209913659,-1.57739504709377));
#4041=CARTESIAN_POINT('',(8.15,8.46356209913659,2.1261504426156));
#4042=CARTESIAN_POINT('',(9.15,8.46356209913659,-1.57739504709377));
#4043=CARTESIAN_POINT('',(4.575,8.46356209913659,-1.57739504709377));
#4044=CARTESIAN_POINT('',(9.15,8.46356209913659,-4.45265010866686));
#4045=CARTESIAN_POINT('',(9.15,8.46356209913659,2.91711147575693));
#4046=CARTESIAN_POINT('',(-4.575,8.46356209913659,-4.45265010866686));
#4047=CARTESIAN_POINT('Origin',(0.,1.46433580484336,5.82969593232498));
#4048=CARTESIAN_POINT('',(9.15,6.30126411241932,5.82969593232498));
#4049=CARTESIAN_POINT('',(9.15,1.46433580484336,5.82969593232498));
#4050=CARTESIAN_POINT('',(9.15,2.35939469665595,5.82969593232498));
#4051=CARTESIAN_POINT('',(6.05,6.30126411241931,5.82969593232498));
#4052=CARTESIAN_POINT('',(-4.575,6.30126411241932,5.82969593232498));
#4053=CARTESIAN_POINT('',(6.05,5.66396588161842,5.82969593232498));
#4054=CARTESIAN_POINT('',(6.05,4.96415084323089,5.82969593232498));
#4055=CARTESIAN_POINT('',(-6.05,5.66396588161843,5.82969593232498));
#4056=CARTESIAN_POINT('',(-1.387779E-16,5.66396588161843,5.82969593232498));
#4057=CARTESIAN_POINT('',(-6.05,6.30126411241932,5.82969593232498));
#4058=CARTESIAN_POINT('',(-6.05,4.96415084323089,5.82969593232498));
#4059=CARTESIAN_POINT('',(-9.15,6.30126411241932,5.82969593232498));
#4060=CARTESIAN_POINT('',(-4.575,6.30126411241932,5.82969593232498));
#4061=CARTESIAN_POINT('',(-9.15,1.46433580484336,5.82969593232497));
#4062=CARTESIAN_POINT('',(-9.15,2.35939469665595,5.82969593232498));
#4063=CARTESIAN_POINT('',(0.,1.46433580484336,5.82969593232498));
#4064=CARTESIAN_POINT('Origin',(8.15,8.46396588161842,-1.57739504709377));
#4065=CARTESIAN_POINT('',(8.15,6.79175457047248,1.67260495290623));
#4066=CARTESIAN_POINT('',(8.15,8.46396588161842,1.67260495290623));
#4067=CARTESIAN_POINT('',(8.15,6.79175457047248,-1.57739504709377));
#4068=CARTESIAN_POINT('',(8.15,6.79175457047248,1.67260495290623));
#4069=CARTESIAN_POINT('',(8.15,8.46396588161842,-1.57739504709377));
#4070=CARTESIAN_POINT('Origin',(8.15,8.46396588161842,1.67260495290623));
#4071=CARTESIAN_POINT('',(9.15,6.79175457047248,1.67260495290623));
#4072=CARTESIAN_POINT('',(9.15,6.79175457047248,1.67260495290623));
#4073=CARTESIAN_POINT('',(9.15,6.79175457047248,1.67260495290623));
#4074=CARTESIAN_POINT('Origin',(9.15,3.25445358846855,0.004527019188888));
#4075=CARTESIAN_POINT('',(9.15,8.46396588161842,-4.45239504709377));
#4076=CARTESIAN_POINT('',(9.15,6.79175457047248,-1.57739504709377));
#4077=CARTESIAN_POINT('',(9.15,8.46396588161842,-1.57739504709377));
#4078=CARTESIAN_POINT('',(9.15,6.79175457047248,-4.5));
#4079=CARTESIAN_POINT('',(9.15,6.79175457047248,-4.5));
#4080=CARTESIAN_POINT('',(9.15,6.01398581908825,-5.5));
#4081=CARTESIAN_POINT('',(9.15,6.01398581908825,-5.5));
#4082=CARTESIAN_POINT('',(9.15,-4.33566419515664,-6.25));
#4083=CARTESIAN_POINT('Origin',(-9.15,8.46396588161842,-4.45239504709377));
#4084=CARTESIAN_POINT('',(6.05,6.01398581908825,-6.));
#4085=CARTESIAN_POINT('Origin',(-8.15,8.46396588161842,1.67260495290623));
#4086=CARTESIAN_POINT('',(-8.15,6.79175457047248,-1.57739504709377));
#4087=CARTESIAN_POINT('',(-8.15,8.46396588161842,-1.57739504709377));
#4088=CARTESIAN_POINT('',(-8.15,6.79175457047248,1.67260495290623));
#4089=CARTESIAN_POINT('',(-8.15,6.79175457047248,-1.57739504709377));
#4090=CARTESIAN_POINT('',(-8.15,8.46396588161842,1.67260495290623));
#4091=CARTESIAN_POINT('Origin',(-8.15,8.46396588161842,-1.57739504709377));
#4092=CARTESIAN_POINT('',(-9.15,6.79175457047248,-1.57739504709377));
#4093=CARTESIAN_POINT('',(-9.15,6.79175457047248,-1.57739504709377));
#4094=CARTESIAN_POINT('',(-9.15,6.79175457047248,-1.57739504709377));
#4095=CARTESIAN_POINT('Origin',(0.,1.46433580484336,0.));
#4096=CARTESIAN_POINT('',(20.961574305255,1.46433580484336,-5.82969593232498));
#4097=CARTESIAN_POINT('',(0.,1.46433580484336,-5.82969593232497));
#4098=CARTESIAN_POINT('',(20.961574305255,1.46433580484336,5.82969593232498));
#4099=CARTESIAN_POINT('',(20.961574305255,1.46433580484336,0.));
#4100=CARTESIAN_POINT('',(0.,1.46433580484336,5.82969593232498));
#4101=CARTESIAN_POINT('',(-20.961574305255,1.46433580484336,5.82969593232498));
#4102=CARTESIAN_POINT('',(0.,1.46433580484336,5.82969593232498));
#4103=CARTESIAN_POINT('',(-20.961574305255,1.46433580484336,-5.82969593232498));
#4104=CARTESIAN_POINT('',(-20.961574305255,1.46433580484336,0.));
#4105=CARTESIAN_POINT('',(0.,1.46433580484336,-5.82969593232497));
#4106=CARTESIAN_POINT('',(1.95,1.46433580484335,-0.00845487376355865));
#4107=CARTESIAN_POINT('Origin',(-0.0499999999999991,1.46433580484335,-0.00845487376355889));
#4108=CARTESIAN_POINT('',(-9.975,1.46433580484336,3.88825358729285E-16));
#4109=CARTESIAN_POINT('Origin',(-13.15,1.46433580484336,0.));
#4110=CARTESIAN_POINT('',(16.325,1.46433580484336,3.88825358729285E-16));
#4111=CARTESIAN_POINT('Origin',(13.15,1.46433580484336,0.));
#4112=CARTESIAN_POINT('Origin',(9.15,3.25445358846855,0.004527019188888));
#4113=CARTESIAN_POINT('',(9.15,6.01398581908825,6.));
#4114=CARTESIAN_POINT('',(9.15,6.01398581908825,5.5));
#4115=CARTESIAN_POINT('',(9.15,6.01398581908825,5.5));
#4116=CARTESIAN_POINT('',(9.15,6.79175457047248,4.5));
#4117=CARTESIAN_POINT('',(9.15,6.79175457047248,4.5));
#4118=CARTESIAN_POINT('',(9.15,6.79175457047248,1.67260495290623));
#4119=CARTESIAN_POINT('Origin',(-9.15,6.01398581908825,6.));
#4120=CARTESIAN_POINT('',(6.05,8.46396588161842,4.54760495290623));
#4121=CARTESIAN_POINT('Origin',(6.05,8.46396588161842,6.25));
#4122=CARTESIAN_POINT('',(6.05,5.66396588161842,6.00845487376356));
#4123=CARTESIAN_POINT('Origin',(13.15,1.46433580484336,0.));
#4124=CARTESIAN_POINT('',(16.325,4.46433580484336,3.88825358729285E-16));
#4125=CARTESIAN_POINT('Origin',(13.15,4.46433580484336,0.));
#4126=CARTESIAN_POINT('Origin',(13.15,4.46433580484336,0.));
#4127=CARTESIAN_POINT('',(14.65,4.46433580484336,1.83697019872103E-16));
#4128=CARTESIAN_POINT('Origin',(13.15,4.46433580484336,0.));
#4129=CARTESIAN_POINT('Origin',(-13.15,1.46433580484336,0.));
#4130=CARTESIAN_POINT('',(-9.975,4.46433580484336,3.88825358729285E-16));
#4131=CARTESIAN_POINT('Origin',(-13.15,4.46433580484336,0.));
#4132=CARTESIAN_POINT('Origin',(-13.15,4.46433580484336,0.));
#4133=CARTESIAN_POINT('',(-11.65,4.46433580484336,1.83697019872103E-16));
#4134=CARTESIAN_POINT('Origin',(-13.15,4.46433580484336,0.));
#4135=CARTESIAN_POINT('Origin',(-9.15,3.25445358846855,0.004527019188888));
#4136=CARTESIAN_POINT('',(-9.15,6.01398581908825,-5.5));
#4137=CARTESIAN_POINT('',(-9.15,6.01398581908825,-5.5));
#4138=CARTESIAN_POINT('',(-9.15,6.79175457047248,-4.5));
#4139=CARTESIAN_POINT('',(-9.15,6.79175457047248,-4.5));
#4140=CARTESIAN_POINT('',(-9.15,6.79175457047248,-1.57739504709377));
#4141=CARTESIAN_POINT('',(-9.15,6.01398581908825,-6.));
#4142=CARTESIAN_POINT('Origin',(0.,-4.33566419515664,-6.25));
#4143=CARTESIAN_POINT('',(-20.5,6.01398581908825,-5.5));
#4144=CARTESIAN_POINT('',(-20.5,6.01398581908825,-5.5));
#4145=CARTESIAN_POINT('',(-9.15,6.01398581908825,-5.5));
#4146=CARTESIAN_POINT('Origin',(-21.55,-4.33566419515664,0.));
#4147=CARTESIAN_POINT('',(-20.5,6.01398581908825,5.5));
#4148=CARTESIAN_POINT('',(-21.55,-4.33566419515664,6.25));
#4149=CARTESIAN_POINT('',(-20.5,6.01398581908825,-5.5));
#4150=CARTESIAN_POINT('Origin',(0.,6.01398581908825,5.5));
#4151=CARTESIAN_POINT('',(-9.15,6.01398581908825,5.5));
#4152=CARTESIAN_POINT('',(-9.15,-4.33566419515665,6.25));
#4153=CARTESIAN_POINT('',(-20.5,6.01398581908825,5.5));
#4154=CARTESIAN_POINT('Origin',(13.15,-0.085664195156642,0.));
#4155=CARTESIAN_POINT('',(14.65,6.79175457047248,1.83697E-16));
#4156=CARTESIAN_POINT('Origin',(13.15,6.79175457047248,0.));
#4157=CARTESIAN_POINT('Origin',(-13.15,-0.085664195156642,0.));
#4158=CARTESIAN_POINT('',(-11.65,6.79175457047248,1.83697E-16));
#4159=CARTESIAN_POINT('Origin',(-13.15,6.79175457047248,0.));
#4160=CARTESIAN_POINT('Origin',(-0.049999999999999,2.66396588161843,-0.008454873763559));
#4161=CARTESIAN_POINT('',(-4.05,2.66396588161843,-0.008454873763559));
#4162=CARTESIAN_POINT('Origin',(-0.049999999999999,2.66396588161843,-0.008454873763559));
#4163=CARTESIAN_POINT('',(1.95,2.66396588161843,-0.008454873763559));
#4164=CARTESIAN_POINT('Origin',(-0.049999999999999,2.66396588161843,-0.008454873763559));
#4165=CARTESIAN_POINT('Origin',(-0.049999999999999,4.16396588161843,-0.008454873763559));
#4166=CARTESIAN_POINT('',(-4.05,5.66396588161843,-0.008454873763559));
#4167=CARTESIAN_POINT('Origin',(-0.049999999999999,5.66396588161843,-0.008454873763559));
#4168=CARTESIAN_POINT('Origin',(-0.05,-41.0017659791623,-0.008454873763563));
#4169=CARTESIAN_POINT('Origin',(9.15,8.46396588161842,-1.57739504709377));
#4170=CARTESIAN_POINT('',(8.15,6.79175457047248,-1.57739504709377));
#4171=CARTESIAN_POINT('Origin',(-9.15,8.46396588161842,1.67260495290623));
#4172=CARTESIAN_POINT('',(-9.15,6.79175457047248,1.67260495290623));
#4173=CARTESIAN_POINT('',(-8.15,6.79175457047248,1.67260495290623));
#4174=CARTESIAN_POINT('',(-9.15,8.46396588161842,1.67260495290623));
#4175=CARTESIAN_POINT('Origin',(-2.775558E-16,5.66396588161843,4.826967E-16));
#4176=CARTESIAN_POINT('',(-6.05,5.66396588161843,-6.00845487376356));
#4177=CARTESIAN_POINT('Origin',(-6.05,8.46396588161842,-6.25));
#4178=CARTESIAN_POINT('',(-6.05,8.46396588161842,-4.45239504709377));
#4179=CARTESIAN_POINT('',(-6.05,6.01398581908825,6.));
#4180=CARTESIAN_POINT('Origin',(-9.15,6.01398581908825,6.));
#4181=CARTESIAN_POINT('',(-9.15,8.46396588161842,4.54760495290623));
#4182=CARTESIAN_POINT('Origin',(-9.15,3.25445358846855,0.004527019188888));
#4183=CARTESIAN_POINT('',(-9.15,6.79175457047248,4.5));
#4184=CARTESIAN_POINT('',(-9.15,6.79175457047248,4.5));
#4185=CARTESIAN_POINT('',(-9.15,6.01398581908825,5.5));
#4186=CARTESIAN_POINT('Origin',(-9.15,8.46396588161842,-4.45239504709377));
#4187=CARTESIAN_POINT('Origin',(0.,-4.33566419515664,-6.25));
#4188=CARTESIAN_POINT('',(20.5,6.01398581908825,-5.5));
#4189=CARTESIAN_POINT('',(20.5,6.01398581908825,-5.5));
#4190=CARTESIAN_POINT('',(21.55,-4.33566419515664,-6.25));
#4191=CARTESIAN_POINT('Origin',(0.,6.01398581908825,-5.5));
#4192=CARTESIAN_POINT('',(19.5,6.79175457047248,-4.5));
#4193=CARTESIAN_POINT('',(19.5,6.79175457047248,-4.5));
#4194=CARTESIAN_POINT('',(20.5,6.01398581908825,-5.5));
#4195=CARTESIAN_POINT('Origin',(-19.5,6.79175457047248,0.));
#4196=CARTESIAN_POINT('',(19.5,6.79175457047248,4.5));
#4197=CARTESIAN_POINT('',(9.15,6.79175457047248,4.5));
#4198=CARTESIAN_POINT('',(19.5,6.79175457047248,-4.5));
#4199=CARTESIAN_POINT('Origin',(0.,6.79175457047248,4.5));
#4200=CARTESIAN_POINT('',(20.5,6.01398581908825,5.5));
#4201=CARTESIAN_POINT('',(9.15000000000001,6.01398581908825,5.5));
#4202=CARTESIAN_POINT('',(19.5,6.79175457047248,4.5));
#4203=CARTESIAN_POINT('Origin',(0.,6.79175457047248,4.5));
#4204=CARTESIAN_POINT('',(-19.5,6.79175457047248,4.5));
#4205=CARTESIAN_POINT('',(-19.5,6.79175457047248,4.5));
#4206=CARTESIAN_POINT('',(-20.5,6.01398581908825,5.5));
#4207=CARTESIAN_POINT('Origin',(0.,6.01398581908825,-5.5));
#4208=CARTESIAN_POINT('',(-19.5,6.79175457047248,-4.5));
#4209=CARTESIAN_POINT('',(-19.5,6.79175457047248,-4.5));
#4210=CARTESIAN_POINT('',(-9.15,6.79175457047248,-4.5));
#4211=CARTESIAN_POINT('Origin',(-19.5,6.79175457047248,0.));
#4212=CARTESIAN_POINT('',(-19.5,6.79175457047248,-4.5));
#4213=CARTESIAN_POINT('Origin',(-20.5,6.01398581908825,0.));
#4214=CARTESIAN_POINT('Origin',(19.5,6.79175457047248,0.));
#4215=CARTESIAN_POINT('',(20.5,6.01398581908825,5.5));
#4216=CARTESIAN_POINT('Origin',(0.,6.01398581908825,5.5));
#4217=CARTESIAN_POINT('',(20.5,6.01398581908825,5.5));
#4218=CARTESIAN_POINT('Origin',(20.5,6.01398581908825,0.));
#4219=CARTESIAN_POINT('',(0.,0.,0.));
#4220=CARTESIAN_POINT('Origin',(-6.5,-22.6527574869514,0.));
#4221=CARTESIAN_POINT('',(-5.,-4.525315E-15,-1.83697E-16));
#4222=CARTESIAN_POINT('Origin',(-6.5,-4.440892E-15,0.));
#4223=CARTESIAN_POINT('',(-8.,0.749999999999997,0.));
#4224=CARTESIAN_POINT('Origin',(-6.5,0.749999999999997,0.));
#4225=CARTESIAN_POINT('Origin',(8.21741527643302,2.65265643735581,5.551115E-16));
#4226=CARTESIAN_POINT('',(6.5113777665112,5.46369468233573,4.938792E-16));
#4227=CARTESIAN_POINT('Origin',(6.12835554495171,5.14230087749245,5.551115E-16));
#4228=CARTESIAN_POINT('',(5.26324261612731,5.39544040498839,5.551115E-16));
#4229=CARTESIAN_POINT('Origin',(5.64626483768679,5.71683420983167,5.551115E-16));
#4230=CARTESIAN_POINT('Origin',(8.42317594399304,8.04693929494544,2.8));
#4231=CARTESIAN_POINT('',(8.61799998508835,7.23136060897376,3.175));
#4232=CARTESIAN_POINT('',(9.19253331742757,7.71345131623867,2.425));
#4233=CARTESIAN_POINT('',(8.61799998508834,7.23136060897376,3.175));
#4234=CARTESIAN_POINT('',(8.71044261016265,8.28798464857789,2.425));
#4235=CARTESIAN_POINT('',(9.19253331742757,7.71345131623867,2.425));
#4236=CARTESIAN_POINT('',(8.13590927782343,7.80589394131298,3.175));
#4237=CARTESIAN_POINT('',(8.71044261016265,8.28798464857789,2.425));
#4238=CARTESIAN_POINT('',(8.13590927782343,7.80589394131298,3.175));
#4239=CARTESIAN_POINT('Origin',(8.71044261016265,8.28798464857789,3.175));
#4240=CARTESIAN_POINT('',(3.22322636082033,3.68366351756457,3.175));
#4241=CARTESIAN_POINT('',(3.22322636082033,3.68366351756457,3.175));
#4242=CARTESIAN_POINT('',(3.70531706808525,3.10913018522535,3.175));
#4243=CARTESIAN_POINT('',(3.70531706808525,3.10913018522535,3.175));
#4244=CARTESIAN_POINT('',(8.61799998508835,7.23136060897376,3.175));
#4245=CARTESIAN_POINT('Origin',(0.005839699720677,0.983955556881034,0.));
#4246=CARTESIAN_POINT('',(8.71044261016265,8.28798464857789,-2.425));
#4247=CARTESIAN_POINT('',(8.71044261016265,8.28798464857789,-2.425));
#4248=CARTESIAN_POINT('',(8.13590927782343,7.80589394131298,-3.175));
#4249=CARTESIAN_POINT('',(8.13590927782343,7.80589394131298,-3.175));
#4250=CARTESIAN_POINT('',(3.22322636082033,3.68366351756457,-3.175));
#4251=CARTESIAN_POINT('',(8.13590927782343,7.80589394131298,-3.175));
#4252=CARTESIAN_POINT('',(3.07001747219654,3.55510599562726,-3.375));
#4253=CARTESIAN_POINT('Origin',(3.22322636082033,3.68366351756457,-3.375));
#4254=CARTESIAN_POINT('',(3.07001747219654,3.55510599562726,-4.575));
#4255=CARTESIAN_POINT('',(3.07001747219654,3.55510599562726,-4.575));
#4256=CARTESIAN_POINT('',(2.91680858357274,3.42654847368995,-4.775));
#4257=CARTESIAN_POINT('Origin',(2.91680858357274,3.42654847368995,-4.575));
#4258=CARTESIAN_POINT('',(0.15904858834447,1.11251307881835,-4.775));
#4259=CARTESIAN_POINT('',(0.15904858834447,1.11251307881835,-4.775));
#4260=CARTESIAN_POINT('',(0.005839699720678,0.983955556881036,-4.575));
#4261=CARTESIAN_POINT('Origin',(0.159048588344471,1.11251307881835,-4.575));
#4262=CARTESIAN_POINT('',(0.005839699720678,0.983955556881036,-3.975));
#4263=CARTESIAN_POINT('',(0.005839699720678,0.983955556881036,-3.975));
#4264=CARTESIAN_POINT('',(0.00583969972068,0.983955556881038,3.975));
#4265=CARTESIAN_POINT('',(0.005839699720677,0.983955556881034,-3.975));
#4266=CARTESIAN_POINT('',(0.00583969972068,0.983955556881038,4.575));
#4267=CARTESIAN_POINT('',(0.00583969972068,0.983955556881038,4.575));
#4268=CARTESIAN_POINT('',(0.159048588344472,1.11251307881835,4.775));
#4269=CARTESIAN_POINT('Origin',(0.159048588344473,1.11251307881835,4.575));
#4270=CARTESIAN_POINT('',(2.91680858357274,3.42654847368995,4.775));
#4271=CARTESIAN_POINT('',(2.91680858357274,3.42654847368995,4.775));
#4272=CARTESIAN_POINT('',(3.07001747219654,3.55510599562726,4.575));
#4273=CARTESIAN_POINT('Origin',(2.91680858357274,3.42654847368995,4.575));
#4274=CARTESIAN_POINT('',(3.07001747219654,3.55510599562726,3.375));
#4275=CARTESIAN_POINT('',(3.07001747219654,3.55510599562726,4.575));
#4276=CARTESIAN_POINT('Origin',(3.22322636082033,3.68366351756457,3.375));
#4277=CARTESIAN_POINT('Origin',(8.42317594399304,8.04693929494544,-2.8));
#4278=CARTESIAN_POINT('',(9.19253331742757,7.71345131623867,-2.425));
#4279=CARTESIAN_POINT('',(8.71044261016265,8.28798464857789,-2.425));
#4280=CARTESIAN_POINT('',(8.61799998508835,7.23136060897376,-3.175));
#4281=CARTESIAN_POINT('',(9.19253331742757,7.71345131623867,-2.425));
#4282=CARTESIAN_POINT('',(8.61799998508835,7.23136060897376,-3.175));
#4283=CARTESIAN_POINT('Origin',(3.07001747219654,3.55510599562726,-3.175));
#4284=CARTESIAN_POINT('',(3.70531706808525,3.10913018522535,-3.175));
#4285=CARTESIAN_POINT('',(3.70531706808525,3.10913018522535,-3.175));
#4286=CARTESIAN_POINT('',(3.22322636082033,3.68366351756457,-3.175));
#4287=CARTESIAN_POINT('Origin',(3.22322636082033,3.68366351756457,3.375));
#4288=CARTESIAN_POINT('',(3.55210817946145,2.98057266328804,3.375));
#4289=CARTESIAN_POINT('',(3.07001747219654,3.55510599562726,3.375));
#4290=CARTESIAN_POINT('Origin',(3.70531706808525,3.10913018522535,3.375));
#4291=CARTESIAN_POINT('Origin',(3.07001747219654,3.55510599562726,4.775));
#4292=CARTESIAN_POINT('',(3.55210817946145,2.98057266328804,4.575));
#4293=CARTESIAN_POINT('',(3.55210817946145,2.98057266328804,4.575));
#4294=CARTESIAN_POINT('',(3.55210817946145,2.98057266328804,4.575));
#4295=CARTESIAN_POINT('Origin',(3.22322636082033,3.68366351756457,-3.375));
#4296=CARTESIAN_POINT('',(3.55210817946146,2.98057266328804,-3.375));
#4297=CARTESIAN_POINT('Origin',(3.70531706808525,3.10913018522535,-3.375));
#4298=CARTESIAN_POINT('',(3.55210817946146,2.98057266328804,-3.375));
#4299=CARTESIAN_POINT('Origin',(-0.544691344403109,1.3289081411781,3.975));
#4300=CARTESIAN_POINT('',(-0.160356135903533,0.870875275688305,3.775));
#4301=CARTESIAN_POINT('Ctrl Pts',(0.00583969972068138,0.983955556881035,
3.975));
#4302=CARTESIAN_POINT('Ctrl Pts',(0.00583969972068138,0.983955556881035,
3.94988082510198));
#4303=CARTESIAN_POINT('Ctrl Pts',(0.00202326152884498,0.980691269861194,
3.92308858398615));
#4304=CARTESIAN_POINT('Ctrl Pts',(-0.0138259392848654,0.967818110236544,
3.87381071277828));
#4305=CARTESIAN_POINT('Ctrl Pts',(-0.0258738287979095,0.958226992113255,
3.85132531258427));
#4306=CARTESIAN_POINT('Ctrl Pts',(-0.0545202463143111,0.936919866066504,
3.81568492700969));
#4307=CARTESIAN_POINT('Ctrl Pts',(-0.0730574079425777,0.923766289821272,
3.80025539441295));
#4308=CARTESIAN_POINT('Ctrl Pts',(-0.114835089398692,0.896770344342532,
3.77990987514854));
#4309=CARTESIAN_POINT('Ctrl Pts',(-0.138090270591405,0.882946063776364,
3.775));
#4310=CARTESIAN_POINT('Ctrl Pts',(-0.160356135903532,0.870875275688305,
3.775));
#4311=CARTESIAN_POINT('',(0.327351228898688,0.289648271550629,3.775));
#4312=CARTESIAN_POINT('',(-0.160356135903533,0.870875275688305,3.775));
#4313=CARTESIAN_POINT('',(0.487930406985597,0.409422224541814,3.975));
#4314=CARTESIAN_POINT('Ctrl Pts',(0.327351228898689,0.289648271550628,3.775));
#4315=CARTESIAN_POINT('Ctrl Pts',(0.34836495392504,0.303524049935034,3.775));
#4316=CARTESIAN_POINT('Ctrl Pts',(0.370451357617838,0.318831929301162,3.77998357942825));
#4317=CARTESIAN_POINT('Ctrl Pts',(0.410467876542831,0.347842200507664,3.80037335720633));
#4318=CARTESIAN_POINT('Ctrl Pts',(0.42840652196178,0.36153423915761,3.81577754251222));
#4319=CARTESIAN_POINT('Ctrl Pts',(0.456408561240623,0.383476243814417,3.85133239782285));
#4320=CARTESIAN_POINT('Ctrl Pts',(0.468345892621438,0.393196742793442,3.87382059903702));
#4321=CARTESIAN_POINT('Ctrl Pts',(0.484102480846485,0.406174854489182,3.92309711790543));
#4322=CARTESIAN_POINT('Ctrl Pts',(0.487930406985598,0.409422224541812,3.94988536020755));
#4323=CARTESIAN_POINT('Ctrl Pts',(0.487930406985598,0.409422224541812,3.975));
#4324=CARTESIAN_POINT('',(0.487930406985596,0.409422224541814,3.975));
#4325=CARTESIAN_POINT('Origin',(0.005839699720678,0.983955556881035,-4.775));
#4326=CARTESIAN_POINT('',(0.487930406985597,0.409422224541814,4.575));
#4327=CARTESIAN_POINT('',(0.487930406985597,0.409422224541814,3.975));
#4328=CARTESIAN_POINT('',(0.005839699720679,0.983955556881037,4.575));
#4329=CARTESIAN_POINT('Origin',(-0.54469134440311,1.3289081411781,-3.975));
#4330=CARTESIAN_POINT('',(0.327351228898687,0.289648271550628,-3.775));
#4331=CARTESIAN_POINT('',(0.487930406985595,0.409422224541813,-3.975));
#4332=CARTESIAN_POINT('Ctrl Pts',(0.487930406985597,0.409422224541811,-3.975));
#4333=CARTESIAN_POINT('Ctrl Pts',(0.487930406985597,0.409422224541811,-3.94988536020755));
#4334=CARTESIAN_POINT('Ctrl Pts',(0.484102480846484,0.406174854489181,-3.92309711790543));
#4335=CARTESIAN_POINT('Ctrl Pts',(0.468345892621436,0.39319674279344,-3.87382059903702));
#4336=CARTESIAN_POINT('Ctrl Pts',(0.456408561240622,0.383476243814416,-3.85133239782285));
#4337=CARTESIAN_POINT('Ctrl Pts',(0.428406521961778,0.361534239157609,-3.81577754251222));
#4338=CARTESIAN_POINT('Ctrl Pts',(0.41046787654283,0.347842200507663,-3.80037335720633));
#4339=CARTESIAN_POINT('Ctrl Pts',(0.370451357617836,0.318831929301161,-3.77998357942825));
#4340=CARTESIAN_POINT('Ctrl Pts',(0.348364953925038,0.303524049935033,-3.775));
#4341=CARTESIAN_POINT('Ctrl Pts',(0.327351228898687,0.289648271550627,-3.775));
#4342=CARTESIAN_POINT('',(-0.160356135903535,0.870875275688304,-3.775));
#4343=CARTESIAN_POINT('',(0.327351228898687,0.289648271550627,-3.775));
#4344=CARTESIAN_POINT('Ctrl Pts',(-0.160356135903534,0.870875275688304,
-3.775));
#4345=CARTESIAN_POINT('Ctrl Pts',(-0.138090270591407,0.882946063776363,
-3.775));
#4346=CARTESIAN_POINT('Ctrl Pts',(-0.114835089398694,0.896770344342531,
-3.77990987514854));
#4347=CARTESIAN_POINT('Ctrl Pts',(-0.0730574079425792,0.923766289821271,
-3.80025539441295));
#4348=CARTESIAN_POINT('Ctrl Pts',(-0.0545202463143125,0.936919866066503,
-3.81568492700969));
#4349=CARTESIAN_POINT('Ctrl Pts',(-0.0258738287979109,0.958226992113254,
-3.85132531258427));
#4350=CARTESIAN_POINT('Ctrl Pts',(-0.013825939284867,0.967818110236543,
-3.87381071277828));
#4351=CARTESIAN_POINT('Ctrl Pts',(0.00202326152884344,0.980691269861192,
-3.92308858398615));
#4352=CARTESIAN_POINT('Ctrl Pts',(0.00583969972067985,0.983955556881034,
-3.94988082510198));
#4353=CARTESIAN_POINT('Ctrl Pts',(0.00583969972067985,0.983955556881034,
-3.975));
#4354=CARTESIAN_POINT('',(0.005839699720678,0.983955556881036,-3.975));
#4355=CARTESIAN_POINT('Origin',(0.005839699720678,0.983955556881035,-4.775));
#4356=CARTESIAN_POINT('',(0.487930406985595,0.409422224541813,-4.575));
#4357=CARTESIAN_POINT('',(0.487930406985595,0.409422224541813,-4.575));
#4358=CARTESIAN_POINT('',(0.487930406985595,0.409422224541813,-4.575));
#4359=CARTESIAN_POINT('Origin',(2.91680858357274,3.42654847368995,-4.575));
#4360=CARTESIAN_POINT('',(3.55210817946146,2.98057266328804,-4.575));
#4361=CARTESIAN_POINT('',(3.39889929083766,2.85201514135073,-4.775));
#4362=CARTESIAN_POINT('Origin',(3.39889929083766,2.85201514135073,-4.575));
#4363=CARTESIAN_POINT('',(3.39889929083766,2.85201514135073,-4.775));
#4364=CARTESIAN_POINT('',(3.07001747219654,3.55510599562726,-4.575));
#4365=CARTESIAN_POINT('Origin',(3.07001747219654,3.55510599562726,-4.775));
#4366=CARTESIAN_POINT('',(0.641139295609387,0.537979746479123,-4.775));
#4367=CARTESIAN_POINT('',(3.39889929083766,2.85201514135073,-4.775));
#4368=CARTESIAN_POINT('',(0.15904858834447,1.11251307881835,-4.775));
#4369=CARTESIAN_POINT('Origin',(0.15904858834447,1.11251307881835,-4.575));
#4370=CARTESIAN_POINT('Origin',(0.641139295609388,0.537979746479123,-4.575));
#4371=CARTESIAN_POINT('Origin',(2.91680858357274,3.42654847368995,4.575));
#4372=CARTESIAN_POINT('',(3.39889929083766,2.85201514135073,4.775));
#4373=CARTESIAN_POINT('Origin',(3.39889929083766,2.85201514135073,4.575));
#4374=CARTESIAN_POINT('',(2.91680858357274,3.42654847368995,4.775));
#4375=CARTESIAN_POINT('Origin',(0.00583969972068,0.983955556881038,4.775));
#4376=CARTESIAN_POINT('',(0.641139295609389,0.537979746479125,4.775));
#4377=CARTESIAN_POINT('',(0.64113929560939,0.537979746479125,4.775));
#4378=CARTESIAN_POINT('',(0.64113929560939,0.537979746479124,4.775));
#4379=CARTESIAN_POINT('Origin',(0.159048588344472,1.11251307881835,4.575));
#4380=CARTESIAN_POINT('Origin',(0.641139295609389,0.537979746479126,4.575));
#4381=CARTESIAN_POINT('Origin',(3.07001747219654,3.55510599562726,4.775));
#4382=CARTESIAN_POINT('',(3.55210817946146,2.98057266328804,-4.575));
#4383=CARTESIAN_POINT('Origin',(9.19253331742757,7.71345131623867,0.));
#4384=CARTESIAN_POINT('',(0.487930406985596,0.409422224541809,-3.975));
#4385=CARTESIAN_POINT('',(9.19253331742757,7.71345131623867,-2.425));
#4386=CARTESIAN_POINT('Origin',(-0.147374785675393,2.46919929944016,-3.775));
#4387=CARTESIAN_POINT('',(-0.636947909965878,-3.608225E-15,-3.775));
#4388=CARTESIAN_POINT('Origin',(-0.636947909965878,1.75,-3.775));
#4389=CARTESIAN_POINT('',(-10.5,-3.226586E-15,-3.775));
#4390=CARTESIAN_POINT('',(-10.5,-3.226586E-15,-3.775));
#4391=CARTESIAN_POINT('',(-10.5,0.749999999999997,-3.775));
#4392=CARTESIAN_POINT('',(-10.5,0.749999999999997,-3.775));
#4393=CARTESIAN_POINT('',(-0.636947909965878,0.749999999999996,-3.775));
#4394=CARTESIAN_POINT('',(-0.636947909965878,0.749999999999996,-3.775));
#4395=CARTESIAN_POINT('Origin',(-0.636947909965878,1.75,-3.775));
#4396=CARTESIAN_POINT('Origin',(-10.5,0.749999999999997,0.));
#4397=CARTESIAN_POINT('',(-10.5,0.749999999999997,3.775));
#4398=CARTESIAN_POINT('',(-0.636947909965878,0.749999999999996,3.775));
#4399=CARTESIAN_POINT('',(-10.5,0.749999999999997,3.775));
#4400=CARTESIAN_POINT('',(-0.636947909965878,0.749999999999996,-3.775));
#4401=CARTESIAN_POINT('',(-10.5,0.749999999999997,3.775));
#4402=CARTESIAN_POINT('Origin',(-0.636947909965878,1.75,0.));
#4403=CARTESIAN_POINT('Origin',(-0.636947909965878,1.75,3.775));
#4404=CARTESIAN_POINT('Origin',(8.71044261016265,8.28798464857789,0.));
#4405=CARTESIAN_POINT('Origin',(-0.636947909965878,1.75,0.));
#4406=CARTESIAN_POINT('',(-0.636947909965878,-3.608225E-15,3.775));
#4407=CARTESIAN_POINT('Origin',(-0.636947909965878,1.75,3.775));
#4408=CARTESIAN_POINT('',(-0.636947909965878,-3.608225E-15,-3.775));
#4409=CARTESIAN_POINT('Origin',(-0.636947909965878,-3.608225E-15,0.));
#4410=CARTESIAN_POINT('',(-10.5,-3.226586E-15,3.775));
#4411=CARTESIAN_POINT('',(-0.636947909965878,-3.608225E-15,3.775));
#4412=CARTESIAN_POINT('',(-10.5,-3.226586E-15,-3.775));
#4413=CARTESIAN_POINT('Origin',(-10.5,-3.226586E-15,0.));
#4414=CARTESIAN_POINT('',(-10.5,-3.219647E-15,3.775));
#4415=CARTESIAN_POINT('Origin',(-0.147374785675393,2.46919929944016,3.775));
#4416=CARTESIAN_POINT('',(0.,0.,0.));
#4417=CARTESIAN_POINT('Origin',(-5.551115E-16,0.60451537853048,0.));
#4418=CARTESIAN_POINT('',(1.5,0.054515378530481,-1.83697E-16));
#4419=CARTESIAN_POINT('Origin',(-1.850372E-16,0.05451537853048,0.));
#4420=CARTESIAN_POINT('',(1.5,0.60451537853048,-1.83697E-16));
#4421=CARTESIAN_POINT('Origin',(-5.551115E-16,0.60451537853048,0.));
#4422=CARTESIAN_POINT('Origin',(1.80214489785935,8.81176687136896,3.5));
#4423=CARTESIAN_POINT('',(2.33064198787342,8.81176687136896,3.00000000015936));
#4424=CARTESIAN_POINT('',(2.88628064800932,8.81176687136896,3.00000000001606));
#4425=CARTESIAN_POINT('',(2.33064198787342,8.81176687136896,3.));
#4426=CARTESIAN_POINT('',(1.80214489784913,8.81176687136896,3.49947077088258));
#4427=CARTESIAN_POINT('Origin',(1.77708755457914,8.81176687136896,2.94922685306694));
#4428=CARTESIAN_POINT('',(1.80214489785935,8.81176687136896,4.04973548094704));
#4429=CARTESIAN_POINT('',(1.80214489785935,8.81176687136896,3.49947077088258));
#4430=CARTESIAN_POINT('Origin',(1.77545542844536,8.81176687136896,2.94740381134218));
#4431=CARTESIAN_POINT('Origin',(2.61137375506835,9.31176687136895,3.));
#4432=CARTESIAN_POINT('',(2.33260708662974,8.81427315281486,2.95000000000783));
#4433=CARTESIAN_POINT('',(2.14378464288834,9.77845079756745,2.82053938307263));
#4434=CARTESIAN_POINT('Ctrl Pts',(2.14378464288834,9.77845079756745,2.82053938307263));
#4435=CARTESIAN_POINT('Ctrl Pts',(2.14416586354382,9.77698736894596,2.8167337647343));
#4436=CARTESIAN_POINT('Ctrl Pts',(2.14455875887029,9.77547742368953,2.81294615959275));
#4437=CARTESIAN_POINT('Ctrl Pts',(2.15153620926048,9.74862803389876,2.74791902661718));
#4438=CARTESIAN_POINT('Ctrl Pts',(2.16127078955223,9.71060585585995,2.69217872550731));
#4439=CARTESIAN_POINT('Ctrl Pts',(2.18289131072272,9.62243836726222,2.6031245768222));
#4440=CARTESIAN_POINT('Ctrl Pts',(2.19630433781816,9.56595570676443,2.56424682956008));
#4441=CARTESIAN_POINT('Ctrl Pts',(2.22391720952456,9.44221223895956,2.51268408857591));
#4442=CARTESIAN_POINT('Ctrl Pts',(2.23807580736397,9.37494185405468,2.5));
#4443=CARTESIAN_POINT('Ctrl Pts',(2.26290718412708,9.24920845846084,2.5));
#4444=CARTESIAN_POINT('Ctrl Pts',(2.27527834004456,9.18222517411298,2.51246267256187));
#4445=CARTESIAN_POINT('Ctrl Pts',(2.29657728375409,9.05863590576435,2.56365333412554));
#4446=CARTESIAN_POINT('Ctrl Pts',(2.30554689454457,9.00204210159675,2.60239331751493));
#4447=CARTESIAN_POINT('Ctrl Pts',(2.31895321460061,8.91334159569373,2.69154391916016));
#4448=CARTESIAN_POINT('Ctrl Pts',(2.32434126703175,8.87507802064658,2.7475671756309));
#4449=CARTESIAN_POINT('Ctrl Pts',(2.33039909239012,8.83094560070102,2.85433883584936));
#4450=CARTESIAN_POINT('Ctrl Pts',(2.33197485987414,8.81903687771461,2.90260153570944));
#4451=CARTESIAN_POINT('Ctrl Pts',(2.33260708662974,8.81427315281485,2.95000000000783));
#4452=CARTESIAN_POINT('Origin',(1.77643560594303,9.34182214788626,2.98008620191883));
#4453=CARTESIAN_POINT('',(2.88711575977859,8.8142731527666,2.950000000488));
#4454=CARTESIAN_POINT('Origin',(2.49003959085663,9.49435686178839,3.0018563534286));
#4455=CARTESIAN_POINT('',(2.70274728563821,9.81176687136895,3.));
#4456=CARTESIAN_POINT('Ctrl Pts',(2.88711575977859,8.81427315276659,2.950000000488));
#4457=CARTESIAN_POINT('Ctrl Pts',(2.88652470453737,8.81903805211986,2.90258985006483));
#4458=CARTESIAN_POINT('Ctrl Pts',(2.88505132954727,8.83095152690738,2.85431231082724));
#4459=CARTESIAN_POINT('Ctrl Pts',(2.87938623795831,8.87511116962531,2.74750350647796));
#4460=CARTESIAN_POINT('Ctrl Pts',(2.87434731277362,8.91340204681459,2.69145498044172));
#4461=CARTESIAN_POINT('Ctrl Pts',(2.86181855180793,9.00211272003249,2.60235101028543));
#4462=CARTESIAN_POINT('Ctrl Pts',(2.85344560254884,9.05865958434924,2.56364375953861));
#4463=CARTESIAN_POINT('Ctrl Pts',(2.8335616375492,9.18219852129599,2.51247347908108));
#4464=CARTESIAN_POINT('Ctrl Pts',(2.82201143775172,9.24917995540908,2.5));
#4465=CARTESIAN_POINT('Ctrl Pts',(2.79883780857466,9.37489060248534,2.5));
#4466=CARTESIAN_POINT('Ctrl Pts',(2.78563444605567,9.44212171773097,2.51266613423561));
#4467=CARTESIAN_POINT('Ctrl Pts',(2.75989410145412,9.56579504866098,2.56416015993943));
#4468=CARTESIAN_POINT('Ctrl Pts',(2.74739584781971,9.62224558587131,2.60298741716674));
#4469=CARTESIAN_POINT('Ctrl Pts',(2.72722590570663,9.71049193636327,2.69200765402843));
#4470=CARTESIAN_POINT('Ctrl Pts',(2.71814039524178,9.74857276763821,2.74780999601468));
#4471=CARTESIAN_POINT('Ctrl Pts',(2.70587771956697,9.79921626019735,2.87041498127032));
#4472=CARTESIAN_POINT('Ctrl Pts',(2.70274728563821,9.81176687136895,2.93722727100564));
#4473=CARTESIAN_POINT('Ctrl Pts',(2.70274728563821,9.81176687136895,3.));
#4474=CARTESIAN_POINT('',(2.1356582468946,9.81176687136895,3.));
#4475=CARTESIAN_POINT('',(2.70274728563821,9.81176687136895,3.));
#4476=CARTESIAN_POINT('Ctrl Pts',(2.1356582468946,9.81176687136895,3.));
#4477=CARTESIAN_POINT('Ctrl Pts',(2.1356582468946,9.81176687136895,2.95313817979165));
#4478=CARTESIAN_POINT('Ctrl Pts',(2.13717363200997,9.80474289667101,2.90249459262979));
#4479=CARTESIAN_POINT('Ctrl Pts',(2.14168812724384,9.78660348072316,2.84292393000603));
#4480=CARTESIAN_POINT('Ctrl Pts',(2.14267379350979,9.78271512257546,2.83162867927254));
#4481=CARTESIAN_POINT('Ctrl Pts',(2.14378464288834,9.77845079756745,2.82053938307263));
#4482=CARTESIAN_POINT('Origin',(2.70274728563821,9.81176687136895,3.5));
#4483=CARTESIAN_POINT('',(2.70274728563821,9.81176687136895,3.5));
#4484=CARTESIAN_POINT('',(2.70274728563821,9.81176687136895,3.5));
#4485=CARTESIAN_POINT('',(2.1356582468946,9.81176687136895,3.5));
#4486=CARTESIAN_POINT('',(2.1356582468946,9.81176687136895,3.5));
#4487=CARTESIAN_POINT('',(2.1356582468946,9.81176687136895,3.));
#4488=CARTESIAN_POINT('Origin',(-1.99189191429374,9.81176687136895,3.5));
#4489=CARTESIAN_POINT('',(-1.99189191429374,9.81176687136895,3.));
#4490=CARTESIAN_POINT('',(-2.55898095303734,9.81176687136895,3.));
#4491=CARTESIAN_POINT('',(-1.99189191429374,9.81176687136895,3.));
#4492=CARTESIAN_POINT('',(-1.99189191429374,9.81176687136895,3.5));
#4493=CARTESIAN_POINT('',(-1.99189191429374,9.81176687136895,3.5));
#4494=CARTESIAN_POINT('',(-2.55898095303734,9.81176687136895,3.5));
#4495=CARTESIAN_POINT('',(-2.55898095303734,9.81176687136895,3.5));
#4496=CARTESIAN_POINT('',(-2.55898095303734,9.81176687136895,3.));
#4497=CARTESIAN_POINT('Origin',(-2.55994691569735,9.31176687136895,3.));
#4498=CARTESIAN_POINT('',(-2.00001831028748,9.77845079756745,2.82053938307263));
#4499=CARTESIAN_POINT('',(-2.18884075402877,8.81427315281564,2.95));
#4500=CARTESIAN_POINT('Ctrl Pts',(-2.18884075402877,8.81427315281564,2.95));
#4501=CARTESIAN_POINT('Ctrl Pts',(-2.1882085272731,8.8190368777159,2.90260153570413));
#4502=CARTESIAN_POINT('Ctrl Pts',(-2.18663275978911,8.83094560070205,2.85433883584687));
#4503=CARTESIAN_POINT('Ctrl Pts',(-2.18057493443088,8.87507802064657,2.7475671756309));
#4504=CARTESIAN_POINT('Ctrl Pts',(-2.17518688199974,8.91334159569372,2.69154391916017));
#4505=CARTESIAN_POINT('Ctrl Pts',(-2.1617805619437,9.00204210159675,2.60239331751494));
#4506=CARTESIAN_POINT('Ctrl Pts',(-2.15281095115322,9.05863590576435,2.56365333412554));
#4507=CARTESIAN_POINT('Ctrl Pts',(-2.1315120074437,9.18222517411298,2.51246267256187));
#4508=CARTESIAN_POINT('Ctrl Pts',(-2.11914085152622,9.24920845846084,2.5));
#4509=CARTESIAN_POINT('Ctrl Pts',(-2.0943094747631,9.37494185405468,2.5));
#4510=CARTESIAN_POINT('Ctrl Pts',(-2.08015087692369,9.44221223895956,2.51268408857591));
#4511=CARTESIAN_POINT('Ctrl Pts',(-2.0525380052173,9.56595570676443,2.56424682956008));
#4512=CARTESIAN_POINT('Ctrl Pts',(-2.03912497812185,9.62243836726222,2.6031245768222));
#4513=CARTESIAN_POINT('Ctrl Pts',(-2.01750445695136,9.71060585585995,2.69217872550731));
#4514=CARTESIAN_POINT('Ctrl Pts',(-2.00776987665962,9.74862803389876,2.74791902661718));
#4515=CARTESIAN_POINT('Ctrl Pts',(-2.00079242626942,9.77547742368953,2.81294615959275));
#4516=CARTESIAN_POINT('Ctrl Pts',(-2.00039953094296,9.77698736894596,2.8167337647343));
#4517=CARTESIAN_POINT('Ctrl Pts',(-2.00001831028748,9.77845079756745,2.82053938307263));
#4518=CARTESIAN_POINT('Ctrl Pts',(-2.00001831028748,9.77845079756745,2.82053938307263));
#4519=CARTESIAN_POINT('Ctrl Pts',(-1.99890746090892,9.78271512257546,2.83162867927254));
#4520=CARTESIAN_POINT('Ctrl Pts',(-1.99792179464297,9.78660348072316,2.84292393000603));
#4521=CARTESIAN_POINT('Ctrl Pts',(-1.99340729940911,9.80474289667101,2.90249459262979));
#4522=CARTESIAN_POINT('Ctrl Pts',(-1.99189191429373,9.81176687136895,2.95313817979165));
#4523=CARTESIAN_POINT('Ctrl Pts',(-1.99189191429373,9.81176687136895,3.));
#4524=CARTESIAN_POINT('',(-2.74334942717773,8.81427315276659,2.950000000488));
#4525=CARTESIAN_POINT('Ctrl Pts',(-2.55898095303734,9.81176687136895,3.));
#4526=CARTESIAN_POINT('Ctrl Pts',(-2.55898095303734,9.81176687136895,2.93722727100564));
#4527=CARTESIAN_POINT('Ctrl Pts',(-2.56211138696611,9.79921626019735,2.87041498127032));
#4528=CARTESIAN_POINT('Ctrl Pts',(-2.57437406264091,9.74857276763821,2.74780999601468));
#4529=CARTESIAN_POINT('Ctrl Pts',(-2.58345957310577,9.71049193636327,2.69200765402843));
#4530=CARTESIAN_POINT('Ctrl Pts',(-2.60362951521884,9.62224558587131,2.60298741716674));
#4531=CARTESIAN_POINT('Ctrl Pts',(-2.61612776885326,9.56579504866098,2.56416015993944));
#4532=CARTESIAN_POINT('Ctrl Pts',(-2.6418681134548,9.44212171773097,2.51266613423562));
#4533=CARTESIAN_POINT('Ctrl Pts',(-2.65507147597379,9.37489060248534,2.5));
#4534=CARTESIAN_POINT('Ctrl Pts',(-2.67824510515085,9.24917995540907,2.5));
#4535=CARTESIAN_POINT('Ctrl Pts',(-2.68979530494833,9.18219852129598,2.51247347908108));
#4536=CARTESIAN_POINT('Ctrl Pts',(-2.70967926994798,9.05865958434924,2.56364375953861));
#4537=CARTESIAN_POINT('Ctrl Pts',(-2.71805221920707,9.00211272003249,2.60235101028543));
#4538=CARTESIAN_POINT('Ctrl Pts',(-2.73058098017275,8.91340204681459,2.69145498044172));
#4539=CARTESIAN_POINT('Ctrl Pts',(-2.73561990535744,8.87511116962531,2.74750350647796));
#4540=CARTESIAN_POINT('Ctrl Pts',(-2.7412849969464,8.83095152690738,2.85431231082724));
#4541=CARTESIAN_POINT('Ctrl Pts',(-2.7427583719365,8.81903805211986,2.90258985006483));
#4542=CARTESIAN_POINT('Ctrl Pts',(-2.74334942717773,8.81427315276659,2.950000000488));
#4543=CARTESIAN_POINT('',(-2.74251431540846,8.81176687136895,3.00000000001606));
#4544=CARTESIAN_POINT('Origin',(-2.42670292977986,9.35616209628822,2.9963638828351));
#4545=CARTESIAN_POINT('',(-2.18687565527255,8.81176687136895,3.00000000015936));
#4546=CARTESIAN_POINT('',(-2.74251431540846,8.81176687136895,3.));
#4547=CARTESIAN_POINT('Origin',(-1.62849246195798,9.34578869826588,2.9801859571755));
#4548=CARTESIAN_POINT('Origin',(-2.74365993949706,8.81176687136895,3.5));
#4549=CARTESIAN_POINT('',(-1.65837856525849,8.81176687136895,4.04973548094704));
#4550=CARTESIAN_POINT('Origin',(-1.63168909584451,8.81176687136895,2.94740381134219));
#4551=CARTESIAN_POINT('',(-1.65837856526949,8.81176687136895,3.49947077088166));
#4552=CARTESIAN_POINT('',(-1.65837856525849,8.81176687136895,3.49947077088166));
#4553=CARTESIAN_POINT('Origin',(-1.63332122197836,8.81176687136895,2.94922685306705));
#4554=CARTESIAN_POINT('Origin',(2.17439038550965,5.71176687136893,3.5));
#4555=CARTESIAN_POINT('',(2.17439038550965,5.71176687136893,3.));
#4556=CARTESIAN_POINT('',(2.72468672641945,5.71176687136893,3.));
#4557=CARTESIAN_POINT('',(2.17439038550965,5.71176687136893,3.));
#4558=CARTESIAN_POINT('',(2.17439038550965,5.71176687136893,3.5));
#4559=CARTESIAN_POINT('',(2.17439038550965,5.71176687136893,3.5));
#4560=CARTESIAN_POINT('',(2.72468672641945,5.71176687136893,3.5));
#4561=CARTESIAN_POINT('',(2.72468672641945,5.71176687136893,3.5));
#4562=CARTESIAN_POINT('',(2.72468672641945,5.71176687136893,3.));
#4563=CARTESIAN_POINT('Origin',(2.70781463276195,6.21176687136895,3.));
#4564=CARTESIAN_POINT('',(2.20166084170901,5.98200535879629,2.55591707155045));
#4565=CARTESIAN_POINT('',(2.33260708662964,6.70926058992226,2.95));
#4566=CARTESIAN_POINT('Ctrl Pts',(2.33260708662964,6.70926058992226,2.95));
#4567=CARTESIAN_POINT('Ctrl Pts',(2.33197485987397,6.70449686502201,2.90260153570413));
#4568=CARTESIAN_POINT('Ctrl Pts',(2.33039909238998,6.69258814203585,2.85433883584687));
#4569=CARTESIAN_POINT('Ctrl Pts',(2.32434126703175,6.64845572209133,2.7475671756309));
#4570=CARTESIAN_POINT('Ctrl Pts',(2.31895321460061,6.61019214704418,2.69154391916017));
#4571=CARTESIAN_POINT('Ctrl Pts',(2.30554689454457,6.52149164114115,2.60239331751494));
#4572=CARTESIAN_POINT('Ctrl Pts',(2.29657728375409,6.46489783697355,2.56365333412554));
#4573=CARTESIAN_POINT('Ctrl Pts',(2.27527834004457,6.34130856862492,2.51246267256188));
#4574=CARTESIAN_POINT('Ctrl Pts',(2.26290718412709,6.27432528427706,2.5));
#4575=CARTESIAN_POINT('Ctrl Pts',(2.23807580736397,6.14859188868322,2.5));
#4576=CARTESIAN_POINT('Ctrl Pts',(2.22391720952456,6.08132150377834,2.51268408857591));
#4577=CARTESIAN_POINT('Ctrl Pts',(2.20727245606128,6.00673022127055,2.54376557552512));
#4578=CARTESIAN_POINT('Ctrl Pts',(2.20444941324112,5.99422582090404,2.54959439693647));
#4579=CARTESIAN_POINT('Ctrl Pts',(2.20166084170901,5.98200535879629,2.55591707155046));
#4580=CARTESIAN_POINT('Ctrl Pts',(2.20166084170901,5.98200535879629,2.55591707155046));
#4581=CARTESIAN_POINT('Ctrl Pts',(2.1912020524395,5.93617141247082,2.57963083346353));
#4582=CARTESIAN_POINT('Ctrl Pts',(2.1847148181535,5.89385202700469,2.61088023226571));
#4583=CARTESIAN_POINT('Ctrl Pts',(2.17587476514791,5.81416603917766,2.69040403413622));
#4584=CARTESIAN_POINT('Ctrl Pts',(2.17446273723215,5.77557484846444,2.74663340210309));
#4585=CARTESIAN_POINT('Ctrl Pts',(2.17387217306314,5.7243763404167,2.86996698103297));
#4586=CARTESIAN_POINT('Ctrl Pts',(2.17439038550965,5.71176687136895,2.93706866026895));
#4587=CARTESIAN_POINT('Ctrl Pts',(2.17439038550965,5.71176687136895,3.));
#4588=CARTESIAN_POINT('',(2.73787756305664,5.85964675571829,2.645019120944));
#4589=CARTESIAN_POINT('Ctrl Pts',(2.72468672641945,5.71176687136895,3.));
#4590=CARTESIAN_POINT('Ctrl Pts',(2.72468672641945,5.71176687136895,2.93032882381495));
#4591=CARTESIAN_POINT('Ctrl Pts',(2.72333299161714,5.72721296301349,2.85666853010033));
#4592=CARTESIAN_POINT('Ctrl Pts',(2.72542534446935,5.78316038736297,2.73553415208463));
#4593=CARTESIAN_POINT('Ctrl Pts',(2.72854209253387,5.81873557187945,2.68560060520351));
#4594=CARTESIAN_POINT('Ctrl Pts',(2.73787756311008,5.85964675595243,2.64501912119234));
#4595=CARTESIAN_POINT('',(2.88711575977859,6.70926058997131,2.950000000488));
#4596=CARTESIAN_POINT('Ctrl Pts',(2.73787756311005,5.85964675595232,2.64501912119245));
#4597=CARTESIAN_POINT('Ctrl Pts',(2.74794473750226,5.9037645136837,2.60125690505146));
#4598=CARTESIAN_POINT('Ctrl Pts',(2.76017842178146,5.95910475356358,2.56359137197367));
#4599=CARTESIAN_POINT('Ctrl Pts',(2.78563444605567,6.08141202500693,2.51266613423561));
#4600=CARTESIAN_POINT('Ctrl Pts',(2.79883780857466,6.14864314025256,2.5));
#4601=CARTESIAN_POINT('Ctrl Pts',(2.82201143775172,6.27435378732883,2.5));
#4602=CARTESIAN_POINT('Ctrl Pts',(2.8335616375492,6.34133522144192,2.51247347908108));
#4603=CARTESIAN_POINT('Ctrl Pts',(2.85344560254884,6.46487415838866,2.56364375953861));
#4604=CARTESIAN_POINT('Ctrl Pts',(2.86181855180793,6.52142102270541,2.60235101028543));
#4605=CARTESIAN_POINT('Ctrl Pts',(2.87434731277362,6.61013169592331,2.69145498044172));
#4606=CARTESIAN_POINT('Ctrl Pts',(2.87938623795831,6.64842257311259,2.74750350647796));
#4607=CARTESIAN_POINT('Ctrl Pts',(2.88505132954727,6.69258221583052,2.85431231082724));
#4608=CARTESIAN_POINT('Ctrl Pts',(2.88652470453737,6.70449569061804,2.90258985006483));
#4609=CARTESIAN_POINT('Ctrl Pts',(2.88711575977859,6.70926058997131,2.950000000488));
#4610=CARTESIAN_POINT('',(2.88628064800933,6.71176687136895,3.00000000001606));
#4611=CARTESIAN_POINT('Origin',(2.5704692887182,6.16737169168741,2.99636388097842));
#4612=CARTESIAN_POINT('',(2.33064198787342,6.71176687136895,3.00000000015936));
#4613=CARTESIAN_POINT('',(2.88628064800933,6.71176687136895,3.));
#4614=CARTESIAN_POINT('Origin',(1.77225879533741,6.1777450452136,2.9801859571682));
#4615=CARTESIAN_POINT('Origin',(2.88742627209793,6.71176687136895,3.5));
#4616=CARTESIAN_POINT('',(1.80214489785935,6.71176687136895,4.04973548094704));
#4617=CARTESIAN_POINT('Origin',(1.77545542844536,6.71176687136895,2.94740381134217));
#4618=CARTESIAN_POINT('',(1.80214489787036,6.71176687136896,3.49947077088166));
#4619=CARTESIAN_POINT('',(1.80214489785935,6.71176687136895,3.49947077088166));
#4620=CARTESIAN_POINT('Origin',(1.77708755457919,6.71176687136895,2.94922685306699));
#4621=CARTESIAN_POINT('Origin',(-2.58092039381858,5.71176687136894,3.5));
#4622=CARTESIAN_POINT('',(-2.58092039381858,5.71176687136894,3.));
#4623=CARTESIAN_POINT('',(-2.03062405290878,5.71176687136895,3.));
#4624=CARTESIAN_POINT('',(-2.58092039381858,5.71176687136894,3.));
#4625=CARTESIAN_POINT('',(-2.58092039381858,5.71176687136894,3.5));
#4626=CARTESIAN_POINT('',(-2.58092039381858,5.71176687136894,3.5));
#4627=CARTESIAN_POINT('',(-2.03062405290878,5.71176687136895,3.5));
#4628=CARTESIAN_POINT('',(-2.03062405290878,5.71176687136895,3.5));
#4629=CARTESIAN_POINT('',(-2.03062405290878,5.71176687136895,3.));
#4630=CARTESIAN_POINT('Origin',(-2.02140761304179,6.21176687136895,3.));
#4631=CARTESIAN_POINT('',(-2.59411123045578,5.85964675571827,2.64501912094401));
#4632=CARTESIAN_POINT('',(-2.74334942717773,6.7092605899713,2.950000000488));
#4633=CARTESIAN_POINT('Ctrl Pts',(-2.74334942717772,6.7092605899713,2.950000000488));
#4634=CARTESIAN_POINT('Ctrl Pts',(-2.7427583719365,6.70449569061804,2.90258985006483));
#4635=CARTESIAN_POINT('Ctrl Pts',(-2.7412849969464,6.69258221583051,2.85431231082724));
#4636=CARTESIAN_POINT('Ctrl Pts',(-2.73561990535744,6.64842257311259,2.74750350647796));
#4637=CARTESIAN_POINT('Ctrl Pts',(-2.73058098017275,6.6101316959233,2.69145498044172));
#4638=CARTESIAN_POINT('Ctrl Pts',(-2.71805221920707,6.52142102270541,2.60235101028543));
#4639=CARTESIAN_POINT('Ctrl Pts',(-2.70967926994797,6.46487415838866,2.56364375953861));
#4640=CARTESIAN_POINT('Ctrl Pts',(-2.68979530494833,6.34133522144191,2.51247347908108));
#4641=CARTESIAN_POINT('Ctrl Pts',(-2.67824510515085,6.27435378732882,2.5));
#4642=CARTESIAN_POINT('Ctrl Pts',(-2.65507147597379,6.14864314025255,2.5));
#4643=CARTESIAN_POINT('Ctrl Pts',(-2.6418681134548,6.08141202500693,2.51266613423561));
#4644=CARTESIAN_POINT('Ctrl Pts',(-2.61641208918059,5.95910475356357,2.56359137197367));
#4645=CARTESIAN_POINT('Ctrl Pts',(-2.60417840490139,5.90376451368369,2.60125690505146));
#4646=CARTESIAN_POINT('Ctrl Pts',(-2.59411123050918,5.85964675595231,2.64501912119246));
#4647=CARTESIAN_POINT('Ctrl Pts',(-2.59411123050921,5.85964675595242,2.64501912119235));
#4648=CARTESIAN_POINT('Ctrl Pts',(-2.584775759933,5.81873557187944,2.68560060520352));
#4649=CARTESIAN_POINT('Ctrl Pts',(-2.58165901186848,5.78316038736296,2.73553415208464));
#4650=CARTESIAN_POINT('Ctrl Pts',(-2.57956665901627,5.72721296301348,2.85666853010033));
#4651=CARTESIAN_POINT('Ctrl Pts',(-2.58092039381858,5.71176687136895,2.93032882381495));
#4652=CARTESIAN_POINT('Ctrl Pts',(-2.58092039381858,5.71176687136895,3.));
#4653=CARTESIAN_POINT('',(-2.05789450910814,5.98200535879628,2.55591707155046));
#4654=CARTESIAN_POINT('Ctrl Pts',(-2.03062405290878,5.71176687136895,3.));
#4655=CARTESIAN_POINT('Ctrl Pts',(-2.03062405290878,5.71176687136895,2.93706866026895));
#4656=CARTESIAN_POINT('Ctrl Pts',(-2.03010584046227,5.7243763404167,2.86996698103297));
#4657=CARTESIAN_POINT('Ctrl Pts',(-2.03069640463128,5.77557484846443,2.74663340210309));
#4658=CARTESIAN_POINT('Ctrl Pts',(-2.03210843254704,5.81416603917765,2.69040403413622));
#4659=CARTESIAN_POINT('Ctrl Pts',(-2.04094848555263,5.89385202700468,2.61088023226571));
#4660=CARTESIAN_POINT('Ctrl Pts',(-2.04743571983863,5.93617141247082,2.57963083346353));
#4661=CARTESIAN_POINT('Ctrl Pts',(-2.05789450910814,5.98200535879628,2.55591707155046));
#4662=CARTESIAN_POINT('',(-2.18884075402887,6.70926058992305,2.95000000000783));
#4663=CARTESIAN_POINT('Ctrl Pts',(-2.05789450910814,5.98200535879628,2.55591707155046));
#4664=CARTESIAN_POINT('Ctrl Pts',(-2.06068308064025,5.99422582090403,2.54959439693647));
#4665=CARTESIAN_POINT('Ctrl Pts',(-2.06350612346041,6.00673022127054,2.54376557552512));
#4666=CARTESIAN_POINT('Ctrl Pts',(-2.08015087692369,6.08132150377834,2.51268408857591));
#4667=CARTESIAN_POINT('Ctrl Pts',(-2.0943094747631,6.14859188868321,2.5));
#4668=CARTESIAN_POINT('Ctrl Pts',(-2.11914085152621,6.27432528427706,2.5));
#4669=CARTESIAN_POINT('Ctrl Pts',(-2.13151200744369,6.34130856862491,2.51246267256187));
#4670=CARTESIAN_POINT('Ctrl Pts',(-2.15281095115322,6.46489783697354,2.56365333412554));
#4671=CARTESIAN_POINT('Ctrl Pts',(-2.1617805619437,6.52149164114114,2.60239331751493));
#4672=CARTESIAN_POINT('Ctrl Pts',(-2.17518688199974,6.61019214704417,2.69154391916016));
#4673=CARTESIAN_POINT('Ctrl Pts',(-2.18057493443088,6.64845572209132,2.7475671756309));
#4674=CARTESIAN_POINT('Ctrl Pts',(-2.18663275978925,6.69258814203687,2.85433883584936));
#4675=CARTESIAN_POINT('Ctrl Pts',(-2.18820852727327,6.70449686502329,2.90260153570945));
#4676=CARTESIAN_POINT('Ctrl Pts',(-2.18884075402887,6.70926058992305,2.95000000000783));
#4677=CARTESIAN_POINT('',(-2.18687565527255,6.71176687136895,3.00000000015936));
#4678=CARTESIAN_POINT('Origin',(-1.63266927411185,6.1817115955846,2.98008620191502));
#4679=CARTESIAN_POINT('',(-2.74251431540846,6.71176687136895,3.00000000001606));
#4680=CARTESIAN_POINT('',(-2.18687565527255,6.71176687136895,3.));
#4681=CARTESIAN_POINT('Origin',(-2.34627325102122,6.02917686852988,3.00185635403253));
#4682=CARTESIAN_POINT('Origin',(-1.65837856525849,6.71176687136895,3.5));
#4683=CARTESIAN_POINT('',(-1.65837856524826,6.71176687136895,3.49947077088258));
#4684=CARTESIAN_POINT('Origin',(-1.63332122197823,6.71176687136895,2.94922685306691));
#4685=CARTESIAN_POINT('',(-1.65837856525849,6.71176687136895,4.04973548094704));
#4686=CARTESIAN_POINT('',(-1.65837856525849,6.71176687136895,3.49947077088258));
#4687=CARTESIAN_POINT('Origin',(-1.6316890958445,6.71176687136895,2.94740381134218));
#4688=CARTESIAN_POINT('Origin',(-5.59785510214064,7.76176687136894,2.95));
#4689=CARTESIAN_POINT('Origin',(-5.59785510214064,7.76176687136894,2.95));
#4690=CARTESIAN_POINT('',(1.77782057353503,8.81148508462724,4.05));
#4691=CARTESIAN_POINT('Origin',(1.86643064654051,7.66367975427447,2.97235874726042));
#4692=CARTESIAN_POINT('',(1.77782057353503,6.71204865811068,4.05));
#4693=CARTESIAN_POINT('Origin',(-5.59785510214064,7.76176687136894,4.05));
#4694=CARTESIAN_POINT('Origin',(1.87105311707843,7.92924413741152,2.90722554895089));
#4695=CARTESIAN_POINT('Origin',(1.98520103113823,7.76176687136896,4.05));
#4696=CARTESIAN_POINT('Origin',(1.80214489785935,7.76176687136896,4.05));
#4697=CARTESIAN_POINT('Origin',(1.80214489785935,7.76176687136896,3.5));
#4698=CARTESIAN_POINT('',(1.77782057353502,8.81148508462724,3.5));
#4699=CARTESIAN_POINT('Origin',(1.8181595059975,8.45613664789586,2.83176100119777));
#4700=CARTESIAN_POINT('',(1.77782057353503,6.71204865811068,3.5));
#4701=CARTESIAN_POINT('Origin',(1.80214489785935,7.76176687136896,3.5));
#4702=CARTESIAN_POINT('Origin',(1.82168392399048,7.11394693106794,2.74428885854753));
#4703=CARTESIAN_POINT('Origin',(5.74162143474151,7.76176687136895,2.95));
#4704=CARTESIAN_POINT('',(-1.63405424093417,6.71204865811066,4.05));
#4705=CARTESIAN_POINT('Origin',(-1.72266414209843,7.85985140807456,2.97236116931825));
#4706=CARTESIAN_POINT('',(-1.63405424093417,8.81148508462723,4.05));
#4707=CARTESIAN_POINT('Origin',(5.74162143474151,7.76176687136895,4.05));
#4708=CARTESIAN_POINT('Origin',(-1.72728665804364,7.59429154024051,2.9072273650425));
#4709=CARTESIAN_POINT('Origin',(5.74162143474151,7.76176687136895,2.95));
#4710=CARTESIAN_POINT('Origin',(-1.84143469853736,7.76176687136895,4.05));
#4711=CARTESIAN_POINT('Origin',(-1.65837856525849,7.76176687136895,4.05));
#4712=CARTESIAN_POINT('Origin',(-1.65837856525849,7.76176687136895,3.5));
#4713=CARTESIAN_POINT('',(-1.63405424093416,6.71204865811067,3.5));
#4714=CARTESIAN_POINT('Origin',(-1.67439317541542,7.0673971213713,2.83176095135443));
#4715=CARTESIAN_POINT('',(-1.63405424093416,8.81148508462723,3.5));
#4716=CARTESIAN_POINT('Origin',(-1.65837856525849,7.76176687136895,3.5));
#4717=CARTESIAN_POINT('Origin',(-1.67791758109822,8.40958694660061,2.74428911207811));
#4718=CARTESIAN_POINT('Origin',(-5.59785510214064,7.76176687136894,2.95));
#4719=CARTESIAN_POINT('Origin',(-5.59785510214064,7.76176687136894,2.95));
#4720=CARTESIAN_POINT('Origin',(-5.59785510214064,7.76176687136894,3.5));
#4721=CARTESIAN_POINT('Origin',(1.98520103113823,7.76176687136896,3.5));
#4722=CARTESIAN_POINT('Origin',(5.74162143474151,7.76176687136895,2.95));
#4723=CARTESIAN_POINT('Origin',(5.74162143474151,7.76176687136895,2.95));
#4724=CARTESIAN_POINT('Origin',(5.74162143474151,7.76176687136895,3.5));
#4725=CARTESIAN_POINT('Origin',(-1.84143469853736,7.76176687136895,3.5));
#4726=CARTESIAN_POINT('Origin',(2.74708088322522,5.09001235765936,3.5));
#4727=CARTESIAN_POINT('',(-2.08839081643094,10.5629164196537,3.5));
#4728=CARTESIAN_POINT('Origin',(-3.06449377522897,10.0557448374197,3.5));
#4729=CARTESIAN_POINT('',(-3.06185619957593,12.4364489164664,3.5));
#4730=CARTESIAN_POINT('',(-3.06185619957593,12.4364489164664,3.5));
#4731=CARTESIAN_POINT('',(-3.54990767897494,12.1828631253494,3.5));
#4732=CARTESIAN_POINT('',(-3.54990767897494,12.1828631253494,3.5));
#4733=CARTESIAN_POINT('',(-2.57644229582996,10.3093306285368,3.5));
#4734=CARTESIAN_POINT('',(-2.57644229582996,10.3093306285368,3.5));
#4735=CARTESIAN_POINT('',(-2.53225604275822,9.91709781749361,3.5));
#4736=CARTESIAN_POINT('Origin',(-3.06449377522897,10.0557448374198,3.5));
#4737=CARTESIAN_POINT('Origin',(5.74162143474151,7.76176687136895,3.5));
#4738=CARTESIAN_POINT('Origin',(-3.06449377522897,10.0557448374197,0.));
#4739=CARTESIAN_POINT('',(-2.00001831028748,9.77845079756745,-3.5));
#4740=CARTESIAN_POINT('',(-2.00001831028748,9.77845079756745,2.82053938307263));
#4741=CARTESIAN_POINT('',(-2.08839081643094,10.5629164196537,-3.5));
#4742=CARTESIAN_POINT('Origin',(-3.06449377522897,10.0557448374197,-3.5));
#4743=CARTESIAN_POINT('',(-2.08839081643094,10.5629164196537,-3.5));
#4744=CARTESIAN_POINT('Origin',(3.20826010782983,10.0557448374197,0.));
#4745=CARTESIAN_POINT('',(2.14378464288834,9.77845079756745,-3.5));
#4746=CARTESIAN_POINT('',(2.14378464288834,9.77845079756745,-3.5));
#4747=CARTESIAN_POINT('',(2.2321571490318,10.5629164196537,3.5));
#4748=CARTESIAN_POINT('Origin',(3.20826010782983,10.0557448374197,3.5));
#4749=CARTESIAN_POINT('',(2.2321571490318,10.5629164196537,-3.5));
#4750=CARTESIAN_POINT('',(2.2321571490318,10.5629164196537,3.5));
#4751=CARTESIAN_POINT('Origin',(3.20826010782983,10.0557448374197,-3.5));
#4752=CARTESIAN_POINT('Origin',(2.74708088322522,5.09001235765936,3.5));
#4753=CARTESIAN_POINT('',(2.67602237535909,9.9170978174936,3.5));
#4754=CARTESIAN_POINT('Origin',(-5.59785510214064,7.76176687136894,3.5));
#4755=CARTESIAN_POINT('',(2.72020862843082,10.3093306285368,3.5));
#4756=CARTESIAN_POINT('Origin',(3.20826010782983,10.0557448374198,3.5));
#4757=CARTESIAN_POINT('',(3.6936740115758,12.1828631253494,3.5));
#4758=CARTESIAN_POINT('',(3.6936740115758,12.1828631253494,3.5));
#4759=CARTESIAN_POINT('',(3.20562253217679,12.4364489164664,3.5));
#4760=CARTESIAN_POINT('',(3.20562253217679,12.4364489164664,3.5));
#4761=CARTESIAN_POINT('',(2.2321571490318,10.5629164196537,3.5));
#4762=CARTESIAN_POINT('Origin',(3.27409428397435,5.7372881507562,0.));
#4763=CARTESIAN_POINT('',(2.73787756283553,5.85964675474927,-3.5));
#4764=CARTESIAN_POINT('',(2.73787756283553,5.85964675474927,-3.5));
#4765=CARTESIAN_POINT('',(2.79778031189291,5.4622881507562,3.5));
#4766=CARTESIAN_POINT('Origin',(3.27409428397435,5.7372881507562,3.5));
#4767=CARTESIAN_POINT('',(2.79778031189291,5.4622881507562,-3.5));
#4768=CARTESIAN_POINT('',(2.79778031189291,5.4622881507562,3.5));
#4769=CARTESIAN_POINT('Origin',(3.27409428397435,5.7372881507562,-3.5));
#4770=CARTESIAN_POINT('Origin',(3.27409428397434,5.73728815075621,0.));
#4771=CARTESIAN_POINT('',(2.20166084169671,5.98200535874236,-3.5));
#4772=CARTESIAN_POINT('',(2.20166084169671,5.98200535874236,2.55591707155045));
#4773=CARTESIAN_POINT('',(2.32146633981146,5.18728815075621,-3.5));
#4774=CARTESIAN_POINT('Origin',(3.27409428397434,5.73728815075621,-3.5));
#4775=CARTESIAN_POINT('',(2.32146633981146,5.18728815075621,3.5));
#4776=CARTESIAN_POINT('',(2.32146633981146,5.18728815075621,-3.5));
#4777=CARTESIAN_POINT('Origin',(3.27409428397434,5.73728815075621,3.5));
#4778=CARTESIAN_POINT('Origin',(2.74708088322522,5.09001235765936,3.5));
#4779=CARTESIAN_POINT('',(3.56422254216632,3.03477126685625,3.5));
#4780=CARTESIAN_POINT('',(3.56422254216632,3.03477126685625,3.5));
#4781=CARTESIAN_POINT('',(3.63790857008488,2.75977126685625,3.5));
#4782=CARTESIAN_POINT('Origin',(3.08790857008487,2.75977126685625,3.5));
#4783=CARTESIAN_POINT('',(3.63790857008488,1.18960067463907,3.5));
#4784=CARTESIAN_POINT('',(3.63790857008488,1.18960067463907,3.5));
#4785=CARTESIAN_POINT('',(3.36290857008488,0.713286702557629,3.5));
#4786=CARTESIAN_POINT('Origin',(3.08790857008488,1.18960067463907,3.5));
#4787=CARTESIAN_POINT('',(3.3021390546262,0.67820140644904,3.5));
#4788=CARTESIAN_POINT('',(3.3021390546262,0.67820140644904,3.5));
#4789=CARTESIAN_POINT('',(3.0271390546262,0.604515378530481,3.5));
#4790=CARTESIAN_POINT('Origin',(3.0271390546262,1.15451537853048,3.5));
#4791=CARTESIAN_POINT('',(-2.88337272202533,0.604515378530478,3.5));
#4792=CARTESIAN_POINT('',(-2.88337272202533,0.604515378530478,3.5));
#4793=CARTESIAN_POINT('',(-3.15837272202532,0.678201406449036,3.5));
#4794=CARTESIAN_POINT('Origin',(-2.88337272202533,1.15451537853048,3.5));
#4795=CARTESIAN_POINT('',(-3.219142237484,0.713286702557625,3.5));
#4796=CARTESIAN_POINT('',(-3.219142237484,0.713286702557625,3.5));
#4797=CARTESIAN_POINT('',(-3.494142237484,1.18960067463907,3.5));
#4798=CARTESIAN_POINT('Origin',(-2.944142237484,1.18960067463907,3.5));
#4799=CARTESIAN_POINT('',(-3.494142237484,2.75977126685625,3.5));
#4800=CARTESIAN_POINT('',(-3.494142237484,2.75977126685625,3.5));
#4801=CARTESIAN_POINT('',(-3.42045620956544,3.03477126685625,3.5));
#4802=CARTESIAN_POINT('Origin',(-2.944142237484,2.75977126685625,3.5));
#4803=CARTESIAN_POINT('',(-2.17770000721059,5.1872881507562,3.5));
#4804=CARTESIAN_POINT('',(-2.17770000721059,5.1872881507562,3.5));
#4805=CARTESIAN_POINT('Origin',(-3.13032795137347,5.7372881507562,3.5));
#4806=CARTESIAN_POINT('',(-2.65401397929204,5.46228815075619,3.5));
#4807=CARTESIAN_POINT('Origin',(-3.13032795137348,5.73728815075619,3.5));
#4808=CARTESIAN_POINT('',(-3.89677018164688,3.30977126685624,3.5));
#4809=CARTESIAN_POINT('',(-3.89677018164688,3.30977126685624,3.5));
#4810=CARTESIAN_POINT('',(-4.044142237484,2.75977126685624,3.5));
#4811=CARTESIAN_POINT('Origin',(-2.944142237484,2.75977126685624,3.5));
#4812=CARTESIAN_POINT('',(-4.044142237484,1.18960067463907,3.5));
#4813=CARTESIAN_POINT('',(-4.044142237484,1.18960067463907,3.5));
#4814=CARTESIAN_POINT('',(-3.494142237484,0.236972730476185,3.5));
#4815=CARTESIAN_POINT('Origin',(-2.944142237484,1.18960067463907,3.5));
#4816=CARTESIAN_POINT('',(-3.43337272202532,0.201887434367595,3.5));
#4817=CARTESIAN_POINT('',(-3.43337272202532,0.201887434367595,3.5));
#4818=CARTESIAN_POINT('',(-2.88337272202532,0.054515378530479,3.5));
#4819=CARTESIAN_POINT('Origin',(-2.88337272202532,1.15451537853048,3.5));
#4820=CARTESIAN_POINT('',(3.0271390546262,0.054515378530481,3.5));
#4821=CARTESIAN_POINT('',(3.0271390546262,0.054515378530481,3.5));
#4822=CARTESIAN_POINT('',(3.5771390546262,0.2018874343676,3.5));
#4823=CARTESIAN_POINT('Origin',(3.0271390546262,1.15451537853048,3.5));
#4824=CARTESIAN_POINT('',(3.63790857008488,0.236972730476189,3.5));
#4825=CARTESIAN_POINT('',(3.63790857008488,0.236972730476189,3.5));
#4826=CARTESIAN_POINT('',(4.18790857008488,1.18960067463907,3.5));
#4827=CARTESIAN_POINT('Origin',(3.08790857008488,1.18960067463907,3.5));
#4828=CARTESIAN_POINT('',(4.18790857008488,2.75977126685625,3.5));
#4829=CARTESIAN_POINT('',(4.18790857008488,2.75977126685625,3.5));
#4830=CARTESIAN_POINT('',(4.04053651424776,3.30977126685625,3.5));
#4831=CARTESIAN_POINT('Origin',(3.08790857008487,2.75977126685625,3.5));
#4832=CARTESIAN_POINT('',(2.79778031189291,5.4622881507562,3.5));
#4833=CARTESIAN_POINT('Origin',(-3.13032795137348,5.73728815075619,0.));
#4834=CARTESIAN_POINT('',(-2.59411123023466,5.85964675474927,-3.5));
#4835=CARTESIAN_POINT('',(-2.59411123023466,5.85964675474927,2.64501912094401));
#4836=CARTESIAN_POINT('',(-2.65401397929204,5.46228815075619,-3.5));
#4837=CARTESIAN_POINT('Origin',(-3.13032795137348,5.73728815075619,-3.5));
#4838=CARTESIAN_POINT('',(-2.65401397929204,5.46228815075619,-3.5));
#4839=CARTESIAN_POINT('Origin',(5.74162143474151,7.76176687136895,0.));
#4840=CARTESIAN_POINT('',(-2.05789450909583,5.98200535874236,-3.5));
#4841=CARTESIAN_POINT('',(-2.05789450909584,5.98200535874236,-3.5));
#4842=CARTESIAN_POINT('Origin',(5.74162143474151,7.76176687136895,-3.5));
#4843=CARTESIAN_POINT('Origin',(3.08790857008487,2.75977126685625,0.));
#4844=CARTESIAN_POINT('',(4.18790857008488,2.75977126685625,-3.5));
#4845=CARTESIAN_POINT('',(4.18790857008488,2.75977126685625,3.5));
#4846=CARTESIAN_POINT('',(4.04053651424776,3.30977126685625,-3.5));
#4847=CARTESIAN_POINT('Origin',(3.08790857008487,2.75977126685625,-3.5));
#4848=CARTESIAN_POINT('',(4.04053651424776,3.30977126685625,-3.5));
#4849=CARTESIAN_POINT('Origin',(2.68790857008487,5.6525915898838,0.));
#4850=CARTESIAN_POINT('',(4.04053651424776,3.30977126685625,-3.5));
#4851=CARTESIAN_POINT('Origin',(2.74708088322522,5.09001235765936,-3.5));
#4852=CARTESIAN_POINT('',(4.18790857008488,1.18960067463907,-3.5));
#4853=CARTESIAN_POINT('',(4.18790857008488,1.18960067463907,-3.5));
#4854=CARTESIAN_POINT('',(3.63790857008488,0.236972730476189,-3.5));
#4855=CARTESIAN_POINT('Origin',(3.08790857008488,1.18960067463907,-3.5));
#4856=CARTESIAN_POINT('',(3.5771390546262,0.2018874343676,-3.5));
#4857=CARTESIAN_POINT('',(3.5771390546262,0.2018874343676,-3.5));
#4858=CARTESIAN_POINT('',(3.0271390546262,0.054515378530482,-3.5));
#4859=CARTESIAN_POINT('Origin',(3.0271390546262,1.15451537853048,-3.5));
#4860=CARTESIAN_POINT('',(-2.88337272202532,0.054515378530478,-3.5));
#4861=CARTESIAN_POINT('',(-2.88337272202532,0.054515378530478,-3.5));
#4862=CARTESIAN_POINT('',(-3.43337272202532,0.201887434367595,-3.5));
#4863=CARTESIAN_POINT('Origin',(-2.88337272202532,1.15451537853048,-3.5));
#4864=CARTESIAN_POINT('',(-3.494142237484,0.236972730476185,-3.5));
#4865=CARTESIAN_POINT('',(-3.494142237484,0.236972730476185,-3.5));
#4866=CARTESIAN_POINT('',(-4.044142237484,1.18960067463907,-3.5));
#4867=CARTESIAN_POINT('Origin',(-2.944142237484,1.18960067463907,-3.5));
#4868=CARTESIAN_POINT('',(-4.044142237484,2.75977126685624,-3.5));
#4869=CARTESIAN_POINT('',(-4.044142237484,2.75977126685624,-3.5));
#4870=CARTESIAN_POINT('',(-3.89677018164688,3.30977126685624,-3.5));
#4871=CARTESIAN_POINT('Origin',(-2.944142237484,2.75977126685624,-3.5));
#4872=CARTESIAN_POINT('',(-2.65401397929204,5.46228815075619,-3.5));
#4873=CARTESIAN_POINT('',(-2.53225604275822,9.91709781749361,-3.5));
#4874=CARTESIAN_POINT('Origin',(5.74162143474151,7.76176687136895,-3.5));
#4875=CARTESIAN_POINT('',(-2.57644229582996,10.3093306285368,-3.5));
#4876=CARTESIAN_POINT('Origin',(-3.06449377522897,10.0557448374198,-3.5));
#4877=CARTESIAN_POINT('',(-3.54990767897494,12.1828631253494,-3.5));
#4878=CARTESIAN_POINT('',(-3.54990767897494,12.1828631253494,-3.5));
#4879=CARTESIAN_POINT('',(-3.06185619957593,12.4364489164664,-3.5));
#4880=CARTESIAN_POINT('',(-3.06185619957593,12.4364489164664,-3.5));
#4881=CARTESIAN_POINT('',(-2.08839081643094,10.5629164196537,-3.5));
#4882=CARTESIAN_POINT('',(-2.17770000721059,5.1872881507562,-3.5));
#4883=CARTESIAN_POINT('Origin',(-3.13032795137347,5.7372881507562,-3.5));
#4884=CARTESIAN_POINT('',(-3.42045620956544,3.03477126685625,-3.5));
#4885=CARTESIAN_POINT('',(-3.42045620956544,3.03477126685625,-3.5));
#4886=CARTESIAN_POINT('',(-3.494142237484,2.75977126685625,-3.5));
#4887=CARTESIAN_POINT('Origin',(-2.944142237484,2.75977126685625,-3.5));
#4888=CARTESIAN_POINT('',(-3.494142237484,1.18960067463907,-3.5));
#4889=CARTESIAN_POINT('',(-3.494142237484,1.18960067463907,-3.5));
#4890=CARTESIAN_POINT('',(-3.219142237484,0.713286702557625,-3.5));
#4891=CARTESIAN_POINT('Origin',(-2.944142237484,1.18960067463907,-3.5));
#4892=CARTESIAN_POINT('',(-3.15837272202532,0.678201406449036,-3.5));
#4893=CARTESIAN_POINT('',(-3.15837272202532,0.678201406449036,-3.5));
#4894=CARTESIAN_POINT('',(-2.88337272202533,0.604515378530478,-3.5));
#4895=CARTESIAN_POINT('Origin',(-2.88337272202533,1.15451537853048,-3.5));
#4896=CARTESIAN_POINT('',(3.0271390546262,0.604515378530481,-3.5));
#4897=CARTESIAN_POINT('',(3.0271390546262,0.604515378530481,-3.5));
#4898=CARTESIAN_POINT('',(3.3021390546262,0.67820140644904,-3.5));
#4899=CARTESIAN_POINT('Origin',(3.0271390546262,1.15451537853048,-3.5));
#4900=CARTESIAN_POINT('',(3.36290857008488,0.713286702557629,-3.5));
#4901=CARTESIAN_POINT('',(3.36290857008488,0.713286702557629,-3.5));
#4902=CARTESIAN_POINT('',(3.63790857008488,1.18960067463907,-3.5));
#4903=CARTESIAN_POINT('Origin',(3.08790857008488,1.18960067463907,-3.5));
#4904=CARTESIAN_POINT('',(3.63790857008488,2.75977126685625,-3.5));
#4905=CARTESIAN_POINT('',(3.63790857008488,2.75977126685625,-3.5));
#4906=CARTESIAN_POINT('',(3.56422254216632,3.03477126685625,-3.5));
#4907=CARTESIAN_POINT('Origin',(3.08790857008487,2.75977126685625,-3.5));
#4908=CARTESIAN_POINT('',(2.32146633981146,5.18728815075621,-3.5));
#4909=CARTESIAN_POINT('Origin',(-5.59785510214064,7.76176687136894,-3.5));
#4910=CARTESIAN_POINT('',(3.20562253217679,12.4364489164664,-3.5));
#4911=CARTESIAN_POINT('',(3.20562253217679,12.4364489164664,-3.5));
#4912=CARTESIAN_POINT('',(3.6936740115758,12.1828631253494,-3.5));
#4913=CARTESIAN_POINT('',(3.6936740115758,12.1828631253494,-3.5));
#4914=CARTESIAN_POINT('',(2.72020862843082,10.3093306285368,-3.5));
#4915=CARTESIAN_POINT('',(2.72020862843082,10.3093306285368,-3.5));
#4916=CARTESIAN_POINT('',(2.67602237535909,9.9170978174936,-3.5));
#4917=CARTESIAN_POINT('Origin',(3.20826010782983,10.0557448374198,-3.5));
#4918=CARTESIAN_POINT('Origin',(-5.59785510214064,7.76176687136894,-3.5));
#4919=CARTESIAN_POINT('Origin',(3.08790857008488,1.18960067463907,0.));
#4920=CARTESIAN_POINT('',(3.63790857008488,0.236972730476189,3.5));
#4921=CARTESIAN_POINT('',(4.18790857008488,1.18960067463907,-3.5));
#4922=CARTESIAN_POINT('Origin',(4.18790857008488,0.554515378530484,0.));
#4923=CARTESIAN_POINT('',(3.5771390546262,0.2018874343676,-3.5));
#4924=CARTESIAN_POINT('Origin',(3.0271390546262,1.15451537853048,0.));
#4925=CARTESIAN_POINT('',(3.0271390546262,0.054515378530482,3.5));
#4926=CARTESIAN_POINT('Origin',(-2.88337272202532,1.15451537853048,0.));
#4927=CARTESIAN_POINT('',(-3.43337272202532,0.201887434367595,3.5));
#4928=CARTESIAN_POINT('',(-2.88337272202532,0.054515378530478,-3.5));
#4929=CARTESIAN_POINT('Origin',(-3.17811683369956,0.054515378530479,0.));
#4930=CARTESIAN_POINT('',(-3.494142237484,0.236972730476185,-3.5));
#4931=CARTESIAN_POINT('Origin',(-2.944142237484,1.18960067463907,0.));
#4932=CARTESIAN_POINT('',(-4.044142237484,1.18960067463907,3.5));
#4933=CARTESIAN_POINT('Origin',(-2.944142237484,2.75977126685624,0.));
#4934=CARTESIAN_POINT('',(-3.89677018164688,3.30977126685624,3.5));
#4935=CARTESIAN_POINT('',(-4.044142237484,2.75977126685624,-3.5));
#4936=CARTESIAN_POINT('Origin',(-4.044142237484,3.05451537853048,0.));
#4937=CARTESIAN_POINT('Origin',(3.08790857008488,1.18960067463907,0.));
#4938=CARTESIAN_POINT('',(3.36290857008488,0.713286702557629,-3.5));
#4939=CARTESIAN_POINT('',(3.63790857008488,1.18960067463907,3.5));
#4940=CARTESIAN_POINT('Origin',(3.17451111046332,0.604515378530482,0.));
#4941=CARTESIAN_POINT('',(3.3021390546262,0.67820140644904,3.5));
#4942=CARTESIAN_POINT('Origin',(3.0271390546262,1.15451537853048,0.));
#4943=CARTESIAN_POINT('',(3.0271390546262,0.604515378530481,-3.5));
#4944=CARTESIAN_POINT('Origin',(0.071883166300438,0.60451537853048,0.));
#4945=CARTESIAN_POINT('',(-2.88337272202533,0.604515378530478,3.5));
#4946=CARTESIAN_POINT('Origin',(-2.88337272202533,1.15451537853048,0.));
#4947=CARTESIAN_POINT('',(-3.15837272202532,0.678201406449036,-3.5));
#4948=CARTESIAN_POINT('Origin',(-3.494142237484,0.872058026584772,0.));
#4949=CARTESIAN_POINT('',(-3.219142237484,0.713286702557625,3.5));
#4950=CARTESIAN_POINT('Origin',(-2.944142237484,1.18960067463907,0.));
#4951=CARTESIAN_POINT('',(-3.494142237484,1.18960067463907,-3.5));
#4952=CARTESIAN_POINT('Origin',(-3.494142237484,2.90714332269336,0.));
#4953=CARTESIAN_POINT('',(-3.494142237484,2.75977126685625,3.5));
#4954=CARTESIAN_POINT('Origin',(3.08790857008487,2.75977126685625,0.));
#4955=CARTESIAN_POINT('',(3.63790857008488,2.75977126685625,-3.5));
#4956=CARTESIAN_POINT('',(3.56422254216632,3.03477126685625,3.5));
#4957=CARTESIAN_POINT('Origin',(3.63790857008488,0.872058026584776,0.));
#4958=CARTESIAN_POINT('Origin',(-2.944142237484,2.75977126685625,0.));
#4959=CARTESIAN_POINT('',(-3.42045620956544,3.03477126685625,-3.5));
#4960=CARTESIAN_POINT('Origin',(-1.95375437412232,5.57517336539826,0.));
#4961=CARTESIAN_POINT('',(-2.17770000721059,5.1872881507562,3.5));
#4962=CARTESIAN_POINT('Origin',(-5.59785510214064,7.76176687136894,0.));
#4963=CARTESIAN_POINT('',(2.67602237535909,9.9170978174936,3.5));
#4964=CARTESIAN_POINT('Origin',(3.63790857008488,2.90714332269337,0.));
#4965=CARTESIAN_POINT('Origin',(-3.13032795137347,5.7372881507562,0.));
#4966=CARTESIAN_POINT('Origin',(-5.59785510214064,7.76176687136894,0.));
#4967=CARTESIAN_POINT('Origin',(3.20826010782983,10.0557448374198,0.));
#4968=CARTESIAN_POINT('',(2.72020862843082,10.3093306285368,-3.5));
#4969=CARTESIAN_POINT('Origin',(3.6936740115758,12.1828631253494,0.));
#4970=CARTESIAN_POINT('',(3.6936740115758,12.1828631253494,-3.5));
#4971=CARTESIAN_POINT('Origin',(-3.06449377522897,10.0557448374198,0.));
#4972=CARTESIAN_POINT('',(-2.53225604275822,9.91709781749361,-3.5));
#4973=CARTESIAN_POINT('',(-2.57644229582996,10.3093306285368,3.5));
#4974=CARTESIAN_POINT('Origin',(5.74162143474151,7.76176687136895,0.));
#4975=CARTESIAN_POINT('Origin',(-3.06185619957593,12.4364489164664,0.));
#4976=CARTESIAN_POINT('',(-3.06185619957593,12.4364489164664,3.5));
#4977=CARTESIAN_POINT('Origin',(-4.044142237484,0.554515378530479,0.));
#4978=CARTESIAN_POINT('Origin',(-2.47720353180312,10.1183355992661,0.));
#4979=CARTESIAN_POINT('',(-3.54990767897494,12.1828631253494,-3.5));
#4980=CARTESIAN_POINT('Origin',(-3.54990767897494,12.1828631253494,0.));
#4981=CARTESIAN_POINT('Origin',(2.02990659154342,10.1736647847073,0.));
#4982=CARTESIAN_POINT('',(3.20562253217679,12.4364489164664,-3.5));
#4983=CARTESIAN_POINT('Origin',(3.20562253217679,12.4364489164664,0.));
#4984=CARTESIAN_POINT('Origin',(4.18790857008488,3.05451537853048,0.));
#4985=CARTESIAN_POINT('Origin',(3.32188316630044,0.054515378530483,0.));
#4986=CARTESIAN_POINT('',(0.,0.,0.));
#4987=CARTESIAN_POINT('Origin',(1.18032060367666E-16,0.,4.3));
#4988=CARTESIAN_POINT('',(-2.5,3.06161699786838E-16,4.3));
#4989=CARTESIAN_POINT('Origin',(0.,0.,4.3));
#4990=CARTESIAN_POINT('',(1.5,1.83697019872103E-16,4.3));
#4991=CARTESIAN_POINT('Origin',(0.,0.,4.3));
#4992=CARTESIAN_POINT('Origin',(0.,0.,4.3));
#4993=CARTESIAN_POINT('',(-2.5,3.06161699786838E-16,3.8));
#4994=CARTESIAN_POINT('Origin',(0.,0.,3.8));
#4995=CARTESIAN_POINT('Origin',(1.18032060367666E-16,0.,3.8));
#4996=CARTESIAN_POINT('Origin',(0.,0.,8.4));
#4997=CARTESIAN_POINT('',(2.1,-2.571758E-16,8.4));
#4998=CARTESIAN_POINT('Origin',(0.,0.,8.4));
#4999=CARTESIAN_POINT('',(1.9,2.326829E-16,8.2));
#5000=CARTESIAN_POINT('Origin',(0.,0.,8.2));
#5001=CARTESIAN_POINT('Origin',(0.,0.,8.2));
#5002=CARTESIAN_POINT('',(2.1,2.571758E-16,9.));
#5003=CARTESIAN_POINT('Origin',(0.,0.,9.));
#5004=CARTESIAN_POINT('Origin',(0.,0.,8.2));
#5005=CARTESIAN_POINT('',(1.5,1.83697E-16,8.2));
#5006=CARTESIAN_POINT('Origin',(0.,0.,8.2));
#5007=CARTESIAN_POINT('Origin',(0.,0.,9.));
#5008=CARTESIAN_POINT('',(1.9,-2.326829E-16,9.2));
#5009=CARTESIAN_POINT('Origin',(0.,0.,9.2));
#5010=CARTESIAN_POINT('Origin',(0.,0.,9.2));
#5011=CARTESIAN_POINT('Origin',(0.,0.,0.));
#5012=CARTESIAN_POINT('',(-5.31468523549033,2.62237753739313,0.));
#5013=CARTESIAN_POINT('',(14.3353147645097,9.41413210786562,0.));
#5014=CARTESIAN_POINT('',(-24.9646852354903,9.41413210786562,0.));
#5015=CARTESIAN_POINT('',(-18.4646852354903,10.1096167293351,1.18047E-16));
#5016=CARTESIAN_POINT('',(7.83531476450967,10.1096167293351,-1.110223E-15));
#5017=CARTESIAN_POINT('',(-18.4646852354903,2.51413210786561,-8.258329E-17));
#5018=CARTESIAN_POINT('',(7.83531476450967,2.51413210786561,-7.99683E-15));
#5019=UNCERTAINTY_MEASURE_WITH_UNIT(LENGTH_MEASURE(0.01),#5031,
'DISTANCE_ACCURACY_VALUE',
'Maximum model space distance between geometric entities at asserted c
onnectivities');
#5020=UNCERTAINTY_MEASURE_WITH_UNIT(LENGTH_MEASURE(0.01),#5031,
'DISTANCE_ACCURACY_VALUE',
'Maximum model space distance between geometric entities at asserted c
onnectivities');
#5021=UNCERTAINTY_MEASURE_WITH_UNIT(LENGTH_MEASURE(0.01),#5031,
'DISTANCE_ACCURACY_VALUE',
'Maximum model space distance between geometric entities at asserted c
onnectivities');
#5022=UNCERTAINTY_MEASURE_WITH_UNIT(LENGTH_MEASURE(0.01),#5031,
'DISTANCE_ACCURACY_VALUE',
'Maximum model space distance between geometric entities at asserted c
onnectivities');
#5023=UNCERTAINTY_MEASURE_WITH_UNIT(LENGTH_MEASURE(0.01),#5031,
'DISTANCE_ACCURACY_VALUE',
'Maximum model space distance between geometric entities at asserted c
onnectivities');
#5024=UNCERTAINTY_MEASURE_WITH_UNIT(LENGTH_MEASURE(1.E-6),#5031,
'DISTANCE_ACCURACY_VALUE',
'Maximum model space distance between geometric entities at asserted c
onnectivities');
#5025=(
GEOMETRIC_REPRESENTATION_CONTEXT(3)
GLOBAL_UNCERTAINTY_ASSIGNED_CONTEXT((#5019))
GLOBAL_UNIT_ASSIGNED_CONTEXT((#5031,#5034,#5032))
REPRESENTATION_CONTEXT('','3D')
);
#5026=(
GEOMETRIC_REPRESENTATION_CONTEXT(3)
GLOBAL_UNCERTAINTY_ASSIGNED_CONTEXT((#5020))
GLOBAL_UNIT_ASSIGNED_CONTEXT((#5031,#5034,#5032))
REPRESENTATION_CONTEXT('','3D')
);
#5027=(
GEOMETRIC_REPRESENTATION_CONTEXT(3)
GLOBAL_UNCERTAINTY_ASSIGNED_CONTEXT((#5021))
GLOBAL_UNIT_ASSIGNED_CONTEXT((#5031,#5034,#5032))
REPRESENTATION_CONTEXT('','3D')
);
#5028=(
GEOMETRIC_REPRESENTATION_CONTEXT(3)
GLOBAL_UNCERTAINTY_ASSIGNED_CONTEXT((#5022))
GLOBAL_UNIT_ASSIGNED_CONTEXT((#5031,#5034,#5032))
REPRESENTATION_CONTEXT('','3D')
);
#5029=(
GEOMETRIC_REPRESENTATION_CONTEXT(3)
GLOBAL_UNCERTAINTY_ASSIGNED_CONTEXT((#5023))
GLOBAL_UNIT_ASSIGNED_CONTEXT((#5031,#5034,#5032))
REPRESENTATION_CONTEXT('','3D')
);
#5030=(
GEOMETRIC_REPRESENTATION_CONTEXT(3)
GLOBAL_UNCERTAINTY_ASSIGNED_CONTEXT((#5024))
GLOBAL_UNIT_ASSIGNED_CONTEXT((#5031,#5034,#5032))
REPRESENTATION_CONTEXT('','3D')
);
#5031=(
LENGTH_UNIT()
NAMED_UNIT(*)
SI_UNIT(.MILLI.,.METRE.)
);
#5032=(
NAMED_UNIT(*)
SI_UNIT($,.STERADIAN.)
SOLID_ANGLE_UNIT()
);
#5033=DIMENSIONAL_EXPONENTS(0.,0.,0.,0.,0.,0.,0.);
#5034=(
CONVERSION_BASED_UNIT('degree',#5036)
NAMED_UNIT(#5033)
PLANE_ANGLE_UNIT()
);
#5035=(
NAMED_UNIT(*)
PLANE_ANGLE_UNIT()
SI_UNIT($,.RADIAN.)
);
#5036=PLANE_ANGLE_MEASURE_WITH_UNIT(PLANE_ANGLE_MEASURE(0.01745329252),
#5035);
#5037=SHAPE_DEFINITION_REPRESENTATION(#5042,#5054);
#5038=SHAPE_DEFINITION_REPRESENTATION(#5043,#5055);
#5039=SHAPE_DEFINITION_REPRESENTATION(#5044,#5056);
#5040=SHAPE_DEFINITION_REPRESENTATION(#5045,#5057);
#5041=SHAPE_DEFINITION_REPRESENTATION(#5046,#5058);
#5042=PRODUCT_DEFINITION_SHAPE('',$,#5060);
#5043=PRODUCT_DEFINITION_SHAPE('',$,#5061);
#5044=PRODUCT_DEFINITION_SHAPE('',$,#5062);
#5045=PRODUCT_DEFINITION_SHAPE('',$,#5063);
#5046=PRODUCT_DEFINITION_SHAPE('',$,#5064);
#5047=PRODUCT_DEFINITION_SHAPE($,$,#32);
#5048=PRODUCT_DEFINITION_SHAPE($,$,#33);
#5049=PRODUCT_DEFINITION_SHAPE($,$,#34);
#5050=PRODUCT_DEFINITION_SHAPE($,$,#35);
#5051=PRODUCT_DEFINITION_SHAPE($,$,#36);
#5052=PRODUCT_DEFINITION_SHAPE($,$,#37);
#5053=PRODUCT_DEFINITION_SHAPE($,$,#38);
#5054=SHAPE_REPRESENTATION('',(#2865,#3149,#3150,#3151,#3152,#3153,#3154,
#3155),#5025);
#5055=SHAPE_REPRESENTATION('',(#2866),#5026);
#5056=SHAPE_REPRESENTATION('',(#2924),#5027);
#5057=SHAPE_REPRESENTATION('',(#2975),#5028);
#5058=SHAPE_REPRESENTATION('',(#3131),#5029);
#5059=PRODUCT_DEFINITION_CONTEXT('part definition',#5076,'design');
#5060=PRODUCT_DEFINITION('Fuse Holder - CONQUER CQ-201N_',
'Fuse Holder - CONQUER CQ-201N_',#5065,#5059);
#5061=PRODUCT_DEFINITION('Fuse Holder Base','Fuse Holder Base',#5066,#5059);
#5062=PRODUCT_DEFINITION('Fuse Holder Terminal End Plate',
'Fuse Holder Terminal End Plate',#5067,#5059);
#5063=PRODUCT_DEFINITION('Fuse Holder Clamp','Fuse Holder Clamp',#5068,
#5059);
#5064=PRODUCT_DEFINITION('Fuse Holder Pin','Fuse Holder Pin',#5069,#5059);
#5065=PRODUCT_DEFINITION_FORMATION('',$,#5078);
#5066=PRODUCT_DEFINITION_FORMATION('',$,#5079);
#5067=PRODUCT_DEFINITION_FORMATION('',$,#5080);
#5068=PRODUCT_DEFINITION_FORMATION('',$,#5081);
#5069=PRODUCT_DEFINITION_FORMATION('',$,#5082);
#5070=PRODUCT_RELATED_PRODUCT_CATEGORY('Fuse Holder - CONQUER CQ-201N_',
'Fuse Holder - CONQUER CQ-201N_',(#5078));
#5071=PRODUCT_RELATED_PRODUCT_CATEGORY('Fuse Holder Base',
'Fuse Holder Base',(#5079));
#5072=PRODUCT_RELATED_PRODUCT_CATEGORY('Fuse Holder Terminal End Plate',
'Fuse Holder Terminal End Plate',(#5080));
#5073=PRODUCT_RELATED_PRODUCT_CATEGORY('Fuse Holder Clamp',
'Fuse Holder Clamp',(#5081));
#5074=PRODUCT_RELATED_PRODUCT_CATEGORY('Fuse Holder Pin',
'Fuse Holder Pin',(#5082));
#5075=APPLICATION_PROTOCOL_DEFINITION('international standard',
'automotive_design',2009,#5076);
#5076=APPLICATION_CONTEXT(
'Core Data for Automotive Mechanical Design Process');
#5077=PRODUCT_CONTEXT('part definition',#5076,'mechanical');
#5078=PRODUCT('Fuse Holder - CONQUER CQ-201N_',
'Fuse Holder - CONQUER CQ-201N_',$,(#5077));
#5079=PRODUCT('Fuse Holder Base','Fuse Holder Base',$,(#5077));
#5080=PRODUCT('Fuse Holder Terminal End Plate',
'Fuse Holder Terminal End Plate',$,(#5077));
#5081=PRODUCT('Fuse Holder Clamp','Fuse Holder Clamp',$,(#5077));
#5082=PRODUCT('Fuse Holder Pin','Fuse Holder Pin',$,(#5077));
#5083=PRESENTATION_STYLE_ASSIGNMENT((#5090));
#5084=PRESENTATION_STYLE_ASSIGNMENT((#5091));
#5085=PRESENTATION_STYLE_ASSIGNMENT((#5092));
#5086=PRESENTATION_STYLE_ASSIGNMENT((#5093));
#5087=PRESENTATION_STYLE_ASSIGNMENT((#5094));
#5088=PRESENTATION_STYLE_ASSIGNMENT((#5095));
#5089=PRESENTATION_STYLE_ASSIGNMENT((#5096));
#5090=SURFACE_STYLE_USAGE(.BOTH.,#5097);
#5091=SURFACE_STYLE_USAGE(.BOTH.,#5098);
#5092=SURFACE_STYLE_USAGE(.BOTH.,#5099);
#5093=SURFACE_STYLE_USAGE(.BOTH.,#5100);
#5094=SURFACE_STYLE_USAGE(.BOTH.,#5101);
#5095=SURFACE_STYLE_USAGE(.BOTH.,#5102);
#5096=SURFACE_STYLE_USAGE(.BOTH.,#5103);
#5097=SURFACE_SIDE_STYLE('',(#5104));
#5098=SURFACE_SIDE_STYLE('',(#5105));
#5099=SURFACE_SIDE_STYLE('',(#5106));
#5100=SURFACE_SIDE_STYLE('',(#5107));
#5101=SURFACE_SIDE_STYLE('',(#5108));
#5102=SURFACE_SIDE_STYLE('',(#5109));
#5103=SURFACE_SIDE_STYLE('',(#5110));
#5104=SURFACE_STYLE_FILL_AREA(#5111);
#5105=SURFACE_STYLE_FILL_AREA(#5112);
#5106=SURFACE_STYLE_FILL_AREA(#5113);
#5107=SURFACE_STYLE_FILL_AREA(#5114);
#5108=SURFACE_STYLE_FILL_AREA(#5115);
#5109=SURFACE_STYLE_FILL_AREA(#5116);
#5110=SURFACE_STYLE_FILL_AREA(#5117);
#5111=FILL_AREA_STYLE('',(#5118));
#5112=FILL_AREA_STYLE('',(#5119));
#5113=FILL_AREA_STYLE('',(#5120));
#5114=FILL_AREA_STYLE('',(#5121));
#5115=FILL_AREA_STYLE('',(#5122));
#5116=FILL_AREA_STYLE('',(#5123));
#5117=FILL_AREA_STYLE('',(#5124));
#5118=FILL_AREA_STYLE_COLOUR('',#5125);
#5119=FILL_AREA_STYLE_COLOUR('',#5126);
#5120=FILL_AREA_STYLE_COLOUR('',#5127);
#5121=FILL_AREA_STYLE_COLOUR('',#5128);
#5122=FILL_AREA_STYLE_COLOUR('',#5129);
#5123=FILL_AREA_STYLE_COLOUR('',#5130);
#5124=FILL_AREA_STYLE_COLOUR('',#5131);
#5125=COLOUR_RGB('',1.,0.996078431372549,0.964705882352941);
#5126=COLOUR_RGB('',1.,1.,1.);
#5127=COLOUR_RGB('',0.,0.,0.);
#5128=COLOUR_RGB('',1.,1.,1.);
#5129=COLOUR_RGB('',1.,1.,1.);
#5130=COLOUR_RGB('',0.941176470588235,0.941176470588235,0.941176470588235);
#5131=COLOUR_RGB('',1.,1.,1.);
ENDSEC;
END-ISO-10303-21;
