ISO-10303-21;
HEADER;
/* Generated by software containing ST-Developer
 * from STEP Tools, Inc. (www.steptools.com) 
 */

FILE_DESCRIPTION(
/* description */ (''),
/* implementation_level */ '2;1');

FILE_NAME(
/* name */ 'Enclosure_6.stp',
/* time_stamp */ '2025-12-17T12:53:10+05:30',
/* author */ ('Kartik'),
/* organization */ (''),
/* preprocessor_version */ 'ST-DEVELOPER v20.1',
/* originating_system */ 'Autodesk Inventor 2026',
/* authorisation */ '');

FILE_SCHEMA (('AUTOMOTIVE_DESIGN { 1 0 10303 214 3 1 1 }'));
ENDSEC;

DATA;
#10=MECHANICAL_DESIGN_GEOMETRIC_PRESENTATION_REPRESENTATION('',(#13),#2997);
#11=SHAPE_REPRESENTATION_RELATIONSHIP('SRR','None',#3003,#12);
#12=ADVANCED_BREP_SHAPE_REPRESENTATION('',(#14),#2996);
#13=STYLED_ITEM('',(#3012),#14);
#14=MANIFOLD_SOLID_BREP('Solid1',#1902);
#15=FACE_BOUND('',#244,.T.);
#16=FACE_BOUND('',#325,.T.);
#17=FACE_BOUND('',#326,.T.);
#18=FACE_BOUND('',#327,.T.);
#19=FACE_BOUND('',#328,.T.);
#20=FACE_BOUND('',#329,.T.);
#21=FACE_BOUND('',#330,.T.);
#22=FACE_BOUND('',#331,.T.);
#23=FACE_BOUND('',#332,.T.);
#24=FACE_BOUND('',#333,.T.);
#25=FACE_BOUND('',#334,.T.);
#26=FACE_BOUND('',#335,.T.);
#27=FACE_BOUND('',#336,.T.);
#28=FACE_BOUND('',#337,.T.);
#29=FACE_BOUND('',#338,.T.);
#30=FACE_BOUND('',#339,.T.);
#31=FACE_BOUND('',#340,.T.);
#32=FACE_BOUND('',#341,.T.);
#33=FACE_BOUND('',#342,.T.);
#34=FACE_BOUND('',#343,.T.);
#35=FACE_BOUND('',#344,.T.);
#36=FACE_BOUND('',#345,.T.);
#37=FACE_BOUND('',#346,.T.);
#38=FACE_BOUND('',#347,.T.);
#39=FACE_BOUND('',#348,.T.);
#40=FACE_BOUND('',#349,.T.);
#41=FACE_BOUND('',#350,.T.);
#42=FACE_BOUND('',#352,.T.);
#43=FACE_BOUND('',#353,.T.);
#44=FACE_BOUND('',#354,.T.);
#45=FACE_BOUND('',#355,.T.);
#46=FACE_BOUND('',#356,.T.);
#47=FACE_BOUND('',#357,.T.);
#48=FACE_BOUND('',#358,.T.);
#49=FACE_BOUND('',#359,.T.);
#50=FACE_BOUND('',#360,.T.);
#51=FACE_BOUND('',#361,.T.);
#52=FACE_BOUND('',#362,.T.);
#53=FACE_BOUND('',#363,.T.);
#54=FACE_BOUND('',#364,.T.);
#55=FACE_BOUND('',#365,.T.);
#56=FACE_BOUND('',#366,.T.);
#57=FACE_BOUND('',#367,.T.);
#58=FACE_BOUND('',#368,.T.);
#59=FACE_BOUND('',#369,.T.);
#60=FACE_BOUND('',#370,.T.);
#61=FACE_BOUND('',#371,.T.);
#62=FACE_BOUND('',#372,.T.);
#63=FACE_BOUND('',#373,.T.);
#64=FACE_BOUND('',#374,.T.);
#65=FACE_BOUND('',#375,.T.);
#66=FACE_BOUND('',#376,.T.);
#67=PLANE('',#1934);
#68=PLANE('',#1938);
#69=PLANE('',#1942);
#70=PLANE('',#1943);
#71=PLANE('',#1944);
#72=PLANE('',#1945);
#73=PLANE('',#1952);
#74=PLANE('',#1953);
#75=PLANE('',#1954);
#76=PLANE('',#1955);
#77=PLANE('',#1956);
#78=PLANE('',#1957);
#79=PLANE('',#1958);
#80=PLANE('',#1959);
#81=PLANE('',#1960);
#82=PLANE('',#1961);
#83=PLANE('',#1962);
#84=PLANE('',#1963);
#85=PLANE('',#1964);
#86=PLANE('',#1965);
#87=PLANE('',#1966);
#88=PLANE('',#1967);
#89=PLANE('',#1968);
#90=PLANE('',#1969);
#91=PLANE('',#1970);
#92=PLANE('',#1971);
#93=PLANE('',#1972);
#94=PLANE('',#1973);
#95=PLANE('',#1974);
#96=PLANE('',#1975);
#97=PLANE('',#1976);
#98=PLANE('',#1977);
#99=PLANE('',#1978);
#100=PLANE('',#1979);
#101=PLANE('',#1980);
#102=PLANE('',#1981);
#103=PLANE('',#1982);
#104=PLANE('',#1983);
#105=PLANE('',#1984);
#106=PLANE('',#1985);
#107=PLANE('',#1986);
#108=PLANE('',#1987);
#109=PLANE('',#1988);
#110=PLANE('',#1989);
#111=PLANE('',#1990);
#112=PLANE('',#1991);
#113=PLANE('',#1992);
#114=PLANE('',#1993);
#115=PLANE('',#1994);
#116=PLANE('',#1995);
#117=PLANE('',#1996);
#118=PLANE('',#1997);
#119=PLANE('',#1998);
#120=PLANE('',#1999);
#121=PLANE('',#2000);
#122=PLANE('',#2001);
#123=PLANE('',#2002);
#124=PLANE('',#2003);
#125=PLANE('',#2004);
#126=PLANE('',#2005);
#127=PLANE('',#2006);
#128=PLANE('',#2007);
#129=PLANE('',#2008);
#130=PLANE('',#2009);
#131=PLANE('',#2010);
#132=PLANE('',#2011);
#133=PLANE('',#2012);
#134=PLANE('',#2013);
#135=PLANE('',#2014);
#136=PLANE('',#2015);
#137=PLANE('',#2016);
#138=PLANE('',#2017);
#139=PLANE('',#2018);
#140=PLANE('',#2019);
#141=PLANE('',#2020);
#142=PLANE('',#2021);
#143=PLANE('',#2022);
#144=PLANE('',#2023);
#145=PLANE('',#2024);
#146=PLANE('',#2025);
#147=FACE_OUTER_BOUND('',#236,.T.);
#148=FACE_OUTER_BOUND('',#237,.T.);
#149=FACE_OUTER_BOUND('',#238,.T.);
#150=FACE_OUTER_BOUND('',#239,.T.);
#151=FACE_OUTER_BOUND('',#240,.T.);
#152=FACE_OUTER_BOUND('',#241,.T.);
#153=FACE_OUTER_BOUND('',#242,.T.);
#154=FACE_OUTER_BOUND('',#243,.T.);
#155=FACE_OUTER_BOUND('',#245,.T.);
#156=FACE_OUTER_BOUND('',#246,.T.);
#157=FACE_OUTER_BOUND('',#247,.T.);
#158=FACE_OUTER_BOUND('',#248,.T.);
#159=FACE_OUTER_BOUND('',#249,.T.);
#160=FACE_OUTER_BOUND('',#250,.T.);
#161=FACE_OUTER_BOUND('',#251,.T.);
#162=FACE_OUTER_BOUND('',#252,.T.);
#163=FACE_OUTER_BOUND('',#253,.T.);
#164=FACE_OUTER_BOUND('',#254,.T.);
#165=FACE_OUTER_BOUND('',#255,.T.);
#166=FACE_OUTER_BOUND('',#256,.T.);
#167=FACE_OUTER_BOUND('',#257,.T.);
#168=FACE_OUTER_BOUND('',#258,.T.);
#169=FACE_OUTER_BOUND('',#259,.T.);
#170=FACE_OUTER_BOUND('',#260,.T.);
#171=FACE_OUTER_BOUND('',#261,.T.);
#172=FACE_OUTER_BOUND('',#262,.T.);
#173=FACE_OUTER_BOUND('',#263,.T.);
#174=FACE_OUTER_BOUND('',#264,.T.);
#175=FACE_OUTER_BOUND('',#265,.T.);
#176=FACE_OUTER_BOUND('',#266,.T.);
#177=FACE_OUTER_BOUND('',#267,.T.);
#178=FACE_OUTER_BOUND('',#268,.T.);
#179=FACE_OUTER_BOUND('',#269,.T.);
#180=FACE_OUTER_BOUND('',#270,.T.);
#181=FACE_OUTER_BOUND('',#271,.T.);
#182=FACE_OUTER_BOUND('',#272,.T.);
#183=FACE_OUTER_BOUND('',#273,.T.);
#184=FACE_OUTER_BOUND('',#274,.T.);
#185=FACE_OUTER_BOUND('',#275,.T.);
#186=FACE_OUTER_BOUND('',#276,.T.);
#187=FACE_OUTER_BOUND('',#277,.T.);
#188=FACE_OUTER_BOUND('',#278,.T.);
#189=FACE_OUTER_BOUND('',#279,.T.);
#190=FACE_OUTER_BOUND('',#280,.T.);
#191=FACE_OUTER_BOUND('',#281,.T.);
#192=FACE_OUTER_BOUND('',#282,.T.);
#193=FACE_OUTER_BOUND('',#283,.T.);
#194=FACE_OUTER_BOUND('',#284,.T.);
#195=FACE_OUTER_BOUND('',#285,.T.);
#196=FACE_OUTER_BOUND('',#286,.T.);
#197=FACE_OUTER_BOUND('',#287,.T.);
#198=FACE_OUTER_BOUND('',#288,.T.);
#199=FACE_OUTER_BOUND('',#289,.T.);
#200=FACE_OUTER_BOUND('',#290,.T.);
#201=FACE_OUTER_BOUND('',#291,.T.);
#202=FACE_OUTER_BOUND('',#292,.T.);
#203=FACE_OUTER_BOUND('',#293,.T.);
#204=FACE_OUTER_BOUND('',#294,.T.);
#205=FACE_OUTER_BOUND('',#295,.T.);
#206=FACE_OUTER_BOUND('',#296,.T.);
#207=FACE_OUTER_BOUND('',#297,.T.);
#208=FACE_OUTER_BOUND('',#298,.T.);
#209=FACE_OUTER_BOUND('',#299,.T.);
#210=FACE_OUTER_BOUND('',#300,.T.);
#211=FACE_OUTER_BOUND('',#301,.T.);
#212=FACE_OUTER_BOUND('',#302,.T.);
#213=FACE_OUTER_BOUND('',#303,.T.);
#214=FACE_OUTER_BOUND('',#304,.T.);
#215=FACE_OUTER_BOUND('',#305,.T.);
#216=FACE_OUTER_BOUND('',#306,.T.);
#217=FACE_OUTER_BOUND('',#307,.T.);
#218=FACE_OUTER_BOUND('',#308,.T.);
#219=FACE_OUTER_BOUND('',#309,.T.);
#220=FACE_OUTER_BOUND('',#310,.T.);
#221=FACE_OUTER_BOUND('',#311,.T.);
#222=FACE_OUTER_BOUND('',#312,.T.);
#223=FACE_OUTER_BOUND('',#313,.T.);
#224=FACE_OUTER_BOUND('',#314,.T.);
#225=FACE_OUTER_BOUND('',#315,.T.);
#226=FACE_OUTER_BOUND('',#316,.T.);
#227=FACE_OUTER_BOUND('',#317,.T.);
#228=FACE_OUTER_BOUND('',#318,.T.);
#229=FACE_OUTER_BOUND('',#319,.T.);
#230=FACE_OUTER_BOUND('',#320,.T.);
#231=FACE_OUTER_BOUND('',#321,.T.);
#232=FACE_OUTER_BOUND('',#322,.T.);
#233=FACE_OUTER_BOUND('',#323,.T.);
#234=FACE_OUTER_BOUND('',#324,.T.);
#235=FACE_OUTER_BOUND('',#351,.T.);
#236=EDGE_LOOP('',(#1294,#1295,#1296,#1297));
#237=EDGE_LOOP('',(#1298,#1299,#1300,#1301));
#238=EDGE_LOOP('',(#1302,#1303,#1304,#1305));
#239=EDGE_LOOP('',(#1306,#1307,#1308,#1309));
#240=EDGE_LOOP('',(#1310,#1311,#1312,#1313));
#241=EDGE_LOOP('',(#1314));
#242=EDGE_LOOP('',(#1315,#1316,#1317,#1318));
#243=EDGE_LOOP('',(#1319));
#244=EDGE_LOOP('',(#1320));
#245=EDGE_LOOP('',(#1321,#1322,#1323,#1324));
#246=EDGE_LOOP('',(#1325,#1326,#1327,#1328));
#247=EDGE_LOOP('',(#1329,#1330,#1331,#1332));
#248=EDGE_LOOP('',(#1333,#1334,#1335,#1336));
#249=EDGE_LOOP('',(#1337,#1338,#1339,#1340));
#250=EDGE_LOOP('',(#1341,#1342,#1343,#1344));
#251=EDGE_LOOP('',(#1345,#1346,#1347,#1348));
#252=EDGE_LOOP('',(#1349,#1350,#1351,#1352));
#253=EDGE_LOOP('',(#1353,#1354,#1355,#1356));
#254=EDGE_LOOP('',(#1357,#1358,#1359,#1360));
#255=EDGE_LOOP('',(#1361,#1362,#1363,#1364));
#256=EDGE_LOOP('',(#1365,#1366,#1367,#1368));
#257=EDGE_LOOP('',(#1369,#1370,#1371,#1372));
#258=EDGE_LOOP('',(#1373,#1374,#1375,#1376));
#259=EDGE_LOOP('',(#1377,#1378,#1379,#1380));
#260=EDGE_LOOP('',(#1381,#1382,#1383,#1384));
#261=EDGE_LOOP('',(#1385,#1386,#1387,#1388));
#262=EDGE_LOOP('',(#1389,#1390,#1391,#1392));
#263=EDGE_LOOP('',(#1393,#1394,#1395,#1396));
#264=EDGE_LOOP('',(#1397,#1398,#1399,#1400));
#265=EDGE_LOOP('',(#1401,#1402,#1403,#1404));
#266=EDGE_LOOP('',(#1405,#1406,#1407,#1408));
#267=EDGE_LOOP('',(#1409,#1410,#1411,#1412));
#268=EDGE_LOOP('',(#1413,#1414,#1415,#1416));
#269=EDGE_LOOP('',(#1417,#1418,#1419,#1420));
#270=EDGE_LOOP('',(#1421,#1422,#1423,#1424));
#271=EDGE_LOOP('',(#1425,#1426,#1427,#1428));
#272=EDGE_LOOP('',(#1429,#1430,#1431,#1432));
#273=EDGE_LOOP('',(#1433,#1434,#1435,#1436));
#274=EDGE_LOOP('',(#1437,#1438,#1439,#1440));
#275=EDGE_LOOP('',(#1441,#1442,#1443,#1444));
#276=EDGE_LOOP('',(#1445,#1446,#1447,#1448));
#277=EDGE_LOOP('',(#1449,#1450,#1451,#1452));
#278=EDGE_LOOP('',(#1453,#1454,#1455,#1456));
#279=EDGE_LOOP('',(#1457,#1458,#1459,#1460));
#280=EDGE_LOOP('',(#1461,#1462,#1463,#1464));
#281=EDGE_LOOP('',(#1465,#1466,#1467,#1468));
#282=EDGE_LOOP('',(#1469,#1470,#1471,#1472));
#283=EDGE_LOOP('',(#1473,#1474,#1475,#1476));
#284=EDGE_LOOP('',(#1477,#1478,#1479,#1480));
#285=EDGE_LOOP('',(#1481,#1482,#1483,#1484));
#286=EDGE_LOOP('',(#1485,#1486,#1487,#1488));
#287=EDGE_LOOP('',(#1489,#1490,#1491,#1492));
#288=EDGE_LOOP('',(#1493,#1494,#1495,#1496));
#289=EDGE_LOOP('',(#1497,#1498,#1499,#1500));
#290=EDGE_LOOP('',(#1501,#1502,#1503,#1504));
#291=EDGE_LOOP('',(#1505,#1506,#1507,#1508));
#292=EDGE_LOOP('',(#1509,#1510,#1511,#1512));
#293=EDGE_LOOP('',(#1513,#1514,#1515,#1516));
#294=EDGE_LOOP('',(#1517,#1518,#1519,#1520));
#295=EDGE_LOOP('',(#1521,#1522,#1523,#1524));
#296=EDGE_LOOP('',(#1525,#1526,#1527,#1528));
#297=EDGE_LOOP('',(#1529,#1530,#1531,#1532));
#298=EDGE_LOOP('',(#1533,#1534,#1535,#1536));
#299=EDGE_LOOP('',(#1537,#1538,#1539,#1540));
#300=EDGE_LOOP('',(#1541,#1542,#1543,#1544));
#301=EDGE_LOOP('',(#1545,#1546,#1547,#1548));
#302=EDGE_LOOP('',(#1549,#1550,#1551,#1552));
#303=EDGE_LOOP('',(#1553,#1554,#1555,#1556));
#304=EDGE_LOOP('',(#1557,#1558,#1559,#1560));
#305=EDGE_LOOP('',(#1561,#1562,#1563,#1564));
#306=EDGE_LOOP('',(#1565,#1566,#1567,#1568));
#307=EDGE_LOOP('',(#1569,#1570,#1571,#1572));
#308=EDGE_LOOP('',(#1573,#1574,#1575,#1576));
#309=EDGE_LOOP('',(#1577,#1578,#1579,#1580));
#310=EDGE_LOOP('',(#1581,#1582,#1583,#1584));
#311=EDGE_LOOP('',(#1585,#1586,#1587,#1588));
#312=EDGE_LOOP('',(#1589,#1590,#1591,#1592));
#313=EDGE_LOOP('',(#1593,#1594,#1595,#1596));
#314=EDGE_LOOP('',(#1597,#1598,#1599,#1600));
#315=EDGE_LOOP('',(#1601,#1602,#1603,#1604));
#316=EDGE_LOOP('',(#1605,#1606,#1607,#1608));
#317=EDGE_LOOP('',(#1609,#1610,#1611,#1612));
#318=EDGE_LOOP('',(#1613,#1614,#1615,#1616));
#319=EDGE_LOOP('',(#1617,#1618,#1619,#1620));
#320=EDGE_LOOP('',(#1621,#1622,#1623,#1624));
#321=EDGE_LOOP('',(#1625,#1626,#1627,#1628));
#322=EDGE_LOOP('',(#1629,#1630,#1631,#1632));
#323=EDGE_LOOP('',(#1633,#1634,#1635,#1636));
#324=EDGE_LOOP('',(#1637,#1638,#1639,#1640));
#325=EDGE_LOOP('',(#1641));
#326=EDGE_LOOP('',(#1642));
#327=EDGE_LOOP('',(#1643));
#328=EDGE_LOOP('',(#1644));
#329=EDGE_LOOP('',(#1645));
#330=EDGE_LOOP('',(#1646));
#331=EDGE_LOOP('',(#1647,#1648,#1649,#1650));
#332=EDGE_LOOP('',(#1651));
#333=EDGE_LOOP('',(#1652));
#334=EDGE_LOOP('',(#1653,#1654,#1655,#1656));
#335=EDGE_LOOP('',(#1657,#1658,#1659,#1660));
#336=EDGE_LOOP('',(#1661,#1662,#1663,#1664));
#337=EDGE_LOOP('',(#1665,#1666,#1667,#1668));
#338=EDGE_LOOP('',(#1669,#1670,#1671,#1672));
#339=EDGE_LOOP('',(#1673,#1674,#1675,#1676));
#340=EDGE_LOOP('',(#1677,#1678,#1679,#1680));
#341=EDGE_LOOP('',(#1681,#1682,#1683,#1684));
#342=EDGE_LOOP('',(#1685,#1686,#1687,#1688));
#343=EDGE_LOOP('',(#1689,#1690,#1691,#1692));
#344=EDGE_LOOP('',(#1693,#1694,#1695,#1696));
#345=EDGE_LOOP('',(#1697,#1698,#1699,#1700));
#346=EDGE_LOOP('',(#1701,#1702,#1703,#1704));
#347=EDGE_LOOP('',(#1705,#1706,#1707,#1708));
#348=EDGE_LOOP('',(#1709,#1710,#1711,#1712));
#349=EDGE_LOOP('',(#1713,#1714,#1715,#1716));
#350=EDGE_LOOP('',(#1717,#1718,#1719,#1720));
#351=EDGE_LOOP('',(#1721,#1722,#1723,#1724));
#352=EDGE_LOOP('',(#1725));
#353=EDGE_LOOP('',(#1726));
#354=EDGE_LOOP('',(#1727));
#355=EDGE_LOOP('',(#1728));
#356=EDGE_LOOP('',(#1729));
#357=EDGE_LOOP('',(#1730,#1731,#1732,#1733));
#358=EDGE_LOOP('',(#1734));
#359=EDGE_LOOP('',(#1735));
#360=EDGE_LOOP('',(#1736,#1737,#1738,#1739));
#361=EDGE_LOOP('',(#1740,#1741,#1742,#1743));
#362=EDGE_LOOP('',(#1744,#1745,#1746,#1747));
#363=EDGE_LOOP('',(#1748,#1749,#1750,#1751));
#364=EDGE_LOOP('',(#1752,#1753,#1754,#1755));
#365=EDGE_LOOP('',(#1756,#1757,#1758,#1759));
#366=EDGE_LOOP('',(#1760,#1761,#1762,#1763));
#367=EDGE_LOOP('',(#1764,#1765,#1766,#1767));
#368=EDGE_LOOP('',(#1768,#1769,#1770,#1771));
#369=EDGE_LOOP('',(#1772,#1773,#1774,#1775));
#370=EDGE_LOOP('',(#1776,#1777,#1778,#1779));
#371=EDGE_LOOP('',(#1780,#1781,#1782,#1783));
#372=EDGE_LOOP('',(#1784,#1785,#1786,#1787));
#373=EDGE_LOOP('',(#1788,#1789,#1790,#1791));
#374=EDGE_LOOP('',(#1792,#1793,#1794,#1795));
#375=EDGE_LOOP('',(#1796,#1797,#1798,#1799));
#376=EDGE_LOOP('',(#1800,#1801,#1802,#1803));
#377=LINE('',#2484,#614);
#378=LINE('',#2490,#615);
#379=LINE('',#2496,#616);
#380=LINE('',#2502,#617);
#381=LINE('',#2508,#618);
#382=LINE('',#2515,#619);
#383=LINE('',#2522,#620);
#384=LINE('',#2527,#621);
#385=LINE('',#2529,#622);
#386=LINE('',#2531,#623);
#387=LINE('',#2532,#624);
#388=LINE('',#2535,#625);
#389=LINE('',#2537,#626);
#390=LINE('',#2538,#627);
#391=LINE('',#2541,#628);
#392=LINE('',#2543,#629);
#393=LINE('',#2544,#630);
#394=LINE('',#2546,#631);
#395=LINE('',#2547,#632);
#396=LINE('',#2552,#633);
#397=LINE('',#2558,#634);
#398=LINE('',#2563,#635);
#399=LINE('',#2565,#636);
#400=LINE('',#2567,#637);
#401=LINE('',#2568,#638);
#402=LINE('',#2571,#639);
#403=LINE('',#2573,#640);
#404=LINE('',#2574,#641);
#405=LINE('',#2577,#642);
#406=LINE('',#2579,#643);
#407=LINE('',#2580,#644);
#408=LINE('',#2582,#645);
#409=LINE('',#2583,#646);
#410=LINE('',#2587,#647);
#411=LINE('',#2589,#648);
#412=LINE('',#2591,#649);
#413=LINE('',#2592,#650);
#414=LINE('',#2595,#651);
#415=LINE('',#2597,#652);
#416=LINE('',#2598,#653);
#417=LINE('',#2601,#654);
#418=LINE('',#2603,#655);
#419=LINE('',#2604,#656);
#420=LINE('',#2606,#657);
#421=LINE('',#2607,#658);
#422=LINE('',#2611,#659);
#423=LINE('',#2613,#660);
#424=LINE('',#2615,#661);
#425=LINE('',#2616,#662);
#426=LINE('',#2619,#663);
#427=LINE('',#2621,#664);
#428=LINE('',#2622,#665);
#429=LINE('',#2625,#666);
#430=LINE('',#2627,#667);
#431=LINE('',#2628,#668);
#432=LINE('',#2630,#669);
#433=LINE('',#2631,#670);
#434=LINE('',#2635,#671);
#435=LINE('',#2637,#672);
#436=LINE('',#2639,#673);
#437=LINE('',#2640,#674);
#438=LINE('',#2643,#675);
#439=LINE('',#2645,#676);
#440=LINE('',#2646,#677);
#441=LINE('',#2649,#678);
#442=LINE('',#2651,#679);
#443=LINE('',#2652,#680);
#444=LINE('',#2654,#681);
#445=LINE('',#2655,#682);
#446=LINE('',#2659,#683);
#447=LINE('',#2661,#684);
#448=LINE('',#2663,#685);
#449=LINE('',#2664,#686);
#450=LINE('',#2667,#687);
#451=LINE('',#2669,#688);
#452=LINE('',#2670,#689);
#453=LINE('',#2673,#690);
#454=LINE('',#2675,#691);
#455=LINE('',#2676,#692);
#456=LINE('',#2678,#693);
#457=LINE('',#2679,#694);
#458=LINE('',#2683,#695);
#459=LINE('',#2685,#696);
#460=LINE('',#2687,#697);
#461=LINE('',#2688,#698);
#462=LINE('',#2691,#699);
#463=LINE('',#2693,#700);
#464=LINE('',#2694,#701);
#465=LINE('',#2697,#702);
#466=LINE('',#2699,#703);
#467=LINE('',#2700,#704);
#468=LINE('',#2702,#705);
#469=LINE('',#2703,#706);
#470=LINE('',#2707,#707);
#471=LINE('',#2709,#708);
#472=LINE('',#2711,#709);
#473=LINE('',#2712,#710);
#474=LINE('',#2715,#711);
#475=LINE('',#2717,#712);
#476=LINE('',#2718,#713);
#477=LINE('',#2721,#714);
#478=LINE('',#2723,#715);
#479=LINE('',#2724,#716);
#480=LINE('',#2726,#717);
#481=LINE('',#2727,#718);
#482=LINE('',#2731,#719);
#483=LINE('',#2733,#720);
#484=LINE('',#2735,#721);
#485=LINE('',#2736,#722);
#486=LINE('',#2739,#723);
#487=LINE('',#2741,#724);
#488=LINE('',#2742,#725);
#489=LINE('',#2745,#726);
#490=LINE('',#2747,#727);
#491=LINE('',#2748,#728);
#492=LINE('',#2750,#729);
#493=LINE('',#2751,#730);
#494=LINE('',#2755,#731);
#495=LINE('',#2757,#732);
#496=LINE('',#2759,#733);
#497=LINE('',#2760,#734);
#498=LINE('',#2763,#735);
#499=LINE('',#2765,#736);
#500=LINE('',#2766,#737);
#501=LINE('',#2769,#738);
#502=LINE('',#2771,#739);
#503=LINE('',#2772,#740);
#504=LINE('',#2774,#741);
#505=LINE('',#2775,#742);
#506=LINE('',#2779,#743);
#507=LINE('',#2781,#744);
#508=LINE('',#2783,#745);
#509=LINE('',#2784,#746);
#510=LINE('',#2787,#747);
#511=LINE('',#2789,#748);
#512=LINE('',#2790,#749);
#513=LINE('',#2793,#750);
#514=LINE('',#2795,#751);
#515=LINE('',#2796,#752);
#516=LINE('',#2798,#753);
#517=LINE('',#2799,#754);
#518=LINE('',#2803,#755);
#519=LINE('',#2805,#756);
#520=LINE('',#2807,#757);
#521=LINE('',#2808,#758);
#522=LINE('',#2811,#759);
#523=LINE('',#2813,#760);
#524=LINE('',#2814,#761);
#525=LINE('',#2817,#762);
#526=LINE('',#2819,#763);
#527=LINE('',#2820,#764);
#528=LINE('',#2822,#765);
#529=LINE('',#2823,#766);
#530=LINE('',#2827,#767);
#531=LINE('',#2829,#768);
#532=LINE('',#2831,#769);
#533=LINE('',#2832,#770);
#534=LINE('',#2835,#771);
#535=LINE('',#2837,#772);
#536=LINE('',#2838,#773);
#537=LINE('',#2841,#774);
#538=LINE('',#2843,#775);
#539=LINE('',#2844,#776);
#540=LINE('',#2846,#777);
#541=LINE('',#2847,#778);
#542=LINE('',#2851,#779);
#543=LINE('',#2853,#780);
#544=LINE('',#2855,#781);
#545=LINE('',#2856,#782);
#546=LINE('',#2859,#783);
#547=LINE('',#2861,#784);
#548=LINE('',#2862,#785);
#549=LINE('',#2865,#786);
#550=LINE('',#2867,#787);
#551=LINE('',#2868,#788);
#552=LINE('',#2870,#789);
#553=LINE('',#2871,#790);
#554=LINE('',#2875,#791);
#555=LINE('',#2877,#792);
#556=LINE('',#2879,#793);
#557=LINE('',#2880,#794);
#558=LINE('',#2883,#795);
#559=LINE('',#2885,#796);
#560=LINE('',#2886,#797);
#561=LINE('',#2889,#798);
#562=LINE('',#2891,#799);
#563=LINE('',#2892,#800);
#564=LINE('',#2894,#801);
#565=LINE('',#2895,#802);
#566=LINE('',#2899,#803);
#567=LINE('',#2901,#804);
#568=LINE('',#2903,#805);
#569=LINE('',#2904,#806);
#570=LINE('',#2907,#807);
#571=LINE('',#2909,#808);
#572=LINE('',#2910,#809);
#573=LINE('',#2913,#810);
#574=LINE('',#2915,#811);
#575=LINE('',#2916,#812);
#576=LINE('',#2918,#813);
#577=LINE('',#2919,#814);
#578=LINE('',#2923,#815);
#579=LINE('',#2925,#816);
#580=LINE('',#2927,#817);
#581=LINE('',#2928,#818);
#582=LINE('',#2931,#819);
#583=LINE('',#2933,#820);
#584=LINE('',#2934,#821);
#585=LINE('',#2937,#822);
#586=LINE('',#2939,#823);
#587=LINE('',#2940,#824);
#588=LINE('',#2942,#825);
#589=LINE('',#2943,#826);
#590=LINE('',#2947,#827);
#591=LINE('',#2949,#828);
#592=LINE('',#2951,#829);
#593=LINE('',#2952,#830);
#594=LINE('',#2955,#831);
#595=LINE('',#2957,#832);
#596=LINE('',#2958,#833);
#597=LINE('',#2961,#834);
#598=LINE('',#2963,#835);
#599=LINE('',#2964,#836);
#600=LINE('',#2966,#837);
#601=LINE('',#2967,#838);
#602=LINE('',#2971,#839);
#603=LINE('',#2973,#840);
#604=LINE('',#2975,#841);
#605=LINE('',#2976,#842);
#606=LINE('',#2979,#843);
#607=LINE('',#2981,#844);
#608=LINE('',#2982,#845);
#609=LINE('',#2985,#846);
#610=LINE('',#2987,#847);
#611=LINE('',#2988,#848);
#612=LINE('',#2990,#849);
#613=LINE('',#2991,#850);
#614=VECTOR('',#2032,0.15);
#615=VECTOR('',#2039,0.15);
#616=VECTOR('',#2046,0.15);
#617=VECTOR('',#2053,0.15);
#618=VECTOR('',#2060,0.2);
#619=VECTOR('',#2069,0.5);
#620=VECTOR('',#2078,0.81);
#621=VECTOR('',#2083,1.);
#622=VECTOR('',#2084,1.);
#623=VECTOR('',#2085,1.);
#624=VECTOR('',#2086,1.);
#625=VECTOR('',#2089,1.);
#626=VECTOR('',#2090,1.);
#627=VECTOR('',#2091,1.);
#628=VECTOR('',#2094,1.);
#629=VECTOR('',#2095,1.);
#630=VECTOR('',#2096,1.);
#631=VECTOR('',#2099,1.);
#632=VECTOR('',#2100,1.);
#633=VECTOR('',#2105,0.41);
#634=VECTOR('',#2112,0.81);
#635=VECTOR('',#2117,1.);
#636=VECTOR('',#2118,1.);
#637=VECTOR('',#2119,1.);
#638=VECTOR('',#2120,1.);
#639=VECTOR('',#2123,1.);
#640=VECTOR('',#2124,1.);
#641=VECTOR('',#2125,1.);
#642=VECTOR('',#2128,1.);
#643=VECTOR('',#2129,1.);
#644=VECTOR('',#2130,1.);
#645=VECTOR('',#2133,1.);
#646=VECTOR('',#2134,1.);
#647=VECTOR('',#2137,1.);
#648=VECTOR('',#2138,1.);
#649=VECTOR('',#2139,1.);
#650=VECTOR('',#2140,1.);
#651=VECTOR('',#2143,1.);
#652=VECTOR('',#2144,1.);
#653=VECTOR('',#2145,1.);
#654=VECTOR('',#2148,1.);
#655=VECTOR('',#2149,1.);
#656=VECTOR('',#2150,1.);
#657=VECTOR('',#2153,1.);
#658=VECTOR('',#2154,1.);
#659=VECTOR('',#2157,1.);
#660=VECTOR('',#2158,1.);
#661=VECTOR('',#2159,1.);
#662=VECTOR('',#2160,1.);
#663=VECTOR('',#2163,1.);
#664=VECTOR('',#2164,1.);
#665=VECTOR('',#2165,1.);
#666=VECTOR('',#2168,1.);
#667=VECTOR('',#2169,1.);
#668=VECTOR('',#2170,1.);
#669=VECTOR('',#2173,1.);
#670=VECTOR('',#2174,1.);
#671=VECTOR('',#2177,1.);
#672=VECTOR('',#2178,1.);
#673=VECTOR('',#2179,1.);
#674=VECTOR('',#2180,1.);
#675=VECTOR('',#2183,1.);
#676=VECTOR('',#2184,1.);
#677=VECTOR('',#2185,1.);
#678=VECTOR('',#2188,1.);
#679=VECTOR('',#2189,1.);
#680=VECTOR('',#2190,1.);
#681=VECTOR('',#2193,1.);
#682=VECTOR('',#2194,1.);
#683=VECTOR('',#2197,1.);
#684=VECTOR('',#2198,1.);
#685=VECTOR('',#2199,1.);
#686=VECTOR('',#2200,1.);
#687=VECTOR('',#2203,1.);
#688=VECTOR('',#2204,1.);
#689=VECTOR('',#2205,1.);
#690=VECTOR('',#2208,1.);
#691=VECTOR('',#2209,1.);
#692=VECTOR('',#2210,1.);
#693=VECTOR('',#2213,1.);
#694=VECTOR('',#2214,1.);
#695=VECTOR('',#2217,1.);
#696=VECTOR('',#2218,1.);
#697=VECTOR('',#2219,1.);
#698=VECTOR('',#2220,1.);
#699=VECTOR('',#2223,1.);
#700=VECTOR('',#2224,1.);
#701=VECTOR('',#2225,1.);
#702=VECTOR('',#2228,1.);
#703=VECTOR('',#2229,1.);
#704=VECTOR('',#2230,1.);
#705=VECTOR('',#2233,1.);
#706=VECTOR('',#2234,1.);
#707=VECTOR('',#2237,1.);
#708=VECTOR('',#2238,1.);
#709=VECTOR('',#2239,1.);
#710=VECTOR('',#2240,1.);
#711=VECTOR('',#2243,1.);
#712=VECTOR('',#2244,1.);
#713=VECTOR('',#2245,1.);
#714=VECTOR('',#2248,1.);
#715=VECTOR('',#2249,1.);
#716=VECTOR('',#2250,1.);
#717=VECTOR('',#2253,1.);
#718=VECTOR('',#2254,1.);
#719=VECTOR('',#2257,1.);
#720=VECTOR('',#2258,1.);
#721=VECTOR('',#2259,1.);
#722=VECTOR('',#2260,1.);
#723=VECTOR('',#2263,1.);
#724=VECTOR('',#2264,1.);
#725=VECTOR('',#2265,1.);
#726=VECTOR('',#2268,1.);
#727=VECTOR('',#2269,1.);
#728=VECTOR('',#2270,1.);
#729=VECTOR('',#2273,1.);
#730=VECTOR('',#2274,1.);
#731=VECTOR('',#2277,1.);
#732=VECTOR('',#2278,1.);
#733=VECTOR('',#2279,1.);
#734=VECTOR('',#2280,1.);
#735=VECTOR('',#2283,1.);
#736=VECTOR('',#2284,1.);
#737=VECTOR('',#2285,1.);
#738=VECTOR('',#2288,1.);
#739=VECTOR('',#2289,1.);
#740=VECTOR('',#2290,1.);
#741=VECTOR('',#2293,1.);
#742=VECTOR('',#2294,1.);
#743=VECTOR('',#2297,1.);
#744=VECTOR('',#2298,1.);
#745=VECTOR('',#2299,1.);
#746=VECTOR('',#2300,1.);
#747=VECTOR('',#2303,1.);
#748=VECTOR('',#2304,1.);
#749=VECTOR('',#2305,1.);
#750=VECTOR('',#2308,1.);
#751=VECTOR('',#2309,1.);
#752=VECTOR('',#2310,1.);
#753=VECTOR('',#2313,1.);
#754=VECTOR('',#2314,1.);
#755=VECTOR('',#2317,1.);
#756=VECTOR('',#2318,1.);
#757=VECTOR('',#2319,1.);
#758=VECTOR('',#2320,1.);
#759=VECTOR('',#2323,1.);
#760=VECTOR('',#2324,1.);
#761=VECTOR('',#2325,1.);
#762=VECTOR('',#2328,1.);
#763=VECTOR('',#2329,1.);
#764=VECTOR('',#2330,1.);
#765=VECTOR('',#2333,1.);
#766=VECTOR('',#2334,1.);
#767=VECTOR('',#2337,1.);
#768=VECTOR('',#2338,1.);
#769=VECTOR('',#2339,1.);
#770=VECTOR('',#2340,1.);
#771=VECTOR('',#2343,1.);
#772=VECTOR('',#2344,1.);
#773=VECTOR('',#2345,1.);
#774=VECTOR('',#2348,1.);
#775=VECTOR('',#2349,1.);
#776=VECTOR('',#2350,1.);
#777=VECTOR('',#2353,1.);
#778=VECTOR('',#2354,1.);
#779=VECTOR('',#2357,1.);
#780=VECTOR('',#2358,1.);
#781=VECTOR('',#2359,1.);
#782=VECTOR('',#2360,1.);
#783=VECTOR('',#2363,1.);
#784=VECTOR('',#2364,1.);
#785=VECTOR('',#2365,1.);
#786=VECTOR('',#2368,1.);
#787=VECTOR('',#2369,1.);
#788=VECTOR('',#2370,1.);
#789=VECTOR('',#2373,1.);
#790=VECTOR('',#2374,1.);
#791=VECTOR('',#2377,1.);
#792=VECTOR('',#2378,1.);
#793=VECTOR('',#2379,1.);
#794=VECTOR('',#2380,1.);
#795=VECTOR('',#2383,1.);
#796=VECTOR('',#2384,1.);
#797=VECTOR('',#2385,1.);
#798=VECTOR('',#2388,1.);
#799=VECTOR('',#2389,1.);
#800=VECTOR('',#2390,1.);
#801=VECTOR('',#2393,1.);
#802=VECTOR('',#2394,1.);
#803=VECTOR('',#2397,1.);
#804=VECTOR('',#2398,1.);
#805=VECTOR('',#2399,1.);
#806=VECTOR('',#2400,1.);
#807=VECTOR('',#2403,1.);
#808=VECTOR('',#2404,1.);
#809=VECTOR('',#2405,1.);
#810=VECTOR('',#2408,1.);
#811=VECTOR('',#2409,1.);
#812=VECTOR('',#2410,1.);
#813=VECTOR('',#2413,1.);
#814=VECTOR('',#2414,1.);
#815=VECTOR('',#2417,1.);
#816=VECTOR('',#2418,1.);
#817=VECTOR('',#2419,1.);
#818=VECTOR('',#2420,1.);
#819=VECTOR('',#2423,1.);
#820=VECTOR('',#2424,1.);
#821=VECTOR('',#2425,1.);
#822=VECTOR('',#2428,1.);
#823=VECTOR('',#2429,1.);
#824=VECTOR('',#2430,1.);
#825=VECTOR('',#2433,1.);
#826=VECTOR('',#2434,1.);
#827=VECTOR('',#2437,1.);
#828=VECTOR('',#2438,1.);
#829=VECTOR('',#2439,1.);
#830=VECTOR('',#2440,1.);
#831=VECTOR('',#2443,1.);
#832=VECTOR('',#2444,1.);
#833=VECTOR('',#2445,1.);
#834=VECTOR('',#2448,1.);
#835=VECTOR('',#2449,1.);
#836=VECTOR('',#2450,1.);
#837=VECTOR('',#2453,1.);
#838=VECTOR('',#2454,1.);
#839=VECTOR('',#2457,1.);
#840=VECTOR('',#2458,1.);
#841=VECTOR('',#2459,1.);
#842=VECTOR('',#2460,1.);
#843=VECTOR('',#2463,1.);
#844=VECTOR('',#2464,1.);
#845=VECTOR('',#2465,1.);
#846=VECTOR('',#2468,1.);
#847=VECTOR('',#2469,1.);
#848=VECTOR('',#2470,1.);
#849=VECTOR('',#2473,1.);
#850=VECTOR('',#2474,1.);
#851=CIRCLE('',#1920,0.15);
#852=CIRCLE('',#1921,0.15);
#853=CIRCLE('',#1923,0.15);
#854=CIRCLE('',#1924,0.15);
#855=CIRCLE('',#1926,0.15);
#856=CIRCLE('',#1927,0.15);
#857=CIRCLE('',#1929,0.15);
#858=CIRCLE('',#1930,0.15);
#859=CIRCLE('',#1932,0.2);
#860=CIRCLE('',#1933,0.2);
#861=CIRCLE('',#1936,0.5);
#862=CIRCLE('',#1937,0.5);
#863=CIRCLE('',#1940,0.81);
#864=CIRCLE('',#1941,0.81);
#865=CIRCLE('',#1947,0.41);
#866=CIRCLE('',#1948,0.41);
#867=CIRCLE('',#1950,0.81);
#868=CIRCLE('',#1951,0.81);
#869=VERTEX_POINT('',#2481);
#870=VERTEX_POINT('',#2483);
#871=VERTEX_POINT('',#2487);
#872=VERTEX_POINT('',#2489);
#873=VERTEX_POINT('',#2493);
#874=VERTEX_POINT('',#2495);
#875=VERTEX_POINT('',#2499);
#876=VERTEX_POINT('',#2501);
#877=VERTEX_POINT('',#2505);
#878=VERTEX_POINT('',#2507);
#879=VERTEX_POINT('',#2512);
#880=VERTEX_POINT('',#2514);
#881=VERTEX_POINT('',#2519);
#882=VERTEX_POINT('',#2521);
#883=VERTEX_POINT('',#2525);
#884=VERTEX_POINT('',#2526);
#885=VERTEX_POINT('',#2528);
#886=VERTEX_POINT('',#2530);
#887=VERTEX_POINT('',#2534);
#888=VERTEX_POINT('',#2536);
#889=VERTEX_POINT('',#2540);
#890=VERTEX_POINT('',#2542);
#891=VERTEX_POINT('',#2549);
#892=VERTEX_POINT('',#2551);
#893=VERTEX_POINT('',#2555);
#894=VERTEX_POINT('',#2557);
#895=VERTEX_POINT('',#2561);
#896=VERTEX_POINT('',#2562);
#897=VERTEX_POINT('',#2564);
#898=VERTEX_POINT('',#2566);
#899=VERTEX_POINT('',#2570);
#900=VERTEX_POINT('',#2572);
#901=VERTEX_POINT('',#2576);
#902=VERTEX_POINT('',#2578);
#903=VERTEX_POINT('',#2585);
#904=VERTEX_POINT('',#2586);
#905=VERTEX_POINT('',#2588);
#906=VERTEX_POINT('',#2590);
#907=VERTEX_POINT('',#2594);
#908=VERTEX_POINT('',#2596);
#909=VERTEX_POINT('',#2600);
#910=VERTEX_POINT('',#2602);
#911=VERTEX_POINT('',#2609);
#912=VERTEX_POINT('',#2610);
#913=VERTEX_POINT('',#2612);
#914=VERTEX_POINT('',#2614);
#915=VERTEX_POINT('',#2618);
#916=VERTEX_POINT('',#2620);
#917=VERTEX_POINT('',#2624);
#918=VERTEX_POINT('',#2626);
#919=VERTEX_POINT('',#2633);
#920=VERTEX_POINT('',#2634);
#921=VERTEX_POINT('',#2636);
#922=VERTEX_POINT('',#2638);
#923=VERTEX_POINT('',#2642);
#924=VERTEX_POINT('',#2644);
#925=VERTEX_POINT('',#2648);
#926=VERTEX_POINT('',#2650);
#927=VERTEX_POINT('',#2657);
#928=VERTEX_POINT('',#2658);
#929=VERTEX_POINT('',#2660);
#930=VERTEX_POINT('',#2662);
#931=VERTEX_POINT('',#2666);
#932=VERTEX_POINT('',#2668);
#933=VERTEX_POINT('',#2672);
#934=VERTEX_POINT('',#2674);
#935=VERTEX_POINT('',#2681);
#936=VERTEX_POINT('',#2682);
#937=VERTEX_POINT('',#2684);
#938=VERTEX_POINT('',#2686);
#939=VERTEX_POINT('',#2690);
#940=VERTEX_POINT('',#2692);
#941=VERTEX_POINT('',#2696);
#942=VERTEX_POINT('',#2698);
#943=VERTEX_POINT('',#2705);
#944=VERTEX_POINT('',#2706);
#945=VERTEX_POINT('',#2708);
#946=VERTEX_POINT('',#2710);
#947=VERTEX_POINT('',#2714);
#948=VERTEX_POINT('',#2716);
#949=VERTEX_POINT('',#2720);
#950=VERTEX_POINT('',#2722);
#951=VERTEX_POINT('',#2729);
#952=VERTEX_POINT('',#2730);
#953=VERTEX_POINT('',#2732);
#954=VERTEX_POINT('',#2734);
#955=VERTEX_POINT('',#2738);
#956=VERTEX_POINT('',#2740);
#957=VERTEX_POINT('',#2744);
#958=VERTEX_POINT('',#2746);
#959=VERTEX_POINT('',#2753);
#960=VERTEX_POINT('',#2754);
#961=VERTEX_POINT('',#2756);
#962=VERTEX_POINT('',#2758);
#963=VERTEX_POINT('',#2762);
#964=VERTEX_POINT('',#2764);
#965=VERTEX_POINT('',#2768);
#966=VERTEX_POINT('',#2770);
#967=VERTEX_POINT('',#2777);
#968=VERTEX_POINT('',#2778);
#969=VERTEX_POINT('',#2780);
#970=VERTEX_POINT('',#2782);
#971=VERTEX_POINT('',#2786);
#972=VERTEX_POINT('',#2788);
#973=VERTEX_POINT('',#2792);
#974=VERTEX_POINT('',#2794);
#975=VERTEX_POINT('',#2801);
#976=VERTEX_POINT('',#2802);
#977=VERTEX_POINT('',#2804);
#978=VERTEX_POINT('',#2806);
#979=VERTEX_POINT('',#2810);
#980=VERTEX_POINT('',#2812);
#981=VERTEX_POINT('',#2816);
#982=VERTEX_POINT('',#2818);
#983=VERTEX_POINT('',#2825);
#984=VERTEX_POINT('',#2826);
#985=VERTEX_POINT('',#2828);
#986=VERTEX_POINT('',#2830);
#987=VERTEX_POINT('',#2834);
#988=VERTEX_POINT('',#2836);
#989=VERTEX_POINT('',#2840);
#990=VERTEX_POINT('',#2842);
#991=VERTEX_POINT('',#2849);
#992=VERTEX_POINT('',#2850);
#993=VERTEX_POINT('',#2852);
#994=VERTEX_POINT('',#2854);
#995=VERTEX_POINT('',#2858);
#996=VERTEX_POINT('',#2860);
#997=VERTEX_POINT('',#2864);
#998=VERTEX_POINT('',#2866);
#999=VERTEX_POINT('',#2873);
#1000=VERTEX_POINT('',#2874);
#1001=VERTEX_POINT('',#2876);
#1002=VERTEX_POINT('',#2878);
#1003=VERTEX_POINT('',#2882);
#1004=VERTEX_POINT('',#2884);
#1005=VERTEX_POINT('',#2888);
#1006=VERTEX_POINT('',#2890);
#1007=VERTEX_POINT('',#2897);
#1008=VERTEX_POINT('',#2898);
#1009=VERTEX_POINT('',#2900);
#1010=VERTEX_POINT('',#2902);
#1011=VERTEX_POINT('',#2906);
#1012=VERTEX_POINT('',#2908);
#1013=VERTEX_POINT('',#2912);
#1014=VERTEX_POINT('',#2914);
#1015=VERTEX_POINT('',#2921);
#1016=VERTEX_POINT('',#2922);
#1017=VERTEX_POINT('',#2924);
#1018=VERTEX_POINT('',#2926);
#1019=VERTEX_POINT('',#2930);
#1020=VERTEX_POINT('',#2932);
#1021=VERTEX_POINT('',#2936);
#1022=VERTEX_POINT('',#2938);
#1023=VERTEX_POINT('',#2945);
#1024=VERTEX_POINT('',#2946);
#1025=VERTEX_POINT('',#2948);
#1026=VERTEX_POINT('',#2950);
#1027=VERTEX_POINT('',#2954);
#1028=VERTEX_POINT('',#2956);
#1029=VERTEX_POINT('',#2960);
#1030=VERTEX_POINT('',#2962);
#1031=VERTEX_POINT('',#2969);
#1032=VERTEX_POINT('',#2970);
#1033=VERTEX_POINT('',#2972);
#1034=VERTEX_POINT('',#2974);
#1035=VERTEX_POINT('',#2978);
#1036=VERTEX_POINT('',#2980);
#1037=VERTEX_POINT('',#2984);
#1038=VERTEX_POINT('',#2986);
#1039=EDGE_CURVE('',#869,#869,#851,.T.);
#1040=EDGE_CURVE('',#869,#870,#377,.T.);
#1041=EDGE_CURVE('',#870,#870,#852,.T.);
#1042=EDGE_CURVE('',#871,#871,#853,.T.);
#1043=EDGE_CURVE('',#871,#872,#378,.T.);
#1044=EDGE_CURVE('',#872,#872,#854,.T.);
#1045=EDGE_CURVE('',#873,#873,#855,.T.);
#1046=EDGE_CURVE('',#873,#874,#379,.T.);
#1047=EDGE_CURVE('',#874,#874,#856,.T.);
#1048=EDGE_CURVE('',#875,#875,#857,.T.);
#1049=EDGE_CURVE('',#875,#876,#380,.T.);
#1050=EDGE_CURVE('',#876,#876,#858,.T.);
#1051=EDGE_CURVE('',#877,#877,#859,.T.);
#1052=EDGE_CURVE('',#877,#878,#381,.T.);
#1053=EDGE_CURVE('',#878,#878,#860,.T.);
#1054=EDGE_CURVE('',#879,#879,#861,.T.);
#1055=EDGE_CURVE('',#879,#880,#382,.T.);
#1056=EDGE_CURVE('',#880,#880,#862,.T.);
#1057=EDGE_CURVE('',#881,#881,#863,.T.);
#1058=EDGE_CURVE('',#881,#882,#383,.T.);
#1059=EDGE_CURVE('',#882,#882,#864,.T.);
#1060=EDGE_CURVE('',#883,#884,#384,.T.);
#1061=EDGE_CURVE('',#885,#883,#385,.T.);
#1062=EDGE_CURVE('',#886,#885,#386,.T.);
#1063=EDGE_CURVE('',#886,#884,#387,.T.);
#1064=EDGE_CURVE('',#884,#887,#388,.T.);
#1065=EDGE_CURVE('',#888,#886,#389,.T.);
#1066=EDGE_CURVE('',#888,#887,#390,.T.);
#1067=EDGE_CURVE('',#887,#889,#391,.T.);
#1068=EDGE_CURVE('',#890,#888,#392,.T.);
#1069=EDGE_CURVE('',#890,#889,#393,.T.);
#1070=EDGE_CURVE('',#889,#883,#394,.T.);
#1071=EDGE_CURVE('',#885,#890,#395,.T.);
#1072=EDGE_CURVE('',#891,#891,#865,.T.);
#1073=EDGE_CURVE('',#891,#892,#396,.T.);
#1074=EDGE_CURVE('',#892,#892,#866,.T.);
#1075=EDGE_CURVE('',#893,#893,#867,.T.);
#1076=EDGE_CURVE('',#893,#894,#397,.T.);
#1077=EDGE_CURVE('',#894,#894,#868,.T.);
#1078=EDGE_CURVE('',#895,#896,#398,.T.);
#1079=EDGE_CURVE('',#897,#895,#399,.T.);
#1080=EDGE_CURVE('',#898,#897,#400,.T.);
#1081=EDGE_CURVE('',#898,#896,#401,.T.);
#1082=EDGE_CURVE('',#896,#899,#402,.T.);
#1083=EDGE_CURVE('',#900,#898,#403,.T.);
#1084=EDGE_CURVE('',#900,#899,#404,.T.);
#1085=EDGE_CURVE('',#899,#901,#405,.T.);
#1086=EDGE_CURVE('',#902,#900,#406,.T.);
#1087=EDGE_CURVE('',#902,#901,#407,.T.);
#1088=EDGE_CURVE('',#901,#895,#408,.T.);
#1089=EDGE_CURVE('',#897,#902,#409,.T.);
#1090=EDGE_CURVE('',#903,#904,#410,.T.);
#1091=EDGE_CURVE('',#905,#903,#411,.T.);
#1092=EDGE_CURVE('',#906,#905,#412,.T.);
#1093=EDGE_CURVE('',#906,#904,#413,.T.);
#1094=EDGE_CURVE('',#904,#907,#414,.T.);
#1095=EDGE_CURVE('',#908,#906,#415,.T.);
#1096=EDGE_CURVE('',#908,#907,#416,.T.);
#1097=EDGE_CURVE('',#907,#909,#417,.T.);
#1098=EDGE_CURVE('',#910,#908,#418,.T.);
#1099=EDGE_CURVE('',#910,#909,#419,.T.);
#1100=EDGE_CURVE('',#909,#903,#420,.T.);
#1101=EDGE_CURVE('',#905,#910,#421,.T.);
#1102=EDGE_CURVE('',#911,#912,#422,.T.);
#1103=EDGE_CURVE('',#913,#911,#423,.T.);
#1104=EDGE_CURVE('',#914,#913,#424,.T.);
#1105=EDGE_CURVE('',#914,#912,#425,.T.);
#1106=EDGE_CURVE('',#912,#915,#426,.T.);
#1107=EDGE_CURVE('',#916,#914,#427,.T.);
#1108=EDGE_CURVE('',#916,#915,#428,.T.);
#1109=EDGE_CURVE('',#915,#917,#429,.T.);
#1110=EDGE_CURVE('',#918,#916,#430,.T.);
#1111=EDGE_CURVE('',#918,#917,#431,.T.);
#1112=EDGE_CURVE('',#917,#911,#432,.T.);
#1113=EDGE_CURVE('',#913,#918,#433,.T.);
#1114=EDGE_CURVE('',#919,#920,#434,.T.);
#1115=EDGE_CURVE('',#921,#919,#435,.T.);
#1116=EDGE_CURVE('',#922,#921,#436,.T.);
#1117=EDGE_CURVE('',#922,#920,#437,.T.);
#1118=EDGE_CURVE('',#920,#923,#438,.T.);
#1119=EDGE_CURVE('',#924,#922,#439,.T.);
#1120=EDGE_CURVE('',#924,#923,#440,.T.);
#1121=EDGE_CURVE('',#923,#925,#441,.T.);
#1122=EDGE_CURVE('',#926,#924,#442,.T.);
#1123=EDGE_CURVE('',#926,#925,#443,.T.);
#1124=EDGE_CURVE('',#925,#919,#444,.T.);
#1125=EDGE_CURVE('',#921,#926,#445,.T.);
#1126=EDGE_CURVE('',#927,#928,#446,.T.);
#1127=EDGE_CURVE('',#929,#927,#447,.T.);
#1128=EDGE_CURVE('',#930,#929,#448,.T.);
#1129=EDGE_CURVE('',#930,#928,#449,.T.);
#1130=EDGE_CURVE('',#928,#931,#450,.T.);
#1131=EDGE_CURVE('',#932,#930,#451,.T.);
#1132=EDGE_CURVE('',#932,#931,#452,.T.);
#1133=EDGE_CURVE('',#931,#933,#453,.T.);
#1134=EDGE_CURVE('',#934,#932,#454,.T.);
#1135=EDGE_CURVE('',#934,#933,#455,.T.);
#1136=EDGE_CURVE('',#933,#927,#456,.T.);
#1137=EDGE_CURVE('',#929,#934,#457,.T.);
#1138=EDGE_CURVE('',#935,#936,#458,.T.);
#1139=EDGE_CURVE('',#937,#935,#459,.T.);
#1140=EDGE_CURVE('',#938,#937,#460,.T.);
#1141=EDGE_CURVE('',#938,#936,#461,.T.);
#1142=EDGE_CURVE('',#936,#939,#462,.T.);
#1143=EDGE_CURVE('',#940,#938,#463,.T.);
#1144=EDGE_CURVE('',#940,#939,#464,.T.);
#1145=EDGE_CURVE('',#939,#941,#465,.T.);
#1146=EDGE_CURVE('',#942,#940,#466,.T.);
#1147=EDGE_CURVE('',#942,#941,#467,.T.);
#1148=EDGE_CURVE('',#941,#935,#468,.T.);
#1149=EDGE_CURVE('',#937,#942,#469,.T.);
#1150=EDGE_CURVE('',#943,#944,#470,.T.);
#1151=EDGE_CURVE('',#945,#943,#471,.T.);
#1152=EDGE_CURVE('',#946,#945,#472,.T.);
#1153=EDGE_CURVE('',#946,#944,#473,.T.);
#1154=EDGE_CURVE('',#944,#947,#474,.T.);
#1155=EDGE_CURVE('',#948,#946,#475,.T.);
#1156=EDGE_CURVE('',#948,#947,#476,.T.);
#1157=EDGE_CURVE('',#947,#949,#477,.T.);
#1158=EDGE_CURVE('',#950,#948,#478,.T.);
#1159=EDGE_CURVE('',#950,#949,#479,.T.);
#1160=EDGE_CURVE('',#949,#943,#480,.T.);
#1161=EDGE_CURVE('',#945,#950,#481,.T.);
#1162=EDGE_CURVE('',#951,#952,#482,.T.);
#1163=EDGE_CURVE('',#953,#951,#483,.T.);
#1164=EDGE_CURVE('',#954,#953,#484,.T.);
#1165=EDGE_CURVE('',#954,#952,#485,.T.);
#1166=EDGE_CURVE('',#952,#955,#486,.T.);
#1167=EDGE_CURVE('',#956,#954,#487,.T.);
#1168=EDGE_CURVE('',#956,#955,#488,.T.);
#1169=EDGE_CURVE('',#955,#957,#489,.T.);
#1170=EDGE_CURVE('',#958,#956,#490,.T.);
#1171=EDGE_CURVE('',#958,#957,#491,.T.);
#1172=EDGE_CURVE('',#957,#951,#492,.T.);
#1173=EDGE_CURVE('',#953,#958,#493,.T.);
#1174=EDGE_CURVE('',#959,#960,#494,.T.);
#1175=EDGE_CURVE('',#961,#959,#495,.T.);
#1176=EDGE_CURVE('',#962,#961,#496,.T.);
#1177=EDGE_CURVE('',#962,#960,#497,.T.);
#1178=EDGE_CURVE('',#960,#963,#498,.T.);
#1179=EDGE_CURVE('',#964,#962,#499,.T.);
#1180=EDGE_CURVE('',#964,#963,#500,.T.);
#1181=EDGE_CURVE('',#963,#965,#501,.T.);
#1182=EDGE_CURVE('',#966,#964,#502,.T.);
#1183=EDGE_CURVE('',#966,#965,#503,.T.);
#1184=EDGE_CURVE('',#965,#959,#504,.T.);
#1185=EDGE_CURVE('',#961,#966,#505,.T.);
#1186=EDGE_CURVE('',#967,#968,#506,.T.);
#1187=EDGE_CURVE('',#969,#967,#507,.T.);
#1188=EDGE_CURVE('',#970,#969,#508,.T.);
#1189=EDGE_CURVE('',#970,#968,#509,.T.);
#1190=EDGE_CURVE('',#968,#971,#510,.T.);
#1191=EDGE_CURVE('',#972,#970,#511,.T.);
#1192=EDGE_CURVE('',#972,#971,#512,.T.);
#1193=EDGE_CURVE('',#971,#973,#513,.T.);
#1194=EDGE_CURVE('',#974,#972,#514,.T.);
#1195=EDGE_CURVE('',#974,#973,#515,.T.);
#1196=EDGE_CURVE('',#973,#967,#516,.T.);
#1197=EDGE_CURVE('',#969,#974,#517,.T.);
#1198=EDGE_CURVE('',#975,#976,#518,.T.);
#1199=EDGE_CURVE('',#977,#975,#519,.T.);
#1200=EDGE_CURVE('',#978,#977,#520,.T.);
#1201=EDGE_CURVE('',#978,#976,#521,.T.);
#1202=EDGE_CURVE('',#976,#979,#522,.T.);
#1203=EDGE_CURVE('',#980,#978,#523,.T.);
#1204=EDGE_CURVE('',#980,#979,#524,.T.);
#1205=EDGE_CURVE('',#979,#981,#525,.T.);
#1206=EDGE_CURVE('',#982,#980,#526,.T.);
#1207=EDGE_CURVE('',#982,#981,#527,.T.);
#1208=EDGE_CURVE('',#981,#975,#528,.T.);
#1209=EDGE_CURVE('',#977,#982,#529,.T.);
#1210=EDGE_CURVE('',#983,#984,#530,.T.);
#1211=EDGE_CURVE('',#985,#983,#531,.T.);
#1212=EDGE_CURVE('',#986,#985,#532,.T.);
#1213=EDGE_CURVE('',#986,#984,#533,.T.);
#1214=EDGE_CURVE('',#984,#987,#534,.T.);
#1215=EDGE_CURVE('',#988,#986,#535,.T.);
#1216=EDGE_CURVE('',#988,#987,#536,.T.);
#1217=EDGE_CURVE('',#987,#989,#537,.T.);
#1218=EDGE_CURVE('',#990,#988,#538,.T.);
#1219=EDGE_CURVE('',#990,#989,#539,.T.);
#1220=EDGE_CURVE('',#989,#983,#540,.T.);
#1221=EDGE_CURVE('',#985,#990,#541,.T.);
#1222=EDGE_CURVE('',#991,#992,#542,.T.);
#1223=EDGE_CURVE('',#993,#991,#543,.T.);
#1224=EDGE_CURVE('',#994,#993,#544,.T.);
#1225=EDGE_CURVE('',#994,#992,#545,.T.);
#1226=EDGE_CURVE('',#992,#995,#546,.T.);
#1227=EDGE_CURVE('',#996,#994,#547,.T.);
#1228=EDGE_CURVE('',#996,#995,#548,.T.);
#1229=EDGE_CURVE('',#995,#997,#549,.T.);
#1230=EDGE_CURVE('',#998,#996,#550,.T.);
#1231=EDGE_CURVE('',#998,#997,#551,.T.);
#1232=EDGE_CURVE('',#997,#991,#552,.T.);
#1233=EDGE_CURVE('',#993,#998,#553,.T.);
#1234=EDGE_CURVE('',#999,#1000,#554,.T.);
#1235=EDGE_CURVE('',#1001,#999,#555,.T.);
#1236=EDGE_CURVE('',#1002,#1001,#556,.T.);
#1237=EDGE_CURVE('',#1002,#1000,#557,.T.);
#1238=EDGE_CURVE('',#1000,#1003,#558,.T.);
#1239=EDGE_CURVE('',#1004,#1002,#559,.T.);
#1240=EDGE_CURVE('',#1004,#1003,#560,.T.);
#1241=EDGE_CURVE('',#1003,#1005,#561,.T.);
#1242=EDGE_CURVE('',#1006,#1004,#562,.T.);
#1243=EDGE_CURVE('',#1006,#1005,#563,.T.);
#1244=EDGE_CURVE('',#1005,#999,#564,.T.);
#1245=EDGE_CURVE('',#1001,#1006,#565,.T.);
#1246=EDGE_CURVE('',#1007,#1008,#566,.T.);
#1247=EDGE_CURVE('',#1009,#1007,#567,.T.);
#1248=EDGE_CURVE('',#1010,#1009,#568,.T.);
#1249=EDGE_CURVE('',#1010,#1008,#569,.T.);
#1250=EDGE_CURVE('',#1008,#1011,#570,.T.);
#1251=EDGE_CURVE('',#1012,#1010,#571,.T.);
#1252=EDGE_CURVE('',#1012,#1011,#572,.T.);
#1253=EDGE_CURVE('',#1011,#1013,#573,.T.);
#1254=EDGE_CURVE('',#1014,#1012,#574,.T.);
#1255=EDGE_CURVE('',#1014,#1013,#575,.T.);
#1256=EDGE_CURVE('',#1013,#1007,#576,.T.);
#1257=EDGE_CURVE('',#1009,#1014,#577,.T.);
#1258=EDGE_CURVE('',#1015,#1016,#578,.T.);
#1259=EDGE_CURVE('',#1017,#1015,#579,.T.);
#1260=EDGE_CURVE('',#1018,#1017,#580,.T.);
#1261=EDGE_CURVE('',#1018,#1016,#581,.T.);
#1262=EDGE_CURVE('',#1016,#1019,#582,.T.);
#1263=EDGE_CURVE('',#1020,#1018,#583,.T.);
#1264=EDGE_CURVE('',#1020,#1019,#584,.T.);
#1265=EDGE_CURVE('',#1019,#1021,#585,.T.);
#1266=EDGE_CURVE('',#1022,#1020,#586,.T.);
#1267=EDGE_CURVE('',#1022,#1021,#587,.T.);
#1268=EDGE_CURVE('',#1021,#1015,#588,.T.);
#1269=EDGE_CURVE('',#1017,#1022,#589,.T.);
#1270=EDGE_CURVE('',#1023,#1024,#590,.T.);
#1271=EDGE_CURVE('',#1025,#1023,#591,.T.);
#1272=EDGE_CURVE('',#1026,#1025,#592,.T.);
#1273=EDGE_CURVE('',#1026,#1024,#593,.T.);
#1274=EDGE_CURVE('',#1024,#1027,#594,.T.);
#1275=EDGE_CURVE('',#1028,#1026,#595,.T.);
#1276=EDGE_CURVE('',#1028,#1027,#596,.T.);
#1277=EDGE_CURVE('',#1027,#1029,#597,.T.);
#1278=EDGE_CURVE('',#1030,#1028,#598,.T.);
#1279=EDGE_CURVE('',#1030,#1029,#599,.T.);
#1280=EDGE_CURVE('',#1029,#1023,#600,.T.);
#1281=EDGE_CURVE('',#1025,#1030,#601,.T.);
#1282=EDGE_CURVE('',#1031,#1032,#602,.T.);
#1283=EDGE_CURVE('',#1032,#1033,#603,.T.);
#1284=EDGE_CURVE('',#1034,#1033,#604,.T.);
#1285=EDGE_CURVE('',#1031,#1034,#605,.T.);
#1286=EDGE_CURVE('',#1035,#1031,#606,.T.);
#1287=EDGE_CURVE('',#1036,#1034,#607,.T.);
#1288=EDGE_CURVE('',#1035,#1036,#608,.T.);
#1289=EDGE_CURVE('',#1037,#1035,#609,.T.);
#1290=EDGE_CURVE('',#1038,#1036,#610,.T.);
#1291=EDGE_CURVE('',#1037,#1038,#611,.T.);
#1292=EDGE_CURVE('',#1032,#1037,#612,.T.);
#1293=EDGE_CURVE('',#1033,#1038,#613,.T.);
#1294=ORIENTED_EDGE('',*,*,#1039,.F.);
#1295=ORIENTED_EDGE('',*,*,#1040,.T.);
#1296=ORIENTED_EDGE('',*,*,#1041,.F.);
#1297=ORIENTED_EDGE('',*,*,#1040,.F.);
#1298=ORIENTED_EDGE('',*,*,#1042,.F.);
#1299=ORIENTED_EDGE('',*,*,#1043,.T.);
#1300=ORIENTED_EDGE('',*,*,#1044,.F.);
#1301=ORIENTED_EDGE('',*,*,#1043,.F.);
#1302=ORIENTED_EDGE('',*,*,#1045,.F.);
#1303=ORIENTED_EDGE('',*,*,#1046,.T.);
#1304=ORIENTED_EDGE('',*,*,#1047,.F.);
#1305=ORIENTED_EDGE('',*,*,#1046,.F.);
#1306=ORIENTED_EDGE('',*,*,#1048,.F.);
#1307=ORIENTED_EDGE('',*,*,#1049,.T.);
#1308=ORIENTED_EDGE('',*,*,#1050,.F.);
#1309=ORIENTED_EDGE('',*,*,#1049,.F.);
#1310=ORIENTED_EDGE('',*,*,#1051,.F.);
#1311=ORIENTED_EDGE('',*,*,#1052,.T.);
#1312=ORIENTED_EDGE('',*,*,#1053,.F.);
#1313=ORIENTED_EDGE('',*,*,#1052,.F.);
#1314=ORIENTED_EDGE('',*,*,#1053,.T.);
#1315=ORIENTED_EDGE('',*,*,#1054,.F.);
#1316=ORIENTED_EDGE('',*,*,#1055,.T.);
#1317=ORIENTED_EDGE('',*,*,#1056,.F.);
#1318=ORIENTED_EDGE('',*,*,#1055,.F.);
#1319=ORIENTED_EDGE('',*,*,#1054,.T.);
#1320=ORIENTED_EDGE('',*,*,#1051,.T.);
#1321=ORIENTED_EDGE('',*,*,#1057,.F.);
#1322=ORIENTED_EDGE('',*,*,#1058,.T.);
#1323=ORIENTED_EDGE('',*,*,#1059,.F.);
#1324=ORIENTED_EDGE('',*,*,#1058,.F.);
#1325=ORIENTED_EDGE('',*,*,#1060,.F.);
#1326=ORIENTED_EDGE('',*,*,#1061,.F.);
#1327=ORIENTED_EDGE('',*,*,#1062,.F.);
#1328=ORIENTED_EDGE('',*,*,#1063,.T.);
#1329=ORIENTED_EDGE('',*,*,#1064,.F.);
#1330=ORIENTED_EDGE('',*,*,#1063,.F.);
#1331=ORIENTED_EDGE('',*,*,#1065,.F.);
#1332=ORIENTED_EDGE('',*,*,#1066,.T.);
#1333=ORIENTED_EDGE('',*,*,#1067,.F.);
#1334=ORIENTED_EDGE('',*,*,#1066,.F.);
#1335=ORIENTED_EDGE('',*,*,#1068,.F.);
#1336=ORIENTED_EDGE('',*,*,#1069,.T.);
#1337=ORIENTED_EDGE('',*,*,#1070,.F.);
#1338=ORIENTED_EDGE('',*,*,#1069,.F.);
#1339=ORIENTED_EDGE('',*,*,#1071,.F.);
#1340=ORIENTED_EDGE('',*,*,#1061,.T.);
#1341=ORIENTED_EDGE('',*,*,#1072,.F.);
#1342=ORIENTED_EDGE('',*,*,#1073,.T.);
#1343=ORIENTED_EDGE('',*,*,#1074,.F.);
#1344=ORIENTED_EDGE('',*,*,#1073,.F.);
#1345=ORIENTED_EDGE('',*,*,#1075,.F.);
#1346=ORIENTED_EDGE('',*,*,#1076,.T.);
#1347=ORIENTED_EDGE('',*,*,#1077,.F.);
#1348=ORIENTED_EDGE('',*,*,#1076,.F.);
#1349=ORIENTED_EDGE('',*,*,#1078,.F.);
#1350=ORIENTED_EDGE('',*,*,#1079,.F.);
#1351=ORIENTED_EDGE('',*,*,#1080,.F.);
#1352=ORIENTED_EDGE('',*,*,#1081,.T.);
#1353=ORIENTED_EDGE('',*,*,#1082,.F.);
#1354=ORIENTED_EDGE('',*,*,#1081,.F.);
#1355=ORIENTED_EDGE('',*,*,#1083,.F.);
#1356=ORIENTED_EDGE('',*,*,#1084,.T.);
#1357=ORIENTED_EDGE('',*,*,#1085,.F.);
#1358=ORIENTED_EDGE('',*,*,#1084,.F.);
#1359=ORIENTED_EDGE('',*,*,#1086,.F.);
#1360=ORIENTED_EDGE('',*,*,#1087,.T.);
#1361=ORIENTED_EDGE('',*,*,#1088,.F.);
#1362=ORIENTED_EDGE('',*,*,#1087,.F.);
#1363=ORIENTED_EDGE('',*,*,#1089,.F.);
#1364=ORIENTED_EDGE('',*,*,#1079,.T.);
#1365=ORIENTED_EDGE('',*,*,#1090,.F.);
#1366=ORIENTED_EDGE('',*,*,#1091,.F.);
#1367=ORIENTED_EDGE('',*,*,#1092,.F.);
#1368=ORIENTED_EDGE('',*,*,#1093,.T.);
#1369=ORIENTED_EDGE('',*,*,#1094,.F.);
#1370=ORIENTED_EDGE('',*,*,#1093,.F.);
#1371=ORIENTED_EDGE('',*,*,#1095,.F.);
#1372=ORIENTED_EDGE('',*,*,#1096,.T.);
#1373=ORIENTED_EDGE('',*,*,#1097,.F.);
#1374=ORIENTED_EDGE('',*,*,#1096,.F.);
#1375=ORIENTED_EDGE('',*,*,#1098,.F.);
#1376=ORIENTED_EDGE('',*,*,#1099,.T.);
#1377=ORIENTED_EDGE('',*,*,#1100,.F.);
#1378=ORIENTED_EDGE('',*,*,#1099,.F.);
#1379=ORIENTED_EDGE('',*,*,#1101,.F.);
#1380=ORIENTED_EDGE('',*,*,#1091,.T.);
#1381=ORIENTED_EDGE('',*,*,#1102,.F.);
#1382=ORIENTED_EDGE('',*,*,#1103,.F.);
#1383=ORIENTED_EDGE('',*,*,#1104,.F.);
#1384=ORIENTED_EDGE('',*,*,#1105,.T.);
#1385=ORIENTED_EDGE('',*,*,#1106,.F.);
#1386=ORIENTED_EDGE('',*,*,#1105,.F.);
#1387=ORIENTED_EDGE('',*,*,#1107,.F.);
#1388=ORIENTED_EDGE('',*,*,#1108,.T.);
#1389=ORIENTED_EDGE('',*,*,#1109,.F.);
#1390=ORIENTED_EDGE('',*,*,#1108,.F.);
#1391=ORIENTED_EDGE('',*,*,#1110,.F.);
#1392=ORIENTED_EDGE('',*,*,#1111,.T.);
#1393=ORIENTED_EDGE('',*,*,#1112,.F.);
#1394=ORIENTED_EDGE('',*,*,#1111,.F.);
#1395=ORIENTED_EDGE('',*,*,#1113,.F.);
#1396=ORIENTED_EDGE('',*,*,#1103,.T.);
#1397=ORIENTED_EDGE('',*,*,#1114,.F.);
#1398=ORIENTED_EDGE('',*,*,#1115,.F.);
#1399=ORIENTED_EDGE('',*,*,#1116,.F.);
#1400=ORIENTED_EDGE('',*,*,#1117,.T.);
#1401=ORIENTED_EDGE('',*,*,#1118,.F.);
#1402=ORIENTED_EDGE('',*,*,#1117,.F.);
#1403=ORIENTED_EDGE('',*,*,#1119,.F.);
#1404=ORIENTED_EDGE('',*,*,#1120,.T.);
#1405=ORIENTED_EDGE('',*,*,#1121,.F.);
#1406=ORIENTED_EDGE('',*,*,#1120,.F.);
#1407=ORIENTED_EDGE('',*,*,#1122,.F.);
#1408=ORIENTED_EDGE('',*,*,#1123,.T.);
#1409=ORIENTED_EDGE('',*,*,#1124,.F.);
#1410=ORIENTED_EDGE('',*,*,#1123,.F.);
#1411=ORIENTED_EDGE('',*,*,#1125,.F.);
#1412=ORIENTED_EDGE('',*,*,#1115,.T.);
#1413=ORIENTED_EDGE('',*,*,#1126,.F.);
#1414=ORIENTED_EDGE('',*,*,#1127,.F.);
#1415=ORIENTED_EDGE('',*,*,#1128,.F.);
#1416=ORIENTED_EDGE('',*,*,#1129,.T.);
#1417=ORIENTED_EDGE('',*,*,#1130,.F.);
#1418=ORIENTED_EDGE('',*,*,#1129,.F.);
#1419=ORIENTED_EDGE('',*,*,#1131,.F.);
#1420=ORIENTED_EDGE('',*,*,#1132,.T.);
#1421=ORIENTED_EDGE('',*,*,#1133,.F.);
#1422=ORIENTED_EDGE('',*,*,#1132,.F.);
#1423=ORIENTED_EDGE('',*,*,#1134,.F.);
#1424=ORIENTED_EDGE('',*,*,#1135,.T.);
#1425=ORIENTED_EDGE('',*,*,#1136,.F.);
#1426=ORIENTED_EDGE('',*,*,#1135,.F.);
#1427=ORIENTED_EDGE('',*,*,#1137,.F.);
#1428=ORIENTED_EDGE('',*,*,#1127,.T.);
#1429=ORIENTED_EDGE('',*,*,#1138,.F.);
#1430=ORIENTED_EDGE('',*,*,#1139,.F.);
#1431=ORIENTED_EDGE('',*,*,#1140,.F.);
#1432=ORIENTED_EDGE('',*,*,#1141,.T.);
#1433=ORIENTED_EDGE('',*,*,#1142,.F.);
#1434=ORIENTED_EDGE('',*,*,#1141,.F.);
#1435=ORIENTED_EDGE('',*,*,#1143,.F.);
#1436=ORIENTED_EDGE('',*,*,#1144,.T.);
#1437=ORIENTED_EDGE('',*,*,#1145,.F.);
#1438=ORIENTED_EDGE('',*,*,#1144,.F.);
#1439=ORIENTED_EDGE('',*,*,#1146,.F.);
#1440=ORIENTED_EDGE('',*,*,#1147,.T.);
#1441=ORIENTED_EDGE('',*,*,#1148,.F.);
#1442=ORIENTED_EDGE('',*,*,#1147,.F.);
#1443=ORIENTED_EDGE('',*,*,#1149,.F.);
#1444=ORIENTED_EDGE('',*,*,#1139,.T.);
#1445=ORIENTED_EDGE('',*,*,#1150,.F.);
#1446=ORIENTED_EDGE('',*,*,#1151,.F.);
#1447=ORIENTED_EDGE('',*,*,#1152,.F.);
#1448=ORIENTED_EDGE('',*,*,#1153,.T.);
#1449=ORIENTED_EDGE('',*,*,#1154,.F.);
#1450=ORIENTED_EDGE('',*,*,#1153,.F.);
#1451=ORIENTED_EDGE('',*,*,#1155,.F.);
#1452=ORIENTED_EDGE('',*,*,#1156,.T.);
#1453=ORIENTED_EDGE('',*,*,#1157,.F.);
#1454=ORIENTED_EDGE('',*,*,#1156,.F.);
#1455=ORIENTED_EDGE('',*,*,#1158,.F.);
#1456=ORIENTED_EDGE('',*,*,#1159,.T.);
#1457=ORIENTED_EDGE('',*,*,#1160,.F.);
#1458=ORIENTED_EDGE('',*,*,#1159,.F.);
#1459=ORIENTED_EDGE('',*,*,#1161,.F.);
#1460=ORIENTED_EDGE('',*,*,#1151,.T.);
#1461=ORIENTED_EDGE('',*,*,#1162,.F.);
#1462=ORIENTED_EDGE('',*,*,#1163,.F.);
#1463=ORIENTED_EDGE('',*,*,#1164,.F.);
#1464=ORIENTED_EDGE('',*,*,#1165,.T.);
#1465=ORIENTED_EDGE('',*,*,#1166,.F.);
#1466=ORIENTED_EDGE('',*,*,#1165,.F.);
#1467=ORIENTED_EDGE('',*,*,#1167,.F.);
#1468=ORIENTED_EDGE('',*,*,#1168,.T.);
#1469=ORIENTED_EDGE('',*,*,#1169,.F.);
#1470=ORIENTED_EDGE('',*,*,#1168,.F.);
#1471=ORIENTED_EDGE('',*,*,#1170,.F.);
#1472=ORIENTED_EDGE('',*,*,#1171,.T.);
#1473=ORIENTED_EDGE('',*,*,#1172,.F.);
#1474=ORIENTED_EDGE('',*,*,#1171,.F.);
#1475=ORIENTED_EDGE('',*,*,#1173,.F.);
#1476=ORIENTED_EDGE('',*,*,#1163,.T.);
#1477=ORIENTED_EDGE('',*,*,#1174,.F.);
#1478=ORIENTED_EDGE('',*,*,#1175,.F.);
#1479=ORIENTED_EDGE('',*,*,#1176,.F.);
#1480=ORIENTED_EDGE('',*,*,#1177,.T.);
#1481=ORIENTED_EDGE('',*,*,#1178,.F.);
#1482=ORIENTED_EDGE('',*,*,#1177,.F.);
#1483=ORIENTED_EDGE('',*,*,#1179,.F.);
#1484=ORIENTED_EDGE('',*,*,#1180,.T.);
#1485=ORIENTED_EDGE('',*,*,#1181,.F.);
#1486=ORIENTED_EDGE('',*,*,#1180,.F.);
#1487=ORIENTED_EDGE('',*,*,#1182,.F.);
#1488=ORIENTED_EDGE('',*,*,#1183,.T.);
#1489=ORIENTED_EDGE('',*,*,#1184,.F.);
#1490=ORIENTED_EDGE('',*,*,#1183,.F.);
#1491=ORIENTED_EDGE('',*,*,#1185,.F.);
#1492=ORIENTED_EDGE('',*,*,#1175,.T.);
#1493=ORIENTED_EDGE('',*,*,#1186,.F.);
#1494=ORIENTED_EDGE('',*,*,#1187,.F.);
#1495=ORIENTED_EDGE('',*,*,#1188,.F.);
#1496=ORIENTED_EDGE('',*,*,#1189,.T.);
#1497=ORIENTED_EDGE('',*,*,#1190,.F.);
#1498=ORIENTED_EDGE('',*,*,#1189,.F.);
#1499=ORIENTED_EDGE('',*,*,#1191,.F.);
#1500=ORIENTED_EDGE('',*,*,#1192,.T.);
#1501=ORIENTED_EDGE('',*,*,#1193,.F.);
#1502=ORIENTED_EDGE('',*,*,#1192,.F.);
#1503=ORIENTED_EDGE('',*,*,#1194,.F.);
#1504=ORIENTED_EDGE('',*,*,#1195,.T.);
#1505=ORIENTED_EDGE('',*,*,#1196,.F.);
#1506=ORIENTED_EDGE('',*,*,#1195,.F.);
#1507=ORIENTED_EDGE('',*,*,#1197,.F.);
#1508=ORIENTED_EDGE('',*,*,#1187,.T.);
#1509=ORIENTED_EDGE('',*,*,#1198,.F.);
#1510=ORIENTED_EDGE('',*,*,#1199,.F.);
#1511=ORIENTED_EDGE('',*,*,#1200,.F.);
#1512=ORIENTED_EDGE('',*,*,#1201,.T.);
#1513=ORIENTED_EDGE('',*,*,#1202,.F.);
#1514=ORIENTED_EDGE('',*,*,#1201,.F.);
#1515=ORIENTED_EDGE('',*,*,#1203,.F.);
#1516=ORIENTED_EDGE('',*,*,#1204,.T.);
#1517=ORIENTED_EDGE('',*,*,#1205,.F.);
#1518=ORIENTED_EDGE('',*,*,#1204,.F.);
#1519=ORIENTED_EDGE('',*,*,#1206,.F.);
#1520=ORIENTED_EDGE('',*,*,#1207,.T.);
#1521=ORIENTED_EDGE('',*,*,#1208,.F.);
#1522=ORIENTED_EDGE('',*,*,#1207,.F.);
#1523=ORIENTED_EDGE('',*,*,#1209,.F.);
#1524=ORIENTED_EDGE('',*,*,#1199,.T.);
#1525=ORIENTED_EDGE('',*,*,#1210,.F.);
#1526=ORIENTED_EDGE('',*,*,#1211,.F.);
#1527=ORIENTED_EDGE('',*,*,#1212,.F.);
#1528=ORIENTED_EDGE('',*,*,#1213,.T.);
#1529=ORIENTED_EDGE('',*,*,#1214,.F.);
#1530=ORIENTED_EDGE('',*,*,#1213,.F.);
#1531=ORIENTED_EDGE('',*,*,#1215,.F.);
#1532=ORIENTED_EDGE('',*,*,#1216,.T.);
#1533=ORIENTED_EDGE('',*,*,#1217,.F.);
#1534=ORIENTED_EDGE('',*,*,#1216,.F.);
#1535=ORIENTED_EDGE('',*,*,#1218,.F.);
#1536=ORIENTED_EDGE('',*,*,#1219,.T.);
#1537=ORIENTED_EDGE('',*,*,#1220,.F.);
#1538=ORIENTED_EDGE('',*,*,#1219,.F.);
#1539=ORIENTED_EDGE('',*,*,#1221,.F.);
#1540=ORIENTED_EDGE('',*,*,#1211,.T.);
#1541=ORIENTED_EDGE('',*,*,#1222,.F.);
#1542=ORIENTED_EDGE('',*,*,#1223,.F.);
#1543=ORIENTED_EDGE('',*,*,#1224,.F.);
#1544=ORIENTED_EDGE('',*,*,#1225,.T.);
#1545=ORIENTED_EDGE('',*,*,#1226,.F.);
#1546=ORIENTED_EDGE('',*,*,#1225,.F.);
#1547=ORIENTED_EDGE('',*,*,#1227,.F.);
#1548=ORIENTED_EDGE('',*,*,#1228,.T.);
#1549=ORIENTED_EDGE('',*,*,#1229,.F.);
#1550=ORIENTED_EDGE('',*,*,#1228,.F.);
#1551=ORIENTED_EDGE('',*,*,#1230,.F.);
#1552=ORIENTED_EDGE('',*,*,#1231,.T.);
#1553=ORIENTED_EDGE('',*,*,#1232,.F.);
#1554=ORIENTED_EDGE('',*,*,#1231,.F.);
#1555=ORIENTED_EDGE('',*,*,#1233,.F.);
#1556=ORIENTED_EDGE('',*,*,#1223,.T.);
#1557=ORIENTED_EDGE('',*,*,#1234,.F.);
#1558=ORIENTED_EDGE('',*,*,#1235,.F.);
#1559=ORIENTED_EDGE('',*,*,#1236,.F.);
#1560=ORIENTED_EDGE('',*,*,#1237,.T.);
#1561=ORIENTED_EDGE('',*,*,#1238,.F.);
#1562=ORIENTED_EDGE('',*,*,#1237,.F.);
#1563=ORIENTED_EDGE('',*,*,#1239,.F.);
#1564=ORIENTED_EDGE('',*,*,#1240,.T.);
#1565=ORIENTED_EDGE('',*,*,#1241,.F.);
#1566=ORIENTED_EDGE('',*,*,#1240,.F.);
#1567=ORIENTED_EDGE('',*,*,#1242,.F.);
#1568=ORIENTED_EDGE('',*,*,#1243,.T.);
#1569=ORIENTED_EDGE('',*,*,#1244,.F.);
#1570=ORIENTED_EDGE('',*,*,#1243,.F.);
#1571=ORIENTED_EDGE('',*,*,#1245,.F.);
#1572=ORIENTED_EDGE('',*,*,#1235,.T.);
#1573=ORIENTED_EDGE('',*,*,#1246,.F.);
#1574=ORIENTED_EDGE('',*,*,#1247,.F.);
#1575=ORIENTED_EDGE('',*,*,#1248,.F.);
#1576=ORIENTED_EDGE('',*,*,#1249,.T.);
#1577=ORIENTED_EDGE('',*,*,#1250,.F.);
#1578=ORIENTED_EDGE('',*,*,#1249,.F.);
#1579=ORIENTED_EDGE('',*,*,#1251,.F.);
#1580=ORIENTED_EDGE('',*,*,#1252,.T.);
#1581=ORIENTED_EDGE('',*,*,#1253,.F.);
#1582=ORIENTED_EDGE('',*,*,#1252,.F.);
#1583=ORIENTED_EDGE('',*,*,#1254,.F.);
#1584=ORIENTED_EDGE('',*,*,#1255,.T.);
#1585=ORIENTED_EDGE('',*,*,#1256,.F.);
#1586=ORIENTED_EDGE('',*,*,#1255,.F.);
#1587=ORIENTED_EDGE('',*,*,#1257,.F.);
#1588=ORIENTED_EDGE('',*,*,#1247,.T.);
#1589=ORIENTED_EDGE('',*,*,#1258,.F.);
#1590=ORIENTED_EDGE('',*,*,#1259,.F.);
#1591=ORIENTED_EDGE('',*,*,#1260,.F.);
#1592=ORIENTED_EDGE('',*,*,#1261,.T.);
#1593=ORIENTED_EDGE('',*,*,#1262,.F.);
#1594=ORIENTED_EDGE('',*,*,#1261,.F.);
#1595=ORIENTED_EDGE('',*,*,#1263,.F.);
#1596=ORIENTED_EDGE('',*,*,#1264,.T.);
#1597=ORIENTED_EDGE('',*,*,#1265,.F.);
#1598=ORIENTED_EDGE('',*,*,#1264,.F.);
#1599=ORIENTED_EDGE('',*,*,#1266,.F.);
#1600=ORIENTED_EDGE('',*,*,#1267,.T.);
#1601=ORIENTED_EDGE('',*,*,#1268,.F.);
#1602=ORIENTED_EDGE('',*,*,#1267,.F.);
#1603=ORIENTED_EDGE('',*,*,#1269,.F.);
#1604=ORIENTED_EDGE('',*,*,#1259,.T.);
#1605=ORIENTED_EDGE('',*,*,#1270,.F.);
#1606=ORIENTED_EDGE('',*,*,#1271,.F.);
#1607=ORIENTED_EDGE('',*,*,#1272,.F.);
#1608=ORIENTED_EDGE('',*,*,#1273,.T.);
#1609=ORIENTED_EDGE('',*,*,#1274,.F.);
#1610=ORIENTED_EDGE('',*,*,#1273,.F.);
#1611=ORIENTED_EDGE('',*,*,#1275,.F.);
#1612=ORIENTED_EDGE('',*,*,#1276,.T.);
#1613=ORIENTED_EDGE('',*,*,#1277,.F.);
#1614=ORIENTED_EDGE('',*,*,#1276,.F.);
#1615=ORIENTED_EDGE('',*,*,#1278,.F.);
#1616=ORIENTED_EDGE('',*,*,#1279,.T.);
#1617=ORIENTED_EDGE('',*,*,#1280,.F.);
#1618=ORIENTED_EDGE('',*,*,#1279,.F.);
#1619=ORIENTED_EDGE('',*,*,#1281,.F.);
#1620=ORIENTED_EDGE('',*,*,#1271,.T.);
#1621=ORIENTED_EDGE('',*,*,#1282,.T.);
#1622=ORIENTED_EDGE('',*,*,#1283,.T.);
#1623=ORIENTED_EDGE('',*,*,#1284,.F.);
#1624=ORIENTED_EDGE('',*,*,#1285,.F.);
#1625=ORIENTED_EDGE('',*,*,#1286,.T.);
#1626=ORIENTED_EDGE('',*,*,#1285,.T.);
#1627=ORIENTED_EDGE('',*,*,#1287,.F.);
#1628=ORIENTED_EDGE('',*,*,#1288,.F.);
#1629=ORIENTED_EDGE('',*,*,#1289,.T.);
#1630=ORIENTED_EDGE('',*,*,#1288,.T.);
#1631=ORIENTED_EDGE('',*,*,#1290,.F.);
#1632=ORIENTED_EDGE('',*,*,#1291,.F.);
#1633=ORIENTED_EDGE('',*,*,#1292,.T.);
#1634=ORIENTED_EDGE('',*,*,#1291,.T.);
#1635=ORIENTED_EDGE('',*,*,#1293,.F.);
#1636=ORIENTED_EDGE('',*,*,#1283,.F.);
#1637=ORIENTED_EDGE('',*,*,#1293,.T.);
#1638=ORIENTED_EDGE('',*,*,#1290,.T.);
#1639=ORIENTED_EDGE('',*,*,#1287,.T.);
#1640=ORIENTED_EDGE('',*,*,#1284,.T.);
#1641=ORIENTED_EDGE('',*,*,#1039,.T.);
#1642=ORIENTED_EDGE('',*,*,#1042,.T.);
#1643=ORIENTED_EDGE('',*,*,#1045,.T.);
#1644=ORIENTED_EDGE('',*,*,#1048,.T.);
#1645=ORIENTED_EDGE('',*,*,#1056,.T.);
#1646=ORIENTED_EDGE('',*,*,#1057,.T.);
#1647=ORIENTED_EDGE('',*,*,#1068,.T.);
#1648=ORIENTED_EDGE('',*,*,#1065,.T.);
#1649=ORIENTED_EDGE('',*,*,#1062,.T.);
#1650=ORIENTED_EDGE('',*,*,#1071,.T.);
#1651=ORIENTED_EDGE('',*,*,#1072,.T.);
#1652=ORIENTED_EDGE('',*,*,#1075,.T.);
#1653=ORIENTED_EDGE('',*,*,#1086,.T.);
#1654=ORIENTED_EDGE('',*,*,#1083,.T.);
#1655=ORIENTED_EDGE('',*,*,#1080,.T.);
#1656=ORIENTED_EDGE('',*,*,#1089,.T.);
#1657=ORIENTED_EDGE('',*,*,#1098,.T.);
#1658=ORIENTED_EDGE('',*,*,#1095,.T.);
#1659=ORIENTED_EDGE('',*,*,#1092,.T.);
#1660=ORIENTED_EDGE('',*,*,#1101,.T.);
#1661=ORIENTED_EDGE('',*,*,#1110,.T.);
#1662=ORIENTED_EDGE('',*,*,#1107,.T.);
#1663=ORIENTED_EDGE('',*,*,#1104,.T.);
#1664=ORIENTED_EDGE('',*,*,#1113,.T.);
#1665=ORIENTED_EDGE('',*,*,#1122,.T.);
#1666=ORIENTED_EDGE('',*,*,#1119,.T.);
#1667=ORIENTED_EDGE('',*,*,#1116,.T.);
#1668=ORIENTED_EDGE('',*,*,#1125,.T.);
#1669=ORIENTED_EDGE('',*,*,#1134,.T.);
#1670=ORIENTED_EDGE('',*,*,#1131,.T.);
#1671=ORIENTED_EDGE('',*,*,#1128,.T.);
#1672=ORIENTED_EDGE('',*,*,#1137,.T.);
#1673=ORIENTED_EDGE('',*,*,#1146,.T.);
#1674=ORIENTED_EDGE('',*,*,#1143,.T.);
#1675=ORIENTED_EDGE('',*,*,#1140,.T.);
#1676=ORIENTED_EDGE('',*,*,#1149,.T.);
#1677=ORIENTED_EDGE('',*,*,#1158,.T.);
#1678=ORIENTED_EDGE('',*,*,#1155,.T.);
#1679=ORIENTED_EDGE('',*,*,#1152,.T.);
#1680=ORIENTED_EDGE('',*,*,#1161,.T.);
#1681=ORIENTED_EDGE('',*,*,#1170,.T.);
#1682=ORIENTED_EDGE('',*,*,#1167,.T.);
#1683=ORIENTED_EDGE('',*,*,#1164,.T.);
#1684=ORIENTED_EDGE('',*,*,#1173,.T.);
#1685=ORIENTED_EDGE('',*,*,#1182,.T.);
#1686=ORIENTED_EDGE('',*,*,#1179,.T.);
#1687=ORIENTED_EDGE('',*,*,#1176,.T.);
#1688=ORIENTED_EDGE('',*,*,#1185,.T.);
#1689=ORIENTED_EDGE('',*,*,#1194,.T.);
#1690=ORIENTED_EDGE('',*,*,#1191,.T.);
#1691=ORIENTED_EDGE('',*,*,#1188,.T.);
#1692=ORIENTED_EDGE('',*,*,#1197,.T.);
#1693=ORIENTED_EDGE('',*,*,#1206,.T.);
#1694=ORIENTED_EDGE('',*,*,#1203,.T.);
#1695=ORIENTED_EDGE('',*,*,#1200,.T.);
#1696=ORIENTED_EDGE('',*,*,#1209,.T.);
#1697=ORIENTED_EDGE('',*,*,#1218,.T.);
#1698=ORIENTED_EDGE('',*,*,#1215,.T.);
#1699=ORIENTED_EDGE('',*,*,#1212,.T.);
#1700=ORIENTED_EDGE('',*,*,#1221,.T.);
#1701=ORIENTED_EDGE('',*,*,#1230,.T.);
#1702=ORIENTED_EDGE('',*,*,#1227,.T.);
#1703=ORIENTED_EDGE('',*,*,#1224,.T.);
#1704=ORIENTED_EDGE('',*,*,#1233,.T.);
#1705=ORIENTED_EDGE('',*,*,#1242,.T.);
#1706=ORIENTED_EDGE('',*,*,#1239,.T.);
#1707=ORIENTED_EDGE('',*,*,#1236,.T.);
#1708=ORIENTED_EDGE('',*,*,#1245,.T.);
#1709=ORIENTED_EDGE('',*,*,#1254,.T.);
#1710=ORIENTED_EDGE('',*,*,#1251,.T.);
#1711=ORIENTED_EDGE('',*,*,#1248,.T.);
#1712=ORIENTED_EDGE('',*,*,#1257,.T.);
#1713=ORIENTED_EDGE('',*,*,#1266,.T.);
#1714=ORIENTED_EDGE('',*,*,#1263,.T.);
#1715=ORIENTED_EDGE('',*,*,#1260,.T.);
#1716=ORIENTED_EDGE('',*,*,#1269,.T.);
#1717=ORIENTED_EDGE('',*,*,#1278,.T.);
#1718=ORIENTED_EDGE('',*,*,#1275,.T.);
#1719=ORIENTED_EDGE('',*,*,#1272,.T.);
#1720=ORIENTED_EDGE('',*,*,#1281,.T.);
#1721=ORIENTED_EDGE('',*,*,#1292,.F.);
#1722=ORIENTED_EDGE('',*,*,#1282,.F.);
#1723=ORIENTED_EDGE('',*,*,#1286,.F.);
#1724=ORIENTED_EDGE('',*,*,#1289,.F.);
#1725=ORIENTED_EDGE('',*,*,#1041,.T.);
#1726=ORIENTED_EDGE('',*,*,#1044,.T.);
#1727=ORIENTED_EDGE('',*,*,#1047,.T.);
#1728=ORIENTED_EDGE('',*,*,#1050,.T.);
#1729=ORIENTED_EDGE('',*,*,#1059,.T.);
#1730=ORIENTED_EDGE('',*,*,#1067,.T.);
#1731=ORIENTED_EDGE('',*,*,#1070,.T.);
#1732=ORIENTED_EDGE('',*,*,#1060,.T.);
#1733=ORIENTED_EDGE('',*,*,#1064,.T.);
#1734=ORIENTED_EDGE('',*,*,#1074,.T.);
#1735=ORIENTED_EDGE('',*,*,#1077,.T.);
#1736=ORIENTED_EDGE('',*,*,#1085,.T.);
#1737=ORIENTED_EDGE('',*,*,#1088,.T.);
#1738=ORIENTED_EDGE('',*,*,#1078,.T.);
#1739=ORIENTED_EDGE('',*,*,#1082,.T.);
#1740=ORIENTED_EDGE('',*,*,#1097,.T.);
#1741=ORIENTED_EDGE('',*,*,#1100,.T.);
#1742=ORIENTED_EDGE('',*,*,#1090,.T.);
#1743=ORIENTED_EDGE('',*,*,#1094,.T.);
#1744=ORIENTED_EDGE('',*,*,#1109,.T.);
#1745=ORIENTED_EDGE('',*,*,#1112,.T.);
#1746=ORIENTED_EDGE('',*,*,#1102,.T.);
#1747=ORIENTED_EDGE('',*,*,#1106,.T.);
#1748=ORIENTED_EDGE('',*,*,#1121,.T.);
#1749=ORIENTED_EDGE('',*,*,#1124,.T.);
#1750=ORIENTED_EDGE('',*,*,#1114,.T.);
#1751=ORIENTED_EDGE('',*,*,#1118,.T.);
#1752=ORIENTED_EDGE('',*,*,#1133,.T.);
#1753=ORIENTED_EDGE('',*,*,#1136,.T.);
#1754=ORIENTED_EDGE('',*,*,#1126,.T.);
#1755=ORIENTED_EDGE('',*,*,#1130,.T.);
#1756=ORIENTED_EDGE('',*,*,#1145,.T.);
#1757=ORIENTED_EDGE('',*,*,#1148,.T.);
#1758=ORIENTED_EDGE('',*,*,#1138,.T.);
#1759=ORIENTED_EDGE('',*,*,#1142,.T.);
#1760=ORIENTED_EDGE('',*,*,#1157,.T.);
#1761=ORIENTED_EDGE('',*,*,#1160,.T.);
#1762=ORIENTED_EDGE('',*,*,#1150,.T.);
#1763=ORIENTED_EDGE('',*,*,#1154,.T.);
#1764=ORIENTED_EDGE('',*,*,#1169,.T.);
#1765=ORIENTED_EDGE('',*,*,#1172,.T.);
#1766=ORIENTED_EDGE('',*,*,#1162,.T.);
#1767=ORIENTED_EDGE('',*,*,#1166,.T.);
#1768=ORIENTED_EDGE('',*,*,#1181,.T.);
#1769=ORIENTED_EDGE('',*,*,#1184,.T.);
#1770=ORIENTED_EDGE('',*,*,#1174,.T.);
#1771=ORIENTED_EDGE('',*,*,#1178,.T.);
#1772=ORIENTED_EDGE('',*,*,#1193,.T.);
#1773=ORIENTED_EDGE('',*,*,#1196,.T.);
#1774=ORIENTED_EDGE('',*,*,#1186,.T.);
#1775=ORIENTED_EDGE('',*,*,#1190,.T.);
#1776=ORIENTED_EDGE('',*,*,#1205,.T.);
#1777=ORIENTED_EDGE('',*,*,#1208,.T.);
#1778=ORIENTED_EDGE('',*,*,#1198,.T.);
#1779=ORIENTED_EDGE('',*,*,#1202,.T.);
#1780=ORIENTED_EDGE('',*,*,#1217,.T.);
#1781=ORIENTED_EDGE('',*,*,#1220,.T.);
#1782=ORIENTED_EDGE('',*,*,#1210,.T.);
#1783=ORIENTED_EDGE('',*,*,#1214,.T.);
#1784=ORIENTED_EDGE('',*,*,#1229,.T.);
#1785=ORIENTED_EDGE('',*,*,#1232,.T.);
#1786=ORIENTED_EDGE('',*,*,#1222,.T.);
#1787=ORIENTED_EDGE('',*,*,#1226,.T.);
#1788=ORIENTED_EDGE('',*,*,#1241,.T.);
#1789=ORIENTED_EDGE('',*,*,#1244,.T.);
#1790=ORIENTED_EDGE('',*,*,#1234,.T.);
#1791=ORIENTED_EDGE('',*,*,#1238,.T.);
#1792=ORIENTED_EDGE('',*,*,#1253,.T.);
#1793=ORIENTED_EDGE('',*,*,#1256,.T.);
#1794=ORIENTED_EDGE('',*,*,#1246,.T.);
#1795=ORIENTED_EDGE('',*,*,#1250,.T.);
#1796=ORIENTED_EDGE('',*,*,#1265,.T.);
#1797=ORIENTED_EDGE('',*,*,#1268,.T.);
#1798=ORIENTED_EDGE('',*,*,#1258,.T.);
#1799=ORIENTED_EDGE('',*,*,#1262,.T.);
#1800=ORIENTED_EDGE('',*,*,#1277,.T.);
#1801=ORIENTED_EDGE('',*,*,#1280,.T.);
#1802=ORIENTED_EDGE('',*,*,#1270,.T.);
#1803=ORIENTED_EDGE('',*,*,#1274,.T.);
#1804=CYLINDRICAL_SURFACE('',#1919,0.15);
#1805=CYLINDRICAL_SURFACE('',#1922,0.15);
#1806=CYLINDRICAL_SURFACE('',#1925,0.15);
#1807=CYLINDRICAL_SURFACE('',#1928,0.15);
#1808=CYLINDRICAL_SURFACE('',#1931,0.2);
#1809=CYLINDRICAL_SURFACE('',#1935,0.5);
#1810=CYLINDRICAL_SURFACE('',#1939,0.81);
#1811=CYLINDRICAL_SURFACE('',#1946,0.41);
#1812=CYLINDRICAL_SURFACE('',#1949,0.81);
#1813=ADVANCED_FACE('',(#147),#1804,.F.);
#1814=ADVANCED_FACE('',(#148),#1805,.F.);
#1815=ADVANCED_FACE('',(#149),#1806,.F.);
#1816=ADVANCED_FACE('',(#150),#1807,.F.);
#1817=ADVANCED_FACE('',(#151),#1808,.F.);
#1818=ADVANCED_FACE('',(#152),#67,.T.);
#1819=ADVANCED_FACE('',(#153),#1809,.T.);
#1820=ADVANCED_FACE('',(#154,#15),#68,.T.);
#1821=ADVANCED_FACE('',(#155),#1810,.F.);
#1822=ADVANCED_FACE('',(#156),#69,.F.);
#1823=ADVANCED_FACE('',(#157),#70,.F.);
#1824=ADVANCED_FACE('',(#158),#71,.F.);
#1825=ADVANCED_FACE('',(#159),#72,.F.);
#1826=ADVANCED_FACE('',(#160),#1811,.F.);
#1827=ADVANCED_FACE('',(#161),#1812,.F.);
#1828=ADVANCED_FACE('',(#162),#73,.F.);
#1829=ADVANCED_FACE('',(#163),#74,.F.);
#1830=ADVANCED_FACE('',(#164),#75,.F.);
#1831=ADVANCED_FACE('',(#165),#76,.F.);
#1832=ADVANCED_FACE('',(#166),#77,.F.);
#1833=ADVANCED_FACE('',(#167),#78,.F.);
#1834=ADVANCED_FACE('',(#168),#79,.F.);
#1835=ADVANCED_FACE('',(#169),#80,.F.);
#1836=ADVANCED_FACE('',(#170),#81,.F.);
#1837=ADVANCED_FACE('',(#171),#82,.F.);
#1838=ADVANCED_FACE('',(#172),#83,.F.);
#1839=ADVANCED_FACE('',(#173),#84,.F.);
#1840=ADVANCED_FACE('',(#174),#85,.F.);
#1841=ADVANCED_FACE('',(#175),#86,.F.);
#1842=ADVANCED_FACE('',(#176),#87,.F.);
#1843=ADVANCED_FACE('',(#177),#88,.F.);
#1844=ADVANCED_FACE('',(#178),#89,.F.);
#1845=ADVANCED_FACE('',(#179),#90,.F.);
#1846=ADVANCED_FACE('',(#180),#91,.F.);
#1847=ADVANCED_FACE('',(#181),#92,.F.);
#1848=ADVANCED_FACE('',(#182),#93,.F.);
#1849=ADVANCED_FACE('',(#183),#94,.F.);
#1850=ADVANCED_FACE('',(#184),#95,.F.);
#1851=ADVANCED_FACE('',(#185),#96,.F.);
#1852=ADVANCED_FACE('',(#186),#97,.F.);
#1853=ADVANCED_FACE('',(#187),#98,.F.);
#1854=ADVANCED_FACE('',(#188),#99,.F.);
#1855=ADVANCED_FACE('',(#189),#100,.F.);
#1856=ADVANCED_FACE('',(#190),#101,.F.);
#1857=ADVANCED_FACE('',(#191),#102,.F.);
#1858=ADVANCED_FACE('',(#192),#103,.F.);
#1859=ADVANCED_FACE('',(#193),#104,.F.);
#1860=ADVANCED_FACE('',(#194),#105,.F.);
#1861=ADVANCED_FACE('',(#195),#106,.F.);
#1862=ADVANCED_FACE('',(#196),#107,.F.);
#1863=ADVANCED_FACE('',(#197),#108,.F.);
#1864=ADVANCED_FACE('',(#198),#109,.F.);
#1865=ADVANCED_FACE('',(#199),#110,.F.);
#1866=ADVANCED_FACE('',(#200),#111,.F.);
#1867=ADVANCED_FACE('',(#201),#112,.F.);
#1868=ADVANCED_FACE('',(#202),#113,.F.);
#1869=ADVANCED_FACE('',(#203),#114,.F.);
#1870=ADVANCED_FACE('',(#204),#115,.F.);
#1871=ADVANCED_FACE('',(#205),#116,.F.);
#1872=ADVANCED_FACE('',(#206),#117,.F.);
#1873=ADVANCED_FACE('',(#207),#118,.F.);
#1874=ADVANCED_FACE('',(#208),#119,.F.);
#1875=ADVANCED_FACE('',(#209),#120,.F.);
#1876=ADVANCED_FACE('',(#210),#121,.F.);
#1877=ADVANCED_FACE('',(#211),#122,.F.);
#1878=ADVANCED_FACE('',(#212),#123,.F.);
#1879=ADVANCED_FACE('',(#213),#124,.F.);
#1880=ADVANCED_FACE('',(#214),#125,.F.);
#1881=ADVANCED_FACE('',(#215),#126,.F.);
#1882=ADVANCED_FACE('',(#216),#127,.F.);
#1883=ADVANCED_FACE('',(#217),#128,.F.);
#1884=ADVANCED_FACE('',(#218),#129,.F.);
#1885=ADVANCED_FACE('',(#219),#130,.F.);
#1886=ADVANCED_FACE('',(#220),#131,.F.);
#1887=ADVANCED_FACE('',(#221),#132,.F.);
#1888=ADVANCED_FACE('',(#222),#133,.F.);
#1889=ADVANCED_FACE('',(#223),#134,.F.);
#1890=ADVANCED_FACE('',(#224),#135,.F.);
#1891=ADVANCED_FACE('',(#225),#136,.F.);
#1892=ADVANCED_FACE('',(#226),#137,.F.);
#1893=ADVANCED_FACE('',(#227),#138,.F.);
#1894=ADVANCED_FACE('',(#228),#139,.F.);
#1895=ADVANCED_FACE('',(#229),#140,.F.);
#1896=ADVANCED_FACE('',(#230),#141,.T.);
#1897=ADVANCED_FACE('',(#231),#142,.T.);
#1898=ADVANCED_FACE('',(#232),#143,.T.);
#1899=ADVANCED_FACE('',(#233),#144,.T.);
#1900=ADVANCED_FACE('',(#234,#16,#17,#18,#19,#20,#21,#22,#23,#24,#25,#26,
#27,#28,#29,#30,#31,#32,#33,#34,#35,#36,#37,#38,#39,#40,#41),#145,.T.);
#1901=ADVANCED_FACE('',(#235,#42,#43,#44,#45,#46,#47,#48,#49,#50,#51,#52,
#53,#54,#55,#56,#57,#58,#59,#60,#61,#62,#63,#64,#65,#66),#146,.F.);
#1902=CLOSED_SHELL('',(#1813,#1814,#1815,#1816,#1817,#1818,#1819,#1820,
#1821,#1822,#1823,#1824,#1825,#1826,#1827,#1828,#1829,#1830,#1831,#1832,
#1833,#1834,#1835,#1836,#1837,#1838,#1839,#1840,#1841,#1842,#1843,#1844,
#1845,#1846,#1847,#1848,#1849,#1850,#1851,#1852,#1853,#1854,#1855,#1856,
#1857,#1858,#1859,#1860,#1861,#1862,#1863,#1864,#1865,#1866,#1867,#1868,
#1869,#1870,#1871,#1872,#1873,#1874,#1875,#1876,#1877,#1878,#1879,#1880,
#1881,#1882,#1883,#1884,#1885,#1886,#1887,#1888,#1889,#1890,#1891,#1892,
#1893,#1894,#1895,#1896,#1897,#1898,#1899,#1900,#1901));
#1903=DERIVED_UNIT_ELEMENT(#1906,1.);
#1904=DERIVED_UNIT_ELEMENT(#2998,-3.);
#1905=DIMENSIONAL_EXPONENTS(0.,1.,0.,0.,0.,0.,0.);
#1906=(
CONVERSION_BASED_UNIT('gram',#1908)
MASS_UNIT()
NAMED_UNIT(#1905)
);
#1907=(
MASS_UNIT()
NAMED_UNIT(*)
SI_UNIT(.KILO.,.GRAM.)
);
#1908=MASS_MEASURE_WITH_UNIT(MASS_MEASURE(0.001),#1907);
#1909=DERIVED_UNIT((#1903,#1904));
#1910=MEASURE_REPRESENTATION_ITEM('density measure',
POSITIVE_RATIO_MEASURE(1.),#1909);
#1911=PROPERTY_DEFINITION_REPRESENTATION(#1916,#1913);
#1912=PROPERTY_DEFINITION_REPRESENTATION(#1917,#1914);
#1913=REPRESENTATION('material name',(#1915),#2996);
#1914=REPRESENTATION('density',(#1910),#2996);
#1915=DESCRIPTIVE_REPRESENTATION_ITEM('Generic','Generic');
#1916=PROPERTY_DEFINITION('material property','material name',#3005);
#1917=PROPERTY_DEFINITION('material property','density of part',#3005);
#1918=AXIS2_PLACEMENT_3D('',#2479,#2026,#2027);
#1919=AXIS2_PLACEMENT_3D('',#2480,#2028,#2029);
#1920=AXIS2_PLACEMENT_3D('',#2482,#2030,#2031);
#1921=AXIS2_PLACEMENT_3D('',#2485,#2033,#2034);
#1922=AXIS2_PLACEMENT_3D('',#2486,#2035,#2036);
#1923=AXIS2_PLACEMENT_3D('',#2488,#2037,#2038);
#1924=AXIS2_PLACEMENT_3D('',#2491,#2040,#2041);
#1925=AXIS2_PLACEMENT_3D('',#2492,#2042,#2043);
#1926=AXIS2_PLACEMENT_3D('',#2494,#2044,#2045);
#1927=AXIS2_PLACEMENT_3D('',#2497,#2047,#2048);
#1928=AXIS2_PLACEMENT_3D('',#2498,#2049,#2050);
#1929=AXIS2_PLACEMENT_3D('',#2500,#2051,#2052);
#1930=AXIS2_PLACEMENT_3D('',#2503,#2054,#2055);
#1931=AXIS2_PLACEMENT_3D('',#2504,#2056,#2057);
#1932=AXIS2_PLACEMENT_3D('',#2506,#2058,#2059);
#1933=AXIS2_PLACEMENT_3D('',#2509,#2061,#2062);
#1934=AXIS2_PLACEMENT_3D('',#2510,#2063,#2064);
#1935=AXIS2_PLACEMENT_3D('',#2511,#2065,#2066);
#1936=AXIS2_PLACEMENT_3D('',#2513,#2067,#2068);
#1937=AXIS2_PLACEMENT_3D('',#2516,#2070,#2071);
#1938=AXIS2_PLACEMENT_3D('',#2517,#2072,#2073);
#1939=AXIS2_PLACEMENT_3D('',#2518,#2074,#2075);
#1940=AXIS2_PLACEMENT_3D('',#2520,#2076,#2077);
#1941=AXIS2_PLACEMENT_3D('',#2523,#2079,#2080);
#1942=AXIS2_PLACEMENT_3D('',#2524,#2081,#2082);
#1943=AXIS2_PLACEMENT_3D('',#2533,#2087,#2088);
#1944=AXIS2_PLACEMENT_3D('',#2539,#2092,#2093);
#1945=AXIS2_PLACEMENT_3D('',#2545,#2097,#2098);
#1946=AXIS2_PLACEMENT_3D('',#2548,#2101,#2102);
#1947=AXIS2_PLACEMENT_3D('',#2550,#2103,#2104);
#1948=AXIS2_PLACEMENT_3D('',#2553,#2106,#2107);
#1949=AXIS2_PLACEMENT_3D('',#2554,#2108,#2109);
#1950=AXIS2_PLACEMENT_3D('',#2556,#2110,#2111);
#1951=AXIS2_PLACEMENT_3D('',#2559,#2113,#2114);
#1952=AXIS2_PLACEMENT_3D('',#2560,#2115,#2116);
#1953=AXIS2_PLACEMENT_3D('',#2569,#2121,#2122);
#1954=AXIS2_PLACEMENT_3D('',#2575,#2126,#2127);
#1955=AXIS2_PLACEMENT_3D('',#2581,#2131,#2132);
#1956=AXIS2_PLACEMENT_3D('',#2584,#2135,#2136);
#1957=AXIS2_PLACEMENT_3D('',#2593,#2141,#2142);
#1958=AXIS2_PLACEMENT_3D('',#2599,#2146,#2147);
#1959=AXIS2_PLACEMENT_3D('',#2605,#2151,#2152);
#1960=AXIS2_PLACEMENT_3D('',#2608,#2155,#2156);
#1961=AXIS2_PLACEMENT_3D('',#2617,#2161,#2162);
#1962=AXIS2_PLACEMENT_3D('',#2623,#2166,#2167);
#1963=AXIS2_PLACEMENT_3D('',#2629,#2171,#2172);
#1964=AXIS2_PLACEMENT_3D('',#2632,#2175,#2176);
#1965=AXIS2_PLACEMENT_3D('',#2641,#2181,#2182);
#1966=AXIS2_PLACEMENT_3D('',#2647,#2186,#2187);
#1967=AXIS2_PLACEMENT_3D('',#2653,#2191,#2192);
#1968=AXIS2_PLACEMENT_3D('',#2656,#2195,#2196);
#1969=AXIS2_PLACEMENT_3D('',#2665,#2201,#2202);
#1970=AXIS2_PLACEMENT_3D('',#2671,#2206,#2207);
#1971=AXIS2_PLACEMENT_3D('',#2677,#2211,#2212);
#1972=AXIS2_PLACEMENT_3D('',#2680,#2215,#2216);
#1973=AXIS2_PLACEMENT_3D('',#2689,#2221,#2222);
#1974=AXIS2_PLACEMENT_3D('',#2695,#2226,#2227);
#1975=AXIS2_PLACEMENT_3D('',#2701,#2231,#2232);
#1976=AXIS2_PLACEMENT_3D('',#2704,#2235,#2236);
#1977=AXIS2_PLACEMENT_3D('',#2713,#2241,#2242);
#1978=AXIS2_PLACEMENT_3D('',#2719,#2246,#2247);
#1979=AXIS2_PLACEMENT_3D('',#2725,#2251,#2252);
#1980=AXIS2_PLACEMENT_3D('',#2728,#2255,#2256);
#1981=AXIS2_PLACEMENT_3D('',#2737,#2261,#2262);
#1982=AXIS2_PLACEMENT_3D('',#2743,#2266,#2267);
#1983=AXIS2_PLACEMENT_3D('',#2749,#2271,#2272);
#1984=AXIS2_PLACEMENT_3D('',#2752,#2275,#2276);
#1985=AXIS2_PLACEMENT_3D('',#2761,#2281,#2282);
#1986=AXIS2_PLACEMENT_3D('',#2767,#2286,#2287);
#1987=AXIS2_PLACEMENT_3D('',#2773,#2291,#2292);
#1988=AXIS2_PLACEMENT_3D('',#2776,#2295,#2296);
#1989=AXIS2_PLACEMENT_3D('',#2785,#2301,#2302);
#1990=AXIS2_PLACEMENT_3D('',#2791,#2306,#2307);
#1991=AXIS2_PLACEMENT_3D('',#2797,#2311,#2312);
#1992=AXIS2_PLACEMENT_3D('',#2800,#2315,#2316);
#1993=AXIS2_PLACEMENT_3D('',#2809,#2321,#2322);
#1994=AXIS2_PLACEMENT_3D('',#2815,#2326,#2327);
#1995=AXIS2_PLACEMENT_3D('',#2821,#2331,#2332);
#1996=AXIS2_PLACEMENT_3D('',#2824,#2335,#2336);
#1997=AXIS2_PLACEMENT_3D('',#2833,#2341,#2342);
#1998=AXIS2_PLACEMENT_3D('',#2839,#2346,#2347);
#1999=AXIS2_PLACEMENT_3D('',#2845,#2351,#2352);
#2000=AXIS2_PLACEMENT_3D('',#2848,#2355,#2356);
#2001=AXIS2_PLACEMENT_3D('',#2857,#2361,#2362);
#2002=AXIS2_PLACEMENT_3D('',#2863,#2366,#2367);
#2003=AXIS2_PLACEMENT_3D('',#2869,#2371,#2372);
#2004=AXIS2_PLACEMENT_3D('',#2872,#2375,#2376);
#2005=AXIS2_PLACEMENT_3D('',#2881,#2381,#2382);
#2006=AXIS2_PLACEMENT_3D('',#2887,#2386,#2387);
#2007=AXIS2_PLACEMENT_3D('',#2893,#2391,#2392);
#2008=AXIS2_PLACEMENT_3D('',#2896,#2395,#2396);
#2009=AXIS2_PLACEMENT_3D('',#2905,#2401,#2402);
#2010=AXIS2_PLACEMENT_3D('',#2911,#2406,#2407);
#2011=AXIS2_PLACEMENT_3D('',#2917,#2411,#2412);
#2012=AXIS2_PLACEMENT_3D('',#2920,#2415,#2416);
#2013=AXIS2_PLACEMENT_3D('',#2929,#2421,#2422);
#2014=AXIS2_PLACEMENT_3D('',#2935,#2426,#2427);
#2015=AXIS2_PLACEMENT_3D('',#2941,#2431,#2432);
#2016=AXIS2_PLACEMENT_3D('',#2944,#2435,#2436);
#2017=AXIS2_PLACEMENT_3D('',#2953,#2441,#2442);
#2018=AXIS2_PLACEMENT_3D('',#2959,#2446,#2447);
#2019=AXIS2_PLACEMENT_3D('',#2965,#2451,#2452);
#2020=AXIS2_PLACEMENT_3D('',#2968,#2455,#2456);
#2021=AXIS2_PLACEMENT_3D('',#2977,#2461,#2462);
#2022=AXIS2_PLACEMENT_3D('',#2983,#2466,#2467);
#2023=AXIS2_PLACEMENT_3D('',#2989,#2471,#2472);
#2024=AXIS2_PLACEMENT_3D('',#2992,#2475,#2476);
#2025=AXIS2_PLACEMENT_3D('',#2993,#2477,#2478);
#2026=DIRECTION('axis',(0.,0.,1.));
#2027=DIRECTION('refdir',(1.,0.,0.));
#2028=DIRECTION('center_axis',(0.,-1.,0.));
#2029=DIRECTION('ref_axis',(1.,0.,0.));
#2030=DIRECTION('center_axis',(0.,-1.,0.));
#2031=DIRECTION('ref_axis',(1.,0.,0.));
#2032=DIRECTION('',(0.,-1.,0.));
#2033=DIRECTION('center_axis',(0.,1.,0.));
#2034=DIRECTION('ref_axis',(1.,0.,0.));
#2035=DIRECTION('center_axis',(0.,-1.,0.));
#2036=DIRECTION('ref_axis',(1.,0.,0.));
#2037=DIRECTION('center_axis',(0.,-1.,0.));
#2038=DIRECTION('ref_axis',(1.,0.,0.));
#2039=DIRECTION('',(0.,-1.,0.));
#2040=DIRECTION('center_axis',(0.,1.,0.));
#2041=DIRECTION('ref_axis',(1.,0.,0.));
#2042=DIRECTION('center_axis',(0.,-1.,0.));
#2043=DIRECTION('ref_axis',(1.,0.,0.));
#2044=DIRECTION('center_axis',(0.,-1.,0.));
#2045=DIRECTION('ref_axis',(1.,0.,0.));
#2046=DIRECTION('',(0.,-1.,0.));
#2047=DIRECTION('center_axis',(0.,1.,0.));
#2048=DIRECTION('ref_axis',(1.,0.,0.));
#2049=DIRECTION('center_axis',(0.,-1.,0.));
#2050=DIRECTION('ref_axis',(1.,0.,0.));
#2051=DIRECTION('center_axis',(0.,-1.,0.));
#2052=DIRECTION('ref_axis',(1.,0.,0.));
#2053=DIRECTION('',(0.,-1.,0.));
#2054=DIRECTION('center_axis',(0.,1.,0.));
#2055=DIRECTION('ref_axis',(1.,0.,0.));
#2056=DIRECTION('center_axis',(0.,1.,0.));
#2057=DIRECTION('ref_axis',(1.,0.,0.));
#2058=DIRECTION('center_axis',(0.,-1.,0.));
#2059=DIRECTION('ref_axis',(1.,0.,0.));
#2060=DIRECTION('',(0.,-1.,0.));
#2061=DIRECTION('center_axis',(0.,1.,0.));
#2062=DIRECTION('ref_axis',(1.,0.,0.));
#2063=DIRECTION('center_axis',(0.,1.,0.));
#2064=DIRECTION('ref_axis',(1.,0.,0.));
#2065=DIRECTION('center_axis',(0.,1.,0.));
#2066=DIRECTION('ref_axis',(1.,0.,0.));
#2067=DIRECTION('center_axis',(0.,1.,0.));
#2068=DIRECTION('ref_axis',(1.,0.,0.));
#2069=DIRECTION('',(0.,-1.,0.));
#2070=DIRECTION('center_axis',(0.,-1.,0.));
#2071=DIRECTION('ref_axis',(1.,0.,0.));
#2072=DIRECTION('center_axis',(0.,1.,0.));
#2073=DIRECTION('ref_axis',(0.,0.,1.));
#2074=DIRECTION('center_axis',(0.,-1.,0.));
#2075=DIRECTION('ref_axis',(1.,0.,0.));
#2076=DIRECTION('center_axis',(0.,-1.,0.));
#2077=DIRECTION('ref_axis',(1.,0.,0.));
#2078=DIRECTION('',(0.,-1.,0.));
#2079=DIRECTION('center_axis',(0.,1.,0.));
#2080=DIRECTION('ref_axis',(1.,0.,0.));
#2081=DIRECTION('center_axis',(-1.,0.,1.54465812121761E-15));
#2082=DIRECTION('ref_axis',(-1.54465812121761E-15,0.,-1.));
#2083=DIRECTION('',(1.54465812121761E-15,0.,1.));
#2084=DIRECTION('',(0.,-1.,0.));
#2085=DIRECTION('',(-1.54465812121761E-15,0.,-1.));
#2086=DIRECTION('',(0.,-1.,0.));
#2087=DIRECTION('center_axis',(0.,0.,1.));
#2088=DIRECTION('ref_axis',(-1.,0.,0.));
#2089=DIRECTION('',(1.,0.,0.));
#2090=DIRECTION('',(-1.,0.,0.));
#2091=DIRECTION('',(0.,-1.,0.));
#2092=DIRECTION('center_axis',(1.,0.,0.));
#2093=DIRECTION('ref_axis',(0.,0.,1.));
#2094=DIRECTION('',(0.,0.,-1.));
#2095=DIRECTION('',(0.,0.,1.));
#2096=DIRECTION('',(0.,-1.,0.));
#2097=DIRECTION('center_axis',(0.,0.,-1.));
#2098=DIRECTION('ref_axis',(1.,0.,0.));
#2099=DIRECTION('',(-1.,0.,0.));
#2100=DIRECTION('',(1.,0.,0.));
#2101=DIRECTION('center_axis',(0.,-1.,0.));
#2102=DIRECTION('ref_axis',(1.,0.,0.));
#2103=DIRECTION('center_axis',(0.,-1.,0.));
#2104=DIRECTION('ref_axis',(1.,0.,0.));
#2105=DIRECTION('',(0.,-1.,0.));
#2106=DIRECTION('center_axis',(0.,1.,0.));
#2107=DIRECTION('ref_axis',(1.,0.,0.));
#2108=DIRECTION('center_axis',(0.,-1.,0.));
#2109=DIRECTION('ref_axis',(1.,0.,0.));
#2110=DIRECTION('center_axis',(0.,-1.,0.));
#2111=DIRECTION('ref_axis',(1.,0.,0.));
#2112=DIRECTION('',(0.,-1.,0.));
#2113=DIRECTION('center_axis',(0.,1.,0.));
#2114=DIRECTION('ref_axis',(1.,0.,0.));
#2115=DIRECTION('center_axis',(-1.,0.,2.16628882853689E-15));
#2116=DIRECTION('ref_axis',(-2.16628882853689E-15,0.,-1.));
#2117=DIRECTION('',(2.16628882853689E-15,0.,1.));
#2118=DIRECTION('',(0.,-1.,0.));
#2119=DIRECTION('',(-2.16628882853689E-15,0.,-1.));
#2120=DIRECTION('',(0.,-1.,0.));
#2121=DIRECTION('center_axis',(0.,0.,1.));
#2122=DIRECTION('ref_axis',(-1.,0.,0.));
#2123=DIRECTION('',(1.,0.,0.));
#2124=DIRECTION('',(-1.,0.,0.));
#2125=DIRECTION('',(0.,-1.,0.));
#2126=DIRECTION('center_axis',(1.,0.,2.16628882853689E-15));
#2127=DIRECTION('ref_axis',(-2.16628882853689E-15,0.,1.));
#2128=DIRECTION('',(2.16628882853689E-15,0.,-1.));
#2129=DIRECTION('',(-2.16628882853689E-15,0.,1.));
#2130=DIRECTION('',(0.,-1.,0.));
#2131=DIRECTION('center_axis',(0.,0.,-1.));
#2132=DIRECTION('ref_axis',(1.,0.,0.));
#2133=DIRECTION('',(-1.,0.,0.));
#2134=DIRECTION('',(1.,0.,0.));
#2135=DIRECTION('center_axis',(-1.,0.,8.88178419700125E-16));
#2136=DIRECTION('ref_axis',(-8.88178419700125E-16,0.,-1.));
#2137=DIRECTION('',(8.88178419700125E-16,0.,1.));
#2138=DIRECTION('',(0.,-1.,0.));
#2139=DIRECTION('',(-8.88178419700125E-16,0.,-1.));
#2140=DIRECTION('',(0.,-1.,0.));
#2141=DIRECTION('center_axis',(0.,0.,1.));
#2142=DIRECTION('ref_axis',(-1.,0.,0.));
#2143=DIRECTION('',(1.,0.,0.));
#2144=DIRECTION('',(-1.,0.,0.));
#2145=DIRECTION('',(0.,-1.,0.));
#2146=DIRECTION('center_axis',(1.,0.,-4.44089209850063E-16));
#2147=DIRECTION('ref_axis',(4.44089209850063E-16,0.,1.));
#2148=DIRECTION('',(-4.44089209850063E-16,0.,-1.));
#2149=DIRECTION('',(4.44089209850063E-16,0.,1.));
#2150=DIRECTION('',(0.,-1.,0.));
#2151=DIRECTION('center_axis',(0.,0.,-1.));
#2152=DIRECTION('ref_axis',(1.,0.,0.));
#2153=DIRECTION('',(-1.,0.,0.));
#2154=DIRECTION('',(1.,0.,0.));
#2155=DIRECTION('center_axis',(1.,0.,0.));
#2156=DIRECTION('ref_axis',(0.,0.,1.));
#2157=DIRECTION('',(0.,0.,-1.));
#2158=DIRECTION('',(0.,-1.,0.));
#2159=DIRECTION('',(0.,0.,1.));
#2160=DIRECTION('',(0.,-1.,0.));
#2161=DIRECTION('center_axis',(0.,0.,-1.));
#2162=DIRECTION('ref_axis',(1.,0.,0.));
#2163=DIRECTION('',(-1.,0.,0.));
#2164=DIRECTION('',(1.,0.,0.));
#2165=DIRECTION('',(0.,-1.,0.));
#2166=DIRECTION('center_axis',(-1.,0.,0.));
#2167=DIRECTION('ref_axis',(0.,0.,-1.));
#2168=DIRECTION('',(0.,0.,1.));
#2169=DIRECTION('',(0.,0.,-1.));
#2170=DIRECTION('',(0.,-1.,0.));
#2171=DIRECTION('center_axis',(0.,0.,1.));
#2172=DIRECTION('ref_axis',(-1.,0.,0.));
#2173=DIRECTION('',(1.,0.,0.));
#2174=DIRECTION('',(-1.,0.,0.));
#2175=DIRECTION('center_axis',(0.,0.,1.));
#2176=DIRECTION('ref_axis',(-1.,0.,0.));
#2177=DIRECTION('',(1.,0.,0.));
#2178=DIRECTION('',(0.,-1.,0.));
#2179=DIRECTION('',(-1.,0.,0.));
#2180=DIRECTION('',(0.,-1.,0.));
#2181=DIRECTION('center_axis',(1.,0.,-8.88178419700125E-16));
#2182=DIRECTION('ref_axis',(8.88178419700125E-16,0.,1.));
#2183=DIRECTION('',(-8.88178419700125E-16,0.,-1.));
#2184=DIRECTION('',(8.88178419700125E-16,0.,1.));
#2185=DIRECTION('',(0.,-1.,0.));
#2186=DIRECTION('center_axis',(0.,0.,-1.));
#2187=DIRECTION('ref_axis',(1.,0.,0.));
#2188=DIRECTION('',(-1.,0.,0.));
#2189=DIRECTION('',(1.,0.,0.));
#2190=DIRECTION('',(0.,-1.,0.));
#2191=DIRECTION('center_axis',(-1.,0.,8.88178419700125E-16));
#2192=DIRECTION('ref_axis',(-8.88178419700125E-16,0.,-1.));
#2193=DIRECTION('',(8.88178419700125E-16,0.,1.));
#2194=DIRECTION('',(-8.88178419700125E-16,0.,-1.));
#2195=DIRECTION('center_axis',(1.,0.,0.));
#2196=DIRECTION('ref_axis',(0.,0.,1.));
#2197=DIRECTION('',(0.,0.,-1.));
#2198=DIRECTION('',(0.,-1.,0.));
#2199=DIRECTION('',(0.,0.,1.));
#2200=DIRECTION('',(0.,-1.,0.));
#2201=DIRECTION('center_axis',(0.,0.,-1.));
#2202=DIRECTION('ref_axis',(1.,0.,0.));
#2203=DIRECTION('',(-1.,0.,0.));
#2204=DIRECTION('',(1.,0.,0.));
#2205=DIRECTION('',(0.,-1.,0.));
#2206=DIRECTION('center_axis',(-1.,0.,0.));
#2207=DIRECTION('ref_axis',(0.,0.,-1.));
#2208=DIRECTION('',(0.,0.,1.));
#2209=DIRECTION('',(0.,0.,-1.));
#2210=DIRECTION('',(0.,-1.,0.));
#2211=DIRECTION('center_axis',(0.,0.,1.));
#2212=DIRECTION('ref_axis',(-1.,0.,0.));
#2213=DIRECTION('',(1.,0.,0.));
#2214=DIRECTION('',(-1.,0.,0.));
#2215=DIRECTION('center_axis',(1.,0.,0.));
#2216=DIRECTION('ref_axis',(0.,0.,1.));
#2217=DIRECTION('',(0.,0.,-1.));
#2218=DIRECTION('',(0.,-1.,0.));
#2219=DIRECTION('',(0.,0.,1.));
#2220=DIRECTION('',(0.,-1.,0.));
#2221=DIRECTION('center_axis',(0.,0.,-1.));
#2222=DIRECTION('ref_axis',(1.,0.,0.));
#2223=DIRECTION('',(-1.,0.,0.));
#2224=DIRECTION('',(1.,0.,0.));
#2225=DIRECTION('',(0.,-1.,0.));
#2226=DIRECTION('center_axis',(-1.,0.,0.));
#2227=DIRECTION('ref_axis',(0.,0.,-1.));
#2228=DIRECTION('',(0.,0.,1.));
#2229=DIRECTION('',(0.,0.,-1.));
#2230=DIRECTION('',(0.,-1.,0.));
#2231=DIRECTION('center_axis',(0.,0.,1.));
#2232=DIRECTION('ref_axis',(-1.,0.,0.));
#2233=DIRECTION('',(1.,0.,0.));
#2234=DIRECTION('',(-1.,0.,0.));
#2235=DIRECTION('center_axis',(0.,0.,1.));
#2236=DIRECTION('ref_axis',(-1.,0.,0.));
#2237=DIRECTION('',(1.,0.,0.));
#2238=DIRECTION('',(0.,-1.,0.));
#2239=DIRECTION('',(-1.,0.,0.));
#2240=DIRECTION('',(0.,-1.,0.));
#2241=DIRECTION('center_axis',(1.,0.,-8.88178419700125E-16));
#2242=DIRECTION('ref_axis',(8.88178419700125E-16,0.,1.));
#2243=DIRECTION('',(-8.88178419700125E-16,0.,-1.));
#2244=DIRECTION('',(8.88178419700125E-16,0.,1.));
#2245=DIRECTION('',(0.,-1.,0.));
#2246=DIRECTION('center_axis',(0.,0.,-1.));
#2247=DIRECTION('ref_axis',(1.,0.,0.));
#2248=DIRECTION('',(-1.,0.,0.));
#2249=DIRECTION('',(1.,0.,0.));
#2250=DIRECTION('',(0.,-1.,0.));
#2251=DIRECTION('center_axis',(-1.,0.,8.88178419700125E-16));
#2252=DIRECTION('ref_axis',(-8.88178419700125E-16,0.,-1.));
#2253=DIRECTION('',(8.88178419700125E-16,0.,1.));
#2254=DIRECTION('',(-8.88178419700125E-16,0.,-1.));
#2255=DIRECTION('center_axis',(1.,0.,0.));
#2256=DIRECTION('ref_axis',(0.,0.,1.));
#2257=DIRECTION('',(0.,0.,-1.));
#2258=DIRECTION('',(0.,-1.,0.));
#2259=DIRECTION('',(0.,0.,1.));
#2260=DIRECTION('',(0.,-1.,0.));
#2261=DIRECTION('center_axis',(0.,0.,-1.));
#2262=DIRECTION('ref_axis',(1.,0.,0.));
#2263=DIRECTION('',(-1.,0.,0.));
#2264=DIRECTION('',(1.,0.,0.));
#2265=DIRECTION('',(0.,-1.,0.));
#2266=DIRECTION('center_axis',(-1.,0.,-5.5511151231258E-16));
#2267=DIRECTION('ref_axis',(5.5511151231258E-16,0.,-1.));
#2268=DIRECTION('',(-5.5511151231258E-16,0.,1.));
#2269=DIRECTION('',(5.5511151231258E-16,0.,-1.));
#2270=DIRECTION('',(0.,-1.,0.));
#2271=DIRECTION('center_axis',(0.,0.,1.));
#2272=DIRECTION('ref_axis',(-1.,0.,0.));
#2273=DIRECTION('',(1.,0.,0.));
#2274=DIRECTION('',(-1.,0.,0.));
#2275=DIRECTION('center_axis',(-1.,0.,8.88178419700125E-16));
#2276=DIRECTION('ref_axis',(-8.88178419700125E-16,0.,-1.));
#2277=DIRECTION('',(8.88178419700125E-16,0.,1.));
#2278=DIRECTION('',(0.,-1.,0.));
#2279=DIRECTION('',(-8.88178419700125E-16,0.,-1.));
#2280=DIRECTION('',(0.,-1.,0.));
#2281=DIRECTION('center_axis',(0.,0.,1.));
#2282=DIRECTION('ref_axis',(-1.,0.,0.));
#2283=DIRECTION('',(1.,0.,0.));
#2284=DIRECTION('',(-1.,0.,0.));
#2285=DIRECTION('',(0.,-1.,0.));
#2286=DIRECTION('center_axis',(1.,0.,-4.44089209850063E-16));
#2287=DIRECTION('ref_axis',(4.44089209850063E-16,0.,1.));
#2288=DIRECTION('',(-4.44089209850063E-16,0.,-1.));
#2289=DIRECTION('',(4.44089209850063E-16,0.,1.));
#2290=DIRECTION('',(0.,-1.,0.));
#2291=DIRECTION('center_axis',(0.,0.,-1.));
#2292=DIRECTION('ref_axis',(1.,0.,0.));
#2293=DIRECTION('',(-1.,0.,0.));
#2294=DIRECTION('',(1.,0.,0.));
#2295=DIRECTION('center_axis',(-1.,0.,8.88178419700125E-16));
#2296=DIRECTION('ref_axis',(-8.88178419700125E-16,0.,-1.));
#2297=DIRECTION('',(8.88178419700125E-16,0.,1.));
#2298=DIRECTION('',(0.,-1.,0.));
#2299=DIRECTION('',(-8.88178419700125E-16,0.,-1.));
#2300=DIRECTION('',(0.,-1.,0.));
#2301=DIRECTION('center_axis',(0.,0.,1.));
#2302=DIRECTION('ref_axis',(-1.,0.,0.));
#2303=DIRECTION('',(1.,0.,0.));
#2304=DIRECTION('',(-1.,0.,0.));
#2305=DIRECTION('',(0.,-1.,0.));
#2306=DIRECTION('center_axis',(1.,0.,-4.44089209850063E-16));
#2307=DIRECTION('ref_axis',(4.44089209850063E-16,0.,1.));
#2308=DIRECTION('',(-4.44089209850063E-16,0.,-1.));
#2309=DIRECTION('',(4.44089209850063E-16,0.,1.));
#2310=DIRECTION('',(0.,-1.,0.));
#2311=DIRECTION('center_axis',(0.,0.,-1.));
#2312=DIRECTION('ref_axis',(1.,0.,0.));
#2313=DIRECTION('',(-1.,0.,0.));
#2314=DIRECTION('',(1.,0.,0.));
#2315=DIRECTION('center_axis',(0.,0.,1.));
#2316=DIRECTION('ref_axis',(-1.,0.,0.));
#2317=DIRECTION('',(1.,0.,0.));
#2318=DIRECTION('',(0.,-1.,0.));
#2319=DIRECTION('',(-1.,0.,0.));
#2320=DIRECTION('',(0.,-1.,0.));
#2321=DIRECTION('center_axis',(1.,0.,-8.88178419700125E-16));
#2322=DIRECTION('ref_axis',(8.88178419700125E-16,0.,1.));
#2323=DIRECTION('',(-8.88178419700125E-16,0.,-1.));
#2324=DIRECTION('',(8.88178419700125E-16,0.,1.));
#2325=DIRECTION('',(0.,-1.,0.));
#2326=DIRECTION('center_axis',(0.,0.,-1.));
#2327=DIRECTION('ref_axis',(1.,0.,0.));
#2328=DIRECTION('',(-1.,0.,0.));
#2329=DIRECTION('',(1.,0.,0.));
#2330=DIRECTION('',(0.,-1.,0.));
#2331=DIRECTION('center_axis',(-1.,0.,8.88178419700125E-16));
#2332=DIRECTION('ref_axis',(-8.88178419700125E-16,0.,-1.));
#2333=DIRECTION('',(8.88178419700125E-16,0.,1.));
#2334=DIRECTION('',(-8.88178419700125E-16,0.,-1.));
#2335=DIRECTION('center_axis',(0.,0.,1.));
#2336=DIRECTION('ref_axis',(-1.,0.,0.));
#2337=DIRECTION('',(1.,0.,0.));
#2338=DIRECTION('',(0.,-1.,0.));
#2339=DIRECTION('',(-1.,0.,0.));
#2340=DIRECTION('',(0.,-1.,0.));
#2341=DIRECTION('center_axis',(1.,0.,-8.88178419700125E-16));
#2342=DIRECTION('ref_axis',(8.88178419700125E-16,0.,1.));
#2343=DIRECTION('',(-8.88178419700125E-16,0.,-1.));
#2344=DIRECTION('',(8.88178419700125E-16,0.,1.));
#2345=DIRECTION('',(0.,-1.,0.));
#2346=DIRECTION('center_axis',(0.,0.,-1.));
#2347=DIRECTION('ref_axis',(1.,0.,0.));
#2348=DIRECTION('',(-1.,0.,0.));
#2349=DIRECTION('',(1.,0.,0.));
#2350=DIRECTION('',(0.,-1.,0.));
#2351=DIRECTION('center_axis',(-1.,0.,8.88178419700125E-16));
#2352=DIRECTION('ref_axis',(-8.88178419700125E-16,0.,-1.));
#2353=DIRECTION('',(8.88178419700125E-16,0.,1.));
#2354=DIRECTION('',(-8.88178419700125E-16,0.,-1.));
#2355=DIRECTION('center_axis',(1.,0.,0.));
#2356=DIRECTION('ref_axis',(0.,0.,1.));
#2357=DIRECTION('',(0.,0.,-1.));
#2358=DIRECTION('',(0.,-1.,0.));
#2359=DIRECTION('',(0.,0.,1.));
#2360=DIRECTION('',(0.,-1.,0.));
#2361=DIRECTION('center_axis',(0.,0.,-1.));
#2362=DIRECTION('ref_axis',(1.,0.,0.));
#2363=DIRECTION('',(-1.,0.,0.));
#2364=DIRECTION('',(1.,0.,0.));
#2365=DIRECTION('',(0.,-1.,0.));
#2366=DIRECTION('center_axis',(-1.,0.,0.));
#2367=DIRECTION('ref_axis',(0.,0.,-1.));
#2368=DIRECTION('',(0.,0.,1.));
#2369=DIRECTION('',(0.,0.,-1.));
#2370=DIRECTION('',(0.,-1.,0.));
#2371=DIRECTION('center_axis',(0.,0.,1.));
#2372=DIRECTION('ref_axis',(-1.,0.,0.));
#2373=DIRECTION('',(1.,0.,0.));
#2374=DIRECTION('',(-1.,0.,0.));
#2375=DIRECTION('center_axis',(0.,0.,1.));
#2376=DIRECTION('ref_axis',(-1.,0.,0.));
#2377=DIRECTION('',(1.,0.,0.));
#2378=DIRECTION('',(0.,-1.,0.));
#2379=DIRECTION('',(-1.,0.,0.));
#2380=DIRECTION('',(0.,-1.,0.));
#2381=DIRECTION('center_axis',(1.,0.,0.));
#2382=DIRECTION('ref_axis',(0.,0.,1.));
#2383=DIRECTION('',(0.,0.,-1.));
#2384=DIRECTION('',(0.,0.,1.));
#2385=DIRECTION('',(0.,-1.,0.));
#2386=DIRECTION('center_axis',(0.,0.,-1.));
#2387=DIRECTION('ref_axis',(1.,0.,0.));
#2388=DIRECTION('',(-1.,0.,0.));
#2389=DIRECTION('',(1.,0.,0.));
#2390=DIRECTION('',(0.,-1.,0.));
#2391=DIRECTION('center_axis',(-1.,0.,-5.5511151231258E-16));
#2392=DIRECTION('ref_axis',(5.5511151231258E-16,0.,-1.));
#2393=DIRECTION('',(-5.5511151231258E-16,0.,1.));
#2394=DIRECTION('',(5.5511151231258E-16,0.,-1.));
#2395=DIRECTION('center_axis',(0.,0.,1.));
#2396=DIRECTION('ref_axis',(-1.,0.,0.));
#2397=DIRECTION('',(1.,0.,0.));
#2398=DIRECTION('',(0.,-1.,0.));
#2399=DIRECTION('',(-1.,0.,0.));
#2400=DIRECTION('',(0.,-1.,0.));
#2401=DIRECTION('center_axis',(1.,0.,-8.88178419700125E-16));
#2402=DIRECTION('ref_axis',(8.88178419700125E-16,0.,1.));
#2403=DIRECTION('',(-8.88178419700125E-16,0.,-1.));
#2404=DIRECTION('',(8.88178419700125E-16,0.,1.));
#2405=DIRECTION('',(0.,-1.,0.));
#2406=DIRECTION('center_axis',(0.,0.,-1.));
#2407=DIRECTION('ref_axis',(1.,0.,0.));
#2408=DIRECTION('',(-1.,0.,0.));
#2409=DIRECTION('',(1.,0.,0.));
#2410=DIRECTION('',(0.,-1.,0.));
#2411=DIRECTION('center_axis',(-1.,0.,8.88178419700125E-16));
#2412=DIRECTION('ref_axis',(-8.88178419700125E-16,0.,-1.));
#2413=DIRECTION('',(8.88178419700125E-16,0.,1.));
#2414=DIRECTION('',(-8.88178419700125E-16,0.,-1.));
#2415=DIRECTION('center_axis',(-1.,0.,8.88178419700125E-16));
#2416=DIRECTION('ref_axis',(-8.88178419700125E-16,0.,-1.));
#2417=DIRECTION('',(8.88178419700125E-16,0.,1.));
#2418=DIRECTION('',(0.,-1.,0.));
#2419=DIRECTION('',(-8.88178419700125E-16,0.,-1.));
#2420=DIRECTION('',(0.,-1.,0.));
#2421=DIRECTION('center_axis',(0.,0.,1.));
#2422=DIRECTION('ref_axis',(-1.,0.,0.));
#2423=DIRECTION('',(1.,0.,0.));
#2424=DIRECTION('',(-1.,0.,0.));
#2425=DIRECTION('',(0.,-1.,0.));
#2426=DIRECTION('center_axis',(1.,0.,-4.44089209850063E-16));
#2427=DIRECTION('ref_axis',(4.44089209850063E-16,0.,1.));
#2428=DIRECTION('',(-4.44089209850063E-16,0.,-1.));
#2429=DIRECTION('',(4.44089209850063E-16,0.,1.));
#2430=DIRECTION('',(0.,-1.,0.));
#2431=DIRECTION('center_axis',(0.,0.,-1.));
#2432=DIRECTION('ref_axis',(1.,0.,0.));
#2433=DIRECTION('',(-1.,0.,0.));
#2434=DIRECTION('',(1.,0.,0.));
#2435=DIRECTION('center_axis',(0.,0.,1.));
#2436=DIRECTION('ref_axis',(-1.,0.,0.));
#2437=DIRECTION('',(1.,0.,0.));
#2438=DIRECTION('',(0.,-1.,0.));
#2439=DIRECTION('',(-1.,0.,0.));
#2440=DIRECTION('',(0.,-1.,0.));
#2441=DIRECTION('center_axis',(1.,0.,-4.44089209850063E-16));
#2442=DIRECTION('ref_axis',(4.44089209850063E-16,0.,1.));
#2443=DIRECTION('',(-4.44089209850063E-16,0.,-1.));
#2444=DIRECTION('',(4.44089209850063E-16,0.,1.));
#2445=DIRECTION('',(0.,-1.,0.));
#2446=DIRECTION('center_axis',(0.,0.,-1.));
#2447=DIRECTION('ref_axis',(1.,0.,0.));
#2448=DIRECTION('',(-1.,0.,0.));
#2449=DIRECTION('',(1.,0.,0.));
#2450=DIRECTION('',(0.,-1.,0.));
#2451=DIRECTION('center_axis',(-1.,0.,8.88178419700125E-16));
#2452=DIRECTION('ref_axis',(-8.88178419700125E-16,0.,-1.));
#2453=DIRECTION('',(8.88178419700125E-16,0.,1.));
#2454=DIRECTION('',(-8.88178419700125E-16,0.,-1.));
#2455=DIRECTION('center_axis',(0.,0.,1.));
#2456=DIRECTION('ref_axis',(1.,0.,0.));
#2457=DIRECTION('',(1.,0.,0.));
#2458=DIRECTION('',(0.,1.,0.));
#2459=DIRECTION('',(1.,0.,0.));
#2460=DIRECTION('',(0.,1.,0.));
#2461=DIRECTION('center_axis',(-1.,0.,4.2632564145606E-16));
#2462=DIRECTION('ref_axis',(4.2632564145606E-16,0.,1.));
#2463=DIRECTION('',(4.2632564145606E-16,0.,1.));
#2464=DIRECTION('',(4.2632564145606E-16,0.,1.));
#2465=DIRECTION('',(0.,1.,0.));
#2466=DIRECTION('center_axis',(-1.1842378929335E-16,0.,-1.));
#2467=DIRECTION('ref_axis',(-1.,0.,1.1842378929335E-16));
#2468=DIRECTION('',(-1.,0.,1.1842378929335E-16));
#2469=DIRECTION('',(-1.,0.,1.1842378929335E-16));
#2470=DIRECTION('',(0.,1.,0.));
#2471=DIRECTION('center_axis',(1.,0.,-2.1316282072803E-16));
#2472=DIRECTION('ref_axis',(-2.1316282072803E-16,0.,-1.));
#2473=DIRECTION('',(-2.1316282072803E-16,0.,-1.));
#2474=DIRECTION('',(-2.1316282072803E-16,0.,-1.));
#2475=DIRECTION('center_axis',(0.,1.,0.));
#2476=DIRECTION('ref_axis',(0.,0.,1.));
#2477=DIRECTION('center_axis',(0.,1.,0.));
#2478=DIRECTION('ref_axis',(0.,0.,1.));
#2479=CARTESIAN_POINT('',(0.,0.,0.));
#2480=CARTESIAN_POINT('Origin',(11.5336565635277,0.4,16.5682825484765));
#2481=CARTESIAN_POINT('',(11.3836565635277,0.4,16.5682825484765));
#2482=CARTESIAN_POINT('Origin',(11.5336565635277,0.4,16.5682825484765));
#2483=CARTESIAN_POINT('',(11.3836565635277,0.,16.5682825484765));
#2484=CARTESIAN_POINT('',(11.3836565635277,0.4,16.5682825484765));
#2485=CARTESIAN_POINT('Origin',(11.5336565635277,0.,16.5682825484765));
#2486=CARTESIAN_POINT('Origin',(11.5336565635277,0.4,-7.73171745152355));
#2487=CARTESIAN_POINT('',(11.3836565635277,0.4,-7.73171745152355));
#2488=CARTESIAN_POINT('Origin',(11.5336565635277,0.4,-7.73171745152355));
#2489=CARTESIAN_POINT('',(11.3836565635277,0.,-7.73171745152355));
#2490=CARTESIAN_POINT('',(11.3836565635277,0.4,-7.73171745152355));
#2491=CARTESIAN_POINT('Origin',(11.5336565635277,0.,-7.73171745152355));
#2492=CARTESIAN_POINT('Origin',(-2.76634343647226,0.4,16.5682825484765));
#2493=CARTESIAN_POINT('',(-2.91634343647226,0.4,16.5682825484765));
#2494=CARTESIAN_POINT('Origin',(-2.76634343647226,0.4,16.5682825484765));
#2495=CARTESIAN_POINT('',(-2.91634343647226,0.,16.5682825484765));
#2496=CARTESIAN_POINT('',(-2.91634343647226,0.4,16.5682825484765));
#2497=CARTESIAN_POINT('Origin',(-2.76634343647226,0.,16.5682825484765));
#2498=CARTESIAN_POINT('Origin',(-2.76634343647227,0.4,-7.73171745152355));
#2499=CARTESIAN_POINT('',(-2.91634343647227,0.4,-7.73171745152355));
#2500=CARTESIAN_POINT('Origin',(-2.76634343647227,0.4,-7.73171745152355));
#2501=CARTESIAN_POINT('',(-2.91634343647227,0.,-7.73171745152355));
#2502=CARTESIAN_POINT('',(-2.91634343647227,0.4,-7.73171745152355));
#2503=CARTESIAN_POINT('Origin',(-2.76634343647227,0.,-7.73171745152355));
#2504=CARTESIAN_POINT('Origin',(9.88365656352773,0.9,5.91828254847645));
#2505=CARTESIAN_POINT('',(9.68365656352773,1.2,5.91828254847645));
#2506=CARTESIAN_POINT('Origin',(9.88365656352773,1.2,5.91828254847645));
#2507=CARTESIAN_POINT('',(9.68365656352773,0.6,5.91828254847645));
#2508=CARTESIAN_POINT('',(9.68365656352773,0.9,5.91828254847645));
#2509=CARTESIAN_POINT('Origin',(9.88365656352773,0.6,5.91828254847645));
#2510=CARTESIAN_POINT('Origin',(9.88365656352773,0.6,5.91828254847645));
#2511=CARTESIAN_POINT('Origin',(9.88365656352773,0.4,5.91828254847645));
#2512=CARTESIAN_POINT('',(9.38365656352773,1.2,5.91828254847645));
#2513=CARTESIAN_POINT('Origin',(9.88365656352773,1.2,5.91828254847645));
#2514=CARTESIAN_POINT('',(9.38365656352773,0.4,5.91828254847645));
#2515=CARTESIAN_POINT('',(9.38365656352773,0.4,5.91828254847645));
#2516=CARTESIAN_POINT('Origin',(9.88365656352773,0.4,5.91828254847645));
#2517=CARTESIAN_POINT('Origin',(9.88365656352773,1.2,5.91828254847645));
#2518=CARTESIAN_POINT('Origin',(9.88365656352773,0.4,1.91828254847645));
#2519=CARTESIAN_POINT('',(9.07365656352773,0.4,1.91828254847645));
#2520=CARTESIAN_POINT('Origin',(9.88365656352773,0.4,1.91828254847645));
#2521=CARTESIAN_POINT('',(9.07365656352773,0.,1.91828254847645));
#2522=CARTESIAN_POINT('',(9.07365656352773,0.4,1.91828254847645));
#2523=CARTESIAN_POINT('Origin',(9.88365656352773,0.,1.91828254847645));
#2524=CARTESIAN_POINT('Origin',(9.33365656352773,0.4,11.5682825484765));
#2525=CARTESIAN_POINT('',(9.33365656352773,0.,9.26828254847646));
#2526=CARTESIAN_POINT('',(9.33365656352773,0.,11.5682825484765));
#2527=CARTESIAN_POINT('',(9.33365656352773,0.,7.99328254847645));
#2528=CARTESIAN_POINT('',(9.33365656352773,0.4,9.26828254847646));
#2529=CARTESIAN_POINT('',(9.33365656352773,0.4,9.26828254847646));
#2530=CARTESIAN_POINT('',(9.33365656352773,0.4,11.5682825484765));
#2531=CARTESIAN_POINT('',(9.33365656352773,0.4,7.99328254847645));
#2532=CARTESIAN_POINT('',(9.33365656352773,0.4,11.5682825484765));
#2533=CARTESIAN_POINT('Origin',(10.4336565635277,0.4,11.5682825484765));
#2534=CARTESIAN_POINT('',(10.4336565635277,0.,11.5682825484765));
#2535=CARTESIAN_POINT('',(7.40865656352773,0.,11.5682825484765));
#2536=CARTESIAN_POINT('',(10.4336565635277,0.4,11.5682825484765));
#2537=CARTESIAN_POINT('',(7.40865656352773,0.4,11.5682825484765));
#2538=CARTESIAN_POINT('',(10.4336565635277,0.4,11.5682825484765));
#2539=CARTESIAN_POINT('Origin',(10.4336565635277,0.4,9.26828254847646));
#2540=CARTESIAN_POINT('',(10.4336565635277,0.,9.26828254847646));
#2541=CARTESIAN_POINT('',(10.4336565635277,0.,6.84328254847646));
#2542=CARTESIAN_POINT('',(10.4336565635277,0.4,9.26828254847646));
#2543=CARTESIAN_POINT('',(10.4336565635277,0.4,6.84328254847646));
#2544=CARTESIAN_POINT('',(10.4336565635277,0.4,9.26828254847646));
#2545=CARTESIAN_POINT('Origin',(9.33365656352773,0.4,9.26828254847646));
#2546=CARTESIAN_POINT('',(6.85865656352773,0.,9.26828254847646));
#2547=CARTESIAN_POINT('',(6.85865656352773,0.4,9.26828254847646));
#2548=CARTESIAN_POINT('Origin',(9.88365656352773,0.4,-1.08171745152355));
#2549=CARTESIAN_POINT('',(9.47365656352773,0.4,-1.08171745152355));
#2550=CARTESIAN_POINT('Origin',(9.88365656352773,0.4,-1.08171745152355));
#2551=CARTESIAN_POINT('',(9.47365656352773,0.,-1.08171745152355));
#2552=CARTESIAN_POINT('',(9.47365656352773,0.4,-1.08171745152355));
#2553=CARTESIAN_POINT('Origin',(9.88365656352773,0.,-1.08171745152355));
#2554=CARTESIAN_POINT('Origin',(9.88365656352773,0.4,13.4182825484765));
#2555=CARTESIAN_POINT('',(9.07365656352773,0.4,13.4182825484765));
#2556=CARTESIAN_POINT('Origin',(9.88365656352773,0.4,13.4182825484765));
#2557=CARTESIAN_POINT('',(9.07365656352773,0.,13.4182825484765));
#2558=CARTESIAN_POINT('',(9.07365656352773,0.4,13.4182825484765));
#2559=CARTESIAN_POINT('Origin',(9.88365656352773,0.,13.4182825484765));
#2560=CARTESIAN_POINT('Origin',(9.09865656352773,0.4,15.9182825484765));
#2561=CARTESIAN_POINT('',(9.09865656352773,0.,15.0982825484765));
#2562=CARTESIAN_POINT('',(9.09865656352773,0.,15.9182825484765));
#2563=CARTESIAN_POINT('',(9.09865656352772,0.,10.1682825484764));
#2564=CARTESIAN_POINT('',(9.09865656352773,0.4,15.0982825484765));
#2565=CARTESIAN_POINT('',(9.09865656352773,0.4,15.0982825484765));
#2566=CARTESIAN_POINT('',(9.09865656352773,0.4,15.9182825484765));
#2567=CARTESIAN_POINT('',(9.09865656352772,0.4,10.1682825484764));
#2568=CARTESIAN_POINT('',(9.09865656352773,0.4,15.9182825484765));
#2569=CARTESIAN_POINT('Origin',(10.6686565635277,0.4,15.9182825484765));
#2570=CARTESIAN_POINT('',(10.6686565635277,0.,15.9182825484765));
#2571=CARTESIAN_POINT('',(7.52615656352773,0.,15.9182825484765));
#2572=CARTESIAN_POINT('',(10.6686565635277,0.4,15.9182825484765));
#2573=CARTESIAN_POINT('',(7.52615656352773,0.4,15.9182825484765));
#2574=CARTESIAN_POINT('',(10.6686565635277,0.4,15.9182825484765));
#2575=CARTESIAN_POINT('Origin',(10.6686565635277,0.4,15.0982825484765));
#2576=CARTESIAN_POINT('',(10.6686565635277,0.,15.0982825484765));
#2577=CARTESIAN_POINT('',(10.6686565635277,0.,9.75828254847646));
#2578=CARTESIAN_POINT('',(10.6686565635277,0.4,15.0982825484765));
#2579=CARTESIAN_POINT('',(10.6686565635277,0.4,9.75828254847646));
#2580=CARTESIAN_POINT('',(10.6686565635277,0.4,15.0982825484765));
#2581=CARTESIAN_POINT('Origin',(9.09865656352773,0.4,15.0982825484765));
#2582=CARTESIAN_POINT('',(6.74115656352773,0.,15.0982825484765));
#2583=CARTESIAN_POINT('',(6.74115656352773,0.4,15.0982825484765));
#2584=CARTESIAN_POINT('Origin',(-2.91634343647227,0.4,5.41828254847646));
#2585=CARTESIAN_POINT('',(-2.91634343647227,0.,3.41828254847646));
#2586=CARTESIAN_POINT('',(-2.91634343647227,0.,5.41828254847646));
#2587=CARTESIAN_POINT('',(-2.91634343647227,0.,4.91828254847646));
#2588=CARTESIAN_POINT('',(-2.91634343647227,0.4,3.41828254847646));
#2589=CARTESIAN_POINT('',(-2.91634343647227,0.4,3.41828254847646));
#2590=CARTESIAN_POINT('',(-2.91634343647227,0.4,5.41828254847646));
#2591=CARTESIAN_POINT('',(-2.91634343647227,0.4,4.91828254847646));
#2592=CARTESIAN_POINT('',(-2.91634343647227,0.4,5.41828254847646));
#2593=CARTESIAN_POINT('Origin',(-2.71634343647227,0.4,5.41828254847646));
#2594=CARTESIAN_POINT('',(-2.71634343647227,0.,5.41828254847646));
#2595=CARTESIAN_POINT('',(0.833656563527732,0.,5.41828254847646));
#2596=CARTESIAN_POINT('',(-2.71634343647227,0.4,5.41828254847646));
#2597=CARTESIAN_POINT('',(0.833656563527732,0.4,5.41828254847646));
#2598=CARTESIAN_POINT('',(-2.71634343647227,0.4,5.41828254847646));
#2599=CARTESIAN_POINT('Origin',(-2.71634343647227,0.4,3.41828254847646));
#2600=CARTESIAN_POINT('',(-2.71634343647227,0.,3.41828254847646));
#2601=CARTESIAN_POINT('',(-2.71634343647227,0.,3.91828254847646));
#2602=CARTESIAN_POINT('',(-2.71634343647227,0.4,3.41828254847646));
#2603=CARTESIAN_POINT('',(-2.71634343647227,0.4,3.91828254847646));
#2604=CARTESIAN_POINT('',(-2.71634343647227,0.4,3.41828254847646));
#2605=CARTESIAN_POINT('Origin',(-2.91634343647227,0.4,3.41828254847646));
#2606=CARTESIAN_POINT('',(0.733656563527731,0.,3.41828254847646));
#2607=CARTESIAN_POINT('',(0.733656563527731,0.4,3.41828254847646));
#2608=CARTESIAN_POINT('Origin',(5.38365656352772,0.4,-7.88171745152355));
#2609=CARTESIAN_POINT('',(5.38365656352772,0.,-7.68171745152355));
#2610=CARTESIAN_POINT('',(5.38365656352772,0.,-7.88171745152355));
#2611=CARTESIAN_POINT('',(5.38365656352772,0.,-1.73171745152355));
#2612=CARTESIAN_POINT('',(5.38365656352772,0.4,-7.68171745152355));
#2613=CARTESIAN_POINT('',(5.38365656352772,0.4,-7.68171745152355));
#2614=CARTESIAN_POINT('',(5.38365656352772,0.4,-7.88171745152355));
#2615=CARTESIAN_POINT('',(5.38365656352772,0.4,-1.73171745152355));
#2616=CARTESIAN_POINT('',(5.38365656352772,0.4,-7.88171745152355));
#2617=CARTESIAN_POINT('Origin',(3.38365656352772,0.4,-7.88171745152355));
#2618=CARTESIAN_POINT('',(3.38365656352772,0.,-7.88171745152355));
#2619=CARTESIAN_POINT('',(3.88365656352773,0.,-7.88171745152355));
#2620=CARTESIAN_POINT('',(3.38365656352772,0.4,-7.88171745152355));
#2621=CARTESIAN_POINT('',(3.88365656352773,0.4,-7.88171745152355));
#2622=CARTESIAN_POINT('',(3.38365656352772,0.4,-7.88171745152355));
#2623=CARTESIAN_POINT('Origin',(3.38365656352772,0.4,-7.68171745152355));
#2624=CARTESIAN_POINT('',(3.38365656352772,0.,-7.68171745152355));
#2625=CARTESIAN_POINT('',(3.38365656352772,0.,-1.63171745152355));
#2626=CARTESIAN_POINT('',(3.38365656352772,0.4,-7.68171745152355));
#2627=CARTESIAN_POINT('',(3.38365656352772,0.4,-1.63171745152355));
#2628=CARTESIAN_POINT('',(3.38365656352772,0.4,-7.68171745152355));
#2629=CARTESIAN_POINT('Origin',(5.38365656352772,0.4,-7.68171745152355));
#2630=CARTESIAN_POINT('',(4.88365656352773,0.,-7.68171745152355));
#2631=CARTESIAN_POINT('',(4.88365656352773,0.4,-7.68171745152355));
#2632=CARTESIAN_POINT('Origin',(11.6836565635277,0.4,9.16828254847646));
#2633=CARTESIAN_POINT('',(11.4836565635277,0.,9.16828254847646));
#2634=CARTESIAN_POINT('',(11.6836565635277,0.,9.16828254847646));
#2635=CARTESIAN_POINT('',(8.03365656352773,0.,9.16828254847646));
#2636=CARTESIAN_POINT('',(11.4836565635277,0.4,9.16828254847646));
#2637=CARTESIAN_POINT('',(11.4836565635277,0.4,9.16828254847646));
#2638=CARTESIAN_POINT('',(11.6836565635277,0.4,9.16828254847646));
#2639=CARTESIAN_POINT('',(8.03365656352773,0.4,9.16828254847646));
#2640=CARTESIAN_POINT('',(11.6836565635277,0.4,9.16828254847646));
#2641=CARTESIAN_POINT('Origin',(11.6836565635277,0.4,7.16828254847646));
#2642=CARTESIAN_POINT('',(11.6836565635277,0.,7.16828254847646));
#2643=CARTESIAN_POINT('',(11.6836565635277,0.,5.79328254847645));
#2644=CARTESIAN_POINT('',(11.6836565635277,0.4,7.16828254847646));
#2645=CARTESIAN_POINT('',(11.6836565635277,0.4,5.79328254847645));
#2646=CARTESIAN_POINT('',(11.6836565635277,0.4,7.16828254847646));
#2647=CARTESIAN_POINT('Origin',(11.4836565635277,0.4,7.16828254847646));
#2648=CARTESIAN_POINT('',(11.4836565635277,0.,7.16828254847646));
#2649=CARTESIAN_POINT('',(7.93365656352773,0.,7.16828254847646));
#2650=CARTESIAN_POINT('',(11.4836565635277,0.4,7.16828254847646));
#2651=CARTESIAN_POINT('',(7.93365656352773,0.4,7.16828254847646));
#2652=CARTESIAN_POINT('',(11.4836565635277,0.4,7.16828254847646));
#2653=CARTESIAN_POINT('Origin',(11.4836565635277,0.4,9.16828254847646));
#2654=CARTESIAN_POINT('',(11.4836565635277,0.,6.79328254847645));
#2655=CARTESIAN_POINT('',(11.4836565635277,0.4,6.79328254847645));
#2656=CARTESIAN_POINT('Origin',(8.88365656352772,0.4,-7.88171745152355));
#2657=CARTESIAN_POINT('',(8.88365656352772,0.,-7.68171745152355));
#2658=CARTESIAN_POINT('',(8.88365656352772,0.,-7.88171745152355));
#2659=CARTESIAN_POINT('',(8.88365656352772,0.,-1.73171745152355));
#2660=CARTESIAN_POINT('',(8.88365656352772,0.4,-7.68171745152355));
#2661=CARTESIAN_POINT('',(8.88365656352772,0.4,-7.68171745152355));
#2662=CARTESIAN_POINT('',(8.88365656352772,0.4,-7.88171745152355));
#2663=CARTESIAN_POINT('',(8.88365656352772,0.4,-1.73171745152355));
#2664=CARTESIAN_POINT('',(8.88365656352772,0.4,-7.88171745152355));
#2665=CARTESIAN_POINT('Origin',(6.88365656352772,0.4,-7.88171745152355));
#2666=CARTESIAN_POINT('',(6.88365656352772,0.,-7.88171745152355));
#2667=CARTESIAN_POINT('',(5.63365656352773,0.,-7.88171745152355));
#2668=CARTESIAN_POINT('',(6.88365656352772,0.4,-7.88171745152355));
#2669=CARTESIAN_POINT('',(5.63365656352773,0.4,-7.88171745152355));
#2670=CARTESIAN_POINT('',(6.88365656352772,0.4,-7.88171745152355));
#2671=CARTESIAN_POINT('Origin',(6.88365656352772,0.4,-7.68171745152355));
#2672=CARTESIAN_POINT('',(6.88365656352772,0.,-7.68171745152355));
#2673=CARTESIAN_POINT('',(6.88365656352772,0.,-1.63171745152355));
#2674=CARTESIAN_POINT('',(6.88365656352772,0.4,-7.68171745152355));
#2675=CARTESIAN_POINT('',(6.88365656352772,0.4,-1.63171745152355));
#2676=CARTESIAN_POINT('',(6.88365656352772,0.4,-7.68171745152355));
#2677=CARTESIAN_POINT('Origin',(8.88365656352772,0.4,-7.68171745152355));
#2678=CARTESIAN_POINT('',(6.63365656352773,0.,-7.68171745152355));
#2679=CARTESIAN_POINT('',(6.63365656352773,0.4,-7.68171745152355));
#2680=CARTESIAN_POINT('Origin',(5.38365656352773,0.4,16.5182825484765));
#2681=CARTESIAN_POINT('',(5.38365656352773,0.,16.7182825484765));
#2682=CARTESIAN_POINT('',(5.38365656352773,0.,16.5182825484765));
#2683=CARTESIAN_POINT('',(5.38365656352773,0.,10.4682825484765));
#2684=CARTESIAN_POINT('',(5.38365656352773,0.4,16.7182825484765));
#2685=CARTESIAN_POINT('',(5.38365656352773,0.4,16.7182825484765));
#2686=CARTESIAN_POINT('',(5.38365656352773,0.4,16.5182825484765));
#2687=CARTESIAN_POINT('',(5.38365656352773,0.4,10.4682825484765));
#2688=CARTESIAN_POINT('',(5.38365656352773,0.4,16.5182825484765));
#2689=CARTESIAN_POINT('Origin',(3.38365656352773,0.4,16.5182825484765));
#2690=CARTESIAN_POINT('',(3.38365656352773,0.,16.5182825484765));
#2691=CARTESIAN_POINT('',(3.88365656352773,0.,16.5182825484765));
#2692=CARTESIAN_POINT('',(3.38365656352773,0.4,16.5182825484765));
#2693=CARTESIAN_POINT('',(3.88365656352773,0.4,16.5182825484765));
#2694=CARTESIAN_POINT('',(3.38365656352773,0.4,16.5182825484765));
#2695=CARTESIAN_POINT('Origin',(3.38365656352773,0.4,16.7182825484765));
#2696=CARTESIAN_POINT('',(3.38365656352773,0.,16.7182825484765));
#2697=CARTESIAN_POINT('',(3.38365656352773,0.,10.5682825484765));
#2698=CARTESIAN_POINT('',(3.38365656352773,0.4,16.7182825484765));
#2699=CARTESIAN_POINT('',(3.38365656352773,0.4,10.5682825484765));
#2700=CARTESIAN_POINT('',(3.38365656352773,0.4,16.7182825484765));
#2701=CARTESIAN_POINT('Origin',(5.38365656352773,0.4,16.7182825484765));
#2702=CARTESIAN_POINT('',(4.88365656352773,0.,16.7182825484765));
#2703=CARTESIAN_POINT('',(4.88365656352773,0.4,16.7182825484765));
#2704=CARTESIAN_POINT('Origin',(11.6836565635277,0.4,5.41828254847646));
#2705=CARTESIAN_POINT('',(11.4836565635277,0.,5.41828254847646));
#2706=CARTESIAN_POINT('',(11.6836565635277,0.,5.41828254847646));
#2707=CARTESIAN_POINT('',(8.03365656352773,0.,5.41828254847646));
#2708=CARTESIAN_POINT('',(11.4836565635277,0.4,5.41828254847646));
#2709=CARTESIAN_POINT('',(11.4836565635277,0.4,5.41828254847646));
#2710=CARTESIAN_POINT('',(11.6836565635277,0.4,5.41828254847646));
#2711=CARTESIAN_POINT('',(8.03365656352773,0.4,5.41828254847646));
#2712=CARTESIAN_POINT('',(11.6836565635277,0.4,5.41828254847646));
#2713=CARTESIAN_POINT('Origin',(11.6836565635277,0.4,3.41828254847646));
#2714=CARTESIAN_POINT('',(11.6836565635277,0.,3.41828254847646));
#2715=CARTESIAN_POINT('',(11.6836565635277,0.,3.91828254847645));
#2716=CARTESIAN_POINT('',(11.6836565635277,0.4,3.41828254847646));
#2717=CARTESIAN_POINT('',(11.6836565635277,0.4,3.91828254847645));
#2718=CARTESIAN_POINT('',(11.6836565635277,0.4,3.41828254847646));
#2719=CARTESIAN_POINT('Origin',(11.4836565635277,0.4,3.41828254847646));
#2720=CARTESIAN_POINT('',(11.4836565635277,0.,3.41828254847646));
#2721=CARTESIAN_POINT('',(7.93365656352773,0.,3.41828254847646));
#2722=CARTESIAN_POINT('',(11.4836565635277,0.4,3.41828254847646));
#2723=CARTESIAN_POINT('',(7.93365656352773,0.4,3.41828254847646));
#2724=CARTESIAN_POINT('',(11.4836565635277,0.4,3.41828254847646));
#2725=CARTESIAN_POINT('Origin',(11.4836565635277,0.4,5.41828254847646));
#2726=CARTESIAN_POINT('',(11.4836565635277,0.,4.91828254847645));
#2727=CARTESIAN_POINT('',(11.4836565635277,0.4,4.91828254847645));
#2728=CARTESIAN_POINT('Origin',(1.88365656352772,0.4,-7.88171745152355));
#2729=CARTESIAN_POINT('',(1.88365656352772,0.,-7.68171745152355));
#2730=CARTESIAN_POINT('',(1.88365656352772,0.,-7.88171745152355));
#2731=CARTESIAN_POINT('',(1.88365656352772,0.,-1.73171745152355));
#2732=CARTESIAN_POINT('',(1.88365656352772,0.4,-7.68171745152355));
#2733=CARTESIAN_POINT('',(1.88365656352772,0.4,-7.68171745152355));
#2734=CARTESIAN_POINT('',(1.88365656352772,0.4,-7.88171745152355));
#2735=CARTESIAN_POINT('',(1.88365656352772,0.4,-1.73171745152355));
#2736=CARTESIAN_POINT('',(1.88365656352772,0.4,-7.88171745152355));
#2737=CARTESIAN_POINT('Origin',(-0.116343436472277,0.4,-7.88171745152355));
#2738=CARTESIAN_POINT('',(-0.116343436472277,0.,-7.88171745152355));
#2739=CARTESIAN_POINT('',(2.13365656352773,0.,-7.88171745152355));
#2740=CARTESIAN_POINT('',(-0.116343436472277,0.4,-7.88171745152355));
#2741=CARTESIAN_POINT('',(2.13365656352773,0.4,-7.88171745152355));
#2742=CARTESIAN_POINT('',(-0.116343436472277,0.4,-7.88171745152355));
#2743=CARTESIAN_POINT('Origin',(-0.116343436472277,0.4,-7.68171745152355));
#2744=CARTESIAN_POINT('',(-0.116343436472277,0.,-7.68171745152355));
#2745=CARTESIAN_POINT('',(-0.116343436472281,0.,-1.63171745152355));
#2746=CARTESIAN_POINT('',(-0.116343436472277,0.4,-7.68171745152355));
#2747=CARTESIAN_POINT('',(-0.116343436472281,0.4,-1.63171745152355));
#2748=CARTESIAN_POINT('',(-0.116343436472277,0.4,-7.68171745152355));
#2749=CARTESIAN_POINT('Origin',(1.88365656352772,0.4,-7.68171745152355));
#2750=CARTESIAN_POINT('',(3.13365656352773,0.,-7.68171745152355));
#2751=CARTESIAN_POINT('',(3.13365656352773,0.4,-7.68171745152355));
#2752=CARTESIAN_POINT('Origin',(-2.91634343647226,0.4,9.16828254847646));
#2753=CARTESIAN_POINT('',(-2.91634343647227,0.,7.16828254847646));
#2754=CARTESIAN_POINT('',(-2.91634343647226,0.,9.16828254847646));
#2755=CARTESIAN_POINT('',(-2.91634343647227,0.,6.79328254847646));
#2756=CARTESIAN_POINT('',(-2.91634343647227,0.4,7.16828254847646));
#2757=CARTESIAN_POINT('',(-2.91634343647227,0.4,7.16828254847646));
#2758=CARTESIAN_POINT('',(-2.91634343647226,0.4,9.16828254847646));
#2759=CARTESIAN_POINT('',(-2.91634343647227,0.4,6.79328254847646));
#2760=CARTESIAN_POINT('',(-2.91634343647226,0.4,9.16828254847646));
#2761=CARTESIAN_POINT('Origin',(-2.71634343647227,0.4,9.16828254847646));
#2762=CARTESIAN_POINT('',(-2.71634343647227,0.,9.16828254847646));
#2763=CARTESIAN_POINT('',(0.833656563527733,0.,9.16828254847646));
#2764=CARTESIAN_POINT('',(-2.71634343647227,0.4,9.16828254847646));
#2765=CARTESIAN_POINT('',(0.833656563527733,0.4,9.16828254847646));
#2766=CARTESIAN_POINT('',(-2.71634343647227,0.4,9.16828254847646));
#2767=CARTESIAN_POINT('Origin',(-2.71634343647227,0.4,7.16828254847646));
#2768=CARTESIAN_POINT('',(-2.71634343647227,0.,7.16828254847646));
#2769=CARTESIAN_POINT('',(-2.71634343647227,0.,5.79328254847646));
#2770=CARTESIAN_POINT('',(-2.71634343647227,0.4,7.16828254847646));
#2771=CARTESIAN_POINT('',(-2.71634343647227,0.4,5.79328254847646));
#2772=CARTESIAN_POINT('',(-2.71634343647227,0.4,7.16828254847646));
#2773=CARTESIAN_POINT('Origin',(-2.91634343647227,0.4,7.16828254847646));
#2774=CARTESIAN_POINT('',(0.733656563527732,0.,7.16828254847646));
#2775=CARTESIAN_POINT('',(0.733656563527732,0.4,7.16828254847646));
#2776=CARTESIAN_POINT('Origin',(-2.91634343647227,0.4,1.66828254847646));
#2777=CARTESIAN_POINT('',(-2.91634343647227,0.,-0.33171745152354));
#2778=CARTESIAN_POINT('',(-2.91634343647227,0.,1.66828254847646));
#2779=CARTESIAN_POINT('',(-2.91634343647227,0.,3.04328254847646));
#2780=CARTESIAN_POINT('',(-2.91634343647227,0.4,-0.33171745152354));
#2781=CARTESIAN_POINT('',(-2.91634343647227,0.4,-0.33171745152354));
#2782=CARTESIAN_POINT('',(-2.91634343647227,0.4,1.66828254847646));
#2783=CARTESIAN_POINT('',(-2.91634343647227,0.4,3.04328254847646));
#2784=CARTESIAN_POINT('',(-2.91634343647227,0.4,1.66828254847646));
#2785=CARTESIAN_POINT('Origin',(-2.71634343647227,0.4,1.66828254847646));
#2786=CARTESIAN_POINT('',(-2.71634343647227,0.,1.66828254847646));
#2787=CARTESIAN_POINT('',(0.833656563527731,0.,1.66828254847646));
#2788=CARTESIAN_POINT('',(-2.71634343647227,0.4,1.66828254847646));
#2789=CARTESIAN_POINT('',(0.833656563527731,0.4,1.66828254847646));
#2790=CARTESIAN_POINT('',(-2.71634343647227,0.4,1.66828254847646));
#2791=CARTESIAN_POINT('Origin',(-2.71634343647227,0.4,-0.33171745152354));
#2792=CARTESIAN_POINT('',(-2.71634343647227,0.,-0.33171745152354));
#2793=CARTESIAN_POINT('',(-2.71634343647227,0.,2.04328254847646));
#2794=CARTESIAN_POINT('',(-2.71634343647227,0.4,-0.33171745152354));
#2795=CARTESIAN_POINT('',(-2.71634343647227,0.4,2.04328254847646));
#2796=CARTESIAN_POINT('',(-2.71634343647227,0.4,-0.33171745152354));
#2797=CARTESIAN_POINT('Origin',(-2.91634343647227,0.4,-0.33171745152354));
#2798=CARTESIAN_POINT('',(0.73365656352773,0.,-0.33171745152354));
#2799=CARTESIAN_POINT('',(0.73365656352773,0.4,-0.33171745152354));
#2800=CARTESIAN_POINT('Origin',(11.6836565635277,0.4,-2.08171745152354));
#2801=CARTESIAN_POINT('',(11.4836565635277,0.,-2.08171745152354));
#2802=CARTESIAN_POINT('',(11.6836565635277,0.,-2.08171745152354));
#2803=CARTESIAN_POINT('',(8.03365656352773,0.,-2.08171745152354));
#2804=CARTESIAN_POINT('',(11.4836565635277,0.4,-2.08171745152354));
#2805=CARTESIAN_POINT('',(11.4836565635277,0.4,-2.08171745152354));
#2806=CARTESIAN_POINT('',(11.6836565635277,0.4,-2.08171745152354));
#2807=CARTESIAN_POINT('',(8.03365656352773,0.4,-2.08171745152354));
#2808=CARTESIAN_POINT('',(11.6836565635277,0.4,-2.08171745152354));
#2809=CARTESIAN_POINT('Origin',(11.6836565635277,0.4,-4.08171745152354));
#2810=CARTESIAN_POINT('',(11.6836565635277,0.,-4.08171745152354));
#2811=CARTESIAN_POINT('',(11.6836565635277,0.,0.168282548476454));
#2812=CARTESIAN_POINT('',(11.6836565635277,0.4,-4.08171745152354));
#2813=CARTESIAN_POINT('',(11.6836565635277,0.4,0.168282548476454));
#2814=CARTESIAN_POINT('',(11.6836565635277,0.4,-4.08171745152354));
#2815=CARTESIAN_POINT('Origin',(11.4836565635277,0.4,-4.08171745152354));
#2816=CARTESIAN_POINT('',(11.4836565635277,0.,-4.08171745152354));
#2817=CARTESIAN_POINT('',(7.93365656352773,0.,-4.08171745152354));
#2818=CARTESIAN_POINT('',(11.4836565635277,0.4,-4.08171745152354));
#2819=CARTESIAN_POINT('',(7.93365656352773,0.4,-4.08171745152354));
#2820=CARTESIAN_POINT('',(11.4836565635277,0.4,-4.08171745152354));
#2821=CARTESIAN_POINT('Origin',(11.4836565635277,0.4,-2.08171745152354));
#2822=CARTESIAN_POINT('',(11.4836565635277,0.,1.16828254847645));
#2823=CARTESIAN_POINT('',(11.4836565635277,0.4,1.16828254847645));
#2824=CARTESIAN_POINT('Origin',(11.6836565635277,0.4,12.9182825484765));
#2825=CARTESIAN_POINT('',(11.4836565635277,0.,12.9182825484765));
#2826=CARTESIAN_POINT('',(11.6836565635277,0.,12.9182825484765));
#2827=CARTESIAN_POINT('',(8.03365656352773,0.,12.9182825484765));
#2828=CARTESIAN_POINT('',(11.4836565635277,0.4,12.9182825484765));
#2829=CARTESIAN_POINT('',(11.4836565635277,0.4,12.9182825484765));
#2830=CARTESIAN_POINT('',(11.6836565635277,0.4,12.9182825484765));
#2831=CARTESIAN_POINT('',(8.03365656352773,0.4,12.9182825484765));
#2832=CARTESIAN_POINT('',(11.6836565635277,0.4,12.9182825484765));
#2833=CARTESIAN_POINT('Origin',(11.6836565635277,0.4,10.9182825484765));
#2834=CARTESIAN_POINT('',(11.6836565635277,0.,10.9182825484765));
#2835=CARTESIAN_POINT('',(11.6836565635277,0.,7.66828254847645));
#2836=CARTESIAN_POINT('',(11.6836565635277,0.4,10.9182825484765));
#2837=CARTESIAN_POINT('',(11.6836565635277,0.4,7.66828254847645));
#2838=CARTESIAN_POINT('',(11.6836565635277,0.4,10.9182825484765));
#2839=CARTESIAN_POINT('Origin',(11.4836565635277,0.4,10.9182825484765));
#2840=CARTESIAN_POINT('',(11.4836565635277,0.,10.9182825484765));
#2841=CARTESIAN_POINT('',(7.93365656352773,0.,10.9182825484765));
#2842=CARTESIAN_POINT('',(11.4836565635277,0.4,10.9182825484765));
#2843=CARTESIAN_POINT('',(7.93365656352773,0.4,10.9182825484765));
#2844=CARTESIAN_POINT('',(11.4836565635277,0.4,10.9182825484765));
#2845=CARTESIAN_POINT('Origin',(11.4836565635277,0.4,12.9182825484765));
#2846=CARTESIAN_POINT('',(11.4836565635277,0.,8.66828254847645));
#2847=CARTESIAN_POINT('',(11.4836565635277,0.4,8.66828254847645));
#2848=CARTESIAN_POINT('Origin',(8.88365656352773,0.4,16.5182825484765));
#2849=CARTESIAN_POINT('',(8.88365656352773,0.,16.7182825484765));
#2850=CARTESIAN_POINT('',(8.88365656352773,0.,16.5182825484765));
#2851=CARTESIAN_POINT('',(8.88365656352773,0.,10.4682825484765));
#2852=CARTESIAN_POINT('',(8.88365656352773,0.4,16.7182825484765));
#2853=CARTESIAN_POINT('',(8.88365656352773,0.4,16.7182825484765));
#2854=CARTESIAN_POINT('',(8.88365656352773,0.4,16.5182825484765));
#2855=CARTESIAN_POINT('',(8.88365656352773,0.4,10.4682825484765));
#2856=CARTESIAN_POINT('',(8.88365656352773,0.4,16.5182825484765));
#2857=CARTESIAN_POINT('Origin',(6.88365656352773,0.4,16.5182825484765));
#2858=CARTESIAN_POINT('',(6.88365656352773,0.,16.5182825484765));
#2859=CARTESIAN_POINT('',(5.63365656352773,0.,16.5182825484765));
#2860=CARTESIAN_POINT('',(6.88365656352773,0.4,16.5182825484765));
#2861=CARTESIAN_POINT('',(5.63365656352773,0.4,16.5182825484765));
#2862=CARTESIAN_POINT('',(6.88365656352773,0.4,16.5182825484765));
#2863=CARTESIAN_POINT('Origin',(6.88365656352773,0.4,16.7182825484765));
#2864=CARTESIAN_POINT('',(6.88365656352773,0.,16.7182825484765));
#2865=CARTESIAN_POINT('',(6.88365656352773,0.,10.5682825484765));
#2866=CARTESIAN_POINT('',(6.88365656352773,0.4,16.7182825484765));
#2867=CARTESIAN_POINT('',(6.88365656352773,0.4,10.5682825484765));
#2868=CARTESIAN_POINT('',(6.88365656352773,0.4,16.7182825484765));
#2869=CARTESIAN_POINT('Origin',(8.88365656352773,0.4,16.7182825484765));
#2870=CARTESIAN_POINT('',(6.63365656352773,0.,16.7182825484765));
#2871=CARTESIAN_POINT('',(6.63365656352773,0.4,16.7182825484765));
#2872=CARTESIAN_POINT('Origin',(1.88365656352773,0.4,16.7182825484765));
#2873=CARTESIAN_POINT('',(-0.116343436472267,0.,16.7182825484765));
#2874=CARTESIAN_POINT('',(1.88365656352773,0.,16.7182825484765));
#2875=CARTESIAN_POINT('',(3.13365656352773,0.,16.7182825484765));
#2876=CARTESIAN_POINT('',(-0.116343436472267,0.4,16.7182825484765));
#2877=CARTESIAN_POINT('',(-0.116343436472267,0.4,16.7182825484765));
#2878=CARTESIAN_POINT('',(1.88365656352773,0.4,16.7182825484765));
#2879=CARTESIAN_POINT('',(3.13365656352773,0.4,16.7182825484765));
#2880=CARTESIAN_POINT('',(1.88365656352773,0.4,16.7182825484765));
#2881=CARTESIAN_POINT('Origin',(1.88365656352773,0.4,16.5182825484765));
#2882=CARTESIAN_POINT('',(1.88365656352773,0.,16.5182825484765));
#2883=CARTESIAN_POINT('',(1.88365656352773,0.,10.4682825484765));
#2884=CARTESIAN_POINT('',(1.88365656352773,0.4,16.5182825484765));
#2885=CARTESIAN_POINT('',(1.88365656352773,0.4,10.4682825484765));
#2886=CARTESIAN_POINT('',(1.88365656352773,0.4,16.5182825484765));
#2887=CARTESIAN_POINT('Origin',(-0.116343436472267,0.4,16.5182825484765));
#2888=CARTESIAN_POINT('',(-0.116343436472267,0.,16.5182825484765));
#2889=CARTESIAN_POINT('',(2.13365656352773,0.,16.5182825484765));
#2890=CARTESIAN_POINT('',(-0.116343436472267,0.4,16.5182825484765));
#2891=CARTESIAN_POINT('',(2.13365656352773,0.4,16.5182825484765));
#2892=CARTESIAN_POINT('',(-0.116343436472267,0.4,16.5182825484765));
#2893=CARTESIAN_POINT('Origin',(-0.116343436472267,0.4,16.7182825484765));
#2894=CARTESIAN_POINT('',(-0.116343436472263,0.,10.5682825484765));
#2895=CARTESIAN_POINT('',(-0.116343436472263,0.4,10.5682825484765));
#2896=CARTESIAN_POINT('Origin',(11.6836565635277,0.4,1.66828254847646));
#2897=CARTESIAN_POINT('',(11.4836565635277,0.,1.66828254847646));
#2898=CARTESIAN_POINT('',(11.6836565635277,0.,1.66828254847646));
#2899=CARTESIAN_POINT('',(8.03365656352773,0.,1.66828254847646));
#2900=CARTESIAN_POINT('',(11.4836565635277,0.4,1.66828254847646));
#2901=CARTESIAN_POINT('',(11.4836565635277,0.4,1.66828254847646));
#2902=CARTESIAN_POINT('',(11.6836565635277,0.4,1.66828254847646));
#2903=CARTESIAN_POINT('',(8.03365656352773,0.4,1.66828254847646));
#2904=CARTESIAN_POINT('',(11.6836565635277,0.4,1.66828254847646));
#2905=CARTESIAN_POINT('Origin',(11.6836565635277,0.4,-0.33171745152354));
#2906=CARTESIAN_POINT('',(11.6836565635277,0.,-0.33171745152354));
#2907=CARTESIAN_POINT('',(11.6836565635277,0.,2.04328254847645));
#2908=CARTESIAN_POINT('',(11.6836565635277,0.4,-0.33171745152354));
#2909=CARTESIAN_POINT('',(11.6836565635277,0.4,2.04328254847645));
#2910=CARTESIAN_POINT('',(11.6836565635277,0.4,-0.33171745152354));
#2911=CARTESIAN_POINT('Origin',(11.4836565635277,0.4,-0.33171745152354));
#2912=CARTESIAN_POINT('',(11.4836565635277,0.,-0.33171745152354));
#2913=CARTESIAN_POINT('',(7.93365656352773,0.,-0.33171745152354));
#2914=CARTESIAN_POINT('',(11.4836565635277,0.4,-0.33171745152354));
#2915=CARTESIAN_POINT('',(7.93365656352773,0.4,-0.33171745152354));
#2916=CARTESIAN_POINT('',(11.4836565635277,0.4,-0.33171745152354));
#2917=CARTESIAN_POINT('Origin',(11.4836565635277,0.4,1.66828254847646));
#2918=CARTESIAN_POINT('',(11.4836565635277,0.,3.04328254847645));
#2919=CARTESIAN_POINT('',(11.4836565635277,0.4,3.04328254847645));
#2920=CARTESIAN_POINT('Origin',(-2.91634343647227,0.4,-2.08171745152354));
#2921=CARTESIAN_POINT('',(-2.91634343647227,0.,-4.08171745152354));
#2922=CARTESIAN_POINT('',(-2.91634343647227,0.,-2.08171745152354));
#2923=CARTESIAN_POINT('',(-2.91634343647227,0.,1.16828254847646));
#2924=CARTESIAN_POINT('',(-2.91634343647227,0.4,-4.08171745152354));
#2925=CARTESIAN_POINT('',(-2.91634343647227,0.4,-4.08171745152354));
#2926=CARTESIAN_POINT('',(-2.91634343647227,0.4,-2.08171745152354));
#2927=CARTESIAN_POINT('',(-2.91634343647227,0.4,1.16828254847646));
#2928=CARTESIAN_POINT('',(-2.91634343647227,0.4,-2.08171745152354));
#2929=CARTESIAN_POINT('Origin',(-2.71634343647227,0.4,-2.08171745152354));
#2930=CARTESIAN_POINT('',(-2.71634343647227,0.,-2.08171745152354));
#2931=CARTESIAN_POINT('',(0.83365656352773,0.,-2.08171745152354));
#2932=CARTESIAN_POINT('',(-2.71634343647227,0.4,-2.08171745152354));
#2933=CARTESIAN_POINT('',(0.83365656352773,0.4,-2.08171745152354));
#2934=CARTESIAN_POINT('',(-2.71634343647227,0.4,-2.08171745152354));
#2935=CARTESIAN_POINT('Origin',(-2.71634343647227,0.4,-4.08171745152354));
#2936=CARTESIAN_POINT('',(-2.71634343647227,0.,-4.08171745152354));
#2937=CARTESIAN_POINT('',(-2.71634343647227,0.,0.168282548476459));
#2938=CARTESIAN_POINT('',(-2.71634343647227,0.4,-4.08171745152354));
#2939=CARTESIAN_POINT('',(-2.71634343647227,0.4,0.168282548476459));
#2940=CARTESIAN_POINT('',(-2.71634343647227,0.4,-4.08171745152354));
#2941=CARTESIAN_POINT('Origin',(-2.91634343647227,0.4,-4.08171745152354));
#2942=CARTESIAN_POINT('',(0.733656563527729,0.,-4.08171745152354));
#2943=CARTESIAN_POINT('',(0.733656563527729,0.4,-4.08171745152354));
#2944=CARTESIAN_POINT('Origin',(-2.71634343647226,0.4,12.9182825484765));
#2945=CARTESIAN_POINT('',(-2.91634343647226,0.,12.9182825484765));
#2946=CARTESIAN_POINT('',(-2.71634343647226,0.,12.9182825484765));
#2947=CARTESIAN_POINT('',(0.833656563527734,0.,12.9182825484765));
#2948=CARTESIAN_POINT('',(-2.91634343647226,0.4,12.9182825484765));
#2949=CARTESIAN_POINT('',(-2.91634343647226,0.4,12.9182825484765));
#2950=CARTESIAN_POINT('',(-2.71634343647226,0.4,12.9182825484765));
#2951=CARTESIAN_POINT('',(0.833656563527734,0.4,12.9182825484765));
#2952=CARTESIAN_POINT('',(-2.71634343647226,0.4,12.9182825484765));
#2953=CARTESIAN_POINT('Origin',(-2.71634343647226,0.4,10.9182825484765));
#2954=CARTESIAN_POINT('',(-2.71634343647226,0.,10.9182825484765));
#2955=CARTESIAN_POINT('',(-2.71634343647227,0.,7.66828254847646));
#2956=CARTESIAN_POINT('',(-2.71634343647226,0.4,10.9182825484765));
#2957=CARTESIAN_POINT('',(-2.71634343647227,0.4,7.66828254847646));
#2958=CARTESIAN_POINT('',(-2.71634343647226,0.4,10.9182825484765));
#2959=CARTESIAN_POINT('Origin',(-2.91634343647226,0.4,10.9182825484765));
#2960=CARTESIAN_POINT('',(-2.91634343647226,0.,10.9182825484765));
#2961=CARTESIAN_POINT('',(0.733656563527733,0.,10.9182825484765));
#2962=CARTESIAN_POINT('',(-2.91634343647226,0.4,10.9182825484765));
#2963=CARTESIAN_POINT('',(0.733656563527733,0.4,10.9182825484765));
#2964=CARTESIAN_POINT('',(-2.91634343647226,0.4,10.9182825484765));
#2965=CARTESIAN_POINT('Origin',(-2.91634343647226,0.4,12.9182825484765));
#2966=CARTESIAN_POINT('',(-2.91634343647227,0.,8.66828254847646));
#2967=CARTESIAN_POINT('',(-2.91634343647227,0.4,8.66828254847646));
#2968=CARTESIAN_POINT('Origin',(-3.11634343647226,0.,16.9182825484765));
#2969=CARTESIAN_POINT('',(-3.11634343647226,0.,16.9182825484765));
#2970=CARTESIAN_POINT('',(11.8836565635277,0.,16.9182825484765));
#2971=CARTESIAN_POINT('',(-3.11634343647226,0.,16.9182825484765));
#2972=CARTESIAN_POINT('',(11.8836565635277,0.4,16.9182825484765));
#2973=CARTESIAN_POINT('',(11.8836565635277,0.,16.9182825484765));
#2974=CARTESIAN_POINT('',(-3.11634343647226,0.4,16.9182825484765));
#2975=CARTESIAN_POINT('',(-3.11634343647226,0.4,16.9182825484765));
#2976=CARTESIAN_POINT('',(-3.11634343647226,0.,16.9182825484765));
#2977=CARTESIAN_POINT('Origin',(-3.11634343647227,0.,-8.08171745152355));
#2978=CARTESIAN_POINT('',(-3.11634343647227,0.,-8.08171745152355));
#2979=CARTESIAN_POINT('',(-3.11634343647227,0.,-8.08171745152355));
#2980=CARTESIAN_POINT('',(-3.11634343647227,0.4,-8.08171745152355));
#2981=CARTESIAN_POINT('',(-3.11634343647227,0.4,-8.08171745152355));
#2982=CARTESIAN_POINT('',(-3.11634343647227,0.,-8.08171745152355));
#2983=CARTESIAN_POINT('Origin',(11.8836565635277,0.,-8.08171745152355));
#2984=CARTESIAN_POINT('',(11.8836565635277,0.,-8.08171745152355));
#2985=CARTESIAN_POINT('',(11.8836565635277,0.,-8.08171745152355));
#2986=CARTESIAN_POINT('',(11.8836565635277,0.4,-8.08171745152355));
#2987=CARTESIAN_POINT('',(11.8836565635277,0.4,-8.08171745152355));
#2988=CARTESIAN_POINT('',(11.8836565635277,0.,-8.08171745152355));
#2989=CARTESIAN_POINT('Origin',(11.8836565635277,0.,16.9182825484765));
#2990=CARTESIAN_POINT('',(11.8836565635277,0.,16.9182825484765));
#2991=CARTESIAN_POINT('',(11.8836565635277,0.4,16.9182825484765));
#2992=CARTESIAN_POINT('Origin',(4.38365656352773,0.4,4.41828254847645));
#2993=CARTESIAN_POINT('Origin',(4.38365656352773,0.,4.41828254847645));
#2994=UNCERTAINTY_MEASURE_WITH_UNIT(LENGTH_MEASURE(0.001),#2998,
'DISTANCE_ACCURACY_VALUE',
'Maximum model space distance between geometric entities at asserted c
onnectivities');
#2995=UNCERTAINTY_MEASURE_WITH_UNIT(LENGTH_MEASURE(0.001),#2998,
'DISTANCE_ACCURACY_VALUE',
'Maximum model space distance between geometric entities at asserted c
onnectivities');
#2996=(
GEOMETRIC_REPRESENTATION_CONTEXT(3)
GLOBAL_UNCERTAINTY_ASSIGNED_CONTEXT((#2994))
GLOBAL_UNIT_ASSIGNED_CONTEXT((#2998,#2999,#3000))
REPRESENTATION_CONTEXT('','3D')
);
#2997=(
GEOMETRIC_REPRESENTATION_CONTEXT(3)
GLOBAL_UNCERTAINTY_ASSIGNED_CONTEXT((#2995))
GLOBAL_UNIT_ASSIGNED_CONTEXT((#2998,#2999,#3000))
REPRESENTATION_CONTEXT('','3D')
);
#2998=(
LENGTH_UNIT()
NAMED_UNIT(*)
SI_UNIT(.CENTI.,.METRE.)
);
#2999=(
NAMED_UNIT(*)
PLANE_ANGLE_UNIT()
SI_UNIT($,.RADIAN.)
);
#3000=(
NAMED_UNIT(*)
SI_UNIT($,.STERADIAN.)
SOLID_ANGLE_UNIT()
);
#3001=SHAPE_DEFINITION_REPRESENTATION(#3002,#3003);
#3002=PRODUCT_DEFINITION_SHAPE('',$,#3005);
#3003=SHAPE_REPRESENTATION('',(#1918),#2996);
#3004=PRODUCT_DEFINITION_CONTEXT('part definition',#3009,'design');
#3005=PRODUCT_DEFINITION('Enclosure_6','Enclosure_6',#3006,#3004);
#3006=PRODUCT_DEFINITION_FORMATION('',$,#3011);
#3007=PRODUCT_RELATED_PRODUCT_CATEGORY('Enclosure_6','Enclosure_6',(#3011));
#3008=APPLICATION_PROTOCOL_DEFINITION('international standard',
'automotive_design',2009,#3009);
#3009=APPLICATION_CONTEXT(
'Core Data for Automotive Mechanical Design Process');
#3010=PRODUCT_CONTEXT('part definition',#3009,'mechanical');
#3011=PRODUCT('Enclosure_6','Enclosure_6',$,(#3010));
#3012=PRESENTATION_STYLE_ASSIGNMENT((#3013));
#3013=SURFACE_STYLE_USAGE(.BOTH.,#3016);
#3014=SURFACE_STYLE_RENDERING_WITH_PROPERTIES($,#3020,(#3015));
#3015=SURFACE_STYLE_TRANSPARENT(0.);
#3016=SURFACE_SIDE_STYLE('',(#3017,#3014));
#3017=SURFACE_STYLE_FILL_AREA(#3018);
#3018=FILL_AREA_STYLE('',(#3019));
#3019=FILL_AREA_STYLE_COLOUR('',#3020);
#3020=COLOUR_RGB('',0.749019607843137,0.749019607843137,0.749019607843137);
ENDSEC;
END-ISO-10303-21;
