ISO-10303-21;
HEADER;
/* Generated by software containing ST-Developer
 * from STEP Tools, Inc. (www.steptools.com) 
 */

FILE_DESCRIPTION(
/* description */ (''),
/* implementation_level */ '2;1');

FILE_NAME(
/* name */ 'Enclosure_1.stp',
/* time_stamp */ '2025-12-17T15:45:28+05:30',
/* author */ ('Kartik'),
/* organization */ (''),
/* preprocessor_version */ 'ST-DEVELOPER v20.1',
/* originating_system */ 'Autodesk Inventor 2026',
/* authorisation */ '');

FILE_SCHEMA (('AUTOMOTIVE_DESIGN { 1 0 10303 214 3 1 1 }'));
ENDSEC;

DATA;
#10=MECHANICAL_DESIGN_GEOMETRIC_PRESENTATION_REPRESENTATION('',(#13),#4666);
#11=SHAPE_REPRESENTATION_RELATIONSHIP('SRR','None',#4672,#12);
#12=ADVANCED_BREP_SHAPE_REPRESENTATION('',(#14),#4665);
#13=STYLED_ITEM('',(#4681),#14);
#14=MANIFOLD_SOLID_BREP('Solid1',#2891);
#15=FACE_BOUND('',#347,.T.);
#16=FACE_BOUND('',#352,.T.);
#17=FACE_BOUND('',#357,.T.);
#18=FACE_BOUND('',#362,.T.);
#19=FACE_BOUND('',#366,.T.);
#20=FACE_BOUND('',#370,.T.);
#21=FACE_BOUND('',#374,.T.);
#22=FACE_BOUND('',#378,.T.);
#23=FACE_BOUND('',#380,.T.);
#24=FACE_BOUND('',#382,.T.);
#25=FACE_BOUND('',#384,.T.);
#26=FACE_BOUND('',#386,.T.);
#27=FACE_BOUND('',#476,.T.);
#28=FACE_BOUND('',#482,.T.);
#29=FACE_BOUND('',#488,.T.);
#30=FACE_BOUND('',#494,.T.);
#31=FACE_BOUND('',#500,.T.);
#32=FACE_BOUND('',#501,.T.);
#33=FACE_BOUND('',#502,.T.);
#34=FACE_BOUND('',#503,.T.);
#35=FACE_BOUND('',#504,.T.);
#36=FACE_BOUND('',#505,.T.);
#37=FACE_BOUND('',#506,.T.);
#38=FACE_BOUND('',#507,.T.);
#39=FACE_BOUND('',#508,.T.);
#40=FACE_BOUND('',#509,.T.);
#41=FACE_BOUND('',#510,.T.);
#42=FACE_BOUND('',#511,.T.);
#43=FACE_BOUND('',#512,.T.);
#44=FACE_BOUND('',#513,.T.);
#45=FACE_BOUND('',#514,.T.);
#46=FACE_BOUND('',#515,.T.);
#47=FACE_BOUND('',#516,.T.);
#48=FACE_BOUND('',#517,.T.);
#49=FACE_BOUND('',#518,.T.);
#50=FACE_BOUND('',#519,.T.);
#51=FACE_BOUND('',#521,.T.);
#52=FACE_BOUND('',#522,.T.);
#53=FACE_BOUND('',#523,.T.);
#54=FACE_BOUND('',#524,.T.);
#55=FACE_BOUND('',#525,.T.);
#56=FACE_BOUND('',#526,.T.);
#57=FACE_BOUND('',#527,.T.);
#58=FACE_BOUND('',#528,.T.);
#59=FACE_BOUND('',#529,.T.);
#60=FACE_BOUND('',#530,.T.);
#61=FACE_BOUND('',#531,.T.);
#62=FACE_BOUND('',#532,.T.);
#63=FACE_BOUND('',#533,.T.);
#64=FACE_BOUND('',#534,.T.);
#65=FACE_BOUND('',#535,.T.);
#66=FACE_BOUND('',#536,.T.);
#67=CONICAL_SURFACE('',#2922,0.174690155854085,0.0174532925199433);
#68=CONICAL_SURFACE('',#2924,0.550635115763034,0.0349065850398866);
#69=CONICAL_SURFACE('',#2930,0.174690155854085,0.0174532925199433);
#70=CONICAL_SURFACE('',#2932,0.550635115763034,0.0349065850398866);
#71=CONICAL_SURFACE('',#2938,0.174690155854085,0.0174532925199433);
#72=CONICAL_SURFACE('',#2940,0.550635115763034,0.0349065850398866);
#73=CONICAL_SURFACE('',#2946,0.174690155854085,0.0174532925199433);
#74=CONICAL_SURFACE('',#2948,0.550635115763034,0.0349065850398866);
#75=PLANE('',#2920);
#76=PLANE('',#2927);
#77=PLANE('',#2928);
#78=PLANE('',#2935);
#79=PLANE('',#2936);
#80=PLANE('',#2943);
#81=PLANE('',#2944);
#82=PLANE('',#2951);
#83=PLANE('',#2955);
#84=PLANE('',#2956);
#85=PLANE('',#2961);
#86=PLANE('',#2962);
#87=PLANE('',#2967);
#88=PLANE('',#2968);
#89=PLANE('',#2973);
#90=PLANE('',#2974);
#91=PLANE('',#2976);
#92=PLANE('',#2978);
#93=PLANE('',#2980);
#94=PLANE('',#2982);
#95=PLANE('',#2984);
#96=PLANE('',#2985);
#97=PLANE('',#2988);
#98=PLANE('',#2989);
#99=PLANE('',#2992);
#100=PLANE('',#2993);
#101=PLANE('',#2996);
#102=PLANE('',#2999);
#103=PLANE('',#3003);
#104=PLANE('',#3007);
#105=PLANE('',#3011);
#106=PLANE('',#3015);
#107=PLANE('',#3016);
#108=PLANE('',#3017);
#109=PLANE('',#3018);
#110=PLANE('',#3019);
#111=PLANE('',#3020);
#112=PLANE('',#3021);
#113=PLANE('',#3022);
#114=PLANE('',#3023);
#115=PLANE('',#3024);
#116=PLANE('',#3025);
#117=PLANE('',#3026);
#118=PLANE('',#3027);
#119=PLANE('',#3028);
#120=PLANE('',#3029);
#121=PLANE('',#3030);
#122=PLANE('',#3031);
#123=PLANE('',#3032);
#124=PLANE('',#3033);
#125=PLANE('',#3034);
#126=PLANE('',#3035);
#127=PLANE('',#3036);
#128=PLANE('',#3037);
#129=PLANE('',#3038);
#130=PLANE('',#3039);
#131=PLANE('',#3040);
#132=PLANE('',#3041);
#133=PLANE('',#3042);
#134=PLANE('',#3043);
#135=PLANE('',#3044);
#136=PLANE('',#3045);
#137=PLANE('',#3046);
#138=PLANE('',#3047);
#139=PLANE('',#3048);
#140=PLANE('',#3049);
#141=PLANE('',#3050);
#142=PLANE('',#3051);
#143=PLANE('',#3052);
#144=PLANE('',#3053);
#145=PLANE('',#3054);
#146=PLANE('',#3055);
#147=PLANE('',#3056);
#148=PLANE('',#3057);
#149=PLANE('',#3058);
#150=PLANE('',#3059);
#151=PLANE('',#3060);
#152=PLANE('',#3061);
#153=PLANE('',#3062);
#154=PLANE('',#3063);
#155=PLANE('',#3064);
#156=PLANE('',#3065);
#157=PLANE('',#3066);
#158=PLANE('',#3067);
#159=PLANE('',#3068);
#160=PLANE('',#3069);
#161=PLANE('',#3070);
#162=PLANE('',#3071);
#163=PLANE('',#3072);
#164=PLANE('',#3073);
#165=PLANE('',#3074);
#166=PLANE('',#3075);
#167=PLANE('',#3076);
#168=PLANE('',#3077);
#169=PLANE('',#3078);
#170=PLANE('',#3079);
#171=PLANE('',#3080);
#172=PLANE('',#3083);
#173=PLANE('',#3084);
#174=PLANE('',#3085);
#175=PLANE('',#3086);
#176=PLANE('',#3089);
#177=PLANE('',#3090);
#178=PLANE('',#3091);
#179=PLANE('',#3092);
#180=PLANE('',#3095);
#181=PLANE('',#3096);
#182=PLANE('',#3097);
#183=PLANE('',#3098);
#184=PLANE('',#3101);
#185=PLANE('',#3102);
#186=PLANE('',#3103);
#187=PLANE('',#3104);
#188=PLANE('',#3105);
#189=PLANE('',#3106);
#190=PLANE('',#3107);
#191=PLANE('',#3108);
#192=PLANE('',#3109);
#193=FACE_OUTER_BOUND('',#339,.T.);
#194=FACE_OUTER_BOUND('',#340,.T.);
#195=FACE_OUTER_BOUND('',#341,.T.);
#196=FACE_OUTER_BOUND('',#342,.T.);
#197=FACE_OUTER_BOUND('',#343,.T.);
#198=FACE_OUTER_BOUND('',#344,.T.);
#199=FACE_OUTER_BOUND('',#345,.T.);
#200=FACE_OUTER_BOUND('',#346,.T.);
#201=FACE_OUTER_BOUND('',#348,.T.);
#202=FACE_OUTER_BOUND('',#349,.T.);
#203=FACE_OUTER_BOUND('',#350,.T.);
#204=FACE_OUTER_BOUND('',#351,.T.);
#205=FACE_OUTER_BOUND('',#353,.T.);
#206=FACE_OUTER_BOUND('',#354,.T.);
#207=FACE_OUTER_BOUND('',#355,.T.);
#208=FACE_OUTER_BOUND('',#356,.T.);
#209=FACE_OUTER_BOUND('',#358,.T.);
#210=FACE_OUTER_BOUND('',#359,.T.);
#211=FACE_OUTER_BOUND('',#360,.T.);
#212=FACE_OUTER_BOUND('',#361,.T.);
#213=FACE_OUTER_BOUND('',#363,.T.);
#214=FACE_OUTER_BOUND('',#364,.T.);
#215=FACE_OUTER_BOUND('',#365,.T.);
#216=FACE_OUTER_BOUND('',#367,.T.);
#217=FACE_OUTER_BOUND('',#368,.T.);
#218=FACE_OUTER_BOUND('',#369,.T.);
#219=FACE_OUTER_BOUND('',#371,.T.);
#220=FACE_OUTER_BOUND('',#372,.T.);
#221=FACE_OUTER_BOUND('',#373,.T.);
#222=FACE_OUTER_BOUND('',#375,.T.);
#223=FACE_OUTER_BOUND('',#376,.T.);
#224=FACE_OUTER_BOUND('',#377,.T.);
#225=FACE_OUTER_BOUND('',#379,.T.);
#226=FACE_OUTER_BOUND('',#381,.T.);
#227=FACE_OUTER_BOUND('',#383,.T.);
#228=FACE_OUTER_BOUND('',#385,.T.);
#229=FACE_OUTER_BOUND('',#387,.T.);
#230=FACE_OUTER_BOUND('',#388,.T.);
#231=FACE_OUTER_BOUND('',#389,.T.);
#232=FACE_OUTER_BOUND('',#390,.T.);
#233=FACE_OUTER_BOUND('',#391,.T.);
#234=FACE_OUTER_BOUND('',#392,.T.);
#235=FACE_OUTER_BOUND('',#393,.T.);
#236=FACE_OUTER_BOUND('',#394,.T.);
#237=FACE_OUTER_BOUND('',#395,.T.);
#238=FACE_OUTER_BOUND('',#396,.T.);
#239=FACE_OUTER_BOUND('',#397,.T.);
#240=FACE_OUTER_BOUND('',#398,.T.);
#241=FACE_OUTER_BOUND('',#399,.T.);
#242=FACE_OUTER_BOUND('',#400,.T.);
#243=FACE_OUTER_BOUND('',#401,.T.);
#244=FACE_OUTER_BOUND('',#402,.T.);
#245=FACE_OUTER_BOUND('',#403,.T.);
#246=FACE_OUTER_BOUND('',#404,.T.);
#247=FACE_OUTER_BOUND('',#405,.T.);
#248=FACE_OUTER_BOUND('',#406,.T.);
#249=FACE_OUTER_BOUND('',#407,.T.);
#250=FACE_OUTER_BOUND('',#408,.T.);
#251=FACE_OUTER_BOUND('',#409,.T.);
#252=FACE_OUTER_BOUND('',#410,.T.);
#253=FACE_OUTER_BOUND('',#411,.T.);
#254=FACE_OUTER_BOUND('',#412,.T.);
#255=FACE_OUTER_BOUND('',#413,.T.);
#256=FACE_OUTER_BOUND('',#414,.T.);
#257=FACE_OUTER_BOUND('',#415,.T.);
#258=FACE_OUTER_BOUND('',#416,.T.);
#259=FACE_OUTER_BOUND('',#417,.T.);
#260=FACE_OUTER_BOUND('',#418,.T.);
#261=FACE_OUTER_BOUND('',#419,.T.);
#262=FACE_OUTER_BOUND('',#420,.T.);
#263=FACE_OUTER_BOUND('',#421,.T.);
#264=FACE_OUTER_BOUND('',#422,.T.);
#265=FACE_OUTER_BOUND('',#423,.T.);
#266=FACE_OUTER_BOUND('',#424,.T.);
#267=FACE_OUTER_BOUND('',#425,.T.);
#268=FACE_OUTER_BOUND('',#426,.T.);
#269=FACE_OUTER_BOUND('',#427,.T.);
#270=FACE_OUTER_BOUND('',#428,.T.);
#271=FACE_OUTER_BOUND('',#429,.T.);
#272=FACE_OUTER_BOUND('',#430,.T.);
#273=FACE_OUTER_BOUND('',#431,.T.);
#274=FACE_OUTER_BOUND('',#432,.T.);
#275=FACE_OUTER_BOUND('',#433,.T.);
#276=FACE_OUTER_BOUND('',#434,.T.);
#277=FACE_OUTER_BOUND('',#435,.T.);
#278=FACE_OUTER_BOUND('',#436,.T.);
#279=FACE_OUTER_BOUND('',#437,.T.);
#280=FACE_OUTER_BOUND('',#438,.T.);
#281=FACE_OUTER_BOUND('',#439,.T.);
#282=FACE_OUTER_BOUND('',#440,.T.);
#283=FACE_OUTER_BOUND('',#441,.T.);
#284=FACE_OUTER_BOUND('',#442,.T.);
#285=FACE_OUTER_BOUND('',#443,.T.);
#286=FACE_OUTER_BOUND('',#444,.T.);
#287=FACE_OUTER_BOUND('',#445,.T.);
#288=FACE_OUTER_BOUND('',#446,.T.);
#289=FACE_OUTER_BOUND('',#447,.T.);
#290=FACE_OUTER_BOUND('',#448,.T.);
#291=FACE_OUTER_BOUND('',#449,.T.);
#292=FACE_OUTER_BOUND('',#450,.T.);
#293=FACE_OUTER_BOUND('',#451,.T.);
#294=FACE_OUTER_BOUND('',#452,.T.);
#295=FACE_OUTER_BOUND('',#453,.T.);
#296=FACE_OUTER_BOUND('',#454,.T.);
#297=FACE_OUTER_BOUND('',#455,.T.);
#298=FACE_OUTER_BOUND('',#456,.T.);
#299=FACE_OUTER_BOUND('',#457,.T.);
#300=FACE_OUTER_BOUND('',#458,.T.);
#301=FACE_OUTER_BOUND('',#459,.T.);
#302=FACE_OUTER_BOUND('',#460,.T.);
#303=FACE_OUTER_BOUND('',#461,.T.);
#304=FACE_OUTER_BOUND('',#462,.T.);
#305=FACE_OUTER_BOUND('',#463,.T.);
#306=FACE_OUTER_BOUND('',#464,.T.);
#307=FACE_OUTER_BOUND('',#465,.T.);
#308=FACE_OUTER_BOUND('',#466,.T.);
#309=FACE_OUTER_BOUND('',#467,.T.);
#310=FACE_OUTER_BOUND('',#468,.T.);
#311=FACE_OUTER_BOUND('',#469,.T.);
#312=FACE_OUTER_BOUND('',#470,.T.);
#313=FACE_OUTER_BOUND('',#471,.T.);
#314=FACE_OUTER_BOUND('',#472,.T.);
#315=FACE_OUTER_BOUND('',#473,.T.);
#316=FACE_OUTER_BOUND('',#474,.T.);
#317=FACE_OUTER_BOUND('',#475,.T.);
#318=FACE_OUTER_BOUND('',#477,.T.);
#319=FACE_OUTER_BOUND('',#478,.T.);
#320=FACE_OUTER_BOUND('',#479,.T.);
#321=FACE_OUTER_BOUND('',#480,.T.);
#322=FACE_OUTER_BOUND('',#481,.T.);
#323=FACE_OUTER_BOUND('',#483,.T.);
#324=FACE_OUTER_BOUND('',#484,.T.);
#325=FACE_OUTER_BOUND('',#485,.T.);
#326=FACE_OUTER_BOUND('',#486,.T.);
#327=FACE_OUTER_BOUND('',#487,.T.);
#328=FACE_OUTER_BOUND('',#489,.T.);
#329=FACE_OUTER_BOUND('',#490,.T.);
#330=FACE_OUTER_BOUND('',#491,.T.);
#331=FACE_OUTER_BOUND('',#492,.T.);
#332=FACE_OUTER_BOUND('',#493,.T.);
#333=FACE_OUTER_BOUND('',#495,.T.);
#334=FACE_OUTER_BOUND('',#496,.T.);
#335=FACE_OUTER_BOUND('',#497,.T.);
#336=FACE_OUTER_BOUND('',#498,.T.);
#337=FACE_OUTER_BOUND('',#499,.T.);
#338=FACE_OUTER_BOUND('',#520,.T.);
#339=EDGE_LOOP('',(#1933,#1934,#1935,#1936));
#340=EDGE_LOOP('',(#1937,#1938,#1939,#1940));
#341=EDGE_LOOP('',(#1941,#1942,#1943,#1944));
#342=EDGE_LOOP('',(#1945,#1946,#1947,#1948));
#343=EDGE_LOOP('',(#1949));
#344=EDGE_LOOP('',(#1950,#1951,#1952,#1953));
#345=EDGE_LOOP('',(#1954,#1955,#1956,#1957));
#346=EDGE_LOOP('',(#1958));
#347=EDGE_LOOP('',(#1959));
#348=EDGE_LOOP('',(#1960));
#349=EDGE_LOOP('',(#1961,#1962,#1963,#1964));
#350=EDGE_LOOP('',(#1965,#1966,#1967,#1968));
#351=EDGE_LOOP('',(#1969));
#352=EDGE_LOOP('',(#1970));
#353=EDGE_LOOP('',(#1971));
#354=EDGE_LOOP('',(#1972,#1973,#1974,#1975));
#355=EDGE_LOOP('',(#1976,#1977,#1978,#1979));
#356=EDGE_LOOP('',(#1980));
#357=EDGE_LOOP('',(#1981));
#358=EDGE_LOOP('',(#1982));
#359=EDGE_LOOP('',(#1983,#1984,#1985,#1986));
#360=EDGE_LOOP('',(#1987,#1988,#1989,#1990));
#361=EDGE_LOOP('',(#1991));
#362=EDGE_LOOP('',(#1992));
#363=EDGE_LOOP('',(#1993,#1994,#1995,#1996));
#364=EDGE_LOOP('',(#1997,#1998,#1999,#2000,#2001,#2002,#2003,#2004));
#365=EDGE_LOOP('',(#2005,#2006,#2007,#2008,#2009,#2010));
#366=EDGE_LOOP('',(#2011));
#367=EDGE_LOOP('',(#2012,#2013,#2014,#2015));
#368=EDGE_LOOP('',(#2016,#2017,#2018,#2019,#2020,#2021,#2022,#2023));
#369=EDGE_LOOP('',(#2024,#2025,#2026,#2027,#2028,#2029));
#370=EDGE_LOOP('',(#2030));
#371=EDGE_LOOP('',(#2031,#2032,#2033,#2034));
#372=EDGE_LOOP('',(#2035,#2036,#2037,#2038,#2039,#2040,#2041,#2042));
#373=EDGE_LOOP('',(#2043,#2044,#2045,#2046,#2047,#2048));
#374=EDGE_LOOP('',(#2049));
#375=EDGE_LOOP('',(#2050,#2051,#2052,#2053));
#376=EDGE_LOOP('',(#2054,#2055,#2056,#2057,#2058,#2059,#2060,#2061));
#377=EDGE_LOOP('',(#2062,#2063,#2064,#2065,#2066,#2067));
#378=EDGE_LOOP('',(#2068));
#379=EDGE_LOOP('',(#2069,#2070,#2071,#2072,#2073,#2074));
#380=EDGE_LOOP('',(#2075));
#381=EDGE_LOOP('',(#2076,#2077,#2078,#2079,#2080,#2081));
#382=EDGE_LOOP('',(#2082));
#383=EDGE_LOOP('',(#2083,#2084,#2085,#2086,#2087,#2088));
#384=EDGE_LOOP('',(#2089));
#385=EDGE_LOOP('',(#2090,#2091,#2092,#2093,#2094,#2095));
#386=EDGE_LOOP('',(#2096));
#387=EDGE_LOOP('',(#2097,#2098,#2099,#2100));
#388=EDGE_LOOP('',(#2101,#2102,#2103,#2104));
#389=EDGE_LOOP('',(#2105,#2106,#2107,#2108));
#390=EDGE_LOOP('',(#2109,#2110,#2111,#2112));
#391=EDGE_LOOP('',(#2113,#2114,#2115,#2116));
#392=EDGE_LOOP('',(#2117,#2118,#2119,#2120));
#393=EDGE_LOOP('',(#2121,#2122,#2123,#2124));
#394=EDGE_LOOP('',(#2125,#2126,#2127,#2128));
#395=EDGE_LOOP('',(#2129,#2130,#2131,#2132));
#396=EDGE_LOOP('',(#2133,#2134,#2135,#2136));
#397=EDGE_LOOP('',(#2137,#2138,#2139,#2140));
#398=EDGE_LOOP('',(#2141,#2142,#2143,#2144));
#399=EDGE_LOOP('',(#2145,#2146,#2147,#2148));
#400=EDGE_LOOP('',(#2149));
#401=EDGE_LOOP('',(#2150,#2151,#2152,#2153));
#402=EDGE_LOOP('',(#2154));
#403=EDGE_LOOP('',(#2155,#2156,#2157,#2158));
#404=EDGE_LOOP('',(#2159));
#405=EDGE_LOOP('',(#2160,#2161,#2162,#2163));
#406=EDGE_LOOP('',(#2164));
#407=EDGE_LOOP('',(#2165,#2166,#2167,#2168));
#408=EDGE_LOOP('',(#2169,#2170,#2171,#2172));
#409=EDGE_LOOP('',(#2173,#2174,#2175,#2176));
#410=EDGE_LOOP('',(#2177,#2178,#2179,#2180));
#411=EDGE_LOOP('',(#2181,#2182,#2183,#2184));
#412=EDGE_LOOP('',(#2185,#2186,#2187,#2188));
#413=EDGE_LOOP('',(#2189,#2190,#2191,#2192));
#414=EDGE_LOOP('',(#2193,#2194,#2195,#2196));
#415=EDGE_LOOP('',(#2197,#2198,#2199,#2200));
#416=EDGE_LOOP('',(#2201,#2202,#2203,#2204));
#417=EDGE_LOOP('',(#2205,#2206,#2207,#2208));
#418=EDGE_LOOP('',(#2209,#2210,#2211,#2212));
#419=EDGE_LOOP('',(#2213,#2214,#2215,#2216));
#420=EDGE_LOOP('',(#2217,#2218,#2219,#2220));
#421=EDGE_LOOP('',(#2221,#2222,#2223,#2224));
#422=EDGE_LOOP('',(#2225,#2226,#2227,#2228));
#423=EDGE_LOOP('',(#2229,#2230,#2231,#2232));
#424=EDGE_LOOP('',(#2233,#2234,#2235,#2236));
#425=EDGE_LOOP('',(#2237,#2238,#2239,#2240));
#426=EDGE_LOOP('',(#2241,#2242,#2243,#2244));
#427=EDGE_LOOP('',(#2245,#2246,#2247,#2248));
#428=EDGE_LOOP('',(#2249,#2250,#2251,#2252));
#429=EDGE_LOOP('',(#2253,#2254,#2255,#2256));
#430=EDGE_LOOP('',(#2257,#2258,#2259,#2260));
#431=EDGE_LOOP('',(#2261,#2262,#2263,#2264));
#432=EDGE_LOOP('',(#2265,#2266,#2267,#2268));
#433=EDGE_LOOP('',(#2269,#2270,#2271,#2272));
#434=EDGE_LOOP('',(#2273,#2274,#2275,#2276));
#435=EDGE_LOOP('',(#2277,#2278,#2279,#2280));
#436=EDGE_LOOP('',(#2281,#2282,#2283,#2284));
#437=EDGE_LOOP('',(#2285,#2286,#2287,#2288));
#438=EDGE_LOOP('',(#2289,#2290,#2291,#2292));
#439=EDGE_LOOP('',(#2293,#2294,#2295,#2296));
#440=EDGE_LOOP('',(#2297,#2298,#2299,#2300));
#441=EDGE_LOOP('',(#2301,#2302,#2303,#2304));
#442=EDGE_LOOP('',(#2305,#2306,#2307,#2308));
#443=EDGE_LOOP('',(#2309,#2310,#2311,#2312));
#444=EDGE_LOOP('',(#2313,#2314,#2315,#2316));
#445=EDGE_LOOP('',(#2317,#2318,#2319,#2320));
#446=EDGE_LOOP('',(#2321,#2322,#2323,#2324));
#447=EDGE_LOOP('',(#2325,#2326,#2327,#2328));
#448=EDGE_LOOP('',(#2329,#2330,#2331,#2332));
#449=EDGE_LOOP('',(#2333,#2334,#2335,#2336));
#450=EDGE_LOOP('',(#2337,#2338,#2339,#2340));
#451=EDGE_LOOP('',(#2341,#2342,#2343,#2344));
#452=EDGE_LOOP('',(#2345,#2346,#2347,#2348));
#453=EDGE_LOOP('',(#2349,#2350,#2351,#2352));
#454=EDGE_LOOP('',(#2353,#2354,#2355,#2356));
#455=EDGE_LOOP('',(#2357,#2358,#2359,#2360));
#456=EDGE_LOOP('',(#2361,#2362,#2363,#2364));
#457=EDGE_LOOP('',(#2365,#2366,#2367,#2368));
#458=EDGE_LOOP('',(#2369,#2370,#2371,#2372));
#459=EDGE_LOOP('',(#2373,#2374,#2375,#2376));
#460=EDGE_LOOP('',(#2377,#2378,#2379,#2380));
#461=EDGE_LOOP('',(#2381,#2382,#2383,#2384));
#462=EDGE_LOOP('',(#2385,#2386,#2387,#2388));
#463=EDGE_LOOP('',(#2389,#2390,#2391,#2392));
#464=EDGE_LOOP('',(#2393,#2394,#2395,#2396));
#465=EDGE_LOOP('',(#2397,#2398,#2399,#2400));
#466=EDGE_LOOP('',(#2401,#2402,#2403,#2404));
#467=EDGE_LOOP('',(#2405,#2406,#2407,#2408));
#468=EDGE_LOOP('',(#2409,#2410,#2411,#2412));
#469=EDGE_LOOP('',(#2413,#2414,#2415,#2416));
#470=EDGE_LOOP('',(#2417,#2418,#2419,#2420));
#471=EDGE_LOOP('',(#2421,#2422,#2423,#2424));
#472=EDGE_LOOP('',(#2425,#2426,#2427,#2428));
#473=EDGE_LOOP('',(#2429,#2430,#2431,#2432));
#474=EDGE_LOOP('',(#2433,#2434,#2435,#2436,#2437,#2438,#2439,#2440));
#475=EDGE_LOOP('',(#2441,#2442,#2443,#2444,#2445,#2446,#2447));
#476=EDGE_LOOP('',(#2448));
#477=EDGE_LOOP('',(#2449,#2450,#2451,#2452));
#478=EDGE_LOOP('',(#2453,#2454,#2455,#2456));
#479=EDGE_LOOP('',(#2457,#2458,#2459,#2460));
#480=EDGE_LOOP('',(#2461,#2462,#2463,#2464,#2465,#2466,#2467,#2468));
#481=EDGE_LOOP('',(#2469,#2470,#2471,#2472,#2473,#2474,#2475));
#482=EDGE_LOOP('',(#2476));
#483=EDGE_LOOP('',(#2477,#2478,#2479,#2480));
#484=EDGE_LOOP('',(#2481,#2482,#2483,#2484));
#485=EDGE_LOOP('',(#2485,#2486,#2487,#2488));
#486=EDGE_LOOP('',(#2489,#2490,#2491,#2492,#2493,#2494,#2495,#2496));
#487=EDGE_LOOP('',(#2497,#2498,#2499,#2500,#2501,#2502,#2503));
#488=EDGE_LOOP('',(#2504));
#489=EDGE_LOOP('',(#2505,#2506,#2507,#2508));
#490=EDGE_LOOP('',(#2509,#2510,#2511,#2512));
#491=EDGE_LOOP('',(#2513,#2514,#2515,#2516));
#492=EDGE_LOOP('',(#2517,#2518,#2519,#2520,#2521,#2522,#2523,#2524));
#493=EDGE_LOOP('',(#2525,#2526,#2527,#2528,#2529,#2530,#2531));
#494=EDGE_LOOP('',(#2532));
#495=EDGE_LOOP('',(#2533,#2534,#2535,#2536,#2537,#2538,#2539,#2540));
#496=EDGE_LOOP('',(#2541,#2542,#2543,#2544,#2545,#2546,#2547,#2548));
#497=EDGE_LOOP('',(#2549,#2550,#2551,#2552,#2553,#2554,#2555,#2556));
#498=EDGE_LOOP('',(#2557,#2558,#2559,#2560,#2561,#2562,#2563,#2564));
#499=EDGE_LOOP('',(#2565,#2566,#2567,#2568,#2569,#2570,#2571,#2572,#2573,
#2574,#2575,#2576,#2577,#2578,#2579,#2580,#2581,#2582,#2583,#2584,#2585,
#2586,#2587,#2588));
#500=EDGE_LOOP('',(#2589));
#501=EDGE_LOOP('',(#2590));
#502=EDGE_LOOP('',(#2591));
#503=EDGE_LOOP('',(#2592));
#504=EDGE_LOOP('',(#2593,#2594,#2595,#2596));
#505=EDGE_LOOP('',(#2597,#2598,#2599,#2600));
#506=EDGE_LOOP('',(#2601,#2602,#2603,#2604));
#507=EDGE_LOOP('',(#2605,#2606,#2607,#2608));
#508=EDGE_LOOP('',(#2609,#2610,#2611,#2612));
#509=EDGE_LOOP('',(#2613,#2614,#2615,#2616));
#510=EDGE_LOOP('',(#2617,#2618,#2619,#2620));
#511=EDGE_LOOP('',(#2621,#2622,#2623,#2624));
#512=EDGE_LOOP('',(#2625,#2626,#2627,#2628));
#513=EDGE_LOOP('',(#2629,#2630,#2631,#2632));
#514=EDGE_LOOP('',(#2633,#2634,#2635,#2636));
#515=EDGE_LOOP('',(#2637,#2638,#2639,#2640));
#516=EDGE_LOOP('',(#2641,#2642,#2643,#2644));
#517=EDGE_LOOP('',(#2645,#2646,#2647,#2648));
#518=EDGE_LOOP('',(#2649,#2650,#2651,#2652));
#519=EDGE_LOOP('',(#2653,#2654,#2655,#2656));
#520=EDGE_LOOP('',(#2657,#2658,#2659,#2660));
#521=EDGE_LOOP('',(#2661,#2662,#2663,#2664));
#522=EDGE_LOOP('',(#2665,#2666,#2667,#2668));
#523=EDGE_LOOP('',(#2669,#2670,#2671,#2672));
#524=EDGE_LOOP('',(#2673,#2674,#2675,#2676));
#525=EDGE_LOOP('',(#2677,#2678,#2679,#2680));
#526=EDGE_LOOP('',(#2681,#2682,#2683,#2684));
#527=EDGE_LOOP('',(#2685,#2686,#2687,#2688));
#528=EDGE_LOOP('',(#2689,#2690,#2691,#2692));
#529=EDGE_LOOP('',(#2693,#2694,#2695,#2696));
#530=EDGE_LOOP('',(#2697,#2698,#2699,#2700));
#531=EDGE_LOOP('',(#2701,#2702,#2703,#2704));
#532=EDGE_LOOP('',(#2705,#2706,#2707,#2708));
#533=EDGE_LOOP('',(#2709,#2710,#2711,#2712));
#534=EDGE_LOOP('',(#2713,#2714,#2715,#2716));
#535=EDGE_LOOP('',(#2717,#2718,#2719,#2720));
#536=EDGE_LOOP('',(#2721,#2722,#2723,#2724));
#537=LINE('',#3861,#877);
#538=LINE('',#3867,#878);
#539=LINE('',#3873,#879);
#540=LINE('',#3879,#880);
#541=LINE('',#3887,#881);
#542=LINE('',#3892,#882);
#543=LINE('',#3901,#883);
#544=LINE('',#3906,#884);
#545=LINE('',#3915,#885);
#546=LINE('',#3920,#886);
#547=LINE('',#3929,#887);
#548=LINE('',#3934,#888);
#549=LINE('',#3942,#889);
#550=LINE('',#3945,#890);
#551=LINE('',#3948,#891);
#552=LINE('',#3950,#892);
#553=LINE('',#3952,#893);
#554=LINE('',#3954,#894);
#555=LINE('',#3956,#895);
#556=LINE('',#3958,#896);
#557=LINE('',#3959,#897);
#558=LINE('',#3962,#898);
#559=LINE('',#3964,#899);
#560=LINE('',#3967,#900);
#561=LINE('',#3973,#901);
#562=LINE('',#3976,#902);
#563=LINE('',#3979,#903);
#564=LINE('',#3981,#904);
#565=LINE('',#3983,#905);
#566=LINE('',#3985,#906);
#567=LINE('',#3987,#907);
#568=LINE('',#3989,#908);
#569=LINE('',#3990,#909);
#570=LINE('',#3993,#910);
#571=LINE('',#3995,#911);
#572=LINE('',#3998,#912);
#573=LINE('',#4004,#913);
#574=LINE('',#4007,#914);
#575=LINE('',#4010,#915);
#576=LINE('',#4012,#916);
#577=LINE('',#4014,#917);
#578=LINE('',#4016,#918);
#579=LINE('',#4018,#919);
#580=LINE('',#4020,#920);
#581=LINE('',#4021,#921);
#582=LINE('',#4024,#922);
#583=LINE('',#4026,#923);
#584=LINE('',#4029,#924);
#585=LINE('',#4035,#925);
#586=LINE('',#4038,#926);
#587=LINE('',#4041,#927);
#588=LINE('',#4043,#928);
#589=LINE('',#4045,#929);
#590=LINE('',#4047,#930);
#591=LINE('',#4049,#931);
#592=LINE('',#4051,#932);
#593=LINE('',#4052,#933);
#594=LINE('',#4055,#934);
#595=LINE('',#4057,#935);
#596=LINE('',#4060,#936);
#597=LINE('',#4063,#937);
#598=LINE('',#4067,#938);
#599=LINE('',#4068,#939);
#600=LINE('',#4071,#940);
#601=LINE('',#4075,#941);
#602=LINE('',#4076,#942);
#603=LINE('',#4079,#943);
#604=LINE('',#4083,#944);
#605=LINE('',#4084,#945);
#606=LINE('',#4087,#946);
#607=LINE('',#4091,#947);
#608=LINE('',#4092,#948);
#609=LINE('',#4095,#949);
#610=LINE('',#4096,#950);
#611=LINE('',#4099,#951);
#612=LINE('',#4101,#952);
#613=LINE('',#4102,#953);
#614=LINE('',#4105,#954);
#615=LINE('',#4109,#955);
#616=LINE('',#4110,#956);
#617=LINE('',#4113,#957);
#618=LINE('',#4115,#958);
#619=LINE('',#4116,#959);
#620=LINE('',#4119,#960);
#621=LINE('',#4123,#961);
#622=LINE('',#4124,#962);
#623=LINE('',#4127,#963);
#624=LINE('',#4129,#964);
#625=LINE('',#4130,#965);
#626=LINE('',#4133,#966);
#627=LINE('',#4137,#967);
#628=LINE('',#4139,#968);
#629=LINE('',#4140,#969);
#630=LINE('',#4143,#970);
#631=LINE('',#4146,#971);
#632=LINE('',#4151,#972);
#633=LINE('',#4158,#973);
#634=LINE('',#4165,#974);
#635=LINE('',#4172,#975);
#636=LINE('',#4178,#976);
#637=LINE('',#4180,#977);
#638=LINE('',#4182,#978);
#639=LINE('',#4183,#979);
#640=LINE('',#4186,#980);
#641=LINE('',#4188,#981);
#642=LINE('',#4189,#982);
#643=LINE('',#4192,#983);
#644=LINE('',#4194,#984);
#645=LINE('',#4195,#985);
#646=LINE('',#4197,#986);
#647=LINE('',#4198,#987);
#648=LINE('',#4202,#988);
#649=LINE('',#4204,#989);
#650=LINE('',#4206,#990);
#651=LINE('',#4207,#991);
#652=LINE('',#4210,#992);
#653=LINE('',#4212,#993);
#654=LINE('',#4213,#994);
#655=LINE('',#4216,#995);
#656=LINE('',#4218,#996);
#657=LINE('',#4219,#997);
#658=LINE('',#4221,#998);
#659=LINE('',#4222,#999);
#660=LINE('',#4226,#1000);
#661=LINE('',#4228,#1001);
#662=LINE('',#4230,#1002);
#663=LINE('',#4231,#1003);
#664=LINE('',#4234,#1004);
#665=LINE('',#4236,#1005);
#666=LINE('',#4237,#1006);
#667=LINE('',#4240,#1007);
#668=LINE('',#4242,#1008);
#669=LINE('',#4243,#1009);
#670=LINE('',#4245,#1010);
#671=LINE('',#4246,#1011);
#672=LINE('',#4250,#1012);
#673=LINE('',#4252,#1013);
#674=LINE('',#4254,#1014);
#675=LINE('',#4255,#1015);
#676=LINE('',#4258,#1016);
#677=LINE('',#4260,#1017);
#678=LINE('',#4261,#1018);
#679=LINE('',#4264,#1019);
#680=LINE('',#4266,#1020);
#681=LINE('',#4267,#1021);
#682=LINE('',#4269,#1022);
#683=LINE('',#4270,#1023);
#684=LINE('',#4274,#1024);
#685=LINE('',#4276,#1025);
#686=LINE('',#4278,#1026);
#687=LINE('',#4279,#1027);
#688=LINE('',#4282,#1028);
#689=LINE('',#4284,#1029);
#690=LINE('',#4285,#1030);
#691=LINE('',#4288,#1031);
#692=LINE('',#4290,#1032);
#693=LINE('',#4291,#1033);
#694=LINE('',#4293,#1034);
#695=LINE('',#4294,#1035);
#696=LINE('',#4298,#1036);
#697=LINE('',#4300,#1037);
#698=LINE('',#4302,#1038);
#699=LINE('',#4303,#1039);
#700=LINE('',#4306,#1040);
#701=LINE('',#4308,#1041);
#702=LINE('',#4309,#1042);
#703=LINE('',#4312,#1043);
#704=LINE('',#4314,#1044);
#705=LINE('',#4315,#1045);
#706=LINE('',#4317,#1046);
#707=LINE('',#4318,#1047);
#708=LINE('',#4322,#1048);
#709=LINE('',#4324,#1049);
#710=LINE('',#4326,#1050);
#711=LINE('',#4327,#1051);
#712=LINE('',#4330,#1052);
#713=LINE('',#4332,#1053);
#714=LINE('',#4333,#1054);
#715=LINE('',#4336,#1055);
#716=LINE('',#4338,#1056);
#717=LINE('',#4339,#1057);
#718=LINE('',#4341,#1058);
#719=LINE('',#4342,#1059);
#720=LINE('',#4346,#1060);
#721=LINE('',#4348,#1061);
#722=LINE('',#4350,#1062);
#723=LINE('',#4351,#1063);
#724=LINE('',#4354,#1064);
#725=LINE('',#4356,#1065);
#726=LINE('',#4357,#1066);
#727=LINE('',#4360,#1067);
#728=LINE('',#4362,#1068);
#729=LINE('',#4363,#1069);
#730=LINE('',#4365,#1070);
#731=LINE('',#4366,#1071);
#732=LINE('',#4370,#1072);
#733=LINE('',#4372,#1073);
#734=LINE('',#4374,#1074);
#735=LINE('',#4375,#1075);
#736=LINE('',#4378,#1076);
#737=LINE('',#4380,#1077);
#738=LINE('',#4381,#1078);
#739=LINE('',#4384,#1079);
#740=LINE('',#4386,#1080);
#741=LINE('',#4387,#1081);
#742=LINE('',#4389,#1082);
#743=LINE('',#4390,#1083);
#744=LINE('',#4394,#1084);
#745=LINE('',#4396,#1085);
#746=LINE('',#4398,#1086);
#747=LINE('',#4399,#1087);
#748=LINE('',#4402,#1088);
#749=LINE('',#4404,#1089);
#750=LINE('',#4405,#1090);
#751=LINE('',#4408,#1091);
#752=LINE('',#4410,#1092);
#753=LINE('',#4411,#1093);
#754=LINE('',#4413,#1094);
#755=LINE('',#4414,#1095);
#756=LINE('',#4418,#1096);
#757=LINE('',#4420,#1097);
#758=LINE('',#4422,#1098);
#759=LINE('',#4423,#1099);
#760=LINE('',#4426,#1100);
#761=LINE('',#4428,#1101);
#762=LINE('',#4429,#1102);
#763=LINE('',#4432,#1103);
#764=LINE('',#4434,#1104);
#765=LINE('',#4435,#1105);
#766=LINE('',#4437,#1106);
#767=LINE('',#4438,#1107);
#768=LINE('',#4442,#1108);
#769=LINE('',#4444,#1109);
#770=LINE('',#4446,#1110);
#771=LINE('',#4447,#1111);
#772=LINE('',#4450,#1112);
#773=LINE('',#4452,#1113);
#774=LINE('',#4453,#1114);
#775=LINE('',#4456,#1115);
#776=LINE('',#4458,#1116);
#777=LINE('',#4459,#1117);
#778=LINE('',#4461,#1118);
#779=LINE('',#4462,#1119);
#780=LINE('',#4466,#1120);
#781=LINE('',#4468,#1121);
#782=LINE('',#4470,#1122);
#783=LINE('',#4471,#1123);
#784=LINE('',#4474,#1124);
#785=LINE('',#4476,#1125);
#786=LINE('',#4477,#1126);
#787=LINE('',#4480,#1127);
#788=LINE('',#4482,#1128);
#789=LINE('',#4483,#1129);
#790=LINE('',#4485,#1130);
#791=LINE('',#4486,#1131);
#792=LINE('',#4490,#1132);
#793=LINE('',#4492,#1133);
#794=LINE('',#4494,#1134);
#795=LINE('',#4495,#1135);
#796=LINE('',#4498,#1136);
#797=LINE('',#4500,#1137);
#798=LINE('',#4501,#1138);
#799=LINE('',#4504,#1139);
#800=LINE('',#4506,#1140);
#801=LINE('',#4507,#1141);
#802=LINE('',#4509,#1142);
#803=LINE('',#4510,#1143);
#804=LINE('',#4514,#1144);
#805=LINE('',#4516,#1145);
#806=LINE('',#4518,#1146);
#807=LINE('',#4519,#1147);
#808=LINE('',#4522,#1148);
#809=LINE('',#4524,#1149);
#810=LINE('',#4525,#1150);
#811=LINE('',#4528,#1151);
#812=LINE('',#4530,#1152);
#813=LINE('',#4531,#1153);
#814=LINE('',#4533,#1154);
#815=LINE('',#4534,#1155);
#816=LINE('',#4538,#1156);
#817=LINE('',#4540,#1157);
#818=LINE('',#4542,#1158);
#819=LINE('',#4543,#1159);
#820=LINE('',#4546,#1160);
#821=LINE('',#4548,#1161);
#822=LINE('',#4549,#1162);
#823=LINE('',#4552,#1163);
#824=LINE('',#4554,#1164);
#825=LINE('',#4555,#1165);
#826=LINE('',#4557,#1166);
#827=LINE('',#4558,#1167);
#828=LINE('',#4561,#1168);
#829=LINE('',#4562,#1169);
#830=LINE('',#4567,#1170);
#831=LINE('',#4568,#1171);
#832=LINE('',#4571,#1172);
#833=LINE('',#4573,#1173);
#834=LINE('',#4574,#1174);
#835=LINE('',#4577,#1175);
#836=LINE('',#4578,#1176);
#837=LINE('',#4581,#1177);
#838=LINE('',#4582,#1178);
#839=LINE('',#4587,#1179);
#840=LINE('',#4588,#1180);
#841=LINE('',#4591,#1181);
#842=LINE('',#4593,#1182);
#843=LINE('',#4594,#1183);
#844=LINE('',#4597,#1184);
#845=LINE('',#4598,#1185);
#846=LINE('',#4601,#1186);
#847=LINE('',#4602,#1187);
#848=LINE('',#4607,#1188);
#849=LINE('',#4608,#1189);
#850=LINE('',#4611,#1190);
#851=LINE('',#4613,#1191);
#852=LINE('',#4614,#1192);
#853=LINE('',#4617,#1193);
#854=LINE('',#4618,#1194);
#855=LINE('',#4621,#1195);
#856=LINE('',#4622,#1196);
#857=LINE('',#4625,#1197);
#858=LINE('',#4629,#1198);
#859=LINE('',#4630,#1199);
#860=LINE('',#4633,#1200);
#861=LINE('',#4635,#1201);
#862=LINE('',#4636,#1202);
#863=LINE('',#4639,#1203);
#864=LINE('',#4640,#1204);
#865=LINE('',#4644,#1205);
#866=LINE('',#4645,#1206);
#867=LINE('',#4646,#1207);
#868=LINE('',#4647,#1208);
#869=LINE('',#4650,#1209);
#870=LINE('',#4651,#1210);
#871=LINE('',#4652,#1211);
#872=LINE('',#4655,#1212);
#873=LINE('',#4656,#1213);
#874=LINE('',#4657,#1214);
#875=LINE('',#4659,#1215);
#876=LINE('',#4660,#1216);
#877=VECTOR('',#3116,0.2);
#878=VECTOR('',#3123,0.2);
#879=VECTOR('',#3130,0.2);
#880=VECTOR('',#3137,0.2);
#881=VECTOR('',#3148,0.174690155854085);
#882=VECTOR('',#3153,0.550635115763034);
#883=VECTOR('',#3166,0.174690155854085);
#884=VECTOR('',#3171,0.550635115763034);
#885=VECTOR('',#3184,0.174690155854085);
#886=VECTOR('',#3189,0.550635115763034);
#887=VECTOR('',#3202,0.174690155854085);
#888=VECTOR('',#3207,0.550635115763034);
#889=VECTOR('',#3216,1.);
#890=VECTOR('',#3219,1.);
#891=VECTOR('',#3222,1.);
#892=VECTOR('',#3223,1.);
#893=VECTOR('',#3224,1.);
#894=VECTOR('',#3225,1.);
#895=VECTOR('',#3226,1.);
#896=VECTOR('',#3227,1.);
#897=VECTOR('',#3228,1.);
#898=VECTOR('',#3231,1.);
#899=VECTOR('',#3232,1.);
#900=VECTOR('',#3235,1.);
#901=VECTOR('',#3240,1.);
#902=VECTOR('',#3243,1.);
#903=VECTOR('',#3246,1.);
#904=VECTOR('',#3247,1.);
#905=VECTOR('',#3248,1.);
#906=VECTOR('',#3249,1.);
#907=VECTOR('',#3250,1.);
#908=VECTOR('',#3251,1.);
#909=VECTOR('',#3252,1.);
#910=VECTOR('',#3255,1.);
#911=VECTOR('',#3256,1.);
#912=VECTOR('',#3259,1.);
#913=VECTOR('',#3264,1.);
#914=VECTOR('',#3267,1.);
#915=VECTOR('',#3270,1.);
#916=VECTOR('',#3271,1.);
#917=VECTOR('',#3272,1.);
#918=VECTOR('',#3273,1.);
#919=VECTOR('',#3274,1.);
#920=VECTOR('',#3275,1.);
#921=VECTOR('',#3276,1.);
#922=VECTOR('',#3279,1.);
#923=VECTOR('',#3280,1.);
#924=VECTOR('',#3283,1.);
#925=VECTOR('',#3288,1.);
#926=VECTOR('',#3291,1.);
#927=VECTOR('',#3294,1.);
#928=VECTOR('',#3295,1.);
#929=VECTOR('',#3296,1.);
#930=VECTOR('',#3297,1.);
#931=VECTOR('',#3298,1.);
#932=VECTOR('',#3299,1.);
#933=VECTOR('',#3300,1.);
#934=VECTOR('',#3303,1.);
#935=VECTOR('',#3304,1.);
#936=VECTOR('',#3307,1.);
#937=VECTOR('',#3310,1.);
#938=VECTOR('',#3313,1.);
#939=VECTOR('',#3314,1.);
#940=VECTOR('',#3317,1.);
#941=VECTOR('',#3320,1.);
#942=VECTOR('',#3321,1.);
#943=VECTOR('',#3324,1.);
#944=VECTOR('',#3327,1.);
#945=VECTOR('',#3328,1.);
#946=VECTOR('',#3331,1.);
#947=VECTOR('',#3334,1.);
#948=VECTOR('',#3335,1.);
#949=VECTOR('',#3338,1.);
#950=VECTOR('',#3339,1.);
#951=VECTOR('',#3342,1.);
#952=VECTOR('',#3343,1.);
#953=VECTOR('',#3344,1.);
#954=VECTOR('',#3347,1.);
#955=VECTOR('',#3352,1.);
#956=VECTOR('',#3353,1.);
#957=VECTOR('',#3356,1.);
#958=VECTOR('',#3357,1.);
#959=VECTOR('',#3358,1.);
#960=VECTOR('',#3361,1.);
#961=VECTOR('',#3366,1.);
#962=VECTOR('',#3367,1.);
#963=VECTOR('',#3370,1.);
#964=VECTOR('',#3371,1.);
#965=VECTOR('',#3372,1.);
#966=VECTOR('',#3375,1.);
#967=VECTOR('',#3380,1.);
#968=VECTOR('',#3381,1.);
#969=VECTOR('',#3382,1.);
#970=VECTOR('',#3385,1.);
#971=VECTOR('',#3390,1.);
#972=VECTOR('',#3395,0.199999999999999);
#973=VECTOR('',#3404,0.199999999999999);
#974=VECTOR('',#3413,0.199999999999999);
#975=VECTOR('',#3422,0.199999999999999);
#976=VECTOR('',#3429,1.);
#977=VECTOR('',#3430,1.);
#978=VECTOR('',#3431,1.);
#979=VECTOR('',#3432,1.);
#980=VECTOR('',#3435,1.);
#981=VECTOR('',#3436,1.);
#982=VECTOR('',#3437,1.);
#983=VECTOR('',#3440,1.);
#984=VECTOR('',#3441,1.);
#985=VECTOR('',#3442,1.);
#986=VECTOR('',#3445,1.);
#987=VECTOR('',#3446,1.);
#988=VECTOR('',#3449,1.);
#989=VECTOR('',#3450,1.);
#990=VECTOR('',#3451,1.);
#991=VECTOR('',#3452,1.);
#992=VECTOR('',#3455,1.);
#993=VECTOR('',#3456,1.);
#994=VECTOR('',#3457,1.);
#995=VECTOR('',#3460,1.);
#996=VECTOR('',#3461,1.);
#997=VECTOR('',#3462,1.);
#998=VECTOR('',#3465,1.);
#999=VECTOR('',#3466,1.);
#1000=VECTOR('',#3469,1.);
#1001=VECTOR('',#3470,1.);
#1002=VECTOR('',#3471,1.);
#1003=VECTOR('',#3472,1.);
#1004=VECTOR('',#3475,1.);
#1005=VECTOR('',#3476,1.);
#1006=VECTOR('',#3477,1.);
#1007=VECTOR('',#3480,1.);
#1008=VECTOR('',#3481,1.);
#1009=VECTOR('',#3482,1.);
#1010=VECTOR('',#3485,1.);
#1011=VECTOR('',#3486,1.);
#1012=VECTOR('',#3489,1.);
#1013=VECTOR('',#3490,1.);
#1014=VECTOR('',#3491,1.);
#1015=VECTOR('',#3492,1.);
#1016=VECTOR('',#3495,1.);
#1017=VECTOR('',#3496,1.);
#1018=VECTOR('',#3497,1.);
#1019=VECTOR('',#3500,1.);
#1020=VECTOR('',#3501,1.);
#1021=VECTOR('',#3502,1.);
#1022=VECTOR('',#3505,1.);
#1023=VECTOR('',#3506,1.);
#1024=VECTOR('',#3509,1.);
#1025=VECTOR('',#3510,1.);
#1026=VECTOR('',#3511,1.);
#1027=VECTOR('',#3512,1.);
#1028=VECTOR('',#3515,1.);
#1029=VECTOR('',#3516,1.);
#1030=VECTOR('',#3517,1.);
#1031=VECTOR('',#3520,1.);
#1032=VECTOR('',#3521,1.);
#1033=VECTOR('',#3522,1.);
#1034=VECTOR('',#3525,1.);
#1035=VECTOR('',#3526,1.);
#1036=VECTOR('',#3529,1.);
#1037=VECTOR('',#3530,1.);
#1038=VECTOR('',#3531,1.);
#1039=VECTOR('',#3532,1.);
#1040=VECTOR('',#3535,1.);
#1041=VECTOR('',#3536,1.);
#1042=VECTOR('',#3537,1.);
#1043=VECTOR('',#3540,1.);
#1044=VECTOR('',#3541,1.);
#1045=VECTOR('',#3542,1.);
#1046=VECTOR('',#3545,1.);
#1047=VECTOR('',#3546,1.);
#1048=VECTOR('',#3549,1.);
#1049=VECTOR('',#3550,1.);
#1050=VECTOR('',#3551,1.);
#1051=VECTOR('',#3552,1.);
#1052=VECTOR('',#3555,1.);
#1053=VECTOR('',#3556,1.);
#1054=VECTOR('',#3557,1.);
#1055=VECTOR('',#3560,1.);
#1056=VECTOR('',#3561,1.);
#1057=VECTOR('',#3562,1.);
#1058=VECTOR('',#3565,1.);
#1059=VECTOR('',#3566,1.);
#1060=VECTOR('',#3569,1.);
#1061=VECTOR('',#3570,1.);
#1062=VECTOR('',#3571,1.);
#1063=VECTOR('',#3572,1.);
#1064=VECTOR('',#3575,1.);
#1065=VECTOR('',#3576,1.);
#1066=VECTOR('',#3577,1.);
#1067=VECTOR('',#3580,1.);
#1068=VECTOR('',#3581,1.);
#1069=VECTOR('',#3582,1.);
#1070=VECTOR('',#3585,1.);
#1071=VECTOR('',#3586,1.);
#1072=VECTOR('',#3589,1.);
#1073=VECTOR('',#3590,1.);
#1074=VECTOR('',#3591,1.);
#1075=VECTOR('',#3592,1.);
#1076=VECTOR('',#3595,1.);
#1077=VECTOR('',#3596,1.);
#1078=VECTOR('',#3597,1.);
#1079=VECTOR('',#3600,1.);
#1080=VECTOR('',#3601,1.);
#1081=VECTOR('',#3602,1.);
#1082=VECTOR('',#3605,1.);
#1083=VECTOR('',#3606,1.);
#1084=VECTOR('',#3609,1.);
#1085=VECTOR('',#3610,1.);
#1086=VECTOR('',#3611,1.);
#1087=VECTOR('',#3612,1.);
#1088=VECTOR('',#3615,1.);
#1089=VECTOR('',#3616,1.);
#1090=VECTOR('',#3617,1.);
#1091=VECTOR('',#3620,1.);
#1092=VECTOR('',#3621,1.);
#1093=VECTOR('',#3622,1.);
#1094=VECTOR('',#3625,1.);
#1095=VECTOR('',#3626,1.);
#1096=VECTOR('',#3629,1.);
#1097=VECTOR('',#3630,1.);
#1098=VECTOR('',#3631,1.);
#1099=VECTOR('',#3632,1.);
#1100=VECTOR('',#3635,1.);
#1101=VECTOR('',#3636,1.);
#1102=VECTOR('',#3637,1.);
#1103=VECTOR('',#3640,1.);
#1104=VECTOR('',#3641,1.);
#1105=VECTOR('',#3642,1.);
#1106=VECTOR('',#3645,1.);
#1107=VECTOR('',#3646,1.);
#1108=VECTOR('',#3649,1.);
#1109=VECTOR('',#3650,1.);
#1110=VECTOR('',#3651,1.);
#1111=VECTOR('',#3652,1.);
#1112=VECTOR('',#3655,1.);
#1113=VECTOR('',#3656,1.);
#1114=VECTOR('',#3657,1.);
#1115=VECTOR('',#3660,1.);
#1116=VECTOR('',#3661,1.);
#1117=VECTOR('',#3662,1.);
#1118=VECTOR('',#3665,1.);
#1119=VECTOR('',#3666,1.);
#1120=VECTOR('',#3669,1.);
#1121=VECTOR('',#3670,1.);
#1122=VECTOR('',#3671,1.);
#1123=VECTOR('',#3672,1.);
#1124=VECTOR('',#3675,1.);
#1125=VECTOR('',#3676,1.);
#1126=VECTOR('',#3677,1.);
#1127=VECTOR('',#3680,1.);
#1128=VECTOR('',#3681,1.);
#1129=VECTOR('',#3682,1.);
#1130=VECTOR('',#3685,1.);
#1131=VECTOR('',#3686,1.);
#1132=VECTOR('',#3689,1.);
#1133=VECTOR('',#3690,1.);
#1134=VECTOR('',#3691,1.);
#1135=VECTOR('',#3692,1.);
#1136=VECTOR('',#3695,1.);
#1137=VECTOR('',#3696,1.);
#1138=VECTOR('',#3697,1.);
#1139=VECTOR('',#3700,1.);
#1140=VECTOR('',#3701,1.);
#1141=VECTOR('',#3702,1.);
#1142=VECTOR('',#3705,1.);
#1143=VECTOR('',#3706,1.);
#1144=VECTOR('',#3709,1.);
#1145=VECTOR('',#3710,1.);
#1146=VECTOR('',#3711,1.);
#1147=VECTOR('',#3712,1.);
#1148=VECTOR('',#3715,1.);
#1149=VECTOR('',#3716,1.);
#1150=VECTOR('',#3717,1.);
#1151=VECTOR('',#3720,1.);
#1152=VECTOR('',#3721,1.);
#1153=VECTOR('',#3722,1.);
#1154=VECTOR('',#3725,1.);
#1155=VECTOR('',#3726,1.);
#1156=VECTOR('',#3729,1.);
#1157=VECTOR('',#3730,1.);
#1158=VECTOR('',#3731,1.);
#1159=VECTOR('',#3732,1.);
#1160=VECTOR('',#3735,1.);
#1161=VECTOR('',#3736,1.);
#1162=VECTOR('',#3737,1.);
#1163=VECTOR('',#3740,1.);
#1164=VECTOR('',#3741,1.);
#1165=VECTOR('',#3742,1.);
#1166=VECTOR('',#3745,1.);
#1167=VECTOR('',#3746,1.);
#1168=VECTOR('',#3749,1.);
#1169=VECTOR('',#3750,1.);
#1170=VECTOR('',#3757,1.);
#1171=VECTOR('',#3758,1.);
#1172=VECTOR('',#3761,1.);
#1173=VECTOR('',#3762,1.);
#1174=VECTOR('',#3763,1.);
#1175=VECTOR('',#3766,1.);
#1176=VECTOR('',#3767,1.);
#1177=VECTOR('',#3770,1.);
#1178=VECTOR('',#3771,1.);
#1179=VECTOR('',#3778,1.);
#1180=VECTOR('',#3779,1.);
#1181=VECTOR('',#3782,1.);
#1182=VECTOR('',#3783,1.);
#1183=VECTOR('',#3784,1.);
#1184=VECTOR('',#3787,1.);
#1185=VECTOR('',#3788,1.);
#1186=VECTOR('',#3791,1.);
#1187=VECTOR('',#3792,1.);
#1188=VECTOR('',#3799,1.);
#1189=VECTOR('',#3800,1.);
#1190=VECTOR('',#3803,1.);
#1191=VECTOR('',#3804,1.);
#1192=VECTOR('',#3805,1.);
#1193=VECTOR('',#3808,1.);
#1194=VECTOR('',#3809,1.);
#1195=VECTOR('',#3812,1.);
#1196=VECTOR('',#3813,1.);
#1197=VECTOR('',#3816,1.);
#1198=VECTOR('',#3821,1.);
#1199=VECTOR('',#3822,1.);
#1200=VECTOR('',#3825,1.);
#1201=VECTOR('',#3826,1.);
#1202=VECTOR('',#3827,1.);
#1203=VECTOR('',#3830,1.);
#1204=VECTOR('',#3831,1.);
#1205=VECTOR('',#3834,1.);
#1206=VECTOR('',#3835,1.);
#1207=VECTOR('',#3836,1.);
#1208=VECTOR('',#3837,1.);
#1209=VECTOR('',#3840,1.);
#1210=VECTOR('',#3841,1.);
#1211=VECTOR('',#3842,1.);
#1212=VECTOR('',#3845,1.);
#1213=VECTOR('',#3846,1.);
#1214=VECTOR('',#3847,1.);
#1215=VECTOR('',#3850,1.);
#1216=VECTOR('',#3851,1.);
#1217=CIRCLE('',#2909,0.2);
#1218=CIRCLE('',#2910,0.2);
#1219=CIRCLE('',#2912,0.2);
#1220=CIRCLE('',#2913,0.2);
#1221=CIRCLE('',#2915,0.2);
#1222=CIRCLE('',#2916,0.2);
#1223=CIRCLE('',#2918,0.2);
#1224=CIRCLE('',#2919,0.2);
#1225=CIRCLE('',#2921,0.184290441564604);
#1226=CIRCLE('',#2923,0.2);
#1227=CIRCLE('',#2925,0.531428692542573);
#1228=CIRCLE('',#2926,0.5);
#1229=CIRCLE('',#2929,0.184290441564604);
#1230=CIRCLE('',#2931,0.2);
#1231=CIRCLE('',#2933,0.531428692542573);
#1232=CIRCLE('',#2934,0.5);
#1233=CIRCLE('',#2937,0.184290441564604);
#1234=CIRCLE('',#2939,0.2);
#1235=CIRCLE('',#2941,0.531428692542573);
#1236=CIRCLE('',#2942,0.5);
#1237=CIRCLE('',#2945,0.184290441564604);
#1238=CIRCLE('',#2947,0.2);
#1239=CIRCLE('',#2949,0.531428692542573);
#1240=CIRCLE('',#2950,0.5);
#1241=CIRCLE('',#2953,1.);
#1242=CIRCLE('',#2954,1.);
#1243=CIRCLE('',#2957,0.6);
#1244=CIRCLE('',#2959,1.);
#1245=CIRCLE('',#2960,1.);
#1246=CIRCLE('',#2963,0.6);
#1247=CIRCLE('',#2965,1.);
#1248=CIRCLE('',#2966,1.);
#1249=CIRCLE('',#2969,0.6);
#1250=CIRCLE('',#2971,1.);
#1251=CIRCLE('',#2972,1.);
#1252=CIRCLE('',#2975,0.6);
#1253=CIRCLE('',#2977,0.6);
#1254=CIRCLE('',#2979,0.6);
#1255=CIRCLE('',#2981,0.6);
#1256=CIRCLE('',#2983,0.6);
#1257=CIRCLE('',#2987,0.6);
#1258=CIRCLE('',#2991,0.6);
#1259=CIRCLE('',#2995,0.6);
#1260=CIRCLE('',#2998,0.6);
#1261=CIRCLE('',#3001,0.199999999999999);
#1262=CIRCLE('',#3002,0.199999999999999);
#1263=CIRCLE('',#3005,0.199999999999999);
#1264=CIRCLE('',#3006,0.199999999999999);
#1265=CIRCLE('',#3009,0.199999999999999);
#1266=CIRCLE('',#3010,0.199999999999999);
#1267=CIRCLE('',#3013,0.199999999999999);
#1268=CIRCLE('',#3014,0.199999999999999);
#1269=CIRCLE('',#3082,0.6);
#1270=CIRCLE('',#3088,0.6);
#1271=CIRCLE('',#3094,0.6);
#1272=CIRCLE('',#3100,0.6);
#1273=VERTEX_POINT('',#3858);
#1274=VERTEX_POINT('',#3860);
#1275=VERTEX_POINT('',#3864);
#1276=VERTEX_POINT('',#3866);
#1277=VERTEX_POINT('',#3870);
#1278=VERTEX_POINT('',#3872);
#1279=VERTEX_POINT('',#3876);
#1280=VERTEX_POINT('',#3878);
#1281=VERTEX_POINT('',#3882);
#1282=VERTEX_POINT('',#3885);
#1283=VERTEX_POINT('',#3889);
#1284=VERTEX_POINT('',#3891);
#1285=VERTEX_POINT('',#3896);
#1286=VERTEX_POINT('',#3899);
#1287=VERTEX_POINT('',#3903);
#1288=VERTEX_POINT('',#3905);
#1289=VERTEX_POINT('',#3910);
#1290=VERTEX_POINT('',#3913);
#1291=VERTEX_POINT('',#3917);
#1292=VERTEX_POINT('',#3919);
#1293=VERTEX_POINT('',#3924);
#1294=VERTEX_POINT('',#3927);
#1295=VERTEX_POINT('',#3931);
#1296=VERTEX_POINT('',#3933);
#1297=VERTEX_POINT('',#3938);
#1298=VERTEX_POINT('',#3939);
#1299=VERTEX_POINT('',#3941);
#1300=VERTEX_POINT('',#3943);
#1301=VERTEX_POINT('',#3947);
#1302=VERTEX_POINT('',#3949);
#1303=VERTEX_POINT('',#3951);
#1304=VERTEX_POINT('',#3953);
#1305=VERTEX_POINT('',#3955);
#1306=VERTEX_POINT('',#3957);
#1307=VERTEX_POINT('',#3961);
#1308=VERTEX_POINT('',#3963);
#1309=VERTEX_POINT('',#3965);
#1310=VERTEX_POINT('',#3969);
#1311=VERTEX_POINT('',#3970);
#1312=VERTEX_POINT('',#3972);
#1313=VERTEX_POINT('',#3974);
#1314=VERTEX_POINT('',#3978);
#1315=VERTEX_POINT('',#3980);
#1316=VERTEX_POINT('',#3982);
#1317=VERTEX_POINT('',#3984);
#1318=VERTEX_POINT('',#3986);
#1319=VERTEX_POINT('',#3988);
#1320=VERTEX_POINT('',#3992);
#1321=VERTEX_POINT('',#3994);
#1322=VERTEX_POINT('',#3996);
#1323=VERTEX_POINT('',#4000);
#1324=VERTEX_POINT('',#4001);
#1325=VERTEX_POINT('',#4003);
#1326=VERTEX_POINT('',#4005);
#1327=VERTEX_POINT('',#4009);
#1328=VERTEX_POINT('',#4011);
#1329=VERTEX_POINT('',#4013);
#1330=VERTEX_POINT('',#4015);
#1331=VERTEX_POINT('',#4017);
#1332=VERTEX_POINT('',#4019);
#1333=VERTEX_POINT('',#4023);
#1334=VERTEX_POINT('',#4025);
#1335=VERTEX_POINT('',#4027);
#1336=VERTEX_POINT('',#4031);
#1337=VERTEX_POINT('',#4032);
#1338=VERTEX_POINT('',#4034);
#1339=VERTEX_POINT('',#4036);
#1340=VERTEX_POINT('',#4040);
#1341=VERTEX_POINT('',#4042);
#1342=VERTEX_POINT('',#4044);
#1343=VERTEX_POINT('',#4046);
#1344=VERTEX_POINT('',#4048);
#1345=VERTEX_POINT('',#4050);
#1346=VERTEX_POINT('',#4054);
#1347=VERTEX_POINT('',#4056);
#1348=VERTEX_POINT('',#4058);
#1349=VERTEX_POINT('',#4062);
#1350=VERTEX_POINT('',#4064);
#1351=VERTEX_POINT('',#4066);
#1352=VERTEX_POINT('',#4070);
#1353=VERTEX_POINT('',#4072);
#1354=VERTEX_POINT('',#4074);
#1355=VERTEX_POINT('',#4078);
#1356=VERTEX_POINT('',#4080);
#1357=VERTEX_POINT('',#4082);
#1358=VERTEX_POINT('',#4086);
#1359=VERTEX_POINT('',#4088);
#1360=VERTEX_POINT('',#4090);
#1361=VERTEX_POINT('',#4094);
#1362=VERTEX_POINT('',#4098);
#1363=VERTEX_POINT('',#4100);
#1364=VERTEX_POINT('',#4104);
#1365=VERTEX_POINT('',#4108);
#1366=VERTEX_POINT('',#4112);
#1367=VERTEX_POINT('',#4114);
#1368=VERTEX_POINT('',#4118);
#1369=VERTEX_POINT('',#4122);
#1370=VERTEX_POINT('',#4126);
#1371=VERTEX_POINT('',#4128);
#1372=VERTEX_POINT('',#4132);
#1373=VERTEX_POINT('',#4136);
#1374=VERTEX_POINT('',#4138);
#1375=VERTEX_POINT('',#4142);
#1376=VERTEX_POINT('',#4148);
#1377=VERTEX_POINT('',#4150);
#1378=VERTEX_POINT('',#4155);
#1379=VERTEX_POINT('',#4157);
#1380=VERTEX_POINT('',#4162);
#1381=VERTEX_POINT('',#4164);
#1382=VERTEX_POINT('',#4169);
#1383=VERTEX_POINT('',#4171);
#1384=VERTEX_POINT('',#4176);
#1385=VERTEX_POINT('',#4177);
#1386=VERTEX_POINT('',#4179);
#1387=VERTEX_POINT('',#4181);
#1388=VERTEX_POINT('',#4185);
#1389=VERTEX_POINT('',#4187);
#1390=VERTEX_POINT('',#4191);
#1391=VERTEX_POINT('',#4193);
#1392=VERTEX_POINT('',#4200);
#1393=VERTEX_POINT('',#4201);
#1394=VERTEX_POINT('',#4203);
#1395=VERTEX_POINT('',#4205);
#1396=VERTEX_POINT('',#4209);
#1397=VERTEX_POINT('',#4211);
#1398=VERTEX_POINT('',#4215);
#1399=VERTEX_POINT('',#4217);
#1400=VERTEX_POINT('',#4224);
#1401=VERTEX_POINT('',#4225);
#1402=VERTEX_POINT('',#4227);
#1403=VERTEX_POINT('',#4229);
#1404=VERTEX_POINT('',#4233);
#1405=VERTEX_POINT('',#4235);
#1406=VERTEX_POINT('',#4239);
#1407=VERTEX_POINT('',#4241);
#1408=VERTEX_POINT('',#4248);
#1409=VERTEX_POINT('',#4249);
#1410=VERTEX_POINT('',#4251);
#1411=VERTEX_POINT('',#4253);
#1412=VERTEX_POINT('',#4257);
#1413=VERTEX_POINT('',#4259);
#1414=VERTEX_POINT('',#4263);
#1415=VERTEX_POINT('',#4265);
#1416=VERTEX_POINT('',#4272);
#1417=VERTEX_POINT('',#4273);
#1418=VERTEX_POINT('',#4275);
#1419=VERTEX_POINT('',#4277);
#1420=VERTEX_POINT('',#4281);
#1421=VERTEX_POINT('',#4283);
#1422=VERTEX_POINT('',#4287);
#1423=VERTEX_POINT('',#4289);
#1424=VERTEX_POINT('',#4296);
#1425=VERTEX_POINT('',#4297);
#1426=VERTEX_POINT('',#4299);
#1427=VERTEX_POINT('',#4301);
#1428=VERTEX_POINT('',#4305);
#1429=VERTEX_POINT('',#4307);
#1430=VERTEX_POINT('',#4311);
#1431=VERTEX_POINT('',#4313);
#1432=VERTEX_POINT('',#4320);
#1433=VERTEX_POINT('',#4321);
#1434=VERTEX_POINT('',#4323);
#1435=VERTEX_POINT('',#4325);
#1436=VERTEX_POINT('',#4329);
#1437=VERTEX_POINT('',#4331);
#1438=VERTEX_POINT('',#4335);
#1439=VERTEX_POINT('',#4337);
#1440=VERTEX_POINT('',#4344);
#1441=VERTEX_POINT('',#4345);
#1442=VERTEX_POINT('',#4347);
#1443=VERTEX_POINT('',#4349);
#1444=VERTEX_POINT('',#4353);
#1445=VERTEX_POINT('',#4355);
#1446=VERTEX_POINT('',#4359);
#1447=VERTEX_POINT('',#4361);
#1448=VERTEX_POINT('',#4368);
#1449=VERTEX_POINT('',#4369);
#1450=VERTEX_POINT('',#4371);
#1451=VERTEX_POINT('',#4373);
#1452=VERTEX_POINT('',#4377);
#1453=VERTEX_POINT('',#4379);
#1454=VERTEX_POINT('',#4383);
#1455=VERTEX_POINT('',#4385);
#1456=VERTEX_POINT('',#4392);
#1457=VERTEX_POINT('',#4393);
#1458=VERTEX_POINT('',#4395);
#1459=VERTEX_POINT('',#4397);
#1460=VERTEX_POINT('',#4401);
#1461=VERTEX_POINT('',#4403);
#1462=VERTEX_POINT('',#4407);
#1463=VERTEX_POINT('',#4409);
#1464=VERTEX_POINT('',#4416);
#1465=VERTEX_POINT('',#4417);
#1466=VERTEX_POINT('',#4419);
#1467=VERTEX_POINT('',#4421);
#1468=VERTEX_POINT('',#4425);
#1469=VERTEX_POINT('',#4427);
#1470=VERTEX_POINT('',#4431);
#1471=VERTEX_POINT('',#4433);
#1472=VERTEX_POINT('',#4440);
#1473=VERTEX_POINT('',#4441);
#1474=VERTEX_POINT('',#4443);
#1475=VERTEX_POINT('',#4445);
#1476=VERTEX_POINT('',#4449);
#1477=VERTEX_POINT('',#4451);
#1478=VERTEX_POINT('',#4455);
#1479=VERTEX_POINT('',#4457);
#1480=VERTEX_POINT('',#4464);
#1481=VERTEX_POINT('',#4465);
#1482=VERTEX_POINT('',#4467);
#1483=VERTEX_POINT('',#4469);
#1484=VERTEX_POINT('',#4473);
#1485=VERTEX_POINT('',#4475);
#1486=VERTEX_POINT('',#4479);
#1487=VERTEX_POINT('',#4481);
#1488=VERTEX_POINT('',#4488);
#1489=VERTEX_POINT('',#4489);
#1490=VERTEX_POINT('',#4491);
#1491=VERTEX_POINT('',#4493);
#1492=VERTEX_POINT('',#4497);
#1493=VERTEX_POINT('',#4499);
#1494=VERTEX_POINT('',#4503);
#1495=VERTEX_POINT('',#4505);
#1496=VERTEX_POINT('',#4512);
#1497=VERTEX_POINT('',#4513);
#1498=VERTEX_POINT('',#4515);
#1499=VERTEX_POINT('',#4517);
#1500=VERTEX_POINT('',#4521);
#1501=VERTEX_POINT('',#4523);
#1502=VERTEX_POINT('',#4527);
#1503=VERTEX_POINT('',#4529);
#1504=VERTEX_POINT('',#4536);
#1505=VERTEX_POINT('',#4537);
#1506=VERTEX_POINT('',#4539);
#1507=VERTEX_POINT('',#4541);
#1508=VERTEX_POINT('',#4545);
#1509=VERTEX_POINT('',#4547);
#1510=VERTEX_POINT('',#4551);
#1511=VERTEX_POINT('',#4553);
#1512=VERTEX_POINT('',#4560);
#1513=VERTEX_POINT('',#4566);
#1514=VERTEX_POINT('',#4570);
#1515=VERTEX_POINT('',#4572);
#1516=VERTEX_POINT('',#4576);
#1517=VERTEX_POINT('',#4580);
#1518=VERTEX_POINT('',#4586);
#1519=VERTEX_POINT('',#4590);
#1520=VERTEX_POINT('',#4592);
#1521=VERTEX_POINT('',#4596);
#1522=VERTEX_POINT('',#4600);
#1523=VERTEX_POINT('',#4606);
#1524=VERTEX_POINT('',#4610);
#1525=VERTEX_POINT('',#4612);
#1526=VERTEX_POINT('',#4616);
#1527=VERTEX_POINT('',#4620);
#1528=VERTEX_POINT('',#4624);
#1529=VERTEX_POINT('',#4628);
#1530=VERTEX_POINT('',#4632);
#1531=VERTEX_POINT('',#4634);
#1532=VERTEX_POINT('',#4638);
#1533=VERTEX_POINT('',#4642);
#1534=VERTEX_POINT('',#4643);
#1535=VERTEX_POINT('',#4649);
#1536=VERTEX_POINT('',#4654);
#1537=EDGE_CURVE('',#1273,#1273,#1217,.T.);
#1538=EDGE_CURVE('',#1273,#1274,#537,.T.);
#1539=EDGE_CURVE('',#1274,#1274,#1218,.T.);
#1540=EDGE_CURVE('',#1275,#1275,#1219,.T.);
#1541=EDGE_CURVE('',#1275,#1276,#538,.T.);
#1542=EDGE_CURVE('',#1276,#1276,#1220,.T.);
#1543=EDGE_CURVE('',#1277,#1277,#1221,.T.);
#1544=EDGE_CURVE('',#1277,#1278,#539,.T.);
#1545=EDGE_CURVE('',#1278,#1278,#1222,.T.);
#1546=EDGE_CURVE('',#1279,#1279,#1223,.T.);
#1547=EDGE_CURVE('',#1279,#1280,#540,.T.);
#1548=EDGE_CURVE('',#1280,#1280,#1224,.T.);
#1549=EDGE_CURVE('',#1281,#1281,#1225,.T.);
#1550=EDGE_CURVE('',#1282,#1282,#1226,.T.);
#1551=EDGE_CURVE('',#1282,#1281,#541,.T.);
#1552=EDGE_CURVE('',#1283,#1283,#1227,.T.);
#1553=EDGE_CURVE('',#1283,#1284,#542,.T.);
#1554=EDGE_CURVE('',#1284,#1284,#1228,.T.);
#1555=EDGE_CURVE('',#1285,#1285,#1229,.T.);
#1556=EDGE_CURVE('',#1286,#1286,#1230,.T.);
#1557=EDGE_CURVE('',#1286,#1285,#543,.T.);
#1558=EDGE_CURVE('',#1287,#1287,#1231,.T.);
#1559=EDGE_CURVE('',#1287,#1288,#544,.T.);
#1560=EDGE_CURVE('',#1288,#1288,#1232,.T.);
#1561=EDGE_CURVE('',#1289,#1289,#1233,.T.);
#1562=EDGE_CURVE('',#1290,#1290,#1234,.T.);
#1563=EDGE_CURVE('',#1290,#1289,#545,.T.);
#1564=EDGE_CURVE('',#1291,#1291,#1235,.T.);
#1565=EDGE_CURVE('',#1291,#1292,#546,.T.);
#1566=EDGE_CURVE('',#1292,#1292,#1236,.T.);
#1567=EDGE_CURVE('',#1293,#1293,#1237,.T.);
#1568=EDGE_CURVE('',#1294,#1294,#1238,.T.);
#1569=EDGE_CURVE('',#1294,#1293,#547,.T.);
#1570=EDGE_CURVE('',#1295,#1295,#1239,.T.);
#1571=EDGE_CURVE('',#1295,#1296,#548,.T.);
#1572=EDGE_CURVE('',#1296,#1296,#1240,.T.);
#1573=EDGE_CURVE('',#1297,#1298,#1241,.T.);
#1574=EDGE_CURVE('',#1298,#1299,#549,.T.);
#1575=EDGE_CURVE('',#1299,#1300,#1242,.T.);
#1576=EDGE_CURVE('',#1300,#1297,#550,.T.);
#1577=EDGE_CURVE('',#1301,#1298,#551,.T.);
#1578=EDGE_CURVE('',#1302,#1301,#552,.T.);
#1579=EDGE_CURVE('',#1303,#1302,#553,.T.);
#1580=EDGE_CURVE('',#1303,#1304,#554,.T.);
#1581=EDGE_CURVE('',#1305,#1304,#555,.T.);
#1582=EDGE_CURVE('',#1306,#1305,#556,.T.);
#1583=EDGE_CURVE('',#1299,#1306,#557,.T.);
#1584=EDGE_CURVE('',#1297,#1307,#558,.T.);
#1585=EDGE_CURVE('',#1308,#1307,#559,.T.);
#1586=EDGE_CURVE('',#1309,#1308,#1243,.T.);
#1587=EDGE_CURVE('',#1301,#1309,#560,.T.);
#1588=EDGE_CURVE('',#1310,#1311,#1244,.T.);
#1589=EDGE_CURVE('',#1311,#1312,#561,.T.);
#1590=EDGE_CURVE('',#1312,#1313,#1245,.T.);
#1591=EDGE_CURVE('',#1313,#1310,#562,.T.);
#1592=EDGE_CURVE('',#1314,#1311,#563,.T.);
#1593=EDGE_CURVE('',#1315,#1314,#564,.T.);
#1594=EDGE_CURVE('',#1316,#1315,#565,.T.);
#1595=EDGE_CURVE('',#1316,#1317,#566,.T.);
#1596=EDGE_CURVE('',#1318,#1317,#567,.T.);
#1597=EDGE_CURVE('',#1319,#1318,#568,.T.);
#1598=EDGE_CURVE('',#1312,#1319,#569,.T.);
#1599=EDGE_CURVE('',#1310,#1320,#570,.T.);
#1600=EDGE_CURVE('',#1321,#1320,#571,.T.);
#1601=EDGE_CURVE('',#1322,#1321,#1246,.T.);
#1602=EDGE_CURVE('',#1314,#1322,#572,.T.);
#1603=EDGE_CURVE('',#1323,#1324,#1247,.T.);
#1604=EDGE_CURVE('',#1324,#1325,#573,.T.);
#1605=EDGE_CURVE('',#1325,#1326,#1248,.T.);
#1606=EDGE_CURVE('',#1326,#1323,#574,.T.);
#1607=EDGE_CURVE('',#1327,#1324,#575,.T.);
#1608=EDGE_CURVE('',#1328,#1327,#576,.T.);
#1609=EDGE_CURVE('',#1329,#1328,#577,.T.);
#1610=EDGE_CURVE('',#1329,#1330,#578,.T.);
#1611=EDGE_CURVE('',#1331,#1330,#579,.T.);
#1612=EDGE_CURVE('',#1332,#1331,#580,.T.);
#1613=EDGE_CURVE('',#1325,#1332,#581,.T.);
#1614=EDGE_CURVE('',#1323,#1333,#582,.T.);
#1615=EDGE_CURVE('',#1334,#1333,#583,.T.);
#1616=EDGE_CURVE('',#1335,#1334,#1249,.T.);
#1617=EDGE_CURVE('',#1327,#1335,#584,.T.);
#1618=EDGE_CURVE('',#1336,#1337,#1250,.T.);
#1619=EDGE_CURVE('',#1337,#1338,#585,.T.);
#1620=EDGE_CURVE('',#1338,#1339,#1251,.T.);
#1621=EDGE_CURVE('',#1339,#1336,#586,.T.);
#1622=EDGE_CURVE('',#1340,#1337,#587,.T.);
#1623=EDGE_CURVE('',#1341,#1340,#588,.T.);
#1624=EDGE_CURVE('',#1342,#1341,#589,.T.);
#1625=EDGE_CURVE('',#1342,#1343,#590,.T.);
#1626=EDGE_CURVE('',#1344,#1343,#591,.T.);
#1627=EDGE_CURVE('',#1345,#1344,#592,.T.);
#1628=EDGE_CURVE('',#1338,#1345,#593,.T.);
#1629=EDGE_CURVE('',#1336,#1346,#594,.T.);
#1630=EDGE_CURVE('',#1347,#1346,#595,.T.);
#1631=EDGE_CURVE('',#1348,#1347,#1252,.T.);
#1632=EDGE_CURVE('',#1340,#1348,#596,.T.);
#1633=EDGE_CURVE('',#1349,#1306,#597,.T.);
#1634=EDGE_CURVE('',#1350,#1349,#1253,.T.);
#1635=EDGE_CURVE('',#1351,#1350,#598,.T.);
#1636=EDGE_CURVE('',#1351,#1300,#599,.T.);
#1637=EDGE_CURVE('',#1352,#1319,#600,.T.);
#1638=EDGE_CURVE('',#1353,#1352,#1254,.T.);
#1639=EDGE_CURVE('',#1354,#1353,#601,.T.);
#1640=EDGE_CURVE('',#1354,#1313,#602,.T.);
#1641=EDGE_CURVE('',#1355,#1332,#603,.T.);
#1642=EDGE_CURVE('',#1356,#1355,#1255,.T.);
#1643=EDGE_CURVE('',#1357,#1356,#604,.T.);
#1644=EDGE_CURVE('',#1357,#1326,#605,.T.);
#1645=EDGE_CURVE('',#1358,#1345,#606,.T.);
#1646=EDGE_CURVE('',#1359,#1358,#1256,.T.);
#1647=EDGE_CURVE('',#1360,#1359,#607,.T.);
#1648=EDGE_CURVE('',#1360,#1339,#608,.T.);
#1649=EDGE_CURVE('',#1361,#1309,#609,.T.);
#1650=EDGE_CURVE('',#1302,#1361,#610,.T.);
#1651=EDGE_CURVE('',#1350,#1362,#611,.T.);
#1652=EDGE_CURVE('',#1363,#1362,#612,.T.);
#1653=EDGE_CURVE('',#1351,#1363,#613,.T.);
#1654=EDGE_CURVE('',#1364,#1308,#614,.T.);
#1655=EDGE_CURVE('',#1361,#1364,#1257,.T.);
#1656=EDGE_CURVE('',#1365,#1322,#615,.T.);
#1657=EDGE_CURVE('',#1315,#1365,#616,.T.);
#1658=EDGE_CURVE('',#1353,#1366,#617,.T.);
#1659=EDGE_CURVE('',#1367,#1366,#618,.T.);
#1660=EDGE_CURVE('',#1354,#1367,#619,.T.);
#1661=EDGE_CURVE('',#1368,#1321,#620,.T.);
#1662=EDGE_CURVE('',#1365,#1368,#1258,.T.);
#1663=EDGE_CURVE('',#1369,#1335,#621,.T.);
#1664=EDGE_CURVE('',#1328,#1369,#622,.T.);
#1665=EDGE_CURVE('',#1356,#1370,#623,.T.);
#1666=EDGE_CURVE('',#1371,#1370,#624,.T.);
#1667=EDGE_CURVE('',#1357,#1371,#625,.T.);
#1668=EDGE_CURVE('',#1372,#1334,#626,.T.);
#1669=EDGE_CURVE('',#1369,#1372,#1259,.T.);
#1670=EDGE_CURVE('',#1359,#1373,#627,.T.);
#1671=EDGE_CURVE('',#1374,#1373,#628,.T.);
#1672=EDGE_CURVE('',#1360,#1374,#629,.T.);
#1673=EDGE_CURVE('',#1358,#1375,#630,.T.);
#1674=EDGE_CURVE('',#1373,#1375,#1260,.T.);
#1675=EDGE_CURVE('',#1375,#1344,#631,.T.);
#1676=EDGE_CURVE('',#1376,#1376,#1261,.T.);
#1677=EDGE_CURVE('',#1376,#1377,#632,.T.);
#1678=EDGE_CURVE('',#1377,#1377,#1262,.T.);
#1679=EDGE_CURVE('',#1378,#1378,#1263,.T.);
#1680=EDGE_CURVE('',#1378,#1379,#633,.T.);
#1681=EDGE_CURVE('',#1379,#1379,#1264,.T.);
#1682=EDGE_CURVE('',#1380,#1380,#1265,.T.);
#1683=EDGE_CURVE('',#1380,#1381,#634,.T.);
#1684=EDGE_CURVE('',#1381,#1381,#1266,.T.);
#1685=EDGE_CURVE('',#1382,#1382,#1267,.T.);
#1686=EDGE_CURVE('',#1382,#1383,#635,.T.);
#1687=EDGE_CURVE('',#1383,#1383,#1268,.T.);
#1688=EDGE_CURVE('',#1384,#1385,#636,.T.);
#1689=EDGE_CURVE('',#1386,#1384,#637,.T.);
#1690=EDGE_CURVE('',#1387,#1386,#638,.T.);
#1691=EDGE_CURVE('',#1387,#1385,#639,.T.);
#1692=EDGE_CURVE('',#1385,#1388,#640,.T.);
#1693=EDGE_CURVE('',#1389,#1387,#641,.T.);
#1694=EDGE_CURVE('',#1389,#1388,#642,.T.);
#1695=EDGE_CURVE('',#1388,#1390,#643,.T.);
#1696=EDGE_CURVE('',#1391,#1389,#644,.T.);
#1697=EDGE_CURVE('',#1391,#1390,#645,.T.);
#1698=EDGE_CURVE('',#1390,#1384,#646,.T.);
#1699=EDGE_CURVE('',#1386,#1391,#647,.T.);
#1700=EDGE_CURVE('',#1392,#1393,#648,.T.);
#1701=EDGE_CURVE('',#1394,#1392,#649,.T.);
#1702=EDGE_CURVE('',#1395,#1394,#650,.T.);
#1703=EDGE_CURVE('',#1395,#1393,#651,.T.);
#1704=EDGE_CURVE('',#1393,#1396,#652,.T.);
#1705=EDGE_CURVE('',#1397,#1395,#653,.T.);
#1706=EDGE_CURVE('',#1397,#1396,#654,.T.);
#1707=EDGE_CURVE('',#1396,#1398,#655,.T.);
#1708=EDGE_CURVE('',#1399,#1397,#656,.T.);
#1709=EDGE_CURVE('',#1399,#1398,#657,.T.);
#1710=EDGE_CURVE('',#1398,#1392,#658,.T.);
#1711=EDGE_CURVE('',#1394,#1399,#659,.T.);
#1712=EDGE_CURVE('',#1400,#1401,#660,.T.);
#1713=EDGE_CURVE('',#1402,#1400,#661,.T.);
#1714=EDGE_CURVE('',#1403,#1402,#662,.T.);
#1715=EDGE_CURVE('',#1403,#1401,#663,.T.);
#1716=EDGE_CURVE('',#1401,#1404,#664,.T.);
#1717=EDGE_CURVE('',#1405,#1403,#665,.T.);
#1718=EDGE_CURVE('',#1405,#1404,#666,.T.);
#1719=EDGE_CURVE('',#1404,#1406,#667,.T.);
#1720=EDGE_CURVE('',#1407,#1405,#668,.T.);
#1721=EDGE_CURVE('',#1407,#1406,#669,.T.);
#1722=EDGE_CURVE('',#1406,#1400,#670,.T.);
#1723=EDGE_CURVE('',#1402,#1407,#671,.T.);
#1724=EDGE_CURVE('',#1408,#1409,#672,.T.);
#1725=EDGE_CURVE('',#1410,#1408,#673,.T.);
#1726=EDGE_CURVE('',#1411,#1410,#674,.T.);
#1727=EDGE_CURVE('',#1411,#1409,#675,.T.);
#1728=EDGE_CURVE('',#1409,#1412,#676,.T.);
#1729=EDGE_CURVE('',#1413,#1411,#677,.T.);
#1730=EDGE_CURVE('',#1413,#1412,#678,.T.);
#1731=EDGE_CURVE('',#1412,#1414,#679,.T.);
#1732=EDGE_CURVE('',#1415,#1413,#680,.T.);
#1733=EDGE_CURVE('',#1415,#1414,#681,.T.);
#1734=EDGE_CURVE('',#1414,#1408,#682,.T.);
#1735=EDGE_CURVE('',#1410,#1415,#683,.T.);
#1736=EDGE_CURVE('',#1416,#1417,#684,.T.);
#1737=EDGE_CURVE('',#1418,#1416,#685,.T.);
#1738=EDGE_CURVE('',#1419,#1418,#686,.T.);
#1739=EDGE_CURVE('',#1419,#1417,#687,.T.);
#1740=EDGE_CURVE('',#1417,#1420,#688,.T.);
#1741=EDGE_CURVE('',#1421,#1419,#689,.T.);
#1742=EDGE_CURVE('',#1421,#1420,#690,.T.);
#1743=EDGE_CURVE('',#1420,#1422,#691,.T.);
#1744=EDGE_CURVE('',#1423,#1421,#692,.T.);
#1745=EDGE_CURVE('',#1423,#1422,#693,.T.);
#1746=EDGE_CURVE('',#1422,#1416,#694,.T.);
#1747=EDGE_CURVE('',#1418,#1423,#695,.T.);
#1748=EDGE_CURVE('',#1424,#1425,#696,.T.);
#1749=EDGE_CURVE('',#1426,#1424,#697,.T.);
#1750=EDGE_CURVE('',#1427,#1426,#698,.T.);
#1751=EDGE_CURVE('',#1427,#1425,#699,.T.);
#1752=EDGE_CURVE('',#1425,#1428,#700,.T.);
#1753=EDGE_CURVE('',#1429,#1427,#701,.T.);
#1754=EDGE_CURVE('',#1429,#1428,#702,.T.);
#1755=EDGE_CURVE('',#1428,#1430,#703,.T.);
#1756=EDGE_CURVE('',#1431,#1429,#704,.T.);
#1757=EDGE_CURVE('',#1431,#1430,#705,.T.);
#1758=EDGE_CURVE('',#1430,#1424,#706,.T.);
#1759=EDGE_CURVE('',#1426,#1431,#707,.T.);
#1760=EDGE_CURVE('',#1432,#1433,#708,.T.);
#1761=EDGE_CURVE('',#1434,#1432,#709,.T.);
#1762=EDGE_CURVE('',#1435,#1434,#710,.T.);
#1763=EDGE_CURVE('',#1435,#1433,#711,.T.);
#1764=EDGE_CURVE('',#1433,#1436,#712,.T.);
#1765=EDGE_CURVE('',#1437,#1435,#713,.T.);
#1766=EDGE_CURVE('',#1437,#1436,#714,.T.);
#1767=EDGE_CURVE('',#1436,#1438,#715,.T.);
#1768=EDGE_CURVE('',#1439,#1437,#716,.T.);
#1769=EDGE_CURVE('',#1439,#1438,#717,.T.);
#1770=EDGE_CURVE('',#1438,#1432,#718,.T.);
#1771=EDGE_CURVE('',#1434,#1439,#719,.T.);
#1772=EDGE_CURVE('',#1440,#1441,#720,.T.);
#1773=EDGE_CURVE('',#1442,#1440,#721,.T.);
#1774=EDGE_CURVE('',#1443,#1442,#722,.T.);
#1775=EDGE_CURVE('',#1443,#1441,#723,.T.);
#1776=EDGE_CURVE('',#1441,#1444,#724,.T.);
#1777=EDGE_CURVE('',#1445,#1443,#725,.T.);
#1778=EDGE_CURVE('',#1445,#1444,#726,.T.);
#1779=EDGE_CURVE('',#1444,#1446,#727,.T.);
#1780=EDGE_CURVE('',#1447,#1445,#728,.T.);
#1781=EDGE_CURVE('',#1447,#1446,#729,.T.);
#1782=EDGE_CURVE('',#1446,#1440,#730,.T.);
#1783=EDGE_CURVE('',#1442,#1447,#731,.T.);
#1784=EDGE_CURVE('',#1448,#1449,#732,.T.);
#1785=EDGE_CURVE('',#1450,#1448,#733,.T.);
#1786=EDGE_CURVE('',#1451,#1450,#734,.T.);
#1787=EDGE_CURVE('',#1451,#1449,#735,.T.);
#1788=EDGE_CURVE('',#1449,#1452,#736,.T.);
#1789=EDGE_CURVE('',#1453,#1451,#737,.T.);
#1790=EDGE_CURVE('',#1453,#1452,#738,.T.);
#1791=EDGE_CURVE('',#1452,#1454,#739,.T.);
#1792=EDGE_CURVE('',#1455,#1453,#740,.T.);
#1793=EDGE_CURVE('',#1455,#1454,#741,.T.);
#1794=EDGE_CURVE('',#1454,#1448,#742,.T.);
#1795=EDGE_CURVE('',#1450,#1455,#743,.T.);
#1796=EDGE_CURVE('',#1456,#1457,#744,.T.);
#1797=EDGE_CURVE('',#1458,#1456,#745,.T.);
#1798=EDGE_CURVE('',#1459,#1458,#746,.T.);
#1799=EDGE_CURVE('',#1459,#1457,#747,.T.);
#1800=EDGE_CURVE('',#1457,#1460,#748,.T.);
#1801=EDGE_CURVE('',#1461,#1459,#749,.T.);
#1802=EDGE_CURVE('',#1461,#1460,#750,.T.);
#1803=EDGE_CURVE('',#1460,#1462,#751,.T.);
#1804=EDGE_CURVE('',#1463,#1461,#752,.T.);
#1805=EDGE_CURVE('',#1463,#1462,#753,.T.);
#1806=EDGE_CURVE('',#1462,#1456,#754,.T.);
#1807=EDGE_CURVE('',#1458,#1463,#755,.T.);
#1808=EDGE_CURVE('',#1464,#1465,#756,.T.);
#1809=EDGE_CURVE('',#1466,#1464,#757,.T.);
#1810=EDGE_CURVE('',#1467,#1466,#758,.T.);
#1811=EDGE_CURVE('',#1467,#1465,#759,.T.);
#1812=EDGE_CURVE('',#1465,#1468,#760,.T.);
#1813=EDGE_CURVE('',#1469,#1467,#761,.T.);
#1814=EDGE_CURVE('',#1469,#1468,#762,.T.);
#1815=EDGE_CURVE('',#1468,#1470,#763,.T.);
#1816=EDGE_CURVE('',#1471,#1469,#764,.T.);
#1817=EDGE_CURVE('',#1471,#1470,#765,.T.);
#1818=EDGE_CURVE('',#1470,#1464,#766,.T.);
#1819=EDGE_CURVE('',#1466,#1471,#767,.T.);
#1820=EDGE_CURVE('',#1472,#1473,#768,.T.);
#1821=EDGE_CURVE('',#1474,#1472,#769,.T.);
#1822=EDGE_CURVE('',#1475,#1474,#770,.T.);
#1823=EDGE_CURVE('',#1475,#1473,#771,.T.);
#1824=EDGE_CURVE('',#1473,#1476,#772,.T.);
#1825=EDGE_CURVE('',#1477,#1475,#773,.T.);
#1826=EDGE_CURVE('',#1477,#1476,#774,.T.);
#1827=EDGE_CURVE('',#1476,#1478,#775,.T.);
#1828=EDGE_CURVE('',#1479,#1477,#776,.T.);
#1829=EDGE_CURVE('',#1479,#1478,#777,.T.);
#1830=EDGE_CURVE('',#1478,#1472,#778,.T.);
#1831=EDGE_CURVE('',#1474,#1479,#779,.T.);
#1832=EDGE_CURVE('',#1480,#1481,#780,.T.);
#1833=EDGE_CURVE('',#1482,#1480,#781,.T.);
#1834=EDGE_CURVE('',#1483,#1482,#782,.T.);
#1835=EDGE_CURVE('',#1483,#1481,#783,.T.);
#1836=EDGE_CURVE('',#1481,#1484,#784,.T.);
#1837=EDGE_CURVE('',#1485,#1483,#785,.T.);
#1838=EDGE_CURVE('',#1485,#1484,#786,.T.);
#1839=EDGE_CURVE('',#1484,#1486,#787,.T.);
#1840=EDGE_CURVE('',#1487,#1485,#788,.T.);
#1841=EDGE_CURVE('',#1487,#1486,#789,.T.);
#1842=EDGE_CURVE('',#1486,#1480,#790,.T.);
#1843=EDGE_CURVE('',#1482,#1487,#791,.T.);
#1844=EDGE_CURVE('',#1488,#1489,#792,.T.);
#1845=EDGE_CURVE('',#1490,#1488,#793,.T.);
#1846=EDGE_CURVE('',#1491,#1490,#794,.T.);
#1847=EDGE_CURVE('',#1491,#1489,#795,.T.);
#1848=EDGE_CURVE('',#1489,#1492,#796,.T.);
#1849=EDGE_CURVE('',#1493,#1491,#797,.T.);
#1850=EDGE_CURVE('',#1493,#1492,#798,.T.);
#1851=EDGE_CURVE('',#1492,#1494,#799,.T.);
#1852=EDGE_CURVE('',#1495,#1493,#800,.T.);
#1853=EDGE_CURVE('',#1495,#1494,#801,.T.);
#1854=EDGE_CURVE('',#1494,#1488,#802,.T.);
#1855=EDGE_CURVE('',#1490,#1495,#803,.T.);
#1856=EDGE_CURVE('',#1496,#1497,#804,.T.);
#1857=EDGE_CURVE('',#1498,#1496,#805,.T.);
#1858=EDGE_CURVE('',#1499,#1498,#806,.T.);
#1859=EDGE_CURVE('',#1499,#1497,#807,.T.);
#1860=EDGE_CURVE('',#1497,#1500,#808,.T.);
#1861=EDGE_CURVE('',#1501,#1499,#809,.T.);
#1862=EDGE_CURVE('',#1501,#1500,#810,.T.);
#1863=EDGE_CURVE('',#1500,#1502,#811,.T.);
#1864=EDGE_CURVE('',#1503,#1501,#812,.T.);
#1865=EDGE_CURVE('',#1503,#1502,#813,.T.);
#1866=EDGE_CURVE('',#1502,#1496,#814,.T.);
#1867=EDGE_CURVE('',#1498,#1503,#815,.T.);
#1868=EDGE_CURVE('',#1504,#1505,#816,.T.);
#1869=EDGE_CURVE('',#1506,#1504,#817,.T.);
#1870=EDGE_CURVE('',#1507,#1506,#818,.T.);
#1871=EDGE_CURVE('',#1507,#1505,#819,.T.);
#1872=EDGE_CURVE('',#1505,#1508,#820,.T.);
#1873=EDGE_CURVE('',#1509,#1507,#821,.T.);
#1874=EDGE_CURVE('',#1509,#1508,#822,.T.);
#1875=EDGE_CURVE('',#1508,#1510,#823,.T.);
#1876=EDGE_CURVE('',#1511,#1509,#824,.T.);
#1877=EDGE_CURVE('',#1511,#1510,#825,.T.);
#1878=EDGE_CURVE('',#1510,#1504,#826,.T.);
#1879=EDGE_CURVE('',#1506,#1511,#827,.T.);
#1880=EDGE_CURVE('',#1512,#1305,#828,.T.);
#1881=EDGE_CURVE('',#1349,#1512,#829,.T.);
#1882=EDGE_CURVE('',#1362,#1512,#1269,.T.);
#1883=EDGE_CURVE('',#1513,#1307,#830,.T.);
#1884=EDGE_CURVE('',#1364,#1513,#831,.T.);
#1885=EDGE_CURVE('',#1514,#1363,#832,.T.);
#1886=EDGE_CURVE('',#1515,#1514,#833,.T.);
#1887=EDGE_CURVE('',#1513,#1515,#834,.T.);
#1888=EDGE_CURVE('',#1304,#1516,#835,.T.);
#1889=EDGE_CURVE('',#1516,#1514,#836,.T.);
#1890=EDGE_CURVE('',#1517,#1331,#837,.T.);
#1891=EDGE_CURVE('',#1355,#1517,#838,.T.);
#1892=EDGE_CURVE('',#1370,#1517,#1270,.T.);
#1893=EDGE_CURVE('',#1518,#1333,#839,.T.);
#1894=EDGE_CURVE('',#1372,#1518,#840,.T.);
#1895=EDGE_CURVE('',#1519,#1371,#841,.T.);
#1896=EDGE_CURVE('',#1520,#1519,#842,.T.);
#1897=EDGE_CURVE('',#1518,#1520,#843,.T.);
#1898=EDGE_CURVE('',#1330,#1521,#844,.T.);
#1899=EDGE_CURVE('',#1521,#1519,#845,.T.);
#1900=EDGE_CURVE('',#1522,#1318,#846,.T.);
#1901=EDGE_CURVE('',#1352,#1522,#847,.T.);
#1902=EDGE_CURVE('',#1366,#1522,#1271,.T.);
#1903=EDGE_CURVE('',#1523,#1320,#848,.T.);
#1904=EDGE_CURVE('',#1368,#1523,#849,.T.);
#1905=EDGE_CURVE('',#1524,#1367,#850,.T.);
#1906=EDGE_CURVE('',#1525,#1524,#851,.T.);
#1907=EDGE_CURVE('',#1523,#1525,#852,.T.);
#1908=EDGE_CURVE('',#1317,#1526,#853,.T.);
#1909=EDGE_CURVE('',#1526,#1524,#854,.T.);
#1910=EDGE_CURVE('',#1527,#1348,#855,.T.);
#1911=EDGE_CURVE('',#1341,#1527,#856,.T.);
#1912=EDGE_CURVE('',#1528,#1347,#857,.T.);
#1913=EDGE_CURVE('',#1527,#1528,#1272,.T.);
#1914=EDGE_CURVE('',#1529,#1346,#858,.T.);
#1915=EDGE_CURVE('',#1528,#1529,#859,.T.);
#1916=EDGE_CURVE('',#1530,#1374,#860,.T.);
#1917=EDGE_CURVE('',#1531,#1530,#861,.T.);
#1918=EDGE_CURVE('',#1529,#1531,#862,.T.);
#1919=EDGE_CURVE('',#1343,#1532,#863,.T.);
#1920=EDGE_CURVE('',#1532,#1530,#864,.T.);
#1921=EDGE_CURVE('',#1533,#1534,#865,.T.);
#1922=EDGE_CURVE('',#1534,#1521,#866,.T.);
#1923=EDGE_CURVE('',#1531,#1329,#867,.T.);
#1924=EDGE_CURVE('',#1533,#1532,#868,.T.);
#1925=EDGE_CURVE('',#1535,#1533,#869,.T.);
#1926=EDGE_CURVE('',#1525,#1342,#870,.T.);
#1927=EDGE_CURVE('',#1535,#1526,#871,.T.);
#1928=EDGE_CURVE('',#1536,#1535,#872,.T.);
#1929=EDGE_CURVE('',#1515,#1316,#873,.T.);
#1930=EDGE_CURVE('',#1536,#1516,#874,.T.);
#1931=EDGE_CURVE('',#1534,#1536,#875,.T.);
#1932=EDGE_CURVE('',#1520,#1303,#876,.T.);
#1933=ORIENTED_EDGE('',*,*,#1537,.F.);
#1934=ORIENTED_EDGE('',*,*,#1538,.T.);
#1935=ORIENTED_EDGE('',*,*,#1539,.F.);
#1936=ORIENTED_EDGE('',*,*,#1538,.F.);
#1937=ORIENTED_EDGE('',*,*,#1540,.F.);
#1938=ORIENTED_EDGE('',*,*,#1541,.T.);
#1939=ORIENTED_EDGE('',*,*,#1542,.F.);
#1940=ORIENTED_EDGE('',*,*,#1541,.F.);
#1941=ORIENTED_EDGE('',*,*,#1543,.F.);
#1942=ORIENTED_EDGE('',*,*,#1544,.T.);
#1943=ORIENTED_EDGE('',*,*,#1545,.F.);
#1944=ORIENTED_EDGE('',*,*,#1544,.F.);
#1945=ORIENTED_EDGE('',*,*,#1546,.F.);
#1946=ORIENTED_EDGE('',*,*,#1547,.T.);
#1947=ORIENTED_EDGE('',*,*,#1548,.F.);
#1948=ORIENTED_EDGE('',*,*,#1547,.F.);
#1949=ORIENTED_EDGE('',*,*,#1549,.T.);
#1950=ORIENTED_EDGE('',*,*,#1550,.F.);
#1951=ORIENTED_EDGE('',*,*,#1551,.T.);
#1952=ORIENTED_EDGE('',*,*,#1549,.F.);
#1953=ORIENTED_EDGE('',*,*,#1551,.F.);
#1954=ORIENTED_EDGE('',*,*,#1552,.F.);
#1955=ORIENTED_EDGE('',*,*,#1553,.T.);
#1956=ORIENTED_EDGE('',*,*,#1554,.T.);
#1957=ORIENTED_EDGE('',*,*,#1553,.F.);
#1958=ORIENTED_EDGE('',*,*,#1554,.F.);
#1959=ORIENTED_EDGE('',*,*,#1550,.T.);
#1960=ORIENTED_EDGE('',*,*,#1555,.T.);
#1961=ORIENTED_EDGE('',*,*,#1556,.F.);
#1962=ORIENTED_EDGE('',*,*,#1557,.T.);
#1963=ORIENTED_EDGE('',*,*,#1555,.F.);
#1964=ORIENTED_EDGE('',*,*,#1557,.F.);
#1965=ORIENTED_EDGE('',*,*,#1558,.F.);
#1966=ORIENTED_EDGE('',*,*,#1559,.T.);
#1967=ORIENTED_EDGE('',*,*,#1560,.T.);
#1968=ORIENTED_EDGE('',*,*,#1559,.F.);
#1969=ORIENTED_EDGE('',*,*,#1560,.F.);
#1970=ORIENTED_EDGE('',*,*,#1556,.T.);
#1971=ORIENTED_EDGE('',*,*,#1561,.T.);
#1972=ORIENTED_EDGE('',*,*,#1562,.F.);
#1973=ORIENTED_EDGE('',*,*,#1563,.T.);
#1974=ORIENTED_EDGE('',*,*,#1561,.F.);
#1975=ORIENTED_EDGE('',*,*,#1563,.F.);
#1976=ORIENTED_EDGE('',*,*,#1564,.F.);
#1977=ORIENTED_EDGE('',*,*,#1565,.T.);
#1978=ORIENTED_EDGE('',*,*,#1566,.T.);
#1979=ORIENTED_EDGE('',*,*,#1565,.F.);
#1980=ORIENTED_EDGE('',*,*,#1566,.F.);
#1981=ORIENTED_EDGE('',*,*,#1562,.T.);
#1982=ORIENTED_EDGE('',*,*,#1567,.T.);
#1983=ORIENTED_EDGE('',*,*,#1568,.F.);
#1984=ORIENTED_EDGE('',*,*,#1569,.T.);
#1985=ORIENTED_EDGE('',*,*,#1567,.F.);
#1986=ORIENTED_EDGE('',*,*,#1569,.F.);
#1987=ORIENTED_EDGE('',*,*,#1570,.F.);
#1988=ORIENTED_EDGE('',*,*,#1571,.T.);
#1989=ORIENTED_EDGE('',*,*,#1572,.T.);
#1990=ORIENTED_EDGE('',*,*,#1571,.F.);
#1991=ORIENTED_EDGE('',*,*,#1572,.F.);
#1992=ORIENTED_EDGE('',*,*,#1568,.T.);
#1993=ORIENTED_EDGE('',*,*,#1573,.T.);
#1994=ORIENTED_EDGE('',*,*,#1574,.T.);
#1995=ORIENTED_EDGE('',*,*,#1575,.T.);
#1996=ORIENTED_EDGE('',*,*,#1576,.T.);
#1997=ORIENTED_EDGE('',*,*,#1574,.F.);
#1998=ORIENTED_EDGE('',*,*,#1577,.F.);
#1999=ORIENTED_EDGE('',*,*,#1578,.F.);
#2000=ORIENTED_EDGE('',*,*,#1579,.F.);
#2001=ORIENTED_EDGE('',*,*,#1580,.T.);
#2002=ORIENTED_EDGE('',*,*,#1581,.F.);
#2003=ORIENTED_EDGE('',*,*,#1582,.F.);
#2004=ORIENTED_EDGE('',*,*,#1583,.F.);
#2005=ORIENTED_EDGE('',*,*,#1573,.F.);
#2006=ORIENTED_EDGE('',*,*,#1584,.T.);
#2007=ORIENTED_EDGE('',*,*,#1585,.F.);
#2008=ORIENTED_EDGE('',*,*,#1586,.F.);
#2009=ORIENTED_EDGE('',*,*,#1587,.F.);
#2010=ORIENTED_EDGE('',*,*,#1577,.T.);
#2011=ORIENTED_EDGE('',*,*,#1539,.T.);
#2012=ORIENTED_EDGE('',*,*,#1588,.T.);
#2013=ORIENTED_EDGE('',*,*,#1589,.T.);
#2014=ORIENTED_EDGE('',*,*,#1590,.T.);
#2015=ORIENTED_EDGE('',*,*,#1591,.T.);
#2016=ORIENTED_EDGE('',*,*,#1589,.F.);
#2017=ORIENTED_EDGE('',*,*,#1592,.F.);
#2018=ORIENTED_EDGE('',*,*,#1593,.F.);
#2019=ORIENTED_EDGE('',*,*,#1594,.F.);
#2020=ORIENTED_EDGE('',*,*,#1595,.T.);
#2021=ORIENTED_EDGE('',*,*,#1596,.F.);
#2022=ORIENTED_EDGE('',*,*,#1597,.F.);
#2023=ORIENTED_EDGE('',*,*,#1598,.F.);
#2024=ORIENTED_EDGE('',*,*,#1588,.F.);
#2025=ORIENTED_EDGE('',*,*,#1599,.T.);
#2026=ORIENTED_EDGE('',*,*,#1600,.F.);
#2027=ORIENTED_EDGE('',*,*,#1601,.F.);
#2028=ORIENTED_EDGE('',*,*,#1602,.F.);
#2029=ORIENTED_EDGE('',*,*,#1592,.T.);
#2030=ORIENTED_EDGE('',*,*,#1545,.T.);
#2031=ORIENTED_EDGE('',*,*,#1603,.T.);
#2032=ORIENTED_EDGE('',*,*,#1604,.T.);
#2033=ORIENTED_EDGE('',*,*,#1605,.T.);
#2034=ORIENTED_EDGE('',*,*,#1606,.T.);
#2035=ORIENTED_EDGE('',*,*,#1604,.F.);
#2036=ORIENTED_EDGE('',*,*,#1607,.F.);
#2037=ORIENTED_EDGE('',*,*,#1608,.F.);
#2038=ORIENTED_EDGE('',*,*,#1609,.F.);
#2039=ORIENTED_EDGE('',*,*,#1610,.T.);
#2040=ORIENTED_EDGE('',*,*,#1611,.F.);
#2041=ORIENTED_EDGE('',*,*,#1612,.F.);
#2042=ORIENTED_EDGE('',*,*,#1613,.F.);
#2043=ORIENTED_EDGE('',*,*,#1603,.F.);
#2044=ORIENTED_EDGE('',*,*,#1614,.T.);
#2045=ORIENTED_EDGE('',*,*,#1615,.F.);
#2046=ORIENTED_EDGE('',*,*,#1616,.F.);
#2047=ORIENTED_EDGE('',*,*,#1617,.F.);
#2048=ORIENTED_EDGE('',*,*,#1607,.T.);
#2049=ORIENTED_EDGE('',*,*,#1542,.T.);
#2050=ORIENTED_EDGE('',*,*,#1618,.T.);
#2051=ORIENTED_EDGE('',*,*,#1619,.T.);
#2052=ORIENTED_EDGE('',*,*,#1620,.T.);
#2053=ORIENTED_EDGE('',*,*,#1621,.T.);
#2054=ORIENTED_EDGE('',*,*,#1619,.F.);
#2055=ORIENTED_EDGE('',*,*,#1622,.F.);
#2056=ORIENTED_EDGE('',*,*,#1623,.F.);
#2057=ORIENTED_EDGE('',*,*,#1624,.F.);
#2058=ORIENTED_EDGE('',*,*,#1625,.T.);
#2059=ORIENTED_EDGE('',*,*,#1626,.F.);
#2060=ORIENTED_EDGE('',*,*,#1627,.F.);
#2061=ORIENTED_EDGE('',*,*,#1628,.F.);
#2062=ORIENTED_EDGE('',*,*,#1618,.F.);
#2063=ORIENTED_EDGE('',*,*,#1629,.T.);
#2064=ORIENTED_EDGE('',*,*,#1630,.F.);
#2065=ORIENTED_EDGE('',*,*,#1631,.F.);
#2066=ORIENTED_EDGE('',*,*,#1632,.F.);
#2067=ORIENTED_EDGE('',*,*,#1622,.T.);
#2068=ORIENTED_EDGE('',*,*,#1548,.T.);
#2069=ORIENTED_EDGE('',*,*,#1575,.F.);
#2070=ORIENTED_EDGE('',*,*,#1583,.T.);
#2071=ORIENTED_EDGE('',*,*,#1633,.F.);
#2072=ORIENTED_EDGE('',*,*,#1634,.F.);
#2073=ORIENTED_EDGE('',*,*,#1635,.F.);
#2074=ORIENTED_EDGE('',*,*,#1636,.T.);
#2075=ORIENTED_EDGE('',*,*,#1537,.T.);
#2076=ORIENTED_EDGE('',*,*,#1590,.F.);
#2077=ORIENTED_EDGE('',*,*,#1598,.T.);
#2078=ORIENTED_EDGE('',*,*,#1637,.F.);
#2079=ORIENTED_EDGE('',*,*,#1638,.F.);
#2080=ORIENTED_EDGE('',*,*,#1639,.F.);
#2081=ORIENTED_EDGE('',*,*,#1640,.T.);
#2082=ORIENTED_EDGE('',*,*,#1543,.T.);
#2083=ORIENTED_EDGE('',*,*,#1605,.F.);
#2084=ORIENTED_EDGE('',*,*,#1613,.T.);
#2085=ORIENTED_EDGE('',*,*,#1641,.F.);
#2086=ORIENTED_EDGE('',*,*,#1642,.F.);
#2087=ORIENTED_EDGE('',*,*,#1643,.F.);
#2088=ORIENTED_EDGE('',*,*,#1644,.T.);
#2089=ORIENTED_EDGE('',*,*,#1540,.T.);
#2090=ORIENTED_EDGE('',*,*,#1620,.F.);
#2091=ORIENTED_EDGE('',*,*,#1628,.T.);
#2092=ORIENTED_EDGE('',*,*,#1645,.F.);
#2093=ORIENTED_EDGE('',*,*,#1646,.F.);
#2094=ORIENTED_EDGE('',*,*,#1647,.F.);
#2095=ORIENTED_EDGE('',*,*,#1648,.T.);
#2096=ORIENTED_EDGE('',*,*,#1546,.T.);
#2097=ORIENTED_EDGE('',*,*,#1587,.T.);
#2098=ORIENTED_EDGE('',*,*,#1649,.F.);
#2099=ORIENTED_EDGE('',*,*,#1650,.F.);
#2100=ORIENTED_EDGE('',*,*,#1578,.T.);
#2101=ORIENTED_EDGE('',*,*,#1635,.T.);
#2102=ORIENTED_EDGE('',*,*,#1651,.T.);
#2103=ORIENTED_EDGE('',*,*,#1652,.F.);
#2104=ORIENTED_EDGE('',*,*,#1653,.F.);
#2105=ORIENTED_EDGE('',*,*,#1586,.T.);
#2106=ORIENTED_EDGE('',*,*,#1654,.F.);
#2107=ORIENTED_EDGE('',*,*,#1655,.F.);
#2108=ORIENTED_EDGE('',*,*,#1649,.T.);
#2109=ORIENTED_EDGE('',*,*,#1602,.T.);
#2110=ORIENTED_EDGE('',*,*,#1656,.F.);
#2111=ORIENTED_EDGE('',*,*,#1657,.F.);
#2112=ORIENTED_EDGE('',*,*,#1593,.T.);
#2113=ORIENTED_EDGE('',*,*,#1639,.T.);
#2114=ORIENTED_EDGE('',*,*,#1658,.T.);
#2115=ORIENTED_EDGE('',*,*,#1659,.F.);
#2116=ORIENTED_EDGE('',*,*,#1660,.F.);
#2117=ORIENTED_EDGE('',*,*,#1601,.T.);
#2118=ORIENTED_EDGE('',*,*,#1661,.F.);
#2119=ORIENTED_EDGE('',*,*,#1662,.F.);
#2120=ORIENTED_EDGE('',*,*,#1656,.T.);
#2121=ORIENTED_EDGE('',*,*,#1617,.T.);
#2122=ORIENTED_EDGE('',*,*,#1663,.F.);
#2123=ORIENTED_EDGE('',*,*,#1664,.F.);
#2124=ORIENTED_EDGE('',*,*,#1608,.T.);
#2125=ORIENTED_EDGE('',*,*,#1643,.T.);
#2126=ORIENTED_EDGE('',*,*,#1665,.T.);
#2127=ORIENTED_EDGE('',*,*,#1666,.F.);
#2128=ORIENTED_EDGE('',*,*,#1667,.F.);
#2129=ORIENTED_EDGE('',*,*,#1616,.T.);
#2130=ORIENTED_EDGE('',*,*,#1668,.F.);
#2131=ORIENTED_EDGE('',*,*,#1669,.F.);
#2132=ORIENTED_EDGE('',*,*,#1663,.T.);
#2133=ORIENTED_EDGE('',*,*,#1647,.T.);
#2134=ORIENTED_EDGE('',*,*,#1670,.T.);
#2135=ORIENTED_EDGE('',*,*,#1671,.F.);
#2136=ORIENTED_EDGE('',*,*,#1672,.F.);
#2137=ORIENTED_EDGE('',*,*,#1646,.T.);
#2138=ORIENTED_EDGE('',*,*,#1673,.T.);
#2139=ORIENTED_EDGE('',*,*,#1674,.F.);
#2140=ORIENTED_EDGE('',*,*,#1670,.F.);
#2141=ORIENTED_EDGE('',*,*,#1645,.T.);
#2142=ORIENTED_EDGE('',*,*,#1627,.T.);
#2143=ORIENTED_EDGE('',*,*,#1675,.F.);
#2144=ORIENTED_EDGE('',*,*,#1673,.F.);
#2145=ORIENTED_EDGE('',*,*,#1676,.F.);
#2146=ORIENTED_EDGE('',*,*,#1677,.T.);
#2147=ORIENTED_EDGE('',*,*,#1678,.T.);
#2148=ORIENTED_EDGE('',*,*,#1677,.F.);
#2149=ORIENTED_EDGE('',*,*,#1678,.F.);
#2150=ORIENTED_EDGE('',*,*,#1679,.F.);
#2151=ORIENTED_EDGE('',*,*,#1680,.T.);
#2152=ORIENTED_EDGE('',*,*,#1681,.T.);
#2153=ORIENTED_EDGE('',*,*,#1680,.F.);
#2154=ORIENTED_EDGE('',*,*,#1681,.F.);
#2155=ORIENTED_EDGE('',*,*,#1682,.F.);
#2156=ORIENTED_EDGE('',*,*,#1683,.T.);
#2157=ORIENTED_EDGE('',*,*,#1684,.T.);
#2158=ORIENTED_EDGE('',*,*,#1683,.F.);
#2159=ORIENTED_EDGE('',*,*,#1684,.F.);
#2160=ORIENTED_EDGE('',*,*,#1685,.F.);
#2161=ORIENTED_EDGE('',*,*,#1686,.T.);
#2162=ORIENTED_EDGE('',*,*,#1687,.T.);
#2163=ORIENTED_EDGE('',*,*,#1686,.F.);
#2164=ORIENTED_EDGE('',*,*,#1687,.F.);
#2165=ORIENTED_EDGE('',*,*,#1688,.F.);
#2166=ORIENTED_EDGE('',*,*,#1689,.F.);
#2167=ORIENTED_EDGE('',*,*,#1690,.F.);
#2168=ORIENTED_EDGE('',*,*,#1691,.T.);
#2169=ORIENTED_EDGE('',*,*,#1692,.F.);
#2170=ORIENTED_EDGE('',*,*,#1691,.F.);
#2171=ORIENTED_EDGE('',*,*,#1693,.F.);
#2172=ORIENTED_EDGE('',*,*,#1694,.T.);
#2173=ORIENTED_EDGE('',*,*,#1695,.F.);
#2174=ORIENTED_EDGE('',*,*,#1694,.F.);
#2175=ORIENTED_EDGE('',*,*,#1696,.F.);
#2176=ORIENTED_EDGE('',*,*,#1697,.T.);
#2177=ORIENTED_EDGE('',*,*,#1698,.F.);
#2178=ORIENTED_EDGE('',*,*,#1697,.F.);
#2179=ORIENTED_EDGE('',*,*,#1699,.F.);
#2180=ORIENTED_EDGE('',*,*,#1689,.T.);
#2181=ORIENTED_EDGE('',*,*,#1700,.F.);
#2182=ORIENTED_EDGE('',*,*,#1701,.F.);
#2183=ORIENTED_EDGE('',*,*,#1702,.F.);
#2184=ORIENTED_EDGE('',*,*,#1703,.T.);
#2185=ORIENTED_EDGE('',*,*,#1704,.F.);
#2186=ORIENTED_EDGE('',*,*,#1703,.F.);
#2187=ORIENTED_EDGE('',*,*,#1705,.F.);
#2188=ORIENTED_EDGE('',*,*,#1706,.T.);
#2189=ORIENTED_EDGE('',*,*,#1707,.F.);
#2190=ORIENTED_EDGE('',*,*,#1706,.F.);
#2191=ORIENTED_EDGE('',*,*,#1708,.F.);
#2192=ORIENTED_EDGE('',*,*,#1709,.T.);
#2193=ORIENTED_EDGE('',*,*,#1710,.F.);
#2194=ORIENTED_EDGE('',*,*,#1709,.F.);
#2195=ORIENTED_EDGE('',*,*,#1711,.F.);
#2196=ORIENTED_EDGE('',*,*,#1701,.T.);
#2197=ORIENTED_EDGE('',*,*,#1712,.F.);
#2198=ORIENTED_EDGE('',*,*,#1713,.F.);
#2199=ORIENTED_EDGE('',*,*,#1714,.F.);
#2200=ORIENTED_EDGE('',*,*,#1715,.T.);
#2201=ORIENTED_EDGE('',*,*,#1716,.F.);
#2202=ORIENTED_EDGE('',*,*,#1715,.F.);
#2203=ORIENTED_EDGE('',*,*,#1717,.F.);
#2204=ORIENTED_EDGE('',*,*,#1718,.T.);
#2205=ORIENTED_EDGE('',*,*,#1719,.F.);
#2206=ORIENTED_EDGE('',*,*,#1718,.F.);
#2207=ORIENTED_EDGE('',*,*,#1720,.F.);
#2208=ORIENTED_EDGE('',*,*,#1721,.T.);
#2209=ORIENTED_EDGE('',*,*,#1722,.F.);
#2210=ORIENTED_EDGE('',*,*,#1721,.F.);
#2211=ORIENTED_EDGE('',*,*,#1723,.F.);
#2212=ORIENTED_EDGE('',*,*,#1713,.T.);
#2213=ORIENTED_EDGE('',*,*,#1724,.F.);
#2214=ORIENTED_EDGE('',*,*,#1725,.F.);
#2215=ORIENTED_EDGE('',*,*,#1726,.F.);
#2216=ORIENTED_EDGE('',*,*,#1727,.T.);
#2217=ORIENTED_EDGE('',*,*,#1728,.F.);
#2218=ORIENTED_EDGE('',*,*,#1727,.F.);
#2219=ORIENTED_EDGE('',*,*,#1729,.F.);
#2220=ORIENTED_EDGE('',*,*,#1730,.T.);
#2221=ORIENTED_EDGE('',*,*,#1731,.F.);
#2222=ORIENTED_EDGE('',*,*,#1730,.F.);
#2223=ORIENTED_EDGE('',*,*,#1732,.F.);
#2224=ORIENTED_EDGE('',*,*,#1733,.T.);
#2225=ORIENTED_EDGE('',*,*,#1734,.F.);
#2226=ORIENTED_EDGE('',*,*,#1733,.F.);
#2227=ORIENTED_EDGE('',*,*,#1735,.F.);
#2228=ORIENTED_EDGE('',*,*,#1725,.T.);
#2229=ORIENTED_EDGE('',*,*,#1736,.F.);
#2230=ORIENTED_EDGE('',*,*,#1737,.F.);
#2231=ORIENTED_EDGE('',*,*,#1738,.F.);
#2232=ORIENTED_EDGE('',*,*,#1739,.T.);
#2233=ORIENTED_EDGE('',*,*,#1740,.F.);
#2234=ORIENTED_EDGE('',*,*,#1739,.F.);
#2235=ORIENTED_EDGE('',*,*,#1741,.F.);
#2236=ORIENTED_EDGE('',*,*,#1742,.T.);
#2237=ORIENTED_EDGE('',*,*,#1743,.F.);
#2238=ORIENTED_EDGE('',*,*,#1742,.F.);
#2239=ORIENTED_EDGE('',*,*,#1744,.F.);
#2240=ORIENTED_EDGE('',*,*,#1745,.T.);
#2241=ORIENTED_EDGE('',*,*,#1746,.F.);
#2242=ORIENTED_EDGE('',*,*,#1745,.F.);
#2243=ORIENTED_EDGE('',*,*,#1747,.F.);
#2244=ORIENTED_EDGE('',*,*,#1737,.T.);
#2245=ORIENTED_EDGE('',*,*,#1748,.F.);
#2246=ORIENTED_EDGE('',*,*,#1749,.F.);
#2247=ORIENTED_EDGE('',*,*,#1750,.F.);
#2248=ORIENTED_EDGE('',*,*,#1751,.T.);
#2249=ORIENTED_EDGE('',*,*,#1752,.F.);
#2250=ORIENTED_EDGE('',*,*,#1751,.F.);
#2251=ORIENTED_EDGE('',*,*,#1753,.F.);
#2252=ORIENTED_EDGE('',*,*,#1754,.T.);
#2253=ORIENTED_EDGE('',*,*,#1755,.F.);
#2254=ORIENTED_EDGE('',*,*,#1754,.F.);
#2255=ORIENTED_EDGE('',*,*,#1756,.F.);
#2256=ORIENTED_EDGE('',*,*,#1757,.T.);
#2257=ORIENTED_EDGE('',*,*,#1758,.F.);
#2258=ORIENTED_EDGE('',*,*,#1757,.F.);
#2259=ORIENTED_EDGE('',*,*,#1759,.F.);
#2260=ORIENTED_EDGE('',*,*,#1749,.T.);
#2261=ORIENTED_EDGE('',*,*,#1760,.F.);
#2262=ORIENTED_EDGE('',*,*,#1761,.F.);
#2263=ORIENTED_EDGE('',*,*,#1762,.F.);
#2264=ORIENTED_EDGE('',*,*,#1763,.T.);
#2265=ORIENTED_EDGE('',*,*,#1764,.F.);
#2266=ORIENTED_EDGE('',*,*,#1763,.F.);
#2267=ORIENTED_EDGE('',*,*,#1765,.F.);
#2268=ORIENTED_EDGE('',*,*,#1766,.T.);
#2269=ORIENTED_EDGE('',*,*,#1767,.F.);
#2270=ORIENTED_EDGE('',*,*,#1766,.F.);
#2271=ORIENTED_EDGE('',*,*,#1768,.F.);
#2272=ORIENTED_EDGE('',*,*,#1769,.T.);
#2273=ORIENTED_EDGE('',*,*,#1770,.F.);
#2274=ORIENTED_EDGE('',*,*,#1769,.F.);
#2275=ORIENTED_EDGE('',*,*,#1771,.F.);
#2276=ORIENTED_EDGE('',*,*,#1761,.T.);
#2277=ORIENTED_EDGE('',*,*,#1772,.F.);
#2278=ORIENTED_EDGE('',*,*,#1773,.F.);
#2279=ORIENTED_EDGE('',*,*,#1774,.F.);
#2280=ORIENTED_EDGE('',*,*,#1775,.T.);
#2281=ORIENTED_EDGE('',*,*,#1776,.F.);
#2282=ORIENTED_EDGE('',*,*,#1775,.F.);
#2283=ORIENTED_EDGE('',*,*,#1777,.F.);
#2284=ORIENTED_EDGE('',*,*,#1778,.T.);
#2285=ORIENTED_EDGE('',*,*,#1779,.F.);
#2286=ORIENTED_EDGE('',*,*,#1778,.F.);
#2287=ORIENTED_EDGE('',*,*,#1780,.F.);
#2288=ORIENTED_EDGE('',*,*,#1781,.T.);
#2289=ORIENTED_EDGE('',*,*,#1782,.F.);
#2290=ORIENTED_EDGE('',*,*,#1781,.F.);
#2291=ORIENTED_EDGE('',*,*,#1783,.F.);
#2292=ORIENTED_EDGE('',*,*,#1773,.T.);
#2293=ORIENTED_EDGE('',*,*,#1784,.F.);
#2294=ORIENTED_EDGE('',*,*,#1785,.F.);
#2295=ORIENTED_EDGE('',*,*,#1786,.F.);
#2296=ORIENTED_EDGE('',*,*,#1787,.T.);
#2297=ORIENTED_EDGE('',*,*,#1788,.F.);
#2298=ORIENTED_EDGE('',*,*,#1787,.F.);
#2299=ORIENTED_EDGE('',*,*,#1789,.F.);
#2300=ORIENTED_EDGE('',*,*,#1790,.T.);
#2301=ORIENTED_EDGE('',*,*,#1791,.F.);
#2302=ORIENTED_EDGE('',*,*,#1790,.F.);
#2303=ORIENTED_EDGE('',*,*,#1792,.F.);
#2304=ORIENTED_EDGE('',*,*,#1793,.T.);
#2305=ORIENTED_EDGE('',*,*,#1794,.F.);
#2306=ORIENTED_EDGE('',*,*,#1793,.F.);
#2307=ORIENTED_EDGE('',*,*,#1795,.F.);
#2308=ORIENTED_EDGE('',*,*,#1785,.T.);
#2309=ORIENTED_EDGE('',*,*,#1796,.F.);
#2310=ORIENTED_EDGE('',*,*,#1797,.F.);
#2311=ORIENTED_EDGE('',*,*,#1798,.F.);
#2312=ORIENTED_EDGE('',*,*,#1799,.T.);
#2313=ORIENTED_EDGE('',*,*,#1800,.F.);
#2314=ORIENTED_EDGE('',*,*,#1799,.F.);
#2315=ORIENTED_EDGE('',*,*,#1801,.F.);
#2316=ORIENTED_EDGE('',*,*,#1802,.T.);
#2317=ORIENTED_EDGE('',*,*,#1803,.F.);
#2318=ORIENTED_EDGE('',*,*,#1802,.F.);
#2319=ORIENTED_EDGE('',*,*,#1804,.F.);
#2320=ORIENTED_EDGE('',*,*,#1805,.T.);
#2321=ORIENTED_EDGE('',*,*,#1806,.F.);
#2322=ORIENTED_EDGE('',*,*,#1805,.F.);
#2323=ORIENTED_EDGE('',*,*,#1807,.F.);
#2324=ORIENTED_EDGE('',*,*,#1797,.T.);
#2325=ORIENTED_EDGE('',*,*,#1808,.F.);
#2326=ORIENTED_EDGE('',*,*,#1809,.F.);
#2327=ORIENTED_EDGE('',*,*,#1810,.F.);
#2328=ORIENTED_EDGE('',*,*,#1811,.T.);
#2329=ORIENTED_EDGE('',*,*,#1812,.F.);
#2330=ORIENTED_EDGE('',*,*,#1811,.F.);
#2331=ORIENTED_EDGE('',*,*,#1813,.F.);
#2332=ORIENTED_EDGE('',*,*,#1814,.T.);
#2333=ORIENTED_EDGE('',*,*,#1815,.F.);
#2334=ORIENTED_EDGE('',*,*,#1814,.F.);
#2335=ORIENTED_EDGE('',*,*,#1816,.F.);
#2336=ORIENTED_EDGE('',*,*,#1817,.T.);
#2337=ORIENTED_EDGE('',*,*,#1818,.F.);
#2338=ORIENTED_EDGE('',*,*,#1817,.F.);
#2339=ORIENTED_EDGE('',*,*,#1819,.F.);
#2340=ORIENTED_EDGE('',*,*,#1809,.T.);
#2341=ORIENTED_EDGE('',*,*,#1820,.F.);
#2342=ORIENTED_EDGE('',*,*,#1821,.F.);
#2343=ORIENTED_EDGE('',*,*,#1822,.F.);
#2344=ORIENTED_EDGE('',*,*,#1823,.T.);
#2345=ORIENTED_EDGE('',*,*,#1824,.F.);
#2346=ORIENTED_EDGE('',*,*,#1823,.F.);
#2347=ORIENTED_EDGE('',*,*,#1825,.F.);
#2348=ORIENTED_EDGE('',*,*,#1826,.T.);
#2349=ORIENTED_EDGE('',*,*,#1827,.F.);
#2350=ORIENTED_EDGE('',*,*,#1826,.F.);
#2351=ORIENTED_EDGE('',*,*,#1828,.F.);
#2352=ORIENTED_EDGE('',*,*,#1829,.T.);
#2353=ORIENTED_EDGE('',*,*,#1830,.F.);
#2354=ORIENTED_EDGE('',*,*,#1829,.F.);
#2355=ORIENTED_EDGE('',*,*,#1831,.F.);
#2356=ORIENTED_EDGE('',*,*,#1821,.T.);
#2357=ORIENTED_EDGE('',*,*,#1832,.F.);
#2358=ORIENTED_EDGE('',*,*,#1833,.F.);
#2359=ORIENTED_EDGE('',*,*,#1834,.F.);
#2360=ORIENTED_EDGE('',*,*,#1835,.T.);
#2361=ORIENTED_EDGE('',*,*,#1836,.F.);
#2362=ORIENTED_EDGE('',*,*,#1835,.F.);
#2363=ORIENTED_EDGE('',*,*,#1837,.F.);
#2364=ORIENTED_EDGE('',*,*,#1838,.T.);
#2365=ORIENTED_EDGE('',*,*,#1839,.F.);
#2366=ORIENTED_EDGE('',*,*,#1838,.F.);
#2367=ORIENTED_EDGE('',*,*,#1840,.F.);
#2368=ORIENTED_EDGE('',*,*,#1841,.T.);
#2369=ORIENTED_EDGE('',*,*,#1842,.F.);
#2370=ORIENTED_EDGE('',*,*,#1841,.F.);
#2371=ORIENTED_EDGE('',*,*,#1843,.F.);
#2372=ORIENTED_EDGE('',*,*,#1833,.T.);
#2373=ORIENTED_EDGE('',*,*,#1844,.F.);
#2374=ORIENTED_EDGE('',*,*,#1845,.F.);
#2375=ORIENTED_EDGE('',*,*,#1846,.F.);
#2376=ORIENTED_EDGE('',*,*,#1847,.T.);
#2377=ORIENTED_EDGE('',*,*,#1848,.F.);
#2378=ORIENTED_EDGE('',*,*,#1847,.F.);
#2379=ORIENTED_EDGE('',*,*,#1849,.F.);
#2380=ORIENTED_EDGE('',*,*,#1850,.T.);
#2381=ORIENTED_EDGE('',*,*,#1851,.F.);
#2382=ORIENTED_EDGE('',*,*,#1850,.F.);
#2383=ORIENTED_EDGE('',*,*,#1852,.F.);
#2384=ORIENTED_EDGE('',*,*,#1853,.T.);
#2385=ORIENTED_EDGE('',*,*,#1854,.F.);
#2386=ORIENTED_EDGE('',*,*,#1853,.F.);
#2387=ORIENTED_EDGE('',*,*,#1855,.F.);
#2388=ORIENTED_EDGE('',*,*,#1845,.T.);
#2389=ORIENTED_EDGE('',*,*,#1856,.F.);
#2390=ORIENTED_EDGE('',*,*,#1857,.F.);
#2391=ORIENTED_EDGE('',*,*,#1858,.F.);
#2392=ORIENTED_EDGE('',*,*,#1859,.T.);
#2393=ORIENTED_EDGE('',*,*,#1860,.F.);
#2394=ORIENTED_EDGE('',*,*,#1859,.F.);
#2395=ORIENTED_EDGE('',*,*,#1861,.F.);
#2396=ORIENTED_EDGE('',*,*,#1862,.T.);
#2397=ORIENTED_EDGE('',*,*,#1863,.F.);
#2398=ORIENTED_EDGE('',*,*,#1862,.F.);
#2399=ORIENTED_EDGE('',*,*,#1864,.F.);
#2400=ORIENTED_EDGE('',*,*,#1865,.T.);
#2401=ORIENTED_EDGE('',*,*,#1866,.F.);
#2402=ORIENTED_EDGE('',*,*,#1865,.F.);
#2403=ORIENTED_EDGE('',*,*,#1867,.F.);
#2404=ORIENTED_EDGE('',*,*,#1857,.T.);
#2405=ORIENTED_EDGE('',*,*,#1868,.F.);
#2406=ORIENTED_EDGE('',*,*,#1869,.F.);
#2407=ORIENTED_EDGE('',*,*,#1870,.F.);
#2408=ORIENTED_EDGE('',*,*,#1871,.T.);
#2409=ORIENTED_EDGE('',*,*,#1872,.F.);
#2410=ORIENTED_EDGE('',*,*,#1871,.F.);
#2411=ORIENTED_EDGE('',*,*,#1873,.F.);
#2412=ORIENTED_EDGE('',*,*,#1874,.T.);
#2413=ORIENTED_EDGE('',*,*,#1875,.F.);
#2414=ORIENTED_EDGE('',*,*,#1874,.F.);
#2415=ORIENTED_EDGE('',*,*,#1876,.F.);
#2416=ORIENTED_EDGE('',*,*,#1877,.T.);
#2417=ORIENTED_EDGE('',*,*,#1878,.F.);
#2418=ORIENTED_EDGE('',*,*,#1877,.F.);
#2419=ORIENTED_EDGE('',*,*,#1879,.F.);
#2420=ORIENTED_EDGE('',*,*,#1869,.T.);
#2421=ORIENTED_EDGE('',*,*,#1633,.T.);
#2422=ORIENTED_EDGE('',*,*,#1582,.T.);
#2423=ORIENTED_EDGE('',*,*,#1880,.F.);
#2424=ORIENTED_EDGE('',*,*,#1881,.F.);
#2425=ORIENTED_EDGE('',*,*,#1634,.T.);
#2426=ORIENTED_EDGE('',*,*,#1881,.T.);
#2427=ORIENTED_EDGE('',*,*,#1882,.F.);
#2428=ORIENTED_EDGE('',*,*,#1651,.F.);
#2429=ORIENTED_EDGE('',*,*,#1585,.T.);
#2430=ORIENTED_EDGE('',*,*,#1883,.F.);
#2431=ORIENTED_EDGE('',*,*,#1884,.F.);
#2432=ORIENTED_EDGE('',*,*,#1654,.T.);
#2433=ORIENTED_EDGE('',*,*,#1576,.F.);
#2434=ORIENTED_EDGE('',*,*,#1636,.F.);
#2435=ORIENTED_EDGE('',*,*,#1653,.T.);
#2436=ORIENTED_EDGE('',*,*,#1885,.F.);
#2437=ORIENTED_EDGE('',*,*,#1886,.F.);
#2438=ORIENTED_EDGE('',*,*,#1887,.F.);
#2439=ORIENTED_EDGE('',*,*,#1883,.T.);
#2440=ORIENTED_EDGE('',*,*,#1584,.F.);
#2441=ORIENTED_EDGE('',*,*,#1581,.T.);
#2442=ORIENTED_EDGE('',*,*,#1888,.T.);
#2443=ORIENTED_EDGE('',*,*,#1889,.T.);
#2444=ORIENTED_EDGE('',*,*,#1885,.T.);
#2445=ORIENTED_EDGE('',*,*,#1652,.T.);
#2446=ORIENTED_EDGE('',*,*,#1882,.T.);
#2447=ORIENTED_EDGE('',*,*,#1880,.T.);
#2448=ORIENTED_EDGE('',*,*,#1676,.T.);
#2449=ORIENTED_EDGE('',*,*,#1641,.T.);
#2450=ORIENTED_EDGE('',*,*,#1612,.T.);
#2451=ORIENTED_EDGE('',*,*,#1890,.F.);
#2452=ORIENTED_EDGE('',*,*,#1891,.F.);
#2453=ORIENTED_EDGE('',*,*,#1642,.T.);
#2454=ORIENTED_EDGE('',*,*,#1891,.T.);
#2455=ORIENTED_EDGE('',*,*,#1892,.F.);
#2456=ORIENTED_EDGE('',*,*,#1665,.F.);
#2457=ORIENTED_EDGE('',*,*,#1615,.T.);
#2458=ORIENTED_EDGE('',*,*,#1893,.F.);
#2459=ORIENTED_EDGE('',*,*,#1894,.F.);
#2460=ORIENTED_EDGE('',*,*,#1668,.T.);
#2461=ORIENTED_EDGE('',*,*,#1606,.F.);
#2462=ORIENTED_EDGE('',*,*,#1644,.F.);
#2463=ORIENTED_EDGE('',*,*,#1667,.T.);
#2464=ORIENTED_EDGE('',*,*,#1895,.F.);
#2465=ORIENTED_EDGE('',*,*,#1896,.F.);
#2466=ORIENTED_EDGE('',*,*,#1897,.F.);
#2467=ORIENTED_EDGE('',*,*,#1893,.T.);
#2468=ORIENTED_EDGE('',*,*,#1614,.F.);
#2469=ORIENTED_EDGE('',*,*,#1611,.T.);
#2470=ORIENTED_EDGE('',*,*,#1898,.T.);
#2471=ORIENTED_EDGE('',*,*,#1899,.T.);
#2472=ORIENTED_EDGE('',*,*,#1895,.T.);
#2473=ORIENTED_EDGE('',*,*,#1666,.T.);
#2474=ORIENTED_EDGE('',*,*,#1892,.T.);
#2475=ORIENTED_EDGE('',*,*,#1890,.T.);
#2476=ORIENTED_EDGE('',*,*,#1679,.T.);
#2477=ORIENTED_EDGE('',*,*,#1637,.T.);
#2478=ORIENTED_EDGE('',*,*,#1597,.T.);
#2479=ORIENTED_EDGE('',*,*,#1900,.F.);
#2480=ORIENTED_EDGE('',*,*,#1901,.F.);
#2481=ORIENTED_EDGE('',*,*,#1638,.T.);
#2482=ORIENTED_EDGE('',*,*,#1901,.T.);
#2483=ORIENTED_EDGE('',*,*,#1902,.F.);
#2484=ORIENTED_EDGE('',*,*,#1658,.F.);
#2485=ORIENTED_EDGE('',*,*,#1600,.T.);
#2486=ORIENTED_EDGE('',*,*,#1903,.F.);
#2487=ORIENTED_EDGE('',*,*,#1904,.F.);
#2488=ORIENTED_EDGE('',*,*,#1661,.T.);
#2489=ORIENTED_EDGE('',*,*,#1591,.F.);
#2490=ORIENTED_EDGE('',*,*,#1640,.F.);
#2491=ORIENTED_EDGE('',*,*,#1660,.T.);
#2492=ORIENTED_EDGE('',*,*,#1905,.F.);
#2493=ORIENTED_EDGE('',*,*,#1906,.F.);
#2494=ORIENTED_EDGE('',*,*,#1907,.F.);
#2495=ORIENTED_EDGE('',*,*,#1903,.T.);
#2496=ORIENTED_EDGE('',*,*,#1599,.F.);
#2497=ORIENTED_EDGE('',*,*,#1596,.T.);
#2498=ORIENTED_EDGE('',*,*,#1908,.T.);
#2499=ORIENTED_EDGE('',*,*,#1909,.T.);
#2500=ORIENTED_EDGE('',*,*,#1905,.T.);
#2501=ORIENTED_EDGE('',*,*,#1659,.T.);
#2502=ORIENTED_EDGE('',*,*,#1902,.T.);
#2503=ORIENTED_EDGE('',*,*,#1900,.T.);
#2504=ORIENTED_EDGE('',*,*,#1682,.T.);
#2505=ORIENTED_EDGE('',*,*,#1632,.T.);
#2506=ORIENTED_EDGE('',*,*,#1910,.F.);
#2507=ORIENTED_EDGE('',*,*,#1911,.F.);
#2508=ORIENTED_EDGE('',*,*,#1623,.T.);
#2509=ORIENTED_EDGE('',*,*,#1631,.T.);
#2510=ORIENTED_EDGE('',*,*,#1912,.F.);
#2511=ORIENTED_EDGE('',*,*,#1913,.F.);
#2512=ORIENTED_EDGE('',*,*,#1910,.T.);
#2513=ORIENTED_EDGE('',*,*,#1630,.T.);
#2514=ORIENTED_EDGE('',*,*,#1914,.F.);
#2515=ORIENTED_EDGE('',*,*,#1915,.F.);
#2516=ORIENTED_EDGE('',*,*,#1912,.T.);
#2517=ORIENTED_EDGE('',*,*,#1621,.F.);
#2518=ORIENTED_EDGE('',*,*,#1648,.F.);
#2519=ORIENTED_EDGE('',*,*,#1672,.T.);
#2520=ORIENTED_EDGE('',*,*,#1916,.F.);
#2521=ORIENTED_EDGE('',*,*,#1917,.F.);
#2522=ORIENTED_EDGE('',*,*,#1918,.F.);
#2523=ORIENTED_EDGE('',*,*,#1914,.T.);
#2524=ORIENTED_EDGE('',*,*,#1629,.F.);
#2525=ORIENTED_EDGE('',*,*,#1626,.T.);
#2526=ORIENTED_EDGE('',*,*,#1919,.T.);
#2527=ORIENTED_EDGE('',*,*,#1920,.T.);
#2528=ORIENTED_EDGE('',*,*,#1916,.T.);
#2529=ORIENTED_EDGE('',*,*,#1671,.T.);
#2530=ORIENTED_EDGE('',*,*,#1674,.T.);
#2531=ORIENTED_EDGE('',*,*,#1675,.T.);
#2532=ORIENTED_EDGE('',*,*,#1685,.T.);
#2533=ORIENTED_EDGE('',*,*,#1921,.T.);
#2534=ORIENTED_EDGE('',*,*,#1922,.T.);
#2535=ORIENTED_EDGE('',*,*,#1898,.F.);
#2536=ORIENTED_EDGE('',*,*,#1610,.F.);
#2537=ORIENTED_EDGE('',*,*,#1923,.F.);
#2538=ORIENTED_EDGE('',*,*,#1917,.T.);
#2539=ORIENTED_EDGE('',*,*,#1920,.F.);
#2540=ORIENTED_EDGE('',*,*,#1924,.F.);
#2541=ORIENTED_EDGE('',*,*,#1925,.T.);
#2542=ORIENTED_EDGE('',*,*,#1924,.T.);
#2543=ORIENTED_EDGE('',*,*,#1919,.F.);
#2544=ORIENTED_EDGE('',*,*,#1625,.F.);
#2545=ORIENTED_EDGE('',*,*,#1926,.F.);
#2546=ORIENTED_EDGE('',*,*,#1906,.T.);
#2547=ORIENTED_EDGE('',*,*,#1909,.F.);
#2548=ORIENTED_EDGE('',*,*,#1927,.F.);
#2549=ORIENTED_EDGE('',*,*,#1928,.T.);
#2550=ORIENTED_EDGE('',*,*,#1927,.T.);
#2551=ORIENTED_EDGE('',*,*,#1908,.F.);
#2552=ORIENTED_EDGE('',*,*,#1595,.F.);
#2553=ORIENTED_EDGE('',*,*,#1929,.F.);
#2554=ORIENTED_EDGE('',*,*,#1886,.T.);
#2555=ORIENTED_EDGE('',*,*,#1889,.F.);
#2556=ORIENTED_EDGE('',*,*,#1930,.F.);
#2557=ORIENTED_EDGE('',*,*,#1931,.T.);
#2558=ORIENTED_EDGE('',*,*,#1930,.T.);
#2559=ORIENTED_EDGE('',*,*,#1888,.F.);
#2560=ORIENTED_EDGE('',*,*,#1580,.F.);
#2561=ORIENTED_EDGE('',*,*,#1932,.F.);
#2562=ORIENTED_EDGE('',*,*,#1896,.T.);
#2563=ORIENTED_EDGE('',*,*,#1899,.F.);
#2564=ORIENTED_EDGE('',*,*,#1922,.F.);
#2565=ORIENTED_EDGE('',*,*,#1887,.T.);
#2566=ORIENTED_EDGE('',*,*,#1929,.T.);
#2567=ORIENTED_EDGE('',*,*,#1594,.T.);
#2568=ORIENTED_EDGE('',*,*,#1657,.T.);
#2569=ORIENTED_EDGE('',*,*,#1662,.T.);
#2570=ORIENTED_EDGE('',*,*,#1904,.T.);
#2571=ORIENTED_EDGE('',*,*,#1907,.T.);
#2572=ORIENTED_EDGE('',*,*,#1926,.T.);
#2573=ORIENTED_EDGE('',*,*,#1624,.T.);
#2574=ORIENTED_EDGE('',*,*,#1911,.T.);
#2575=ORIENTED_EDGE('',*,*,#1913,.T.);
#2576=ORIENTED_EDGE('',*,*,#1915,.T.);
#2577=ORIENTED_EDGE('',*,*,#1918,.T.);
#2578=ORIENTED_EDGE('',*,*,#1923,.T.);
#2579=ORIENTED_EDGE('',*,*,#1609,.T.);
#2580=ORIENTED_EDGE('',*,*,#1664,.T.);
#2581=ORIENTED_EDGE('',*,*,#1669,.T.);
#2582=ORIENTED_EDGE('',*,*,#1894,.T.);
#2583=ORIENTED_EDGE('',*,*,#1897,.T.);
#2584=ORIENTED_EDGE('',*,*,#1932,.T.);
#2585=ORIENTED_EDGE('',*,*,#1579,.T.);
#2586=ORIENTED_EDGE('',*,*,#1650,.T.);
#2587=ORIENTED_EDGE('',*,*,#1655,.T.);
#2588=ORIENTED_EDGE('',*,*,#1884,.T.);
#2589=ORIENTED_EDGE('',*,*,#1552,.T.);
#2590=ORIENTED_EDGE('',*,*,#1558,.T.);
#2591=ORIENTED_EDGE('',*,*,#1564,.T.);
#2592=ORIENTED_EDGE('',*,*,#1570,.T.);
#2593=ORIENTED_EDGE('',*,*,#1696,.T.);
#2594=ORIENTED_EDGE('',*,*,#1693,.T.);
#2595=ORIENTED_EDGE('',*,*,#1690,.T.);
#2596=ORIENTED_EDGE('',*,*,#1699,.T.);
#2597=ORIENTED_EDGE('',*,*,#1708,.T.);
#2598=ORIENTED_EDGE('',*,*,#1705,.T.);
#2599=ORIENTED_EDGE('',*,*,#1702,.T.);
#2600=ORIENTED_EDGE('',*,*,#1711,.T.);
#2601=ORIENTED_EDGE('',*,*,#1720,.T.);
#2602=ORIENTED_EDGE('',*,*,#1717,.T.);
#2603=ORIENTED_EDGE('',*,*,#1714,.T.);
#2604=ORIENTED_EDGE('',*,*,#1723,.T.);
#2605=ORIENTED_EDGE('',*,*,#1732,.T.);
#2606=ORIENTED_EDGE('',*,*,#1729,.T.);
#2607=ORIENTED_EDGE('',*,*,#1726,.T.);
#2608=ORIENTED_EDGE('',*,*,#1735,.T.);
#2609=ORIENTED_EDGE('',*,*,#1744,.T.);
#2610=ORIENTED_EDGE('',*,*,#1741,.T.);
#2611=ORIENTED_EDGE('',*,*,#1738,.T.);
#2612=ORIENTED_EDGE('',*,*,#1747,.T.);
#2613=ORIENTED_EDGE('',*,*,#1756,.T.);
#2614=ORIENTED_EDGE('',*,*,#1753,.T.);
#2615=ORIENTED_EDGE('',*,*,#1750,.T.);
#2616=ORIENTED_EDGE('',*,*,#1759,.T.);
#2617=ORIENTED_EDGE('',*,*,#1768,.T.);
#2618=ORIENTED_EDGE('',*,*,#1765,.T.);
#2619=ORIENTED_EDGE('',*,*,#1762,.T.);
#2620=ORIENTED_EDGE('',*,*,#1771,.T.);
#2621=ORIENTED_EDGE('',*,*,#1780,.T.);
#2622=ORIENTED_EDGE('',*,*,#1777,.T.);
#2623=ORIENTED_EDGE('',*,*,#1774,.T.);
#2624=ORIENTED_EDGE('',*,*,#1783,.T.);
#2625=ORIENTED_EDGE('',*,*,#1792,.T.);
#2626=ORIENTED_EDGE('',*,*,#1789,.T.);
#2627=ORIENTED_EDGE('',*,*,#1786,.T.);
#2628=ORIENTED_EDGE('',*,*,#1795,.T.);
#2629=ORIENTED_EDGE('',*,*,#1804,.T.);
#2630=ORIENTED_EDGE('',*,*,#1801,.T.);
#2631=ORIENTED_EDGE('',*,*,#1798,.T.);
#2632=ORIENTED_EDGE('',*,*,#1807,.T.);
#2633=ORIENTED_EDGE('',*,*,#1816,.T.);
#2634=ORIENTED_EDGE('',*,*,#1813,.T.);
#2635=ORIENTED_EDGE('',*,*,#1810,.T.);
#2636=ORIENTED_EDGE('',*,*,#1819,.T.);
#2637=ORIENTED_EDGE('',*,*,#1828,.T.);
#2638=ORIENTED_EDGE('',*,*,#1825,.T.);
#2639=ORIENTED_EDGE('',*,*,#1822,.T.);
#2640=ORIENTED_EDGE('',*,*,#1831,.T.);
#2641=ORIENTED_EDGE('',*,*,#1840,.T.);
#2642=ORIENTED_EDGE('',*,*,#1837,.T.);
#2643=ORIENTED_EDGE('',*,*,#1834,.T.);
#2644=ORIENTED_EDGE('',*,*,#1843,.T.);
#2645=ORIENTED_EDGE('',*,*,#1852,.T.);
#2646=ORIENTED_EDGE('',*,*,#1849,.T.);
#2647=ORIENTED_EDGE('',*,*,#1846,.T.);
#2648=ORIENTED_EDGE('',*,*,#1855,.T.);
#2649=ORIENTED_EDGE('',*,*,#1864,.T.);
#2650=ORIENTED_EDGE('',*,*,#1861,.T.);
#2651=ORIENTED_EDGE('',*,*,#1858,.T.);
#2652=ORIENTED_EDGE('',*,*,#1867,.T.);
#2653=ORIENTED_EDGE('',*,*,#1876,.T.);
#2654=ORIENTED_EDGE('',*,*,#1873,.T.);
#2655=ORIENTED_EDGE('',*,*,#1870,.T.);
#2656=ORIENTED_EDGE('',*,*,#1879,.T.);
#2657=ORIENTED_EDGE('',*,*,#1931,.F.);
#2658=ORIENTED_EDGE('',*,*,#1921,.F.);
#2659=ORIENTED_EDGE('',*,*,#1925,.F.);
#2660=ORIENTED_EDGE('',*,*,#1928,.F.);
#2661=ORIENTED_EDGE('',*,*,#1695,.T.);
#2662=ORIENTED_EDGE('',*,*,#1698,.T.);
#2663=ORIENTED_EDGE('',*,*,#1688,.T.);
#2664=ORIENTED_EDGE('',*,*,#1692,.T.);
#2665=ORIENTED_EDGE('',*,*,#1707,.T.);
#2666=ORIENTED_EDGE('',*,*,#1710,.T.);
#2667=ORIENTED_EDGE('',*,*,#1700,.T.);
#2668=ORIENTED_EDGE('',*,*,#1704,.T.);
#2669=ORIENTED_EDGE('',*,*,#1719,.T.);
#2670=ORIENTED_EDGE('',*,*,#1722,.T.);
#2671=ORIENTED_EDGE('',*,*,#1712,.T.);
#2672=ORIENTED_EDGE('',*,*,#1716,.T.);
#2673=ORIENTED_EDGE('',*,*,#1731,.T.);
#2674=ORIENTED_EDGE('',*,*,#1734,.T.);
#2675=ORIENTED_EDGE('',*,*,#1724,.T.);
#2676=ORIENTED_EDGE('',*,*,#1728,.T.);
#2677=ORIENTED_EDGE('',*,*,#1743,.T.);
#2678=ORIENTED_EDGE('',*,*,#1746,.T.);
#2679=ORIENTED_EDGE('',*,*,#1736,.T.);
#2680=ORIENTED_EDGE('',*,*,#1740,.T.);
#2681=ORIENTED_EDGE('',*,*,#1755,.T.);
#2682=ORIENTED_EDGE('',*,*,#1758,.T.);
#2683=ORIENTED_EDGE('',*,*,#1748,.T.);
#2684=ORIENTED_EDGE('',*,*,#1752,.T.);
#2685=ORIENTED_EDGE('',*,*,#1767,.T.);
#2686=ORIENTED_EDGE('',*,*,#1770,.T.);
#2687=ORIENTED_EDGE('',*,*,#1760,.T.);
#2688=ORIENTED_EDGE('',*,*,#1764,.T.);
#2689=ORIENTED_EDGE('',*,*,#1779,.T.);
#2690=ORIENTED_EDGE('',*,*,#1782,.T.);
#2691=ORIENTED_EDGE('',*,*,#1772,.T.);
#2692=ORIENTED_EDGE('',*,*,#1776,.T.);
#2693=ORIENTED_EDGE('',*,*,#1791,.T.);
#2694=ORIENTED_EDGE('',*,*,#1794,.T.);
#2695=ORIENTED_EDGE('',*,*,#1784,.T.);
#2696=ORIENTED_EDGE('',*,*,#1788,.T.);
#2697=ORIENTED_EDGE('',*,*,#1803,.T.);
#2698=ORIENTED_EDGE('',*,*,#1806,.T.);
#2699=ORIENTED_EDGE('',*,*,#1796,.T.);
#2700=ORIENTED_EDGE('',*,*,#1800,.T.);
#2701=ORIENTED_EDGE('',*,*,#1815,.T.);
#2702=ORIENTED_EDGE('',*,*,#1818,.T.);
#2703=ORIENTED_EDGE('',*,*,#1808,.T.);
#2704=ORIENTED_EDGE('',*,*,#1812,.T.);
#2705=ORIENTED_EDGE('',*,*,#1827,.T.);
#2706=ORIENTED_EDGE('',*,*,#1830,.T.);
#2707=ORIENTED_EDGE('',*,*,#1820,.T.);
#2708=ORIENTED_EDGE('',*,*,#1824,.T.);
#2709=ORIENTED_EDGE('',*,*,#1839,.T.);
#2710=ORIENTED_EDGE('',*,*,#1842,.T.);
#2711=ORIENTED_EDGE('',*,*,#1832,.T.);
#2712=ORIENTED_EDGE('',*,*,#1836,.T.);
#2713=ORIENTED_EDGE('',*,*,#1851,.T.);
#2714=ORIENTED_EDGE('',*,*,#1854,.T.);
#2715=ORIENTED_EDGE('',*,*,#1844,.T.);
#2716=ORIENTED_EDGE('',*,*,#1848,.T.);
#2717=ORIENTED_EDGE('',*,*,#1863,.T.);
#2718=ORIENTED_EDGE('',*,*,#1866,.T.);
#2719=ORIENTED_EDGE('',*,*,#1856,.T.);
#2720=ORIENTED_EDGE('',*,*,#1860,.T.);
#2721=ORIENTED_EDGE('',*,*,#1875,.T.);
#2722=ORIENTED_EDGE('',*,*,#1878,.T.);
#2723=ORIENTED_EDGE('',*,*,#1868,.T.);
#2724=ORIENTED_EDGE('',*,*,#1872,.T.);
#2725=CYLINDRICAL_SURFACE('',#2908,0.2);
#2726=CYLINDRICAL_SURFACE('',#2911,0.2);
#2727=CYLINDRICAL_SURFACE('',#2914,0.2);
#2728=CYLINDRICAL_SURFACE('',#2917,0.2);
#2729=CYLINDRICAL_SURFACE('',#2952,1.);
#2730=CYLINDRICAL_SURFACE('',#2958,1.);
#2731=CYLINDRICAL_SURFACE('',#2964,1.);
#2732=CYLINDRICAL_SURFACE('',#2970,1.);
#2733=CYLINDRICAL_SURFACE('',#2986,0.6);
#2734=CYLINDRICAL_SURFACE('',#2990,0.6);
#2735=CYLINDRICAL_SURFACE('',#2994,0.6);
#2736=CYLINDRICAL_SURFACE('',#2997,0.6);
#2737=CYLINDRICAL_SURFACE('',#3000,0.199999999999999);
#2738=CYLINDRICAL_SURFACE('',#3004,0.199999999999999);
#2739=CYLINDRICAL_SURFACE('',#3008,0.199999999999999);
#2740=CYLINDRICAL_SURFACE('',#3012,0.199999999999999);
#2741=CYLINDRICAL_SURFACE('',#3081,0.6);
#2742=CYLINDRICAL_SURFACE('',#3087,0.6);
#2743=CYLINDRICAL_SURFACE('',#3093,0.6);
#2744=CYLINDRICAL_SURFACE('',#3099,0.6);
#2745=ADVANCED_FACE('',(#193),#2725,.F.);
#2746=ADVANCED_FACE('',(#194),#2726,.F.);
#2747=ADVANCED_FACE('',(#195),#2727,.F.);
#2748=ADVANCED_FACE('',(#196),#2728,.F.);
#2749=ADVANCED_FACE('',(#197),#75,.T.);
#2750=ADVANCED_FACE('',(#198),#67,.F.);
#2751=ADVANCED_FACE('',(#199),#68,.T.);
#2752=ADVANCED_FACE('',(#200,#15),#76,.T.);
#2753=ADVANCED_FACE('',(#201),#77,.T.);
#2754=ADVANCED_FACE('',(#202),#69,.F.);
#2755=ADVANCED_FACE('',(#203),#70,.T.);
#2756=ADVANCED_FACE('',(#204,#16),#78,.T.);
#2757=ADVANCED_FACE('',(#205),#79,.T.);
#2758=ADVANCED_FACE('',(#206),#71,.F.);
#2759=ADVANCED_FACE('',(#207),#72,.T.);
#2760=ADVANCED_FACE('',(#208,#17),#80,.T.);
#2761=ADVANCED_FACE('',(#209),#81,.T.);
#2762=ADVANCED_FACE('',(#210),#73,.F.);
#2763=ADVANCED_FACE('',(#211),#74,.T.);
#2764=ADVANCED_FACE('',(#212,#18),#82,.T.);
#2765=ADVANCED_FACE('',(#213),#2729,.T.);
#2766=ADVANCED_FACE('',(#214),#83,.T.);
#2767=ADVANCED_FACE('',(#215,#19),#84,.F.);
#2768=ADVANCED_FACE('',(#216),#2730,.T.);
#2769=ADVANCED_FACE('',(#217),#85,.T.);
#2770=ADVANCED_FACE('',(#218,#20),#86,.F.);
#2771=ADVANCED_FACE('',(#219),#2731,.T.);
#2772=ADVANCED_FACE('',(#220),#87,.T.);
#2773=ADVANCED_FACE('',(#221,#21),#88,.F.);
#2774=ADVANCED_FACE('',(#222),#2732,.T.);
#2775=ADVANCED_FACE('',(#223),#89,.T.);
#2776=ADVANCED_FACE('',(#224,#22),#90,.F.);
#2777=ADVANCED_FACE('',(#225,#23),#91,.T.);
#2778=ADVANCED_FACE('',(#226,#24),#92,.T.);
#2779=ADVANCED_FACE('',(#227,#25),#93,.T.);
#2780=ADVANCED_FACE('',(#228,#26),#94,.T.);
#2781=ADVANCED_FACE('',(#229),#95,.T.);
#2782=ADVANCED_FACE('',(#230),#96,.T.);
#2783=ADVANCED_FACE('',(#231),#2733,.F.);
#2784=ADVANCED_FACE('',(#232),#97,.T.);
#2785=ADVANCED_FACE('',(#233),#98,.T.);
#2786=ADVANCED_FACE('',(#234),#2734,.F.);
#2787=ADVANCED_FACE('',(#235),#99,.T.);
#2788=ADVANCED_FACE('',(#236),#100,.T.);
#2789=ADVANCED_FACE('',(#237),#2735,.F.);
#2790=ADVANCED_FACE('',(#238),#101,.T.);
#2791=ADVANCED_FACE('',(#239),#2736,.F.);
#2792=ADVANCED_FACE('',(#240),#102,.T.);
#2793=ADVANCED_FACE('',(#241),#2737,.F.);
#2794=ADVANCED_FACE('',(#242),#103,.T.);
#2795=ADVANCED_FACE('',(#243),#2738,.F.);
#2796=ADVANCED_FACE('',(#244),#104,.T.);
#2797=ADVANCED_FACE('',(#245),#2739,.F.);
#2798=ADVANCED_FACE('',(#246),#105,.T.);
#2799=ADVANCED_FACE('',(#247),#2740,.F.);
#2800=ADVANCED_FACE('',(#248),#106,.T.);
#2801=ADVANCED_FACE('',(#249),#107,.F.);
#2802=ADVANCED_FACE('',(#250),#108,.F.);
#2803=ADVANCED_FACE('',(#251),#109,.F.);
#2804=ADVANCED_FACE('',(#252),#110,.F.);
#2805=ADVANCED_FACE('',(#253),#111,.F.);
#2806=ADVANCED_FACE('',(#254),#112,.F.);
#2807=ADVANCED_FACE('',(#255),#113,.F.);
#2808=ADVANCED_FACE('',(#256),#114,.F.);
#2809=ADVANCED_FACE('',(#257),#115,.F.);
#2810=ADVANCED_FACE('',(#258),#116,.F.);
#2811=ADVANCED_FACE('',(#259),#117,.F.);
#2812=ADVANCED_FACE('',(#260),#118,.F.);
#2813=ADVANCED_FACE('',(#261),#119,.F.);
#2814=ADVANCED_FACE('',(#262),#120,.F.);
#2815=ADVANCED_FACE('',(#263),#121,.F.);
#2816=ADVANCED_FACE('',(#264),#122,.F.);
#2817=ADVANCED_FACE('',(#265),#123,.F.);
#2818=ADVANCED_FACE('',(#266),#124,.F.);
#2819=ADVANCED_FACE('',(#267),#125,.F.);
#2820=ADVANCED_FACE('',(#268),#126,.F.);
#2821=ADVANCED_FACE('',(#269),#127,.F.);
#2822=ADVANCED_FACE('',(#270),#128,.F.);
#2823=ADVANCED_FACE('',(#271),#129,.F.);
#2824=ADVANCED_FACE('',(#272),#130,.F.);
#2825=ADVANCED_FACE('',(#273),#131,.F.);
#2826=ADVANCED_FACE('',(#274),#132,.F.);
#2827=ADVANCED_FACE('',(#275),#133,.F.);
#2828=ADVANCED_FACE('',(#276),#134,.F.);
#2829=ADVANCED_FACE('',(#277),#135,.F.);
#2830=ADVANCED_FACE('',(#278),#136,.F.);
#2831=ADVANCED_FACE('',(#279),#137,.F.);
#2832=ADVANCED_FACE('',(#280),#138,.F.);
#2833=ADVANCED_FACE('',(#281),#139,.F.);
#2834=ADVANCED_FACE('',(#282),#140,.F.);
#2835=ADVANCED_FACE('',(#283),#141,.F.);
#2836=ADVANCED_FACE('',(#284),#142,.F.);
#2837=ADVANCED_FACE('',(#285),#143,.F.);
#2838=ADVANCED_FACE('',(#286),#144,.F.);
#2839=ADVANCED_FACE('',(#287),#145,.F.);
#2840=ADVANCED_FACE('',(#288),#146,.F.);
#2841=ADVANCED_FACE('',(#289),#147,.F.);
#2842=ADVANCED_FACE('',(#290),#148,.F.);
#2843=ADVANCED_FACE('',(#291),#149,.F.);
#2844=ADVANCED_FACE('',(#292),#150,.F.);
#2845=ADVANCED_FACE('',(#293),#151,.F.);
#2846=ADVANCED_FACE('',(#294),#152,.F.);
#2847=ADVANCED_FACE('',(#295),#153,.F.);
#2848=ADVANCED_FACE('',(#296),#154,.F.);
#2849=ADVANCED_FACE('',(#297),#155,.F.);
#2850=ADVANCED_FACE('',(#298),#156,.F.);
#2851=ADVANCED_FACE('',(#299),#157,.F.);
#2852=ADVANCED_FACE('',(#300),#158,.F.);
#2853=ADVANCED_FACE('',(#301),#159,.F.);
#2854=ADVANCED_FACE('',(#302),#160,.F.);
#2855=ADVANCED_FACE('',(#303),#161,.F.);
#2856=ADVANCED_FACE('',(#304),#162,.F.);
#2857=ADVANCED_FACE('',(#305),#163,.F.);
#2858=ADVANCED_FACE('',(#306),#164,.F.);
#2859=ADVANCED_FACE('',(#307),#165,.F.);
#2860=ADVANCED_FACE('',(#308),#166,.F.);
#2861=ADVANCED_FACE('',(#309),#167,.F.);
#2862=ADVANCED_FACE('',(#310),#168,.F.);
#2863=ADVANCED_FACE('',(#311),#169,.F.);
#2864=ADVANCED_FACE('',(#312),#170,.F.);
#2865=ADVANCED_FACE('',(#313),#171,.T.);
#2866=ADVANCED_FACE('',(#314),#2741,.F.);
#2867=ADVANCED_FACE('',(#315),#172,.T.);
#2868=ADVANCED_FACE('',(#316),#173,.T.);
#2869=ADVANCED_FACE('',(#317,#27),#174,.T.);
#2870=ADVANCED_FACE('',(#318),#175,.T.);
#2871=ADVANCED_FACE('',(#319),#2742,.F.);
#2872=ADVANCED_FACE('',(#320),#176,.T.);
#2873=ADVANCED_FACE('',(#321),#177,.T.);
#2874=ADVANCED_FACE('',(#322,#28),#178,.T.);
#2875=ADVANCED_FACE('',(#323),#179,.T.);
#2876=ADVANCED_FACE('',(#324),#2743,.F.);
#2877=ADVANCED_FACE('',(#325),#180,.T.);
#2878=ADVANCED_FACE('',(#326),#181,.T.);
#2879=ADVANCED_FACE('',(#327,#29),#182,.T.);
#2880=ADVANCED_FACE('',(#328),#183,.T.);
#2881=ADVANCED_FACE('',(#329),#2744,.F.);
#2882=ADVANCED_FACE('',(#330),#184,.T.);
#2883=ADVANCED_FACE('',(#331),#185,.T.);
#2884=ADVANCED_FACE('',(#332,#30),#186,.T.);
#2885=ADVANCED_FACE('',(#333),#187,.T.);
#2886=ADVANCED_FACE('',(#334),#188,.T.);
#2887=ADVANCED_FACE('',(#335),#189,.T.);
#2888=ADVANCED_FACE('',(#336),#190,.T.);
#2889=ADVANCED_FACE('',(#337,#31,#32,#33,#34,#35,#36,#37,#38,#39,#40,#41,
#42,#43,#44,#45,#46,#47,#48,#49,#50),#191,.T.);
#2890=ADVANCED_FACE('',(#338,#51,#52,#53,#54,#55,#56,#57,#58,#59,#60,#61,
#62,#63,#64,#65,#66),#192,.F.);
#2891=CLOSED_SHELL('',(#2745,#2746,#2747,#2748,#2749,#2750,#2751,#2752,
#2753,#2754,#2755,#2756,#2757,#2758,#2759,#2760,#2761,#2762,#2763,#2764,
#2765,#2766,#2767,#2768,#2769,#2770,#2771,#2772,#2773,#2774,#2775,#2776,
#2777,#2778,#2779,#2780,#2781,#2782,#2783,#2784,#2785,#2786,#2787,#2788,
#2789,#2790,#2791,#2792,#2793,#2794,#2795,#2796,#2797,#2798,#2799,#2800,
#2801,#2802,#2803,#2804,#2805,#2806,#2807,#2808,#2809,#2810,#2811,#2812,
#2813,#2814,#2815,#2816,#2817,#2818,#2819,#2820,#2821,#2822,#2823,#2824,
#2825,#2826,#2827,#2828,#2829,#2830,#2831,#2832,#2833,#2834,#2835,#2836,
#2837,#2838,#2839,#2840,#2841,#2842,#2843,#2844,#2845,#2846,#2847,#2848,
#2849,#2850,#2851,#2852,#2853,#2854,#2855,#2856,#2857,#2858,#2859,#2860,
#2861,#2862,#2863,#2864,#2865,#2866,#2867,#2868,#2869,#2870,#2871,#2872,
#2873,#2874,#2875,#2876,#2877,#2878,#2879,#2880,#2881,#2882,#2883,#2884,
#2885,#2886,#2887,#2888,#2889,#2890));
#2892=DERIVED_UNIT_ELEMENT(#2895,1.);
#2893=DERIVED_UNIT_ELEMENT(#4667,-3.);
#2894=DIMENSIONAL_EXPONENTS(0.,1.,0.,0.,0.,0.,0.);
#2895=(
CONVERSION_BASED_UNIT('gram',#2897)
MASS_UNIT()
NAMED_UNIT(#2894)
);
#2896=(
MASS_UNIT()
NAMED_UNIT(*)
SI_UNIT(.KILO.,.GRAM.)
);
#2897=MASS_MEASURE_WITH_UNIT(MASS_MEASURE(0.001),#2896);
#2898=DERIVED_UNIT((#2892,#2893));
#2899=MEASURE_REPRESENTATION_ITEM('density measure',
POSITIVE_RATIO_MEASURE(1.),#2898);
#2900=PROPERTY_DEFINITION_REPRESENTATION(#2905,#2902);
#2901=PROPERTY_DEFINITION_REPRESENTATION(#2906,#2903);
#2902=REPRESENTATION('material name',(#2904),#4665);
#2903=REPRESENTATION('density',(#2899),#4665);
#2904=DESCRIPTIVE_REPRESENTATION_ITEM('Generic','Generic');
#2905=PROPERTY_DEFINITION('material property','material name',#4674);
#2906=PROPERTY_DEFINITION('material property','density of part',#4674);
#2907=AXIS2_PLACEMENT_3D('',#3856,#3110,#3111);
#2908=AXIS2_PLACEMENT_3D('',#3857,#3112,#3113);
#2909=AXIS2_PLACEMENT_3D('',#3859,#3114,#3115);
#2910=AXIS2_PLACEMENT_3D('',#3862,#3117,#3118);
#2911=AXIS2_PLACEMENT_3D('',#3863,#3119,#3120);
#2912=AXIS2_PLACEMENT_3D('',#3865,#3121,#3122);
#2913=AXIS2_PLACEMENT_3D('',#3868,#3124,#3125);
#2914=AXIS2_PLACEMENT_3D('',#3869,#3126,#3127);
#2915=AXIS2_PLACEMENT_3D('',#3871,#3128,#3129);
#2916=AXIS2_PLACEMENT_3D('',#3874,#3131,#3132);
#2917=AXIS2_PLACEMENT_3D('',#3875,#3133,#3134);
#2918=AXIS2_PLACEMENT_3D('',#3877,#3135,#3136);
#2919=AXIS2_PLACEMENT_3D('',#3880,#3138,#3139);
#2920=AXIS2_PLACEMENT_3D('',#3881,#3140,#3141);
#2921=AXIS2_PLACEMENT_3D('',#3883,#3142,#3143);
#2922=AXIS2_PLACEMENT_3D('',#3884,#3144,#3145);
#2923=AXIS2_PLACEMENT_3D('',#3886,#3146,#3147);
#2924=AXIS2_PLACEMENT_3D('',#3888,#3149,#3150);
#2925=AXIS2_PLACEMENT_3D('',#3890,#3151,#3152);
#2926=AXIS2_PLACEMENT_3D('',#3893,#3154,#3155);
#2927=AXIS2_PLACEMENT_3D('',#3894,#3156,#3157);
#2928=AXIS2_PLACEMENT_3D('',#3895,#3158,#3159);
#2929=AXIS2_PLACEMENT_3D('',#3897,#3160,#3161);
#2930=AXIS2_PLACEMENT_3D('',#3898,#3162,#3163);
#2931=AXIS2_PLACEMENT_3D('',#3900,#3164,#3165);
#2932=AXIS2_PLACEMENT_3D('',#3902,#3167,#3168);
#2933=AXIS2_PLACEMENT_3D('',#3904,#3169,#3170);
#2934=AXIS2_PLACEMENT_3D('',#3907,#3172,#3173);
#2935=AXIS2_PLACEMENT_3D('',#3908,#3174,#3175);
#2936=AXIS2_PLACEMENT_3D('',#3909,#3176,#3177);
#2937=AXIS2_PLACEMENT_3D('',#3911,#3178,#3179);
#2938=AXIS2_PLACEMENT_3D('',#3912,#3180,#3181);
#2939=AXIS2_PLACEMENT_3D('',#3914,#3182,#3183);
#2940=AXIS2_PLACEMENT_3D('',#3916,#3185,#3186);
#2941=AXIS2_PLACEMENT_3D('',#3918,#3187,#3188);
#2942=AXIS2_PLACEMENT_3D('',#3921,#3190,#3191);
#2943=AXIS2_PLACEMENT_3D('',#3922,#3192,#3193);
#2944=AXIS2_PLACEMENT_3D('',#3923,#3194,#3195);
#2945=AXIS2_PLACEMENT_3D('',#3925,#3196,#3197);
#2946=AXIS2_PLACEMENT_3D('',#3926,#3198,#3199);
#2947=AXIS2_PLACEMENT_3D('',#3928,#3200,#3201);
#2948=AXIS2_PLACEMENT_3D('',#3930,#3203,#3204);
#2949=AXIS2_PLACEMENT_3D('',#3932,#3205,#3206);
#2950=AXIS2_PLACEMENT_3D('',#3935,#3208,#3209);
#2951=AXIS2_PLACEMENT_3D('',#3936,#3210,#3211);
#2952=AXIS2_PLACEMENT_3D('',#3937,#3212,#3213);
#2953=AXIS2_PLACEMENT_3D('',#3940,#3214,#3215);
#2954=AXIS2_PLACEMENT_3D('',#3944,#3217,#3218);
#2955=AXIS2_PLACEMENT_3D('',#3946,#3220,#3221);
#2956=AXIS2_PLACEMENT_3D('',#3960,#3229,#3230);
#2957=AXIS2_PLACEMENT_3D('',#3966,#3233,#3234);
#2958=AXIS2_PLACEMENT_3D('',#3968,#3236,#3237);
#2959=AXIS2_PLACEMENT_3D('',#3971,#3238,#3239);
#2960=AXIS2_PLACEMENT_3D('',#3975,#3241,#3242);
#2961=AXIS2_PLACEMENT_3D('',#3977,#3244,#3245);
#2962=AXIS2_PLACEMENT_3D('',#3991,#3253,#3254);
#2963=AXIS2_PLACEMENT_3D('',#3997,#3257,#3258);
#2964=AXIS2_PLACEMENT_3D('',#3999,#3260,#3261);
#2965=AXIS2_PLACEMENT_3D('',#4002,#3262,#3263);
#2966=AXIS2_PLACEMENT_3D('',#4006,#3265,#3266);
#2967=AXIS2_PLACEMENT_3D('',#4008,#3268,#3269);
#2968=AXIS2_PLACEMENT_3D('',#4022,#3277,#3278);
#2969=AXIS2_PLACEMENT_3D('',#4028,#3281,#3282);
#2970=AXIS2_PLACEMENT_3D('',#4030,#3284,#3285);
#2971=AXIS2_PLACEMENT_3D('',#4033,#3286,#3287);
#2972=AXIS2_PLACEMENT_3D('',#4037,#3289,#3290);
#2973=AXIS2_PLACEMENT_3D('',#4039,#3292,#3293);
#2974=AXIS2_PLACEMENT_3D('',#4053,#3301,#3302);
#2975=AXIS2_PLACEMENT_3D('',#4059,#3305,#3306);
#2976=AXIS2_PLACEMENT_3D('',#4061,#3308,#3309);
#2977=AXIS2_PLACEMENT_3D('',#4065,#3311,#3312);
#2978=AXIS2_PLACEMENT_3D('',#4069,#3315,#3316);
#2979=AXIS2_PLACEMENT_3D('',#4073,#3318,#3319);
#2980=AXIS2_PLACEMENT_3D('',#4077,#3322,#3323);
#2981=AXIS2_PLACEMENT_3D('',#4081,#3325,#3326);
#2982=AXIS2_PLACEMENT_3D('',#4085,#3329,#3330);
#2983=AXIS2_PLACEMENT_3D('',#4089,#3332,#3333);
#2984=AXIS2_PLACEMENT_3D('',#4093,#3336,#3337);
#2985=AXIS2_PLACEMENT_3D('',#4097,#3340,#3341);
#2986=AXIS2_PLACEMENT_3D('',#4103,#3345,#3346);
#2987=AXIS2_PLACEMENT_3D('',#4106,#3348,#3349);
#2988=AXIS2_PLACEMENT_3D('',#4107,#3350,#3351);
#2989=AXIS2_PLACEMENT_3D('',#4111,#3354,#3355);
#2990=AXIS2_PLACEMENT_3D('',#4117,#3359,#3360);
#2991=AXIS2_PLACEMENT_3D('',#4120,#3362,#3363);
#2992=AXIS2_PLACEMENT_3D('',#4121,#3364,#3365);
#2993=AXIS2_PLACEMENT_3D('',#4125,#3368,#3369);
#2994=AXIS2_PLACEMENT_3D('',#4131,#3373,#3374);
#2995=AXIS2_PLACEMENT_3D('',#4134,#3376,#3377);
#2996=AXIS2_PLACEMENT_3D('',#4135,#3378,#3379);
#2997=AXIS2_PLACEMENT_3D('',#4141,#3383,#3384);
#2998=AXIS2_PLACEMENT_3D('',#4144,#3386,#3387);
#2999=AXIS2_PLACEMENT_3D('',#4145,#3388,#3389);
#3000=AXIS2_PLACEMENT_3D('',#4147,#3391,#3392);
#3001=AXIS2_PLACEMENT_3D('',#4149,#3393,#3394);
#3002=AXIS2_PLACEMENT_3D('',#4152,#3396,#3397);
#3003=AXIS2_PLACEMENT_3D('',#4153,#3398,#3399);
#3004=AXIS2_PLACEMENT_3D('',#4154,#3400,#3401);
#3005=AXIS2_PLACEMENT_3D('',#4156,#3402,#3403);
#3006=AXIS2_PLACEMENT_3D('',#4159,#3405,#3406);
#3007=AXIS2_PLACEMENT_3D('',#4160,#3407,#3408);
#3008=AXIS2_PLACEMENT_3D('',#4161,#3409,#3410);
#3009=AXIS2_PLACEMENT_3D('',#4163,#3411,#3412);
#3010=AXIS2_PLACEMENT_3D('',#4166,#3414,#3415);
#3011=AXIS2_PLACEMENT_3D('',#4167,#3416,#3417);
#3012=AXIS2_PLACEMENT_3D('',#4168,#3418,#3419);
#3013=AXIS2_PLACEMENT_3D('',#4170,#3420,#3421);
#3014=AXIS2_PLACEMENT_3D('',#4173,#3423,#3424);
#3015=AXIS2_PLACEMENT_3D('',#4174,#3425,#3426);
#3016=AXIS2_PLACEMENT_3D('',#4175,#3427,#3428);
#3017=AXIS2_PLACEMENT_3D('',#4184,#3433,#3434);
#3018=AXIS2_PLACEMENT_3D('',#4190,#3438,#3439);
#3019=AXIS2_PLACEMENT_3D('',#4196,#3443,#3444);
#3020=AXIS2_PLACEMENT_3D('',#4199,#3447,#3448);
#3021=AXIS2_PLACEMENT_3D('',#4208,#3453,#3454);
#3022=AXIS2_PLACEMENT_3D('',#4214,#3458,#3459);
#3023=AXIS2_PLACEMENT_3D('',#4220,#3463,#3464);
#3024=AXIS2_PLACEMENT_3D('',#4223,#3467,#3468);
#3025=AXIS2_PLACEMENT_3D('',#4232,#3473,#3474);
#3026=AXIS2_PLACEMENT_3D('',#4238,#3478,#3479);
#3027=AXIS2_PLACEMENT_3D('',#4244,#3483,#3484);
#3028=AXIS2_PLACEMENT_3D('',#4247,#3487,#3488);
#3029=AXIS2_PLACEMENT_3D('',#4256,#3493,#3494);
#3030=AXIS2_PLACEMENT_3D('',#4262,#3498,#3499);
#3031=AXIS2_PLACEMENT_3D('',#4268,#3503,#3504);
#3032=AXIS2_PLACEMENT_3D('',#4271,#3507,#3508);
#3033=AXIS2_PLACEMENT_3D('',#4280,#3513,#3514);
#3034=AXIS2_PLACEMENT_3D('',#4286,#3518,#3519);
#3035=AXIS2_PLACEMENT_3D('',#4292,#3523,#3524);
#3036=AXIS2_PLACEMENT_3D('',#4295,#3527,#3528);
#3037=AXIS2_PLACEMENT_3D('',#4304,#3533,#3534);
#3038=AXIS2_PLACEMENT_3D('',#4310,#3538,#3539);
#3039=AXIS2_PLACEMENT_3D('',#4316,#3543,#3544);
#3040=AXIS2_PLACEMENT_3D('',#4319,#3547,#3548);
#3041=AXIS2_PLACEMENT_3D('',#4328,#3553,#3554);
#3042=AXIS2_PLACEMENT_3D('',#4334,#3558,#3559);
#3043=AXIS2_PLACEMENT_3D('',#4340,#3563,#3564);
#3044=AXIS2_PLACEMENT_3D('',#4343,#3567,#3568);
#3045=AXIS2_PLACEMENT_3D('',#4352,#3573,#3574);
#3046=AXIS2_PLACEMENT_3D('',#4358,#3578,#3579);
#3047=AXIS2_PLACEMENT_3D('',#4364,#3583,#3584);
#3048=AXIS2_PLACEMENT_3D('',#4367,#3587,#3588);
#3049=AXIS2_PLACEMENT_3D('',#4376,#3593,#3594);
#3050=AXIS2_PLACEMENT_3D('',#4382,#3598,#3599);
#3051=AXIS2_PLACEMENT_3D('',#4388,#3603,#3604);
#3052=AXIS2_PLACEMENT_3D('',#4391,#3607,#3608);
#3053=AXIS2_PLACEMENT_3D('',#4400,#3613,#3614);
#3054=AXIS2_PLACEMENT_3D('',#4406,#3618,#3619);
#3055=AXIS2_PLACEMENT_3D('',#4412,#3623,#3624);
#3056=AXIS2_PLACEMENT_3D('',#4415,#3627,#3628);
#3057=AXIS2_PLACEMENT_3D('',#4424,#3633,#3634);
#3058=AXIS2_PLACEMENT_3D('',#4430,#3638,#3639);
#3059=AXIS2_PLACEMENT_3D('',#4436,#3643,#3644);
#3060=AXIS2_PLACEMENT_3D('',#4439,#3647,#3648);
#3061=AXIS2_PLACEMENT_3D('',#4448,#3653,#3654);
#3062=AXIS2_PLACEMENT_3D('',#4454,#3658,#3659);
#3063=AXIS2_PLACEMENT_3D('',#4460,#3663,#3664);
#3064=AXIS2_PLACEMENT_3D('',#4463,#3667,#3668);
#3065=AXIS2_PLACEMENT_3D('',#4472,#3673,#3674);
#3066=AXIS2_PLACEMENT_3D('',#4478,#3678,#3679);
#3067=AXIS2_PLACEMENT_3D('',#4484,#3683,#3684);
#3068=AXIS2_PLACEMENT_3D('',#4487,#3687,#3688);
#3069=AXIS2_PLACEMENT_3D('',#4496,#3693,#3694);
#3070=AXIS2_PLACEMENT_3D('',#4502,#3698,#3699);
#3071=AXIS2_PLACEMENT_3D('',#4508,#3703,#3704);
#3072=AXIS2_PLACEMENT_3D('',#4511,#3707,#3708);
#3073=AXIS2_PLACEMENT_3D('',#4520,#3713,#3714);
#3074=AXIS2_PLACEMENT_3D('',#4526,#3718,#3719);
#3075=AXIS2_PLACEMENT_3D('',#4532,#3723,#3724);
#3076=AXIS2_PLACEMENT_3D('',#4535,#3727,#3728);
#3077=AXIS2_PLACEMENT_3D('',#4544,#3733,#3734);
#3078=AXIS2_PLACEMENT_3D('',#4550,#3738,#3739);
#3079=AXIS2_PLACEMENT_3D('',#4556,#3743,#3744);
#3080=AXIS2_PLACEMENT_3D('',#4559,#3747,#3748);
#3081=AXIS2_PLACEMENT_3D('',#4563,#3751,#3752);
#3082=AXIS2_PLACEMENT_3D('',#4564,#3753,#3754);
#3083=AXIS2_PLACEMENT_3D('',#4565,#3755,#3756);
#3084=AXIS2_PLACEMENT_3D('',#4569,#3759,#3760);
#3085=AXIS2_PLACEMENT_3D('',#4575,#3764,#3765);
#3086=AXIS2_PLACEMENT_3D('',#4579,#3768,#3769);
#3087=AXIS2_PLACEMENT_3D('',#4583,#3772,#3773);
#3088=AXIS2_PLACEMENT_3D('',#4584,#3774,#3775);
#3089=AXIS2_PLACEMENT_3D('',#4585,#3776,#3777);
#3090=AXIS2_PLACEMENT_3D('',#4589,#3780,#3781);
#3091=AXIS2_PLACEMENT_3D('',#4595,#3785,#3786);
#3092=AXIS2_PLACEMENT_3D('',#4599,#3789,#3790);
#3093=AXIS2_PLACEMENT_3D('',#4603,#3793,#3794);
#3094=AXIS2_PLACEMENT_3D('',#4604,#3795,#3796);
#3095=AXIS2_PLACEMENT_3D('',#4605,#3797,#3798);
#3096=AXIS2_PLACEMENT_3D('',#4609,#3801,#3802);
#3097=AXIS2_PLACEMENT_3D('',#4615,#3806,#3807);
#3098=AXIS2_PLACEMENT_3D('',#4619,#3810,#3811);
#3099=AXIS2_PLACEMENT_3D('',#4623,#3814,#3815);
#3100=AXIS2_PLACEMENT_3D('',#4626,#3817,#3818);
#3101=AXIS2_PLACEMENT_3D('',#4627,#3819,#3820);
#3102=AXIS2_PLACEMENT_3D('',#4631,#3823,#3824);
#3103=AXIS2_PLACEMENT_3D('',#4637,#3828,#3829);
#3104=AXIS2_PLACEMENT_3D('',#4641,#3832,#3833);
#3105=AXIS2_PLACEMENT_3D('',#4648,#3838,#3839);
#3106=AXIS2_PLACEMENT_3D('',#4653,#3843,#3844);
#3107=AXIS2_PLACEMENT_3D('',#4658,#3848,#3849);
#3108=AXIS2_PLACEMENT_3D('',#4661,#3852,#3853);
#3109=AXIS2_PLACEMENT_3D('',#4662,#3854,#3855);
#3110=DIRECTION('axis',(0.,0.,1.));
#3111=DIRECTION('refdir',(1.,0.,0.));
#3112=DIRECTION('center_axis',(0.,-1.,0.));
#3113=DIRECTION('ref_axis',(1.,0.,0.));
#3114=DIRECTION('center_axis',(0.,-1.,0.));
#3115=DIRECTION('ref_axis',(1.,0.,0.));
#3116=DIRECTION('',(0.,-1.,0.));
#3117=DIRECTION('center_axis',(0.,1.,0.));
#3118=DIRECTION('ref_axis',(1.,0.,0.));
#3119=DIRECTION('center_axis',(0.,-1.,0.));
#3120=DIRECTION('ref_axis',(1.,0.,0.));
#3121=DIRECTION('center_axis',(0.,-1.,0.));
#3122=DIRECTION('ref_axis',(1.,0.,0.));
#3123=DIRECTION('',(0.,-1.,0.));
#3124=DIRECTION('center_axis',(0.,1.,0.));
#3125=DIRECTION('ref_axis',(1.,0.,0.));
#3126=DIRECTION('center_axis',(0.,-1.,0.));
#3127=DIRECTION('ref_axis',(1.,0.,0.));
#3128=DIRECTION('center_axis',(0.,-1.,0.));
#3129=DIRECTION('ref_axis',(1.,0.,0.));
#3130=DIRECTION('',(0.,-1.,0.));
#3131=DIRECTION('center_axis',(0.,1.,0.));
#3132=DIRECTION('ref_axis',(1.,0.,0.));
#3133=DIRECTION('center_axis',(0.,-1.,0.));
#3134=DIRECTION('ref_axis',(1.,0.,0.));
#3135=DIRECTION('center_axis',(0.,-1.,0.));
#3136=DIRECTION('ref_axis',(1.,0.,0.));
#3137=DIRECTION('',(0.,-1.,0.));
#3138=DIRECTION('center_axis',(0.,1.,0.));
#3139=DIRECTION('ref_axis',(1.,0.,0.));
#3140=DIRECTION('center_axis',(0.,1.,0.));
#3141=DIRECTION('ref_axis',(0.,0.,1.));
#3142=DIRECTION('center_axis',(0.,1.,0.));
#3143=DIRECTION('ref_axis',(0.,0.,-1.));
#3144=DIRECTION('center_axis',(0.,1.,0.));
#3145=DIRECTION('ref_axis',(0.,0.,-1.));
#3146=DIRECTION('center_axis',(0.,-1.,0.));
#3147=DIRECTION('ref_axis',(0.,0.,-1.));
#3148=DIRECTION('',(2.13730336808379E-18,-0.999847695156391,-0.0174524064372835));
#3149=DIRECTION('center_axis',(0.,-1.,0.));
#3150=DIRECTION('ref_axis',(0.,0.,-1.));
#3151=DIRECTION('center_axis',(0.,-1.,0.));
#3152=DIRECTION('ref_axis',(0.,0.,-1.));
#3153=DIRECTION('',(4.27395569285714E-18,0.999390827019096,-0.034899496702501));
#3154=DIRECTION('center_axis',(0.,-1.,0.));
#3155=DIRECTION('ref_axis',(0.,0.,-1.));
#3156=DIRECTION('center_axis',(0.,1.,0.));
#3157=DIRECTION('ref_axis',(0.,0.,1.));
#3158=DIRECTION('center_axis',(0.,1.,0.));
#3159=DIRECTION('ref_axis',(0.,0.,1.));
#3160=DIRECTION('center_axis',(0.,1.,0.));
#3161=DIRECTION('ref_axis',(0.,0.,-1.));
#3162=DIRECTION('center_axis',(0.,1.,0.));
#3163=DIRECTION('ref_axis',(0.,0.,-1.));
#3164=DIRECTION('center_axis',(0.,-1.,0.));
#3165=DIRECTION('ref_axis',(0.,0.,-1.));
#3166=DIRECTION('',(2.13730336808379E-18,-0.999847695156391,-0.0174524064372835));
#3167=DIRECTION('center_axis',(0.,-1.,0.));
#3168=DIRECTION('ref_axis',(0.,0.,-1.));
#3169=DIRECTION('center_axis',(0.,-1.,0.));
#3170=DIRECTION('ref_axis',(0.,0.,-1.));
#3171=DIRECTION('',(4.27395569285714E-18,0.999390827019096,-0.034899496702501));
#3172=DIRECTION('center_axis',(0.,-1.,0.));
#3173=DIRECTION('ref_axis',(0.,0.,-1.));
#3174=DIRECTION('center_axis',(0.,1.,0.));
#3175=DIRECTION('ref_axis',(0.,0.,1.));
#3176=DIRECTION('center_axis',(0.,1.,0.));
#3177=DIRECTION('ref_axis',(0.,0.,1.));
#3178=DIRECTION('center_axis',(0.,1.,0.));
#3179=DIRECTION('ref_axis',(0.,0.,-1.));
#3180=DIRECTION('center_axis',(0.,1.,0.));
#3181=DIRECTION('ref_axis',(0.,0.,-1.));
#3182=DIRECTION('center_axis',(0.,-1.,0.));
#3183=DIRECTION('ref_axis',(0.,0.,-1.));
#3184=DIRECTION('',(2.13730336808379E-18,-0.999847695156391,-0.0174524064372835));
#3185=DIRECTION('center_axis',(0.,-1.,0.));
#3186=DIRECTION('ref_axis',(0.,0.,-1.));
#3187=DIRECTION('center_axis',(0.,-1.,0.));
#3188=DIRECTION('ref_axis',(0.,0.,-1.));
#3189=DIRECTION('',(4.27395569285714E-18,0.999390827019096,-0.034899496702501));
#3190=DIRECTION('center_axis',(0.,-1.,0.));
#3191=DIRECTION('ref_axis',(0.,0.,-1.));
#3192=DIRECTION('center_axis',(0.,1.,0.));
#3193=DIRECTION('ref_axis',(0.,0.,1.));
#3194=DIRECTION('center_axis',(0.,1.,0.));
#3195=DIRECTION('ref_axis',(0.,0.,1.));
#3196=DIRECTION('center_axis',(0.,1.,0.));
#3197=DIRECTION('ref_axis',(0.,0.,-1.));
#3198=DIRECTION('center_axis',(0.,1.,0.));
#3199=DIRECTION('ref_axis',(0.,0.,-1.));
#3200=DIRECTION('center_axis',(0.,-1.,0.));
#3201=DIRECTION('ref_axis',(0.,0.,-1.));
#3202=DIRECTION('',(2.13730336808379E-18,-0.999847695156391,-0.0174524064372835));
#3203=DIRECTION('center_axis',(0.,-1.,0.));
#3204=DIRECTION('ref_axis',(0.,0.,-1.));
#3205=DIRECTION('center_axis',(0.,-1.,0.));
#3206=DIRECTION('ref_axis',(0.,0.,-1.));
#3207=DIRECTION('',(4.27395569285714E-18,0.999390827019096,-0.034899496702501));
#3208=DIRECTION('center_axis',(0.,-1.,0.));
#3209=DIRECTION('ref_axis',(0.,0.,-1.));
#3210=DIRECTION('center_axis',(0.,1.,0.));
#3211=DIRECTION('ref_axis',(0.,0.,1.));
#3212=DIRECTION('center_axis',(0.,-1.,0.));
#3213=DIRECTION('ref_axis',(-0.707106781186549,0.,0.707106781186546));
#3214=DIRECTION('center_axis',(0.,1.,0.));
#3215=DIRECTION('ref_axis',(-0.707106781186549,0.,0.707106781186546));
#3216=DIRECTION('',(0.,1.,0.));
#3217=DIRECTION('center_axis',(0.,-1.,0.));
#3218=DIRECTION('ref_axis',(-0.707106781186549,0.,0.707106781186546));
#3219=DIRECTION('',(0.,-1.,0.));
#3220=DIRECTION('center_axis',(-4.44089209850062E-15,0.,1.));
#3221=DIRECTION('ref_axis',(1.,0.,4.44089209850062E-15));
#3222=DIRECTION('',(-1.,0.,1.11022302462511E-15));
#3223=DIRECTION('',(0.,1.,0.));
#3224=DIRECTION('',(-1.,0.,-4.44089209850062E-15));
#3225=DIRECTION('',(0.,1.,0.));
#3226=DIRECTION('',(1.,0.,4.44089209850062E-15));
#3227=DIRECTION('',(0.,1.,0.));
#3228=DIRECTION('',(1.,0.,-1.11022302462511E-15));
#3229=DIRECTION('center_axis',(0.,1.,0.));
#3230=DIRECTION('ref_axis',(0.,0.,1.));
#3231=DIRECTION('',(4.3298697960381E-14,0.,-1.));
#3232=DIRECTION('',(-1.,0.,8.88178419700128E-16));
#3233=DIRECTION('center_axis',(0.,1.,0.));
#3234=DIRECTION('ref_axis',(-1.,0.,1.48029736616688E-15));
#3235=DIRECTION('',(0.,0.,-1.));
#3236=DIRECTION('center_axis',(0.,-1.,0.));
#3237=DIRECTION('ref_axis',(0.707106781186548,0.,0.707106781186548));
#3238=DIRECTION('center_axis',(0.,1.,0.));
#3239=DIRECTION('ref_axis',(0.707106781186548,0.,0.707106781186548));
#3240=DIRECTION('',(0.,1.,0.));
#3241=DIRECTION('center_axis',(0.,-1.,0.));
#3242=DIRECTION('ref_axis',(0.707106781186548,0.,0.707106781186548));
#3243=DIRECTION('',(0.,-1.,0.));
#3244=DIRECTION('center_axis',(1.,0.,0.));
#3245=DIRECTION('ref_axis',(0.,0.,-1.));
#3246=DIRECTION('',(0.,0.,1.));
#3247=DIRECTION('',(0.,1.,0.));
#3248=DIRECTION('',(0.,0.,1.));
#3249=DIRECTION('',(0.,1.,0.));
#3250=DIRECTION('',(0.,0.,-1.));
#3251=DIRECTION('',(0.,1.,0.));
#3252=DIRECTION('',(0.,0.,-1.));
#3253=DIRECTION('center_axis',(0.,1.,0.));
#3254=DIRECTION('ref_axis',(0.,0.,1.));
#3255=DIRECTION('',(-1.,0.,0.));
#3256=DIRECTION('',(4.44089209850064E-16,0.,1.));
#3257=DIRECTION('center_axis',(0.,1.,0.));
#3258=DIRECTION('ref_axis',(7.4014868308344E-16,0.,1.));
#3259=DIRECTION('',(-1.,0.,8.8817841970012E-16));
#3260=DIRECTION('center_axis',(0.,-1.,0.));
#3261=DIRECTION('ref_axis',(-0.707106781186545,0.,-0.70710678118655));
#3262=DIRECTION('center_axis',(0.,1.,0.));
#3263=DIRECTION('ref_axis',(-0.707106781186545,0.,-0.70710678118655));
#3264=DIRECTION('',(0.,1.,0.));
#3265=DIRECTION('center_axis',(0.,-1.,0.));
#3266=DIRECTION('ref_axis',(-0.707106781186545,0.,-0.70710678118655));
#3267=DIRECTION('',(0.,-1.,0.));
#3268=DIRECTION('center_axis',(-1.,0.,0.));
#3269=DIRECTION('ref_axis',(0.,0.,1.));
#3270=DIRECTION('',(-3.33066907387525E-15,0.,-1.));
#3271=DIRECTION('',(0.,1.,0.));
#3272=DIRECTION('',(0.,0.,-1.));
#3273=DIRECTION('',(0.,1.,0.));
#3274=DIRECTION('',(0.,0.,1.));
#3275=DIRECTION('',(0.,1.,0.));
#3276=DIRECTION('',(3.33066907387525E-15,0.,1.));
#3277=DIRECTION('center_axis',(0.,1.,0.));
#3278=DIRECTION('ref_axis',(0.,0.,1.));
#3279=DIRECTION('',(1.,0.,6.10622663543835E-14));
#3280=DIRECTION('',(0.,0.,-1.));
#3281=DIRECTION('center_axis',(0.,1.,0.));
#3282=DIRECTION('ref_axis',(2.96059473233375E-15,0.,-1.));
#3283=DIRECTION('',(1.,0.,0.));
#3284=DIRECTION('center_axis',(0.,-1.,0.));
#3285=DIRECTION('ref_axis',(0.707106781186548,0.,-0.707106781186548));
#3286=DIRECTION('center_axis',(0.,1.,0.));
#3287=DIRECTION('ref_axis',(0.707106781186548,0.,-0.707106781186548));
#3288=DIRECTION('',(0.,1.,0.));
#3289=DIRECTION('center_axis',(0.,-1.,0.));
#3290=DIRECTION('ref_axis',(0.707106781186548,0.,-0.707106781186548));
#3291=DIRECTION('',(0.,-1.,0.));
#3292=DIRECTION('center_axis',(0.,0.,-1.));
#3293=DIRECTION('ref_axis',(-1.,0.,0.));
#3294=DIRECTION('',(1.,0.,-8.88178419700129E-15));
#3295=DIRECTION('',(0.,1.,0.));
#3296=DIRECTION('',(1.,0.,0.));
#3297=DIRECTION('',(0.,1.,0.));
#3298=DIRECTION('',(-1.,0.,0.));
#3299=DIRECTION('',(0.,1.,0.));
#3300=DIRECTION('',(-1.,0.,8.88178419700129E-15));
#3301=DIRECTION('center_axis',(0.,1.,0.));
#3302=DIRECTION('ref_axis',(0.,0.,1.));
#3303=DIRECTION('',(0.,0.,1.));
#3304=DIRECTION('',(1.,0.,0.));
#3305=DIRECTION('center_axis',(0.,1.,0.));
#3306=DIRECTION('ref_axis',(1.,0.,0.));
#3307=DIRECTION('',(4.44089209850065E-16,0.,1.));
#3308=DIRECTION('center_axis',(0.,1.,0.));
#3309=DIRECTION('ref_axis',(0.,0.,1.));
#3310=DIRECTION('',(0.,0.,1.));
#3311=DIRECTION('center_axis',(0.,-1.,0.));
#3312=DIRECTION('ref_axis',(-1.,0.,1.48029736616688E-15));
#3313=DIRECTION('',(1.,0.,-8.88178419700128E-16));
#3314=DIRECTION('',(-4.3298697960381E-14,0.,1.));
#3315=DIRECTION('center_axis',(0.,1.,0.));
#3316=DIRECTION('ref_axis',(0.,0.,1.));
#3317=DIRECTION('',(1.,0.,-8.8817841970012E-16));
#3318=DIRECTION('center_axis',(0.,-1.,0.));
#3319=DIRECTION('ref_axis',(7.4014868308344E-16,0.,1.));
#3320=DIRECTION('',(-4.44089209850064E-16,0.,-1.));
#3321=DIRECTION('',(1.,0.,0.));
#3322=DIRECTION('center_axis',(0.,1.,0.));
#3323=DIRECTION('ref_axis',(0.,0.,1.));
#3324=DIRECTION('',(-1.,0.,0.));
#3325=DIRECTION('center_axis',(0.,-1.,0.));
#3326=DIRECTION('ref_axis',(2.96059473233375E-15,0.,-1.));
#3327=DIRECTION('',(0.,0.,1.));
#3328=DIRECTION('',(-1.,0.,-6.10622663543835E-14));
#3329=DIRECTION('center_axis',(0.,1.,0.));
#3330=DIRECTION('ref_axis',(0.,0.,1.));
#3331=DIRECTION('',(-4.44089209850065E-16,0.,-1.));
#3332=DIRECTION('center_axis',(0.,-1.,0.));
#3333=DIRECTION('ref_axis',(1.,0.,0.));
#3334=DIRECTION('',(-1.,0.,0.));
#3335=DIRECTION('',(0.,0.,-1.));
#3336=DIRECTION('center_axis',(-1.,0.,0.));
#3337=DIRECTION('ref_axis',(0.,0.,1.));
#3338=DIRECTION('',(0.,1.,0.));
#3339=DIRECTION('',(0.,0.,-1.));
#3340=DIRECTION('center_axis',(8.88178419700128E-16,0.,1.));
#3341=DIRECTION('ref_axis',(1.,0.,-8.88178419700128E-16));
#3342=DIRECTION('',(0.,1.,0.));
#3343=DIRECTION('',(1.,0.,-8.88178419700128E-16));
#3344=DIRECTION('',(0.,1.,0.));
#3345=DIRECTION('center_axis',(0.,1.,0.));
#3346=DIRECTION('ref_axis',(-1.,0.,1.48029736616688E-15));
#3347=DIRECTION('',(0.,1.,0.));
#3348=DIRECTION('center_axis',(0.,1.,0.));
#3349=DIRECTION('ref_axis',(-1.,0.,1.48029736616688E-15));
#3350=DIRECTION('center_axis',(8.8817841970012E-16,0.,1.));
#3351=DIRECTION('ref_axis',(1.,0.,-8.8817841970012E-16));
#3352=DIRECTION('',(0.,1.,0.));
#3353=DIRECTION('',(-1.,0.,8.8817841970012E-16));
#3354=DIRECTION('center_axis',(1.,0.,-4.44089209850064E-16));
#3355=DIRECTION('ref_axis',(-4.44089209850064E-16,0.,-1.));
#3356=DIRECTION('',(0.,1.,0.));
#3357=DIRECTION('',(-4.44089209850064E-16,0.,-1.));
#3358=DIRECTION('',(0.,1.,0.));
#3359=DIRECTION('center_axis',(0.,1.,0.));
#3360=DIRECTION('ref_axis',(7.4014868308344E-16,0.,1.));
#3361=DIRECTION('',(0.,1.,0.));
#3362=DIRECTION('center_axis',(0.,1.,0.));
#3363=DIRECTION('ref_axis',(7.4014868308344E-16,0.,1.));
#3364=DIRECTION('center_axis',(0.,0.,-1.));
#3365=DIRECTION('ref_axis',(-1.,0.,0.));
#3366=DIRECTION('',(0.,1.,0.));
#3367=DIRECTION('',(1.,0.,0.));
#3368=DIRECTION('center_axis',(-1.,0.,0.));
#3369=DIRECTION('ref_axis',(0.,0.,1.));
#3370=DIRECTION('',(0.,1.,0.));
#3371=DIRECTION('',(0.,0.,1.));
#3372=DIRECTION('',(0.,1.,0.));
#3373=DIRECTION('center_axis',(0.,1.,0.));
#3374=DIRECTION('ref_axis',(2.96059473233375E-15,0.,-1.));
#3375=DIRECTION('',(0.,1.,0.));
#3376=DIRECTION('center_axis',(0.,1.,0.));
#3377=DIRECTION('ref_axis',(2.96059473233375E-15,0.,-1.));
#3378=DIRECTION('center_axis',(0.,0.,-1.));
#3379=DIRECTION('ref_axis',(-1.,0.,0.));
#3380=DIRECTION('',(0.,1.,0.));
#3381=DIRECTION('',(-1.,0.,0.));
#3382=DIRECTION('',(0.,1.,0.));
#3383=DIRECTION('center_axis',(0.,1.,0.));
#3384=DIRECTION('ref_axis',(1.,0.,0.));
#3385=DIRECTION('',(0.,1.,0.));
#3386=DIRECTION('center_axis',(0.,-1.,0.));
#3387=DIRECTION('ref_axis',(1.,0.,0.));
#3388=DIRECTION('center_axis',(1.,0.,-4.44089209850065E-16));
#3389=DIRECTION('ref_axis',(-4.44089209850065E-16,0.,-1.));
#3390=DIRECTION('',(-4.44089209850065E-16,0.,-1.));
#3391=DIRECTION('center_axis',(0.,-1.,0.));
#3392=DIRECTION('ref_axis',(1.,0.,0.));
#3393=DIRECTION('center_axis',(0.,-1.,0.));
#3394=DIRECTION('ref_axis',(1.,0.,0.));
#3395=DIRECTION('',(0.,-1.,0.));
#3396=DIRECTION('center_axis',(0.,-1.,0.));
#3397=DIRECTION('ref_axis',(1.,0.,0.));
#3398=DIRECTION('center_axis',(0.,1.,0.));
#3399=DIRECTION('ref_axis',(0.,0.,1.));
#3400=DIRECTION('center_axis',(0.,-1.,0.));
#3401=DIRECTION('ref_axis',(1.,0.,0.));
#3402=DIRECTION('center_axis',(0.,-1.,0.));
#3403=DIRECTION('ref_axis',(1.,0.,0.));
#3404=DIRECTION('',(0.,-1.,0.));
#3405=DIRECTION('center_axis',(0.,-1.,0.));
#3406=DIRECTION('ref_axis',(1.,0.,0.));
#3407=DIRECTION('center_axis',(0.,1.,0.));
#3408=DIRECTION('ref_axis',(0.,0.,1.));
#3409=DIRECTION('center_axis',(0.,-1.,0.));
#3410=DIRECTION('ref_axis',(1.,0.,0.));
#3411=DIRECTION('center_axis',(0.,-1.,0.));
#3412=DIRECTION('ref_axis',(1.,0.,0.));
#3413=DIRECTION('',(0.,-1.,0.));
#3414=DIRECTION('center_axis',(0.,-1.,0.));
#3415=DIRECTION('ref_axis',(1.,0.,0.));
#3416=DIRECTION('center_axis',(0.,1.,0.));
#3417=DIRECTION('ref_axis',(0.,0.,1.));
#3418=DIRECTION('center_axis',(0.,-1.,0.));
#3419=DIRECTION('ref_axis',(1.,0.,0.));
#3420=DIRECTION('center_axis',(0.,-1.,0.));
#3421=DIRECTION('ref_axis',(1.,0.,0.));
#3422=DIRECTION('',(0.,-1.,0.));
#3423=DIRECTION('center_axis',(0.,-1.,0.));
#3424=DIRECTION('ref_axis',(1.,0.,0.));
#3425=DIRECTION('center_axis',(0.,1.,0.));
#3426=DIRECTION('ref_axis',(0.,0.,1.));
#3427=DIRECTION('center_axis',(-1.,0.,8.88178419700125E-16));
#3428=DIRECTION('ref_axis',(-8.88178419700125E-16,0.,-1.));
#3429=DIRECTION('',(8.88178419700125E-16,0.,1.));
#3430=DIRECTION('',(0.,-1.,0.));
#3431=DIRECTION('',(-8.88178419700125E-16,0.,-1.));
#3432=DIRECTION('',(0.,-1.,0.));
#3433=DIRECTION('center_axis',(0.,0.,1.));
#3434=DIRECTION('ref_axis',(-1.,0.,0.));
#3435=DIRECTION('',(1.,0.,0.));
#3436=DIRECTION('',(-1.,0.,0.));
#3437=DIRECTION('',(0.,-1.,0.));
#3438=DIRECTION('center_axis',(1.,0.,-4.44089209850063E-16));
#3439=DIRECTION('ref_axis',(4.44089209850063E-16,0.,1.));
#3440=DIRECTION('',(-4.44089209850063E-16,0.,-1.));
#3441=DIRECTION('',(4.44089209850063E-16,0.,1.));
#3442=DIRECTION('',(0.,-1.,0.));
#3443=DIRECTION('center_axis',(0.,0.,-1.));
#3444=DIRECTION('ref_axis',(1.,0.,0.));
#3445=DIRECTION('',(-1.,0.,0.));
#3446=DIRECTION('',(1.,0.,0.));
#3447=DIRECTION('center_axis',(1.,0.,0.));
#3448=DIRECTION('ref_axis',(0.,0.,1.));
#3449=DIRECTION('',(0.,0.,-1.));
#3450=DIRECTION('',(0.,-1.,0.));
#3451=DIRECTION('',(0.,0.,1.));
#3452=DIRECTION('',(0.,-1.,0.));
#3453=DIRECTION('center_axis',(0.,0.,-1.));
#3454=DIRECTION('ref_axis',(1.,0.,0.));
#3455=DIRECTION('',(-1.,0.,0.));
#3456=DIRECTION('',(1.,0.,0.));
#3457=DIRECTION('',(0.,-1.,0.));
#3458=DIRECTION('center_axis',(-1.,0.,0.));
#3459=DIRECTION('ref_axis',(0.,0.,-1.));
#3460=DIRECTION('',(0.,0.,1.));
#3461=DIRECTION('',(0.,0.,-1.));
#3462=DIRECTION('',(0.,-1.,0.));
#3463=DIRECTION('center_axis',(0.,0.,1.));
#3464=DIRECTION('ref_axis',(-1.,0.,0.));
#3465=DIRECTION('',(1.,0.,0.));
#3466=DIRECTION('',(-1.,0.,0.));
#3467=DIRECTION('center_axis',(0.,0.,1.));
#3468=DIRECTION('ref_axis',(-1.,0.,0.));
#3469=DIRECTION('',(1.,0.,0.));
#3470=DIRECTION('',(0.,-1.,0.));
#3471=DIRECTION('',(-1.,0.,0.));
#3472=DIRECTION('',(0.,-1.,0.));
#3473=DIRECTION('center_axis',(1.,0.,-8.88178419700125E-16));
#3474=DIRECTION('ref_axis',(8.88178419700125E-16,0.,1.));
#3475=DIRECTION('',(-8.88178419700125E-16,0.,-1.));
#3476=DIRECTION('',(8.88178419700125E-16,0.,1.));
#3477=DIRECTION('',(0.,-1.,0.));
#3478=DIRECTION('center_axis',(0.,0.,-1.));
#3479=DIRECTION('ref_axis',(1.,0.,0.));
#3480=DIRECTION('',(-1.,0.,0.));
#3481=DIRECTION('',(1.,0.,0.));
#3482=DIRECTION('',(0.,-1.,0.));
#3483=DIRECTION('center_axis',(-1.,0.,8.88178419700125E-16));
#3484=DIRECTION('ref_axis',(-8.88178419700125E-16,0.,-1.));
#3485=DIRECTION('',(8.88178419700125E-16,0.,1.));
#3486=DIRECTION('',(-8.88178419700125E-16,0.,-1.));
#3487=DIRECTION('center_axis',(1.,0.,0.));
#3488=DIRECTION('ref_axis',(0.,0.,1.));
#3489=DIRECTION('',(0.,0.,-1.));
#3490=DIRECTION('',(0.,-1.,0.));
#3491=DIRECTION('',(0.,0.,1.));
#3492=DIRECTION('',(0.,-1.,0.));
#3493=DIRECTION('center_axis',(0.,0.,-1.));
#3494=DIRECTION('ref_axis',(1.,0.,0.));
#3495=DIRECTION('',(-1.,0.,0.));
#3496=DIRECTION('',(1.,0.,0.));
#3497=DIRECTION('',(0.,-1.,0.));
#3498=DIRECTION('center_axis',(-1.,0.,0.));
#3499=DIRECTION('ref_axis',(0.,0.,-1.));
#3500=DIRECTION('',(0.,0.,1.));
#3501=DIRECTION('',(0.,0.,-1.));
#3502=DIRECTION('',(0.,-1.,0.));
#3503=DIRECTION('center_axis',(0.,0.,1.));
#3504=DIRECTION('ref_axis',(-1.,0.,0.));
#3505=DIRECTION('',(1.,0.,0.));
#3506=DIRECTION('',(-1.,0.,0.));
#3507=DIRECTION('center_axis',(1.,0.,0.));
#3508=DIRECTION('ref_axis',(0.,0.,1.));
#3509=DIRECTION('',(0.,0.,-1.));
#3510=DIRECTION('',(0.,-1.,0.));
#3511=DIRECTION('',(0.,0.,1.));
#3512=DIRECTION('',(0.,-1.,0.));
#3513=DIRECTION('center_axis',(0.,0.,-1.));
#3514=DIRECTION('ref_axis',(1.,0.,0.));
#3515=DIRECTION('',(-1.,0.,0.));
#3516=DIRECTION('',(1.,0.,0.));
#3517=DIRECTION('',(0.,-1.,0.));
#3518=DIRECTION('center_axis',(-1.,0.,0.));
#3519=DIRECTION('ref_axis',(0.,0.,-1.));
#3520=DIRECTION('',(0.,0.,1.));
#3521=DIRECTION('',(0.,0.,-1.));
#3522=DIRECTION('',(0.,-1.,0.));
#3523=DIRECTION('center_axis',(0.,0.,1.));
#3524=DIRECTION('ref_axis',(-1.,0.,0.));
#3525=DIRECTION('',(1.,0.,0.));
#3526=DIRECTION('',(-1.,0.,0.));
#3527=DIRECTION('center_axis',(0.,0.,1.));
#3528=DIRECTION('ref_axis',(-1.,0.,0.));
#3529=DIRECTION('',(1.,0.,0.));
#3530=DIRECTION('',(0.,-1.,0.));
#3531=DIRECTION('',(-1.,0.,0.));
#3532=DIRECTION('',(0.,-1.,0.));
#3533=DIRECTION('center_axis',(1.,0.,-8.88178419700125E-16));
#3534=DIRECTION('ref_axis',(8.88178419700125E-16,0.,1.));
#3535=DIRECTION('',(-8.88178419700125E-16,0.,-1.));
#3536=DIRECTION('',(8.88178419700125E-16,0.,1.));
#3537=DIRECTION('',(0.,-1.,0.));
#3538=DIRECTION('center_axis',(0.,0.,-1.));
#3539=DIRECTION('ref_axis',(1.,0.,0.));
#3540=DIRECTION('',(-1.,0.,0.));
#3541=DIRECTION('',(1.,0.,0.));
#3542=DIRECTION('',(0.,-1.,0.));
#3543=DIRECTION('center_axis',(-1.,0.,8.88178419700125E-16));
#3544=DIRECTION('ref_axis',(-8.88178419700125E-16,0.,-1.));
#3545=DIRECTION('',(8.88178419700125E-16,0.,1.));
#3546=DIRECTION('',(-8.88178419700125E-16,0.,-1.));
#3547=DIRECTION('center_axis',(1.,0.,0.));
#3548=DIRECTION('ref_axis',(0.,0.,1.));
#3549=DIRECTION('',(0.,0.,-1.));
#3550=DIRECTION('',(0.,-1.,0.));
#3551=DIRECTION('',(0.,0.,1.));
#3552=DIRECTION('',(0.,-1.,0.));
#3553=DIRECTION('center_axis',(0.,0.,-1.));
#3554=DIRECTION('ref_axis',(1.,0.,0.));
#3555=DIRECTION('',(-1.,0.,0.));
#3556=DIRECTION('',(1.,0.,0.));
#3557=DIRECTION('',(0.,-1.,0.));
#3558=DIRECTION('center_axis',(-1.,0.,-5.5511151231258E-16));
#3559=DIRECTION('ref_axis',(5.5511151231258E-16,0.,-1.));
#3560=DIRECTION('',(-5.5511151231258E-16,0.,1.));
#3561=DIRECTION('',(5.5511151231258E-16,0.,-1.));
#3562=DIRECTION('',(0.,-1.,0.));
#3563=DIRECTION('center_axis',(0.,0.,1.));
#3564=DIRECTION('ref_axis',(-1.,0.,0.));
#3565=DIRECTION('',(1.,0.,0.));
#3566=DIRECTION('',(-1.,0.,0.));
#3567=DIRECTION('center_axis',(-1.,0.,8.88178419700125E-16));
#3568=DIRECTION('ref_axis',(-8.88178419700125E-16,0.,-1.));
#3569=DIRECTION('',(8.88178419700125E-16,0.,1.));
#3570=DIRECTION('',(0.,-1.,0.));
#3571=DIRECTION('',(-8.88178419700125E-16,0.,-1.));
#3572=DIRECTION('',(0.,-1.,0.));
#3573=DIRECTION('center_axis',(0.,0.,1.));
#3574=DIRECTION('ref_axis',(-1.,0.,0.));
#3575=DIRECTION('',(1.,0.,0.));
#3576=DIRECTION('',(-1.,0.,0.));
#3577=DIRECTION('',(0.,-1.,0.));
#3578=DIRECTION('center_axis',(1.,0.,-4.44089209850063E-16));
#3579=DIRECTION('ref_axis',(4.44089209850063E-16,0.,1.));
#3580=DIRECTION('',(-4.44089209850063E-16,0.,-1.));
#3581=DIRECTION('',(4.44089209850063E-16,0.,1.));
#3582=DIRECTION('',(0.,-1.,0.));
#3583=DIRECTION('center_axis',(0.,0.,-1.));
#3584=DIRECTION('ref_axis',(1.,0.,0.));
#3585=DIRECTION('',(-1.,0.,0.));
#3586=DIRECTION('',(1.,0.,0.));
#3587=DIRECTION('center_axis',(-1.,0.,8.88178419700125E-16));
#3588=DIRECTION('ref_axis',(-8.88178419700125E-16,0.,-1.));
#3589=DIRECTION('',(8.88178419700125E-16,0.,1.));
#3590=DIRECTION('',(0.,-1.,0.));
#3591=DIRECTION('',(-8.88178419700125E-16,0.,-1.));
#3592=DIRECTION('',(0.,-1.,0.));
#3593=DIRECTION('center_axis',(0.,0.,1.));
#3594=DIRECTION('ref_axis',(-1.,0.,0.));
#3595=DIRECTION('',(1.,0.,0.));
#3596=DIRECTION('',(-1.,0.,0.));
#3597=DIRECTION('',(0.,-1.,0.));
#3598=DIRECTION('center_axis',(1.,0.,-4.44089209850063E-16));
#3599=DIRECTION('ref_axis',(4.44089209850063E-16,0.,1.));
#3600=DIRECTION('',(-4.44089209850063E-16,0.,-1.));
#3601=DIRECTION('',(4.44089209850063E-16,0.,1.));
#3602=DIRECTION('',(0.,-1.,0.));
#3603=DIRECTION('center_axis',(0.,0.,-1.));
#3604=DIRECTION('ref_axis',(1.,0.,0.));
#3605=DIRECTION('',(-1.,0.,0.));
#3606=DIRECTION('',(1.,0.,0.));
#3607=DIRECTION('center_axis',(0.,0.,1.));
#3608=DIRECTION('ref_axis',(-1.,0.,0.));
#3609=DIRECTION('',(1.,0.,0.));
#3610=DIRECTION('',(0.,-1.,0.));
#3611=DIRECTION('',(-1.,0.,0.));
#3612=DIRECTION('',(0.,-1.,0.));
#3613=DIRECTION('center_axis',(1.,0.,-8.88178419700125E-16));
#3614=DIRECTION('ref_axis',(8.88178419700125E-16,0.,1.));
#3615=DIRECTION('',(-8.88178419700125E-16,0.,-1.));
#3616=DIRECTION('',(8.88178419700125E-16,0.,1.));
#3617=DIRECTION('',(0.,-1.,0.));
#3618=DIRECTION('center_axis',(0.,0.,-1.));
#3619=DIRECTION('ref_axis',(1.,0.,0.));
#3620=DIRECTION('',(-1.,0.,0.));
#3621=DIRECTION('',(1.,0.,0.));
#3622=DIRECTION('',(0.,-1.,0.));
#3623=DIRECTION('center_axis',(-1.,0.,8.88178419700125E-16));
#3624=DIRECTION('ref_axis',(-8.88178419700125E-16,0.,-1.));
#3625=DIRECTION('',(8.88178419700125E-16,0.,1.));
#3626=DIRECTION('',(-8.88178419700125E-16,0.,-1.));
#3627=DIRECTION('center_axis',(0.,0.,1.));
#3628=DIRECTION('ref_axis',(-1.,0.,0.));
#3629=DIRECTION('',(1.,0.,0.));
#3630=DIRECTION('',(0.,-1.,0.));
#3631=DIRECTION('',(-1.,0.,0.));
#3632=DIRECTION('',(0.,-1.,0.));
#3633=DIRECTION('center_axis',(1.,0.,-8.88178419700125E-16));
#3634=DIRECTION('ref_axis',(8.88178419700125E-16,0.,1.));
#3635=DIRECTION('',(-8.88178419700125E-16,0.,-1.));
#3636=DIRECTION('',(8.88178419700125E-16,0.,1.));
#3637=DIRECTION('',(0.,-1.,0.));
#3638=DIRECTION('center_axis',(0.,0.,-1.));
#3639=DIRECTION('ref_axis',(1.,0.,0.));
#3640=DIRECTION('',(-1.,0.,0.));
#3641=DIRECTION('',(1.,0.,0.));
#3642=DIRECTION('',(0.,-1.,0.));
#3643=DIRECTION('center_axis',(-1.,0.,8.88178419700125E-16));
#3644=DIRECTION('ref_axis',(-8.88178419700125E-16,0.,-1.));
#3645=DIRECTION('',(8.88178419700125E-16,0.,1.));
#3646=DIRECTION('',(-8.88178419700125E-16,0.,-1.));
#3647=DIRECTION('center_axis',(1.,0.,0.));
#3648=DIRECTION('ref_axis',(0.,0.,1.));
#3649=DIRECTION('',(0.,0.,-1.));
#3650=DIRECTION('',(0.,-1.,0.));
#3651=DIRECTION('',(0.,0.,1.));
#3652=DIRECTION('',(0.,-1.,0.));
#3653=DIRECTION('center_axis',(0.,0.,-1.));
#3654=DIRECTION('ref_axis',(1.,0.,0.));
#3655=DIRECTION('',(-1.,0.,0.));
#3656=DIRECTION('',(1.,0.,0.));
#3657=DIRECTION('',(0.,-1.,0.));
#3658=DIRECTION('center_axis',(-1.,0.,0.));
#3659=DIRECTION('ref_axis',(0.,0.,-1.));
#3660=DIRECTION('',(0.,0.,1.));
#3661=DIRECTION('',(0.,0.,-1.));
#3662=DIRECTION('',(0.,-1.,0.));
#3663=DIRECTION('center_axis',(0.,0.,1.));
#3664=DIRECTION('ref_axis',(-1.,0.,0.));
#3665=DIRECTION('',(1.,0.,0.));
#3666=DIRECTION('',(-1.,0.,0.));
#3667=DIRECTION('center_axis',(0.,0.,1.));
#3668=DIRECTION('ref_axis',(-1.,0.,0.));
#3669=DIRECTION('',(1.,0.,0.));
#3670=DIRECTION('',(0.,-1.,0.));
#3671=DIRECTION('',(-1.,0.,0.));
#3672=DIRECTION('',(0.,-1.,0.));
#3673=DIRECTION('center_axis',(1.,0.,0.));
#3674=DIRECTION('ref_axis',(0.,0.,1.));
#3675=DIRECTION('',(0.,0.,-1.));
#3676=DIRECTION('',(0.,0.,1.));
#3677=DIRECTION('',(0.,-1.,0.));
#3678=DIRECTION('center_axis',(0.,0.,-1.));
#3679=DIRECTION('ref_axis',(1.,0.,0.));
#3680=DIRECTION('',(-1.,0.,0.));
#3681=DIRECTION('',(1.,0.,0.));
#3682=DIRECTION('',(0.,-1.,0.));
#3683=DIRECTION('center_axis',(-1.,0.,-5.5511151231258E-16));
#3684=DIRECTION('ref_axis',(5.5511151231258E-16,0.,-1.));
#3685=DIRECTION('',(-5.5511151231258E-16,0.,1.));
#3686=DIRECTION('',(5.5511151231258E-16,0.,-1.));
#3687=DIRECTION('center_axis',(0.,0.,1.));
#3688=DIRECTION('ref_axis',(-1.,0.,0.));
#3689=DIRECTION('',(1.,0.,0.));
#3690=DIRECTION('',(0.,-1.,0.));
#3691=DIRECTION('',(-1.,0.,0.));
#3692=DIRECTION('',(0.,-1.,0.));
#3693=DIRECTION('center_axis',(1.,0.,-8.88178419700125E-16));
#3694=DIRECTION('ref_axis',(8.88178419700125E-16,0.,1.));
#3695=DIRECTION('',(-8.88178419700125E-16,0.,-1.));
#3696=DIRECTION('',(8.88178419700125E-16,0.,1.));
#3697=DIRECTION('',(0.,-1.,0.));
#3698=DIRECTION('center_axis',(0.,0.,-1.));
#3699=DIRECTION('ref_axis',(1.,0.,0.));
#3700=DIRECTION('',(-1.,0.,0.));
#3701=DIRECTION('',(1.,0.,0.));
#3702=DIRECTION('',(0.,-1.,0.));
#3703=DIRECTION('center_axis',(-1.,0.,8.88178419700125E-16));
#3704=DIRECTION('ref_axis',(-8.88178419700125E-16,0.,-1.));
#3705=DIRECTION('',(8.88178419700125E-16,0.,1.));
#3706=DIRECTION('',(-8.88178419700125E-16,0.,-1.));
#3707=DIRECTION('center_axis',(-1.,0.,8.88178419700125E-16));
#3708=DIRECTION('ref_axis',(-8.88178419700125E-16,0.,-1.));
#3709=DIRECTION('',(8.88178419700125E-16,0.,1.));
#3710=DIRECTION('',(0.,-1.,0.));
#3711=DIRECTION('',(-8.88178419700125E-16,0.,-1.));
#3712=DIRECTION('',(0.,-1.,0.));
#3713=DIRECTION('center_axis',(0.,0.,1.));
#3714=DIRECTION('ref_axis',(-1.,0.,0.));
#3715=DIRECTION('',(1.,0.,0.));
#3716=DIRECTION('',(-1.,0.,0.));
#3717=DIRECTION('',(0.,-1.,0.));
#3718=DIRECTION('center_axis',(1.,0.,-4.44089209850063E-16));
#3719=DIRECTION('ref_axis',(4.44089209850063E-16,0.,1.));
#3720=DIRECTION('',(-4.44089209850063E-16,0.,-1.));
#3721=DIRECTION('',(4.44089209850063E-16,0.,1.));
#3722=DIRECTION('',(0.,-1.,0.));
#3723=DIRECTION('center_axis',(0.,0.,-1.));
#3724=DIRECTION('ref_axis',(1.,0.,0.));
#3725=DIRECTION('',(-1.,0.,0.));
#3726=DIRECTION('',(1.,0.,0.));
#3727=DIRECTION('center_axis',(0.,0.,1.));
#3728=DIRECTION('ref_axis',(-1.,0.,0.));
#3729=DIRECTION('',(1.,0.,0.));
#3730=DIRECTION('',(0.,-1.,0.));
#3731=DIRECTION('',(-1.,0.,0.));
#3732=DIRECTION('',(0.,-1.,0.));
#3733=DIRECTION('center_axis',(1.,0.,-4.44089209850063E-16));
#3734=DIRECTION('ref_axis',(4.44089209850063E-16,0.,1.));
#3735=DIRECTION('',(-4.44089209850063E-16,0.,-1.));
#3736=DIRECTION('',(4.44089209850063E-16,0.,1.));
#3737=DIRECTION('',(0.,-1.,0.));
#3738=DIRECTION('center_axis',(0.,0.,-1.));
#3739=DIRECTION('ref_axis',(1.,0.,0.));
#3740=DIRECTION('',(-1.,0.,0.));
#3741=DIRECTION('',(1.,0.,0.));
#3742=DIRECTION('',(0.,-1.,0.));
#3743=DIRECTION('center_axis',(-1.,0.,8.88178419700125E-16));
#3744=DIRECTION('ref_axis',(-8.88178419700125E-16,0.,-1.));
#3745=DIRECTION('',(8.88178419700125E-16,0.,1.));
#3746=DIRECTION('',(-8.88178419700125E-16,0.,-1.));
#3747=DIRECTION('center_axis',(-1.,0.,0.));
#3748=DIRECTION('ref_axis',(0.,0.,1.));
#3749=DIRECTION('',(0.,0.,1.));
#3750=DIRECTION('',(0.,1.,0.));
#3751=DIRECTION('center_axis',(0.,1.,0.));
#3752=DIRECTION('ref_axis',(-1.,0.,1.48029736616688E-15));
#3753=DIRECTION('center_axis',(0.,-1.,0.));
#3754=DIRECTION('ref_axis',(-1.,0.,1.48029736616688E-15));
#3755=DIRECTION('center_axis',(8.88178419700128E-16,0.,1.));
#3756=DIRECTION('ref_axis',(1.,0.,-8.88178419700128E-16));
#3757=DIRECTION('',(0.,1.,0.));
#3758=DIRECTION('',(-1.,0.,8.88178419700128E-16));
#3759=DIRECTION('center_axis',(-1.,0.,0.));
#3760=DIRECTION('ref_axis',(0.,0.,1.));
#3761=DIRECTION('',(0.,0.,1.));
#3762=DIRECTION('',(0.,1.,0.));
#3763=DIRECTION('',(0.,0.,-1.));
#3764=DIRECTION('center_axis',(0.,1.,0.));
#3765=DIRECTION('ref_axis',(0.,0.,1.));
#3766=DIRECTION('',(-2.1316282072803E-16,0.,-1.));
#3767=DIRECTION('',(-1.,0.,0.));
#3768=DIRECTION('center_axis',(0.,0.,-1.));
#3769=DIRECTION('ref_axis',(-1.,0.,0.));
#3770=DIRECTION('',(-1.,0.,0.));
#3771=DIRECTION('',(0.,1.,0.));
#3772=DIRECTION('center_axis',(0.,1.,0.));
#3773=DIRECTION('ref_axis',(2.96059473233375E-15,0.,-1.));
#3774=DIRECTION('center_axis',(0.,-1.,0.));
#3775=DIRECTION('ref_axis',(2.96059473233375E-15,0.,-1.));
#3776=DIRECTION('center_axis',(-1.,0.,0.));
#3777=DIRECTION('ref_axis',(0.,0.,1.));
#3778=DIRECTION('',(0.,1.,0.));
#3779=DIRECTION('',(0.,0.,-1.));
#3780=DIRECTION('center_axis',(8.8817841970012E-15,0.,-1.));
#3781=DIRECTION('ref_axis',(-1.,0.,-8.8817841970012E-15));
#3782=DIRECTION('',(-1.,0.,-8.8817841970012E-15));
#3783=DIRECTION('',(0.,1.,0.));
#3784=DIRECTION('',(1.,0.,8.8817841970012E-15));
#3785=DIRECTION('center_axis',(0.,1.,0.));
#3786=DIRECTION('ref_axis',(0.,0.,1.));
#3787=DIRECTION('',(1.,0.,0.));
#3788=DIRECTION('',(-2.1316282072803E-16,0.,-1.));
#3789=DIRECTION('center_axis',(8.8817841970012E-16,0.,1.));
#3790=DIRECTION('ref_axis',(1.,0.,-8.8817841970012E-16));
#3791=DIRECTION('',(1.,0.,-8.8817841970012E-16));
#3792=DIRECTION('',(0.,1.,0.));
#3793=DIRECTION('center_axis',(0.,1.,0.));
#3794=DIRECTION('ref_axis',(7.4014868308344E-16,0.,1.));
#3795=DIRECTION('center_axis',(0.,-1.,0.));
#3796=DIRECTION('ref_axis',(7.4014868308344E-16,0.,1.));
#3797=DIRECTION('center_axis',(1.,0.,-4.44089209850064E-16));
#3798=DIRECTION('ref_axis',(-4.44089209850064E-16,0.,-1.));
#3799=DIRECTION('',(0.,1.,0.));
#3800=DIRECTION('',(4.44089209850064E-16,0.,1.));
#3801=DIRECTION('center_axis',(0.,0.,1.));
#3802=DIRECTION('ref_axis',(1.,0.,0.));
#3803=DIRECTION('',(1.,0.,0.));
#3804=DIRECTION('',(0.,1.,0.));
#3805=DIRECTION('',(-1.,0.,0.));
#3806=DIRECTION('center_axis',(0.,1.,0.));
#3807=DIRECTION('ref_axis',(0.,0.,1.));
#3808=DIRECTION('',(-1.,0.,0.));
#3809=DIRECTION('',(4.2632564145606E-16,0.,1.));
#3810=DIRECTION('center_axis',(1.,0.,-4.44089209850065E-16));
#3811=DIRECTION('ref_axis',(-4.44089209850065E-16,0.,-1.));
#3812=DIRECTION('',(0.,1.,0.));
#3813=DIRECTION('',(4.44089209850065E-16,0.,1.));
#3814=DIRECTION('center_axis',(0.,1.,0.));
#3815=DIRECTION('ref_axis',(1.,0.,0.));
#3816=DIRECTION('',(0.,1.,0.));
#3817=DIRECTION('center_axis',(0.,1.,0.));
#3818=DIRECTION('ref_axis',(1.,0.,0.));
#3819=DIRECTION('center_axis',(0.,0.,-1.));
#3820=DIRECTION('ref_axis',(-1.,0.,0.));
#3821=DIRECTION('',(0.,1.,0.));
#3822=DIRECTION('',(1.,0.,0.));
#3823=DIRECTION('center_axis',(1.,0.,0.));
#3824=DIRECTION('ref_axis',(0.,0.,-1.));
#3825=DIRECTION('',(0.,0.,-1.));
#3826=DIRECTION('',(0.,1.,0.));
#3827=DIRECTION('',(0.,0.,1.));
#3828=DIRECTION('center_axis',(0.,1.,0.));
#3829=DIRECTION('ref_axis',(0.,0.,1.));
#3830=DIRECTION('',(4.2632564145606E-16,0.,1.));
#3831=DIRECTION('',(1.,0.,0.));
#3832=DIRECTION('center_axis',(0.,0.,1.));
#3833=DIRECTION('ref_axis',(1.,0.,0.));
#3834=DIRECTION('',(1.,0.,0.));
#3835=DIRECTION('',(0.,1.,0.));
#3836=DIRECTION('',(1.,0.,0.));
#3837=DIRECTION('',(0.,1.,0.));
#3838=DIRECTION('center_axis',(-1.,0.,4.2632564145606E-16));
#3839=DIRECTION('ref_axis',(4.2632564145606E-16,0.,1.));
#3840=DIRECTION('',(4.2632564145606E-16,0.,1.));
#3841=DIRECTION('',(4.2632564145606E-16,0.,1.));
#3842=DIRECTION('',(0.,1.,0.));
#3843=DIRECTION('center_axis',(-1.1842378929335E-16,0.,-1.));
#3844=DIRECTION('ref_axis',(-1.,0.,1.1842378929335E-16));
#3845=DIRECTION('',(-1.,0.,1.1842378929335E-16));
#3846=DIRECTION('',(-1.,0.,1.1842378929335E-16));
#3847=DIRECTION('',(0.,1.,0.));
#3848=DIRECTION('center_axis',(1.,0.,-2.1316282072803E-16));
#3849=DIRECTION('ref_axis',(-2.1316282072803E-16,0.,-1.));
#3850=DIRECTION('',(-2.1316282072803E-16,0.,-1.));
#3851=DIRECTION('',(-2.1316282072803E-16,0.,-1.));
#3852=DIRECTION('center_axis',(0.,1.,0.));
#3853=DIRECTION('ref_axis',(0.,0.,1.));
#3854=DIRECTION('center_axis',(0.,1.,0.));
#3855=DIRECTION('ref_axis',(0.,0.,1.));
#3856=CARTESIAN_POINT('',(0.,0.,0.));
#3857=CARTESIAN_POINT('Origin',(10.7336565635277,5.4,-6.93171745152354));
#3858=CARTESIAN_POINT('',(10.5336565635277,5.4,-6.93171745152354));
#3859=CARTESIAN_POINT('Origin',(10.7336565635277,5.4,-6.93171745152354));
#3860=CARTESIAN_POINT('',(10.5336565635277,4.4,-6.93171745152354));
#3861=CARTESIAN_POINT('',(10.5336565635277,5.4,-6.93171745152354));
#3862=CARTESIAN_POINT('Origin',(10.7336565635277,4.4,-6.93171745152354));
#3863=CARTESIAN_POINT('Origin',(10.7336565635277,5.4,15.7682825484765));
#3864=CARTESIAN_POINT('',(10.5336565635277,5.4,15.7682825484765));
#3865=CARTESIAN_POINT('Origin',(10.7336565635277,5.4,15.7682825484765));
#3866=CARTESIAN_POINT('',(10.5336565635277,4.4,15.7682825484765));
#3867=CARTESIAN_POINT('',(10.5336565635277,5.4,15.7682825484765));
#3868=CARTESIAN_POINT('Origin',(10.7336565635277,4.4,15.7682825484765));
#3869=CARTESIAN_POINT('Origin',(-1.96634343647227,5.4,-6.93171745152354));
#3870=CARTESIAN_POINT('',(-2.16634343647227,5.4,-6.93171745152354));
#3871=CARTESIAN_POINT('Origin',(-1.96634343647227,5.4,-6.93171745152354));
#3872=CARTESIAN_POINT('',(-2.16634343647227,4.4,-6.93171745152354));
#3873=CARTESIAN_POINT('',(-2.16634343647227,5.4,-6.93171745152354));
#3874=CARTESIAN_POINT('Origin',(-1.96634343647227,4.4,-6.93171745152354));
#3875=CARTESIAN_POINT('Origin',(-1.96634343647226,5.4,15.7682825484765));
#3876=CARTESIAN_POINT('',(-2.16634343647226,5.4,15.7682825484765));
#3877=CARTESIAN_POINT('Origin',(-1.96634343647226,5.4,15.7682825484765));
#3878=CARTESIAN_POINT('',(-2.16634343647226,4.4,15.7682825484765));
#3879=CARTESIAN_POINT('',(-2.16634343647226,5.4,15.7682825484765));
#3880=CARTESIAN_POINT('Origin',(-1.96634343647226,4.4,15.7682825484765));
#3881=CARTESIAN_POINT('Origin',(4.38365656352773,0.4,4.41828254847645));
#3882=CARTESIAN_POINT('',(6.28365656352773,0.4,-1.29742700995894));
#3883=CARTESIAN_POINT('Origin',(6.28365656352773,0.4,-1.48171745152355));
#3884=CARTESIAN_POINT('Origin',(6.28365656352773,-0.15,-1.48171745152355));
#3885=CARTESIAN_POINT('',(6.28365656352773,1.3,-1.28171745152355));
#3886=CARTESIAN_POINT('Origin',(6.28365656352773,1.3,-1.48171745152355));
#3887=CARTESIAN_POINT('',(6.28365656352773,-0.15,-1.30702729566946));
#3888=CARTESIAN_POINT('Origin',(6.28365656352773,-0.15,-1.48171745152355));
#3889=CARTESIAN_POINT('',(6.28365656352773,0.4,-0.950288758980972));
#3890=CARTESIAN_POINT('Origin',(6.28365656352773,0.4,-1.48171745152355));
#3891=CARTESIAN_POINT('',(6.28365656352773,1.3,-0.981717451523545));
#3892=CARTESIAN_POINT('',(6.28365656352773,-0.15,-0.931082335760511));
#3893=CARTESIAN_POINT('Origin',(6.28365656352773,1.3,-1.48171745152355));
#3894=CARTESIAN_POINT('Origin',(6.28365656352773,1.3,-1.73171745152355));
#3895=CARTESIAN_POINT('Origin',(4.38365656352773,0.4,4.41828254847645));
#3896=CARTESIAN_POINT('',(6.28365656352773,0.4,7.10257299004106));
#3897=CARTESIAN_POINT('Origin',(6.28365656352773,0.4,6.91828254847645));
#3898=CARTESIAN_POINT('Origin',(6.28365656352773,-0.15,6.91828254847645));
#3899=CARTESIAN_POINT('',(6.28365656352773,1.3,7.11828254847646));
#3900=CARTESIAN_POINT('Origin',(6.28365656352773,1.3,6.91828254847645));
#3901=CARTESIAN_POINT('',(6.28365656352773,-0.15,7.09297270433054));
#3902=CARTESIAN_POINT('Origin',(6.28365656352773,-0.15,6.91828254847645));
#3903=CARTESIAN_POINT('',(6.28365656352773,0.4,7.44971124101903));
#3904=CARTESIAN_POINT('Origin',(6.28365656352773,0.4,6.91828254847645));
#3905=CARTESIAN_POINT('',(6.28365656352773,1.3,7.41828254847645));
#3906=CARTESIAN_POINT('',(6.28365656352773,-0.15,7.46891766423949));
#3907=CARTESIAN_POINT('Origin',(6.28365656352773,1.3,6.91828254847645));
#3908=CARTESIAN_POINT('Origin',(6.28365656352773,1.3,6.66828254847645));
#3909=CARTESIAN_POINT('Origin',(4.38365656352773,0.4,4.41828254847645));
#3910=CARTESIAN_POINT('',(-1.11634343647227,0.4,-1.29742700995894));
#3911=CARTESIAN_POINT('Origin',(-1.11634343647227,0.4,-1.48171745152355));
#3912=CARTESIAN_POINT('Origin',(-1.11634343647227,-0.15,-1.48171745152355));
#3913=CARTESIAN_POINT('',(-1.11634343647227,1.3,-1.28171745152355));
#3914=CARTESIAN_POINT('Origin',(-1.11634343647227,1.3,-1.48171745152355));
#3915=CARTESIAN_POINT('',(-1.11634343647227,-0.15,-1.30702729566946));
#3916=CARTESIAN_POINT('Origin',(-1.11634343647227,-0.15,-1.48171745152355));
#3917=CARTESIAN_POINT('',(-1.11634343647227,0.4,-0.950288758980972));
#3918=CARTESIAN_POINT('Origin',(-1.11634343647227,0.4,-1.48171745152355));
#3919=CARTESIAN_POINT('',(-1.11634343647227,1.3,-0.981717451523545));
#3920=CARTESIAN_POINT('',(-1.11634343647227,-0.15,-0.931082335760511));
#3921=CARTESIAN_POINT('Origin',(-1.11634343647227,1.3,-1.48171745152355));
#3922=CARTESIAN_POINT('Origin',(-1.11634343647227,1.3,-1.73171745152355));
#3923=CARTESIAN_POINT('Origin',(4.38365656352773,0.4,4.41828254847645));
#3924=CARTESIAN_POINT('',(-1.11634343647227,0.4,7.10257299004106));
#3925=CARTESIAN_POINT('Origin',(-1.11634343647227,0.4,6.91828254847645));
#3926=CARTESIAN_POINT('Origin',(-1.11634343647227,-0.15,6.91828254847645));
#3927=CARTESIAN_POINT('',(-1.11634343647227,1.3,7.11828254847646));
#3928=CARTESIAN_POINT('Origin',(-1.11634343647227,1.3,6.91828254847645));
#3929=CARTESIAN_POINT('',(-1.11634343647227,-0.15,7.09297270433054));
#3930=CARTESIAN_POINT('Origin',(-1.11634343647227,-0.15,6.91828254847645));
#3931=CARTESIAN_POINT('',(-1.11634343647227,0.4,7.44971124101903));
#3932=CARTESIAN_POINT('Origin',(-1.11634343647227,0.4,6.91828254847645));
#3933=CARTESIAN_POINT('',(-1.11634343647227,1.3,7.41828254847645));
#3934=CARTESIAN_POINT('',(-1.11634343647227,-0.15,7.46891766423949));
#3935=CARTESIAN_POINT('Origin',(-1.11634343647227,1.3,6.91828254847645));
#3936=CARTESIAN_POINT('Origin',(-1.11634343647227,1.3,6.66828254847645));
#3937=CARTESIAN_POINT('Origin',(10.8836565635277,0.4,-7.08171745152355));
#3938=CARTESIAN_POINT('',(9.8836565635277,4.4,-7.08171745152355));
#3939=CARTESIAN_POINT('',(10.8836565635277,4.4,-6.08171745152355));
#3940=CARTESIAN_POINT('Origin',(10.8836565635277,4.4,-7.08171745152355));
#3941=CARTESIAN_POINT('',(10.8836565635277,5.4,-6.08171745152355));
#3942=CARTESIAN_POINT('',(10.8836565635277,0.4,-6.08171745152355));
#3943=CARTESIAN_POINT('',(9.8836565635277,5.4,-7.08171745152355));
#3944=CARTESIAN_POINT('Origin',(10.8836565635277,5.4,-7.08171745152355));
#3945=CARTESIAN_POINT('',(9.88365656352773,0.4,-7.08171745152355));
#3946=CARTESIAN_POINT('Origin',(11.4836565635277,0.4,-6.08171745152355));
#3947=CARTESIAN_POINT('',(11.4836565635277,4.4,-6.08171745152355));
#3948=CARTESIAN_POINT('',(9.88365656352766,4.4,-6.08171745152355));
#3949=CARTESIAN_POINT('',(11.4836565635277,0.4,-6.08171745152355));
#3950=CARTESIAN_POINT('',(11.4836565635277,0.4,-6.08171745152355));
#3951=CARTESIAN_POINT('',(11.8836565635277,0.4,-6.08171745152355));
#3952=CARTESIAN_POINT('',(7.93365656352775,0.4,-6.08171745152357));
#3953=CARTESIAN_POINT('',(11.8836565635277,10.4,-6.08171745152355));
#3954=CARTESIAN_POINT('',(11.8836565635277,0.4,-6.08171745152355));
#3955=CARTESIAN_POINT('',(11.4836565635277,10.4,-6.08171745152355));
#3956=CARTESIAN_POINT('',(11.4836565635277,10.4,-6.08171745152355));
#3957=CARTESIAN_POINT('',(11.4836565635277,5.4,-6.08171745152355));
#3958=CARTESIAN_POINT('',(11.4836565635277,0.4,-6.08171745152355));
#3959=CARTESIAN_POINT('',(9.88365656352766,5.4,-6.08171745152355));
#3960=CARTESIAN_POINT('Origin',(10.6836565635277,4.4,-6.88171745152355));
#3961=CARTESIAN_POINT('',(9.88365656352773,4.4,-7.68171745152355));
#3962=CARTESIAN_POINT('',(9.88365656352773,4.4,-7.68171745152355));
#3963=CARTESIAN_POINT('',(10.8836565635277,4.4,-7.68171745152355));
#3964=CARTESIAN_POINT('',(10.2836565635277,4.4,-7.68171745152355));
#3965=CARTESIAN_POINT('',(11.4836565635277,4.4,-7.08171745152355));
#3966=CARTESIAN_POINT('Origin',(10.8836565635277,4.4,-7.08171745152355));
#3967=CARTESIAN_POINT('',(11.4836565635277,4.4,-6.98171745152355));
#3968=CARTESIAN_POINT('Origin',(-2.11634343647227,0.4,-7.08171745152355));
#3969=CARTESIAN_POINT('',(-2.11634343647227,4.4,-6.08171745152355));
#3970=CARTESIAN_POINT('',(-1.11634343647227,4.4,-7.08171745152355));
#3971=CARTESIAN_POINT('Origin',(-2.11634343647227,4.4,-7.08171745152355));
#3972=CARTESIAN_POINT('',(-1.11634343647227,5.4,-7.08171745152355));
#3973=CARTESIAN_POINT('',(-1.11634343647227,0.4,-7.08171745152355));
#3974=CARTESIAN_POINT('',(-2.11634343647227,5.4,-6.08171745152355));
#3975=CARTESIAN_POINT('Origin',(-2.11634343647227,5.4,-7.08171745152355));
#3976=CARTESIAN_POINT('',(-2.11634343647227,0.4,-6.08171745152355));
#3977=CARTESIAN_POINT('Origin',(-1.11634343647227,0.4,-7.68171745152354));
#3978=CARTESIAN_POINT('',(-1.11634343647227,4.4,-7.68171745152354));
#3979=CARTESIAN_POINT('',(-1.11634343647227,4.4,-6.08171745152355));
#3980=CARTESIAN_POINT('',(-1.11634343647227,0.4,-7.68171745152354));
#3981=CARTESIAN_POINT('',(-1.11634343647227,0.4,-7.68171745152354));
#3982=CARTESIAN_POINT('',(-1.11634343647227,0.4,-8.08171745152355));
#3983=CARTESIAN_POINT('',(-1.11634343647227,0.4,-1.63171745152354));
#3984=CARTESIAN_POINT('',(-1.11634343647227,10.4,-8.08171745152355));
#3985=CARTESIAN_POINT('',(-1.11634343647227,0.4,-8.08171745152355));
#3986=CARTESIAN_POINT('',(-1.11634343647227,10.4,-7.68171745152354));
#3987=CARTESIAN_POINT('',(-1.11634343647227,10.4,-7.68171745152354));
#3988=CARTESIAN_POINT('',(-1.11634343647227,5.4,-7.68171745152354));
#3989=CARTESIAN_POINT('',(-1.11634343647227,0.4,-7.68171745152354));
#3990=CARTESIAN_POINT('',(-1.11634343647227,5.4,-6.08171745152355));
#3991=CARTESIAN_POINT('Origin',(-1.91634343647227,4.4,-6.88171745152355));
#3992=CARTESIAN_POINT('',(-2.71634343647227,4.4,-6.08171745152355));
#3993=CARTESIAN_POINT('',(-2.71634343647227,4.4,-6.08171745152355));
#3994=CARTESIAN_POINT('',(-2.71634343647227,4.4,-7.08171745152355));
#3995=CARTESIAN_POINT('',(-2.71634343647227,4.4,-6.48171745152355));
#3996=CARTESIAN_POINT('',(-2.11634343647227,4.4,-7.68171745152354));
#3997=CARTESIAN_POINT('Origin',(-2.11634343647227,4.4,-7.08171745152355));
#3998=CARTESIAN_POINT('',(-2.01634343647227,4.4,-7.68171745152354));
#3999=CARTESIAN_POINT('Origin',(10.8836565635277,0.4,15.9182825484764));
#4000=CARTESIAN_POINT('',(10.8836565635277,4.4,14.9182825484764));
#4001=CARTESIAN_POINT('',(9.88365656352773,4.4,15.9182825484764));
#4002=CARTESIAN_POINT('Origin',(10.8836565635277,4.4,15.9182825484764));
#4003=CARTESIAN_POINT('',(9.88365656352773,5.4,15.9182825484764));
#4004=CARTESIAN_POINT('',(9.88365656352773,0.4,15.9182825484764));
#4005=CARTESIAN_POINT('',(10.8836565635277,5.4,14.9182825484764));
#4006=CARTESIAN_POINT('Origin',(10.8836565635277,5.4,15.9182825484764));
#4007=CARTESIAN_POINT('',(10.8836565635277,0.4,14.9182825484764));
#4008=CARTESIAN_POINT('Origin',(9.88365656352773,0.4,16.5182825484765));
#4009=CARTESIAN_POINT('',(9.88365656352773,4.4,16.5182825484765));
#4010=CARTESIAN_POINT('',(9.88365656352773,4.4,14.9182825484763));
#4011=CARTESIAN_POINT('',(9.88365656352773,0.4,16.5182825484765));
#4012=CARTESIAN_POINT('',(9.88365656352773,0.4,16.5182825484765));
#4013=CARTESIAN_POINT('',(9.88365656352773,0.4,16.9182825484765));
#4014=CARTESIAN_POINT('',(9.88365656352773,0.4,10.4682825484765));
#4015=CARTESIAN_POINT('',(9.88365656352773,10.4,16.9182825484765));
#4016=CARTESIAN_POINT('',(9.88365656352773,0.4,16.9182825484765));
#4017=CARTESIAN_POINT('',(9.88365656352773,10.4,16.5182825484765));
#4018=CARTESIAN_POINT('',(9.88365656352773,10.4,16.5182825484765));
#4019=CARTESIAN_POINT('',(9.88365656352773,5.4,16.5182825484765));
#4020=CARTESIAN_POINT('',(9.88365656352773,0.4,16.5182825484765));
#4021=CARTESIAN_POINT('',(9.88365656352773,5.4,14.9182825484763));
#4022=CARTESIAN_POINT('Origin',(10.6836565635277,4.4,15.7182825484764));
#4023=CARTESIAN_POINT('',(11.4836565635277,4.4,14.9182825484764));
#4024=CARTESIAN_POINT('',(11.4836565635277,4.4,14.9182825484764));
#4025=CARTESIAN_POINT('',(11.4836565635277,4.4,15.9182825484765));
#4026=CARTESIAN_POINT('',(11.4836565635277,4.4,15.3182825484764));
#4027=CARTESIAN_POINT('',(10.8836565635277,4.4,16.5182825484765));
#4028=CARTESIAN_POINT('Origin',(10.8836565635277,4.4,15.9182825484765));
#4029=CARTESIAN_POINT('',(10.7836565635277,4.4,16.5182825484765));
#4030=CARTESIAN_POINT('Origin',(-2.11634343647227,0.4,15.9182825484765));
#4031=CARTESIAN_POINT('',(-1.11634343647227,4.4,15.9182825484765));
#4032=CARTESIAN_POINT('',(-2.11634343647227,4.4,14.9182825484765));
#4033=CARTESIAN_POINT('Origin',(-2.11634343647227,4.4,15.9182825484765));
#4034=CARTESIAN_POINT('',(-2.11634343647227,5.4,14.9182825484765));
#4035=CARTESIAN_POINT('',(-2.11634343647227,0.4,14.9182825484765));
#4036=CARTESIAN_POINT('',(-1.11634343647227,5.4,15.9182825484765));
#4037=CARTESIAN_POINT('Origin',(-2.11634343647227,5.4,15.9182825484765));
#4038=CARTESIAN_POINT('',(-1.11634343647227,0.4,15.9182825484765));
#4039=CARTESIAN_POINT('Origin',(-2.71634343647226,0.4,14.9182825484765));
#4040=CARTESIAN_POINT('',(-2.71634343647226,4.4,14.9182825484765));
#4041=CARTESIAN_POINT('',(-1.11634343647227,4.4,14.9182825484764));
#4042=CARTESIAN_POINT('',(-2.71634343647226,0.4,14.9182825484765));
#4043=CARTESIAN_POINT('',(-2.71634343647226,0.4,14.9182825484765));
#4044=CARTESIAN_POINT('',(-3.11634343647226,0.4,14.9182825484765));
#4045=CARTESIAN_POINT('',(0.833656563527735,0.4,14.9182825484765));
#4046=CARTESIAN_POINT('',(-3.11634343647226,10.4,14.9182825484765));
#4047=CARTESIAN_POINT('',(-3.11634343647226,0.4,14.9182825484765));
#4048=CARTESIAN_POINT('',(-2.71634343647226,10.4,14.9182825484765));
#4049=CARTESIAN_POINT('',(-2.71634343647226,10.4,14.9182825484765));
#4050=CARTESIAN_POINT('',(-2.71634343647226,5.4,14.9182825484765));
#4051=CARTESIAN_POINT('',(-2.71634343647226,0.4,14.9182825484765));
#4052=CARTESIAN_POINT('',(-1.11634343647227,5.4,14.9182825484764));
#4053=CARTESIAN_POINT('Origin',(-1.91634343647226,4.4,15.7182825484765));
#4054=CARTESIAN_POINT('',(-1.11634343647227,4.4,16.5182825484765));
#4055=CARTESIAN_POINT('',(-1.11634343647227,4.4,16.5182825484765));
#4056=CARTESIAN_POINT('',(-2.11634343647226,4.4,16.5182825484765));
#4057=CARTESIAN_POINT('',(-1.51634343647227,4.4,16.5182825484765));
#4058=CARTESIAN_POINT('',(-2.71634343647226,4.4,15.9182825484765));
#4059=CARTESIAN_POINT('Origin',(-2.11634343647226,4.4,15.9182825484765));
#4060=CARTESIAN_POINT('',(-2.71634343647226,4.4,15.8182825484765));
#4061=CARTESIAN_POINT('Origin',(10.6836565635277,5.4,-6.88171745152355));
#4062=CARTESIAN_POINT('',(11.4836565635277,5.4,-7.08171745152355));
#4063=CARTESIAN_POINT('',(11.4836565635277,5.4,-6.98171745152355));
#4064=CARTESIAN_POINT('',(10.8836565635277,5.4,-7.68171745152355));
#4065=CARTESIAN_POINT('Origin',(10.8836565635277,5.4,-7.08171745152355));
#4066=CARTESIAN_POINT('',(9.88365656352773,5.4,-7.68171745152355));
#4067=CARTESIAN_POINT('',(10.2836565635277,5.4,-7.68171745152355));
#4068=CARTESIAN_POINT('',(9.88365656352773,5.4,-7.68171745152355));
#4069=CARTESIAN_POINT('Origin',(-1.91634343647227,5.4,-6.88171745152355));
#4070=CARTESIAN_POINT('',(-2.11634343647227,5.4,-7.68171745152354));
#4071=CARTESIAN_POINT('',(-2.01634343647227,5.4,-7.68171745152354));
#4072=CARTESIAN_POINT('',(-2.71634343647227,5.4,-7.08171745152355));
#4073=CARTESIAN_POINT('Origin',(-2.11634343647227,5.4,-7.08171745152355));
#4074=CARTESIAN_POINT('',(-2.71634343647227,5.4,-6.08171745152355));
#4075=CARTESIAN_POINT('',(-2.71634343647227,5.4,-6.48171745152355));
#4076=CARTESIAN_POINT('',(-2.71634343647227,5.4,-6.08171745152355));
#4077=CARTESIAN_POINT('Origin',(10.6836565635277,5.4,15.7182825484764));
#4078=CARTESIAN_POINT('',(10.8836565635277,5.4,16.5182825484765));
#4079=CARTESIAN_POINT('',(10.7836565635277,5.4,16.5182825484765));
#4080=CARTESIAN_POINT('',(11.4836565635277,5.4,15.9182825484765));
#4081=CARTESIAN_POINT('Origin',(10.8836565635277,5.4,15.9182825484765));
#4082=CARTESIAN_POINT('',(11.4836565635277,5.4,14.9182825484764));
#4083=CARTESIAN_POINT('',(11.4836565635277,5.4,15.3182825484764));
#4084=CARTESIAN_POINT('',(11.4836565635277,5.4,14.9182825484764));
#4085=CARTESIAN_POINT('Origin',(-1.91634343647226,5.4,15.7182825484765));
#4086=CARTESIAN_POINT('',(-2.71634343647226,5.4,15.9182825484765));
#4087=CARTESIAN_POINT('',(-2.71634343647226,5.4,15.8182825484765));
#4088=CARTESIAN_POINT('',(-2.11634343647226,5.4,16.5182825484765));
#4089=CARTESIAN_POINT('Origin',(-2.11634343647226,5.4,15.9182825484765));
#4090=CARTESIAN_POINT('',(-1.11634343647227,5.4,16.5182825484765));
#4091=CARTESIAN_POINT('',(-1.51634343647227,5.4,16.5182825484765));
#4092=CARTESIAN_POINT('',(-1.11634343647227,5.4,16.5182825484765));
#4093=CARTESIAN_POINT('Origin',(11.4836565635277,0.4,-7.08171745152355));
#4094=CARTESIAN_POINT('',(11.4836565635277,0.4,-7.08171745152355));
#4095=CARTESIAN_POINT('',(11.4836565635277,0.4,-7.08171745152355));
#4096=CARTESIAN_POINT('',(11.4836565635277,0.4,-1.33171745152355));
#4097=CARTESIAN_POINT('Origin',(9.88365656352773,0.4,-7.68171745152355));
#4098=CARTESIAN_POINT('',(10.8836565635277,10.4,-7.68171745152355));
#4099=CARTESIAN_POINT('',(10.8836565635277,0.4,-7.68171745152355));
#4100=CARTESIAN_POINT('',(9.88365656352773,10.4,-7.68171745152355));
#4101=CARTESIAN_POINT('',(9.88365656352773,10.4,-7.68171745152355));
#4102=CARTESIAN_POINT('',(9.88365656352773,0.4,-7.68171745152355));
#4103=CARTESIAN_POINT('Origin',(10.8836565635277,0.4,-7.08171745152355));
#4104=CARTESIAN_POINT('',(10.8836565635277,0.4,-7.68171745152355));
#4105=CARTESIAN_POINT('',(10.8836565635277,0.4,-7.68171745152355));
#4106=CARTESIAN_POINT('Origin',(10.8836565635277,0.4,-7.08171745152355));
#4107=CARTESIAN_POINT('Origin',(-2.11634343647227,0.4,-7.68171745152354));
#4108=CARTESIAN_POINT('',(-2.11634343647227,0.4,-7.68171745152354));
#4109=CARTESIAN_POINT('',(-2.11634343647227,0.4,-7.68171745152354));
#4110=CARTESIAN_POINT('',(1.13365656352772,0.4,-7.68171745152355));
#4111=CARTESIAN_POINT('Origin',(-2.71634343647227,0.4,-6.08171745152355));
#4112=CARTESIAN_POINT('',(-2.71634343647227,10.4,-7.08171745152355));
#4113=CARTESIAN_POINT('',(-2.71634343647227,0.4,-7.08171745152355));
#4114=CARTESIAN_POINT('',(-2.71634343647227,10.4,-6.08171745152355));
#4115=CARTESIAN_POINT('',(-2.71634343647227,10.4,-6.08171745152355));
#4116=CARTESIAN_POINT('',(-2.71634343647227,0.4,-6.08171745152355));
#4117=CARTESIAN_POINT('Origin',(-2.11634343647227,0.4,-7.08171745152355));
#4118=CARTESIAN_POINT('',(-2.71634343647227,0.4,-7.08171745152355));
#4119=CARTESIAN_POINT('',(-2.71634343647227,0.4,-7.08171745152355));
#4120=CARTESIAN_POINT('Origin',(-2.11634343647227,0.4,-7.08171745152355));
#4121=CARTESIAN_POINT('Origin',(10.8836565635277,0.4,16.5182825484765));
#4122=CARTESIAN_POINT('',(10.8836565635277,0.4,16.5182825484765));
#4123=CARTESIAN_POINT('',(10.8836565635277,0.4,16.5182825484765));
#4124=CARTESIAN_POINT('',(7.63365656352773,0.4,16.5182825484765));
#4125=CARTESIAN_POINT('Origin',(11.4836565635277,0.4,14.9182825484764));
#4126=CARTESIAN_POINT('',(11.4836565635277,10.4,15.9182825484765));
#4127=CARTESIAN_POINT('',(11.4836565635277,0.4,15.9182825484765));
#4128=CARTESIAN_POINT('',(11.4836565635277,10.4,14.9182825484764));
#4129=CARTESIAN_POINT('',(11.4836565635277,10.4,14.9182825484764));
#4130=CARTESIAN_POINT('',(11.4836565635277,0.4,14.9182825484764));
#4131=CARTESIAN_POINT('Origin',(10.8836565635277,0.4,15.9182825484765));
#4132=CARTESIAN_POINT('',(11.4836565635277,0.4,15.9182825484765));
#4133=CARTESIAN_POINT('',(11.4836565635277,0.4,15.9182825484765));
#4134=CARTESIAN_POINT('Origin',(10.8836565635277,0.4,15.9182825484765));
#4135=CARTESIAN_POINT('Origin',(-1.11634343647227,0.4,16.5182825484765));
#4136=CARTESIAN_POINT('',(-2.11634343647226,10.4,16.5182825484765));
#4137=CARTESIAN_POINT('',(-2.11634343647226,0.4,16.5182825484765));
#4138=CARTESIAN_POINT('',(-1.11634343647227,10.4,16.5182825484765));
#4139=CARTESIAN_POINT('',(-1.11634343647227,10.4,16.5182825484765));
#4140=CARTESIAN_POINT('',(-1.11634343647227,0.4,16.5182825484765));
#4141=CARTESIAN_POINT('Origin',(-2.11634343647226,0.4,15.9182825484765));
#4142=CARTESIAN_POINT('',(-2.71634343647226,10.4,15.9182825484765));
#4143=CARTESIAN_POINT('',(-2.71634343647226,0.4,15.9182825484765));
#4144=CARTESIAN_POINT('Origin',(-2.11634343647226,10.4,15.9182825484765));
#4145=CARTESIAN_POINT('Origin',(-2.71634343647226,0.4,15.9182825484765));
#4146=CARTESIAN_POINT('',(-2.71634343647226,10.4,15.9182825484765));
#4147=CARTESIAN_POINT('Origin',(11.5336565635277,10.4,-7.73171745152355));
#4148=CARTESIAN_POINT('',(11.3336565635277,10.4,-7.73171745152355));
#4149=CARTESIAN_POINT('Origin',(11.5336565635277,10.4,-7.73171745152355));
#4150=CARTESIAN_POINT('',(11.3336565635277,9.4,-7.73171745152355));
#4151=CARTESIAN_POINT('',(11.3336565635277,10.4,-7.73171745152355));
#4152=CARTESIAN_POINT('Origin',(11.5336565635277,9.4,-7.73171745152355));
#4153=CARTESIAN_POINT('Origin',(11.5336565635277,9.4,-7.73171745152355));
#4154=CARTESIAN_POINT('Origin',(11.5336565635277,10.4,16.5682825484765));
#4155=CARTESIAN_POINT('',(11.3336565635277,10.4,16.5682825484765));
#4156=CARTESIAN_POINT('Origin',(11.5336565635277,10.4,16.5682825484765));
#4157=CARTESIAN_POINT('',(11.3336565635277,9.4,16.5682825484765));
#4158=CARTESIAN_POINT('',(11.3336565635277,10.4,16.5682825484765));
#4159=CARTESIAN_POINT('Origin',(11.5336565635277,9.4,16.5682825484765));
#4160=CARTESIAN_POINT('Origin',(11.5336565635277,9.4,16.5682825484765));
#4161=CARTESIAN_POINT('Origin',(-2.76634343647227,10.4,-7.73171745152355));
#4162=CARTESIAN_POINT('',(-2.96634343647227,10.4,-7.73171745152355));
#4163=CARTESIAN_POINT('Origin',(-2.76634343647227,10.4,-7.73171745152355));
#4164=CARTESIAN_POINT('',(-2.96634343647227,9.4,-7.73171745152355));
#4165=CARTESIAN_POINT('',(-2.96634343647227,10.4,-7.73171745152355));
#4166=CARTESIAN_POINT('Origin',(-2.76634343647227,9.4,-7.73171745152355));
#4167=CARTESIAN_POINT('Origin',(-2.76634343647227,9.4,-7.73171745152355));
#4168=CARTESIAN_POINT('Origin',(-2.76634343647226,10.4,16.5682825484765));
#4169=CARTESIAN_POINT('',(-2.96634343647226,10.4,16.5682825484765));
#4170=CARTESIAN_POINT('Origin',(-2.76634343647226,10.4,16.5682825484765));
#4171=CARTESIAN_POINT('',(-2.96634343647226,9.4,16.5682825484765));
#4172=CARTESIAN_POINT('',(-2.96634343647226,10.4,16.5682825484765));
#4173=CARTESIAN_POINT('Origin',(-2.76634343647226,9.4,16.5682825484765));
#4174=CARTESIAN_POINT('Origin',(-2.76634343647226,9.4,16.5682825484765));
#4175=CARTESIAN_POINT('Origin',(-2.91634343647227,0.4,5.41828254847646));
#4176=CARTESIAN_POINT('',(-2.91634343647227,0.,3.41828254847646));
#4177=CARTESIAN_POINT('',(-2.91634343647227,0.,5.41828254847646));
#4178=CARTESIAN_POINT('',(-2.91634343647227,0.,4.91828254847646));
#4179=CARTESIAN_POINT('',(-2.91634343647227,0.4,3.41828254847646));
#4180=CARTESIAN_POINT('',(-2.91634343647227,0.4,3.41828254847646));
#4181=CARTESIAN_POINT('',(-2.91634343647227,0.4,5.41828254847646));
#4182=CARTESIAN_POINT('',(-2.91634343647227,0.4,4.91828254847646));
#4183=CARTESIAN_POINT('',(-2.91634343647227,0.4,5.41828254847646));
#4184=CARTESIAN_POINT('Origin',(-2.71634343647227,0.4,5.41828254847646));
#4185=CARTESIAN_POINT('',(-2.71634343647227,0.,5.41828254847646));
#4186=CARTESIAN_POINT('',(0.833656563527732,0.,5.41828254847646));
#4187=CARTESIAN_POINT('',(-2.71634343647227,0.4,5.41828254847646));
#4188=CARTESIAN_POINT('',(0.833656563527732,0.4,5.41828254847646));
#4189=CARTESIAN_POINT('',(-2.71634343647227,0.4,5.41828254847646));
#4190=CARTESIAN_POINT('Origin',(-2.71634343647227,0.4,3.41828254847646));
#4191=CARTESIAN_POINT('',(-2.71634343647227,0.,3.41828254847646));
#4192=CARTESIAN_POINT('',(-2.71634343647227,0.,3.91828254847646));
#4193=CARTESIAN_POINT('',(-2.71634343647227,0.4,3.41828254847646));
#4194=CARTESIAN_POINT('',(-2.71634343647227,0.4,3.91828254847646));
#4195=CARTESIAN_POINT('',(-2.71634343647227,0.4,3.41828254847646));
#4196=CARTESIAN_POINT('Origin',(-2.91634343647227,0.4,3.41828254847646));
#4197=CARTESIAN_POINT('',(0.733656563527731,0.,3.41828254847646));
#4198=CARTESIAN_POINT('',(0.733656563527731,0.4,3.41828254847646));
#4199=CARTESIAN_POINT('Origin',(5.38365656352772,0.4,-7.88171745152355));
#4200=CARTESIAN_POINT('',(5.38365656352772,0.,-7.68171745152355));
#4201=CARTESIAN_POINT('',(5.38365656352772,0.,-7.88171745152355));
#4202=CARTESIAN_POINT('',(5.38365656352772,0.,-1.73171745152355));
#4203=CARTESIAN_POINT('',(5.38365656352772,0.4,-7.68171745152355));
#4204=CARTESIAN_POINT('',(5.38365656352772,0.4,-7.68171745152355));
#4205=CARTESIAN_POINT('',(5.38365656352772,0.4,-7.88171745152355));
#4206=CARTESIAN_POINT('',(5.38365656352772,0.4,-1.73171745152355));
#4207=CARTESIAN_POINT('',(5.38365656352772,0.4,-7.88171745152355));
#4208=CARTESIAN_POINT('Origin',(3.38365656352772,0.4,-7.88171745152355));
#4209=CARTESIAN_POINT('',(3.38365656352772,0.,-7.88171745152355));
#4210=CARTESIAN_POINT('',(3.88365656352773,0.,-7.88171745152355));
#4211=CARTESIAN_POINT('',(3.38365656352772,0.4,-7.88171745152355));
#4212=CARTESIAN_POINT('',(3.88365656352773,0.4,-7.88171745152355));
#4213=CARTESIAN_POINT('',(3.38365656352772,0.4,-7.88171745152355));
#4214=CARTESIAN_POINT('Origin',(3.38365656352772,0.4,-7.68171745152355));
#4215=CARTESIAN_POINT('',(3.38365656352772,0.,-7.68171745152355));
#4216=CARTESIAN_POINT('',(3.38365656352772,0.,-1.63171745152355));
#4217=CARTESIAN_POINT('',(3.38365656352772,0.4,-7.68171745152355));
#4218=CARTESIAN_POINT('',(3.38365656352772,0.4,-1.63171745152355));
#4219=CARTESIAN_POINT('',(3.38365656352772,0.4,-7.68171745152355));
#4220=CARTESIAN_POINT('Origin',(5.38365656352772,0.4,-7.68171745152355));
#4221=CARTESIAN_POINT('',(4.88365656352773,0.,-7.68171745152355));
#4222=CARTESIAN_POINT('',(4.88365656352773,0.4,-7.68171745152355));
#4223=CARTESIAN_POINT('Origin',(11.6836565635277,0.4,9.16828254847646));
#4224=CARTESIAN_POINT('',(11.4836565635277,0.,9.16828254847646));
#4225=CARTESIAN_POINT('',(11.6836565635277,0.,9.16828254847646));
#4226=CARTESIAN_POINT('',(8.03365656352773,0.,9.16828254847646));
#4227=CARTESIAN_POINT('',(11.4836565635277,0.4,9.16828254847646));
#4228=CARTESIAN_POINT('',(11.4836565635277,0.4,9.16828254847646));
#4229=CARTESIAN_POINT('',(11.6836565635277,0.4,9.16828254847646));
#4230=CARTESIAN_POINT('',(8.03365656352773,0.4,9.16828254847646));
#4231=CARTESIAN_POINT('',(11.6836565635277,0.4,9.16828254847646));
#4232=CARTESIAN_POINT('Origin',(11.6836565635277,0.4,7.16828254847646));
#4233=CARTESIAN_POINT('',(11.6836565635277,0.,7.16828254847646));
#4234=CARTESIAN_POINT('',(11.6836565635277,0.,5.79328254847645));
#4235=CARTESIAN_POINT('',(11.6836565635277,0.4,7.16828254847646));
#4236=CARTESIAN_POINT('',(11.6836565635277,0.4,5.79328254847645));
#4237=CARTESIAN_POINT('',(11.6836565635277,0.4,7.16828254847646));
#4238=CARTESIAN_POINT('Origin',(11.4836565635277,0.4,7.16828254847646));
#4239=CARTESIAN_POINT('',(11.4836565635277,0.,7.16828254847646));
#4240=CARTESIAN_POINT('',(7.93365656352773,0.,7.16828254847646));
#4241=CARTESIAN_POINT('',(11.4836565635277,0.4,7.16828254847646));
#4242=CARTESIAN_POINT('',(7.93365656352773,0.4,7.16828254847646));
#4243=CARTESIAN_POINT('',(11.4836565635277,0.4,7.16828254847646));
#4244=CARTESIAN_POINT('Origin',(11.4836565635277,0.4,9.16828254847646));
#4245=CARTESIAN_POINT('',(11.4836565635277,0.,6.79328254847645));
#4246=CARTESIAN_POINT('',(11.4836565635277,0.4,6.79328254847645));
#4247=CARTESIAN_POINT('Origin',(8.88365656352772,0.4,-7.88171745152355));
#4248=CARTESIAN_POINT('',(8.88365656352772,0.,-7.68171745152355));
#4249=CARTESIAN_POINT('',(8.88365656352772,0.,-7.88171745152355));
#4250=CARTESIAN_POINT('',(8.88365656352772,0.,-1.73171745152355));
#4251=CARTESIAN_POINT('',(8.88365656352772,0.4,-7.68171745152355));
#4252=CARTESIAN_POINT('',(8.88365656352772,0.4,-7.68171745152355));
#4253=CARTESIAN_POINT('',(8.88365656352772,0.4,-7.88171745152355));
#4254=CARTESIAN_POINT('',(8.88365656352772,0.4,-1.73171745152355));
#4255=CARTESIAN_POINT('',(8.88365656352772,0.4,-7.88171745152355));
#4256=CARTESIAN_POINT('Origin',(6.88365656352772,0.4,-7.88171745152355));
#4257=CARTESIAN_POINT('',(6.88365656352772,0.,-7.88171745152355));
#4258=CARTESIAN_POINT('',(5.63365656352773,0.,-7.88171745152355));
#4259=CARTESIAN_POINT('',(6.88365656352772,0.4,-7.88171745152355));
#4260=CARTESIAN_POINT('',(5.63365656352773,0.4,-7.88171745152355));
#4261=CARTESIAN_POINT('',(6.88365656352772,0.4,-7.88171745152355));
#4262=CARTESIAN_POINT('Origin',(6.88365656352772,0.4,-7.68171745152355));
#4263=CARTESIAN_POINT('',(6.88365656352772,0.,-7.68171745152355));
#4264=CARTESIAN_POINT('',(6.88365656352772,0.,-1.63171745152355));
#4265=CARTESIAN_POINT('',(6.88365656352772,0.4,-7.68171745152355));
#4266=CARTESIAN_POINT('',(6.88365656352772,0.4,-1.63171745152355));
#4267=CARTESIAN_POINT('',(6.88365656352772,0.4,-7.68171745152355));
#4268=CARTESIAN_POINT('Origin',(8.88365656352772,0.4,-7.68171745152355));
#4269=CARTESIAN_POINT('',(6.63365656352773,0.,-7.68171745152355));
#4270=CARTESIAN_POINT('',(6.63365656352773,0.4,-7.68171745152355));
#4271=CARTESIAN_POINT('Origin',(5.38365656352773,0.4,16.5182825484765));
#4272=CARTESIAN_POINT('',(5.38365656352773,0.,16.7182825484765));
#4273=CARTESIAN_POINT('',(5.38365656352773,0.,16.5182825484765));
#4274=CARTESIAN_POINT('',(5.38365656352773,0.,10.4682825484765));
#4275=CARTESIAN_POINT('',(5.38365656352773,0.4,16.7182825484765));
#4276=CARTESIAN_POINT('',(5.38365656352773,0.4,16.7182825484765));
#4277=CARTESIAN_POINT('',(5.38365656352773,0.4,16.5182825484765));
#4278=CARTESIAN_POINT('',(5.38365656352773,0.4,10.4682825484765));
#4279=CARTESIAN_POINT('',(5.38365656352773,0.4,16.5182825484765));
#4280=CARTESIAN_POINT('Origin',(3.38365656352773,0.4,16.5182825484765));
#4281=CARTESIAN_POINT('',(3.38365656352773,0.,16.5182825484765));
#4282=CARTESIAN_POINT('',(3.88365656352773,0.,16.5182825484765));
#4283=CARTESIAN_POINT('',(3.38365656352773,0.4,16.5182825484765));
#4284=CARTESIAN_POINT('',(3.88365656352773,0.4,16.5182825484765));
#4285=CARTESIAN_POINT('',(3.38365656352773,0.4,16.5182825484765));
#4286=CARTESIAN_POINT('Origin',(3.38365656352773,0.4,16.7182825484765));
#4287=CARTESIAN_POINT('',(3.38365656352773,0.,16.7182825484765));
#4288=CARTESIAN_POINT('',(3.38365656352773,0.,10.5682825484765));
#4289=CARTESIAN_POINT('',(3.38365656352773,0.4,16.7182825484765));
#4290=CARTESIAN_POINT('',(3.38365656352773,0.4,10.5682825484765));
#4291=CARTESIAN_POINT('',(3.38365656352773,0.4,16.7182825484765));
#4292=CARTESIAN_POINT('Origin',(5.38365656352773,0.4,16.7182825484765));
#4293=CARTESIAN_POINT('',(4.88365656352773,0.,16.7182825484765));
#4294=CARTESIAN_POINT('',(4.88365656352773,0.4,16.7182825484765));
#4295=CARTESIAN_POINT('Origin',(11.6836565635277,0.4,5.41828254847646));
#4296=CARTESIAN_POINT('',(11.4836565635277,0.,5.41828254847646));
#4297=CARTESIAN_POINT('',(11.6836565635277,0.,5.41828254847646));
#4298=CARTESIAN_POINT('',(8.03365656352773,0.,5.41828254847646));
#4299=CARTESIAN_POINT('',(11.4836565635277,0.4,5.41828254847646));
#4300=CARTESIAN_POINT('',(11.4836565635277,0.4,5.41828254847646));
#4301=CARTESIAN_POINT('',(11.6836565635277,0.4,5.41828254847646));
#4302=CARTESIAN_POINT('',(8.03365656352773,0.4,5.41828254847646));
#4303=CARTESIAN_POINT('',(11.6836565635277,0.4,5.41828254847646));
#4304=CARTESIAN_POINT('Origin',(11.6836565635277,0.4,3.41828254847646));
#4305=CARTESIAN_POINT('',(11.6836565635277,0.,3.41828254847646));
#4306=CARTESIAN_POINT('',(11.6836565635277,0.,3.91828254847645));
#4307=CARTESIAN_POINT('',(11.6836565635277,0.4,3.41828254847646));
#4308=CARTESIAN_POINT('',(11.6836565635277,0.4,3.91828254847645));
#4309=CARTESIAN_POINT('',(11.6836565635277,0.4,3.41828254847646));
#4310=CARTESIAN_POINT('Origin',(11.4836565635277,0.4,3.41828254847646));
#4311=CARTESIAN_POINT('',(11.4836565635277,0.,3.41828254847646));
#4312=CARTESIAN_POINT('',(7.93365656352773,0.,3.41828254847646));
#4313=CARTESIAN_POINT('',(11.4836565635277,0.4,3.41828254847646));
#4314=CARTESIAN_POINT('',(7.93365656352773,0.4,3.41828254847646));
#4315=CARTESIAN_POINT('',(11.4836565635277,0.4,3.41828254847646));
#4316=CARTESIAN_POINT('Origin',(11.4836565635277,0.4,5.41828254847646));
#4317=CARTESIAN_POINT('',(11.4836565635277,0.,4.91828254847645));
#4318=CARTESIAN_POINT('',(11.4836565635277,0.4,4.91828254847645));
#4319=CARTESIAN_POINT('Origin',(1.88365656352772,0.4,-7.88171745152355));
#4320=CARTESIAN_POINT('',(1.88365656352772,0.,-7.68171745152355));
#4321=CARTESIAN_POINT('',(1.88365656352772,0.,-7.88171745152355));
#4322=CARTESIAN_POINT('',(1.88365656352772,0.,-1.73171745152355));
#4323=CARTESIAN_POINT('',(1.88365656352772,0.4,-7.68171745152355));
#4324=CARTESIAN_POINT('',(1.88365656352772,0.4,-7.68171745152355));
#4325=CARTESIAN_POINT('',(1.88365656352772,0.4,-7.88171745152355));
#4326=CARTESIAN_POINT('',(1.88365656352772,0.4,-1.73171745152355));
#4327=CARTESIAN_POINT('',(1.88365656352772,0.4,-7.88171745152355));
#4328=CARTESIAN_POINT('Origin',(-0.116343436472277,0.4,-7.88171745152355));
#4329=CARTESIAN_POINT('',(-0.116343436472277,0.,-7.88171745152355));
#4330=CARTESIAN_POINT('',(2.13365656352773,0.,-7.88171745152355));
#4331=CARTESIAN_POINT('',(-0.116343436472277,0.4,-7.88171745152355));
#4332=CARTESIAN_POINT('',(2.13365656352773,0.4,-7.88171745152355));
#4333=CARTESIAN_POINT('',(-0.116343436472277,0.4,-7.88171745152355));
#4334=CARTESIAN_POINT('Origin',(-0.116343436472277,0.4,-7.68171745152355));
#4335=CARTESIAN_POINT('',(-0.116343436472277,0.,-7.68171745152355));
#4336=CARTESIAN_POINT('',(-0.116343436472281,0.,-1.63171745152355));
#4337=CARTESIAN_POINT('',(-0.116343436472277,0.4,-7.68171745152355));
#4338=CARTESIAN_POINT('',(-0.116343436472281,0.4,-1.63171745152355));
#4339=CARTESIAN_POINT('',(-0.116343436472277,0.4,-7.68171745152355));
#4340=CARTESIAN_POINT('Origin',(1.88365656352772,0.4,-7.68171745152355));
#4341=CARTESIAN_POINT('',(3.13365656352773,0.,-7.68171745152355));
#4342=CARTESIAN_POINT('',(3.13365656352773,0.4,-7.68171745152355));
#4343=CARTESIAN_POINT('Origin',(-2.91634343647226,0.4,9.16828254847646));
#4344=CARTESIAN_POINT('',(-2.91634343647227,0.,7.16828254847646));
#4345=CARTESIAN_POINT('',(-2.91634343647226,0.,9.16828254847646));
#4346=CARTESIAN_POINT('',(-2.91634343647227,0.,6.79328254847646));
#4347=CARTESIAN_POINT('',(-2.91634343647227,0.4,7.16828254847646));
#4348=CARTESIAN_POINT('',(-2.91634343647227,0.4,7.16828254847646));
#4349=CARTESIAN_POINT('',(-2.91634343647226,0.4,9.16828254847646));
#4350=CARTESIAN_POINT('',(-2.91634343647227,0.4,6.79328254847646));
#4351=CARTESIAN_POINT('',(-2.91634343647226,0.4,9.16828254847646));
#4352=CARTESIAN_POINT('Origin',(-2.71634343647227,0.4,9.16828254847646));
#4353=CARTESIAN_POINT('',(-2.71634343647227,0.,9.16828254847646));
#4354=CARTESIAN_POINT('',(0.833656563527733,0.,9.16828254847646));
#4355=CARTESIAN_POINT('',(-2.71634343647227,0.4,9.16828254847646));
#4356=CARTESIAN_POINT('',(0.833656563527733,0.4,9.16828254847646));
#4357=CARTESIAN_POINT('',(-2.71634343647227,0.4,9.16828254847646));
#4358=CARTESIAN_POINT('Origin',(-2.71634343647227,0.4,7.16828254847646));
#4359=CARTESIAN_POINT('',(-2.71634343647227,0.,7.16828254847646));
#4360=CARTESIAN_POINT('',(-2.71634343647227,0.,5.79328254847646));
#4361=CARTESIAN_POINT('',(-2.71634343647227,0.4,7.16828254847646));
#4362=CARTESIAN_POINT('',(-2.71634343647227,0.4,5.79328254847646));
#4363=CARTESIAN_POINT('',(-2.71634343647227,0.4,7.16828254847646));
#4364=CARTESIAN_POINT('Origin',(-2.91634343647227,0.4,7.16828254847646));
#4365=CARTESIAN_POINT('',(0.733656563527732,0.,7.16828254847646));
#4366=CARTESIAN_POINT('',(0.733656563527732,0.4,7.16828254847646));
#4367=CARTESIAN_POINT('Origin',(-2.91634343647227,0.4,1.66828254847646));
#4368=CARTESIAN_POINT('',(-2.91634343647227,0.,-0.33171745152354));
#4369=CARTESIAN_POINT('',(-2.91634343647227,0.,1.66828254847646));
#4370=CARTESIAN_POINT('',(-2.91634343647227,0.,3.04328254847646));
#4371=CARTESIAN_POINT('',(-2.91634343647227,0.4,-0.33171745152354));
#4372=CARTESIAN_POINT('',(-2.91634343647227,0.4,-0.33171745152354));
#4373=CARTESIAN_POINT('',(-2.91634343647227,0.4,1.66828254847646));
#4374=CARTESIAN_POINT('',(-2.91634343647227,0.4,3.04328254847646));
#4375=CARTESIAN_POINT('',(-2.91634343647227,0.4,1.66828254847646));
#4376=CARTESIAN_POINT('Origin',(-2.71634343647227,0.4,1.66828254847646));
#4377=CARTESIAN_POINT('',(-2.71634343647227,0.,1.66828254847646));
#4378=CARTESIAN_POINT('',(0.833656563527731,0.,1.66828254847646));
#4379=CARTESIAN_POINT('',(-2.71634343647227,0.4,1.66828254847646));
#4380=CARTESIAN_POINT('',(0.833656563527731,0.4,1.66828254847646));
#4381=CARTESIAN_POINT('',(-2.71634343647227,0.4,1.66828254847646));
#4382=CARTESIAN_POINT('Origin',(-2.71634343647227,0.4,-0.33171745152354));
#4383=CARTESIAN_POINT('',(-2.71634343647227,0.,-0.33171745152354));
#4384=CARTESIAN_POINT('',(-2.71634343647227,0.,2.04328254847646));
#4385=CARTESIAN_POINT('',(-2.71634343647227,0.4,-0.33171745152354));
#4386=CARTESIAN_POINT('',(-2.71634343647227,0.4,2.04328254847646));
#4387=CARTESIAN_POINT('',(-2.71634343647227,0.4,-0.33171745152354));
#4388=CARTESIAN_POINT('Origin',(-2.91634343647227,0.4,-0.33171745152354));
#4389=CARTESIAN_POINT('',(0.73365656352773,0.,-0.33171745152354));
#4390=CARTESIAN_POINT('',(0.73365656352773,0.4,-0.33171745152354));
#4391=CARTESIAN_POINT('Origin',(11.6836565635277,0.4,-2.08171745152354));
#4392=CARTESIAN_POINT('',(11.4836565635277,0.,-2.08171745152354));
#4393=CARTESIAN_POINT('',(11.6836565635277,0.,-2.08171745152354));
#4394=CARTESIAN_POINT('',(8.03365656352773,0.,-2.08171745152354));
#4395=CARTESIAN_POINT('',(11.4836565635277,0.4,-2.08171745152354));
#4396=CARTESIAN_POINT('',(11.4836565635277,0.4,-2.08171745152354));
#4397=CARTESIAN_POINT('',(11.6836565635277,0.4,-2.08171745152354));
#4398=CARTESIAN_POINT('',(8.03365656352773,0.4,-2.08171745152354));
#4399=CARTESIAN_POINT('',(11.6836565635277,0.4,-2.08171745152354));
#4400=CARTESIAN_POINT('Origin',(11.6836565635277,0.4,-4.08171745152354));
#4401=CARTESIAN_POINT('',(11.6836565635277,0.,-4.08171745152354));
#4402=CARTESIAN_POINT('',(11.6836565635277,0.,0.168282548476454));
#4403=CARTESIAN_POINT('',(11.6836565635277,0.4,-4.08171745152354));
#4404=CARTESIAN_POINT('',(11.6836565635277,0.4,0.168282548476454));
#4405=CARTESIAN_POINT('',(11.6836565635277,0.4,-4.08171745152354));
#4406=CARTESIAN_POINT('Origin',(11.4836565635277,0.4,-4.08171745152354));
#4407=CARTESIAN_POINT('',(11.4836565635277,0.,-4.08171745152354));
#4408=CARTESIAN_POINT('',(7.93365656352773,0.,-4.08171745152354));
#4409=CARTESIAN_POINT('',(11.4836565635277,0.4,-4.08171745152354));
#4410=CARTESIAN_POINT('',(7.93365656352773,0.4,-4.08171745152354));
#4411=CARTESIAN_POINT('',(11.4836565635277,0.4,-4.08171745152354));
#4412=CARTESIAN_POINT('Origin',(11.4836565635277,0.4,-2.08171745152354));
#4413=CARTESIAN_POINT('',(11.4836565635277,0.,1.16828254847645));
#4414=CARTESIAN_POINT('',(11.4836565635277,0.4,1.16828254847645));
#4415=CARTESIAN_POINT('Origin',(11.6836565635277,0.4,12.9182825484765));
#4416=CARTESIAN_POINT('',(11.4836565635277,0.,12.9182825484765));
#4417=CARTESIAN_POINT('',(11.6836565635277,0.,12.9182825484765));
#4418=CARTESIAN_POINT('',(8.03365656352773,0.,12.9182825484765));
#4419=CARTESIAN_POINT('',(11.4836565635277,0.4,12.9182825484765));
#4420=CARTESIAN_POINT('',(11.4836565635277,0.4,12.9182825484765));
#4421=CARTESIAN_POINT('',(11.6836565635277,0.4,12.9182825484765));
#4422=CARTESIAN_POINT('',(8.03365656352773,0.4,12.9182825484765));
#4423=CARTESIAN_POINT('',(11.6836565635277,0.4,12.9182825484765));
#4424=CARTESIAN_POINT('Origin',(11.6836565635277,0.4,10.9182825484765));
#4425=CARTESIAN_POINT('',(11.6836565635277,0.,10.9182825484765));
#4426=CARTESIAN_POINT('',(11.6836565635277,0.,7.66828254847645));
#4427=CARTESIAN_POINT('',(11.6836565635277,0.4,10.9182825484765));
#4428=CARTESIAN_POINT('',(11.6836565635277,0.4,7.66828254847645));
#4429=CARTESIAN_POINT('',(11.6836565635277,0.4,10.9182825484765));
#4430=CARTESIAN_POINT('Origin',(11.4836565635277,0.4,10.9182825484765));
#4431=CARTESIAN_POINT('',(11.4836565635277,0.,10.9182825484765));
#4432=CARTESIAN_POINT('',(7.93365656352773,0.,10.9182825484765));
#4433=CARTESIAN_POINT('',(11.4836565635277,0.4,10.9182825484765));
#4434=CARTESIAN_POINT('',(7.93365656352773,0.4,10.9182825484765));
#4435=CARTESIAN_POINT('',(11.4836565635277,0.4,10.9182825484765));
#4436=CARTESIAN_POINT('Origin',(11.4836565635277,0.4,12.9182825484765));
#4437=CARTESIAN_POINT('',(11.4836565635277,0.,8.66828254847645));
#4438=CARTESIAN_POINT('',(11.4836565635277,0.4,8.66828254847645));
#4439=CARTESIAN_POINT('Origin',(8.88365656352773,0.4,16.5182825484765));
#4440=CARTESIAN_POINT('',(8.88365656352773,0.,16.7182825484765));
#4441=CARTESIAN_POINT('',(8.88365656352773,0.,16.5182825484765));
#4442=CARTESIAN_POINT('',(8.88365656352773,0.,10.4682825484765));
#4443=CARTESIAN_POINT('',(8.88365656352773,0.4,16.7182825484765));
#4444=CARTESIAN_POINT('',(8.88365656352773,0.4,16.7182825484765));
#4445=CARTESIAN_POINT('',(8.88365656352773,0.4,16.5182825484765));
#4446=CARTESIAN_POINT('',(8.88365656352773,0.4,10.4682825484765));
#4447=CARTESIAN_POINT('',(8.88365656352773,0.4,16.5182825484765));
#4448=CARTESIAN_POINT('Origin',(6.88365656352773,0.4,16.5182825484765));
#4449=CARTESIAN_POINT('',(6.88365656352773,0.,16.5182825484765));
#4450=CARTESIAN_POINT('',(5.63365656352773,0.,16.5182825484765));
#4451=CARTESIAN_POINT('',(6.88365656352773,0.4,16.5182825484765));
#4452=CARTESIAN_POINT('',(5.63365656352773,0.4,16.5182825484765));
#4453=CARTESIAN_POINT('',(6.88365656352773,0.4,16.5182825484765));
#4454=CARTESIAN_POINT('Origin',(6.88365656352773,0.4,16.7182825484765));
#4455=CARTESIAN_POINT('',(6.88365656352773,0.,16.7182825484765));
#4456=CARTESIAN_POINT('',(6.88365656352773,0.,10.5682825484765));
#4457=CARTESIAN_POINT('',(6.88365656352773,0.4,16.7182825484765));
#4458=CARTESIAN_POINT('',(6.88365656352773,0.4,10.5682825484765));
#4459=CARTESIAN_POINT('',(6.88365656352773,0.4,16.7182825484765));
#4460=CARTESIAN_POINT('Origin',(8.88365656352773,0.4,16.7182825484765));
#4461=CARTESIAN_POINT('',(6.63365656352773,0.,16.7182825484765));
#4462=CARTESIAN_POINT('',(6.63365656352773,0.4,16.7182825484765));
#4463=CARTESIAN_POINT('Origin',(1.88365656352773,0.4,16.7182825484765));
#4464=CARTESIAN_POINT('',(-0.116343436472267,0.,16.7182825484765));
#4465=CARTESIAN_POINT('',(1.88365656352773,0.,16.7182825484765));
#4466=CARTESIAN_POINT('',(3.13365656352773,0.,16.7182825484765));
#4467=CARTESIAN_POINT('',(-0.116343436472267,0.4,16.7182825484765));
#4468=CARTESIAN_POINT('',(-0.116343436472267,0.4,16.7182825484765));
#4469=CARTESIAN_POINT('',(1.88365656352773,0.4,16.7182825484765));
#4470=CARTESIAN_POINT('',(3.13365656352773,0.4,16.7182825484765));
#4471=CARTESIAN_POINT('',(1.88365656352773,0.4,16.7182825484765));
#4472=CARTESIAN_POINT('Origin',(1.88365656352773,0.4,16.5182825484765));
#4473=CARTESIAN_POINT('',(1.88365656352773,0.,16.5182825484765));
#4474=CARTESIAN_POINT('',(1.88365656352773,0.,10.4682825484765));
#4475=CARTESIAN_POINT('',(1.88365656352773,0.4,16.5182825484765));
#4476=CARTESIAN_POINT('',(1.88365656352773,0.4,10.4682825484765));
#4477=CARTESIAN_POINT('',(1.88365656352773,0.4,16.5182825484765));
#4478=CARTESIAN_POINT('Origin',(-0.116343436472267,0.4,16.5182825484765));
#4479=CARTESIAN_POINT('',(-0.116343436472267,0.,16.5182825484765));
#4480=CARTESIAN_POINT('',(2.13365656352773,0.,16.5182825484765));
#4481=CARTESIAN_POINT('',(-0.116343436472267,0.4,16.5182825484765));
#4482=CARTESIAN_POINT('',(2.13365656352773,0.4,16.5182825484765));
#4483=CARTESIAN_POINT('',(-0.116343436472267,0.4,16.5182825484765));
#4484=CARTESIAN_POINT('Origin',(-0.116343436472267,0.4,16.7182825484765));
#4485=CARTESIAN_POINT('',(-0.116343436472263,0.,10.5682825484765));
#4486=CARTESIAN_POINT('',(-0.116343436472263,0.4,10.5682825484765));
#4487=CARTESIAN_POINT('Origin',(11.6836565635277,0.4,1.66828254847646));
#4488=CARTESIAN_POINT('',(11.4836565635277,0.,1.66828254847646));
#4489=CARTESIAN_POINT('',(11.6836565635277,0.,1.66828254847646));
#4490=CARTESIAN_POINT('',(8.03365656352773,0.,1.66828254847646));
#4491=CARTESIAN_POINT('',(11.4836565635277,0.4,1.66828254847646));
#4492=CARTESIAN_POINT('',(11.4836565635277,0.4,1.66828254847646));
#4493=CARTESIAN_POINT('',(11.6836565635277,0.4,1.66828254847646));
#4494=CARTESIAN_POINT('',(8.03365656352773,0.4,1.66828254847646));
#4495=CARTESIAN_POINT('',(11.6836565635277,0.4,1.66828254847646));
#4496=CARTESIAN_POINT('Origin',(11.6836565635277,0.4,-0.33171745152354));
#4497=CARTESIAN_POINT('',(11.6836565635277,0.,-0.33171745152354));
#4498=CARTESIAN_POINT('',(11.6836565635277,0.,2.04328254847645));
#4499=CARTESIAN_POINT('',(11.6836565635277,0.4,-0.33171745152354));
#4500=CARTESIAN_POINT('',(11.6836565635277,0.4,2.04328254847645));
#4501=CARTESIAN_POINT('',(11.6836565635277,0.4,-0.33171745152354));
#4502=CARTESIAN_POINT('Origin',(11.4836565635277,0.4,-0.33171745152354));
#4503=CARTESIAN_POINT('',(11.4836565635277,0.,-0.33171745152354));
#4504=CARTESIAN_POINT('',(7.93365656352773,0.,-0.33171745152354));
#4505=CARTESIAN_POINT('',(11.4836565635277,0.4,-0.33171745152354));
#4506=CARTESIAN_POINT('',(7.93365656352773,0.4,-0.33171745152354));
#4507=CARTESIAN_POINT('',(11.4836565635277,0.4,-0.33171745152354));
#4508=CARTESIAN_POINT('Origin',(11.4836565635277,0.4,1.66828254847646));
#4509=CARTESIAN_POINT('',(11.4836565635277,0.,3.04328254847645));
#4510=CARTESIAN_POINT('',(11.4836565635277,0.4,3.04328254847645));
#4511=CARTESIAN_POINT('Origin',(-2.91634343647227,0.4,-2.08171745152354));
#4512=CARTESIAN_POINT('',(-2.91634343647227,0.,-4.08171745152354));
#4513=CARTESIAN_POINT('',(-2.91634343647227,0.,-2.08171745152354));
#4514=CARTESIAN_POINT('',(-2.91634343647227,0.,1.16828254847646));
#4515=CARTESIAN_POINT('',(-2.91634343647227,0.4,-4.08171745152354));
#4516=CARTESIAN_POINT('',(-2.91634343647227,0.4,-4.08171745152354));
#4517=CARTESIAN_POINT('',(-2.91634343647227,0.4,-2.08171745152354));
#4518=CARTESIAN_POINT('',(-2.91634343647227,0.4,1.16828254847646));
#4519=CARTESIAN_POINT('',(-2.91634343647227,0.4,-2.08171745152354));
#4520=CARTESIAN_POINT('Origin',(-2.71634343647227,0.4,-2.08171745152354));
#4521=CARTESIAN_POINT('',(-2.71634343647227,0.,-2.08171745152354));
#4522=CARTESIAN_POINT('',(0.83365656352773,0.,-2.08171745152354));
#4523=CARTESIAN_POINT('',(-2.71634343647227,0.4,-2.08171745152354));
#4524=CARTESIAN_POINT('',(0.83365656352773,0.4,-2.08171745152354));
#4525=CARTESIAN_POINT('',(-2.71634343647227,0.4,-2.08171745152354));
#4526=CARTESIAN_POINT('Origin',(-2.71634343647227,0.4,-4.08171745152354));
#4527=CARTESIAN_POINT('',(-2.71634343647227,0.,-4.08171745152354));
#4528=CARTESIAN_POINT('',(-2.71634343647227,0.,0.168282548476459));
#4529=CARTESIAN_POINT('',(-2.71634343647227,0.4,-4.08171745152354));
#4530=CARTESIAN_POINT('',(-2.71634343647227,0.4,0.168282548476459));
#4531=CARTESIAN_POINT('',(-2.71634343647227,0.4,-4.08171745152354));
#4532=CARTESIAN_POINT('Origin',(-2.91634343647227,0.4,-4.08171745152354));
#4533=CARTESIAN_POINT('',(0.733656563527729,0.,-4.08171745152354));
#4534=CARTESIAN_POINT('',(0.733656563527729,0.4,-4.08171745152354));
#4535=CARTESIAN_POINT('Origin',(-2.71634343647226,0.4,12.9182825484765));
#4536=CARTESIAN_POINT('',(-2.91634343647226,0.,12.9182825484765));
#4537=CARTESIAN_POINT('',(-2.71634343647226,0.,12.9182825484765));
#4538=CARTESIAN_POINT('',(0.833656563527734,0.,12.9182825484765));
#4539=CARTESIAN_POINT('',(-2.91634343647226,0.4,12.9182825484765));
#4540=CARTESIAN_POINT('',(-2.91634343647226,0.4,12.9182825484765));
#4541=CARTESIAN_POINT('',(-2.71634343647226,0.4,12.9182825484765));
#4542=CARTESIAN_POINT('',(0.833656563527734,0.4,12.9182825484765));
#4543=CARTESIAN_POINT('',(-2.71634343647226,0.4,12.9182825484765));
#4544=CARTESIAN_POINT('Origin',(-2.71634343647226,0.4,10.9182825484765));
#4545=CARTESIAN_POINT('',(-2.71634343647226,0.,10.9182825484765));
#4546=CARTESIAN_POINT('',(-2.71634343647227,0.,7.66828254847646));
#4547=CARTESIAN_POINT('',(-2.71634343647226,0.4,10.9182825484765));
#4548=CARTESIAN_POINT('',(-2.71634343647227,0.4,7.66828254847646));
#4549=CARTESIAN_POINT('',(-2.71634343647226,0.4,10.9182825484765));
#4550=CARTESIAN_POINT('Origin',(-2.91634343647226,0.4,10.9182825484765));
#4551=CARTESIAN_POINT('',(-2.91634343647226,0.,10.9182825484765));
#4552=CARTESIAN_POINT('',(0.733656563527733,0.,10.9182825484765));
#4553=CARTESIAN_POINT('',(-2.91634343647226,0.4,10.9182825484765));
#4554=CARTESIAN_POINT('',(0.733656563527733,0.4,10.9182825484765));
#4555=CARTESIAN_POINT('',(-2.91634343647226,0.4,10.9182825484765));
#4556=CARTESIAN_POINT('Origin',(-2.91634343647226,0.4,12.9182825484765));
#4557=CARTESIAN_POINT('',(-2.91634343647227,0.,8.66828254847646));
#4558=CARTESIAN_POINT('',(-2.91634343647227,0.4,8.66828254847646));
#4559=CARTESIAN_POINT('Origin',(11.4836565635277,0.4,-7.08171745152355));
#4560=CARTESIAN_POINT('',(11.4836565635277,10.4,-7.08171745152355));
#4561=CARTESIAN_POINT('',(11.4836565635277,10.4,-7.08171745152355));
#4562=CARTESIAN_POINT('',(11.4836565635277,0.4,-7.08171745152355));
#4563=CARTESIAN_POINT('Origin',(10.8836565635277,0.4,-7.08171745152355));
#4564=CARTESIAN_POINT('Origin',(10.8836565635277,10.4,-7.08171745152355));
#4565=CARTESIAN_POINT('Origin',(9.88365656352773,0.4,-7.68171745152355));
#4566=CARTESIAN_POINT('',(9.88365656352773,0.4,-7.68171745152355));
#4567=CARTESIAN_POINT('',(9.88365656352773,0.4,-7.68171745152355));
#4568=CARTESIAN_POINT('',(7.13365656352772,0.4,-7.68171745152355));
#4569=CARTESIAN_POINT('Origin',(9.88365656352773,0.4,-8.08171745152355));
#4570=CARTESIAN_POINT('',(9.88365656352773,10.4,-8.08171745152355));
#4571=CARTESIAN_POINT('',(9.88365656352773,10.4,-8.08171745152355));
#4572=CARTESIAN_POINT('',(9.88365656352773,0.4,-8.08171745152355));
#4573=CARTESIAN_POINT('',(9.88365656352773,0.4,-8.08171745152355));
#4574=CARTESIAN_POINT('',(9.88365656352773,0.4,-1.83171745152355));
#4575=CARTESIAN_POINT('Origin',(10.8836565635277,10.4,-7.08171745152355));
#4576=CARTESIAN_POINT('',(11.8836565635277,10.4,-8.08171745152355));
#4577=CARTESIAN_POINT('',(11.8836565635277,10.4,16.9182825484765));
#4578=CARTESIAN_POINT('',(11.8836565635277,10.4,-8.08171745152355));
#4579=CARTESIAN_POINT('Origin',(10.8836565635277,0.4,16.5182825484765));
#4580=CARTESIAN_POINT('',(10.8836565635277,10.4,16.5182825484765));
#4581=CARTESIAN_POINT('',(10.8836565635277,10.4,16.5182825484765));
#4582=CARTESIAN_POINT('',(10.8836565635277,0.4,16.5182825484765));
#4583=CARTESIAN_POINT('Origin',(10.8836565635277,0.4,15.9182825484765));
#4584=CARTESIAN_POINT('Origin',(10.8836565635277,10.4,15.9182825484765));
#4585=CARTESIAN_POINT('Origin',(11.4836565635277,0.4,14.9182825484764));
#4586=CARTESIAN_POINT('',(11.4836565635277,0.4,14.9182825484764));
#4587=CARTESIAN_POINT('',(11.4836565635277,0.4,14.9182825484764));
#4588=CARTESIAN_POINT('',(11.4836565635277,0.4,9.66828254847645));
#4589=CARTESIAN_POINT('Origin',(11.8836565635277,0.4,14.9182825484764));
#4590=CARTESIAN_POINT('',(11.8836565635277,10.4,14.9182825484764));
#4591=CARTESIAN_POINT('',(11.8836565635277,10.4,14.9182825484764));
#4592=CARTESIAN_POINT('',(11.8836565635277,0.4,14.9182825484764));
#4593=CARTESIAN_POINT('',(11.8836565635277,0.4,14.9182825484764));
#4594=CARTESIAN_POINT('',(8.13365656352769,0.4,14.9182825484764));
#4595=CARTESIAN_POINT('Origin',(10.8836565635277,10.4,15.9182825484765));
#4596=CARTESIAN_POINT('',(11.8836565635277,10.4,16.9182825484765));
#4597=CARTESIAN_POINT('',(-3.11634343647226,10.4,16.9182825484765));
#4598=CARTESIAN_POINT('',(11.8836565635277,10.4,16.9182825484765));
#4599=CARTESIAN_POINT('Origin',(-2.11634343647227,0.4,-7.68171745152354));
#4600=CARTESIAN_POINT('',(-2.11634343647227,10.4,-7.68171745152354));
#4601=CARTESIAN_POINT('',(-2.11634343647227,10.4,-7.68171745152354));
#4602=CARTESIAN_POINT('',(-2.11634343647227,0.4,-7.68171745152354));
#4603=CARTESIAN_POINT('Origin',(-2.11634343647227,0.4,-7.08171745152355));
#4604=CARTESIAN_POINT('Origin',(-2.11634343647227,10.4,-7.08171745152355));
#4605=CARTESIAN_POINT('Origin',(-2.71634343647227,0.4,-6.08171745152355));
#4606=CARTESIAN_POINT('',(-2.71634343647227,0.4,-6.08171745152355));
#4607=CARTESIAN_POINT('',(-2.71634343647227,0.4,-6.08171745152355));
#4608=CARTESIAN_POINT('',(-2.71634343647227,0.4,-0.831717451523545));
#4609=CARTESIAN_POINT('Origin',(-3.11634343647227,0.4,-6.08171745152355));
#4610=CARTESIAN_POINT('',(-3.11634343647227,10.4,-6.08171745152355));
#4611=CARTESIAN_POINT('',(-3.11634343647227,10.4,-6.08171745152355));
#4612=CARTESIAN_POINT('',(-3.11634343647227,0.4,-6.08171745152355));
#4613=CARTESIAN_POINT('',(-3.11634343647227,0.4,-6.08171745152355));
#4614=CARTESIAN_POINT('',(0.63365656352773,0.4,-6.08171745152355));
#4615=CARTESIAN_POINT('Origin',(-2.11634343647227,10.4,-7.08171745152355));
#4616=CARTESIAN_POINT('',(-3.11634343647227,10.4,-8.08171745152355));
#4617=CARTESIAN_POINT('',(11.8836565635277,10.4,-8.08171745152355));
#4618=CARTESIAN_POINT('',(-3.11634343647227,10.4,-8.08171745152355));
#4619=CARTESIAN_POINT('Origin',(-2.71634343647226,0.4,15.9182825484765));
#4620=CARTESIAN_POINT('',(-2.71634343647226,0.4,15.9182825484765));
#4621=CARTESIAN_POINT('',(-2.71634343647226,0.4,15.9182825484765));
#4622=CARTESIAN_POINT('',(-2.71634343647226,0.4,10.1682825484765));
#4623=CARTESIAN_POINT('Origin',(-2.11634343647226,0.4,15.9182825484765));
#4624=CARTESIAN_POINT('',(-2.11634343647226,0.4,16.5182825484765));
#4625=CARTESIAN_POINT('',(-2.11634343647226,0.4,16.5182825484765));
#4626=CARTESIAN_POINT('Origin',(-2.11634343647226,0.4,15.9182825484765));
#4627=CARTESIAN_POINT('Origin',(-1.11634343647227,0.4,16.5182825484765));
#4628=CARTESIAN_POINT('',(-1.11634343647227,0.4,16.5182825484765));
#4629=CARTESIAN_POINT('',(-1.11634343647227,0.4,16.5182825484765));
#4630=CARTESIAN_POINT('',(1.63365656352773,0.4,16.5182825484765));
#4631=CARTESIAN_POINT('Origin',(-1.11634343647227,0.4,16.9182825484765));
#4632=CARTESIAN_POINT('',(-1.11634343647227,10.4,16.9182825484765));
#4633=CARTESIAN_POINT('',(-1.11634343647227,10.4,16.9182825484765));
#4634=CARTESIAN_POINT('',(-1.11634343647227,0.4,16.9182825484765));
#4635=CARTESIAN_POINT('',(-1.11634343647227,0.4,16.9182825484765));
#4636=CARTESIAN_POINT('',(-1.11634343647227,0.4,10.6682825484765));
#4637=CARTESIAN_POINT('Origin',(-2.11634343647226,10.4,15.9182825484765));
#4638=CARTESIAN_POINT('',(-3.11634343647226,10.4,16.9182825484765));
#4639=CARTESIAN_POINT('',(-3.11634343647227,10.4,-8.08171745152355));
#4640=CARTESIAN_POINT('',(-3.11634343647226,10.4,16.9182825484765));
#4641=CARTESIAN_POINT('Origin',(-3.11634343647226,0.,16.9182825484765));
#4642=CARTESIAN_POINT('',(-3.11634343647226,0.,16.9182825484765));
#4643=CARTESIAN_POINT('',(11.8836565635277,0.,16.9182825484765));
#4644=CARTESIAN_POINT('',(-3.11634343647226,0.,16.9182825484765));
#4645=CARTESIAN_POINT('',(11.8836565635277,0.,16.9182825484765));
#4646=CARTESIAN_POINT('',(-3.11634343647226,0.4,16.9182825484765));
#4647=CARTESIAN_POINT('',(-3.11634343647226,0.,16.9182825484765));
#4648=CARTESIAN_POINT('Origin',(-3.11634343647227,0.,-8.08171745152355));
#4649=CARTESIAN_POINT('',(-3.11634343647227,0.,-8.08171745152355));
#4650=CARTESIAN_POINT('',(-3.11634343647227,0.,-8.08171745152355));
#4651=CARTESIAN_POINT('',(-3.11634343647227,0.4,-8.08171745152355));
#4652=CARTESIAN_POINT('',(-3.11634343647227,0.,-8.08171745152355));
#4653=CARTESIAN_POINT('Origin',(11.8836565635277,0.,-8.08171745152355));
#4654=CARTESIAN_POINT('',(11.8836565635277,0.,-8.08171745152355));
#4655=CARTESIAN_POINT('',(11.8836565635277,0.,-8.08171745152355));
#4656=CARTESIAN_POINT('',(11.8836565635277,0.4,-8.08171745152355));
#4657=CARTESIAN_POINT('',(11.8836565635277,0.,-8.08171745152355));
#4658=CARTESIAN_POINT('Origin',(11.8836565635277,0.,16.9182825484765));
#4659=CARTESIAN_POINT('',(11.8836565635277,0.,16.9182825484765));
#4660=CARTESIAN_POINT('',(11.8836565635277,0.4,16.9182825484765));
#4661=CARTESIAN_POINT('Origin',(4.38365656352773,0.4,4.41828254847645));
#4662=CARTESIAN_POINT('Origin',(4.38365656352773,0.,4.41828254847645));
#4663=UNCERTAINTY_MEASURE_WITH_UNIT(LENGTH_MEASURE(0.001),#4667,
'DISTANCE_ACCURACY_VALUE',
'Maximum model space distance between geometric entities at asserted c
onnectivities');
#4664=UNCERTAINTY_MEASURE_WITH_UNIT(LENGTH_MEASURE(0.001),#4667,
'DISTANCE_ACCURACY_VALUE',
'Maximum model space distance between geometric entities at asserted c
onnectivities');
#4665=(
GEOMETRIC_REPRESENTATION_CONTEXT(3)
GLOBAL_UNCERTAINTY_ASSIGNED_CONTEXT((#4663))
GLOBAL_UNIT_ASSIGNED_CONTEXT((#4667,#4668,#4669))
REPRESENTATION_CONTEXT('','3D')
);
#4666=(
GEOMETRIC_REPRESENTATION_CONTEXT(3)
GLOBAL_UNCERTAINTY_ASSIGNED_CONTEXT((#4664))
GLOBAL_UNIT_ASSIGNED_CONTEXT((#4667,#4668,#4669))
REPRESENTATION_CONTEXT('','3D')
);
#4667=(
LENGTH_UNIT()
NAMED_UNIT(*)
SI_UNIT(.CENTI.,.METRE.)
);
#4668=(
NAMED_UNIT(*)
PLANE_ANGLE_UNIT()
SI_UNIT($,.RADIAN.)
);
#4669=(
NAMED_UNIT(*)
SI_UNIT($,.STERADIAN.)
SOLID_ANGLE_UNIT()
);
#4670=SHAPE_DEFINITION_REPRESENTATION(#4671,#4672);
#4671=PRODUCT_DEFINITION_SHAPE('',$,#4674);
#4672=SHAPE_REPRESENTATION('',(#2907),#4665);
#4673=PRODUCT_DEFINITION_CONTEXT('part definition',#4678,'design');
#4674=PRODUCT_DEFINITION('Enclosure_1','Enclosure_1',#4675,#4673);
#4675=PRODUCT_DEFINITION_FORMATION('',$,#4680);
#4676=PRODUCT_RELATED_PRODUCT_CATEGORY('Enclosure_1','Enclosure_1',(#4680));
#4677=APPLICATION_PROTOCOL_DEFINITION('international standard',
'automotive_design',2009,#4678);
#4678=APPLICATION_CONTEXT(
'Core Data for Automotive Mechanical Design Process');
#4679=PRODUCT_CONTEXT('part definition',#4678,'mechanical');
#4680=PRODUCT('Enclosure_1','Enclosure_1',$,(#4679));
#4681=PRESENTATION_STYLE_ASSIGNMENT((#4682));
#4682=SURFACE_STYLE_USAGE(.BOTH.,#4685);
#4683=SURFACE_STYLE_RENDERING_WITH_PROPERTIES($,#4689,(#4684));
#4684=SURFACE_STYLE_TRANSPARENT(0.);
#4685=SURFACE_SIDE_STYLE('',(#4686,#4683));
#4686=SURFACE_STYLE_FILL_AREA(#4687);
#4687=FILL_AREA_STYLE('',(#4688));
#4688=FILL_AREA_STYLE_COLOUR('',#4689);
#4689=COLOUR_RGB('',0.749019607843137,0.749019607843137,0.749019607843137);
ENDSEC;
END-ISO-10303-21;
