ISO-10303-21;
HEADER;
/* Generated by software containing ST-Developer
 * from STEP Tools, Inc. (www.steptools.com) 
 */

FILE_DESCRIPTION(
/* description */ (''),
/* implementation_level */ '2;1');

FILE_NAME(
/* name */ 'Enclosure_Plate.stp',
/* time_stamp */ '2026-04-08T23:40:20+05:30',
/* author */ ('Kartik'),
/* organization */ (''),
/* preprocessor_version */ 'ST-DEVELOPER v20.1',
/* originating_system */ 'Autodesk Inventor 2026',
/* authorisation */ '');

FILE_SCHEMA (('AUTOMOTIVE_DESIGN { 1 0 10303 214 3 1 1 }'));
ENDSEC;

DATA;
#10=MECHANICAL_DESIGN_GEOMETRIC_PRESENTATION_REPRESENTATION('',(#13),#6578);
#11=SHAPE_REPRESENTATION_RELATIONSHIP('SRR','None',#6584,#12);
#12=ADVANCED_BREP_SHAPE_REPRESENTATION('',(#14),#6577);
#13=STYLED_ITEM('',(#6593),#14);
#14=MANIFOLD_SOLID_BREP('Solid1',#3765);
#15=CONICAL_SURFACE('',#3879,0.343650961864685,0.0349065850398866);
#16=CONICAL_SURFACE('',#3910,0.128181168839728,0.0174532925199433);
#17=CONICAL_SURFACE('',#3917,0.343650961864685,0.0349065850398866);
#18=CONICAL_SURFACE('',#3921,0.128181168839728,0.0174532925199433);
#19=CONICAL_SURFACE('',#3928,0.343650961864685,0.0349065850398866);
#20=CONICAL_SURFACE('',#3932,0.128181168839728,0.0174532925199433);
#21=CONICAL_SURFACE('',#3939,0.343650961864685,0.0349065850398866);
#22=CONICAL_SURFACE('',#3943,0.128181168839728,0.0174532925199433);
#23=CONICAL_SURFACE('',#3950,0.343650961864685,0.0349065850398866);
#24=CONICAL_SURFACE('',#3954,0.128181168839728,0.0174532925199433);
#25=CONICAL_SURFACE('',#3961,0.343650961864685,0.0349065850398866);
#26=CONICAL_SURFACE('',#3965,0.128181168839728,0.0174532925199433);
#27=CONICAL_SURFACE('',#3972,0.443650961864685,0.0349065850398866);
#28=CONICAL_SURFACE('',#3976,0.178181168839728,0.0174532925199433);
#29=CONICAL_SURFACE('',#3983,0.443650961864685,0.0349065850398866);
#30=CONICAL_SURFACE('',#3987,0.178181168839728,0.0174532925199433);
#31=CONICAL_SURFACE('',#3994,0.443650961864685,0.0349065850398866);
#32=CONICAL_SURFACE('',#3998,0.178181168839728,0.0174532925199433);
#33=CONICAL_SURFACE('',#4005,0.443650961864685,0.0349065850398866);
#34=CONICAL_SURFACE('',#4009,0.178181168839728,0.0174532925199433);
#35=CONICAL_SURFACE('',#4016,0.443650961864685,0.0349065850398866);
#36=CONICAL_SURFACE('',#4020,0.178181168839728,0.0174532925199433);
#37=CONICAL_SURFACE('',#4027,0.443650961864685,0.0349065850398866);
#38=CONICAL_SURFACE('',#4031,0.178181168839728,0.0174532925199433);
#39=CONICAL_SURFACE('',#4038,0.443650961864685,0.0349065850398866);
#40=CONICAL_SURFACE('',#4042,0.178181168839728,0.0174532925199433);
#41=CONICAL_SURFACE('',#4049,0.443650961864685,0.0349065850398866);
#42=CONICAL_SURFACE('',#4053,0.178181168839728,0.0174532925199433);
#43=CONICAL_SURFACE('',#4060,0.443650961864685,0.0349065850398866);
#44=CONICAL_SURFACE('',#4064,0.178181168839728,0.0174532925199433);
#45=CONICAL_SURFACE('',#4071,0.443650961864685,0.0349065850398866);
#46=CONICAL_SURFACE('',#4075,0.178181168839728,0.0174532925199433);
#47=CONICAL_SURFACE('',#4082,0.443650961864685,0.0349065850398866);
#48=CONICAL_SURFACE('',#4086,0.178181168839728,0.0174532925199433);
#49=CONICAL_SURFACE('',#4093,0.443650961864685,0.0349065850398866);
#50=CONICAL_SURFACE('',#4097,0.178181168839728,0.0174532925199433);
#51=CONICAL_SURFACE('',#4104,0.443650961864685,0.0349065850398866);
#52=CONICAL_SURFACE('',#4108,0.178181168839728,0.0174532925199433);
#53=CONICAL_SURFACE('',#4115,0.443650961864685,0.0349065850398866);
#54=CONICAL_SURFACE('',#4119,0.178181168839728,0.0174532925199433);
#55=CONICAL_SURFACE('',#4126,0.443650961864685,0.0349065850398866);
#56=CONICAL_SURFACE('',#4130,0.178181168839728,0.0174532925199433);
#57=CONICAL_SURFACE('',#4137,0.443650961864685,0.0349065850398866);
#58=CONICAL_SURFACE('',#4141,0.178181168839728,0.0174532925199433);
#59=CONICAL_SURFACE('',#4148,0.443650961864685,0.0349065850398866);
#60=CONICAL_SURFACE('',#4152,0.178181168839728,0.0174532925199433);
#61=CONICAL_SURFACE('',#4159,0.443650961864685,0.0349065850398866);
#62=CONICAL_SURFACE('',#4163,0.178181168839728,0.0174532925199433);
#63=CONICAL_SURFACE('',#4170,0.443650961864685,0.0349065850398866);
#64=CONICAL_SURFACE('',#4174,0.178181168839728,0.0174532925199433);
#65=CONICAL_SURFACE('',#4181,0.443650961864685,0.0349065850398866);
#66=CONICAL_SURFACE('',#4185,0.178181168839728,0.0174532925199433);
#67=CONICAL_SURFACE('',#4192,0.443650961864685,0.0349065850398866);
#68=CONICAL_SURFACE('',#4196,0.178181168839728,0.0174532925199433);
#69=TOROIDAL_SURFACE('',#3874,0.431489646972455,0.1);
#70=TOROIDAL_SURFACE('',#3913,0.431489646972455,0.1);
#71=TOROIDAL_SURFACE('',#3924,0.431489646972455,0.1);
#72=TOROIDAL_SURFACE('',#3935,0.431489646972455,0.1);
#73=TOROIDAL_SURFACE('',#3946,0.431489646972455,0.1);
#74=TOROIDAL_SURFACE('',#3957,0.431489646972455,0.1);
#75=TOROIDAL_SURFACE('',#3968,0.531489646972455,0.1);
#76=TOROIDAL_SURFACE('',#3979,0.531489646972455,0.1);
#77=TOROIDAL_SURFACE('',#3990,0.531489646972455,0.1);
#78=TOROIDAL_SURFACE('',#4001,0.531489646972455,0.1);
#79=TOROIDAL_SURFACE('',#4012,0.531489646972455,0.1);
#80=TOROIDAL_SURFACE('',#4023,0.531489646972455,0.1);
#81=TOROIDAL_SURFACE('',#4034,0.531489646972455,0.1);
#82=TOROIDAL_SURFACE('',#4045,0.531489646972455,0.1);
#83=TOROIDAL_SURFACE('',#4056,0.531489646972455,0.1);
#84=TOROIDAL_SURFACE('',#4067,0.531489646972455,0.1);
#85=TOROIDAL_SURFACE('',#4078,0.531489646972455,0.1);
#86=TOROIDAL_SURFACE('',#4089,0.531489646972455,0.1);
#87=TOROIDAL_SURFACE('',#4100,0.531489646972455,0.1);
#88=TOROIDAL_SURFACE('',#4111,0.531489646972455,0.1);
#89=TOROIDAL_SURFACE('',#4122,0.531489646972455,0.1);
#90=TOROIDAL_SURFACE('',#4133,0.531489646972455,0.1);
#91=TOROIDAL_SURFACE('',#4144,0.531489646972455,0.1);
#92=TOROIDAL_SURFACE('',#4155,0.531489646972455,0.1);
#93=TOROIDAL_SURFACE('',#4166,0.531489646972455,0.1);
#94=TOROIDAL_SURFACE('',#4177,0.531489646972455,0.1);
#95=TOROIDAL_SURFACE('',#4188,0.531489646972455,0.1);
#96=FACE_BOUND('',#555,.T.);
#97=FACE_BOUND('',#556,.T.);
#98=FACE_BOUND('',#557,.T.);
#99=FACE_BOUND('',#558,.T.);
#100=FACE_BOUND('',#559,.T.);
#101=FACE_BOUND('',#561,.T.);
#102=FACE_BOUND('',#562,.T.);
#103=FACE_BOUND('',#563,.T.);
#104=FACE_BOUND('',#564,.T.);
#105=FACE_BOUND('',#565,.T.);
#106=FACE_BOUND('',#566,.T.);
#107=FACE_BOUND('',#567,.T.);
#108=FACE_BOUND('',#568,.T.);
#109=FACE_BOUND('',#569,.T.);
#110=FACE_BOUND('',#570,.T.);
#111=FACE_BOUND('',#574,.T.);
#112=FACE_BOUND('',#575,.T.);
#113=FACE_BOUND('',#576,.T.);
#114=FACE_BOUND('',#577,.T.);
#115=FACE_BOUND('',#578,.T.);
#116=FACE_BOUND('',#579,.T.);
#117=FACE_BOUND('',#580,.T.);
#118=FACE_BOUND('',#581,.T.);
#119=FACE_BOUND('',#582,.T.);
#120=FACE_BOUND('',#583,.T.);
#121=FACE_BOUND('',#584,.T.);
#122=FACE_BOUND('',#616,.T.);
#123=FACE_BOUND('',#617,.T.);
#124=FACE_BOUND('',#618,.T.);
#125=FACE_BOUND('',#619,.T.);
#126=FACE_BOUND('',#620,.T.);
#127=FACE_BOUND('',#621,.T.);
#128=FACE_BOUND('',#622,.T.);
#129=FACE_BOUND('',#623,.T.);
#130=FACE_BOUND('',#624,.T.);
#131=FACE_BOUND('',#625,.T.);
#132=FACE_BOUND('',#626,.T.);
#133=FACE_BOUND('',#627,.T.);
#134=FACE_BOUND('',#628,.T.);
#135=FACE_BOUND('',#629,.T.);
#136=FACE_BOUND('',#630,.T.);
#137=FACE_BOUND('',#631,.T.);
#138=FACE_BOUND('',#632,.T.);
#139=FACE_BOUND('',#633,.T.);
#140=FACE_BOUND('',#634,.T.);
#141=FACE_BOUND('',#635,.T.);
#142=FACE_BOUND('',#636,.T.);
#143=FACE_BOUND('',#637,.T.);
#144=FACE_BOUND('',#638,.T.);
#145=FACE_BOUND('',#639,.T.);
#146=FACE_BOUND('',#640,.T.);
#147=FACE_BOUND('',#641,.T.);
#148=FACE_BOUND('',#642,.T.);
#149=FACE_BOUND('',#646,.T.);
#150=FACE_BOUND('',#652,.T.);
#151=FACE_BOUND('',#658,.T.);
#152=FACE_BOUND('',#664,.T.);
#153=FACE_BOUND('',#670,.T.);
#154=FACE_BOUND('',#676,.T.);
#155=FACE_BOUND('',#682,.T.);
#156=FACE_BOUND('',#688,.T.);
#157=FACE_BOUND('',#694,.T.);
#158=FACE_BOUND('',#700,.T.);
#159=FACE_BOUND('',#706,.T.);
#160=FACE_BOUND('',#712,.T.);
#161=FACE_BOUND('',#718,.T.);
#162=FACE_BOUND('',#724,.T.);
#163=FACE_BOUND('',#730,.T.);
#164=FACE_BOUND('',#736,.T.);
#165=FACE_BOUND('',#742,.T.);
#166=FACE_BOUND('',#748,.T.);
#167=FACE_BOUND('',#754,.T.);
#168=FACE_BOUND('',#760,.T.);
#169=FACE_BOUND('',#766,.T.);
#170=FACE_BOUND('',#772,.T.);
#171=FACE_BOUND('',#778,.T.);
#172=FACE_BOUND('',#784,.T.);
#173=FACE_BOUND('',#790,.T.);
#174=FACE_BOUND('',#796,.T.);
#175=FACE_BOUND('',#802,.T.);
#176=FACE_BOUND('',#852,.T.);
#177=FACE_BOUND('',#853,.T.);
#178=FACE_BOUND('',#854,.T.);
#179=FACE_BOUND('',#855,.T.);
#180=FACE_BOUND('',#856,.T.);
#181=FACE_BOUND('',#857,.T.);
#182=FACE_BOUND('',#858,.T.);
#183=FACE_BOUND('',#859,.T.);
#184=FACE_BOUND('',#860,.T.);
#185=FACE_BOUND('',#861,.T.);
#186=FACE_BOUND('',#862,.T.);
#187=FACE_BOUND('',#864,.T.);
#188=FACE_BOUND('',#865,.T.);
#189=FACE_BOUND('',#866,.T.);
#190=FACE_BOUND('',#867,.T.);
#191=FACE_BOUND('',#868,.T.);
#192=FACE_BOUND('',#869,.T.);
#193=FACE_BOUND('',#871,.T.);
#194=FACE_BOUND('',#872,.T.);
#195=FACE_BOUND('',#873,.T.);
#196=FACE_BOUND('',#874,.T.);
#197=FACE_BOUND('',#875,.T.);
#198=FACE_BOUND('',#876,.T.);
#199=FACE_BOUND('',#877,.T.);
#200=FACE_BOUND('',#878,.T.);
#201=FACE_BOUND('',#879,.T.);
#202=FACE_BOUND('',#880,.T.);
#203=FACE_BOUND('',#882,.T.);
#204=FACE_BOUND('',#883,.T.);
#205=FACE_BOUND('',#884,.T.);
#206=FACE_BOUND('',#885,.T.);
#207=FACE_BOUND('',#886,.T.);
#208=FACE_BOUND('',#887,.T.);
#209=FACE_BOUND('',#889,.T.);
#210=FACE_BOUND('',#890,.T.);
#211=FACE_BOUND('',#891,.T.);
#212=FACE_BOUND('',#892,.T.);
#213=FACE_BOUND('',#893,.T.);
#214=FACE_BOUND('',#894,.T.);
#215=FACE_BOUND('',#895,.T.);
#216=FACE_BOUND('',#897,.T.);
#217=FACE_BOUND('',#898,.T.);
#218=FACE_BOUND('',#899,.T.);
#219=FACE_BOUND('',#900,.T.);
#220=FACE_BOUND('',#901,.T.);
#221=FACE_BOUND('',#902,.T.);
#222=PLANE('',#3785);
#223=PLANE('',#3797);
#224=PLANE('',#3812);
#225=PLANE('',#3837);
#226=PLANE('',#3838);
#227=PLANE('',#3840);
#228=PLANE('',#3841);
#229=PLANE('',#3843);
#230=PLANE('',#3845);
#231=PLANE('',#3846);
#232=PLANE('',#3847);
#233=PLANE('',#3851);
#234=PLANE('',#3881);
#235=PLANE('',#3908);
#236=PLANE('',#3912);
#237=PLANE('',#3919);
#238=PLANE('',#3923);
#239=PLANE('',#3930);
#240=PLANE('',#3934);
#241=PLANE('',#3941);
#242=PLANE('',#3945);
#243=PLANE('',#3952);
#244=PLANE('',#3956);
#245=PLANE('',#3963);
#246=PLANE('',#3967);
#247=PLANE('',#3974);
#248=PLANE('',#3978);
#249=PLANE('',#3985);
#250=PLANE('',#3989);
#251=PLANE('',#3996);
#252=PLANE('',#4000);
#253=PLANE('',#4007);
#254=PLANE('',#4011);
#255=PLANE('',#4018);
#256=PLANE('',#4022);
#257=PLANE('',#4029);
#258=PLANE('',#4033);
#259=PLANE('',#4040);
#260=PLANE('',#4044);
#261=PLANE('',#4051);
#262=PLANE('',#4055);
#263=PLANE('',#4062);
#264=PLANE('',#4066);
#265=PLANE('',#4073);
#266=PLANE('',#4077);
#267=PLANE('',#4084);
#268=PLANE('',#4088);
#269=PLANE('',#4095);
#270=PLANE('',#4099);
#271=PLANE('',#4106);
#272=PLANE('',#4110);
#273=PLANE('',#4117);
#274=PLANE('',#4121);
#275=PLANE('',#4128);
#276=PLANE('',#4132);
#277=PLANE('',#4139);
#278=PLANE('',#4143);
#279=PLANE('',#4150);
#280=PLANE('',#4154);
#281=PLANE('',#4161);
#282=PLANE('',#4165);
#283=PLANE('',#4172);
#284=PLANE('',#4176);
#285=PLANE('',#4183);
#286=PLANE('',#4187);
#287=PLANE('',#4194);
#288=PLANE('',#4198);
#289=PLANE('',#4205);
#290=PLANE('',#4206);
#291=PLANE('',#4207);
#292=PLANE('',#4208);
#293=PLANE('',#4212);
#294=PLANE('',#4213);
#295=PLANE('',#4214);
#296=PLANE('',#4215);
#297=PLANE('',#4216);
#298=PLANE('',#4217);
#299=PLANE('',#4218);
#300=PLANE('',#4219);
#301=PLANE('',#4223);
#302=PLANE('',#4224);
#303=PLANE('',#4225);
#304=PLANE('',#4226);
#305=PLANE('',#4237);
#306=PLANE('',#4238);
#307=PLANE('',#4239);
#308=PLANE('',#4240);
#309=PLANE('',#4243);
#310=PLANE('',#4244);
#311=PLANE('',#4245);
#312=PLANE('',#4246);
#313=PLANE('',#4254);
#314=PLANE('',#4255);
#315=PLANE('',#4256);
#316=PLANE('',#4257);
#317=PLANE('',#4267);
#318=PLANE('',#4268);
#319=PLANE('',#4269);
#320=PLANE('',#4270);
#321=PLANE('',#4271);
#322=PLANE('',#4272);
#323=PLANE('',#4273);
#324=PLANE('',#4274);
#325=PLANE('',#4275);
#326=PLANE('',#4276);
#327=PLANE('',#4277);
#328=FACE_OUTER_BOUND('',#553,.T.);
#329=FACE_OUTER_BOUND('',#554,.T.);
#330=FACE_OUTER_BOUND('',#560,.T.);
#331=FACE_OUTER_BOUND('',#571,.T.);
#332=FACE_OUTER_BOUND('',#572,.T.);
#333=FACE_OUTER_BOUND('',#573,.T.);
#334=FACE_OUTER_BOUND('',#585,.T.);
#335=FACE_OUTER_BOUND('',#586,.T.);
#336=FACE_OUTER_BOUND('',#587,.T.);
#337=FACE_OUTER_BOUND('',#588,.T.);
#338=FACE_OUTER_BOUND('',#589,.T.);
#339=FACE_OUTER_BOUND('',#590,.T.);
#340=FACE_OUTER_BOUND('',#591,.T.);
#341=FACE_OUTER_BOUND('',#592,.T.);
#342=FACE_OUTER_BOUND('',#593,.T.);
#343=FACE_OUTER_BOUND('',#594,.T.);
#344=FACE_OUTER_BOUND('',#595,.T.);
#345=FACE_OUTER_BOUND('',#596,.T.);
#346=FACE_OUTER_BOUND('',#597,.T.);
#347=FACE_OUTER_BOUND('',#598,.T.);
#348=FACE_OUTER_BOUND('',#599,.T.);
#349=FACE_OUTER_BOUND('',#600,.T.);
#350=FACE_OUTER_BOUND('',#601,.T.);
#351=FACE_OUTER_BOUND('',#602,.T.);
#352=FACE_OUTER_BOUND('',#603,.T.);
#353=FACE_OUTER_BOUND('',#604,.T.);
#354=FACE_OUTER_BOUND('',#605,.T.);
#355=FACE_OUTER_BOUND('',#606,.T.);
#356=FACE_OUTER_BOUND('',#607,.T.);
#357=FACE_OUTER_BOUND('',#608,.T.);
#358=FACE_OUTER_BOUND('',#609,.T.);
#359=FACE_OUTER_BOUND('',#610,.T.);
#360=FACE_OUTER_BOUND('',#611,.T.);
#361=FACE_OUTER_BOUND('',#612,.T.);
#362=FACE_OUTER_BOUND('',#613,.T.);
#363=FACE_OUTER_BOUND('',#614,.T.);
#364=FACE_OUTER_BOUND('',#615,.T.);
#365=FACE_OUTER_BOUND('',#643,.T.);
#366=FACE_OUTER_BOUND('',#644,.T.);
#367=FACE_OUTER_BOUND('',#645,.T.);
#368=FACE_OUTER_BOUND('',#647,.T.);
#369=FACE_OUTER_BOUND('',#648,.T.);
#370=FACE_OUTER_BOUND('',#649,.T.);
#371=FACE_OUTER_BOUND('',#650,.T.);
#372=FACE_OUTER_BOUND('',#651,.T.);
#373=FACE_OUTER_BOUND('',#653,.T.);
#374=FACE_OUTER_BOUND('',#654,.T.);
#375=FACE_OUTER_BOUND('',#655,.T.);
#376=FACE_OUTER_BOUND('',#656,.T.);
#377=FACE_OUTER_BOUND('',#657,.T.);
#378=FACE_OUTER_BOUND('',#659,.T.);
#379=FACE_OUTER_BOUND('',#660,.T.);
#380=FACE_OUTER_BOUND('',#661,.T.);
#381=FACE_OUTER_BOUND('',#662,.T.);
#382=FACE_OUTER_BOUND('',#663,.T.);
#383=FACE_OUTER_BOUND('',#665,.T.);
#384=FACE_OUTER_BOUND('',#666,.T.);
#385=FACE_OUTER_BOUND('',#667,.T.);
#386=FACE_OUTER_BOUND('',#668,.T.);
#387=FACE_OUTER_BOUND('',#669,.T.);
#388=FACE_OUTER_BOUND('',#671,.T.);
#389=FACE_OUTER_BOUND('',#672,.T.);
#390=FACE_OUTER_BOUND('',#673,.T.);
#391=FACE_OUTER_BOUND('',#674,.T.);
#392=FACE_OUTER_BOUND('',#675,.T.);
#393=FACE_OUTER_BOUND('',#677,.T.);
#394=FACE_OUTER_BOUND('',#678,.T.);
#395=FACE_OUTER_BOUND('',#679,.T.);
#396=FACE_OUTER_BOUND('',#680,.T.);
#397=FACE_OUTER_BOUND('',#681,.T.);
#398=FACE_OUTER_BOUND('',#683,.T.);
#399=FACE_OUTER_BOUND('',#684,.T.);
#400=FACE_OUTER_BOUND('',#685,.T.);
#401=FACE_OUTER_BOUND('',#686,.T.);
#402=FACE_OUTER_BOUND('',#687,.T.);
#403=FACE_OUTER_BOUND('',#689,.T.);
#404=FACE_OUTER_BOUND('',#690,.T.);
#405=FACE_OUTER_BOUND('',#691,.T.);
#406=FACE_OUTER_BOUND('',#692,.T.);
#407=FACE_OUTER_BOUND('',#693,.T.);
#408=FACE_OUTER_BOUND('',#695,.T.);
#409=FACE_OUTER_BOUND('',#696,.T.);
#410=FACE_OUTER_BOUND('',#697,.T.);
#411=FACE_OUTER_BOUND('',#698,.T.);
#412=FACE_OUTER_BOUND('',#699,.T.);
#413=FACE_OUTER_BOUND('',#701,.T.);
#414=FACE_OUTER_BOUND('',#702,.T.);
#415=FACE_OUTER_BOUND('',#703,.T.);
#416=FACE_OUTER_BOUND('',#704,.T.);
#417=FACE_OUTER_BOUND('',#705,.T.);
#418=FACE_OUTER_BOUND('',#707,.T.);
#419=FACE_OUTER_BOUND('',#708,.T.);
#420=FACE_OUTER_BOUND('',#709,.T.);
#421=FACE_OUTER_BOUND('',#710,.T.);
#422=FACE_OUTER_BOUND('',#711,.T.);
#423=FACE_OUTER_BOUND('',#713,.T.);
#424=FACE_OUTER_BOUND('',#714,.T.);
#425=FACE_OUTER_BOUND('',#715,.T.);
#426=FACE_OUTER_BOUND('',#716,.T.);
#427=FACE_OUTER_BOUND('',#717,.T.);
#428=FACE_OUTER_BOUND('',#719,.T.);
#429=FACE_OUTER_BOUND('',#720,.T.);
#430=FACE_OUTER_BOUND('',#721,.T.);
#431=FACE_OUTER_BOUND('',#722,.T.);
#432=FACE_OUTER_BOUND('',#723,.T.);
#433=FACE_OUTER_BOUND('',#725,.T.);
#434=FACE_OUTER_BOUND('',#726,.T.);
#435=FACE_OUTER_BOUND('',#727,.T.);
#436=FACE_OUTER_BOUND('',#728,.T.);
#437=FACE_OUTER_BOUND('',#729,.T.);
#438=FACE_OUTER_BOUND('',#731,.T.);
#439=FACE_OUTER_BOUND('',#732,.T.);
#440=FACE_OUTER_BOUND('',#733,.T.);
#441=FACE_OUTER_BOUND('',#734,.T.);
#442=FACE_OUTER_BOUND('',#735,.T.);
#443=FACE_OUTER_BOUND('',#737,.T.);
#444=FACE_OUTER_BOUND('',#738,.T.);
#445=FACE_OUTER_BOUND('',#739,.T.);
#446=FACE_OUTER_BOUND('',#740,.T.);
#447=FACE_OUTER_BOUND('',#741,.T.);
#448=FACE_OUTER_BOUND('',#743,.T.);
#449=FACE_OUTER_BOUND('',#744,.T.);
#450=FACE_OUTER_BOUND('',#745,.T.);
#451=FACE_OUTER_BOUND('',#746,.T.);
#452=FACE_OUTER_BOUND('',#747,.T.);
#453=FACE_OUTER_BOUND('',#749,.T.);
#454=FACE_OUTER_BOUND('',#750,.T.);
#455=FACE_OUTER_BOUND('',#751,.T.);
#456=FACE_OUTER_BOUND('',#752,.T.);
#457=FACE_OUTER_BOUND('',#753,.T.);
#458=FACE_OUTER_BOUND('',#755,.T.);
#459=FACE_OUTER_BOUND('',#756,.T.);
#460=FACE_OUTER_BOUND('',#757,.T.);
#461=FACE_OUTER_BOUND('',#758,.T.);
#462=FACE_OUTER_BOUND('',#759,.T.);
#463=FACE_OUTER_BOUND('',#761,.T.);
#464=FACE_OUTER_BOUND('',#762,.T.);
#465=FACE_OUTER_BOUND('',#763,.T.);
#466=FACE_OUTER_BOUND('',#764,.T.);
#467=FACE_OUTER_BOUND('',#765,.T.);
#468=FACE_OUTER_BOUND('',#767,.T.);
#469=FACE_OUTER_BOUND('',#768,.T.);
#470=FACE_OUTER_BOUND('',#769,.T.);
#471=FACE_OUTER_BOUND('',#770,.T.);
#472=FACE_OUTER_BOUND('',#771,.T.);
#473=FACE_OUTER_BOUND('',#773,.T.);
#474=FACE_OUTER_BOUND('',#774,.T.);
#475=FACE_OUTER_BOUND('',#775,.T.);
#476=FACE_OUTER_BOUND('',#776,.T.);
#477=FACE_OUTER_BOUND('',#777,.T.);
#478=FACE_OUTER_BOUND('',#779,.T.);
#479=FACE_OUTER_BOUND('',#780,.T.);
#480=FACE_OUTER_BOUND('',#781,.T.);
#481=FACE_OUTER_BOUND('',#782,.T.);
#482=FACE_OUTER_BOUND('',#783,.T.);
#483=FACE_OUTER_BOUND('',#785,.T.);
#484=FACE_OUTER_BOUND('',#786,.T.);
#485=FACE_OUTER_BOUND('',#787,.T.);
#486=FACE_OUTER_BOUND('',#788,.T.);
#487=FACE_OUTER_BOUND('',#789,.T.);
#488=FACE_OUTER_BOUND('',#791,.T.);
#489=FACE_OUTER_BOUND('',#792,.T.);
#490=FACE_OUTER_BOUND('',#793,.T.);
#491=FACE_OUTER_BOUND('',#794,.T.);
#492=FACE_OUTER_BOUND('',#795,.T.);
#493=FACE_OUTER_BOUND('',#797,.T.);
#494=FACE_OUTER_BOUND('',#798,.T.);
#495=FACE_OUTER_BOUND('',#799,.T.);
#496=FACE_OUTER_BOUND('',#800,.T.);
#497=FACE_OUTER_BOUND('',#801,.T.);
#498=FACE_OUTER_BOUND('',#803,.T.);
#499=FACE_OUTER_BOUND('',#804,.T.);
#500=FACE_OUTER_BOUND('',#805,.T.);
#501=FACE_OUTER_BOUND('',#806,.T.);
#502=FACE_OUTER_BOUND('',#807,.T.);
#503=FACE_OUTER_BOUND('',#808,.T.);
#504=FACE_OUTER_BOUND('',#809,.T.);
#505=FACE_OUTER_BOUND('',#810,.T.);
#506=FACE_OUTER_BOUND('',#811,.T.);
#507=FACE_OUTER_BOUND('',#812,.T.);
#508=FACE_OUTER_BOUND('',#813,.T.);
#509=FACE_OUTER_BOUND('',#814,.T.);
#510=FACE_OUTER_BOUND('',#815,.T.);
#511=FACE_OUTER_BOUND('',#816,.T.);
#512=FACE_OUTER_BOUND('',#817,.T.);
#513=FACE_OUTER_BOUND('',#818,.T.);
#514=FACE_OUTER_BOUND('',#819,.T.);
#515=FACE_OUTER_BOUND('',#820,.T.);
#516=FACE_OUTER_BOUND('',#821,.T.);
#517=FACE_OUTER_BOUND('',#822,.T.);
#518=FACE_OUTER_BOUND('',#823,.T.);
#519=FACE_OUTER_BOUND('',#824,.T.);
#520=FACE_OUTER_BOUND('',#825,.T.);
#521=FACE_OUTER_BOUND('',#826,.T.);
#522=FACE_OUTER_BOUND('',#827,.T.);
#523=FACE_OUTER_BOUND('',#828,.T.);
#524=FACE_OUTER_BOUND('',#829,.T.);
#525=FACE_OUTER_BOUND('',#830,.T.);
#526=FACE_OUTER_BOUND('',#831,.T.);
#527=FACE_OUTER_BOUND('',#832,.T.);
#528=FACE_OUTER_BOUND('',#833,.T.);
#529=FACE_OUTER_BOUND('',#834,.T.);
#530=FACE_OUTER_BOUND('',#835,.T.);
#531=FACE_OUTER_BOUND('',#836,.T.);
#532=FACE_OUTER_BOUND('',#837,.T.);
#533=FACE_OUTER_BOUND('',#838,.T.);
#534=FACE_OUTER_BOUND('',#839,.T.);
#535=FACE_OUTER_BOUND('',#840,.T.);
#536=FACE_OUTER_BOUND('',#841,.T.);
#537=FACE_OUTER_BOUND('',#842,.T.);
#538=FACE_OUTER_BOUND('',#843,.T.);
#539=FACE_OUTER_BOUND('',#844,.T.);
#540=FACE_OUTER_BOUND('',#845,.T.);
#541=FACE_OUTER_BOUND('',#846,.T.);
#542=FACE_OUTER_BOUND('',#847,.T.);
#543=FACE_OUTER_BOUND('',#848,.T.);
#544=FACE_OUTER_BOUND('',#849,.T.);
#545=FACE_OUTER_BOUND('',#850,.T.);
#546=FACE_OUTER_BOUND('',#851,.T.);
#547=FACE_OUTER_BOUND('',#863,.T.);
#548=FACE_OUTER_BOUND('',#870,.T.);
#549=FACE_OUTER_BOUND('',#881,.T.);
#550=FACE_OUTER_BOUND('',#888,.T.);
#551=FACE_OUTER_BOUND('',#896,.T.);
#552=FACE_OUTER_BOUND('',#903,.T.);
#553=EDGE_LOOP('',(#2488,#2489,#2490,#2491));
#554=EDGE_LOOP('',(#2492,#2493,#2494,#2495,#2496,#2497,#2498,#2499));
#555=EDGE_LOOP('',(#2500));
#556=EDGE_LOOP('',(#2501));
#557=EDGE_LOOP('',(#2502));
#558=EDGE_LOOP('',(#2503));
#559=EDGE_LOOP('',(#2504,#2505,#2506,#2507,#2508,#2509,#2510,#2511));
#560=EDGE_LOOP('',(#2512,#2513,#2514,#2515));
#561=EDGE_LOOP('',(#2516));
#562=EDGE_LOOP('',(#2517));
#563=EDGE_LOOP('',(#2518));
#564=EDGE_LOOP('',(#2519));
#565=EDGE_LOOP('',(#2520));
#566=EDGE_LOOP('',(#2521));
#567=EDGE_LOOP('',(#2522));
#568=EDGE_LOOP('',(#2523));
#569=EDGE_LOOP('',(#2524));
#570=EDGE_LOOP('',(#2525));
#571=EDGE_LOOP('',(#2526,#2527,#2528,#2529));
#572=EDGE_LOOP('',(#2530,#2531,#2532,#2533));
#573=EDGE_LOOP('',(#2534,#2535,#2536,#2537));
#574=EDGE_LOOP('',(#2538,#2539,#2540,#2541));
#575=EDGE_LOOP('',(#2542));
#576=EDGE_LOOP('',(#2543));
#577=EDGE_LOOP('',(#2544));
#578=EDGE_LOOP('',(#2545));
#579=EDGE_LOOP('',(#2546));
#580=EDGE_LOOP('',(#2547,#2548,#2549,#2550));
#581=EDGE_LOOP('',(#2551));
#582=EDGE_LOOP('',(#2552,#2553,#2554,#2555));
#583=EDGE_LOOP('',(#2556));
#584=EDGE_LOOP('',(#2557));
#585=EDGE_LOOP('',(#2558,#2559,#2560,#2561));
#586=EDGE_LOOP('',(#2562,#2563,#2564,#2565,#2566));
#587=EDGE_LOOP('',(#2567,#2568,#2569,#2570,#2571,#2572));
#588=EDGE_LOOP('',(#2573,#2574,#2575,#2576,#2577));
#589=EDGE_LOOP('',(#2578,#2579,#2580,#2581,#2582,#2583));
#590=EDGE_LOOP('',(#2584,#2585,#2586));
#591=EDGE_LOOP('',(#2587,#2588,#2589,#2590));
#592=EDGE_LOOP('',(#2591,#2592,#2593));
#593=EDGE_LOOP('',(#2594,#2595,#2596,#2597,#2598,#2599));
#594=EDGE_LOOP('',(#2600,#2601,#2602,#2603));
#595=EDGE_LOOP('',(#2604,#2605,#2606));
#596=EDGE_LOOP('',(#2607,#2608,#2609));
#597=EDGE_LOOP('',(#2610,#2611,#2612,#2613,#2614));
#598=EDGE_LOOP('',(#2615,#2616,#2617,#2618));
#599=EDGE_LOOP('',(#2619,#2620,#2621,#2622));
#600=EDGE_LOOP('',(#2623,#2624,#2625,#2626));
#601=EDGE_LOOP('',(#2627,#2628,#2629,#2630,#2631));
#602=EDGE_LOOP('',(#2632,#2633,#2634,#2635));
#603=EDGE_LOOP('',(#2636,#2637,#2638,#2639));
#604=EDGE_LOOP('',(#2640,#2641,#2642,#2643));
#605=EDGE_LOOP('',(#2644,#2645,#2646,#2647));
#606=EDGE_LOOP('',(#2648,#2649,#2650,#2651));
#607=EDGE_LOOP('',(#2652,#2653,#2654,#2655));
#608=EDGE_LOOP('',(#2656,#2657,#2658,#2659));
#609=EDGE_LOOP('',(#2660,#2661,#2662,#2663));
#610=EDGE_LOOP('',(#2664,#2665,#2666,#2667));
#611=EDGE_LOOP('',(#2668,#2669,#2670,#2671));
#612=EDGE_LOOP('',(#2672,#2673,#2674,#2675));
#613=EDGE_LOOP('',(#2676,#2677,#2678,#2679,#2680));
#614=EDGE_LOOP('',(#2681,#2682,#2683,#2684,#2685));
#615=EDGE_LOOP('',(#2686,#2687,#2688,#2689));
#616=EDGE_LOOP('',(#2690));
#617=EDGE_LOOP('',(#2691));
#618=EDGE_LOOP('',(#2692));
#619=EDGE_LOOP('',(#2693));
#620=EDGE_LOOP('',(#2694));
#621=EDGE_LOOP('',(#2695));
#622=EDGE_LOOP('',(#2696));
#623=EDGE_LOOP('',(#2697));
#624=EDGE_LOOP('',(#2698));
#625=EDGE_LOOP('',(#2699));
#626=EDGE_LOOP('',(#2700));
#627=EDGE_LOOP('',(#2701));
#628=EDGE_LOOP('',(#2702));
#629=EDGE_LOOP('',(#2703));
#630=EDGE_LOOP('',(#2704));
#631=EDGE_LOOP('',(#2705));
#632=EDGE_LOOP('',(#2706));
#633=EDGE_LOOP('',(#2707));
#634=EDGE_LOOP('',(#2708));
#635=EDGE_LOOP('',(#2709));
#636=EDGE_LOOP('',(#2710));
#637=EDGE_LOOP('',(#2711));
#638=EDGE_LOOP('',(#2712));
#639=EDGE_LOOP('',(#2713));
#640=EDGE_LOOP('',(#2714));
#641=EDGE_LOOP('',(#2715));
#642=EDGE_LOOP('',(#2716));
#643=EDGE_LOOP('',(#2717));
#644=EDGE_LOOP('',(#2718,#2719,#2720,#2721));
#645=EDGE_LOOP('',(#2722));
#646=EDGE_LOOP('',(#2723));
#647=EDGE_LOOP('',(#2724,#2725,#2726,#2727,#2728));
#648=EDGE_LOOP('',(#2729,#2730,#2731,#2732,#2733));
#649=EDGE_LOOP('',(#2734));
#650=EDGE_LOOP('',(#2735,#2736,#2737,#2738));
#651=EDGE_LOOP('',(#2739));
#652=EDGE_LOOP('',(#2740));
#653=EDGE_LOOP('',(#2741,#2742,#2743,#2744,#2745));
#654=EDGE_LOOP('',(#2746,#2747,#2748,#2749,#2750));
#655=EDGE_LOOP('',(#2751));
#656=EDGE_LOOP('',(#2752,#2753,#2754,#2755));
#657=EDGE_LOOP('',(#2756));
#658=EDGE_LOOP('',(#2757));
#659=EDGE_LOOP('',(#2758,#2759,#2760,#2761,#2762));
#660=EDGE_LOOP('',(#2763,#2764,#2765,#2766,#2767));
#661=EDGE_LOOP('',(#2768));
#662=EDGE_LOOP('',(#2769,#2770,#2771,#2772));
#663=EDGE_LOOP('',(#2773));
#664=EDGE_LOOP('',(#2774));
#665=EDGE_LOOP('',(#2775,#2776,#2777,#2778,#2779));
#666=EDGE_LOOP('',(#2780,#2781,#2782,#2783,#2784));
#667=EDGE_LOOP('',(#2785));
#668=EDGE_LOOP('',(#2786,#2787,#2788,#2789));
#669=EDGE_LOOP('',(#2790));
#670=EDGE_LOOP('',(#2791));
#671=EDGE_LOOP('',(#2792,#2793,#2794,#2795,#2796));
#672=EDGE_LOOP('',(#2797,#2798,#2799,#2800,#2801));
#673=EDGE_LOOP('',(#2802));
#674=EDGE_LOOP('',(#2803,#2804,#2805,#2806));
#675=EDGE_LOOP('',(#2807));
#676=EDGE_LOOP('',(#2808));
#677=EDGE_LOOP('',(#2809,#2810,#2811,#2812,#2813));
#678=EDGE_LOOP('',(#2814,#2815,#2816,#2817,#2818));
#679=EDGE_LOOP('',(#2819));
#680=EDGE_LOOP('',(#2820,#2821,#2822,#2823));
#681=EDGE_LOOP('',(#2824));
#682=EDGE_LOOP('',(#2825));
#683=EDGE_LOOP('',(#2826,#2827,#2828,#2829,#2830));
#684=EDGE_LOOP('',(#2831,#2832,#2833,#2834,#2835));
#685=EDGE_LOOP('',(#2836));
#686=EDGE_LOOP('',(#2837,#2838,#2839,#2840));
#687=EDGE_LOOP('',(#2841));
#688=EDGE_LOOP('',(#2842));
#689=EDGE_LOOP('',(#2843,#2844,#2845,#2846,#2847));
#690=EDGE_LOOP('',(#2848,#2849,#2850,#2851,#2852));
#691=EDGE_LOOP('',(#2853));
#692=EDGE_LOOP('',(#2854,#2855,#2856,#2857));
#693=EDGE_LOOP('',(#2858));
#694=EDGE_LOOP('',(#2859));
#695=EDGE_LOOP('',(#2860,#2861,#2862,#2863,#2864));
#696=EDGE_LOOP('',(#2865,#2866,#2867,#2868,#2869));
#697=EDGE_LOOP('',(#2870));
#698=EDGE_LOOP('',(#2871,#2872,#2873,#2874));
#699=EDGE_LOOP('',(#2875));
#700=EDGE_LOOP('',(#2876));
#701=EDGE_LOOP('',(#2877,#2878,#2879,#2880,#2881));
#702=EDGE_LOOP('',(#2882,#2883,#2884,#2885,#2886));
#703=EDGE_LOOP('',(#2887));
#704=EDGE_LOOP('',(#2888,#2889,#2890,#2891));
#705=EDGE_LOOP('',(#2892));
#706=EDGE_LOOP('',(#2893));
#707=EDGE_LOOP('',(#2894,#2895,#2896,#2897,#2898));
#708=EDGE_LOOP('',(#2899,#2900,#2901,#2902,#2903));
#709=EDGE_LOOP('',(#2904));
#710=EDGE_LOOP('',(#2905,#2906,#2907,#2908));
#711=EDGE_LOOP('',(#2909));
#712=EDGE_LOOP('',(#2910));
#713=EDGE_LOOP('',(#2911,#2912,#2913,#2914,#2915));
#714=EDGE_LOOP('',(#2916,#2917,#2918,#2919,#2920));
#715=EDGE_LOOP('',(#2921));
#716=EDGE_LOOP('',(#2922,#2923,#2924,#2925));
#717=EDGE_LOOP('',(#2926));
#718=EDGE_LOOP('',(#2927));
#719=EDGE_LOOP('',(#2928,#2929,#2930,#2931,#2932));
#720=EDGE_LOOP('',(#2933,#2934,#2935,#2936,#2937));
#721=EDGE_LOOP('',(#2938));
#722=EDGE_LOOP('',(#2939,#2940,#2941,#2942));
#723=EDGE_LOOP('',(#2943));
#724=EDGE_LOOP('',(#2944));
#725=EDGE_LOOP('',(#2945,#2946,#2947,#2948,#2949));
#726=EDGE_LOOP('',(#2950,#2951,#2952,#2953,#2954));
#727=EDGE_LOOP('',(#2955));
#728=EDGE_LOOP('',(#2956,#2957,#2958,#2959));
#729=EDGE_LOOP('',(#2960));
#730=EDGE_LOOP('',(#2961));
#731=EDGE_LOOP('',(#2962,#2963,#2964,#2965,#2966));
#732=EDGE_LOOP('',(#2967,#2968,#2969,#2970,#2971));
#733=EDGE_LOOP('',(#2972));
#734=EDGE_LOOP('',(#2973,#2974,#2975,#2976));
#735=EDGE_LOOP('',(#2977));
#736=EDGE_LOOP('',(#2978));
#737=EDGE_LOOP('',(#2979,#2980,#2981,#2982,#2983));
#738=EDGE_LOOP('',(#2984,#2985,#2986,#2987,#2988));
#739=EDGE_LOOP('',(#2989));
#740=EDGE_LOOP('',(#2990,#2991,#2992,#2993));
#741=EDGE_LOOP('',(#2994));
#742=EDGE_LOOP('',(#2995));
#743=EDGE_LOOP('',(#2996,#2997,#2998,#2999,#3000));
#744=EDGE_LOOP('',(#3001,#3002,#3003,#3004,#3005));
#745=EDGE_LOOP('',(#3006));
#746=EDGE_LOOP('',(#3007,#3008,#3009,#3010));
#747=EDGE_LOOP('',(#3011));
#748=EDGE_LOOP('',(#3012));
#749=EDGE_LOOP('',(#3013,#3014,#3015,#3016,#3017));
#750=EDGE_LOOP('',(#3018,#3019,#3020,#3021,#3022));
#751=EDGE_LOOP('',(#3023));
#752=EDGE_LOOP('',(#3024,#3025,#3026,#3027));
#753=EDGE_LOOP('',(#3028));
#754=EDGE_LOOP('',(#3029));
#755=EDGE_LOOP('',(#3030,#3031,#3032,#3033,#3034));
#756=EDGE_LOOP('',(#3035,#3036,#3037,#3038,#3039));
#757=EDGE_LOOP('',(#3040));
#758=EDGE_LOOP('',(#3041,#3042,#3043,#3044));
#759=EDGE_LOOP('',(#3045));
#760=EDGE_LOOP('',(#3046));
#761=EDGE_LOOP('',(#3047,#3048,#3049,#3050,#3051));
#762=EDGE_LOOP('',(#3052,#3053,#3054,#3055,#3056));
#763=EDGE_LOOP('',(#3057));
#764=EDGE_LOOP('',(#3058,#3059,#3060,#3061));
#765=EDGE_LOOP('',(#3062));
#766=EDGE_LOOP('',(#3063));
#767=EDGE_LOOP('',(#3064,#3065,#3066,#3067,#3068));
#768=EDGE_LOOP('',(#3069,#3070,#3071,#3072,#3073));
#769=EDGE_LOOP('',(#3074));
#770=EDGE_LOOP('',(#3075,#3076,#3077,#3078));
#771=EDGE_LOOP('',(#3079));
#772=EDGE_LOOP('',(#3080));
#773=EDGE_LOOP('',(#3081,#3082,#3083,#3084,#3085));
#774=EDGE_LOOP('',(#3086,#3087,#3088,#3089,#3090));
#775=EDGE_LOOP('',(#3091));
#776=EDGE_LOOP('',(#3092,#3093,#3094,#3095));
#777=EDGE_LOOP('',(#3096));
#778=EDGE_LOOP('',(#3097));
#779=EDGE_LOOP('',(#3098,#3099,#3100,#3101,#3102));
#780=EDGE_LOOP('',(#3103,#3104,#3105,#3106,#3107));
#781=EDGE_LOOP('',(#3108));
#782=EDGE_LOOP('',(#3109,#3110,#3111,#3112));
#783=EDGE_LOOP('',(#3113));
#784=EDGE_LOOP('',(#3114));
#785=EDGE_LOOP('',(#3115,#3116,#3117,#3118,#3119));
#786=EDGE_LOOP('',(#3120,#3121,#3122,#3123,#3124));
#787=EDGE_LOOP('',(#3125));
#788=EDGE_LOOP('',(#3126,#3127,#3128,#3129));
#789=EDGE_LOOP('',(#3130));
#790=EDGE_LOOP('',(#3131));
#791=EDGE_LOOP('',(#3132,#3133,#3134,#3135,#3136));
#792=EDGE_LOOP('',(#3137,#3138,#3139,#3140,#3141));
#793=EDGE_LOOP('',(#3142));
#794=EDGE_LOOP('',(#3143,#3144,#3145,#3146));
#795=EDGE_LOOP('',(#3147));
#796=EDGE_LOOP('',(#3148));
#797=EDGE_LOOP('',(#3149,#3150,#3151,#3152,#3153));
#798=EDGE_LOOP('',(#3154,#3155,#3156,#3157,#3158));
#799=EDGE_LOOP('',(#3159));
#800=EDGE_LOOP('',(#3160,#3161,#3162,#3163));
#801=EDGE_LOOP('',(#3164));
#802=EDGE_LOOP('',(#3165));
#803=EDGE_LOOP('',(#3166,#3167,#3168,#3169));
#804=EDGE_LOOP('',(#3170,#3171,#3172,#3173));
#805=EDGE_LOOP('',(#3174,#3175,#3176,#3177,#3178));
#806=EDGE_LOOP('',(#3179,#3180,#3181,#3182,#3183));
#807=EDGE_LOOP('',(#3184,#3185,#3186,#3187));
#808=EDGE_LOOP('',(#3188,#3189,#3190,#3191));
#809=EDGE_LOOP('',(#3192,#3193,#3194,#3195));
#810=EDGE_LOOP('',(#3196,#3197,#3198,#3199));
#811=EDGE_LOOP('',(#3200,#3201,#3202,#3203));
#812=EDGE_LOOP('',(#3204,#3205,#3206,#3207));
#813=EDGE_LOOP('',(#3208,#3209,#3210,#3211));
#814=EDGE_LOOP('',(#3212,#3213,#3214,#3215));
#815=EDGE_LOOP('',(#3216,#3217,#3218,#3219));
#816=EDGE_LOOP('',(#3220,#3221,#3222,#3223));
#817=EDGE_LOOP('',(#3224,#3225,#3226,#3227));
#818=EDGE_LOOP('',(#3228,#3229,#3230,#3231));
#819=EDGE_LOOP('',(#3232,#3233,#3234,#3235));
#820=EDGE_LOOP('',(#3236,#3237,#3238,#3239));
#821=EDGE_LOOP('',(#3240,#3241,#3242,#3243));
#822=EDGE_LOOP('',(#3244,#3245,#3246,#3247));
#823=EDGE_LOOP('',(#3248,#3249,#3250,#3251));
#824=EDGE_LOOP('',(#3252,#3253,#3254,#3255));
#825=EDGE_LOOP('',(#3256,#3257,#3258,#3259));
#826=EDGE_LOOP('',(#3260,#3261,#3262,#3263));
#827=EDGE_LOOP('',(#3264,#3265,#3266,#3267));
#828=EDGE_LOOP('',(#3268,#3269,#3270,#3271));
#829=EDGE_LOOP('',(#3272,#3273,#3274,#3275));
#830=EDGE_LOOP('',(#3276,#3277,#3278,#3279));
#831=EDGE_LOOP('',(#3280,#3281,#3282,#3283));
#832=EDGE_LOOP('',(#3284,#3285,#3286,#3287));
#833=EDGE_LOOP('',(#3288,#3289,#3290,#3291));
#834=EDGE_LOOP('',(#3292,#3293,#3294,#3295));
#835=EDGE_LOOP('',(#3296,#3297,#3298,#3299));
#836=EDGE_LOOP('',(#3300,#3301,#3302,#3303));
#837=EDGE_LOOP('',(#3304,#3305,#3306,#3307));
#838=EDGE_LOOP('',(#3308,#3309,#3310,#3311));
#839=EDGE_LOOP('',(#3312,#3313,#3314,#3315));
#840=EDGE_LOOP('',(#3316,#3317,#3318,#3319));
#841=EDGE_LOOP('',(#3320,#3321,#3322,#3323));
#842=EDGE_LOOP('',(#3324,#3325,#3326,#3327));
#843=EDGE_LOOP('',(#3328,#3329,#3330,#3331));
#844=EDGE_LOOP('',(#3332,#3333,#3334,#3335));
#845=EDGE_LOOP('',(#3336,#3337,#3338,#3339));
#846=EDGE_LOOP('',(#3340,#3341,#3342,#3343));
#847=EDGE_LOOP('',(#3344,#3345,#3346,#3347));
#848=EDGE_LOOP('',(#3348,#3349,#3350,#3351));
#849=EDGE_LOOP('',(#3352,#3353,#3354,#3355));
#850=EDGE_LOOP('',(#3356,#3357,#3358,#3359));
#851=EDGE_LOOP('',(#3360,#3361,#3362,#3363,#3364,#3365,#3366,#3367,#3368,
#3369));
#852=EDGE_LOOP('',(#3370,#3371,#3372,#3373));
#853=EDGE_LOOP('',(#3374));
#854=EDGE_LOOP('',(#3375));
#855=EDGE_LOOP('',(#3376));
#856=EDGE_LOOP('',(#3377));
#857=EDGE_LOOP('',(#3378));
#858=EDGE_LOOP('',(#3379,#3380,#3381,#3382));
#859=EDGE_LOOP('',(#3383));
#860=EDGE_LOOP('',(#3384,#3385,#3386,#3387));
#861=EDGE_LOOP('',(#3388));
#862=EDGE_LOOP('',(#3389));
#863=EDGE_LOOP('',(#3390,#3391,#3392,#3393,#3394,#3395,#3396,#3397,#3398,
#3399));
#864=EDGE_LOOP('',(#3400));
#865=EDGE_LOOP('',(#3401,#3402,#3403,#3404));
#866=EDGE_LOOP('',(#3405));
#867=EDGE_LOOP('',(#3406));
#868=EDGE_LOOP('',(#3407));
#869=EDGE_LOOP('',(#3408,#3409,#3410,#3411));
#870=EDGE_LOOP('',(#3412,#3413,#3414,#3415,#3416,#3417,#3418,#3419,#3420,
#3421));
#871=EDGE_LOOP('',(#3422));
#872=EDGE_LOOP('',(#3423));
#873=EDGE_LOOP('',(#3424));
#874=EDGE_LOOP('',(#3425));
#875=EDGE_LOOP('',(#3426));
#876=EDGE_LOOP('',(#3427));
#877=EDGE_LOOP('',(#3428));
#878=EDGE_LOOP('',(#3429));
#879=EDGE_LOOP('',(#3430));
#880=EDGE_LOOP('',(#3431));
#881=EDGE_LOOP('',(#3432,#3433,#3434,#3435,#3436,#3437,#3438,#3439,#3440,
#3441,#3442,#3443,#3444,#3445));
#882=EDGE_LOOP('',(#3446));
#883=EDGE_LOOP('',(#3447));
#884=EDGE_LOOP('',(#3448));
#885=EDGE_LOOP('',(#3449,#3450,#3451,#3452));
#886=EDGE_LOOP('',(#3453,#3454,#3455,#3456));
#887=EDGE_LOOP('',(#3457));
#888=EDGE_LOOP('',(#3458,#3459,#3460,#3461));
#889=EDGE_LOOP('',(#3462));
#890=EDGE_LOOP('',(#3463));
#891=EDGE_LOOP('',(#3464,#3465,#3466,#3467));
#892=EDGE_LOOP('',(#3468));
#893=EDGE_LOOP('',(#3469,#3470,#3471,#3472));
#894=EDGE_LOOP('',(#3473,#3474,#3475,#3476));
#895=EDGE_LOOP('',(#3477));
#896=EDGE_LOOP('',(#3478,#3479,#3480,#3481));
#897=EDGE_LOOP('',(#3482));
#898=EDGE_LOOP('',(#3483,#3484,#3485,#3486));
#899=EDGE_LOOP('',(#3487));
#900=EDGE_LOOP('',(#3488));
#901=EDGE_LOOP('',(#3489));
#902=EDGE_LOOP('',(#3490,#3491,#3492,#3493));
#903=EDGE_LOOP('',(#3494,#3495,#3496,#3497,#3498,#3499,#3500,#3501));
#904=LINE('',#5514,#1140);
#905=LINE('',#5517,#1141);
#906=LINE('',#5520,#1142);
#907=LINE('',#5524,#1143);
#908=LINE('',#5528,#1144);
#909=LINE('',#5531,#1145);
#910=LINE('',#5542,#1146);
#911=LINE('',#5546,#1147);
#912=LINE('',#5550,#1148);
#913=LINE('',#5554,#1149);
#914=LINE('',#5558,#1150);
#915=LINE('',#5559,#1151);
#916=LINE('',#5583,#1152);
#917=LINE('',#5588,#1153);
#918=LINE('',#5589,#1154);
#919=LINE('',#5592,#1155);
#920=LINE('',#5593,#1156);
#921=LINE('',#5596,#1157);
#922=LINE('',#5598,#1158);
#923=LINE('',#5600,#1159);
#924=LINE('',#5601,#1160);
#925=LINE('',#5614,#1161);
#926=LINE('',#5616,#1162);
#927=LINE('',#5618,#1163);
#928=LINE('',#5619,#1164);
#929=LINE('',#5624,#1165);
#930=LINE('',#5626,#1166);
#931=LINE('',#5628,#1167);
#932=LINE('',#5629,#1168);
#933=LINE('',#5637,#1169);
#934=LINE('',#5640,#1170);
#935=LINE('',#5646,#1171);
#936=LINE('',#5654,#1172);
#937=LINE('',#5660,#1173);
#938=LINE('',#5668,#1174);
#939=LINE('',#5669,#1175);
#940=LINE('',#5672,#1176);
#941=LINE('',#5675,#1177);
#942=LINE('',#5678,#1178);
#943=LINE('',#5679,#1179);
#944=LINE('',#5682,#1180);
#945=LINE('',#5686,#1181);
#946=LINE('',#5687,#1182);
#947=LINE('',#5690,#1183);
#948=LINE('',#5693,#1184);
#949=LINE('',#5696,#1185);
#950=LINE('',#5697,#1186);
#951=LINE('',#5700,#1187);
#952=LINE('',#5701,#1188);
#953=LINE('',#5704,#1189);
#954=LINE('',#5707,#1190);
#955=LINE('',#5709,#1191);
#956=LINE('',#5710,#1192);
#957=LINE('',#5712,#1193);
#958=LINE('',#5713,#1194);
#959=LINE('',#5717,#1195);
#960=LINE('',#5718,#1196);
#961=LINE('',#5719,#1197);
#962=LINE('',#5721,#1198);
#963=LINE('',#5722,#1199);
#964=LINE('',#5724,#1200);
#965=LINE('',#5725,#1201);
#966=LINE('',#5729,#1202);
#967=LINE('',#5733,#1203);
#968=LINE('',#5737,#1204);
#969=LINE('',#5741,#1205);
#970=LINE('',#5745,#1206);
#971=LINE('',#5749,#1207);
#972=LINE('',#5753,#1208);
#973=LINE('',#5757,#1209);
#974=LINE('',#5761,#1210);
#975=LINE('',#5765,#1211);
#976=LINE('',#5776,#1212);
#977=LINE('',#5781,#1213);
#978=LINE('',#5783,#1214);
#979=LINE('',#5785,#1215);
#980=LINE('',#5786,#1216);
#981=LINE('',#5845,#1217);
#982=LINE('',#5855,#1218);
#983=LINE('',#5863,#1219);
#984=LINE('',#5873,#1220);
#985=LINE('',#5881,#1221);
#986=LINE('',#5891,#1222);
#987=LINE('',#5899,#1223);
#988=LINE('',#5909,#1224);
#989=LINE('',#5917,#1225);
#990=LINE('',#5927,#1226);
#991=LINE('',#5935,#1227);
#992=LINE('',#5945,#1228);
#993=LINE('',#5953,#1229);
#994=LINE('',#5963,#1230);
#995=LINE('',#5971,#1231);
#996=LINE('',#5981,#1232);
#997=LINE('',#5989,#1233);
#998=LINE('',#5999,#1234);
#999=LINE('',#6007,#1235);
#1000=LINE('',#6017,#1236);
#1001=LINE('',#6025,#1237);
#1002=LINE('',#6035,#1238);
#1003=LINE('',#6043,#1239);
#1004=LINE('',#6053,#1240);
#1005=LINE('',#6061,#1241);
#1006=LINE('',#6071,#1242);
#1007=LINE('',#6079,#1243);
#1008=LINE('',#6089,#1244);
#1009=LINE('',#6097,#1245);
#1010=LINE('',#6107,#1246);
#1011=LINE('',#6115,#1247);
#1012=LINE('',#6125,#1248);
#1013=LINE('',#6133,#1249);
#1014=LINE('',#6143,#1250);
#1015=LINE('',#6151,#1251);
#1016=LINE('',#6161,#1252);
#1017=LINE('',#6169,#1253);
#1018=LINE('',#6179,#1254);
#1019=LINE('',#6187,#1255);
#1020=LINE('',#6197,#1256);
#1021=LINE('',#6205,#1257);
#1022=LINE('',#6215,#1258);
#1023=LINE('',#6223,#1259);
#1024=LINE('',#6233,#1260);
#1025=LINE('',#6241,#1261);
#1026=LINE('',#6251,#1262);
#1027=LINE('',#6259,#1263);
#1028=LINE('',#6269,#1264);
#1029=LINE('',#6277,#1265);
#1030=LINE('',#6287,#1266);
#1031=LINE('',#6295,#1267);
#1032=LINE('',#6305,#1268);
#1033=LINE('',#6313,#1269);
#1034=LINE('',#6319,#1270);
#1035=LINE('',#6325,#1271);
#1036=LINE('',#6329,#1272);
#1037=LINE('',#6331,#1273);
#1038=LINE('',#6333,#1274);
#1039=LINE('',#6334,#1275);
#1040=LINE('',#6337,#1276);
#1041=LINE('',#6339,#1277);
#1042=LINE('',#6340,#1278);
#1043=LINE('',#6343,#1279);
#1044=LINE('',#6345,#1280);
#1045=LINE('',#6346,#1281);
#1046=LINE('',#6348,#1282);
#1047=LINE('',#6349,#1283);
#1048=LINE('',#6354,#1284);
#1049=LINE('',#6359,#1285);
#1050=LINE('',#6361,#1286);
#1051=LINE('',#6363,#1287);
#1052=LINE('',#6364,#1288);
#1053=LINE('',#6367,#1289);
#1054=LINE('',#6369,#1290);
#1055=LINE('',#6370,#1291);
#1056=LINE('',#6373,#1292);
#1057=LINE('',#6375,#1293);
#1058=LINE('',#6376,#1294);
#1059=LINE('',#6378,#1295);
#1060=LINE('',#6379,#1296);
#1061=LINE('',#6383,#1297);
#1062=LINE('',#6385,#1298);
#1063=LINE('',#6387,#1299);
#1064=LINE('',#6388,#1300);
#1065=LINE('',#6391,#1301);
#1066=LINE('',#6393,#1302);
#1067=LINE('',#6394,#1303);
#1068=LINE('',#6397,#1304);
#1069=LINE('',#6399,#1305);
#1070=LINE('',#6400,#1306);
#1071=LINE('',#6402,#1307);
#1072=LINE('',#6403,#1308);
#1073=LINE('',#6408,#1309);
#1074=LINE('',#6413,#1310);
#1075=LINE('',#6414,#1311);
#1076=LINE('',#6415,#1312);
#1077=LINE('',#6418,#1313);
#1078=LINE('',#6419,#1314);
#1079=LINE('',#6422,#1315);
#1080=LINE('',#6423,#1316);
#1081=LINE('',#6425,#1317);
#1082=LINE('',#6428,#1318);
#1083=LINE('',#6432,#1319);
#1084=LINE('',#6436,#1320);
#1085=LINE('',#6440,#1321);
#1086=LINE('',#6444,#1322);
#1087=LINE('',#6449,#1323);
#1088=LINE('',#6450,#1324);
#1089=LINE('',#6451,#1325);
#1090=LINE('',#6454,#1326);
#1091=LINE('',#6455,#1327);
#1092=LINE('',#6458,#1328);
#1093=LINE('',#6459,#1329);
#1094=LINE('',#6461,#1330);
#1095=LINE('',#6464,#1331);
#1096=LINE('',#6469,#1332);
#1097=LINE('',#6470,#1333);
#1098=LINE('',#6471,#1334);
#1099=LINE('',#6474,#1335);
#1100=LINE('',#6475,#1336);
#1101=LINE('',#6478,#1337);
#1102=LINE('',#6479,#1338);
#1103=LINE('',#6481,#1339);
#1104=LINE('',#6484,#1340);
#1105=LINE('',#6488,#1341);
#1106=LINE('',#6494,#1342);
#1107=LINE('',#6499,#1343);
#1108=LINE('',#6501,#1344);
#1109=LINE('',#6503,#1345);
#1110=LINE('',#6504,#1346);
#1111=LINE('',#6507,#1347);
#1112=LINE('',#6509,#1348);
#1113=LINE('',#6510,#1349);
#1114=LINE('',#6513,#1350);
#1115=LINE('',#6515,#1351);
#1116=LINE('',#6516,#1352);
#1117=LINE('',#6518,#1353);
#1118=LINE('',#6519,#1354);
#1119=LINE('',#6524,#1355);
#1120=LINE('',#6530,#1356);
#1121=LINE('',#6536,#1357);
#1122=LINE('',#6541,#1358);
#1123=LINE('',#6543,#1359);
#1124=LINE('',#6545,#1360);
#1125=LINE('',#6546,#1361);
#1126=LINE('',#6549,#1362);
#1127=LINE('',#6551,#1363);
#1128=LINE('',#6552,#1364);
#1129=LINE('',#6555,#1365);
#1130=LINE('',#6557,#1366);
#1131=LINE('',#6558,#1367);
#1132=LINE('',#6560,#1368);
#1133=LINE('',#6561,#1369);
#1134=LINE('',#6563,#1370);
#1135=LINE('',#6564,#1371);
#1136=LINE('',#6566,#1372);
#1137=LINE('',#6568,#1373);
#1138=LINE('',#6571,#1374);
#1139=LINE('',#6573,#1375);
#1140=VECTOR('',#4284,1.);
#1141=VECTOR('',#4287,1.);
#1142=VECTOR('',#4290,1.);
#1143=VECTOR('',#4293,1.);
#1144=VECTOR('',#4296,1.);
#1145=VECTOR('',#4299,1.);
#1146=VECTOR('',#4308,1.);
#1147=VECTOR('',#4311,1.);
#1148=VECTOR('',#4314,1.);
#1149=VECTOR('',#4317,1.);
#1150=VECTOR('',#4322,1.);
#1151=VECTOR('',#4323,1.);
#1152=VECTOR('',#4348,1.);
#1153=VECTOR('',#4353,1.);
#1154=VECTOR('',#4354,1.);
#1155=VECTOR('',#4357,1.);
#1156=VECTOR('',#4358,1.);
#1157=VECTOR('',#4359,1.);
#1158=VECTOR('',#4360,1.);
#1159=VECTOR('',#4361,1.);
#1160=VECTOR('',#4362,1.);
#1161=VECTOR('',#4373,1.);
#1162=VECTOR('',#4374,1.);
#1163=VECTOR('',#4375,1.);
#1164=VECTOR('',#4376,1.);
#1165=VECTOR('',#4379,1.);
#1166=VECTOR('',#4380,1.);
#1167=VECTOR('',#4381,1.);
#1168=VECTOR('',#4382,1.);
#1169=VECTOR('',#4391,1.);
#1170=VECTOR('',#4394,0.2);
#1171=VECTOR('',#4401,0.2);
#1172=VECTOR('',#4410,0.2);
#1173=VECTOR('',#4417,0.2);
#1174=VECTOR('',#4426,1.);
#1175=VECTOR('',#4427,1.);
#1176=VECTOR('',#4430,1.);
#1177=VECTOR('',#4433,1.);
#1178=VECTOR('',#4436,1.);
#1179=VECTOR('',#4437,1.);
#1180=VECTOR('',#4440,1.);
#1181=VECTOR('',#4443,1.);
#1182=VECTOR('',#4444,1.);
#1183=VECTOR('',#4447,1.);
#1184=VECTOR('',#4450,1.);
#1185=VECTOR('',#4453,1.);
#1186=VECTOR('',#4454,1.);
#1187=VECTOR('',#4457,1.);
#1188=VECTOR('',#4458,1.);
#1189=VECTOR('',#4461,1.);
#1190=VECTOR('',#4464,1.);
#1191=VECTOR('',#4467,1.);
#1192=VECTOR('',#4468,1.);
#1193=VECTOR('',#4471,1.);
#1194=VECTOR('',#4472,1.);
#1195=VECTOR('',#4475,1.);
#1196=VECTOR('',#4476,1.);
#1197=VECTOR('',#4477,1.);
#1198=VECTOR('',#4480,1.);
#1199=VECTOR('',#4481,1.);
#1200=VECTOR('',#4484,1.);
#1201=VECTOR('',#4485,1.);
#1202=VECTOR('',#4490,0.3);
#1203=VECTOR('',#4495,0.3);
#1204=VECTOR('',#4500,0.3);
#1205=VECTOR('',#4505,0.3);
#1206=VECTOR('',#4510,0.3);
#1207=VECTOR('',#4515,0.3);
#1208=VECTOR('',#4520,0.3);
#1209=VECTOR('',#4525,0.3);
#1210=VECTOR('',#4530,0.3);
#1211=VECTOR('',#4535,0.3);
#1212=VECTOR('',#4548,0.343650961864685);
#1213=VECTOR('',#4553,1.);
#1214=VECTOR('',#4554,1.);
#1215=VECTOR('',#4555,1.);
#1216=VECTOR('',#4556,1.);
#1217=VECTOR('',#4617,0.128181168839728);
#1218=VECTOR('',#4630,0.343650961864685);
#1219=VECTOR('',#4641,0.128181168839728);
#1220=VECTOR('',#4654,0.343650961864685);
#1221=VECTOR('',#4665,0.128181168839728);
#1222=VECTOR('',#4678,0.343650961864685);
#1223=VECTOR('',#4689,0.128181168839728);
#1224=VECTOR('',#4702,0.343650961864685);
#1225=VECTOR('',#4713,0.128181168839728);
#1226=VECTOR('',#4726,0.343650961864685);
#1227=VECTOR('',#4737,0.128181168839728);
#1228=VECTOR('',#4750,0.443650961864685);
#1229=VECTOR('',#4761,0.178181168839728);
#1230=VECTOR('',#4774,0.443650961864685);
#1231=VECTOR('',#4785,0.178181168839728);
#1232=VECTOR('',#4798,0.443650961864685);
#1233=VECTOR('',#4809,0.178181168839728);
#1234=VECTOR('',#4822,0.443650961864685);
#1235=VECTOR('',#4833,0.178181168839728);
#1236=VECTOR('',#4846,0.443650961864685);
#1237=VECTOR('',#4857,0.178181168839728);
#1238=VECTOR('',#4870,0.443650961864685);
#1239=VECTOR('',#4881,0.178181168839728);
#1240=VECTOR('',#4894,0.443650961864685);
#1241=VECTOR('',#4905,0.178181168839728);
#1242=VECTOR('',#4918,0.443650961864685);
#1243=VECTOR('',#4929,0.178181168839728);
#1244=VECTOR('',#4942,0.443650961864685);
#1245=VECTOR('',#4953,0.178181168839728);
#1246=VECTOR('',#4966,0.443650961864685);
#1247=VECTOR('',#4977,0.178181168839728);
#1248=VECTOR('',#4990,0.443650961864685);
#1249=VECTOR('',#5001,0.178181168839728);
#1250=VECTOR('',#5014,0.443650961864685);
#1251=VECTOR('',#5025,0.178181168839728);
#1252=VECTOR('',#5038,0.443650961864685);
#1253=VECTOR('',#5049,0.178181168839728);
#1254=VECTOR('',#5062,0.443650961864685);
#1255=VECTOR('',#5073,0.178181168839728);
#1256=VECTOR('',#5086,0.443650961864685);
#1257=VECTOR('',#5097,0.178181168839728);
#1258=VECTOR('',#5110,0.443650961864685);
#1259=VECTOR('',#5121,0.178181168839728);
#1260=VECTOR('',#5134,0.443650961864685);
#1261=VECTOR('',#5145,0.178181168839728);
#1262=VECTOR('',#5158,0.443650961864685);
#1263=VECTOR('',#5169,0.178181168839728);
#1264=VECTOR('',#5182,0.443650961864685);
#1265=VECTOR('',#5193,0.178181168839728);
#1266=VECTOR('',#5206,0.443650961864685);
#1267=VECTOR('',#5217,0.178181168839728);
#1268=VECTOR('',#5230,0.443650961864685);
#1269=VECTOR('',#5241,0.178181168839728);
#1270=VECTOR('',#5248,0.4);
#1271=VECTOR('',#5255,0.300000000000001);
#1272=VECTOR('',#5260,1.);
#1273=VECTOR('',#5261,1.);
#1274=VECTOR('',#5262,1.);
#1275=VECTOR('',#5263,1.);
#1276=VECTOR('',#5266,1.);
#1277=VECTOR('',#5267,1.);
#1278=VECTOR('',#5268,1.);
#1279=VECTOR('',#5271,1.);
#1280=VECTOR('',#5272,1.);
#1281=VECTOR('',#5273,1.);
#1282=VECTOR('',#5276,1.);
#1283=VECTOR('',#5277,1.);
#1284=VECTOR('',#5282,0.55);
#1285=VECTOR('',#5287,1.);
#1286=VECTOR('',#5288,1.);
#1287=VECTOR('',#5289,1.);
#1288=VECTOR('',#5290,1.);
#1289=VECTOR('',#5293,1.);
#1290=VECTOR('',#5294,1.);
#1291=VECTOR('',#5295,1.);
#1292=VECTOR('',#5298,1.);
#1293=VECTOR('',#5299,1.);
#1294=VECTOR('',#5300,1.);
#1295=VECTOR('',#5303,1.);
#1296=VECTOR('',#5304,1.);
#1297=VECTOR('',#5307,1.);
#1298=VECTOR('',#5308,1.);
#1299=VECTOR('',#5309,1.);
#1300=VECTOR('',#5310,1.);
#1301=VECTOR('',#5313,1.);
#1302=VECTOR('',#5314,1.);
#1303=VECTOR('',#5315,1.);
#1304=VECTOR('',#5318,1.);
#1305=VECTOR('',#5319,1.);
#1306=VECTOR('',#5320,1.);
#1307=VECTOR('',#5323,1.);
#1308=VECTOR('',#5324,1.);
#1309=VECTOR('',#5329,0.3);
#1310=VECTOR('',#5334,1.);
#1311=VECTOR('',#5335,1.);
#1312=VECTOR('',#5336,1.);
#1313=VECTOR('',#5339,1.);
#1314=VECTOR('',#5340,1.);
#1315=VECTOR('',#5343,1.);
#1316=VECTOR('',#5344,1.);
#1317=VECTOR('',#5347,1.);
#1318=VECTOR('',#5350,0.15);
#1319=VECTOR('',#5355,0.150000000000001);
#1320=VECTOR('',#5360,0.150000000000001);
#1321=VECTOR('',#5365,0.15);
#1322=VECTOR('',#5370,0.81);
#1323=VECTOR('',#5375,1.);
#1324=VECTOR('',#5376,1.);
#1325=VECTOR('',#5377,1.);
#1326=VECTOR('',#5380,1.);
#1327=VECTOR('',#5381,1.);
#1328=VECTOR('',#5384,1.);
#1329=VECTOR('',#5385,1.);
#1330=VECTOR('',#5388,1.);
#1331=VECTOR('',#5391,0.15);
#1332=VECTOR('',#5396,1.);
#1333=VECTOR('',#5397,1.);
#1334=VECTOR('',#5398,1.);
#1335=VECTOR('',#5401,1.);
#1336=VECTOR('',#5402,1.);
#1337=VECTOR('',#5405,1.);
#1338=VECTOR('',#5406,1.);
#1339=VECTOR('',#5409,1.);
#1340=VECTOR('',#5412,0.150000000000001);
#1341=VECTOR('',#5417,0.4);
#1342=VECTOR('',#5424,0.959999999999999);
#1343=VECTOR('',#5429,1.);
#1344=VECTOR('',#5430,1.);
#1345=VECTOR('',#5431,1.);
#1346=VECTOR('',#5432,1.);
#1347=VECTOR('',#5435,1.);
#1348=VECTOR('',#5436,1.);
#1349=VECTOR('',#5437,1.);
#1350=VECTOR('',#5440,1.);
#1351=VECTOR('',#5441,1.);
#1352=VECTOR('',#5442,1.);
#1353=VECTOR('',#5445,1.);
#1354=VECTOR('',#5446,1.);
#1355=VECTOR('',#5451,0.21);
#1356=VECTOR('',#5458,0.150000000000001);
#1357=VECTOR('',#5465,0.15);
#1358=VECTOR('',#5470,1.);
#1359=VECTOR('',#5471,1.);
#1360=VECTOR('',#5472,1.);
#1361=VECTOR('',#5473,1.);
#1362=VECTOR('',#5476,1.);
#1363=VECTOR('',#5477,1.);
#1364=VECTOR('',#5478,1.);
#1365=VECTOR('',#5481,1.);
#1366=VECTOR('',#5482,1.);
#1367=VECTOR('',#5483,1.);
#1368=VECTOR('',#5486,1.);
#1369=VECTOR('',#5487,1.);
#1370=VECTOR('',#5490,1.);
#1371=VECTOR('',#5491,1.);
#1372=VECTOR('',#5494,1.);
#1373=VECTOR('',#5497,1.);
#1374=VECTOR('',#5502,1.);
#1375=VECTOR('',#5505,1.);
#1376=CIRCLE('',#3783,0.5);
#1377=CIRCLE('',#3784,0.5);
#1378=CIRCLE('',#3786,0.5);
#1379=CIRCLE('',#3787,0.5);
#1380=CIRCLE('',#3788,0.5);
#1381=CIRCLE('',#3789,0.2);
#1382=CIRCLE('',#3790,0.2);
#1383=CIRCLE('',#3791,0.2);
#1384=CIRCLE('',#3792,0.2);
#1385=CIRCLE('',#3793,1.);
#1386=CIRCLE('',#3794,1.);
#1387=CIRCLE('',#3795,1.);
#1388=CIRCLE('',#3796,1.);
#1389=CIRCLE('',#3798,0.3);
#1390=CIRCLE('',#3799,0.3);
#1391=CIRCLE('',#3800,0.3);
#1392=CIRCLE('',#3801,0.3);
#1393=CIRCLE('',#3802,0.3);
#1394=CIRCLE('',#3803,0.3);
#1395=CIRCLE('',#3804,0.3);
#1396=CIRCLE('',#3805,0.3);
#1397=CIRCLE('',#3806,0.3);
#1398=CIRCLE('',#3807,0.3);
#1399=CIRCLE('',#3809,0.5);
#1400=CIRCLE('',#3811,0.5);
#1401=CIRCLE('',#3813,0.15);
#1402=CIRCLE('',#3814,0.150000000000001);
#1403=CIRCLE('',#3815,0.150000000000001);
#1404=CIRCLE('',#3816,0.15);
#1405=CIRCLE('',#3817,0.81);
#1406=CIRCLE('',#3818,0.15);
#1407=CIRCLE('',#3819,0.150000000000001);
#1408=CIRCLE('',#3820,0.4);
#1409=CIRCLE('',#3822,0.5);
#1410=CIRCLE('',#3824,0.2);
#1411=CIRCLE('',#3825,0.2);
#1412=CIRCLE('',#3827,0.2);
#1413=CIRCLE('',#3828,0.2);
#1414=CIRCLE('',#3829,0.2);
#1415=CIRCLE('',#3831,0.2);
#1416=CIRCLE('',#3832,0.2);
#1417=CIRCLE('',#3834,0.2);
#1418=CIRCLE('',#3835,0.2);
#1419=CIRCLE('',#3836,0.2);
#1420=CIRCLE('',#3839,1.);
#1421=CIRCLE('',#3842,1.);
#1422=CIRCLE('',#3844,1.);
#1423=CIRCLE('',#3848,1.);
#1424=CIRCLE('',#3855,0.3);
#1425=CIRCLE('',#3857,0.3);
#1426=CIRCLE('',#3859,0.3);
#1427=CIRCLE('',#3861,0.3);
#1428=CIRCLE('',#3863,0.3);
#1429=CIRCLE('',#3865,0.3);
#1430=CIRCLE('',#3867,0.3);
#1431=CIRCLE('',#3869,0.3);
#1432=CIRCLE('',#3871,0.3);
#1433=CIRCLE('',#3873,0.3);
#1434=CIRCLE('',#3875,0.331550564270547);
#1435=CIRCLE('',#3876,0.1);
#1436=CIRCLE('',#3877,0.431489646972455);
#1437=CIRCLE('',#3878,0.331550564270547);
#1438=CIRCLE('',#3880,0.3);
#1439=CIRCLE('',#3882,0.431489646972455);
#1440=CIRCLE('',#3883,0.431489646972455);
#1441=CIRCLE('',#3884,0.431489646972455);
#1442=CIRCLE('',#3885,0.531489646972455);
#1443=CIRCLE('',#3886,0.531489646972455);
#1444=CIRCLE('',#3887,0.531489646972455);
#1445=CIRCLE('',#3888,0.531489646972455);
#1446=CIRCLE('',#3889,0.531489646972455);
#1447=CIRCLE('',#3890,0.531489646972455);
#1448=CIRCLE('',#3891,0.531489646972455);
#1449=CIRCLE('',#3892,0.531489646972455);
#1450=CIRCLE('',#3893,0.531489646972455);
#1451=CIRCLE('',#3894,0.531489646972455);
#1452=CIRCLE('',#3895,0.531489646972455);
#1453=CIRCLE('',#3896,0.531489646972455);
#1454=CIRCLE('',#3897,0.531489646972455);
#1455=CIRCLE('',#3898,0.531489646972455);
#1456=CIRCLE('',#3899,0.531489646972455);
#1457=CIRCLE('',#3900,0.531489646972455);
#1458=CIRCLE('',#3901,0.531489646972455);
#1459=CIRCLE('',#3902,0.531489646972455);
#1460=CIRCLE('',#3903,0.531489646972455);
#1461=CIRCLE('',#3904,0.531489646972455);
#1462=CIRCLE('',#3905,0.531489646972455);
#1463=CIRCLE('',#3906,0.431489646972455);
#1464=CIRCLE('',#3907,0.431489646972455);
#1465=CIRCLE('',#3909,0.132544935071782);
#1466=CIRCLE('',#3911,0.15);
#1467=CIRCLE('',#3914,0.331550564270545);
#1468=CIRCLE('',#3915,0.1);
#1469=CIRCLE('',#3916,0.331550564270545);
#1470=CIRCLE('',#3918,0.3);
#1471=CIRCLE('',#3920,0.132544935071782);
#1472=CIRCLE('',#3922,0.15);
#1473=CIRCLE('',#3925,0.331550564270547);
#1474=CIRCLE('',#3926,0.1);
#1475=CIRCLE('',#3927,0.331550564270547);
#1476=CIRCLE('',#3929,0.3);
#1477=CIRCLE('',#3931,0.132544935071782);
#1478=CIRCLE('',#3933,0.15);
#1479=CIRCLE('',#3936,0.331550564270547);
#1480=CIRCLE('',#3937,0.1);
#1481=CIRCLE('',#3938,0.331550564270547);
#1482=CIRCLE('',#3940,0.3);
#1483=CIRCLE('',#3942,0.132544935071782);
#1484=CIRCLE('',#3944,0.15);
#1485=CIRCLE('',#3947,0.331550564270547);
#1486=CIRCLE('',#3948,0.1);
#1487=CIRCLE('',#3949,0.331550564270547);
#1488=CIRCLE('',#3951,0.3);
#1489=CIRCLE('',#3953,0.132544935071782);
#1490=CIRCLE('',#3955,0.15);
#1491=CIRCLE('',#3958,0.331550564270547);
#1492=CIRCLE('',#3959,0.1);
#1493=CIRCLE('',#3960,0.331550564270547);
#1494=CIRCLE('',#3962,0.3);
#1495=CIRCLE('',#3964,0.132544935071782);
#1496=CIRCLE('',#3966,0.15);
#1497=CIRCLE('',#3969,0.431550564270546);
#1498=CIRCLE('',#3970,0.1);
#1499=CIRCLE('',#3971,0.431550564270546);
#1500=CIRCLE('',#3973,0.4);
#1501=CIRCLE('',#3975,0.182544935071782);
#1502=CIRCLE('',#3977,0.2);
#1503=CIRCLE('',#3980,0.431550564270545);
#1504=CIRCLE('',#3981,0.1);
#1505=CIRCLE('',#3982,0.431550564270545);
#1506=CIRCLE('',#3984,0.4);
#1507=CIRCLE('',#3986,0.182544935071782);
#1508=CIRCLE('',#3988,0.2);
#1509=CIRCLE('',#3991,0.431550564270545);
#1510=CIRCLE('',#3992,0.1);
#1511=CIRCLE('',#3993,0.431550564270545);
#1512=CIRCLE('',#3995,0.4);
#1513=CIRCLE('',#3997,0.182544935071782);
#1514=CIRCLE('',#3999,0.2);
#1515=CIRCLE('',#4002,0.431550564270546);
#1516=CIRCLE('',#4003,0.1);
#1517=CIRCLE('',#4004,0.431550564270546);
#1518=CIRCLE('',#4006,0.4);
#1519=CIRCLE('',#4008,0.182544935071782);
#1520=CIRCLE('',#4010,0.2);
#1521=CIRCLE('',#4013,0.431550564270546);
#1522=CIRCLE('',#4014,0.1);
#1523=CIRCLE('',#4015,0.431550564270546);
#1524=CIRCLE('',#4017,0.4);
#1525=CIRCLE('',#4019,0.182544935071782);
#1526=CIRCLE('',#4021,0.2);
#1527=CIRCLE('',#4024,0.431550564270545);
#1528=CIRCLE('',#4025,0.1);
#1529=CIRCLE('',#4026,0.431550564270545);
#1530=CIRCLE('',#4028,0.4);
#1531=CIRCLE('',#4030,0.182544935071782);
#1532=CIRCLE('',#4032,0.2);
#1533=CIRCLE('',#4035,0.431550564270545);
#1534=CIRCLE('',#4036,0.1);
#1535=CIRCLE('',#4037,0.431550564270545);
#1536=CIRCLE('',#4039,0.4);
#1537=CIRCLE('',#4041,0.182544935071782);
#1538=CIRCLE('',#4043,0.2);
#1539=CIRCLE('',#4046,0.431550564270545);
#1540=CIRCLE('',#4047,0.1);
#1541=CIRCLE('',#4048,0.431550564270545);
#1542=CIRCLE('',#4050,0.4);
#1543=CIRCLE('',#4052,0.182544935071782);
#1544=CIRCLE('',#4054,0.2);
#1545=CIRCLE('',#4057,0.431550564270545);
#1546=CIRCLE('',#4058,0.1);
#1547=CIRCLE('',#4059,0.431550564270545);
#1548=CIRCLE('',#4061,0.4);
#1549=CIRCLE('',#4063,0.182544935071782);
#1550=CIRCLE('',#4065,0.2);
#1551=CIRCLE('',#4068,0.431550564270545);
#1552=CIRCLE('',#4069,0.1);
#1553=CIRCLE('',#4070,0.431550564270545);
#1554=CIRCLE('',#4072,0.4);
#1555=CIRCLE('',#4074,0.182544935071782);
#1556=CIRCLE('',#4076,0.2);
#1557=CIRCLE('',#4079,0.431550564270546);
#1558=CIRCLE('',#4080,0.1);
#1559=CIRCLE('',#4081,0.431550564270546);
#1560=CIRCLE('',#4083,0.4);
#1561=CIRCLE('',#4085,0.182544935071782);
#1562=CIRCLE('',#4087,0.2);
#1563=CIRCLE('',#4090,0.431550564270545);
#1564=CIRCLE('',#4091,0.1);
#1565=CIRCLE('',#4092,0.431550564270545);
#1566=CIRCLE('',#4094,0.4);
#1567=CIRCLE('',#4096,0.182544935071782);
#1568=CIRCLE('',#4098,0.2);
#1569=CIRCLE('',#4101,0.431550564270546);
#1570=CIRCLE('',#4102,0.1);
#1571=CIRCLE('',#4103,0.431550564270546);
#1572=CIRCLE('',#4105,0.4);
#1573=CIRCLE('',#4107,0.182544935071782);
#1574=CIRCLE('',#4109,0.2);
#1575=CIRCLE('',#4112,0.431550564270545);
#1576=CIRCLE('',#4113,0.1);
#1577=CIRCLE('',#4114,0.431550564270545);
#1578=CIRCLE('',#4116,0.4);
#1579=CIRCLE('',#4118,0.182544935071782);
#1580=CIRCLE('',#4120,0.2);
#1581=CIRCLE('',#4123,0.431550564270545);
#1582=CIRCLE('',#4124,0.1);
#1583=CIRCLE('',#4125,0.431550564270545);
#1584=CIRCLE('',#4127,0.4);
#1585=CIRCLE('',#4129,0.182544935071782);
#1586=CIRCLE('',#4131,0.2);
#1587=CIRCLE('',#4134,0.431550564270546);
#1588=CIRCLE('',#4135,0.1);
#1589=CIRCLE('',#4136,0.431550564270546);
#1590=CIRCLE('',#4138,0.4);
#1591=CIRCLE('',#4140,0.182544935071782);
#1592=CIRCLE('',#4142,0.2);
#1593=CIRCLE('',#4145,0.431550564270546);
#1594=CIRCLE('',#4146,0.1);
#1595=CIRCLE('',#4147,0.431550564270546);
#1596=CIRCLE('',#4149,0.4);
#1597=CIRCLE('',#4151,0.182544935071782);
#1598=CIRCLE('',#4153,0.2);
#1599=CIRCLE('',#4156,0.431550564270546);
#1600=CIRCLE('',#4157,0.1);
#1601=CIRCLE('',#4158,0.431550564270546);
#1602=CIRCLE('',#4160,0.4);
#1603=CIRCLE('',#4162,0.182544935071782);
#1604=CIRCLE('',#4164,0.2);
#1605=CIRCLE('',#4167,0.431550564270546);
#1606=CIRCLE('',#4168,0.1);
#1607=CIRCLE('',#4169,0.431550564270546);
#1608=CIRCLE('',#4171,0.4);
#1609=CIRCLE('',#4173,0.182544935071782);
#1610=CIRCLE('',#4175,0.2);
#1611=CIRCLE('',#4178,0.431550564270546);
#1612=CIRCLE('',#4179,0.1);
#1613=CIRCLE('',#4180,0.431550564270546);
#1614=CIRCLE('',#4182,0.4);
#1615=CIRCLE('',#4184,0.182544935071782);
#1616=CIRCLE('',#4186,0.2);
#1617=CIRCLE('',#4189,0.431550564270546);
#1618=CIRCLE('',#4190,0.1);
#1619=CIRCLE('',#4191,0.431550564270546);
#1620=CIRCLE('',#4193,0.4);
#1621=CIRCLE('',#4195,0.182544935071782);
#1622=CIRCLE('',#4197,0.2);
#1623=CIRCLE('',#4200,0.4);
#1624=CIRCLE('',#4201,0.4);
#1625=CIRCLE('',#4203,0.300000000000001);
#1626=CIRCLE('',#4204,0.300000000000001);
#1627=CIRCLE('',#4210,0.55);
#1628=CIRCLE('',#4211,0.55);
#1629=CIRCLE('',#4221,0.3);
#1630=CIRCLE('',#4222,0.3);
#1631=CIRCLE('',#4228,0.15);
#1632=CIRCLE('',#4230,0.150000000000001);
#1633=CIRCLE('',#4232,0.150000000000001);
#1634=CIRCLE('',#4234,0.15);
#1635=CIRCLE('',#4236,0.81);
#1636=CIRCLE('',#4242,0.15);
#1637=CIRCLE('',#4248,0.150000000000001);
#1638=CIRCLE('',#4250,0.4);
#1639=CIRCLE('',#4252,0.959999999999999);
#1640=CIRCLE('',#4253,0.959999999999999);
#1641=CIRCLE('',#4259,0.21);
#1642=CIRCLE('',#4260,0.21);
#1643=CIRCLE('',#4262,0.150000000000001);
#1644=CIRCLE('',#4263,0.150000000000001);
#1645=CIRCLE('',#4265,0.15);
#1646=CIRCLE('',#4266,0.15);
#1647=VERTEX_POINT('',#5510);
#1648=VERTEX_POINT('',#5511);
#1649=VERTEX_POINT('',#5513);
#1650=VERTEX_POINT('',#5515);
#1651=VERTEX_POINT('',#5519);
#1652=VERTEX_POINT('',#5521);
#1653=VERTEX_POINT('',#5523);
#1654=VERTEX_POINT('',#5525);
#1655=VERTEX_POINT('',#5527);
#1656=VERTEX_POINT('',#5529);
#1657=VERTEX_POINT('',#5532);
#1658=VERTEX_POINT('',#5534);
#1659=VERTEX_POINT('',#5536);
#1660=VERTEX_POINT('',#5538);
#1661=VERTEX_POINT('',#5540);
#1662=VERTEX_POINT('',#5541);
#1663=VERTEX_POINT('',#5543);
#1664=VERTEX_POINT('',#5545);
#1665=VERTEX_POINT('',#5547);
#1666=VERTEX_POINT('',#5549);
#1667=VERTEX_POINT('',#5551);
#1668=VERTEX_POINT('',#5553);
#1669=VERTEX_POINT('',#5557);
#1670=VERTEX_POINT('',#5560);
#1671=VERTEX_POINT('',#5562);
#1672=VERTEX_POINT('',#5564);
#1673=VERTEX_POINT('',#5566);
#1674=VERTEX_POINT('',#5568);
#1675=VERTEX_POINT('',#5570);
#1676=VERTEX_POINT('',#5572);
#1677=VERTEX_POINT('',#5574);
#1678=VERTEX_POINT('',#5576);
#1679=VERTEX_POINT('',#5578);
#1680=VERTEX_POINT('',#5581);
#1681=VERTEX_POINT('',#5585);
#1682=VERTEX_POINT('',#5586);
#1683=VERTEX_POINT('',#5591);
#1684=VERTEX_POINT('',#5594);
#1685=VERTEX_POINT('',#5595);
#1686=VERTEX_POINT('',#5597);
#1687=VERTEX_POINT('',#5599);
#1688=VERTEX_POINT('',#5602);
#1689=VERTEX_POINT('',#5604);
#1690=VERTEX_POINT('',#5606);
#1691=VERTEX_POINT('',#5608);
#1692=VERTEX_POINT('',#5610);
#1693=VERTEX_POINT('',#5612);
#1694=VERTEX_POINT('',#5613);
#1695=VERTEX_POINT('',#5615);
#1696=VERTEX_POINT('',#5617);
#1697=VERTEX_POINT('',#5620);
#1698=VERTEX_POINT('',#5622);
#1699=VERTEX_POINT('',#5623);
#1700=VERTEX_POINT('',#5625);
#1701=VERTEX_POINT('',#5627);
#1702=VERTEX_POINT('',#5630);
#1703=VERTEX_POINT('',#5632);
#1704=VERTEX_POINT('',#5635);
#1705=VERTEX_POINT('',#5639);
#1706=VERTEX_POINT('',#5641);
#1707=VERTEX_POINT('',#5645);
#1708=VERTEX_POINT('',#5647);
#1709=VERTEX_POINT('',#5649);
#1710=VERTEX_POINT('',#5653);
#1711=VERTEX_POINT('',#5655);
#1712=VERTEX_POINT('',#5659);
#1713=VERTEX_POINT('',#5661);
#1714=VERTEX_POINT('',#5663);
#1715=VERTEX_POINT('',#5667);
#1716=VERTEX_POINT('',#5671);
#1717=VERTEX_POINT('',#5673);
#1718=VERTEX_POINT('',#5677);
#1719=VERTEX_POINT('',#5681);
#1720=VERTEX_POINT('',#5683);
#1721=VERTEX_POINT('',#5685);
#1722=VERTEX_POINT('',#5689);
#1723=VERTEX_POINT('',#5691);
#1724=VERTEX_POINT('',#5695);
#1725=VERTEX_POINT('',#5699);
#1726=VERTEX_POINT('',#5703);
#1727=VERTEX_POINT('',#5705);
#1728=VERTEX_POINT('',#5715);
#1729=VERTEX_POINT('',#5716);
#1730=VERTEX_POINT('',#5727);
#1731=VERTEX_POINT('',#5731);
#1732=VERTEX_POINT('',#5735);
#1733=VERTEX_POINT('',#5739);
#1734=VERTEX_POINT('',#5743);
#1735=VERTEX_POINT('',#5747);
#1736=VERTEX_POINT('',#5751);
#1737=VERTEX_POINT('',#5755);
#1738=VERTEX_POINT('',#5759);
#1739=VERTEX_POINT('',#5763);
#1740=VERTEX_POINT('',#5767);
#1741=VERTEX_POINT('',#5768);
#1742=VERTEX_POINT('',#5770);
#1743=VERTEX_POINT('',#5775);
#1744=VERTEX_POINT('',#5779);
#1745=VERTEX_POINT('',#5780);
#1746=VERTEX_POINT('',#5782);
#1747=VERTEX_POINT('',#5784);
#1748=VERTEX_POINT('',#5787);
#1749=VERTEX_POINT('',#5789);
#1750=VERTEX_POINT('',#5791);
#1751=VERTEX_POINT('',#5793);
#1752=VERTEX_POINT('',#5795);
#1753=VERTEX_POINT('',#5797);
#1754=VERTEX_POINT('',#5799);
#1755=VERTEX_POINT('',#5801);
#1756=VERTEX_POINT('',#5803);
#1757=VERTEX_POINT('',#5805);
#1758=VERTEX_POINT('',#5807);
#1759=VERTEX_POINT('',#5809);
#1760=VERTEX_POINT('',#5811);
#1761=VERTEX_POINT('',#5813);
#1762=VERTEX_POINT('',#5815);
#1763=VERTEX_POINT('',#5817);
#1764=VERTEX_POINT('',#5819);
#1765=VERTEX_POINT('',#5821);
#1766=VERTEX_POINT('',#5823);
#1767=VERTEX_POINT('',#5825);
#1768=VERTEX_POINT('',#5827);
#1769=VERTEX_POINT('',#5829);
#1770=VERTEX_POINT('',#5831);
#1771=VERTEX_POINT('',#5833);
#1772=VERTEX_POINT('',#5835);
#1773=VERTEX_POINT('',#5837);
#1774=VERTEX_POINT('',#5840);
#1775=VERTEX_POINT('',#5843);
#1776=VERTEX_POINT('',#5848);
#1777=VERTEX_POINT('',#5849);
#1778=VERTEX_POINT('',#5854);
#1779=VERTEX_POINT('',#5858);
#1780=VERTEX_POINT('',#5861);
#1781=VERTEX_POINT('',#5866);
#1782=VERTEX_POINT('',#5867);
#1783=VERTEX_POINT('',#5872);
#1784=VERTEX_POINT('',#5876);
#1785=VERTEX_POINT('',#5879);
#1786=VERTEX_POINT('',#5884);
#1787=VERTEX_POINT('',#5885);
#1788=VERTEX_POINT('',#5890);
#1789=VERTEX_POINT('',#5894);
#1790=VERTEX_POINT('',#5897);
#1791=VERTEX_POINT('',#5902);
#1792=VERTEX_POINT('',#5903);
#1793=VERTEX_POINT('',#5908);
#1794=VERTEX_POINT('',#5912);
#1795=VERTEX_POINT('',#5915);
#1796=VERTEX_POINT('',#5920);
#1797=VERTEX_POINT('',#5921);
#1798=VERTEX_POINT('',#5926);
#1799=VERTEX_POINT('',#5930);
#1800=VERTEX_POINT('',#5933);
#1801=VERTEX_POINT('',#5938);
#1802=VERTEX_POINT('',#5939);
#1803=VERTEX_POINT('',#5944);
#1804=VERTEX_POINT('',#5948);
#1805=VERTEX_POINT('',#5951);
#1806=VERTEX_POINT('',#5956);
#1807=VERTEX_POINT('',#5957);
#1808=VERTEX_POINT('',#5962);
#1809=VERTEX_POINT('',#5966);
#1810=VERTEX_POINT('',#5969);
#1811=VERTEX_POINT('',#5974);
#1812=VERTEX_POINT('',#5975);
#1813=VERTEX_POINT('',#5980);
#1814=VERTEX_POINT('',#5984);
#1815=VERTEX_POINT('',#5987);
#1816=VERTEX_POINT('',#5992);
#1817=VERTEX_POINT('',#5993);
#1818=VERTEX_POINT('',#5998);
#1819=VERTEX_POINT('',#6002);
#1820=VERTEX_POINT('',#6005);
#1821=VERTEX_POINT('',#6010);
#1822=VERTEX_POINT('',#6011);
#1823=VERTEX_POINT('',#6016);
#1824=VERTEX_POINT('',#6020);
#1825=VERTEX_POINT('',#6023);
#1826=VERTEX_POINT('',#6028);
#1827=VERTEX_POINT('',#6029);
#1828=VERTEX_POINT('',#6034);
#1829=VERTEX_POINT('',#6038);
#1830=VERTEX_POINT('',#6041);
#1831=VERTEX_POINT('',#6046);
#1832=VERTEX_POINT('',#6047);
#1833=VERTEX_POINT('',#6052);
#1834=VERTEX_POINT('',#6056);
#1835=VERTEX_POINT('',#6059);
#1836=VERTEX_POINT('',#6064);
#1837=VERTEX_POINT('',#6065);
#1838=VERTEX_POINT('',#6070);
#1839=VERTEX_POINT('',#6074);
#1840=VERTEX_POINT('',#6077);
#1841=VERTEX_POINT('',#6082);
#1842=VERTEX_POINT('',#6083);
#1843=VERTEX_POINT('',#6088);
#1844=VERTEX_POINT('',#6092);
#1845=VERTEX_POINT('',#6095);
#1846=VERTEX_POINT('',#6100);
#1847=VERTEX_POINT('',#6101);
#1848=VERTEX_POINT('',#6106);
#1849=VERTEX_POINT('',#6110);
#1850=VERTEX_POINT('',#6113);
#1851=VERTEX_POINT('',#6118);
#1852=VERTEX_POINT('',#6119);
#1853=VERTEX_POINT('',#6124);
#1854=VERTEX_POINT('',#6128);
#1855=VERTEX_POINT('',#6131);
#1856=VERTEX_POINT('',#6136);
#1857=VERTEX_POINT('',#6137);
#1858=VERTEX_POINT('',#6142);
#1859=VERTEX_POINT('',#6146);
#1860=VERTEX_POINT('',#6149);
#1861=VERTEX_POINT('',#6154);
#1862=VERTEX_POINT('',#6155);
#1863=VERTEX_POINT('',#6160);
#1864=VERTEX_POINT('',#6164);
#1865=VERTEX_POINT('',#6167);
#1866=VERTEX_POINT('',#6172);
#1867=VERTEX_POINT('',#6173);
#1868=VERTEX_POINT('',#6178);
#1869=VERTEX_POINT('',#6182);
#1870=VERTEX_POINT('',#6185);
#1871=VERTEX_POINT('',#6190);
#1872=VERTEX_POINT('',#6191);
#1873=VERTEX_POINT('',#6196);
#1874=VERTEX_POINT('',#6200);
#1875=VERTEX_POINT('',#6203);
#1876=VERTEX_POINT('',#6208);
#1877=VERTEX_POINT('',#6209);
#1878=VERTEX_POINT('',#6214);
#1879=VERTEX_POINT('',#6218);
#1880=VERTEX_POINT('',#6221);
#1881=VERTEX_POINT('',#6226);
#1882=VERTEX_POINT('',#6227);
#1883=VERTEX_POINT('',#6232);
#1884=VERTEX_POINT('',#6236);
#1885=VERTEX_POINT('',#6239);
#1886=VERTEX_POINT('',#6244);
#1887=VERTEX_POINT('',#6245);
#1888=VERTEX_POINT('',#6250);
#1889=VERTEX_POINT('',#6254);
#1890=VERTEX_POINT('',#6257);
#1891=VERTEX_POINT('',#6262);
#1892=VERTEX_POINT('',#6263);
#1893=VERTEX_POINT('',#6268);
#1894=VERTEX_POINT('',#6272);
#1895=VERTEX_POINT('',#6275);
#1896=VERTEX_POINT('',#6280);
#1897=VERTEX_POINT('',#6281);
#1898=VERTEX_POINT('',#6286);
#1899=VERTEX_POINT('',#6290);
#1900=VERTEX_POINT('',#6293);
#1901=VERTEX_POINT('',#6298);
#1902=VERTEX_POINT('',#6299);
#1903=VERTEX_POINT('',#6304);
#1904=VERTEX_POINT('',#6308);
#1905=VERTEX_POINT('',#6311);
#1906=VERTEX_POINT('',#6316);
#1907=VERTEX_POINT('',#6318);
#1908=VERTEX_POINT('',#6322);
#1909=VERTEX_POINT('',#6324);
#1910=VERTEX_POINT('',#6328);
#1911=VERTEX_POINT('',#6330);
#1912=VERTEX_POINT('',#6332);
#1913=VERTEX_POINT('',#6336);
#1914=VERTEX_POINT('',#6338);
#1915=VERTEX_POINT('',#6342);
#1916=VERTEX_POINT('',#6344);
#1917=VERTEX_POINT('',#6351);
#1918=VERTEX_POINT('',#6353);
#1919=VERTEX_POINT('',#6357);
#1920=VERTEX_POINT('',#6358);
#1921=VERTEX_POINT('',#6360);
#1922=VERTEX_POINT('',#6362);
#1923=VERTEX_POINT('',#6366);
#1924=VERTEX_POINT('',#6368);
#1925=VERTEX_POINT('',#6372);
#1926=VERTEX_POINT('',#6374);
#1927=VERTEX_POINT('',#6381);
#1928=VERTEX_POINT('',#6382);
#1929=VERTEX_POINT('',#6384);
#1930=VERTEX_POINT('',#6386);
#1931=VERTEX_POINT('',#6390);
#1932=VERTEX_POINT('',#6392);
#1933=VERTEX_POINT('',#6396);
#1934=VERTEX_POINT('',#6398);
#1935=VERTEX_POINT('',#6405);
#1936=VERTEX_POINT('',#6407);
#1937=VERTEX_POINT('',#6411);
#1938=VERTEX_POINT('',#6412);
#1939=VERTEX_POINT('',#6417);
#1940=VERTEX_POINT('',#6421);
#1941=VERTEX_POINT('',#6427);
#1942=VERTEX_POINT('',#6431);
#1943=VERTEX_POINT('',#6435);
#1944=VERTEX_POINT('',#6439);
#1945=VERTEX_POINT('',#6443);
#1946=VERTEX_POINT('',#6447);
#1947=VERTEX_POINT('',#6448);
#1948=VERTEX_POINT('',#6453);
#1949=VERTEX_POINT('',#6457);
#1950=VERTEX_POINT('',#6463);
#1951=VERTEX_POINT('',#6467);
#1952=VERTEX_POINT('',#6468);
#1953=VERTEX_POINT('',#6473);
#1954=VERTEX_POINT('',#6477);
#1955=VERTEX_POINT('',#6483);
#1956=VERTEX_POINT('',#6487);
#1957=VERTEX_POINT('',#6491);
#1958=VERTEX_POINT('',#6493);
#1959=VERTEX_POINT('',#6497);
#1960=VERTEX_POINT('',#6498);
#1961=VERTEX_POINT('',#6500);
#1962=VERTEX_POINT('',#6502);
#1963=VERTEX_POINT('',#6506);
#1964=VERTEX_POINT('',#6508);
#1965=VERTEX_POINT('',#6512);
#1966=VERTEX_POINT('',#6514);
#1967=VERTEX_POINT('',#6521);
#1968=VERTEX_POINT('',#6523);
#1969=VERTEX_POINT('',#6527);
#1970=VERTEX_POINT('',#6529);
#1971=VERTEX_POINT('',#6533);
#1972=VERTEX_POINT('',#6535);
#1973=VERTEX_POINT('',#6539);
#1974=VERTEX_POINT('',#6540);
#1975=VERTEX_POINT('',#6542);
#1976=VERTEX_POINT('',#6544);
#1977=VERTEX_POINT('',#6548);
#1978=VERTEX_POINT('',#6550);
#1979=VERTEX_POINT('',#6554);
#1980=VERTEX_POINT('',#6556);
#1981=EDGE_CURVE('',#1647,#1648,#1376,.T.);
#1982=EDGE_CURVE('',#1648,#1649,#904,.T.);
#1983=EDGE_CURVE('',#1649,#1650,#1377,.T.);
#1984=EDGE_CURVE('',#1650,#1647,#905,.T.);
#1985=EDGE_CURVE('',#1649,#1651,#906,.T.);
#1986=EDGE_CURVE('',#1652,#1651,#1378,.T.);
#1987=EDGE_CURVE('',#1652,#1653,#907,.T.);
#1988=EDGE_CURVE('',#1654,#1653,#1379,.T.);
#1989=EDGE_CURVE('',#1654,#1655,#908,.T.);
#1990=EDGE_CURVE('',#1656,#1655,#1380,.T.);
#1991=EDGE_CURVE('',#1656,#1650,#909,.T.);
#1992=EDGE_CURVE('',#1657,#1657,#1381,.T.);
#1993=EDGE_CURVE('',#1658,#1658,#1382,.T.);
#1994=EDGE_CURVE('',#1659,#1659,#1383,.T.);
#1995=EDGE_CURVE('',#1660,#1660,#1384,.T.);
#1996=EDGE_CURVE('',#1661,#1662,#910,.T.);
#1997=EDGE_CURVE('',#1662,#1663,#1385,.T.);
#1998=EDGE_CURVE('',#1663,#1664,#911,.T.);
#1999=EDGE_CURVE('',#1664,#1665,#1386,.T.);
#2000=EDGE_CURVE('',#1665,#1666,#912,.T.);
#2001=EDGE_CURVE('',#1666,#1667,#1387,.T.);
#2002=EDGE_CURVE('',#1667,#1668,#913,.T.);
#2003=EDGE_CURVE('',#1668,#1661,#1388,.T.);
#2004=EDGE_CURVE('',#1669,#1648,#914,.T.);
#2005=EDGE_CURVE('',#1651,#1669,#915,.T.);
#2006=EDGE_CURVE('',#1670,#1670,#1389,.T.);
#2007=EDGE_CURVE('',#1671,#1671,#1390,.T.);
#2008=EDGE_CURVE('',#1672,#1672,#1391,.T.);
#2009=EDGE_CURVE('',#1673,#1673,#1392,.T.);
#2010=EDGE_CURVE('',#1674,#1674,#1393,.T.);
#2011=EDGE_CURVE('',#1675,#1675,#1394,.T.);
#2012=EDGE_CURVE('',#1676,#1676,#1395,.T.);
#2013=EDGE_CURVE('',#1677,#1677,#1396,.T.);
#2014=EDGE_CURVE('',#1678,#1678,#1397,.T.);
#2015=EDGE_CURVE('',#1679,#1679,#1398,.T.);
#2016=EDGE_CURVE('',#1669,#1680,#1399,.T.);
#2017=EDGE_CURVE('',#1680,#1652,#916,.T.);
#2018=EDGE_CURVE('',#1681,#1682,#1400,.T.);
#2019=EDGE_CURVE('',#1682,#1654,#917,.T.);
#2020=EDGE_CURVE('',#1653,#1681,#918,.T.);
#2021=EDGE_CURVE('',#1683,#1682,#919,.T.);
#2022=EDGE_CURVE('',#1655,#1683,#920,.T.);
#2023=EDGE_CURVE('',#1684,#1685,#921,.T.);
#2024=EDGE_CURVE('',#1685,#1686,#922,.T.);
#2025=EDGE_CURVE('',#1686,#1687,#923,.T.);
#2026=EDGE_CURVE('',#1687,#1684,#924,.T.);
#2027=EDGE_CURVE('',#1688,#1688,#1401,.T.);
#2028=EDGE_CURVE('',#1689,#1689,#1402,.T.);
#2029=EDGE_CURVE('',#1690,#1690,#1403,.T.);
#2030=EDGE_CURVE('',#1691,#1691,#1404,.T.);
#2031=EDGE_CURVE('',#1692,#1692,#1405,.T.);
#2032=EDGE_CURVE('',#1693,#1694,#925,.T.);
#2033=EDGE_CURVE('',#1694,#1695,#926,.T.);
#2034=EDGE_CURVE('',#1695,#1696,#927,.T.);
#2035=EDGE_CURVE('',#1696,#1693,#928,.T.);
#2036=EDGE_CURVE('',#1697,#1697,#1406,.T.);
#2037=EDGE_CURVE('',#1698,#1699,#929,.T.);
#2038=EDGE_CURVE('',#1699,#1700,#930,.T.);
#2039=EDGE_CURVE('',#1700,#1701,#931,.T.);
#2040=EDGE_CURVE('',#1701,#1698,#932,.T.);
#2041=EDGE_CURVE('',#1702,#1702,#1407,.T.);
#2042=EDGE_CURVE('',#1703,#1703,#1408,.T.);
#2043=EDGE_CURVE('',#1683,#1704,#1409,.T.);
#2044=EDGE_CURVE('',#1704,#1656,#933,.T.);
#2045=EDGE_CURVE('',#1657,#1705,#934,.T.);
#2046=EDGE_CURVE('',#1706,#1705,#1410,.T.);
#2047=EDGE_CURVE('',#1705,#1706,#1411,.T.);
#2048=EDGE_CURVE('',#1658,#1707,#935,.T.);
#2049=EDGE_CURVE('',#1708,#1707,#1412,.T.);
#2050=EDGE_CURVE('',#1709,#1708,#1413,.T.);
#2051=EDGE_CURVE('',#1707,#1709,#1414,.T.);
#2052=EDGE_CURVE('',#1659,#1710,#936,.T.);
#2053=EDGE_CURVE('',#1711,#1710,#1415,.T.);
#2054=EDGE_CURVE('',#1710,#1711,#1416,.T.);
#2055=EDGE_CURVE('',#1660,#1712,#937,.T.);
#2056=EDGE_CURVE('',#1713,#1712,#1417,.T.);
#2057=EDGE_CURVE('',#1714,#1713,#1418,.T.);
#2058=EDGE_CURVE('',#1712,#1714,#1419,.T.);
#2059=EDGE_CURVE('',#1715,#1706,#938,.T.);
#2060=EDGE_CURVE('',#1705,#1715,#939,.T.);
#2061=EDGE_CURVE('',#1716,#1705,#940,.T.);
#2062=EDGE_CURVE('',#1716,#1717,#1420,.T.);
#2063=EDGE_CURVE('',#1706,#1717,#941,.T.);
#2064=EDGE_CURVE('',#1718,#1708,#942,.T.);
#2065=EDGE_CURVE('',#1709,#1718,#943,.T.);
#2066=EDGE_CURVE('',#1719,#1709,#944,.T.);
#2067=EDGE_CURVE('',#1719,#1720,#1421,.T.);
#2068=EDGE_CURVE('',#1720,#1721,#945,.T.);
#2069=EDGE_CURVE('',#1708,#1721,#946,.T.);
#2070=EDGE_CURVE('',#1722,#1711,#947,.T.);
#2071=EDGE_CURVE('',#1722,#1723,#1422,.T.);
#2072=EDGE_CURVE('',#1710,#1723,#948,.T.);
#2073=EDGE_CURVE('',#1724,#1710,#949,.T.);
#2074=EDGE_CURVE('',#1711,#1724,#950,.T.);
#2075=EDGE_CURVE('',#1725,#1713,#951,.T.);
#2076=EDGE_CURVE('',#1714,#1725,#952,.T.);
#2077=EDGE_CURVE('',#1726,#1714,#953,.T.);
#2078=EDGE_CURVE('',#1726,#1727,#1423,.T.);
#2079=EDGE_CURVE('',#1713,#1727,#954,.T.);
#2080=EDGE_CURVE('',#1727,#1668,#955,.T.);
#2081=EDGE_CURVE('',#1661,#1726,#956,.T.);
#2082=EDGE_CURVE('',#1723,#1666,#957,.T.);
#2083=EDGE_CURVE('',#1667,#1722,#958,.T.);
#2084=EDGE_CURVE('',#1728,#1729,#959,.T.);
#2085=EDGE_CURVE('',#1729,#1721,#960,.T.);
#2086=EDGE_CURVE('',#1728,#1720,#961,.T.);
#2087=EDGE_CURVE('',#1728,#1662,#962,.T.);
#2088=EDGE_CURVE('',#1663,#1719,#963,.T.);
#2089=EDGE_CURVE('',#1717,#1664,#964,.T.);
#2090=EDGE_CURVE('',#1665,#1716,#965,.T.);
#2091=EDGE_CURVE('',#1730,#1730,#1424,.T.);
#2092=EDGE_CURVE('',#1730,#1670,#966,.T.);
#2093=EDGE_CURVE('',#1731,#1731,#1425,.T.);
#2094=EDGE_CURVE('',#1731,#1671,#967,.T.);
#2095=EDGE_CURVE('',#1732,#1732,#1426,.T.);
#2096=EDGE_CURVE('',#1732,#1672,#968,.T.);
#2097=EDGE_CURVE('',#1733,#1733,#1427,.T.);
#2098=EDGE_CURVE('',#1733,#1673,#969,.T.);
#2099=EDGE_CURVE('',#1734,#1734,#1428,.T.);
#2100=EDGE_CURVE('',#1734,#1674,#970,.T.);
#2101=EDGE_CURVE('',#1735,#1735,#1429,.T.);
#2102=EDGE_CURVE('',#1735,#1675,#971,.T.);
#2103=EDGE_CURVE('',#1736,#1736,#1430,.T.);
#2104=EDGE_CURVE('',#1736,#1676,#972,.T.);
#2105=EDGE_CURVE('',#1737,#1737,#1431,.T.);
#2106=EDGE_CURVE('',#1737,#1677,#973,.T.);
#2107=EDGE_CURVE('',#1738,#1738,#1432,.T.);
#2108=EDGE_CURVE('',#1738,#1678,#974,.T.);
#2109=EDGE_CURVE('',#1739,#1739,#1433,.T.);
#2110=EDGE_CURVE('',#1739,#1679,#975,.T.);
#2111=EDGE_CURVE('',#1740,#1741,#1434,.T.);
#2112=EDGE_CURVE('',#1741,#1742,#1435,.T.);
#2113=EDGE_CURVE('',#1742,#1742,#1436,.T.);
#2114=EDGE_CURVE('',#1741,#1740,#1437,.T.);
#2115=EDGE_CURVE('',#1740,#1743,#976,.T.);
#2116=EDGE_CURVE('',#1743,#1743,#1438,.T.);
#2117=EDGE_CURVE('',#1744,#1745,#977,.T.);
#2118=EDGE_CURVE('',#1745,#1746,#978,.T.);
#2119=EDGE_CURVE('',#1746,#1747,#979,.T.);
#2120=EDGE_CURVE('',#1747,#1744,#980,.T.);
#2121=EDGE_CURVE('',#1748,#1748,#1439,.T.);
#2122=EDGE_CURVE('',#1749,#1749,#1440,.T.);
#2123=EDGE_CURVE('',#1750,#1750,#1441,.T.);
#2124=EDGE_CURVE('',#1751,#1751,#1442,.T.);
#2125=EDGE_CURVE('',#1752,#1752,#1443,.T.);
#2126=EDGE_CURVE('',#1753,#1753,#1444,.T.);
#2127=EDGE_CURVE('',#1754,#1754,#1445,.T.);
#2128=EDGE_CURVE('',#1755,#1755,#1446,.T.);
#2129=EDGE_CURVE('',#1756,#1756,#1447,.T.);
#2130=EDGE_CURVE('',#1757,#1757,#1448,.T.);
#2131=EDGE_CURVE('',#1758,#1758,#1449,.T.);
#2132=EDGE_CURVE('',#1759,#1759,#1450,.T.);
#2133=EDGE_CURVE('',#1760,#1760,#1451,.T.);
#2134=EDGE_CURVE('',#1761,#1761,#1452,.T.);
#2135=EDGE_CURVE('',#1762,#1762,#1453,.T.);
#2136=EDGE_CURVE('',#1763,#1763,#1454,.T.);
#2137=EDGE_CURVE('',#1764,#1764,#1455,.T.);
#2138=EDGE_CURVE('',#1765,#1765,#1456,.T.);
#2139=EDGE_CURVE('',#1766,#1766,#1457,.T.);
#2140=EDGE_CURVE('',#1767,#1767,#1458,.T.);
#2141=EDGE_CURVE('',#1768,#1768,#1459,.T.);
#2142=EDGE_CURVE('',#1769,#1769,#1460,.T.);
#2143=EDGE_CURVE('',#1770,#1770,#1461,.T.);
#2144=EDGE_CURVE('',#1771,#1771,#1462,.T.);
#2145=EDGE_CURVE('',#1772,#1772,#1463,.T.);
#2146=EDGE_CURVE('',#1773,#1773,#1464,.T.);
#2147=EDGE_CURVE('',#1774,#1774,#1465,.T.);
#2148=EDGE_CURVE('',#1775,#1775,#1466,.T.);
#2149=EDGE_CURVE('',#1775,#1774,#981,.T.);
#2150=EDGE_CURVE('',#1776,#1777,#1467,.T.);
#2151=EDGE_CURVE('',#1777,#1748,#1468,.T.);
#2152=EDGE_CURVE('',#1777,#1776,#1469,.T.);
#2153=EDGE_CURVE('',#1776,#1778,#982,.T.);
#2154=EDGE_CURVE('',#1778,#1778,#1470,.T.);
#2155=EDGE_CURVE('',#1779,#1779,#1471,.T.);
#2156=EDGE_CURVE('',#1780,#1780,#1472,.T.);
#2157=EDGE_CURVE('',#1780,#1779,#983,.T.);
#2158=EDGE_CURVE('',#1781,#1782,#1473,.T.);
#2159=EDGE_CURVE('',#1782,#1773,#1474,.T.);
#2160=EDGE_CURVE('',#1782,#1781,#1475,.T.);
#2161=EDGE_CURVE('',#1781,#1783,#984,.T.);
#2162=EDGE_CURVE('',#1783,#1783,#1476,.T.);
#2163=EDGE_CURVE('',#1784,#1784,#1477,.T.);
#2164=EDGE_CURVE('',#1785,#1785,#1478,.T.);
#2165=EDGE_CURVE('',#1785,#1784,#985,.T.);
#2166=EDGE_CURVE('',#1786,#1787,#1479,.T.);
#2167=EDGE_CURVE('',#1787,#1749,#1480,.T.);
#2168=EDGE_CURVE('',#1787,#1786,#1481,.T.);
#2169=EDGE_CURVE('',#1786,#1788,#986,.T.);
#2170=EDGE_CURVE('',#1788,#1788,#1482,.T.);
#2171=EDGE_CURVE('',#1789,#1789,#1483,.T.);
#2172=EDGE_CURVE('',#1790,#1790,#1484,.T.);
#2173=EDGE_CURVE('',#1790,#1789,#987,.T.);
#2174=EDGE_CURVE('',#1791,#1792,#1485,.T.);
#2175=EDGE_CURVE('',#1792,#1772,#1486,.T.);
#2176=EDGE_CURVE('',#1792,#1791,#1487,.T.);
#2177=EDGE_CURVE('',#1791,#1793,#988,.T.);
#2178=EDGE_CURVE('',#1793,#1793,#1488,.T.);
#2179=EDGE_CURVE('',#1794,#1794,#1489,.T.);
#2180=EDGE_CURVE('',#1795,#1795,#1490,.T.);
#2181=EDGE_CURVE('',#1795,#1794,#989,.T.);
#2182=EDGE_CURVE('',#1796,#1797,#1491,.T.);
#2183=EDGE_CURVE('',#1797,#1750,#1492,.T.);
#2184=EDGE_CURVE('',#1797,#1796,#1493,.T.);
#2185=EDGE_CURVE('',#1796,#1798,#990,.T.);
#2186=EDGE_CURVE('',#1798,#1798,#1494,.T.);
#2187=EDGE_CURVE('',#1799,#1799,#1495,.T.);
#2188=EDGE_CURVE('',#1800,#1800,#1496,.T.);
#2189=EDGE_CURVE('',#1800,#1799,#991,.T.);
#2190=EDGE_CURVE('',#1801,#1802,#1497,.T.);
#2191=EDGE_CURVE('',#1802,#1771,#1498,.T.);
#2192=EDGE_CURVE('',#1802,#1801,#1499,.T.);
#2193=EDGE_CURVE('',#1801,#1803,#992,.T.);
#2194=EDGE_CURVE('',#1803,#1803,#1500,.T.);
#2195=EDGE_CURVE('',#1804,#1804,#1501,.T.);
#2196=EDGE_CURVE('',#1805,#1805,#1502,.T.);
#2197=EDGE_CURVE('',#1805,#1804,#993,.T.);
#2198=EDGE_CURVE('',#1806,#1807,#1503,.T.);
#2199=EDGE_CURVE('',#1807,#1751,#1504,.T.);
#2200=EDGE_CURVE('',#1807,#1806,#1505,.T.);
#2201=EDGE_CURVE('',#1806,#1808,#994,.T.);
#2202=EDGE_CURVE('',#1808,#1808,#1506,.T.);
#2203=EDGE_CURVE('',#1809,#1809,#1507,.T.);
#2204=EDGE_CURVE('',#1810,#1810,#1508,.T.);
#2205=EDGE_CURVE('',#1810,#1809,#995,.T.);
#2206=EDGE_CURVE('',#1811,#1812,#1509,.T.);
#2207=EDGE_CURVE('',#1812,#1770,#1510,.T.);
#2208=EDGE_CURVE('',#1812,#1811,#1511,.T.);
#2209=EDGE_CURVE('',#1811,#1813,#996,.T.);
#2210=EDGE_CURVE('',#1813,#1813,#1512,.T.);
#2211=EDGE_CURVE('',#1814,#1814,#1513,.T.);
#2212=EDGE_CURVE('',#1815,#1815,#1514,.T.);
#2213=EDGE_CURVE('',#1815,#1814,#997,.T.);
#2214=EDGE_CURVE('',#1816,#1817,#1515,.T.);
#2215=EDGE_CURVE('',#1817,#1752,#1516,.T.);
#2216=EDGE_CURVE('',#1817,#1816,#1517,.T.);
#2217=EDGE_CURVE('',#1816,#1818,#998,.T.);
#2218=EDGE_CURVE('',#1818,#1818,#1518,.T.);
#2219=EDGE_CURVE('',#1819,#1819,#1519,.T.);
#2220=EDGE_CURVE('',#1820,#1820,#1520,.T.);
#2221=EDGE_CURVE('',#1820,#1819,#999,.T.);
#2222=EDGE_CURVE('',#1821,#1822,#1521,.T.);
#2223=EDGE_CURVE('',#1822,#1769,#1522,.T.);
#2224=EDGE_CURVE('',#1822,#1821,#1523,.T.);
#2225=EDGE_CURVE('',#1821,#1823,#1000,.T.);
#2226=EDGE_CURVE('',#1823,#1823,#1524,.T.);
#2227=EDGE_CURVE('',#1824,#1824,#1525,.T.);
#2228=EDGE_CURVE('',#1825,#1825,#1526,.T.);
#2229=EDGE_CURVE('',#1825,#1824,#1001,.T.);
#2230=EDGE_CURVE('',#1826,#1827,#1527,.T.);
#2231=EDGE_CURVE('',#1827,#1753,#1528,.T.);
#2232=EDGE_CURVE('',#1827,#1826,#1529,.T.);
#2233=EDGE_CURVE('',#1826,#1828,#1002,.T.);
#2234=EDGE_CURVE('',#1828,#1828,#1530,.T.);
#2235=EDGE_CURVE('',#1829,#1829,#1531,.T.);
#2236=EDGE_CURVE('',#1830,#1830,#1532,.T.);
#2237=EDGE_CURVE('',#1830,#1829,#1003,.T.);
#2238=EDGE_CURVE('',#1831,#1832,#1533,.T.);
#2239=EDGE_CURVE('',#1832,#1768,#1534,.T.);
#2240=EDGE_CURVE('',#1832,#1831,#1535,.T.);
#2241=EDGE_CURVE('',#1831,#1833,#1004,.T.);
#2242=EDGE_CURVE('',#1833,#1833,#1536,.T.);
#2243=EDGE_CURVE('',#1834,#1834,#1537,.T.);
#2244=EDGE_CURVE('',#1835,#1835,#1538,.T.);
#2245=EDGE_CURVE('',#1835,#1834,#1005,.T.);
#2246=EDGE_CURVE('',#1836,#1837,#1539,.T.);
#2247=EDGE_CURVE('',#1837,#1754,#1540,.T.);
#2248=EDGE_CURVE('',#1837,#1836,#1541,.T.);
#2249=EDGE_CURVE('',#1836,#1838,#1006,.T.);
#2250=EDGE_CURVE('',#1838,#1838,#1542,.T.);
#2251=EDGE_CURVE('',#1839,#1839,#1543,.T.);
#2252=EDGE_CURVE('',#1840,#1840,#1544,.T.);
#2253=EDGE_CURVE('',#1840,#1839,#1007,.T.);
#2254=EDGE_CURVE('',#1841,#1842,#1545,.T.);
#2255=EDGE_CURVE('',#1842,#1767,#1546,.T.);
#2256=EDGE_CURVE('',#1842,#1841,#1547,.T.);
#2257=EDGE_CURVE('',#1841,#1843,#1008,.T.);
#2258=EDGE_CURVE('',#1843,#1843,#1548,.T.);
#2259=EDGE_CURVE('',#1844,#1844,#1549,.T.);
#2260=EDGE_CURVE('',#1845,#1845,#1550,.T.);
#2261=EDGE_CURVE('',#1845,#1844,#1009,.T.);
#2262=EDGE_CURVE('',#1846,#1847,#1551,.T.);
#2263=EDGE_CURVE('',#1847,#1755,#1552,.T.);
#2264=EDGE_CURVE('',#1847,#1846,#1553,.T.);
#2265=EDGE_CURVE('',#1846,#1848,#1010,.T.);
#2266=EDGE_CURVE('',#1848,#1848,#1554,.T.);
#2267=EDGE_CURVE('',#1849,#1849,#1555,.T.);
#2268=EDGE_CURVE('',#1850,#1850,#1556,.T.);
#2269=EDGE_CURVE('',#1850,#1849,#1011,.T.);
#2270=EDGE_CURVE('',#1851,#1852,#1557,.T.);
#2271=EDGE_CURVE('',#1852,#1766,#1558,.T.);
#2272=EDGE_CURVE('',#1852,#1851,#1559,.T.);
#2273=EDGE_CURVE('',#1851,#1853,#1012,.T.);
#2274=EDGE_CURVE('',#1853,#1853,#1560,.T.);
#2275=EDGE_CURVE('',#1854,#1854,#1561,.T.);
#2276=EDGE_CURVE('',#1855,#1855,#1562,.T.);
#2277=EDGE_CURVE('',#1855,#1854,#1013,.T.);
#2278=EDGE_CURVE('',#1856,#1857,#1563,.T.);
#2279=EDGE_CURVE('',#1857,#1756,#1564,.T.);
#2280=EDGE_CURVE('',#1857,#1856,#1565,.T.);
#2281=EDGE_CURVE('',#1856,#1858,#1014,.T.);
#2282=EDGE_CURVE('',#1858,#1858,#1566,.T.);
#2283=EDGE_CURVE('',#1859,#1859,#1567,.T.);
#2284=EDGE_CURVE('',#1860,#1860,#1568,.T.);
#2285=EDGE_CURVE('',#1860,#1859,#1015,.T.);
#2286=EDGE_CURVE('',#1861,#1862,#1569,.T.);
#2287=EDGE_CURVE('',#1862,#1765,#1570,.T.);
#2288=EDGE_CURVE('',#1862,#1861,#1571,.T.);
#2289=EDGE_CURVE('',#1861,#1863,#1016,.T.);
#2290=EDGE_CURVE('',#1863,#1863,#1572,.T.);
#2291=EDGE_CURVE('',#1864,#1864,#1573,.T.);
#2292=EDGE_CURVE('',#1865,#1865,#1574,.T.);
#2293=EDGE_CURVE('',#1865,#1864,#1017,.T.);
#2294=EDGE_CURVE('',#1866,#1867,#1575,.T.);
#2295=EDGE_CURVE('',#1867,#1757,#1576,.T.);
#2296=EDGE_CURVE('',#1867,#1866,#1577,.T.);
#2297=EDGE_CURVE('',#1866,#1868,#1018,.T.);
#2298=EDGE_CURVE('',#1868,#1868,#1578,.T.);
#2299=EDGE_CURVE('',#1869,#1869,#1579,.T.);
#2300=EDGE_CURVE('',#1870,#1870,#1580,.T.);
#2301=EDGE_CURVE('',#1870,#1869,#1019,.T.);
#2302=EDGE_CURVE('',#1871,#1872,#1581,.T.);
#2303=EDGE_CURVE('',#1872,#1764,#1582,.T.);
#2304=EDGE_CURVE('',#1872,#1871,#1583,.T.);
#2305=EDGE_CURVE('',#1871,#1873,#1020,.T.);
#2306=EDGE_CURVE('',#1873,#1873,#1584,.T.);
#2307=EDGE_CURVE('',#1874,#1874,#1585,.T.);
#2308=EDGE_CURVE('',#1875,#1875,#1586,.T.);
#2309=EDGE_CURVE('',#1875,#1874,#1021,.T.);
#2310=EDGE_CURVE('',#1876,#1877,#1587,.T.);
#2311=EDGE_CURVE('',#1877,#1758,#1588,.T.);
#2312=EDGE_CURVE('',#1877,#1876,#1589,.T.);
#2313=EDGE_CURVE('',#1876,#1878,#1022,.T.);
#2314=EDGE_CURVE('',#1878,#1878,#1590,.T.);
#2315=EDGE_CURVE('',#1879,#1879,#1591,.T.);
#2316=EDGE_CURVE('',#1880,#1880,#1592,.T.);
#2317=EDGE_CURVE('',#1880,#1879,#1023,.T.);
#2318=EDGE_CURVE('',#1881,#1882,#1593,.T.);
#2319=EDGE_CURVE('',#1882,#1763,#1594,.T.);
#2320=EDGE_CURVE('',#1882,#1881,#1595,.T.);
#2321=EDGE_CURVE('',#1881,#1883,#1024,.T.);
#2322=EDGE_CURVE('',#1883,#1883,#1596,.T.);
#2323=EDGE_CURVE('',#1884,#1884,#1597,.T.);
#2324=EDGE_CURVE('',#1885,#1885,#1598,.T.);
#2325=EDGE_CURVE('',#1885,#1884,#1025,.T.);
#2326=EDGE_CURVE('',#1886,#1887,#1599,.T.);
#2327=EDGE_CURVE('',#1887,#1759,#1600,.T.);
#2328=EDGE_CURVE('',#1887,#1886,#1601,.T.);
#2329=EDGE_CURVE('',#1886,#1888,#1026,.T.);
#2330=EDGE_CURVE('',#1888,#1888,#1602,.T.);
#2331=EDGE_CURVE('',#1889,#1889,#1603,.T.);
#2332=EDGE_CURVE('',#1890,#1890,#1604,.T.);
#2333=EDGE_CURVE('',#1890,#1889,#1027,.T.);
#2334=EDGE_CURVE('',#1891,#1892,#1605,.T.);
#2335=EDGE_CURVE('',#1892,#1762,#1606,.T.);
#2336=EDGE_CURVE('',#1892,#1891,#1607,.T.);
#2337=EDGE_CURVE('',#1891,#1893,#1028,.T.);
#2338=EDGE_CURVE('',#1893,#1893,#1608,.T.);
#2339=EDGE_CURVE('',#1894,#1894,#1609,.T.);
#2340=EDGE_CURVE('',#1895,#1895,#1610,.T.);
#2341=EDGE_CURVE('',#1895,#1894,#1029,.T.);
#2342=EDGE_CURVE('',#1896,#1897,#1611,.T.);
#2343=EDGE_CURVE('',#1897,#1760,#1612,.T.);
#2344=EDGE_CURVE('',#1897,#1896,#1613,.T.);
#2345=EDGE_CURVE('',#1896,#1898,#1030,.T.);
#2346=EDGE_CURVE('',#1898,#1898,#1614,.T.);
#2347=EDGE_CURVE('',#1899,#1899,#1615,.T.);
#2348=EDGE_CURVE('',#1900,#1900,#1616,.T.);
#2349=EDGE_CURVE('',#1900,#1899,#1031,.T.);
#2350=EDGE_CURVE('',#1901,#1902,#1617,.T.);
#2351=EDGE_CURVE('',#1902,#1761,#1618,.T.);
#2352=EDGE_CURVE('',#1902,#1901,#1619,.T.);
#2353=EDGE_CURVE('',#1901,#1903,#1032,.T.);
#2354=EDGE_CURVE('',#1903,#1903,#1620,.T.);
#2355=EDGE_CURVE('',#1904,#1904,#1621,.T.);
#2356=EDGE_CURVE('',#1905,#1905,#1622,.T.);
#2357=EDGE_CURVE('',#1905,#1904,#1033,.T.);
#2358=EDGE_CURVE('',#1906,#1906,#1623,.T.);
#2359=EDGE_CURVE('',#1906,#1907,#1034,.T.);
#2360=EDGE_CURVE('',#1907,#1907,#1624,.T.);
#2361=EDGE_CURVE('',#1908,#1908,#1625,.T.);
#2362=EDGE_CURVE('',#1908,#1909,#1035,.T.);
#2363=EDGE_CURVE('',#1909,#1909,#1626,.T.);
#2364=EDGE_CURVE('',#1910,#1728,#1036,.T.);
#2365=EDGE_CURVE('',#1911,#1910,#1037,.T.);
#2366=EDGE_CURVE('',#1912,#1911,#1038,.T.);
#2367=EDGE_CURVE('',#1912,#1729,#1039,.T.);
#2368=EDGE_CURVE('',#1913,#1912,#1040,.T.);
#2369=EDGE_CURVE('',#1913,#1914,#1041,.T.);
#2370=EDGE_CURVE('',#1721,#1914,#1042,.T.);
#2371=EDGE_CURVE('',#1914,#1915,#1043,.T.);
#2372=EDGE_CURVE('',#1916,#1913,#1044,.T.);
#2373=EDGE_CURVE('',#1916,#1915,#1045,.T.);
#2374=EDGE_CURVE('',#1915,#1910,#1046,.T.);
#2375=EDGE_CURVE('',#1911,#1916,#1047,.T.);
#2376=EDGE_CURVE('',#1917,#1917,#1627,.T.);
#2377=EDGE_CURVE('',#1917,#1918,#1048,.T.);
#2378=EDGE_CURVE('',#1918,#1918,#1628,.T.);
#2379=EDGE_CURVE('',#1919,#1920,#1049,.T.);
#2380=EDGE_CURVE('',#1921,#1919,#1050,.T.);
#2381=EDGE_CURVE('',#1922,#1921,#1051,.T.);
#2382=EDGE_CURVE('',#1922,#1920,#1052,.T.);
#2383=EDGE_CURVE('',#1920,#1923,#1053,.T.);
#2384=EDGE_CURVE('',#1924,#1922,#1054,.T.);
#2385=EDGE_CURVE('',#1924,#1923,#1055,.T.);
#2386=EDGE_CURVE('',#1923,#1925,#1056,.T.);
#2387=EDGE_CURVE('',#1926,#1924,#1057,.T.);
#2388=EDGE_CURVE('',#1926,#1925,#1058,.T.);
#2389=EDGE_CURVE('',#1925,#1919,#1059,.T.);
#2390=EDGE_CURVE('',#1921,#1926,#1060,.T.);
#2391=EDGE_CURVE('',#1927,#1928,#1061,.T.);
#2392=EDGE_CURVE('',#1929,#1927,#1062,.T.);
#2393=EDGE_CURVE('',#1930,#1929,#1063,.T.);
#2394=EDGE_CURVE('',#1930,#1928,#1064,.T.);
#2395=EDGE_CURVE('',#1928,#1931,#1065,.T.);
#2396=EDGE_CURVE('',#1932,#1930,#1066,.T.);
#2397=EDGE_CURVE('',#1932,#1931,#1067,.T.);
#2398=EDGE_CURVE('',#1931,#1933,#1068,.T.);
#2399=EDGE_CURVE('',#1934,#1932,#1069,.T.);
#2400=EDGE_CURVE('',#1934,#1933,#1070,.T.);
#2401=EDGE_CURVE('',#1933,#1927,#1071,.T.);
#2402=EDGE_CURVE('',#1929,#1934,#1072,.T.);
#2403=EDGE_CURVE('',#1935,#1935,#1629,.T.);
#2404=EDGE_CURVE('',#1935,#1936,#1073,.T.);
#2405=EDGE_CURVE('',#1936,#1936,#1630,.T.);
#2406=EDGE_CURVE('',#1937,#1938,#1074,.T.);
#2407=EDGE_CURVE('',#1687,#1937,#1075,.T.);
#2408=EDGE_CURVE('',#1686,#1938,#1076,.T.);
#2409=EDGE_CURVE('',#1938,#1939,#1077,.T.);
#2410=EDGE_CURVE('',#1685,#1939,#1078,.T.);
#2411=EDGE_CURVE('',#1939,#1940,#1079,.T.);
#2412=EDGE_CURVE('',#1684,#1940,#1080,.T.);
#2413=EDGE_CURVE('',#1940,#1937,#1081,.T.);
#2414=EDGE_CURVE('',#1688,#1941,#1082,.T.);
#2415=EDGE_CURVE('',#1941,#1941,#1631,.T.);
#2416=EDGE_CURVE('',#1689,#1942,#1083,.T.);
#2417=EDGE_CURVE('',#1942,#1942,#1632,.T.);
#2418=EDGE_CURVE('',#1690,#1943,#1084,.T.);
#2419=EDGE_CURVE('',#1943,#1943,#1633,.T.);
#2420=EDGE_CURVE('',#1691,#1944,#1085,.T.);
#2421=EDGE_CURVE('',#1944,#1944,#1634,.T.);
#2422=EDGE_CURVE('',#1692,#1945,#1086,.T.);
#2423=EDGE_CURVE('',#1945,#1945,#1635,.T.);
#2424=EDGE_CURVE('',#1946,#1947,#1087,.T.);
#2425=EDGE_CURVE('',#1696,#1946,#1088,.T.);
#2426=EDGE_CURVE('',#1695,#1947,#1089,.T.);
#2427=EDGE_CURVE('',#1947,#1948,#1090,.T.);
#2428=EDGE_CURVE('',#1694,#1948,#1091,.T.);
#2429=EDGE_CURVE('',#1948,#1949,#1092,.T.);
#2430=EDGE_CURVE('',#1693,#1949,#1093,.T.);
#2431=EDGE_CURVE('',#1949,#1946,#1094,.T.);
#2432=EDGE_CURVE('',#1697,#1950,#1095,.T.);
#2433=EDGE_CURVE('',#1950,#1950,#1636,.T.);
#2434=EDGE_CURVE('',#1951,#1952,#1096,.T.);
#2435=EDGE_CURVE('',#1701,#1951,#1097,.T.);
#2436=EDGE_CURVE('',#1700,#1952,#1098,.T.);
#2437=EDGE_CURVE('',#1952,#1953,#1099,.T.);
#2438=EDGE_CURVE('',#1699,#1953,#1100,.T.);
#2439=EDGE_CURVE('',#1953,#1954,#1101,.T.);
#2440=EDGE_CURVE('',#1698,#1954,#1102,.T.);
#2441=EDGE_CURVE('',#1954,#1951,#1103,.T.);
#2442=EDGE_CURVE('',#1702,#1955,#1104,.T.);
#2443=EDGE_CURVE('',#1955,#1955,#1637,.T.);
#2444=EDGE_CURVE('',#1703,#1956,#1105,.T.);
#2445=EDGE_CURVE('',#1956,#1956,#1638,.T.);
#2446=EDGE_CURVE('',#1957,#1957,#1639,.T.);
#2447=EDGE_CURVE('',#1957,#1958,#1106,.T.);
#2448=EDGE_CURVE('',#1958,#1958,#1640,.T.);
#2449=EDGE_CURVE('',#1959,#1960,#1107,.T.);
#2450=EDGE_CURVE('',#1961,#1959,#1108,.T.);
#2451=EDGE_CURVE('',#1962,#1961,#1109,.T.);
#2452=EDGE_CURVE('',#1962,#1960,#1110,.T.);
#2453=EDGE_CURVE('',#1960,#1963,#1111,.T.);
#2454=EDGE_CURVE('',#1964,#1962,#1112,.T.);
#2455=EDGE_CURVE('',#1964,#1963,#1113,.T.);
#2456=EDGE_CURVE('',#1963,#1965,#1114,.T.);
#2457=EDGE_CURVE('',#1966,#1964,#1115,.T.);
#2458=EDGE_CURVE('',#1966,#1965,#1116,.T.);
#2459=EDGE_CURVE('',#1965,#1959,#1117,.T.);
#2460=EDGE_CURVE('',#1961,#1966,#1118,.T.);
#2461=EDGE_CURVE('',#1967,#1967,#1641,.T.);
#2462=EDGE_CURVE('',#1967,#1968,#1119,.T.);
#2463=EDGE_CURVE('',#1968,#1968,#1642,.T.);
#2464=EDGE_CURVE('',#1969,#1969,#1643,.T.);
#2465=EDGE_CURVE('',#1969,#1970,#1120,.T.);
#2466=EDGE_CURVE('',#1970,#1970,#1644,.T.);
#2467=EDGE_CURVE('',#1971,#1971,#1645,.T.);
#2468=EDGE_CURVE('',#1971,#1972,#1121,.T.);
#2469=EDGE_CURVE('',#1972,#1972,#1646,.T.);
#2470=EDGE_CURVE('',#1973,#1974,#1122,.T.);
#2471=EDGE_CURVE('',#1975,#1973,#1123,.T.);
#2472=EDGE_CURVE('',#1976,#1975,#1124,.T.);
#2473=EDGE_CURVE('',#1976,#1974,#1125,.T.);
#2474=EDGE_CURVE('',#1974,#1977,#1126,.T.);
#2475=EDGE_CURVE('',#1978,#1976,#1127,.T.);
#2476=EDGE_CURVE('',#1978,#1977,#1128,.T.);
#2477=EDGE_CURVE('',#1977,#1979,#1129,.T.);
#2478=EDGE_CURVE('',#1980,#1978,#1130,.T.);
#2479=EDGE_CURVE('',#1980,#1979,#1131,.T.);
#2480=EDGE_CURVE('',#1979,#1973,#1132,.T.);
#2481=EDGE_CURVE('',#1975,#1980,#1133,.T.);
#2482=EDGE_CURVE('',#1745,#1724,#1134,.T.);
#2483=EDGE_CURVE('',#1744,#1725,#1135,.T.);
#2484=EDGE_CURVE('',#1746,#1715,#1136,.T.);
#2485=EDGE_CURVE('',#1747,#1718,#1137,.T.);
#2486=EDGE_CURVE('',#1681,#1680,#1138,.T.);
#2487=EDGE_CURVE('',#1647,#1704,#1139,.T.);
#2488=ORIENTED_EDGE('',*,*,#1981,.T.);
#2489=ORIENTED_EDGE('',*,*,#1982,.T.);
#2490=ORIENTED_EDGE('',*,*,#1983,.T.);
#2491=ORIENTED_EDGE('',*,*,#1984,.T.);
#2492=ORIENTED_EDGE('',*,*,#1983,.F.);
#2493=ORIENTED_EDGE('',*,*,#1985,.T.);
#2494=ORIENTED_EDGE('',*,*,#1986,.F.);
#2495=ORIENTED_EDGE('',*,*,#1987,.T.);
#2496=ORIENTED_EDGE('',*,*,#1988,.F.);
#2497=ORIENTED_EDGE('',*,*,#1989,.T.);
#2498=ORIENTED_EDGE('',*,*,#1990,.F.);
#2499=ORIENTED_EDGE('',*,*,#1991,.T.);
#2500=ORIENTED_EDGE('',*,*,#1992,.T.);
#2501=ORIENTED_EDGE('',*,*,#1993,.T.);
#2502=ORIENTED_EDGE('',*,*,#1994,.T.);
#2503=ORIENTED_EDGE('',*,*,#1995,.T.);
#2504=ORIENTED_EDGE('',*,*,#1996,.T.);
#2505=ORIENTED_EDGE('',*,*,#1997,.T.);
#2506=ORIENTED_EDGE('',*,*,#1998,.T.);
#2507=ORIENTED_EDGE('',*,*,#1999,.T.);
#2508=ORIENTED_EDGE('',*,*,#2000,.T.);
#2509=ORIENTED_EDGE('',*,*,#2001,.T.);
#2510=ORIENTED_EDGE('',*,*,#2002,.T.);
#2511=ORIENTED_EDGE('',*,*,#2003,.T.);
#2512=ORIENTED_EDGE('',*,*,#1982,.F.);
#2513=ORIENTED_EDGE('',*,*,#2004,.F.);
#2514=ORIENTED_EDGE('',*,*,#2005,.F.);
#2515=ORIENTED_EDGE('',*,*,#1985,.F.);
#2516=ORIENTED_EDGE('',*,*,#2006,.T.);
#2517=ORIENTED_EDGE('',*,*,#2007,.T.);
#2518=ORIENTED_EDGE('',*,*,#2008,.T.);
#2519=ORIENTED_EDGE('',*,*,#2009,.T.);
#2520=ORIENTED_EDGE('',*,*,#2010,.T.);
#2521=ORIENTED_EDGE('',*,*,#2011,.T.);
#2522=ORIENTED_EDGE('',*,*,#2012,.T.);
#2523=ORIENTED_EDGE('',*,*,#2013,.T.);
#2524=ORIENTED_EDGE('',*,*,#2014,.T.);
#2525=ORIENTED_EDGE('',*,*,#2015,.T.);
#2526=ORIENTED_EDGE('',*,*,#1986,.T.);
#2527=ORIENTED_EDGE('',*,*,#2005,.T.);
#2528=ORIENTED_EDGE('',*,*,#2016,.T.);
#2529=ORIENTED_EDGE('',*,*,#2017,.T.);
#2530=ORIENTED_EDGE('',*,*,#2018,.T.);
#2531=ORIENTED_EDGE('',*,*,#2019,.T.);
#2532=ORIENTED_EDGE('',*,*,#1988,.T.);
#2533=ORIENTED_EDGE('',*,*,#2020,.T.);
#2534=ORIENTED_EDGE('',*,*,#2019,.F.);
#2535=ORIENTED_EDGE('',*,*,#2021,.F.);
#2536=ORIENTED_EDGE('',*,*,#2022,.F.);
#2537=ORIENTED_EDGE('',*,*,#1989,.F.);
#2538=ORIENTED_EDGE('',*,*,#2023,.T.);
#2539=ORIENTED_EDGE('',*,*,#2024,.T.);
#2540=ORIENTED_EDGE('',*,*,#2025,.T.);
#2541=ORIENTED_EDGE('',*,*,#2026,.T.);
#2542=ORIENTED_EDGE('',*,*,#2027,.T.);
#2543=ORIENTED_EDGE('',*,*,#2028,.T.);
#2544=ORIENTED_EDGE('',*,*,#2029,.T.);
#2545=ORIENTED_EDGE('',*,*,#2030,.T.);
#2546=ORIENTED_EDGE('',*,*,#2031,.T.);
#2547=ORIENTED_EDGE('',*,*,#2032,.T.);
#2548=ORIENTED_EDGE('',*,*,#2033,.T.);
#2549=ORIENTED_EDGE('',*,*,#2034,.T.);
#2550=ORIENTED_EDGE('',*,*,#2035,.T.);
#2551=ORIENTED_EDGE('',*,*,#2036,.T.);
#2552=ORIENTED_EDGE('',*,*,#2037,.T.);
#2553=ORIENTED_EDGE('',*,*,#2038,.T.);
#2554=ORIENTED_EDGE('',*,*,#2039,.T.);
#2555=ORIENTED_EDGE('',*,*,#2040,.T.);
#2556=ORIENTED_EDGE('',*,*,#2041,.T.);
#2557=ORIENTED_EDGE('',*,*,#2042,.T.);
#2558=ORIENTED_EDGE('',*,*,#2043,.T.);
#2559=ORIENTED_EDGE('',*,*,#2044,.T.);
#2560=ORIENTED_EDGE('',*,*,#1990,.T.);
#2561=ORIENTED_EDGE('',*,*,#2022,.T.);
#2562=ORIENTED_EDGE('',*,*,#1992,.F.);
#2563=ORIENTED_EDGE('',*,*,#2045,.T.);
#2564=ORIENTED_EDGE('',*,*,#2046,.F.);
#2565=ORIENTED_EDGE('',*,*,#2047,.F.);
#2566=ORIENTED_EDGE('',*,*,#2045,.F.);
#2567=ORIENTED_EDGE('',*,*,#1993,.F.);
#2568=ORIENTED_EDGE('',*,*,#2048,.T.);
#2569=ORIENTED_EDGE('',*,*,#2049,.F.);
#2570=ORIENTED_EDGE('',*,*,#2050,.F.);
#2571=ORIENTED_EDGE('',*,*,#2051,.F.);
#2572=ORIENTED_EDGE('',*,*,#2048,.F.);
#2573=ORIENTED_EDGE('',*,*,#1994,.F.);
#2574=ORIENTED_EDGE('',*,*,#2052,.T.);
#2575=ORIENTED_EDGE('',*,*,#2053,.F.);
#2576=ORIENTED_EDGE('',*,*,#2054,.F.);
#2577=ORIENTED_EDGE('',*,*,#2052,.F.);
#2578=ORIENTED_EDGE('',*,*,#1995,.F.);
#2579=ORIENTED_EDGE('',*,*,#2055,.T.);
#2580=ORIENTED_EDGE('',*,*,#2056,.F.);
#2581=ORIENTED_EDGE('',*,*,#2057,.F.);
#2582=ORIENTED_EDGE('',*,*,#2058,.F.);
#2583=ORIENTED_EDGE('',*,*,#2055,.F.);
#2584=ORIENTED_EDGE('',*,*,#2047,.T.);
#2585=ORIENTED_EDGE('',*,*,#2059,.F.);
#2586=ORIENTED_EDGE('',*,*,#2060,.F.);
#2587=ORIENTED_EDGE('',*,*,#2046,.T.);
#2588=ORIENTED_EDGE('',*,*,#2061,.F.);
#2589=ORIENTED_EDGE('',*,*,#2062,.T.);
#2590=ORIENTED_EDGE('',*,*,#2063,.F.);
#2591=ORIENTED_EDGE('',*,*,#2050,.T.);
#2592=ORIENTED_EDGE('',*,*,#2064,.F.);
#2593=ORIENTED_EDGE('',*,*,#2065,.F.);
#2594=ORIENTED_EDGE('',*,*,#2049,.T.);
#2595=ORIENTED_EDGE('',*,*,#2051,.T.);
#2596=ORIENTED_EDGE('',*,*,#2066,.F.);
#2597=ORIENTED_EDGE('',*,*,#2067,.T.);
#2598=ORIENTED_EDGE('',*,*,#2068,.T.);
#2599=ORIENTED_EDGE('',*,*,#2069,.F.);
#2600=ORIENTED_EDGE('',*,*,#2054,.T.);
#2601=ORIENTED_EDGE('',*,*,#2070,.F.);
#2602=ORIENTED_EDGE('',*,*,#2071,.T.);
#2603=ORIENTED_EDGE('',*,*,#2072,.F.);
#2604=ORIENTED_EDGE('',*,*,#2053,.T.);
#2605=ORIENTED_EDGE('',*,*,#2073,.F.);
#2606=ORIENTED_EDGE('',*,*,#2074,.F.);
#2607=ORIENTED_EDGE('',*,*,#2057,.T.);
#2608=ORIENTED_EDGE('',*,*,#2075,.F.);
#2609=ORIENTED_EDGE('',*,*,#2076,.F.);
#2610=ORIENTED_EDGE('',*,*,#2056,.T.);
#2611=ORIENTED_EDGE('',*,*,#2058,.T.);
#2612=ORIENTED_EDGE('',*,*,#2077,.F.);
#2613=ORIENTED_EDGE('',*,*,#2078,.T.);
#2614=ORIENTED_EDGE('',*,*,#2079,.F.);
#2615=ORIENTED_EDGE('',*,*,#2003,.F.);
#2616=ORIENTED_EDGE('',*,*,#2080,.F.);
#2617=ORIENTED_EDGE('',*,*,#2078,.F.);
#2618=ORIENTED_EDGE('',*,*,#2081,.F.);
#2619=ORIENTED_EDGE('',*,*,#2001,.F.);
#2620=ORIENTED_EDGE('',*,*,#2082,.F.);
#2621=ORIENTED_EDGE('',*,*,#2071,.F.);
#2622=ORIENTED_EDGE('',*,*,#2083,.F.);
#2623=ORIENTED_EDGE('',*,*,#2084,.T.);
#2624=ORIENTED_EDGE('',*,*,#2085,.T.);
#2625=ORIENTED_EDGE('',*,*,#2068,.F.);
#2626=ORIENTED_EDGE('',*,*,#2086,.F.);
#2627=ORIENTED_EDGE('',*,*,#1997,.F.);
#2628=ORIENTED_EDGE('',*,*,#2087,.F.);
#2629=ORIENTED_EDGE('',*,*,#2086,.T.);
#2630=ORIENTED_EDGE('',*,*,#2067,.F.);
#2631=ORIENTED_EDGE('',*,*,#2088,.F.);
#2632=ORIENTED_EDGE('',*,*,#1999,.F.);
#2633=ORIENTED_EDGE('',*,*,#2089,.F.);
#2634=ORIENTED_EDGE('',*,*,#2062,.F.);
#2635=ORIENTED_EDGE('',*,*,#2090,.F.);
#2636=ORIENTED_EDGE('',*,*,#2091,.F.);
#2637=ORIENTED_EDGE('',*,*,#2092,.T.);
#2638=ORIENTED_EDGE('',*,*,#2006,.F.);
#2639=ORIENTED_EDGE('',*,*,#2092,.F.);
#2640=ORIENTED_EDGE('',*,*,#2093,.F.);
#2641=ORIENTED_EDGE('',*,*,#2094,.T.);
#2642=ORIENTED_EDGE('',*,*,#2007,.F.);
#2643=ORIENTED_EDGE('',*,*,#2094,.F.);
#2644=ORIENTED_EDGE('',*,*,#2095,.F.);
#2645=ORIENTED_EDGE('',*,*,#2096,.T.);
#2646=ORIENTED_EDGE('',*,*,#2008,.F.);
#2647=ORIENTED_EDGE('',*,*,#2096,.F.);
#2648=ORIENTED_EDGE('',*,*,#2097,.F.);
#2649=ORIENTED_EDGE('',*,*,#2098,.T.);
#2650=ORIENTED_EDGE('',*,*,#2009,.F.);
#2651=ORIENTED_EDGE('',*,*,#2098,.F.);
#2652=ORIENTED_EDGE('',*,*,#2099,.F.);
#2653=ORIENTED_EDGE('',*,*,#2100,.T.);
#2654=ORIENTED_EDGE('',*,*,#2010,.F.);
#2655=ORIENTED_EDGE('',*,*,#2100,.F.);
#2656=ORIENTED_EDGE('',*,*,#2101,.F.);
#2657=ORIENTED_EDGE('',*,*,#2102,.T.);
#2658=ORIENTED_EDGE('',*,*,#2011,.F.);
#2659=ORIENTED_EDGE('',*,*,#2102,.F.);
#2660=ORIENTED_EDGE('',*,*,#2103,.F.);
#2661=ORIENTED_EDGE('',*,*,#2104,.T.);
#2662=ORIENTED_EDGE('',*,*,#2012,.F.);
#2663=ORIENTED_EDGE('',*,*,#2104,.F.);
#2664=ORIENTED_EDGE('',*,*,#2105,.F.);
#2665=ORIENTED_EDGE('',*,*,#2106,.T.);
#2666=ORIENTED_EDGE('',*,*,#2013,.F.);
#2667=ORIENTED_EDGE('',*,*,#2106,.F.);
#2668=ORIENTED_EDGE('',*,*,#2107,.F.);
#2669=ORIENTED_EDGE('',*,*,#2108,.T.);
#2670=ORIENTED_EDGE('',*,*,#2014,.F.);
#2671=ORIENTED_EDGE('',*,*,#2108,.F.);
#2672=ORIENTED_EDGE('',*,*,#2109,.F.);
#2673=ORIENTED_EDGE('',*,*,#2110,.T.);
#2674=ORIENTED_EDGE('',*,*,#2015,.F.);
#2675=ORIENTED_EDGE('',*,*,#2110,.F.);
#2676=ORIENTED_EDGE('',*,*,#2111,.T.);
#2677=ORIENTED_EDGE('',*,*,#2112,.T.);
#2678=ORIENTED_EDGE('',*,*,#2113,.T.);
#2679=ORIENTED_EDGE('',*,*,#2112,.F.);
#2680=ORIENTED_EDGE('',*,*,#2114,.T.);
#2681=ORIENTED_EDGE('',*,*,#2111,.F.);
#2682=ORIENTED_EDGE('',*,*,#2115,.T.);
#2683=ORIENTED_EDGE('',*,*,#2116,.T.);
#2684=ORIENTED_EDGE('',*,*,#2115,.F.);
#2685=ORIENTED_EDGE('',*,*,#2114,.F.);
#2686=ORIENTED_EDGE('',*,*,#2117,.T.);
#2687=ORIENTED_EDGE('',*,*,#2118,.T.);
#2688=ORIENTED_EDGE('',*,*,#2119,.T.);
#2689=ORIENTED_EDGE('',*,*,#2120,.T.);
#2690=ORIENTED_EDGE('',*,*,#2121,.F.);
#2691=ORIENTED_EDGE('',*,*,#2122,.F.);
#2692=ORIENTED_EDGE('',*,*,#2123,.F.);
#2693=ORIENTED_EDGE('',*,*,#2124,.F.);
#2694=ORIENTED_EDGE('',*,*,#2125,.F.);
#2695=ORIENTED_EDGE('',*,*,#2126,.F.);
#2696=ORIENTED_EDGE('',*,*,#2127,.F.);
#2697=ORIENTED_EDGE('',*,*,#2128,.F.);
#2698=ORIENTED_EDGE('',*,*,#2129,.F.);
#2699=ORIENTED_EDGE('',*,*,#2130,.F.);
#2700=ORIENTED_EDGE('',*,*,#2131,.F.);
#2701=ORIENTED_EDGE('',*,*,#2132,.F.);
#2702=ORIENTED_EDGE('',*,*,#2133,.F.);
#2703=ORIENTED_EDGE('',*,*,#2134,.F.);
#2704=ORIENTED_EDGE('',*,*,#2135,.F.);
#2705=ORIENTED_EDGE('',*,*,#2136,.F.);
#2706=ORIENTED_EDGE('',*,*,#2137,.F.);
#2707=ORIENTED_EDGE('',*,*,#2138,.F.);
#2708=ORIENTED_EDGE('',*,*,#2139,.F.);
#2709=ORIENTED_EDGE('',*,*,#2140,.F.);
#2710=ORIENTED_EDGE('',*,*,#2141,.F.);
#2711=ORIENTED_EDGE('',*,*,#2142,.F.);
#2712=ORIENTED_EDGE('',*,*,#2143,.F.);
#2713=ORIENTED_EDGE('',*,*,#2144,.F.);
#2714=ORIENTED_EDGE('',*,*,#2145,.F.);
#2715=ORIENTED_EDGE('',*,*,#2146,.F.);
#2716=ORIENTED_EDGE('',*,*,#2113,.F.);
#2717=ORIENTED_EDGE('',*,*,#2147,.T.);
#2718=ORIENTED_EDGE('',*,*,#2148,.F.);
#2719=ORIENTED_EDGE('',*,*,#2149,.T.);
#2720=ORIENTED_EDGE('',*,*,#2147,.F.);
#2721=ORIENTED_EDGE('',*,*,#2149,.F.);
#2722=ORIENTED_EDGE('',*,*,#2116,.F.);
#2723=ORIENTED_EDGE('',*,*,#2148,.T.);
#2724=ORIENTED_EDGE('',*,*,#2150,.T.);
#2725=ORIENTED_EDGE('',*,*,#2151,.T.);
#2726=ORIENTED_EDGE('',*,*,#2121,.T.);
#2727=ORIENTED_EDGE('',*,*,#2151,.F.);
#2728=ORIENTED_EDGE('',*,*,#2152,.T.);
#2729=ORIENTED_EDGE('',*,*,#2150,.F.);
#2730=ORIENTED_EDGE('',*,*,#2153,.T.);
#2731=ORIENTED_EDGE('',*,*,#2154,.T.);
#2732=ORIENTED_EDGE('',*,*,#2153,.F.);
#2733=ORIENTED_EDGE('',*,*,#2152,.F.);
#2734=ORIENTED_EDGE('',*,*,#2155,.T.);
#2735=ORIENTED_EDGE('',*,*,#2156,.F.);
#2736=ORIENTED_EDGE('',*,*,#2157,.T.);
#2737=ORIENTED_EDGE('',*,*,#2155,.F.);
#2738=ORIENTED_EDGE('',*,*,#2157,.F.);
#2739=ORIENTED_EDGE('',*,*,#2154,.F.);
#2740=ORIENTED_EDGE('',*,*,#2156,.T.);
#2741=ORIENTED_EDGE('',*,*,#2158,.T.);
#2742=ORIENTED_EDGE('',*,*,#2159,.T.);
#2743=ORIENTED_EDGE('',*,*,#2146,.T.);
#2744=ORIENTED_EDGE('',*,*,#2159,.F.);
#2745=ORIENTED_EDGE('',*,*,#2160,.T.);
#2746=ORIENTED_EDGE('',*,*,#2158,.F.);
#2747=ORIENTED_EDGE('',*,*,#2161,.T.);
#2748=ORIENTED_EDGE('',*,*,#2162,.T.);
#2749=ORIENTED_EDGE('',*,*,#2161,.F.);
#2750=ORIENTED_EDGE('',*,*,#2160,.F.);
#2751=ORIENTED_EDGE('',*,*,#2163,.T.);
#2752=ORIENTED_EDGE('',*,*,#2164,.F.);
#2753=ORIENTED_EDGE('',*,*,#2165,.T.);
#2754=ORIENTED_EDGE('',*,*,#2163,.F.);
#2755=ORIENTED_EDGE('',*,*,#2165,.F.);
#2756=ORIENTED_EDGE('',*,*,#2162,.F.);
#2757=ORIENTED_EDGE('',*,*,#2164,.T.);
#2758=ORIENTED_EDGE('',*,*,#2166,.T.);
#2759=ORIENTED_EDGE('',*,*,#2167,.T.);
#2760=ORIENTED_EDGE('',*,*,#2122,.T.);
#2761=ORIENTED_EDGE('',*,*,#2167,.F.);
#2762=ORIENTED_EDGE('',*,*,#2168,.T.);
#2763=ORIENTED_EDGE('',*,*,#2166,.F.);
#2764=ORIENTED_EDGE('',*,*,#2169,.T.);
#2765=ORIENTED_EDGE('',*,*,#2170,.T.);
#2766=ORIENTED_EDGE('',*,*,#2169,.F.);
#2767=ORIENTED_EDGE('',*,*,#2168,.F.);
#2768=ORIENTED_EDGE('',*,*,#2171,.T.);
#2769=ORIENTED_EDGE('',*,*,#2172,.F.);
#2770=ORIENTED_EDGE('',*,*,#2173,.T.);
#2771=ORIENTED_EDGE('',*,*,#2171,.F.);
#2772=ORIENTED_EDGE('',*,*,#2173,.F.);
#2773=ORIENTED_EDGE('',*,*,#2170,.F.);
#2774=ORIENTED_EDGE('',*,*,#2172,.T.);
#2775=ORIENTED_EDGE('',*,*,#2174,.T.);
#2776=ORIENTED_EDGE('',*,*,#2175,.T.);
#2777=ORIENTED_EDGE('',*,*,#2145,.T.);
#2778=ORIENTED_EDGE('',*,*,#2175,.F.);
#2779=ORIENTED_EDGE('',*,*,#2176,.T.);
#2780=ORIENTED_EDGE('',*,*,#2174,.F.);
#2781=ORIENTED_EDGE('',*,*,#2177,.T.);
#2782=ORIENTED_EDGE('',*,*,#2178,.T.);
#2783=ORIENTED_EDGE('',*,*,#2177,.F.);
#2784=ORIENTED_EDGE('',*,*,#2176,.F.);
#2785=ORIENTED_EDGE('',*,*,#2179,.T.);
#2786=ORIENTED_EDGE('',*,*,#2180,.F.);
#2787=ORIENTED_EDGE('',*,*,#2181,.T.);
#2788=ORIENTED_EDGE('',*,*,#2179,.F.);
#2789=ORIENTED_EDGE('',*,*,#2181,.F.);
#2790=ORIENTED_EDGE('',*,*,#2178,.F.);
#2791=ORIENTED_EDGE('',*,*,#2180,.T.);
#2792=ORIENTED_EDGE('',*,*,#2182,.T.);
#2793=ORIENTED_EDGE('',*,*,#2183,.T.);
#2794=ORIENTED_EDGE('',*,*,#2123,.T.);
#2795=ORIENTED_EDGE('',*,*,#2183,.F.);
#2796=ORIENTED_EDGE('',*,*,#2184,.T.);
#2797=ORIENTED_EDGE('',*,*,#2182,.F.);
#2798=ORIENTED_EDGE('',*,*,#2185,.T.);
#2799=ORIENTED_EDGE('',*,*,#2186,.T.);
#2800=ORIENTED_EDGE('',*,*,#2185,.F.);
#2801=ORIENTED_EDGE('',*,*,#2184,.F.);
#2802=ORIENTED_EDGE('',*,*,#2187,.T.);
#2803=ORIENTED_EDGE('',*,*,#2188,.F.);
#2804=ORIENTED_EDGE('',*,*,#2189,.T.);
#2805=ORIENTED_EDGE('',*,*,#2187,.F.);
#2806=ORIENTED_EDGE('',*,*,#2189,.F.);
#2807=ORIENTED_EDGE('',*,*,#2186,.F.);
#2808=ORIENTED_EDGE('',*,*,#2188,.T.);
#2809=ORIENTED_EDGE('',*,*,#2190,.T.);
#2810=ORIENTED_EDGE('',*,*,#2191,.T.);
#2811=ORIENTED_EDGE('',*,*,#2144,.T.);
#2812=ORIENTED_EDGE('',*,*,#2191,.F.);
#2813=ORIENTED_EDGE('',*,*,#2192,.T.);
#2814=ORIENTED_EDGE('',*,*,#2190,.F.);
#2815=ORIENTED_EDGE('',*,*,#2193,.T.);
#2816=ORIENTED_EDGE('',*,*,#2194,.T.);
#2817=ORIENTED_EDGE('',*,*,#2193,.F.);
#2818=ORIENTED_EDGE('',*,*,#2192,.F.);
#2819=ORIENTED_EDGE('',*,*,#2195,.T.);
#2820=ORIENTED_EDGE('',*,*,#2196,.F.);
#2821=ORIENTED_EDGE('',*,*,#2197,.T.);
#2822=ORIENTED_EDGE('',*,*,#2195,.F.);
#2823=ORIENTED_EDGE('',*,*,#2197,.F.);
#2824=ORIENTED_EDGE('',*,*,#2194,.F.);
#2825=ORIENTED_EDGE('',*,*,#2196,.T.);
#2826=ORIENTED_EDGE('',*,*,#2198,.T.);
#2827=ORIENTED_EDGE('',*,*,#2199,.T.);
#2828=ORIENTED_EDGE('',*,*,#2124,.T.);
#2829=ORIENTED_EDGE('',*,*,#2199,.F.);
#2830=ORIENTED_EDGE('',*,*,#2200,.T.);
#2831=ORIENTED_EDGE('',*,*,#2198,.F.);
#2832=ORIENTED_EDGE('',*,*,#2201,.T.);
#2833=ORIENTED_EDGE('',*,*,#2202,.T.);
#2834=ORIENTED_EDGE('',*,*,#2201,.F.);
#2835=ORIENTED_EDGE('',*,*,#2200,.F.);
#2836=ORIENTED_EDGE('',*,*,#2203,.T.);
#2837=ORIENTED_EDGE('',*,*,#2204,.F.);
#2838=ORIENTED_EDGE('',*,*,#2205,.T.);
#2839=ORIENTED_EDGE('',*,*,#2203,.F.);
#2840=ORIENTED_EDGE('',*,*,#2205,.F.);
#2841=ORIENTED_EDGE('',*,*,#2202,.F.);
#2842=ORIENTED_EDGE('',*,*,#2204,.T.);
#2843=ORIENTED_EDGE('',*,*,#2206,.T.);
#2844=ORIENTED_EDGE('',*,*,#2207,.T.);
#2845=ORIENTED_EDGE('',*,*,#2143,.T.);
#2846=ORIENTED_EDGE('',*,*,#2207,.F.);
#2847=ORIENTED_EDGE('',*,*,#2208,.T.);
#2848=ORIENTED_EDGE('',*,*,#2206,.F.);
#2849=ORIENTED_EDGE('',*,*,#2209,.T.);
#2850=ORIENTED_EDGE('',*,*,#2210,.T.);
#2851=ORIENTED_EDGE('',*,*,#2209,.F.);
#2852=ORIENTED_EDGE('',*,*,#2208,.F.);
#2853=ORIENTED_EDGE('',*,*,#2211,.T.);
#2854=ORIENTED_EDGE('',*,*,#2212,.F.);
#2855=ORIENTED_EDGE('',*,*,#2213,.T.);
#2856=ORIENTED_EDGE('',*,*,#2211,.F.);
#2857=ORIENTED_EDGE('',*,*,#2213,.F.);
#2858=ORIENTED_EDGE('',*,*,#2210,.F.);
#2859=ORIENTED_EDGE('',*,*,#2212,.T.);
#2860=ORIENTED_EDGE('',*,*,#2214,.T.);
#2861=ORIENTED_EDGE('',*,*,#2215,.T.);
#2862=ORIENTED_EDGE('',*,*,#2125,.T.);
#2863=ORIENTED_EDGE('',*,*,#2215,.F.);
#2864=ORIENTED_EDGE('',*,*,#2216,.T.);
#2865=ORIENTED_EDGE('',*,*,#2214,.F.);
#2866=ORIENTED_EDGE('',*,*,#2217,.T.);
#2867=ORIENTED_EDGE('',*,*,#2218,.T.);
#2868=ORIENTED_EDGE('',*,*,#2217,.F.);
#2869=ORIENTED_EDGE('',*,*,#2216,.F.);
#2870=ORIENTED_EDGE('',*,*,#2219,.T.);
#2871=ORIENTED_EDGE('',*,*,#2220,.F.);
#2872=ORIENTED_EDGE('',*,*,#2221,.T.);
#2873=ORIENTED_EDGE('',*,*,#2219,.F.);
#2874=ORIENTED_EDGE('',*,*,#2221,.F.);
#2875=ORIENTED_EDGE('',*,*,#2218,.F.);
#2876=ORIENTED_EDGE('',*,*,#2220,.T.);
#2877=ORIENTED_EDGE('',*,*,#2222,.T.);
#2878=ORIENTED_EDGE('',*,*,#2223,.T.);
#2879=ORIENTED_EDGE('',*,*,#2142,.T.);
#2880=ORIENTED_EDGE('',*,*,#2223,.F.);
#2881=ORIENTED_EDGE('',*,*,#2224,.T.);
#2882=ORIENTED_EDGE('',*,*,#2222,.F.);
#2883=ORIENTED_EDGE('',*,*,#2225,.T.);
#2884=ORIENTED_EDGE('',*,*,#2226,.T.);
#2885=ORIENTED_EDGE('',*,*,#2225,.F.);
#2886=ORIENTED_EDGE('',*,*,#2224,.F.);
#2887=ORIENTED_EDGE('',*,*,#2227,.T.);
#2888=ORIENTED_EDGE('',*,*,#2228,.F.);
#2889=ORIENTED_EDGE('',*,*,#2229,.T.);
#2890=ORIENTED_EDGE('',*,*,#2227,.F.);
#2891=ORIENTED_EDGE('',*,*,#2229,.F.);
#2892=ORIENTED_EDGE('',*,*,#2226,.F.);
#2893=ORIENTED_EDGE('',*,*,#2228,.T.);
#2894=ORIENTED_EDGE('',*,*,#2230,.T.);
#2895=ORIENTED_EDGE('',*,*,#2231,.T.);
#2896=ORIENTED_EDGE('',*,*,#2126,.T.);
#2897=ORIENTED_EDGE('',*,*,#2231,.F.);
#2898=ORIENTED_EDGE('',*,*,#2232,.T.);
#2899=ORIENTED_EDGE('',*,*,#2230,.F.);
#2900=ORIENTED_EDGE('',*,*,#2233,.T.);
#2901=ORIENTED_EDGE('',*,*,#2234,.T.);
#2902=ORIENTED_EDGE('',*,*,#2233,.F.);
#2903=ORIENTED_EDGE('',*,*,#2232,.F.);
#2904=ORIENTED_EDGE('',*,*,#2235,.T.);
#2905=ORIENTED_EDGE('',*,*,#2236,.F.);
#2906=ORIENTED_EDGE('',*,*,#2237,.T.);
#2907=ORIENTED_EDGE('',*,*,#2235,.F.);
#2908=ORIENTED_EDGE('',*,*,#2237,.F.);
#2909=ORIENTED_EDGE('',*,*,#2234,.F.);
#2910=ORIENTED_EDGE('',*,*,#2236,.T.);
#2911=ORIENTED_EDGE('',*,*,#2238,.T.);
#2912=ORIENTED_EDGE('',*,*,#2239,.T.);
#2913=ORIENTED_EDGE('',*,*,#2141,.T.);
#2914=ORIENTED_EDGE('',*,*,#2239,.F.);
#2915=ORIENTED_EDGE('',*,*,#2240,.T.);
#2916=ORIENTED_EDGE('',*,*,#2238,.F.);
#2917=ORIENTED_EDGE('',*,*,#2241,.T.);
#2918=ORIENTED_EDGE('',*,*,#2242,.T.);
#2919=ORIENTED_EDGE('',*,*,#2241,.F.);
#2920=ORIENTED_EDGE('',*,*,#2240,.F.);
#2921=ORIENTED_EDGE('',*,*,#2243,.T.);
#2922=ORIENTED_EDGE('',*,*,#2244,.F.);
#2923=ORIENTED_EDGE('',*,*,#2245,.T.);
#2924=ORIENTED_EDGE('',*,*,#2243,.F.);
#2925=ORIENTED_EDGE('',*,*,#2245,.F.);
#2926=ORIENTED_EDGE('',*,*,#2242,.F.);
#2927=ORIENTED_EDGE('',*,*,#2244,.T.);
#2928=ORIENTED_EDGE('',*,*,#2246,.T.);
#2929=ORIENTED_EDGE('',*,*,#2247,.T.);
#2930=ORIENTED_EDGE('',*,*,#2127,.T.);
#2931=ORIENTED_EDGE('',*,*,#2247,.F.);
#2932=ORIENTED_EDGE('',*,*,#2248,.T.);
#2933=ORIENTED_EDGE('',*,*,#2246,.F.);
#2934=ORIENTED_EDGE('',*,*,#2249,.T.);
#2935=ORIENTED_EDGE('',*,*,#2250,.T.);
#2936=ORIENTED_EDGE('',*,*,#2249,.F.);
#2937=ORIENTED_EDGE('',*,*,#2248,.F.);
#2938=ORIENTED_EDGE('',*,*,#2251,.T.);
#2939=ORIENTED_EDGE('',*,*,#2252,.F.);
#2940=ORIENTED_EDGE('',*,*,#2253,.T.);
#2941=ORIENTED_EDGE('',*,*,#2251,.F.);
#2942=ORIENTED_EDGE('',*,*,#2253,.F.);
#2943=ORIENTED_EDGE('',*,*,#2250,.F.);
#2944=ORIENTED_EDGE('',*,*,#2252,.T.);
#2945=ORIENTED_EDGE('',*,*,#2254,.T.);
#2946=ORIENTED_EDGE('',*,*,#2255,.T.);
#2947=ORIENTED_EDGE('',*,*,#2140,.T.);
#2948=ORIENTED_EDGE('',*,*,#2255,.F.);
#2949=ORIENTED_EDGE('',*,*,#2256,.T.);
#2950=ORIENTED_EDGE('',*,*,#2254,.F.);
#2951=ORIENTED_EDGE('',*,*,#2257,.T.);
#2952=ORIENTED_EDGE('',*,*,#2258,.T.);
#2953=ORIENTED_EDGE('',*,*,#2257,.F.);
#2954=ORIENTED_EDGE('',*,*,#2256,.F.);
#2955=ORIENTED_EDGE('',*,*,#2259,.T.);
#2956=ORIENTED_EDGE('',*,*,#2260,.F.);
#2957=ORIENTED_EDGE('',*,*,#2261,.T.);
#2958=ORIENTED_EDGE('',*,*,#2259,.F.);
#2959=ORIENTED_EDGE('',*,*,#2261,.F.);
#2960=ORIENTED_EDGE('',*,*,#2258,.F.);
#2961=ORIENTED_EDGE('',*,*,#2260,.T.);
#2962=ORIENTED_EDGE('',*,*,#2262,.T.);
#2963=ORIENTED_EDGE('',*,*,#2263,.T.);
#2964=ORIENTED_EDGE('',*,*,#2128,.T.);
#2965=ORIENTED_EDGE('',*,*,#2263,.F.);
#2966=ORIENTED_EDGE('',*,*,#2264,.T.);
#2967=ORIENTED_EDGE('',*,*,#2262,.F.);
#2968=ORIENTED_EDGE('',*,*,#2265,.T.);
#2969=ORIENTED_EDGE('',*,*,#2266,.T.);
#2970=ORIENTED_EDGE('',*,*,#2265,.F.);
#2971=ORIENTED_EDGE('',*,*,#2264,.F.);
#2972=ORIENTED_EDGE('',*,*,#2267,.T.);
#2973=ORIENTED_EDGE('',*,*,#2268,.F.);
#2974=ORIENTED_EDGE('',*,*,#2269,.T.);
#2975=ORIENTED_EDGE('',*,*,#2267,.F.);
#2976=ORIENTED_EDGE('',*,*,#2269,.F.);
#2977=ORIENTED_EDGE('',*,*,#2266,.F.);
#2978=ORIENTED_EDGE('',*,*,#2268,.T.);
#2979=ORIENTED_EDGE('',*,*,#2270,.T.);
#2980=ORIENTED_EDGE('',*,*,#2271,.T.);
#2981=ORIENTED_EDGE('',*,*,#2139,.T.);
#2982=ORIENTED_EDGE('',*,*,#2271,.F.);
#2983=ORIENTED_EDGE('',*,*,#2272,.T.);
#2984=ORIENTED_EDGE('',*,*,#2270,.F.);
#2985=ORIENTED_EDGE('',*,*,#2273,.T.);
#2986=ORIENTED_EDGE('',*,*,#2274,.T.);
#2987=ORIENTED_EDGE('',*,*,#2273,.F.);
#2988=ORIENTED_EDGE('',*,*,#2272,.F.);
#2989=ORIENTED_EDGE('',*,*,#2275,.T.);
#2990=ORIENTED_EDGE('',*,*,#2276,.F.);
#2991=ORIENTED_EDGE('',*,*,#2277,.T.);
#2992=ORIENTED_EDGE('',*,*,#2275,.F.);
#2993=ORIENTED_EDGE('',*,*,#2277,.F.);
#2994=ORIENTED_EDGE('',*,*,#2274,.F.);
#2995=ORIENTED_EDGE('',*,*,#2276,.T.);
#2996=ORIENTED_EDGE('',*,*,#2278,.T.);
#2997=ORIENTED_EDGE('',*,*,#2279,.T.);
#2998=ORIENTED_EDGE('',*,*,#2129,.T.);
#2999=ORIENTED_EDGE('',*,*,#2279,.F.);
#3000=ORIENTED_EDGE('',*,*,#2280,.T.);
#3001=ORIENTED_EDGE('',*,*,#2278,.F.);
#3002=ORIENTED_EDGE('',*,*,#2281,.T.);
#3003=ORIENTED_EDGE('',*,*,#2282,.T.);
#3004=ORIENTED_EDGE('',*,*,#2281,.F.);
#3005=ORIENTED_EDGE('',*,*,#2280,.F.);
#3006=ORIENTED_EDGE('',*,*,#2283,.T.);
#3007=ORIENTED_EDGE('',*,*,#2284,.F.);
#3008=ORIENTED_EDGE('',*,*,#2285,.T.);
#3009=ORIENTED_EDGE('',*,*,#2283,.F.);
#3010=ORIENTED_EDGE('',*,*,#2285,.F.);
#3011=ORIENTED_EDGE('',*,*,#2282,.F.);
#3012=ORIENTED_EDGE('',*,*,#2284,.T.);
#3013=ORIENTED_EDGE('',*,*,#2286,.T.);
#3014=ORIENTED_EDGE('',*,*,#2287,.T.);
#3015=ORIENTED_EDGE('',*,*,#2138,.T.);
#3016=ORIENTED_EDGE('',*,*,#2287,.F.);
#3017=ORIENTED_EDGE('',*,*,#2288,.T.);
#3018=ORIENTED_EDGE('',*,*,#2286,.F.);
#3019=ORIENTED_EDGE('',*,*,#2289,.T.);
#3020=ORIENTED_EDGE('',*,*,#2290,.T.);
#3021=ORIENTED_EDGE('',*,*,#2289,.F.);
#3022=ORIENTED_EDGE('',*,*,#2288,.F.);
#3023=ORIENTED_EDGE('',*,*,#2291,.T.);
#3024=ORIENTED_EDGE('',*,*,#2292,.F.);
#3025=ORIENTED_EDGE('',*,*,#2293,.T.);
#3026=ORIENTED_EDGE('',*,*,#2291,.F.);
#3027=ORIENTED_EDGE('',*,*,#2293,.F.);
#3028=ORIENTED_EDGE('',*,*,#2290,.F.);
#3029=ORIENTED_EDGE('',*,*,#2292,.T.);
#3030=ORIENTED_EDGE('',*,*,#2294,.T.);
#3031=ORIENTED_EDGE('',*,*,#2295,.T.);
#3032=ORIENTED_EDGE('',*,*,#2130,.T.);
#3033=ORIENTED_EDGE('',*,*,#2295,.F.);
#3034=ORIENTED_EDGE('',*,*,#2296,.T.);
#3035=ORIENTED_EDGE('',*,*,#2294,.F.);
#3036=ORIENTED_EDGE('',*,*,#2297,.T.);
#3037=ORIENTED_EDGE('',*,*,#2298,.T.);
#3038=ORIENTED_EDGE('',*,*,#2297,.F.);
#3039=ORIENTED_EDGE('',*,*,#2296,.F.);
#3040=ORIENTED_EDGE('',*,*,#2299,.T.);
#3041=ORIENTED_EDGE('',*,*,#2300,.F.);
#3042=ORIENTED_EDGE('',*,*,#2301,.T.);
#3043=ORIENTED_EDGE('',*,*,#2299,.F.);
#3044=ORIENTED_EDGE('',*,*,#2301,.F.);
#3045=ORIENTED_EDGE('',*,*,#2298,.F.);
#3046=ORIENTED_EDGE('',*,*,#2300,.T.);
#3047=ORIENTED_EDGE('',*,*,#2302,.T.);
#3048=ORIENTED_EDGE('',*,*,#2303,.T.);
#3049=ORIENTED_EDGE('',*,*,#2137,.T.);
#3050=ORIENTED_EDGE('',*,*,#2303,.F.);
#3051=ORIENTED_EDGE('',*,*,#2304,.T.);
#3052=ORIENTED_EDGE('',*,*,#2302,.F.);
#3053=ORIENTED_EDGE('',*,*,#2305,.T.);
#3054=ORIENTED_EDGE('',*,*,#2306,.T.);
#3055=ORIENTED_EDGE('',*,*,#2305,.F.);
#3056=ORIENTED_EDGE('',*,*,#2304,.F.);
#3057=ORIENTED_EDGE('',*,*,#2307,.T.);
#3058=ORIENTED_EDGE('',*,*,#2308,.F.);
#3059=ORIENTED_EDGE('',*,*,#2309,.T.);
#3060=ORIENTED_EDGE('',*,*,#2307,.F.);
#3061=ORIENTED_EDGE('',*,*,#2309,.F.);
#3062=ORIENTED_EDGE('',*,*,#2306,.F.);
#3063=ORIENTED_EDGE('',*,*,#2308,.T.);
#3064=ORIENTED_EDGE('',*,*,#2310,.T.);
#3065=ORIENTED_EDGE('',*,*,#2311,.T.);
#3066=ORIENTED_EDGE('',*,*,#2131,.T.);
#3067=ORIENTED_EDGE('',*,*,#2311,.F.);
#3068=ORIENTED_EDGE('',*,*,#2312,.T.);
#3069=ORIENTED_EDGE('',*,*,#2310,.F.);
#3070=ORIENTED_EDGE('',*,*,#2313,.T.);
#3071=ORIENTED_EDGE('',*,*,#2314,.T.);
#3072=ORIENTED_EDGE('',*,*,#2313,.F.);
#3073=ORIENTED_EDGE('',*,*,#2312,.F.);
#3074=ORIENTED_EDGE('',*,*,#2315,.T.);
#3075=ORIENTED_EDGE('',*,*,#2316,.F.);
#3076=ORIENTED_EDGE('',*,*,#2317,.T.);
#3077=ORIENTED_EDGE('',*,*,#2315,.F.);
#3078=ORIENTED_EDGE('',*,*,#2317,.F.);
#3079=ORIENTED_EDGE('',*,*,#2314,.F.);
#3080=ORIENTED_EDGE('',*,*,#2316,.T.);
#3081=ORIENTED_EDGE('',*,*,#2318,.T.);
#3082=ORIENTED_EDGE('',*,*,#2319,.T.);
#3083=ORIENTED_EDGE('',*,*,#2136,.T.);
#3084=ORIENTED_EDGE('',*,*,#2319,.F.);
#3085=ORIENTED_EDGE('',*,*,#2320,.T.);
#3086=ORIENTED_EDGE('',*,*,#2318,.F.);
#3087=ORIENTED_EDGE('',*,*,#2321,.T.);
#3088=ORIENTED_EDGE('',*,*,#2322,.T.);
#3089=ORIENTED_EDGE('',*,*,#2321,.F.);
#3090=ORIENTED_EDGE('',*,*,#2320,.F.);
#3091=ORIENTED_EDGE('',*,*,#2323,.T.);
#3092=ORIENTED_EDGE('',*,*,#2324,.F.);
#3093=ORIENTED_EDGE('',*,*,#2325,.T.);
#3094=ORIENTED_EDGE('',*,*,#2323,.F.);
#3095=ORIENTED_EDGE('',*,*,#2325,.F.);
#3096=ORIENTED_EDGE('',*,*,#2322,.F.);
#3097=ORIENTED_EDGE('',*,*,#2324,.T.);
#3098=ORIENTED_EDGE('',*,*,#2326,.T.);
#3099=ORIENTED_EDGE('',*,*,#2327,.T.);
#3100=ORIENTED_EDGE('',*,*,#2132,.T.);
#3101=ORIENTED_EDGE('',*,*,#2327,.F.);
#3102=ORIENTED_EDGE('',*,*,#2328,.T.);
#3103=ORIENTED_EDGE('',*,*,#2326,.F.);
#3104=ORIENTED_EDGE('',*,*,#2329,.T.);
#3105=ORIENTED_EDGE('',*,*,#2330,.T.);
#3106=ORIENTED_EDGE('',*,*,#2329,.F.);
#3107=ORIENTED_EDGE('',*,*,#2328,.F.);
#3108=ORIENTED_EDGE('',*,*,#2331,.T.);
#3109=ORIENTED_EDGE('',*,*,#2332,.F.);
#3110=ORIENTED_EDGE('',*,*,#2333,.T.);
#3111=ORIENTED_EDGE('',*,*,#2331,.F.);
#3112=ORIENTED_EDGE('',*,*,#2333,.F.);
#3113=ORIENTED_EDGE('',*,*,#2330,.F.);
#3114=ORIENTED_EDGE('',*,*,#2332,.T.);
#3115=ORIENTED_EDGE('',*,*,#2334,.T.);
#3116=ORIENTED_EDGE('',*,*,#2335,.T.);
#3117=ORIENTED_EDGE('',*,*,#2135,.T.);
#3118=ORIENTED_EDGE('',*,*,#2335,.F.);
#3119=ORIENTED_EDGE('',*,*,#2336,.T.);
#3120=ORIENTED_EDGE('',*,*,#2334,.F.);
#3121=ORIENTED_EDGE('',*,*,#2337,.T.);
#3122=ORIENTED_EDGE('',*,*,#2338,.T.);
#3123=ORIENTED_EDGE('',*,*,#2337,.F.);
#3124=ORIENTED_EDGE('',*,*,#2336,.F.);
#3125=ORIENTED_EDGE('',*,*,#2339,.T.);
#3126=ORIENTED_EDGE('',*,*,#2340,.F.);
#3127=ORIENTED_EDGE('',*,*,#2341,.T.);
#3128=ORIENTED_EDGE('',*,*,#2339,.F.);
#3129=ORIENTED_EDGE('',*,*,#2341,.F.);
#3130=ORIENTED_EDGE('',*,*,#2338,.F.);
#3131=ORIENTED_EDGE('',*,*,#2340,.T.);
#3132=ORIENTED_EDGE('',*,*,#2342,.T.);
#3133=ORIENTED_EDGE('',*,*,#2343,.T.);
#3134=ORIENTED_EDGE('',*,*,#2133,.T.);
#3135=ORIENTED_EDGE('',*,*,#2343,.F.);
#3136=ORIENTED_EDGE('',*,*,#2344,.T.);
#3137=ORIENTED_EDGE('',*,*,#2342,.F.);
#3138=ORIENTED_EDGE('',*,*,#2345,.T.);
#3139=ORIENTED_EDGE('',*,*,#2346,.T.);
#3140=ORIENTED_EDGE('',*,*,#2345,.F.);
#3141=ORIENTED_EDGE('',*,*,#2344,.F.);
#3142=ORIENTED_EDGE('',*,*,#2347,.T.);
#3143=ORIENTED_EDGE('',*,*,#2348,.F.);
#3144=ORIENTED_EDGE('',*,*,#2349,.T.);
#3145=ORIENTED_EDGE('',*,*,#2347,.F.);
#3146=ORIENTED_EDGE('',*,*,#2349,.F.);
#3147=ORIENTED_EDGE('',*,*,#2346,.F.);
#3148=ORIENTED_EDGE('',*,*,#2348,.T.);
#3149=ORIENTED_EDGE('',*,*,#2350,.T.);
#3150=ORIENTED_EDGE('',*,*,#2351,.T.);
#3151=ORIENTED_EDGE('',*,*,#2134,.T.);
#3152=ORIENTED_EDGE('',*,*,#2351,.F.);
#3153=ORIENTED_EDGE('',*,*,#2352,.T.);
#3154=ORIENTED_EDGE('',*,*,#2350,.F.);
#3155=ORIENTED_EDGE('',*,*,#2353,.T.);
#3156=ORIENTED_EDGE('',*,*,#2354,.T.);
#3157=ORIENTED_EDGE('',*,*,#2353,.F.);
#3158=ORIENTED_EDGE('',*,*,#2352,.F.);
#3159=ORIENTED_EDGE('',*,*,#2355,.T.);
#3160=ORIENTED_EDGE('',*,*,#2356,.F.);
#3161=ORIENTED_EDGE('',*,*,#2357,.T.);
#3162=ORIENTED_EDGE('',*,*,#2355,.F.);
#3163=ORIENTED_EDGE('',*,*,#2357,.F.);
#3164=ORIENTED_EDGE('',*,*,#2354,.F.);
#3165=ORIENTED_EDGE('',*,*,#2356,.T.);
#3166=ORIENTED_EDGE('',*,*,#2358,.F.);
#3167=ORIENTED_EDGE('',*,*,#2359,.T.);
#3168=ORIENTED_EDGE('',*,*,#2360,.F.);
#3169=ORIENTED_EDGE('',*,*,#2359,.F.);
#3170=ORIENTED_EDGE('',*,*,#2361,.F.);
#3171=ORIENTED_EDGE('',*,*,#2362,.T.);
#3172=ORIENTED_EDGE('',*,*,#2363,.F.);
#3173=ORIENTED_EDGE('',*,*,#2362,.F.);
#3174=ORIENTED_EDGE('',*,*,#2364,.F.);
#3175=ORIENTED_EDGE('',*,*,#2365,.F.);
#3176=ORIENTED_EDGE('',*,*,#2366,.F.);
#3177=ORIENTED_EDGE('',*,*,#2367,.T.);
#3178=ORIENTED_EDGE('',*,*,#2084,.F.);
#3179=ORIENTED_EDGE('',*,*,#2085,.F.);
#3180=ORIENTED_EDGE('',*,*,#2367,.F.);
#3181=ORIENTED_EDGE('',*,*,#2368,.F.);
#3182=ORIENTED_EDGE('',*,*,#2369,.T.);
#3183=ORIENTED_EDGE('',*,*,#2370,.F.);
#3184=ORIENTED_EDGE('',*,*,#2371,.F.);
#3185=ORIENTED_EDGE('',*,*,#2369,.F.);
#3186=ORIENTED_EDGE('',*,*,#2372,.F.);
#3187=ORIENTED_EDGE('',*,*,#2373,.T.);
#3188=ORIENTED_EDGE('',*,*,#2374,.F.);
#3189=ORIENTED_EDGE('',*,*,#2373,.F.);
#3190=ORIENTED_EDGE('',*,*,#2375,.F.);
#3191=ORIENTED_EDGE('',*,*,#2365,.T.);
#3192=ORIENTED_EDGE('',*,*,#2376,.F.);
#3193=ORIENTED_EDGE('',*,*,#2377,.T.);
#3194=ORIENTED_EDGE('',*,*,#2378,.F.);
#3195=ORIENTED_EDGE('',*,*,#2377,.F.);
#3196=ORIENTED_EDGE('',*,*,#2379,.F.);
#3197=ORIENTED_EDGE('',*,*,#2380,.F.);
#3198=ORIENTED_EDGE('',*,*,#2381,.F.);
#3199=ORIENTED_EDGE('',*,*,#2382,.T.);
#3200=ORIENTED_EDGE('',*,*,#2383,.F.);
#3201=ORIENTED_EDGE('',*,*,#2382,.F.);
#3202=ORIENTED_EDGE('',*,*,#2384,.F.);
#3203=ORIENTED_EDGE('',*,*,#2385,.T.);
#3204=ORIENTED_EDGE('',*,*,#2386,.F.);
#3205=ORIENTED_EDGE('',*,*,#2385,.F.);
#3206=ORIENTED_EDGE('',*,*,#2387,.F.);
#3207=ORIENTED_EDGE('',*,*,#2388,.T.);
#3208=ORIENTED_EDGE('',*,*,#2389,.F.);
#3209=ORIENTED_EDGE('',*,*,#2388,.F.);
#3210=ORIENTED_EDGE('',*,*,#2390,.F.);
#3211=ORIENTED_EDGE('',*,*,#2380,.T.);
#3212=ORIENTED_EDGE('',*,*,#2391,.F.);
#3213=ORIENTED_EDGE('',*,*,#2392,.F.);
#3214=ORIENTED_EDGE('',*,*,#2393,.F.);
#3215=ORIENTED_EDGE('',*,*,#2394,.T.);
#3216=ORIENTED_EDGE('',*,*,#2395,.F.);
#3217=ORIENTED_EDGE('',*,*,#2394,.F.);
#3218=ORIENTED_EDGE('',*,*,#2396,.F.);
#3219=ORIENTED_EDGE('',*,*,#2397,.T.);
#3220=ORIENTED_EDGE('',*,*,#2398,.F.);
#3221=ORIENTED_EDGE('',*,*,#2397,.F.);
#3222=ORIENTED_EDGE('',*,*,#2399,.F.);
#3223=ORIENTED_EDGE('',*,*,#2400,.T.);
#3224=ORIENTED_EDGE('',*,*,#2401,.F.);
#3225=ORIENTED_EDGE('',*,*,#2400,.F.);
#3226=ORIENTED_EDGE('',*,*,#2402,.F.);
#3227=ORIENTED_EDGE('',*,*,#2392,.T.);
#3228=ORIENTED_EDGE('',*,*,#2403,.F.);
#3229=ORIENTED_EDGE('',*,*,#2404,.T.);
#3230=ORIENTED_EDGE('',*,*,#2405,.F.);
#3231=ORIENTED_EDGE('',*,*,#2404,.F.);
#3232=ORIENTED_EDGE('',*,*,#2406,.F.);
#3233=ORIENTED_EDGE('',*,*,#2407,.F.);
#3234=ORIENTED_EDGE('',*,*,#2025,.F.);
#3235=ORIENTED_EDGE('',*,*,#2408,.T.);
#3236=ORIENTED_EDGE('',*,*,#2409,.F.);
#3237=ORIENTED_EDGE('',*,*,#2408,.F.);
#3238=ORIENTED_EDGE('',*,*,#2024,.F.);
#3239=ORIENTED_EDGE('',*,*,#2410,.T.);
#3240=ORIENTED_EDGE('',*,*,#2411,.F.);
#3241=ORIENTED_EDGE('',*,*,#2410,.F.);
#3242=ORIENTED_EDGE('',*,*,#2023,.F.);
#3243=ORIENTED_EDGE('',*,*,#2412,.T.);
#3244=ORIENTED_EDGE('',*,*,#2413,.F.);
#3245=ORIENTED_EDGE('',*,*,#2412,.F.);
#3246=ORIENTED_EDGE('',*,*,#2026,.F.);
#3247=ORIENTED_EDGE('',*,*,#2407,.T.);
#3248=ORIENTED_EDGE('',*,*,#2027,.F.);
#3249=ORIENTED_EDGE('',*,*,#2414,.T.);
#3250=ORIENTED_EDGE('',*,*,#2415,.F.);
#3251=ORIENTED_EDGE('',*,*,#2414,.F.);
#3252=ORIENTED_EDGE('',*,*,#2028,.F.);
#3253=ORIENTED_EDGE('',*,*,#2416,.T.);
#3254=ORIENTED_EDGE('',*,*,#2417,.F.);
#3255=ORIENTED_EDGE('',*,*,#2416,.F.);
#3256=ORIENTED_EDGE('',*,*,#2029,.F.);
#3257=ORIENTED_EDGE('',*,*,#2418,.T.);
#3258=ORIENTED_EDGE('',*,*,#2419,.F.);
#3259=ORIENTED_EDGE('',*,*,#2418,.F.);
#3260=ORIENTED_EDGE('',*,*,#2030,.F.);
#3261=ORIENTED_EDGE('',*,*,#2420,.T.);
#3262=ORIENTED_EDGE('',*,*,#2421,.F.);
#3263=ORIENTED_EDGE('',*,*,#2420,.F.);
#3264=ORIENTED_EDGE('',*,*,#2031,.F.);
#3265=ORIENTED_EDGE('',*,*,#2422,.T.);
#3266=ORIENTED_EDGE('',*,*,#2423,.F.);
#3267=ORIENTED_EDGE('',*,*,#2422,.F.);
#3268=ORIENTED_EDGE('',*,*,#2424,.F.);
#3269=ORIENTED_EDGE('',*,*,#2425,.F.);
#3270=ORIENTED_EDGE('',*,*,#2034,.F.);
#3271=ORIENTED_EDGE('',*,*,#2426,.T.);
#3272=ORIENTED_EDGE('',*,*,#2427,.F.);
#3273=ORIENTED_EDGE('',*,*,#2426,.F.);
#3274=ORIENTED_EDGE('',*,*,#2033,.F.);
#3275=ORIENTED_EDGE('',*,*,#2428,.T.);
#3276=ORIENTED_EDGE('',*,*,#2429,.F.);
#3277=ORIENTED_EDGE('',*,*,#2428,.F.);
#3278=ORIENTED_EDGE('',*,*,#2032,.F.);
#3279=ORIENTED_EDGE('',*,*,#2430,.T.);
#3280=ORIENTED_EDGE('',*,*,#2431,.F.);
#3281=ORIENTED_EDGE('',*,*,#2430,.F.);
#3282=ORIENTED_EDGE('',*,*,#2035,.F.);
#3283=ORIENTED_EDGE('',*,*,#2425,.T.);
#3284=ORIENTED_EDGE('',*,*,#2036,.F.);
#3285=ORIENTED_EDGE('',*,*,#2432,.T.);
#3286=ORIENTED_EDGE('',*,*,#2433,.F.);
#3287=ORIENTED_EDGE('',*,*,#2432,.F.);
#3288=ORIENTED_EDGE('',*,*,#2434,.F.);
#3289=ORIENTED_EDGE('',*,*,#2435,.F.);
#3290=ORIENTED_EDGE('',*,*,#2039,.F.);
#3291=ORIENTED_EDGE('',*,*,#2436,.T.);
#3292=ORIENTED_EDGE('',*,*,#2437,.F.);
#3293=ORIENTED_EDGE('',*,*,#2436,.F.);
#3294=ORIENTED_EDGE('',*,*,#2038,.F.);
#3295=ORIENTED_EDGE('',*,*,#2438,.T.);
#3296=ORIENTED_EDGE('',*,*,#2439,.F.);
#3297=ORIENTED_EDGE('',*,*,#2438,.F.);
#3298=ORIENTED_EDGE('',*,*,#2037,.F.);
#3299=ORIENTED_EDGE('',*,*,#2440,.T.);
#3300=ORIENTED_EDGE('',*,*,#2441,.F.);
#3301=ORIENTED_EDGE('',*,*,#2440,.F.);
#3302=ORIENTED_EDGE('',*,*,#2040,.F.);
#3303=ORIENTED_EDGE('',*,*,#2435,.T.);
#3304=ORIENTED_EDGE('',*,*,#2041,.F.);
#3305=ORIENTED_EDGE('',*,*,#2442,.T.);
#3306=ORIENTED_EDGE('',*,*,#2443,.F.);
#3307=ORIENTED_EDGE('',*,*,#2442,.F.);
#3308=ORIENTED_EDGE('',*,*,#2042,.F.);
#3309=ORIENTED_EDGE('',*,*,#2444,.T.);
#3310=ORIENTED_EDGE('',*,*,#2445,.F.);
#3311=ORIENTED_EDGE('',*,*,#2444,.F.);
#3312=ORIENTED_EDGE('',*,*,#2446,.F.);
#3313=ORIENTED_EDGE('',*,*,#2447,.T.);
#3314=ORIENTED_EDGE('',*,*,#2448,.F.);
#3315=ORIENTED_EDGE('',*,*,#2447,.F.);
#3316=ORIENTED_EDGE('',*,*,#2449,.F.);
#3317=ORIENTED_EDGE('',*,*,#2450,.F.);
#3318=ORIENTED_EDGE('',*,*,#2451,.F.);
#3319=ORIENTED_EDGE('',*,*,#2452,.T.);
#3320=ORIENTED_EDGE('',*,*,#2453,.F.);
#3321=ORIENTED_EDGE('',*,*,#2452,.F.);
#3322=ORIENTED_EDGE('',*,*,#2454,.F.);
#3323=ORIENTED_EDGE('',*,*,#2455,.T.);
#3324=ORIENTED_EDGE('',*,*,#2456,.F.);
#3325=ORIENTED_EDGE('',*,*,#2455,.F.);
#3326=ORIENTED_EDGE('',*,*,#2457,.F.);
#3327=ORIENTED_EDGE('',*,*,#2458,.T.);
#3328=ORIENTED_EDGE('',*,*,#2459,.F.);
#3329=ORIENTED_EDGE('',*,*,#2458,.F.);
#3330=ORIENTED_EDGE('',*,*,#2460,.F.);
#3331=ORIENTED_EDGE('',*,*,#2450,.T.);
#3332=ORIENTED_EDGE('',*,*,#2461,.F.);
#3333=ORIENTED_EDGE('',*,*,#2462,.T.);
#3334=ORIENTED_EDGE('',*,*,#2463,.F.);
#3335=ORIENTED_EDGE('',*,*,#2462,.F.);
#3336=ORIENTED_EDGE('',*,*,#2464,.F.);
#3337=ORIENTED_EDGE('',*,*,#2465,.T.);
#3338=ORIENTED_EDGE('',*,*,#2466,.F.);
#3339=ORIENTED_EDGE('',*,*,#2465,.F.);
#3340=ORIENTED_EDGE('',*,*,#2467,.F.);
#3341=ORIENTED_EDGE('',*,*,#2468,.T.);
#3342=ORIENTED_EDGE('',*,*,#2469,.F.);
#3343=ORIENTED_EDGE('',*,*,#2468,.F.);
#3344=ORIENTED_EDGE('',*,*,#2470,.F.);
#3345=ORIENTED_EDGE('',*,*,#2471,.F.);
#3346=ORIENTED_EDGE('',*,*,#2472,.F.);
#3347=ORIENTED_EDGE('',*,*,#2473,.T.);
#3348=ORIENTED_EDGE('',*,*,#2474,.F.);
#3349=ORIENTED_EDGE('',*,*,#2473,.F.);
#3350=ORIENTED_EDGE('',*,*,#2475,.F.);
#3351=ORIENTED_EDGE('',*,*,#2476,.T.);
#3352=ORIENTED_EDGE('',*,*,#2477,.F.);
#3353=ORIENTED_EDGE('',*,*,#2476,.F.);
#3354=ORIENTED_EDGE('',*,*,#2478,.F.);
#3355=ORIENTED_EDGE('',*,*,#2479,.T.);
#3356=ORIENTED_EDGE('',*,*,#2480,.F.);
#3357=ORIENTED_EDGE('',*,*,#2479,.F.);
#3358=ORIENTED_EDGE('',*,*,#2481,.F.);
#3359=ORIENTED_EDGE('',*,*,#2471,.T.);
#3360=ORIENTED_EDGE('',*,*,#2080,.T.);
#3361=ORIENTED_EDGE('',*,*,#2002,.F.);
#3362=ORIENTED_EDGE('',*,*,#2083,.T.);
#3363=ORIENTED_EDGE('',*,*,#2070,.T.);
#3364=ORIENTED_EDGE('',*,*,#2074,.T.);
#3365=ORIENTED_EDGE('',*,*,#2482,.F.);
#3366=ORIENTED_EDGE('',*,*,#2117,.F.);
#3367=ORIENTED_EDGE('',*,*,#2483,.T.);
#3368=ORIENTED_EDGE('',*,*,#2075,.T.);
#3369=ORIENTED_EDGE('',*,*,#2079,.T.);
#3370=ORIENTED_EDGE('',*,*,#2411,.T.);
#3371=ORIENTED_EDGE('',*,*,#2413,.T.);
#3372=ORIENTED_EDGE('',*,*,#2406,.T.);
#3373=ORIENTED_EDGE('',*,*,#2409,.T.);
#3374=ORIENTED_EDGE('',*,*,#2415,.T.);
#3375=ORIENTED_EDGE('',*,*,#2417,.T.);
#3376=ORIENTED_EDGE('',*,*,#2419,.T.);
#3377=ORIENTED_EDGE('',*,*,#2421,.T.);
#3378=ORIENTED_EDGE('',*,*,#2423,.T.);
#3379=ORIENTED_EDGE('',*,*,#2429,.T.);
#3380=ORIENTED_EDGE('',*,*,#2431,.T.);
#3381=ORIENTED_EDGE('',*,*,#2424,.T.);
#3382=ORIENTED_EDGE('',*,*,#2427,.T.);
#3383=ORIENTED_EDGE('',*,*,#2433,.T.);
#3384=ORIENTED_EDGE('',*,*,#2439,.T.);
#3385=ORIENTED_EDGE('',*,*,#2441,.T.);
#3386=ORIENTED_EDGE('',*,*,#2434,.T.);
#3387=ORIENTED_EDGE('',*,*,#2437,.T.);
#3388=ORIENTED_EDGE('',*,*,#2443,.T.);
#3389=ORIENTED_EDGE('',*,*,#2445,.T.);
#3390=ORIENTED_EDGE('',*,*,#2082,.T.);
#3391=ORIENTED_EDGE('',*,*,#2000,.F.);
#3392=ORIENTED_EDGE('',*,*,#2090,.T.);
#3393=ORIENTED_EDGE('',*,*,#2061,.T.);
#3394=ORIENTED_EDGE('',*,*,#2060,.T.);
#3395=ORIENTED_EDGE('',*,*,#2484,.F.);
#3396=ORIENTED_EDGE('',*,*,#2118,.F.);
#3397=ORIENTED_EDGE('',*,*,#2482,.T.);
#3398=ORIENTED_EDGE('',*,*,#2073,.T.);
#3399=ORIENTED_EDGE('',*,*,#2072,.T.);
#3400=ORIENTED_EDGE('',*,*,#2448,.T.);
#3401=ORIENTED_EDGE('',*,*,#2456,.T.);
#3402=ORIENTED_EDGE('',*,*,#2459,.T.);
#3403=ORIENTED_EDGE('',*,*,#2449,.T.);
#3404=ORIENTED_EDGE('',*,*,#2453,.T.);
#3405=ORIENTED_EDGE('',*,*,#2463,.T.);
#3406=ORIENTED_EDGE('',*,*,#2466,.T.);
#3407=ORIENTED_EDGE('',*,*,#2469,.T.);
#3408=ORIENTED_EDGE('',*,*,#2477,.T.);
#3409=ORIENTED_EDGE('',*,*,#2480,.T.);
#3410=ORIENTED_EDGE('',*,*,#2470,.T.);
#3411=ORIENTED_EDGE('',*,*,#2474,.T.);
#3412=ORIENTED_EDGE('',*,*,#2066,.T.);
#3413=ORIENTED_EDGE('',*,*,#2065,.T.);
#3414=ORIENTED_EDGE('',*,*,#2485,.F.);
#3415=ORIENTED_EDGE('',*,*,#2119,.F.);
#3416=ORIENTED_EDGE('',*,*,#2484,.T.);
#3417=ORIENTED_EDGE('',*,*,#2059,.T.);
#3418=ORIENTED_EDGE('',*,*,#2063,.T.);
#3419=ORIENTED_EDGE('',*,*,#2089,.T.);
#3420=ORIENTED_EDGE('',*,*,#1998,.F.);
#3421=ORIENTED_EDGE('',*,*,#2088,.T.);
#3422=ORIENTED_EDGE('',*,*,#2091,.T.);
#3423=ORIENTED_EDGE('',*,*,#2093,.T.);
#3424=ORIENTED_EDGE('',*,*,#2095,.T.);
#3425=ORIENTED_EDGE('',*,*,#2097,.T.);
#3426=ORIENTED_EDGE('',*,*,#2099,.T.);
#3427=ORIENTED_EDGE('',*,*,#2101,.T.);
#3428=ORIENTED_EDGE('',*,*,#2103,.T.);
#3429=ORIENTED_EDGE('',*,*,#2105,.T.);
#3430=ORIENTED_EDGE('',*,*,#2107,.T.);
#3431=ORIENTED_EDGE('',*,*,#2109,.T.);
#3432=ORIENTED_EDGE('',*,*,#2077,.T.);
#3433=ORIENTED_EDGE('',*,*,#2076,.T.);
#3434=ORIENTED_EDGE('',*,*,#2483,.F.);
#3435=ORIENTED_EDGE('',*,*,#2120,.F.);
#3436=ORIENTED_EDGE('',*,*,#2485,.T.);
#3437=ORIENTED_EDGE('',*,*,#2064,.T.);
#3438=ORIENTED_EDGE('',*,*,#2069,.T.);
#3439=ORIENTED_EDGE('',*,*,#2370,.T.);
#3440=ORIENTED_EDGE('',*,*,#2371,.T.);
#3441=ORIENTED_EDGE('',*,*,#2374,.T.);
#3442=ORIENTED_EDGE('',*,*,#2364,.T.);
#3443=ORIENTED_EDGE('',*,*,#2087,.T.);
#3444=ORIENTED_EDGE('',*,*,#1996,.F.);
#3445=ORIENTED_EDGE('',*,*,#2081,.T.);
#3446=ORIENTED_EDGE('',*,*,#2360,.T.);
#3447=ORIENTED_EDGE('',*,*,#2363,.T.);
#3448=ORIENTED_EDGE('',*,*,#2378,.T.);
#3449=ORIENTED_EDGE('',*,*,#2386,.T.);
#3450=ORIENTED_EDGE('',*,*,#2389,.T.);
#3451=ORIENTED_EDGE('',*,*,#2379,.T.);
#3452=ORIENTED_EDGE('',*,*,#2383,.T.);
#3453=ORIENTED_EDGE('',*,*,#2398,.T.);
#3454=ORIENTED_EDGE('',*,*,#2401,.T.);
#3455=ORIENTED_EDGE('',*,*,#2391,.T.);
#3456=ORIENTED_EDGE('',*,*,#2395,.T.);
#3457=ORIENTED_EDGE('',*,*,#2405,.T.);
#3458=ORIENTED_EDGE('',*,*,#2017,.F.);
#3459=ORIENTED_EDGE('',*,*,#2486,.F.);
#3460=ORIENTED_EDGE('',*,*,#2020,.F.);
#3461=ORIENTED_EDGE('',*,*,#1987,.F.);
#3462=ORIENTED_EDGE('',*,*,#2358,.T.);
#3463=ORIENTED_EDGE('',*,*,#2361,.T.);
#3464=ORIENTED_EDGE('',*,*,#2372,.T.);
#3465=ORIENTED_EDGE('',*,*,#2368,.T.);
#3466=ORIENTED_EDGE('',*,*,#2366,.T.);
#3467=ORIENTED_EDGE('',*,*,#2375,.T.);
#3468=ORIENTED_EDGE('',*,*,#2376,.T.);
#3469=ORIENTED_EDGE('',*,*,#2387,.T.);
#3470=ORIENTED_EDGE('',*,*,#2384,.T.);
#3471=ORIENTED_EDGE('',*,*,#2381,.T.);
#3472=ORIENTED_EDGE('',*,*,#2390,.T.);
#3473=ORIENTED_EDGE('',*,*,#2399,.T.);
#3474=ORIENTED_EDGE('',*,*,#2396,.T.);
#3475=ORIENTED_EDGE('',*,*,#2393,.T.);
#3476=ORIENTED_EDGE('',*,*,#2402,.T.);
#3477=ORIENTED_EDGE('',*,*,#2403,.T.);
#3478=ORIENTED_EDGE('',*,*,#1984,.F.);
#3479=ORIENTED_EDGE('',*,*,#1991,.F.);
#3480=ORIENTED_EDGE('',*,*,#2044,.F.);
#3481=ORIENTED_EDGE('',*,*,#2487,.F.);
#3482=ORIENTED_EDGE('',*,*,#2446,.T.);
#3483=ORIENTED_EDGE('',*,*,#2457,.T.);
#3484=ORIENTED_EDGE('',*,*,#2454,.T.);
#3485=ORIENTED_EDGE('',*,*,#2451,.T.);
#3486=ORIENTED_EDGE('',*,*,#2460,.T.);
#3487=ORIENTED_EDGE('',*,*,#2461,.T.);
#3488=ORIENTED_EDGE('',*,*,#2464,.T.);
#3489=ORIENTED_EDGE('',*,*,#2467,.T.);
#3490=ORIENTED_EDGE('',*,*,#2478,.T.);
#3491=ORIENTED_EDGE('',*,*,#2475,.T.);
#3492=ORIENTED_EDGE('',*,*,#2472,.T.);
#3493=ORIENTED_EDGE('',*,*,#2481,.T.);
#3494=ORIENTED_EDGE('',*,*,#1981,.F.);
#3495=ORIENTED_EDGE('',*,*,#2487,.T.);
#3496=ORIENTED_EDGE('',*,*,#2043,.F.);
#3497=ORIENTED_EDGE('',*,*,#2021,.T.);
#3498=ORIENTED_EDGE('',*,*,#2018,.F.);
#3499=ORIENTED_EDGE('',*,*,#2486,.T.);
#3500=ORIENTED_EDGE('',*,*,#2016,.F.);
#3501=ORIENTED_EDGE('',*,*,#2004,.T.);
#3502=CYLINDRICAL_SURFACE('',#3782,0.5);
#3503=CYLINDRICAL_SURFACE('',#3808,0.5);
#3504=CYLINDRICAL_SURFACE('',#3810,0.5);
#3505=CYLINDRICAL_SURFACE('',#3821,0.5);
#3506=CYLINDRICAL_SURFACE('',#3823,0.2);
#3507=CYLINDRICAL_SURFACE('',#3826,0.2);
#3508=CYLINDRICAL_SURFACE('',#3830,0.2);
#3509=CYLINDRICAL_SURFACE('',#3833,0.2);
#3510=CYLINDRICAL_SURFACE('',#3849,1.);
#3511=CYLINDRICAL_SURFACE('',#3850,1.);
#3512=CYLINDRICAL_SURFACE('',#3852,1.);
#3513=CYLINDRICAL_SURFACE('',#3853,1.);
#3514=CYLINDRICAL_SURFACE('',#3854,0.3);
#3515=CYLINDRICAL_SURFACE('',#3856,0.3);
#3516=CYLINDRICAL_SURFACE('',#3858,0.3);
#3517=CYLINDRICAL_SURFACE('',#3860,0.3);
#3518=CYLINDRICAL_SURFACE('',#3862,0.3);
#3519=CYLINDRICAL_SURFACE('',#3864,0.3);
#3520=CYLINDRICAL_SURFACE('',#3866,0.3);
#3521=CYLINDRICAL_SURFACE('',#3868,0.3);
#3522=CYLINDRICAL_SURFACE('',#3870,0.3);
#3523=CYLINDRICAL_SURFACE('',#3872,0.3);
#3524=CYLINDRICAL_SURFACE('',#4199,0.4);
#3525=CYLINDRICAL_SURFACE('',#4202,0.300000000000001);
#3526=CYLINDRICAL_SURFACE('',#4209,0.55);
#3527=CYLINDRICAL_SURFACE('',#4220,0.3);
#3528=CYLINDRICAL_SURFACE('',#4227,0.15);
#3529=CYLINDRICAL_SURFACE('',#4229,0.150000000000001);
#3530=CYLINDRICAL_SURFACE('',#4231,0.150000000000001);
#3531=CYLINDRICAL_SURFACE('',#4233,0.15);
#3532=CYLINDRICAL_SURFACE('',#4235,0.81);
#3533=CYLINDRICAL_SURFACE('',#4241,0.15);
#3534=CYLINDRICAL_SURFACE('',#4247,0.150000000000001);
#3535=CYLINDRICAL_SURFACE('',#4249,0.4);
#3536=CYLINDRICAL_SURFACE('',#4251,0.959999999999999);
#3537=CYLINDRICAL_SURFACE('',#4258,0.21);
#3538=CYLINDRICAL_SURFACE('',#4261,0.150000000000001);
#3539=CYLINDRICAL_SURFACE('',#4264,0.15);
#3540=ADVANCED_FACE('',(#328),#3502,.T.);
#3541=ADVANCED_FACE('',(#329,#96,#97,#98,#99,#100),#222,.T.);
#3542=ADVANCED_FACE('',(#330,#101,#102,#103,#104,#105,#106,#107,#108,#109,
#110),#223,.T.);
#3543=ADVANCED_FACE('',(#331),#3503,.T.);
#3544=ADVANCED_FACE('',(#332),#3504,.T.);
#3545=ADVANCED_FACE('',(#333,#111,#112,#113,#114,#115,#116,#117,#118,#119,
#120,#121),#224,.T.);
#3546=ADVANCED_FACE('',(#334),#3505,.T.);
#3547=ADVANCED_FACE('',(#335),#3506,.F.);
#3548=ADVANCED_FACE('',(#336),#3507,.F.);
#3549=ADVANCED_FACE('',(#337),#3508,.F.);
#3550=ADVANCED_FACE('',(#338),#3509,.F.);
#3551=ADVANCED_FACE('',(#339),#225,.F.);
#3552=ADVANCED_FACE('',(#340),#226,.F.);
#3553=ADVANCED_FACE('',(#341),#227,.F.);
#3554=ADVANCED_FACE('',(#342),#228,.F.);
#3555=ADVANCED_FACE('',(#343),#229,.F.);
#3556=ADVANCED_FACE('',(#344),#230,.F.);
#3557=ADVANCED_FACE('',(#345),#231,.F.);
#3558=ADVANCED_FACE('',(#346),#232,.F.);
#3559=ADVANCED_FACE('',(#347),#3510,.T.);
#3560=ADVANCED_FACE('',(#348),#3511,.T.);
#3561=ADVANCED_FACE('',(#349),#233,.T.);
#3562=ADVANCED_FACE('',(#350),#3512,.T.);
#3563=ADVANCED_FACE('',(#351),#3513,.T.);
#3564=ADVANCED_FACE('',(#352),#3514,.F.);
#3565=ADVANCED_FACE('',(#353),#3515,.F.);
#3566=ADVANCED_FACE('',(#354),#3516,.F.);
#3567=ADVANCED_FACE('',(#355),#3517,.F.);
#3568=ADVANCED_FACE('',(#356),#3518,.F.);
#3569=ADVANCED_FACE('',(#357),#3519,.F.);
#3570=ADVANCED_FACE('',(#358),#3520,.F.);
#3571=ADVANCED_FACE('',(#359),#3521,.F.);
#3572=ADVANCED_FACE('',(#360),#3522,.F.);
#3573=ADVANCED_FACE('',(#361),#3523,.F.);
#3574=ADVANCED_FACE('',(#362),#69,.F.);
#3575=ADVANCED_FACE('',(#363),#15,.T.);
#3576=ADVANCED_FACE('',(#364,#122,#123,#124,#125,#126,#127,#128,#129,#130,
#131,#132,#133,#134,#135,#136,#137,#138,#139,#140,#141,#142,#143,#144,#145,
#146,#147,#148),#234,.F.);
#3577=ADVANCED_FACE('',(#365),#235,.F.);
#3578=ADVANCED_FACE('',(#366),#16,.F.);
#3579=ADVANCED_FACE('',(#367,#149),#236,.T.);
#3580=ADVANCED_FACE('',(#368),#70,.F.);
#3581=ADVANCED_FACE('',(#369),#17,.T.);
#3582=ADVANCED_FACE('',(#370),#237,.F.);
#3583=ADVANCED_FACE('',(#371),#18,.F.);
#3584=ADVANCED_FACE('',(#372,#150),#238,.T.);
#3585=ADVANCED_FACE('',(#373),#71,.F.);
#3586=ADVANCED_FACE('',(#374),#19,.T.);
#3587=ADVANCED_FACE('',(#375),#239,.F.);
#3588=ADVANCED_FACE('',(#376),#20,.F.);
#3589=ADVANCED_FACE('',(#377,#151),#240,.T.);
#3590=ADVANCED_FACE('',(#378),#72,.F.);
#3591=ADVANCED_FACE('',(#379),#21,.T.);
#3592=ADVANCED_FACE('',(#380),#241,.F.);
#3593=ADVANCED_FACE('',(#381),#22,.F.);
#3594=ADVANCED_FACE('',(#382,#152),#242,.T.);
#3595=ADVANCED_FACE('',(#383),#73,.F.);
#3596=ADVANCED_FACE('',(#384),#23,.T.);
#3597=ADVANCED_FACE('',(#385),#243,.F.);
#3598=ADVANCED_FACE('',(#386),#24,.F.);
#3599=ADVANCED_FACE('',(#387,#153),#244,.T.);
#3600=ADVANCED_FACE('',(#388),#74,.F.);
#3601=ADVANCED_FACE('',(#389),#25,.T.);
#3602=ADVANCED_FACE('',(#390),#245,.F.);
#3603=ADVANCED_FACE('',(#391),#26,.F.);
#3604=ADVANCED_FACE('',(#392,#154),#246,.T.);
#3605=ADVANCED_FACE('',(#393),#75,.F.);
#3606=ADVANCED_FACE('',(#394),#27,.T.);
#3607=ADVANCED_FACE('',(#395),#247,.F.);
#3608=ADVANCED_FACE('',(#396),#28,.F.);
#3609=ADVANCED_FACE('',(#397,#155),#248,.T.);
#3610=ADVANCED_FACE('',(#398),#76,.F.);
#3611=ADVANCED_FACE('',(#399),#29,.T.);
#3612=ADVANCED_FACE('',(#400),#249,.F.);
#3613=ADVANCED_FACE('',(#401),#30,.F.);
#3614=ADVANCED_FACE('',(#402,#156),#250,.T.);
#3615=ADVANCED_FACE('',(#403),#77,.F.);
#3616=ADVANCED_FACE('',(#404),#31,.T.);
#3617=ADVANCED_FACE('',(#405),#251,.F.);
#3618=ADVANCED_FACE('',(#406),#32,.F.);
#3619=ADVANCED_FACE('',(#407,#157),#252,.T.);
#3620=ADVANCED_FACE('',(#408),#78,.F.);
#3621=ADVANCED_FACE('',(#409),#33,.T.);
#3622=ADVANCED_FACE('',(#410),#253,.F.);
#3623=ADVANCED_FACE('',(#411),#34,.F.);
#3624=ADVANCED_FACE('',(#412,#158),#254,.T.);
#3625=ADVANCED_FACE('',(#413),#79,.F.);
#3626=ADVANCED_FACE('',(#414),#35,.T.);
#3627=ADVANCED_FACE('',(#415),#255,.F.);
#3628=ADVANCED_FACE('',(#416),#36,.F.);
#3629=ADVANCED_FACE('',(#417,#159),#256,.T.);
#3630=ADVANCED_FACE('',(#418),#80,.F.);
#3631=ADVANCED_FACE('',(#419),#37,.T.);
#3632=ADVANCED_FACE('',(#420),#257,.F.);
#3633=ADVANCED_FACE('',(#421),#38,.F.);
#3634=ADVANCED_FACE('',(#422,#160),#258,.T.);
#3635=ADVANCED_FACE('',(#423),#81,.F.);
#3636=ADVANCED_FACE('',(#424),#39,.T.);
#3637=ADVANCED_FACE('',(#425),#259,.F.);
#3638=ADVANCED_FACE('',(#426),#40,.F.);
#3639=ADVANCED_FACE('',(#427,#161),#260,.T.);
#3640=ADVANCED_FACE('',(#428),#82,.F.);
#3641=ADVANCED_FACE('',(#429),#41,.T.);
#3642=ADVANCED_FACE('',(#430),#261,.F.);
#3643=ADVANCED_FACE('',(#431),#42,.F.);
#3644=ADVANCED_FACE('',(#432,#162),#262,.T.);
#3645=ADVANCED_FACE('',(#433),#83,.F.);
#3646=ADVANCED_FACE('',(#434),#43,.T.);
#3647=ADVANCED_FACE('',(#435),#263,.F.);
#3648=ADVANCED_FACE('',(#436),#44,.F.);
#3649=ADVANCED_FACE('',(#437,#163),#264,.T.);
#3650=ADVANCED_FACE('',(#438),#84,.F.);
#3651=ADVANCED_FACE('',(#439),#45,.T.);
#3652=ADVANCED_FACE('',(#440),#265,.F.);
#3653=ADVANCED_FACE('',(#441),#46,.F.);
#3654=ADVANCED_FACE('',(#442,#164),#266,.T.);
#3655=ADVANCED_FACE('',(#443),#85,.F.);
#3656=ADVANCED_FACE('',(#444),#47,.T.);
#3657=ADVANCED_FACE('',(#445),#267,.F.);
#3658=ADVANCED_FACE('',(#446),#48,.F.);
#3659=ADVANCED_FACE('',(#447,#165),#268,.T.);
#3660=ADVANCED_FACE('',(#448),#86,.F.);
#3661=ADVANCED_FACE('',(#449),#49,.T.);
#3662=ADVANCED_FACE('',(#450),#269,.F.);
#3663=ADVANCED_FACE('',(#451),#50,.F.);
#3664=ADVANCED_FACE('',(#452,#166),#270,.T.);
#3665=ADVANCED_FACE('',(#453),#87,.F.);
#3666=ADVANCED_FACE('',(#454),#51,.T.);
#3667=ADVANCED_FACE('',(#455),#271,.F.);
#3668=ADVANCED_FACE('',(#456),#52,.F.);
#3669=ADVANCED_FACE('',(#457,#167),#272,.T.);
#3670=ADVANCED_FACE('',(#458),#88,.F.);
#3671=ADVANCED_FACE('',(#459),#53,.T.);
#3672=ADVANCED_FACE('',(#460),#273,.F.);
#3673=ADVANCED_FACE('',(#461),#54,.F.);
#3674=ADVANCED_FACE('',(#462,#168),#274,.T.);
#3675=ADVANCED_FACE('',(#463),#89,.F.);
#3676=ADVANCED_FACE('',(#464),#55,.T.);
#3677=ADVANCED_FACE('',(#465),#275,.F.);
#3678=ADVANCED_FACE('',(#466),#56,.F.);
#3679=ADVANCED_FACE('',(#467,#169),#276,.T.);
#3680=ADVANCED_FACE('',(#468),#90,.F.);
#3681=ADVANCED_FACE('',(#469),#57,.T.);
#3682=ADVANCED_FACE('',(#470),#277,.F.);
#3683=ADVANCED_FACE('',(#471),#58,.F.);
#3684=ADVANCED_FACE('',(#472,#170),#278,.T.);
#3685=ADVANCED_FACE('',(#473),#91,.F.);
#3686=ADVANCED_FACE('',(#474),#59,.T.);
#3687=ADVANCED_FACE('',(#475),#279,.F.);
#3688=ADVANCED_FACE('',(#476),#60,.F.);
#3689=ADVANCED_FACE('',(#477,#171),#280,.T.);
#3690=ADVANCED_FACE('',(#478),#92,.F.);
#3691=ADVANCED_FACE('',(#479),#61,.T.);
#3692=ADVANCED_FACE('',(#480),#281,.F.);
#3693=ADVANCED_FACE('',(#481),#62,.F.);
#3694=ADVANCED_FACE('',(#482,#172),#282,.T.);
#3695=ADVANCED_FACE('',(#483),#93,.F.);
#3696=ADVANCED_FACE('',(#484),#63,.T.);
#3697=ADVANCED_FACE('',(#485),#283,.F.);
#3698=ADVANCED_FACE('',(#486),#64,.F.);
#3699=ADVANCED_FACE('',(#487,#173),#284,.T.);
#3700=ADVANCED_FACE('',(#488),#94,.F.);
#3701=ADVANCED_FACE('',(#489),#65,.T.);
#3702=ADVANCED_FACE('',(#490),#285,.F.);
#3703=ADVANCED_FACE('',(#491),#66,.F.);
#3704=ADVANCED_FACE('',(#492,#174),#286,.T.);
#3705=ADVANCED_FACE('',(#493),#95,.F.);
#3706=ADVANCED_FACE('',(#494),#67,.T.);
#3707=ADVANCED_FACE('',(#495),#287,.F.);
#3708=ADVANCED_FACE('',(#496),#68,.F.);
#3709=ADVANCED_FACE('',(#497,#175),#288,.T.);
#3710=ADVANCED_FACE('',(#498),#3524,.F.);
#3711=ADVANCED_FACE('',(#499),#3525,.F.);
#3712=ADVANCED_FACE('',(#500),#289,.F.);
#3713=ADVANCED_FACE('',(#501),#290,.F.);
#3714=ADVANCED_FACE('',(#502),#291,.F.);
#3715=ADVANCED_FACE('',(#503),#292,.F.);
#3716=ADVANCED_FACE('',(#504),#3526,.F.);
#3717=ADVANCED_FACE('',(#505),#293,.F.);
#3718=ADVANCED_FACE('',(#506),#294,.F.);
#3719=ADVANCED_FACE('',(#507),#295,.F.);
#3720=ADVANCED_FACE('',(#508),#296,.F.);
#3721=ADVANCED_FACE('',(#509),#297,.F.);
#3722=ADVANCED_FACE('',(#510),#298,.F.);
#3723=ADVANCED_FACE('',(#511),#299,.F.);
#3724=ADVANCED_FACE('',(#512),#300,.F.);
#3725=ADVANCED_FACE('',(#513),#3527,.F.);
#3726=ADVANCED_FACE('',(#514),#301,.F.);
#3727=ADVANCED_FACE('',(#515),#302,.F.);
#3728=ADVANCED_FACE('',(#516),#303,.F.);
#3729=ADVANCED_FACE('',(#517),#304,.F.);
#3730=ADVANCED_FACE('',(#518),#3528,.F.);
#3731=ADVANCED_FACE('',(#519),#3529,.F.);
#3732=ADVANCED_FACE('',(#520),#3530,.F.);
#3733=ADVANCED_FACE('',(#521),#3531,.F.);
#3734=ADVANCED_FACE('',(#522),#3532,.F.);
#3735=ADVANCED_FACE('',(#523),#305,.F.);
#3736=ADVANCED_FACE('',(#524),#306,.F.);
#3737=ADVANCED_FACE('',(#525),#307,.F.);
#3738=ADVANCED_FACE('',(#526),#308,.F.);
#3739=ADVANCED_FACE('',(#527),#3533,.F.);
#3740=ADVANCED_FACE('',(#528),#309,.F.);
#3741=ADVANCED_FACE('',(#529),#310,.F.);
#3742=ADVANCED_FACE('',(#530),#311,.F.);
#3743=ADVANCED_FACE('',(#531),#312,.F.);
#3744=ADVANCED_FACE('',(#532),#3534,.F.);
#3745=ADVANCED_FACE('',(#533),#3535,.F.);
#3746=ADVANCED_FACE('',(#534),#3536,.F.);
#3747=ADVANCED_FACE('',(#535),#313,.F.);
#3748=ADVANCED_FACE('',(#536),#314,.F.);
#3749=ADVANCED_FACE('',(#537),#315,.F.);
#3750=ADVANCED_FACE('',(#538),#316,.F.);
#3751=ADVANCED_FACE('',(#539),#3537,.F.);
#3752=ADVANCED_FACE('',(#540),#3538,.F.);
#3753=ADVANCED_FACE('',(#541),#3539,.F.);
#3754=ADVANCED_FACE('',(#542),#317,.F.);
#3755=ADVANCED_FACE('',(#543),#318,.F.);
#3756=ADVANCED_FACE('',(#544),#319,.F.);
#3757=ADVANCED_FACE('',(#545),#320,.F.);
#3758=ADVANCED_FACE('',(#546,#176,#177,#178,#179,#180,#181,#182,#183,#184,
#185,#186),#321,.T.);
#3759=ADVANCED_FACE('',(#547,#187,#188,#189,#190,#191,#192),#322,.T.);
#3760=ADVANCED_FACE('',(#548,#193,#194,#195,#196,#197,#198,#199,#200,#201,
#202),#323,.T.);
#3761=ADVANCED_FACE('',(#549,#203,#204,#205,#206,#207,#208),#324,.T.);
#3762=ADVANCED_FACE('',(#550,#209,#210,#211,#212,#213,#214,#215),#325,.T.);
#3763=ADVANCED_FACE('',(#551,#216,#217,#218,#219,#220,#221),#326,.T.);
#3764=ADVANCED_FACE('',(#552),#327,.T.);
#3765=CLOSED_SHELL('',(#3540,#3541,#3542,#3543,#3544,#3545,#3546,#3547,
#3548,#3549,#3550,#3551,#3552,#3553,#3554,#3555,#3556,#3557,#3558,#3559,
#3560,#3561,#3562,#3563,#3564,#3565,#3566,#3567,#3568,#3569,#3570,#3571,
#3572,#3573,#3574,#3575,#3576,#3577,#3578,#3579,#3580,#3581,#3582,#3583,
#3584,#3585,#3586,#3587,#3588,#3589,#3590,#3591,#3592,#3593,#3594,#3595,
#3596,#3597,#3598,#3599,#3600,#3601,#3602,#3603,#3604,#3605,#3606,#3607,
#3608,#3609,#3610,#3611,#3612,#3613,#3614,#3615,#3616,#3617,#3618,#3619,
#3620,#3621,#3622,#3623,#3624,#3625,#3626,#3627,#3628,#3629,#3630,#3631,
#3632,#3633,#3634,#3635,#3636,#3637,#3638,#3639,#3640,#3641,#3642,#3643,
#3644,#3645,#3646,#3647,#3648,#3649,#3650,#3651,#3652,#3653,#3654,#3655,
#3656,#3657,#3658,#3659,#3660,#3661,#3662,#3663,#3664,#3665,#3666,#3667,
#3668,#3669,#3670,#3671,#3672,#3673,#3674,#3675,#3676,#3677,#3678,#3679,
#3680,#3681,#3682,#3683,#3684,#3685,#3686,#3687,#3688,#3689,#3690,#3691,
#3692,#3693,#3694,#3695,#3696,#3697,#3698,#3699,#3700,#3701,#3702,#3703,
#3704,#3705,#3706,#3707,#3708,#3709,#3710,#3711,#3712,#3713,#3714,#3715,
#3716,#3717,#3718,#3719,#3720,#3721,#3722,#3723,#3724,#3725,#3726,#3727,
#3728,#3729,#3730,#3731,#3732,#3733,#3734,#3735,#3736,#3737,#3738,#3739,
#3740,#3741,#3742,#3743,#3744,#3745,#3746,#3747,#3748,#3749,#3750,#3751,
#3752,#3753,#3754,#3755,#3756,#3757,#3758,#3759,#3760,#3761,#3762,#3763,
#3764));
#3766=DERIVED_UNIT_ELEMENT(#3769,1.);
#3767=DERIVED_UNIT_ELEMENT(#6579,-3.);
#3768=DIMENSIONAL_EXPONENTS(0.,1.,0.,0.,0.,0.,0.);
#3769=(
CONVERSION_BASED_UNIT('gram',#3771)
MASS_UNIT()
NAMED_UNIT(#3768)
);
#3770=(
MASS_UNIT()
NAMED_UNIT(*)
SI_UNIT(.KILO.,.GRAM.)
);
#3771=MASS_MEASURE_WITH_UNIT(MASS_MEASURE(0.001),#3770);
#3772=DERIVED_UNIT((#3766,#3767));
#3773=MEASURE_REPRESENTATION_ITEM('density measure',
POSITIVE_RATIO_MEASURE(1.),#3772);
#3774=PROPERTY_DEFINITION_REPRESENTATION(#3779,#3776);
#3775=PROPERTY_DEFINITION_REPRESENTATION(#3780,#3777);
#3776=REPRESENTATION('material name',(#3778),#6577);
#3777=REPRESENTATION('density',(#3773),#6577);
#3778=DESCRIPTIVE_REPRESENTATION_ITEM('Generic','Generic');
#3779=PROPERTY_DEFINITION('material property','material name',#6586);
#3780=PROPERTY_DEFINITION('material property','density of part',#6586);
#3781=AXIS2_PLACEMENT_3D('',#5508,#4278,#4279);
#3782=AXIS2_PLACEMENT_3D('',#5509,#4280,#4281);
#3783=AXIS2_PLACEMENT_3D('',#5512,#4282,#4283);
#3784=AXIS2_PLACEMENT_3D('',#5516,#4285,#4286);
#3785=AXIS2_PLACEMENT_3D('',#5518,#4288,#4289);
#3786=AXIS2_PLACEMENT_3D('',#5522,#4291,#4292);
#3787=AXIS2_PLACEMENT_3D('',#5526,#4294,#4295);
#3788=AXIS2_PLACEMENT_3D('',#5530,#4297,#4298);
#3789=AXIS2_PLACEMENT_3D('',#5533,#4300,#4301);
#3790=AXIS2_PLACEMENT_3D('',#5535,#4302,#4303);
#3791=AXIS2_PLACEMENT_3D('',#5537,#4304,#4305);
#3792=AXIS2_PLACEMENT_3D('',#5539,#4306,#4307);
#3793=AXIS2_PLACEMENT_3D('',#5544,#4309,#4310);
#3794=AXIS2_PLACEMENT_3D('',#5548,#4312,#4313);
#3795=AXIS2_PLACEMENT_3D('',#5552,#4315,#4316);
#3796=AXIS2_PLACEMENT_3D('',#5555,#4318,#4319);
#3797=AXIS2_PLACEMENT_3D('',#5556,#4320,#4321);
#3798=AXIS2_PLACEMENT_3D('',#5561,#4324,#4325);
#3799=AXIS2_PLACEMENT_3D('',#5563,#4326,#4327);
#3800=AXIS2_PLACEMENT_3D('',#5565,#4328,#4329);
#3801=AXIS2_PLACEMENT_3D('',#5567,#4330,#4331);
#3802=AXIS2_PLACEMENT_3D('',#5569,#4332,#4333);
#3803=AXIS2_PLACEMENT_3D('',#5571,#4334,#4335);
#3804=AXIS2_PLACEMENT_3D('',#5573,#4336,#4337);
#3805=AXIS2_PLACEMENT_3D('',#5575,#4338,#4339);
#3806=AXIS2_PLACEMENT_3D('',#5577,#4340,#4341);
#3807=AXIS2_PLACEMENT_3D('',#5579,#4342,#4343);
#3808=AXIS2_PLACEMENT_3D('',#5580,#4344,#4345);
#3809=AXIS2_PLACEMENT_3D('',#5582,#4346,#4347);
#3810=AXIS2_PLACEMENT_3D('',#5584,#4349,#4350);
#3811=AXIS2_PLACEMENT_3D('',#5587,#4351,#4352);
#3812=AXIS2_PLACEMENT_3D('',#5590,#4355,#4356);
#3813=AXIS2_PLACEMENT_3D('',#5603,#4363,#4364);
#3814=AXIS2_PLACEMENT_3D('',#5605,#4365,#4366);
#3815=AXIS2_PLACEMENT_3D('',#5607,#4367,#4368);
#3816=AXIS2_PLACEMENT_3D('',#5609,#4369,#4370);
#3817=AXIS2_PLACEMENT_3D('',#5611,#4371,#4372);
#3818=AXIS2_PLACEMENT_3D('',#5621,#4377,#4378);
#3819=AXIS2_PLACEMENT_3D('',#5631,#4383,#4384);
#3820=AXIS2_PLACEMENT_3D('',#5633,#4385,#4386);
#3821=AXIS2_PLACEMENT_3D('',#5634,#4387,#4388);
#3822=AXIS2_PLACEMENT_3D('',#5636,#4389,#4390);
#3823=AXIS2_PLACEMENT_3D('',#5638,#4392,#4393);
#3824=AXIS2_PLACEMENT_3D('',#5642,#4395,#4396);
#3825=AXIS2_PLACEMENT_3D('',#5643,#4397,#4398);
#3826=AXIS2_PLACEMENT_3D('',#5644,#4399,#4400);
#3827=AXIS2_PLACEMENT_3D('',#5648,#4402,#4403);
#3828=AXIS2_PLACEMENT_3D('',#5650,#4404,#4405);
#3829=AXIS2_PLACEMENT_3D('',#5651,#4406,#4407);
#3830=AXIS2_PLACEMENT_3D('',#5652,#4408,#4409);
#3831=AXIS2_PLACEMENT_3D('',#5656,#4411,#4412);
#3832=AXIS2_PLACEMENT_3D('',#5657,#4413,#4414);
#3833=AXIS2_PLACEMENT_3D('',#5658,#4415,#4416);
#3834=AXIS2_PLACEMENT_3D('',#5662,#4418,#4419);
#3835=AXIS2_PLACEMENT_3D('',#5664,#4420,#4421);
#3836=AXIS2_PLACEMENT_3D('',#5665,#4422,#4423);
#3837=AXIS2_PLACEMENT_3D('',#5666,#4424,#4425);
#3838=AXIS2_PLACEMENT_3D('',#5670,#4428,#4429);
#3839=AXIS2_PLACEMENT_3D('',#5674,#4431,#4432);
#3840=AXIS2_PLACEMENT_3D('',#5676,#4434,#4435);
#3841=AXIS2_PLACEMENT_3D('',#5680,#4438,#4439);
#3842=AXIS2_PLACEMENT_3D('',#5684,#4441,#4442);
#3843=AXIS2_PLACEMENT_3D('',#5688,#4445,#4446);
#3844=AXIS2_PLACEMENT_3D('',#5692,#4448,#4449);
#3845=AXIS2_PLACEMENT_3D('',#5694,#4451,#4452);
#3846=AXIS2_PLACEMENT_3D('',#5698,#4455,#4456);
#3847=AXIS2_PLACEMENT_3D('',#5702,#4459,#4460);
#3848=AXIS2_PLACEMENT_3D('',#5706,#4462,#4463);
#3849=AXIS2_PLACEMENT_3D('',#5708,#4465,#4466);
#3850=AXIS2_PLACEMENT_3D('',#5711,#4469,#4470);
#3851=AXIS2_PLACEMENT_3D('',#5714,#4473,#4474);
#3852=AXIS2_PLACEMENT_3D('',#5720,#4478,#4479);
#3853=AXIS2_PLACEMENT_3D('',#5723,#4482,#4483);
#3854=AXIS2_PLACEMENT_3D('',#5726,#4486,#4487);
#3855=AXIS2_PLACEMENT_3D('',#5728,#4488,#4489);
#3856=AXIS2_PLACEMENT_3D('',#5730,#4491,#4492);
#3857=AXIS2_PLACEMENT_3D('',#5732,#4493,#4494);
#3858=AXIS2_PLACEMENT_3D('',#5734,#4496,#4497);
#3859=AXIS2_PLACEMENT_3D('',#5736,#4498,#4499);
#3860=AXIS2_PLACEMENT_3D('',#5738,#4501,#4502);
#3861=AXIS2_PLACEMENT_3D('',#5740,#4503,#4504);
#3862=AXIS2_PLACEMENT_3D('',#5742,#4506,#4507);
#3863=AXIS2_PLACEMENT_3D('',#5744,#4508,#4509);
#3864=AXIS2_PLACEMENT_3D('',#5746,#4511,#4512);
#3865=AXIS2_PLACEMENT_3D('',#5748,#4513,#4514);
#3866=AXIS2_PLACEMENT_3D('',#5750,#4516,#4517);
#3867=AXIS2_PLACEMENT_3D('',#5752,#4518,#4519);
#3868=AXIS2_PLACEMENT_3D('',#5754,#4521,#4522);
#3869=AXIS2_PLACEMENT_3D('',#5756,#4523,#4524);
#3870=AXIS2_PLACEMENT_3D('',#5758,#4526,#4527);
#3871=AXIS2_PLACEMENT_3D('',#5760,#4528,#4529);
#3872=AXIS2_PLACEMENT_3D('',#5762,#4531,#4532);
#3873=AXIS2_PLACEMENT_3D('',#5764,#4533,#4534);
#3874=AXIS2_PLACEMENT_3D('',#5766,#4536,#4537);
#3875=AXIS2_PLACEMENT_3D('',#5769,#4538,#4539);
#3876=AXIS2_PLACEMENT_3D('',#5771,#4540,#4541);
#3877=AXIS2_PLACEMENT_3D('',#5772,#4542,#4543);
#3878=AXIS2_PLACEMENT_3D('',#5773,#4544,#4545);
#3879=AXIS2_PLACEMENT_3D('',#5774,#4546,#4547);
#3880=AXIS2_PLACEMENT_3D('',#5777,#4549,#4550);
#3881=AXIS2_PLACEMENT_3D('',#5778,#4551,#4552);
#3882=AXIS2_PLACEMENT_3D('',#5788,#4557,#4558);
#3883=AXIS2_PLACEMENT_3D('',#5790,#4559,#4560);
#3884=AXIS2_PLACEMENT_3D('',#5792,#4561,#4562);
#3885=AXIS2_PLACEMENT_3D('',#5794,#4563,#4564);
#3886=AXIS2_PLACEMENT_3D('',#5796,#4565,#4566);
#3887=AXIS2_PLACEMENT_3D('',#5798,#4567,#4568);
#3888=AXIS2_PLACEMENT_3D('',#5800,#4569,#4570);
#3889=AXIS2_PLACEMENT_3D('',#5802,#4571,#4572);
#3890=AXIS2_PLACEMENT_3D('',#5804,#4573,#4574);
#3891=AXIS2_PLACEMENT_3D('',#5806,#4575,#4576);
#3892=AXIS2_PLACEMENT_3D('',#5808,#4577,#4578);
#3893=AXIS2_PLACEMENT_3D('',#5810,#4579,#4580);
#3894=AXIS2_PLACEMENT_3D('',#5812,#4581,#4582);
#3895=AXIS2_PLACEMENT_3D('',#5814,#4583,#4584);
#3896=AXIS2_PLACEMENT_3D('',#5816,#4585,#4586);
#3897=AXIS2_PLACEMENT_3D('',#5818,#4587,#4588);
#3898=AXIS2_PLACEMENT_3D('',#5820,#4589,#4590);
#3899=AXIS2_PLACEMENT_3D('',#5822,#4591,#4592);
#3900=AXIS2_PLACEMENT_3D('',#5824,#4593,#4594);
#3901=AXIS2_PLACEMENT_3D('',#5826,#4595,#4596);
#3902=AXIS2_PLACEMENT_3D('',#5828,#4597,#4598);
#3903=AXIS2_PLACEMENT_3D('',#5830,#4599,#4600);
#3904=AXIS2_PLACEMENT_3D('',#5832,#4601,#4602);
#3905=AXIS2_PLACEMENT_3D('',#5834,#4603,#4604);
#3906=AXIS2_PLACEMENT_3D('',#5836,#4605,#4606);
#3907=AXIS2_PLACEMENT_3D('',#5838,#4607,#4608);
#3908=AXIS2_PLACEMENT_3D('',#5839,#4609,#4610);
#3909=AXIS2_PLACEMENT_3D('',#5841,#4611,#4612);
#3910=AXIS2_PLACEMENT_3D('',#5842,#4613,#4614);
#3911=AXIS2_PLACEMENT_3D('',#5844,#4615,#4616);
#3912=AXIS2_PLACEMENT_3D('',#5846,#4618,#4619);
#3913=AXIS2_PLACEMENT_3D('',#5847,#4620,#4621);
#3914=AXIS2_PLACEMENT_3D('',#5850,#4622,#4623);
#3915=AXIS2_PLACEMENT_3D('',#5851,#4624,#4625);
#3916=AXIS2_PLACEMENT_3D('',#5852,#4626,#4627);
#3917=AXIS2_PLACEMENT_3D('',#5853,#4628,#4629);
#3918=AXIS2_PLACEMENT_3D('',#5856,#4631,#4632);
#3919=AXIS2_PLACEMENT_3D('',#5857,#4633,#4634);
#3920=AXIS2_PLACEMENT_3D('',#5859,#4635,#4636);
#3921=AXIS2_PLACEMENT_3D('',#5860,#4637,#4638);
#3922=AXIS2_PLACEMENT_3D('',#5862,#4639,#4640);
#3923=AXIS2_PLACEMENT_3D('',#5864,#4642,#4643);
#3924=AXIS2_PLACEMENT_3D('',#5865,#4644,#4645);
#3925=AXIS2_PLACEMENT_3D('',#5868,#4646,#4647);
#3926=AXIS2_PLACEMENT_3D('',#5869,#4648,#4649);
#3927=AXIS2_PLACEMENT_3D('',#5870,#4650,#4651);
#3928=AXIS2_PLACEMENT_3D('',#5871,#4652,#4653);
#3929=AXIS2_PLACEMENT_3D('',#5874,#4655,#4656);
#3930=AXIS2_PLACEMENT_3D('',#5875,#4657,#4658);
#3931=AXIS2_PLACEMENT_3D('',#5877,#4659,#4660);
#3932=AXIS2_PLACEMENT_3D('',#5878,#4661,#4662);
#3933=AXIS2_PLACEMENT_3D('',#5880,#4663,#4664);
#3934=AXIS2_PLACEMENT_3D('',#5882,#4666,#4667);
#3935=AXIS2_PLACEMENT_3D('',#5883,#4668,#4669);
#3936=AXIS2_PLACEMENT_3D('',#5886,#4670,#4671);
#3937=AXIS2_PLACEMENT_3D('',#5887,#4672,#4673);
#3938=AXIS2_PLACEMENT_3D('',#5888,#4674,#4675);
#3939=AXIS2_PLACEMENT_3D('',#5889,#4676,#4677);
#3940=AXIS2_PLACEMENT_3D('',#5892,#4679,#4680);
#3941=AXIS2_PLACEMENT_3D('',#5893,#4681,#4682);
#3942=AXIS2_PLACEMENT_3D('',#5895,#4683,#4684);
#3943=AXIS2_PLACEMENT_3D('',#5896,#4685,#4686);
#3944=AXIS2_PLACEMENT_3D('',#5898,#4687,#4688);
#3945=AXIS2_PLACEMENT_3D('',#5900,#4690,#4691);
#3946=AXIS2_PLACEMENT_3D('',#5901,#4692,#4693);
#3947=AXIS2_PLACEMENT_3D('',#5904,#4694,#4695);
#3948=AXIS2_PLACEMENT_3D('',#5905,#4696,#4697);
#3949=AXIS2_PLACEMENT_3D('',#5906,#4698,#4699);
#3950=AXIS2_PLACEMENT_3D('',#5907,#4700,#4701);
#3951=AXIS2_PLACEMENT_3D('',#5910,#4703,#4704);
#3952=AXIS2_PLACEMENT_3D('',#5911,#4705,#4706);
#3953=AXIS2_PLACEMENT_3D('',#5913,#4707,#4708);
#3954=AXIS2_PLACEMENT_3D('',#5914,#4709,#4710);
#3955=AXIS2_PLACEMENT_3D('',#5916,#4711,#4712);
#3956=AXIS2_PLACEMENT_3D('',#5918,#4714,#4715);
#3957=AXIS2_PLACEMENT_3D('',#5919,#4716,#4717);
#3958=AXIS2_PLACEMENT_3D('',#5922,#4718,#4719);
#3959=AXIS2_PLACEMENT_3D('',#5923,#4720,#4721);
#3960=AXIS2_PLACEMENT_3D('',#5924,#4722,#4723);
#3961=AXIS2_PLACEMENT_3D('',#5925,#4724,#4725);
#3962=AXIS2_PLACEMENT_3D('',#5928,#4727,#4728);
#3963=AXIS2_PLACEMENT_3D('',#5929,#4729,#4730);
#3964=AXIS2_PLACEMENT_3D('',#5931,#4731,#4732);
#3965=AXIS2_PLACEMENT_3D('',#5932,#4733,#4734);
#3966=AXIS2_PLACEMENT_3D('',#5934,#4735,#4736);
#3967=AXIS2_PLACEMENT_3D('',#5936,#4738,#4739);
#3968=AXIS2_PLACEMENT_3D('',#5937,#4740,#4741);
#3969=AXIS2_PLACEMENT_3D('',#5940,#4742,#4743);
#3970=AXIS2_PLACEMENT_3D('',#5941,#4744,#4745);
#3971=AXIS2_PLACEMENT_3D('',#5942,#4746,#4747);
#3972=AXIS2_PLACEMENT_3D('',#5943,#4748,#4749);
#3973=AXIS2_PLACEMENT_3D('',#5946,#4751,#4752);
#3974=AXIS2_PLACEMENT_3D('',#5947,#4753,#4754);
#3975=AXIS2_PLACEMENT_3D('',#5949,#4755,#4756);
#3976=AXIS2_PLACEMENT_3D('',#5950,#4757,#4758);
#3977=AXIS2_PLACEMENT_3D('',#5952,#4759,#4760);
#3978=AXIS2_PLACEMENT_3D('',#5954,#4762,#4763);
#3979=AXIS2_PLACEMENT_3D('',#5955,#4764,#4765);
#3980=AXIS2_PLACEMENT_3D('',#5958,#4766,#4767);
#3981=AXIS2_PLACEMENT_3D('',#5959,#4768,#4769);
#3982=AXIS2_PLACEMENT_3D('',#5960,#4770,#4771);
#3983=AXIS2_PLACEMENT_3D('',#5961,#4772,#4773);
#3984=AXIS2_PLACEMENT_3D('',#5964,#4775,#4776);
#3985=AXIS2_PLACEMENT_3D('',#5965,#4777,#4778);
#3986=AXIS2_PLACEMENT_3D('',#5967,#4779,#4780);
#3987=AXIS2_PLACEMENT_3D('',#5968,#4781,#4782);
#3988=AXIS2_PLACEMENT_3D('',#5970,#4783,#4784);
#3989=AXIS2_PLACEMENT_3D('',#5972,#4786,#4787);
#3990=AXIS2_PLACEMENT_3D('',#5973,#4788,#4789);
#3991=AXIS2_PLACEMENT_3D('',#5976,#4790,#4791);
#3992=AXIS2_PLACEMENT_3D('',#5977,#4792,#4793);
#3993=AXIS2_PLACEMENT_3D('',#5978,#4794,#4795);
#3994=AXIS2_PLACEMENT_3D('',#5979,#4796,#4797);
#3995=AXIS2_PLACEMENT_3D('',#5982,#4799,#4800);
#3996=AXIS2_PLACEMENT_3D('',#5983,#4801,#4802);
#3997=AXIS2_PLACEMENT_3D('',#5985,#4803,#4804);
#3998=AXIS2_PLACEMENT_3D('',#5986,#4805,#4806);
#3999=AXIS2_PLACEMENT_3D('',#5988,#4807,#4808);
#4000=AXIS2_PLACEMENT_3D('',#5990,#4810,#4811);
#4001=AXIS2_PLACEMENT_3D('',#5991,#4812,#4813);
#4002=AXIS2_PLACEMENT_3D('',#5994,#4814,#4815);
#4003=AXIS2_PLACEMENT_3D('',#5995,#4816,#4817);
#4004=AXIS2_PLACEMENT_3D('',#5996,#4818,#4819);
#4005=AXIS2_PLACEMENT_3D('',#5997,#4820,#4821);
#4006=AXIS2_PLACEMENT_3D('',#6000,#4823,#4824);
#4007=AXIS2_PLACEMENT_3D('',#6001,#4825,#4826);
#4008=AXIS2_PLACEMENT_3D('',#6003,#4827,#4828);
#4009=AXIS2_PLACEMENT_3D('',#6004,#4829,#4830);
#4010=AXIS2_PLACEMENT_3D('',#6006,#4831,#4832);
#4011=AXIS2_PLACEMENT_3D('',#6008,#4834,#4835);
#4012=AXIS2_PLACEMENT_3D('',#6009,#4836,#4837);
#4013=AXIS2_PLACEMENT_3D('',#6012,#4838,#4839);
#4014=AXIS2_PLACEMENT_3D('',#6013,#4840,#4841);
#4015=AXIS2_PLACEMENT_3D('',#6014,#4842,#4843);
#4016=AXIS2_PLACEMENT_3D('',#6015,#4844,#4845);
#4017=AXIS2_PLACEMENT_3D('',#6018,#4847,#4848);
#4018=AXIS2_PLACEMENT_3D('',#6019,#4849,#4850);
#4019=AXIS2_PLACEMENT_3D('',#6021,#4851,#4852);
#4020=AXIS2_PLACEMENT_3D('',#6022,#4853,#4854);
#4021=AXIS2_PLACEMENT_3D('',#6024,#4855,#4856);
#4022=AXIS2_PLACEMENT_3D('',#6026,#4858,#4859);
#4023=AXIS2_PLACEMENT_3D('',#6027,#4860,#4861);
#4024=AXIS2_PLACEMENT_3D('',#6030,#4862,#4863);
#4025=AXIS2_PLACEMENT_3D('',#6031,#4864,#4865);
#4026=AXIS2_PLACEMENT_3D('',#6032,#4866,#4867);
#4027=AXIS2_PLACEMENT_3D('',#6033,#4868,#4869);
#4028=AXIS2_PLACEMENT_3D('',#6036,#4871,#4872);
#4029=AXIS2_PLACEMENT_3D('',#6037,#4873,#4874);
#4030=AXIS2_PLACEMENT_3D('',#6039,#4875,#4876);
#4031=AXIS2_PLACEMENT_3D('',#6040,#4877,#4878);
#4032=AXIS2_PLACEMENT_3D('',#6042,#4879,#4880);
#4033=AXIS2_PLACEMENT_3D('',#6044,#4882,#4883);
#4034=AXIS2_PLACEMENT_3D('',#6045,#4884,#4885);
#4035=AXIS2_PLACEMENT_3D('',#6048,#4886,#4887);
#4036=AXIS2_PLACEMENT_3D('',#6049,#4888,#4889);
#4037=AXIS2_PLACEMENT_3D('',#6050,#4890,#4891);
#4038=AXIS2_PLACEMENT_3D('',#6051,#4892,#4893);
#4039=AXIS2_PLACEMENT_3D('',#6054,#4895,#4896);
#4040=AXIS2_PLACEMENT_3D('',#6055,#4897,#4898);
#4041=AXIS2_PLACEMENT_3D('',#6057,#4899,#4900);
#4042=AXIS2_PLACEMENT_3D('',#6058,#4901,#4902);
#4043=AXIS2_PLACEMENT_3D('',#6060,#4903,#4904);
#4044=AXIS2_PLACEMENT_3D('',#6062,#4906,#4907);
#4045=AXIS2_PLACEMENT_3D('',#6063,#4908,#4909);
#4046=AXIS2_PLACEMENT_3D('',#6066,#4910,#4911);
#4047=AXIS2_PLACEMENT_3D('',#6067,#4912,#4913);
#4048=AXIS2_PLACEMENT_3D('',#6068,#4914,#4915);
#4049=AXIS2_PLACEMENT_3D('',#6069,#4916,#4917);
#4050=AXIS2_PLACEMENT_3D('',#6072,#4919,#4920);
#4051=AXIS2_PLACEMENT_3D('',#6073,#4921,#4922);
#4052=AXIS2_PLACEMENT_3D('',#6075,#4923,#4924);
#4053=AXIS2_PLACEMENT_3D('',#6076,#4925,#4926);
#4054=AXIS2_PLACEMENT_3D('',#6078,#4927,#4928);
#4055=AXIS2_PLACEMENT_3D('',#6080,#4930,#4931);
#4056=AXIS2_PLACEMENT_3D('',#6081,#4932,#4933);
#4057=AXIS2_PLACEMENT_3D('',#6084,#4934,#4935);
#4058=AXIS2_PLACEMENT_3D('',#6085,#4936,#4937);
#4059=AXIS2_PLACEMENT_3D('',#6086,#4938,#4939);
#4060=AXIS2_PLACEMENT_3D('',#6087,#4940,#4941);
#4061=AXIS2_PLACEMENT_3D('',#6090,#4943,#4944);
#4062=AXIS2_PLACEMENT_3D('',#6091,#4945,#4946);
#4063=AXIS2_PLACEMENT_3D('',#6093,#4947,#4948);
#4064=AXIS2_PLACEMENT_3D('',#6094,#4949,#4950);
#4065=AXIS2_PLACEMENT_3D('',#6096,#4951,#4952);
#4066=AXIS2_PLACEMENT_3D('',#6098,#4954,#4955);
#4067=AXIS2_PLACEMENT_3D('',#6099,#4956,#4957);
#4068=AXIS2_PLACEMENT_3D('',#6102,#4958,#4959);
#4069=AXIS2_PLACEMENT_3D('',#6103,#4960,#4961);
#4070=AXIS2_PLACEMENT_3D('',#6104,#4962,#4963);
#4071=AXIS2_PLACEMENT_3D('',#6105,#4964,#4965);
#4072=AXIS2_PLACEMENT_3D('',#6108,#4967,#4968);
#4073=AXIS2_PLACEMENT_3D('',#6109,#4969,#4970);
#4074=AXIS2_PLACEMENT_3D('',#6111,#4971,#4972);
#4075=AXIS2_PLACEMENT_3D('',#6112,#4973,#4974);
#4076=AXIS2_PLACEMENT_3D('',#6114,#4975,#4976);
#4077=AXIS2_PLACEMENT_3D('',#6116,#4978,#4979);
#4078=AXIS2_PLACEMENT_3D('',#6117,#4980,#4981);
#4079=AXIS2_PLACEMENT_3D('',#6120,#4982,#4983);
#4080=AXIS2_PLACEMENT_3D('',#6121,#4984,#4985);
#4081=AXIS2_PLACEMENT_3D('',#6122,#4986,#4987);
#4082=AXIS2_PLACEMENT_3D('',#6123,#4988,#4989);
#4083=AXIS2_PLACEMENT_3D('',#6126,#4991,#4992);
#4084=AXIS2_PLACEMENT_3D('',#6127,#4993,#4994);
#4085=AXIS2_PLACEMENT_3D('',#6129,#4995,#4996);
#4086=AXIS2_PLACEMENT_3D('',#6130,#4997,#4998);
#4087=AXIS2_PLACEMENT_3D('',#6132,#4999,#5000);
#4088=AXIS2_PLACEMENT_3D('',#6134,#5002,#5003);
#4089=AXIS2_PLACEMENT_3D('',#6135,#5004,#5005);
#4090=AXIS2_PLACEMENT_3D('',#6138,#5006,#5007);
#4091=AXIS2_PLACEMENT_3D('',#6139,#5008,#5009);
#4092=AXIS2_PLACEMENT_3D('',#6140,#5010,#5011);
#4093=AXIS2_PLACEMENT_3D('',#6141,#5012,#5013);
#4094=AXIS2_PLACEMENT_3D('',#6144,#5015,#5016);
#4095=AXIS2_PLACEMENT_3D('',#6145,#5017,#5018);
#4096=AXIS2_PLACEMENT_3D('',#6147,#5019,#5020);
#4097=AXIS2_PLACEMENT_3D('',#6148,#5021,#5022);
#4098=AXIS2_PLACEMENT_3D('',#6150,#5023,#5024);
#4099=AXIS2_PLACEMENT_3D('',#6152,#5026,#5027);
#4100=AXIS2_PLACEMENT_3D('',#6153,#5028,#5029);
#4101=AXIS2_PLACEMENT_3D('',#6156,#5030,#5031);
#4102=AXIS2_PLACEMENT_3D('',#6157,#5032,#5033);
#4103=AXIS2_PLACEMENT_3D('',#6158,#5034,#5035);
#4104=AXIS2_PLACEMENT_3D('',#6159,#5036,#5037);
#4105=AXIS2_PLACEMENT_3D('',#6162,#5039,#5040);
#4106=AXIS2_PLACEMENT_3D('',#6163,#5041,#5042);
#4107=AXIS2_PLACEMENT_3D('',#6165,#5043,#5044);
#4108=AXIS2_PLACEMENT_3D('',#6166,#5045,#5046);
#4109=AXIS2_PLACEMENT_3D('',#6168,#5047,#5048);
#4110=AXIS2_PLACEMENT_3D('',#6170,#5050,#5051);
#4111=AXIS2_PLACEMENT_3D('',#6171,#5052,#5053);
#4112=AXIS2_PLACEMENT_3D('',#6174,#5054,#5055);
#4113=AXIS2_PLACEMENT_3D('',#6175,#5056,#5057);
#4114=AXIS2_PLACEMENT_3D('',#6176,#5058,#5059);
#4115=AXIS2_PLACEMENT_3D('',#6177,#5060,#5061);
#4116=AXIS2_PLACEMENT_3D('',#6180,#5063,#5064);
#4117=AXIS2_PLACEMENT_3D('',#6181,#5065,#5066);
#4118=AXIS2_PLACEMENT_3D('',#6183,#5067,#5068);
#4119=AXIS2_PLACEMENT_3D('',#6184,#5069,#5070);
#4120=AXIS2_PLACEMENT_3D('',#6186,#5071,#5072);
#4121=AXIS2_PLACEMENT_3D('',#6188,#5074,#5075);
#4122=AXIS2_PLACEMENT_3D('',#6189,#5076,#5077);
#4123=AXIS2_PLACEMENT_3D('',#6192,#5078,#5079);
#4124=AXIS2_PLACEMENT_3D('',#6193,#5080,#5081);
#4125=AXIS2_PLACEMENT_3D('',#6194,#5082,#5083);
#4126=AXIS2_PLACEMENT_3D('',#6195,#5084,#5085);
#4127=AXIS2_PLACEMENT_3D('',#6198,#5087,#5088);
#4128=AXIS2_PLACEMENT_3D('',#6199,#5089,#5090);
#4129=AXIS2_PLACEMENT_3D('',#6201,#5091,#5092);
#4130=AXIS2_PLACEMENT_3D('',#6202,#5093,#5094);
#4131=AXIS2_PLACEMENT_3D('',#6204,#5095,#5096);
#4132=AXIS2_PLACEMENT_3D('',#6206,#5098,#5099);
#4133=AXIS2_PLACEMENT_3D('',#6207,#5100,#5101);
#4134=AXIS2_PLACEMENT_3D('',#6210,#5102,#5103);
#4135=AXIS2_PLACEMENT_3D('',#6211,#5104,#5105);
#4136=AXIS2_PLACEMENT_3D('',#6212,#5106,#5107);
#4137=AXIS2_PLACEMENT_3D('',#6213,#5108,#5109);
#4138=AXIS2_PLACEMENT_3D('',#6216,#5111,#5112);
#4139=AXIS2_PLACEMENT_3D('',#6217,#5113,#5114);
#4140=AXIS2_PLACEMENT_3D('',#6219,#5115,#5116);
#4141=AXIS2_PLACEMENT_3D('',#6220,#5117,#5118);
#4142=AXIS2_PLACEMENT_3D('',#6222,#5119,#5120);
#4143=AXIS2_PLACEMENT_3D('',#6224,#5122,#5123);
#4144=AXIS2_PLACEMENT_3D('',#6225,#5124,#5125);
#4145=AXIS2_PLACEMENT_3D('',#6228,#5126,#5127);
#4146=AXIS2_PLACEMENT_3D('',#6229,#5128,#5129);
#4147=AXIS2_PLACEMENT_3D('',#6230,#5130,#5131);
#4148=AXIS2_PLACEMENT_3D('',#6231,#5132,#5133);
#4149=AXIS2_PLACEMENT_3D('',#6234,#5135,#5136);
#4150=AXIS2_PLACEMENT_3D('',#6235,#5137,#5138);
#4151=AXIS2_PLACEMENT_3D('',#6237,#5139,#5140);
#4152=AXIS2_PLACEMENT_3D('',#6238,#5141,#5142);
#4153=AXIS2_PLACEMENT_3D('',#6240,#5143,#5144);
#4154=AXIS2_PLACEMENT_3D('',#6242,#5146,#5147);
#4155=AXIS2_PLACEMENT_3D('',#6243,#5148,#5149);
#4156=AXIS2_PLACEMENT_3D('',#6246,#5150,#5151);
#4157=AXIS2_PLACEMENT_3D('',#6247,#5152,#5153);
#4158=AXIS2_PLACEMENT_3D('',#6248,#5154,#5155);
#4159=AXIS2_PLACEMENT_3D('',#6249,#5156,#5157);
#4160=AXIS2_PLACEMENT_3D('',#6252,#5159,#5160);
#4161=AXIS2_PLACEMENT_3D('',#6253,#5161,#5162);
#4162=AXIS2_PLACEMENT_3D('',#6255,#5163,#5164);
#4163=AXIS2_PLACEMENT_3D('',#6256,#5165,#5166);
#4164=AXIS2_PLACEMENT_3D('',#6258,#5167,#5168);
#4165=AXIS2_PLACEMENT_3D('',#6260,#5170,#5171);
#4166=AXIS2_PLACEMENT_3D('',#6261,#5172,#5173);
#4167=AXIS2_PLACEMENT_3D('',#6264,#5174,#5175);
#4168=AXIS2_PLACEMENT_3D('',#6265,#5176,#5177);
#4169=AXIS2_PLACEMENT_3D('',#6266,#5178,#5179);
#4170=AXIS2_PLACEMENT_3D('',#6267,#5180,#5181);
#4171=AXIS2_PLACEMENT_3D('',#6270,#5183,#5184);
#4172=AXIS2_PLACEMENT_3D('',#6271,#5185,#5186);
#4173=AXIS2_PLACEMENT_3D('',#6273,#5187,#5188);
#4174=AXIS2_PLACEMENT_3D('',#6274,#5189,#5190);
#4175=AXIS2_PLACEMENT_3D('',#6276,#5191,#5192);
#4176=AXIS2_PLACEMENT_3D('',#6278,#5194,#5195);
#4177=AXIS2_PLACEMENT_3D('',#6279,#5196,#5197);
#4178=AXIS2_PLACEMENT_3D('',#6282,#5198,#5199);
#4179=AXIS2_PLACEMENT_3D('',#6283,#5200,#5201);
#4180=AXIS2_PLACEMENT_3D('',#6284,#5202,#5203);
#4181=AXIS2_PLACEMENT_3D('',#6285,#5204,#5205);
#4182=AXIS2_PLACEMENT_3D('',#6288,#5207,#5208);
#4183=AXIS2_PLACEMENT_3D('',#6289,#5209,#5210);
#4184=AXIS2_PLACEMENT_3D('',#6291,#5211,#5212);
#4185=AXIS2_PLACEMENT_3D('',#6292,#5213,#5214);
#4186=AXIS2_PLACEMENT_3D('',#6294,#5215,#5216);
#4187=AXIS2_PLACEMENT_3D('',#6296,#5218,#5219);
#4188=AXIS2_PLACEMENT_3D('',#6297,#5220,#5221);
#4189=AXIS2_PLACEMENT_3D('',#6300,#5222,#5223);
#4190=AXIS2_PLACEMENT_3D('',#6301,#5224,#5225);
#4191=AXIS2_PLACEMENT_3D('',#6302,#5226,#5227);
#4192=AXIS2_PLACEMENT_3D('',#6303,#5228,#5229);
#4193=AXIS2_PLACEMENT_3D('',#6306,#5231,#5232);
#4194=AXIS2_PLACEMENT_3D('',#6307,#5233,#5234);
#4195=AXIS2_PLACEMENT_3D('',#6309,#5235,#5236);
#4196=AXIS2_PLACEMENT_3D('',#6310,#5237,#5238);
#4197=AXIS2_PLACEMENT_3D('',#6312,#5239,#5240);
#4198=AXIS2_PLACEMENT_3D('',#6314,#5242,#5243);
#4199=AXIS2_PLACEMENT_3D('',#6315,#5244,#5245);
#4200=AXIS2_PLACEMENT_3D('',#6317,#5246,#5247);
#4201=AXIS2_PLACEMENT_3D('',#6320,#5249,#5250);
#4202=AXIS2_PLACEMENT_3D('',#6321,#5251,#5252);
#4203=AXIS2_PLACEMENT_3D('',#6323,#5253,#5254);
#4204=AXIS2_PLACEMENT_3D('',#6326,#5256,#5257);
#4205=AXIS2_PLACEMENT_3D('',#6327,#5258,#5259);
#4206=AXIS2_PLACEMENT_3D('',#6335,#5264,#5265);
#4207=AXIS2_PLACEMENT_3D('',#6341,#5269,#5270);
#4208=AXIS2_PLACEMENT_3D('',#6347,#5274,#5275);
#4209=AXIS2_PLACEMENT_3D('',#6350,#5278,#5279);
#4210=AXIS2_PLACEMENT_3D('',#6352,#5280,#5281);
#4211=AXIS2_PLACEMENT_3D('',#6355,#5283,#5284);
#4212=AXIS2_PLACEMENT_3D('',#6356,#5285,#5286);
#4213=AXIS2_PLACEMENT_3D('',#6365,#5291,#5292);
#4214=AXIS2_PLACEMENT_3D('',#6371,#5296,#5297);
#4215=AXIS2_PLACEMENT_3D('',#6377,#5301,#5302);
#4216=AXIS2_PLACEMENT_3D('',#6380,#5305,#5306);
#4217=AXIS2_PLACEMENT_3D('',#6389,#5311,#5312);
#4218=AXIS2_PLACEMENT_3D('',#6395,#5316,#5317);
#4219=AXIS2_PLACEMENT_3D('',#6401,#5321,#5322);
#4220=AXIS2_PLACEMENT_3D('',#6404,#5325,#5326);
#4221=AXIS2_PLACEMENT_3D('',#6406,#5327,#5328);
#4222=AXIS2_PLACEMENT_3D('',#6409,#5330,#5331);
#4223=AXIS2_PLACEMENT_3D('',#6410,#5332,#5333);
#4224=AXIS2_PLACEMENT_3D('',#6416,#5337,#5338);
#4225=AXIS2_PLACEMENT_3D('',#6420,#5341,#5342);
#4226=AXIS2_PLACEMENT_3D('',#6424,#5345,#5346);
#4227=AXIS2_PLACEMENT_3D('',#6426,#5348,#5349);
#4228=AXIS2_PLACEMENT_3D('',#6429,#5351,#5352);
#4229=AXIS2_PLACEMENT_3D('',#6430,#5353,#5354);
#4230=AXIS2_PLACEMENT_3D('',#6433,#5356,#5357);
#4231=AXIS2_PLACEMENT_3D('',#6434,#5358,#5359);
#4232=AXIS2_PLACEMENT_3D('',#6437,#5361,#5362);
#4233=AXIS2_PLACEMENT_3D('',#6438,#5363,#5364);
#4234=AXIS2_PLACEMENT_3D('',#6441,#5366,#5367);
#4235=AXIS2_PLACEMENT_3D('',#6442,#5368,#5369);
#4236=AXIS2_PLACEMENT_3D('',#6445,#5371,#5372);
#4237=AXIS2_PLACEMENT_3D('',#6446,#5373,#5374);
#4238=AXIS2_PLACEMENT_3D('',#6452,#5378,#5379);
#4239=AXIS2_PLACEMENT_3D('',#6456,#5382,#5383);
#4240=AXIS2_PLACEMENT_3D('',#6460,#5386,#5387);
#4241=AXIS2_PLACEMENT_3D('',#6462,#5389,#5390);
#4242=AXIS2_PLACEMENT_3D('',#6465,#5392,#5393);
#4243=AXIS2_PLACEMENT_3D('',#6466,#5394,#5395);
#4244=AXIS2_PLACEMENT_3D('',#6472,#5399,#5400);
#4245=AXIS2_PLACEMENT_3D('',#6476,#5403,#5404);
#4246=AXIS2_PLACEMENT_3D('',#6480,#5407,#5408);
#4247=AXIS2_PLACEMENT_3D('',#6482,#5410,#5411);
#4248=AXIS2_PLACEMENT_3D('',#6485,#5413,#5414);
#4249=AXIS2_PLACEMENT_3D('',#6486,#5415,#5416);
#4250=AXIS2_PLACEMENT_3D('',#6489,#5418,#5419);
#4251=AXIS2_PLACEMENT_3D('',#6490,#5420,#5421);
#4252=AXIS2_PLACEMENT_3D('',#6492,#5422,#5423);
#4253=AXIS2_PLACEMENT_3D('',#6495,#5425,#5426);
#4254=AXIS2_PLACEMENT_3D('',#6496,#5427,#5428);
#4255=AXIS2_PLACEMENT_3D('',#6505,#5433,#5434);
#4256=AXIS2_PLACEMENT_3D('',#6511,#5438,#5439);
#4257=AXIS2_PLACEMENT_3D('',#6517,#5443,#5444);
#4258=AXIS2_PLACEMENT_3D('',#6520,#5447,#5448);
#4259=AXIS2_PLACEMENT_3D('',#6522,#5449,#5450);
#4260=AXIS2_PLACEMENT_3D('',#6525,#5452,#5453);
#4261=AXIS2_PLACEMENT_3D('',#6526,#5454,#5455);
#4262=AXIS2_PLACEMENT_3D('',#6528,#5456,#5457);
#4263=AXIS2_PLACEMENT_3D('',#6531,#5459,#5460);
#4264=AXIS2_PLACEMENT_3D('',#6532,#5461,#5462);
#4265=AXIS2_PLACEMENT_3D('',#6534,#5463,#5464);
#4266=AXIS2_PLACEMENT_3D('',#6537,#5466,#5467);
#4267=AXIS2_PLACEMENT_3D('',#6538,#5468,#5469);
#4268=AXIS2_PLACEMENT_3D('',#6547,#5474,#5475);
#4269=AXIS2_PLACEMENT_3D('',#6553,#5479,#5480);
#4270=AXIS2_PLACEMENT_3D('',#6559,#5484,#5485);
#4271=AXIS2_PLACEMENT_3D('',#6562,#5488,#5489);
#4272=AXIS2_PLACEMENT_3D('',#6565,#5492,#5493);
#4273=AXIS2_PLACEMENT_3D('',#6567,#5495,#5496);
#4274=AXIS2_PLACEMENT_3D('',#6569,#5498,#5499);
#4275=AXIS2_PLACEMENT_3D('',#6570,#5500,#5501);
#4276=AXIS2_PLACEMENT_3D('',#6572,#5503,#5504);
#4277=AXIS2_PLACEMENT_3D('',#6574,#5506,#5507);
#4278=DIRECTION('axis',(0.,0.,1.));
#4279=DIRECTION('refdir',(1.,0.,0.));
#4280=DIRECTION('center_axis',(0.,0.,1.));
#4281=DIRECTION('ref_axis',(0.707106781186548,-0.707106781186548,0.));
#4282=DIRECTION('center_axis',(0.,0.,-1.));
#4283=DIRECTION('ref_axis',(0.707106781186548,-0.707106781186548,0.));
#4284=DIRECTION('',(0.,0.,-1.));
#4285=DIRECTION('center_axis',(0.,0.,1.));
#4286=DIRECTION('ref_axis',(0.707106781186548,-0.707106781186548,0.));
#4287=DIRECTION('',(0.,0.,1.));
#4288=DIRECTION('center_axis',(0.,0.,-1.));
#4289=DIRECTION('ref_axis',(-1.,0.,0.));
#4290=DIRECTION('',(-1.,0.,0.));
#4291=DIRECTION('center_axis',(0.,0.,1.));
#4292=DIRECTION('ref_axis',(-0.707106781186548,-0.707106781186548,0.));
#4293=DIRECTION('',(0.,1.,0.));
#4294=DIRECTION('center_axis',(0.,0.,1.));
#4295=DIRECTION('ref_axis',(-0.707106781186548,0.707106781186548,0.));
#4296=DIRECTION('',(1.,0.,0.));
#4297=DIRECTION('center_axis',(0.,0.,1.));
#4298=DIRECTION('ref_axis',(0.707106781186548,0.707106781186547,0.));
#4299=DIRECTION('',(0.,-1.,0.));
#4300=DIRECTION('center_axis',(0.,0.,1.));
#4301=DIRECTION('ref_axis',(-1.,0.,0.));
#4302=DIRECTION('center_axis',(0.,0.,1.));
#4303=DIRECTION('ref_axis',(-1.,0.,0.));
#4304=DIRECTION('center_axis',(0.,0.,1.));
#4305=DIRECTION('ref_axis',(-1.,0.,0.));
#4306=DIRECTION('center_axis',(0.,0.,1.));
#4307=DIRECTION('ref_axis',(-1.,0.,0.));
#4308=DIRECTION('',(0.,-1.,0.));
#4309=DIRECTION('center_axis',(0.,0.,-1.));
#4310=DIRECTION('ref_axis',(-3.33066907387547E-16,1.,0.));
#4311=DIRECTION('',(1.,0.,0.));
#4312=DIRECTION('center_axis',(0.,0.,-1.));
#4313=DIRECTION('ref_axis',(-1.,0.,0.));
#4314=DIRECTION('',(0.,1.,0.));
#4315=DIRECTION('center_axis',(0.,0.,-1.));
#4316=DIRECTION('ref_axis',(0.,-1.,0.));
#4317=DIRECTION('',(-1.,0.,0.));
#4318=DIRECTION('center_axis',(0.,0.,-1.));
#4319=DIRECTION('ref_axis',(1.,1.11022302462516E-16,0.));
#4320=DIRECTION('center_axis',(0.,-1.,0.));
#4321=DIRECTION('ref_axis',(1.,0.,0.));
#4322=DIRECTION('',(1.,0.,0.));
#4323=DIRECTION('',(0.,0.,1.));
#4324=DIRECTION('center_axis',(0.,1.,0.));
#4325=DIRECTION('ref_axis',(1.,0.,0.));
#4326=DIRECTION('center_axis',(0.,1.,0.));
#4327=DIRECTION('ref_axis',(1.,0.,0.));
#4328=DIRECTION('center_axis',(0.,1.,0.));
#4329=DIRECTION('ref_axis',(1.,0.,0.));
#4330=DIRECTION('center_axis',(0.,1.,0.));
#4331=DIRECTION('ref_axis',(1.,0.,0.));
#4332=DIRECTION('center_axis',(0.,1.,0.));
#4333=DIRECTION('ref_axis',(1.,0.,0.));
#4334=DIRECTION('center_axis',(0.,1.,0.));
#4335=DIRECTION('ref_axis',(1.,0.,0.));
#4336=DIRECTION('center_axis',(0.,1.,0.));
#4337=DIRECTION('ref_axis',(1.,0.,0.));
#4338=DIRECTION('center_axis',(0.,1.,0.));
#4339=DIRECTION('ref_axis',(1.,0.,0.));
#4340=DIRECTION('center_axis',(0.,1.,0.));
#4341=DIRECTION('ref_axis',(1.,0.,0.));
#4342=DIRECTION('center_axis',(0.,1.,0.));
#4343=DIRECTION('ref_axis',(1.,0.,0.));
#4344=DIRECTION('center_axis',(0.,0.,-1.));
#4345=DIRECTION('ref_axis',(-0.707106781186548,-0.707106781186548,0.));
#4346=DIRECTION('center_axis',(0.,0.,-1.));
#4347=DIRECTION('ref_axis',(-0.707106781186548,-0.707106781186548,0.));
#4348=DIRECTION('',(0.,0.,-1.));
#4349=DIRECTION('center_axis',(0.,0.,1.));
#4350=DIRECTION('ref_axis',(-0.707106781186548,0.707106781186548,0.));
#4351=DIRECTION('center_axis',(0.,0.,-1.));
#4352=DIRECTION('ref_axis',(-0.707106781186548,0.707106781186548,0.));
#4353=DIRECTION('',(0.,0.,-1.));
#4354=DIRECTION('',(0.,0.,1.));
#4355=DIRECTION('center_axis',(0.,1.,0.));
#4356=DIRECTION('ref_axis',(-1.,0.,0.));
#4357=DIRECTION('',(-1.,0.,0.));
#4358=DIRECTION('',(0.,0.,1.));
#4359=DIRECTION('',(1.,0.,0.));
#4360=DIRECTION('',(0.,0.,1.));
#4361=DIRECTION('',(-1.,0.,6.254777603522E-16));
#4362=DIRECTION('',(0.,0.,-1.));
#4363=DIRECTION('center_axis',(0.,-1.,0.));
#4364=DIRECTION('ref_axis',(1.,0.,0.));
#4365=DIRECTION('center_axis',(0.,-1.,0.));
#4366=DIRECTION('ref_axis',(1.,0.,0.));
#4367=DIRECTION('center_axis',(0.,-1.,0.));
#4368=DIRECTION('ref_axis',(1.,0.,0.));
#4369=DIRECTION('center_axis',(0.,-1.,0.));
#4370=DIRECTION('ref_axis',(1.,0.,0.));
#4371=DIRECTION('center_axis',(0.,-1.,0.));
#4372=DIRECTION('ref_axis',(1.,0.,0.));
#4373=DIRECTION('',(1.,0.,0.));
#4374=DIRECTION('',(0.,0.,1.));
#4375=DIRECTION('',(-1.,0.,0.));
#4376=DIRECTION('',(0.,0.,-1.));
#4377=DIRECTION('center_axis',(0.,-1.,0.));
#4378=DIRECTION('ref_axis',(1.,0.,0.));
#4379=DIRECTION('',(0.,0.,1.));
#4380=DIRECTION('',(-1.,0.,0.));
#4381=DIRECTION('',(0.,0.,-1.));
#4382=DIRECTION('',(1.,0.,0.));
#4383=DIRECTION('center_axis',(0.,-1.,0.));
#4384=DIRECTION('ref_axis',(1.,0.,0.));
#4385=DIRECTION('center_axis',(0.,-1.,0.));
#4386=DIRECTION('ref_axis',(1.,0.,0.));
#4387=DIRECTION('center_axis',(0.,0.,1.));
#4388=DIRECTION('ref_axis',(0.707106781186548,0.707106781186547,0.));
#4389=DIRECTION('center_axis',(0.,0.,-1.));
#4390=DIRECTION('ref_axis',(0.707106781186548,0.707106781186547,0.));
#4391=DIRECTION('',(0.,0.,-1.));
#4392=DIRECTION('center_axis',(0.,0.,1.));
#4393=DIRECTION('ref_axis',(-1.,0.,0.));
#4394=DIRECTION('',(0.,0.,1.));
#4395=DIRECTION('center_axis',(0.,0.,-1.));
#4396=DIRECTION('ref_axis',(-1.,0.,0.));
#4397=DIRECTION('center_axis',(0.,0.,-1.));
#4398=DIRECTION('ref_axis',(-1.,0.,0.));
#4399=DIRECTION('center_axis',(0.,0.,1.));
#4400=DIRECTION('ref_axis',(-1.,0.,0.));
#4401=DIRECTION('',(0.,0.,1.));
#4402=DIRECTION('center_axis',(0.,0.,-1.));
#4403=DIRECTION('ref_axis',(-1.,0.,0.));
#4404=DIRECTION('center_axis',(0.,0.,-1.));
#4405=DIRECTION('ref_axis',(-1.,0.,0.));
#4406=DIRECTION('center_axis',(0.,0.,-1.));
#4407=DIRECTION('ref_axis',(-1.,0.,0.));
#4408=DIRECTION('center_axis',(0.,0.,1.));
#4409=DIRECTION('ref_axis',(-1.,0.,0.));
#4410=DIRECTION('',(0.,0.,1.));
#4411=DIRECTION('center_axis',(0.,0.,-1.));
#4412=DIRECTION('ref_axis',(-1.,0.,0.));
#4413=DIRECTION('center_axis',(0.,0.,-1.));
#4414=DIRECTION('ref_axis',(-1.,0.,0.));
#4415=DIRECTION('center_axis',(0.,0.,1.));
#4416=DIRECTION('ref_axis',(-1.,0.,0.));
#4417=DIRECTION('',(0.,0.,1.));
#4418=DIRECTION('center_axis',(0.,0.,-1.));
#4419=DIRECTION('ref_axis',(-1.,0.,0.));
#4420=DIRECTION('center_axis',(0.,0.,-1.));
#4421=DIRECTION('ref_axis',(-1.,0.,0.));
#4422=DIRECTION('center_axis',(0.,0.,-1.));
#4423=DIRECTION('ref_axis',(-1.,0.,0.));
#4424=DIRECTION('center_axis',(0.,0.,-1.));
#4425=DIRECTION('ref_axis',(-1.,0.,0.));
#4426=DIRECTION('',(-1.,0.,0.));
#4427=DIRECTION('',(0.,-1.,0.));
#4428=DIRECTION('center_axis',(0.,0.,-1.));
#4429=DIRECTION('ref_axis',(-1.,0.,0.));
#4430=DIRECTION('',(0.,-1.,0.));
#4431=DIRECTION('center_axis',(0.,0.,1.));
#4432=DIRECTION('ref_axis',(-1.,0.,0.));
#4433=DIRECTION('',(-1.,0.,0.));
#4434=DIRECTION('center_axis',(0.,0.,-1.));
#4435=DIRECTION('ref_axis',(-1.,0.,0.));
#4436=DIRECTION('',(0.,1.,0.));
#4437=DIRECTION('',(-1.,0.,0.));
#4438=DIRECTION('center_axis',(0.,0.,-1.));
#4439=DIRECTION('ref_axis',(-1.,0.,0.));
#4440=DIRECTION('',(-1.,0.,0.));
#4441=DIRECTION('center_axis',(0.,0.,1.));
#4442=DIRECTION('ref_axis',(-3.33066907387547E-16,1.,0.));
#4443=DIRECTION('',(0.,-1.,0.));
#4444=DIRECTION('',(0.,1.,0.));
#4445=DIRECTION('center_axis',(0.,0.,-1.));
#4446=DIRECTION('ref_axis',(-1.,0.,0.));
#4447=DIRECTION('',(1.,0.,0.));
#4448=DIRECTION('center_axis',(0.,0.,1.));
#4449=DIRECTION('ref_axis',(0.,-1.,0.));
#4450=DIRECTION('',(0.,-1.,0.));
#4451=DIRECTION('center_axis',(0.,0.,-1.));
#4452=DIRECTION('ref_axis',(-1.,0.,0.));
#4453=DIRECTION('',(0.,-1.,0.));
#4454=DIRECTION('',(1.,0.,0.));
#4455=DIRECTION('center_axis',(0.,0.,-1.));
#4456=DIRECTION('ref_axis',(-1.,0.,0.));
#4457=DIRECTION('',(1.,0.,0.));
#4458=DIRECTION('',(0.,1.,0.));
#4459=DIRECTION('center_axis',(0.,0.,-1.));
#4460=DIRECTION('ref_axis',(-1.,0.,0.));
#4461=DIRECTION('',(0.,1.,0.));
#4462=DIRECTION('center_axis',(0.,0.,1.));
#4463=DIRECTION('ref_axis',(1.,1.11022302462516E-16,0.));
#4464=DIRECTION('',(1.,0.,0.));
#4465=DIRECTION('center_axis',(0.,0.,1.));
#4466=DIRECTION('ref_axis',(1.,1.11022302462516E-16,0.));
#4467=DIRECTION('',(0.,0.,-1.));
#4468=DIRECTION('',(0.,0.,1.));
#4469=DIRECTION('center_axis',(0.,0.,1.));
#4470=DIRECTION('ref_axis',(0.,-1.,0.));
#4471=DIRECTION('',(0.,0.,-1.));
#4472=DIRECTION('',(0.,0.,1.));
#4473=DIRECTION('center_axis',(-1.,0.,0.));
#4474=DIRECTION('ref_axis',(0.,-1.,0.));
#4475=DIRECTION('',(0.,-1.,-4.44089209850063E-16));
#4476=DIRECTION('',(0.,1.85037170770859E-16,1.));
#4477=DIRECTION('',(0.,0.,1.));
#4478=DIRECTION('center_axis',(0.,0.,1.));
#4479=DIRECTION('ref_axis',(-3.33066907387547E-16,1.,0.));
#4480=DIRECTION('',(0.,0.,-1.));
#4481=DIRECTION('',(0.,0.,1.));
#4482=DIRECTION('center_axis',(0.,0.,1.));
#4483=DIRECTION('ref_axis',(-1.,0.,0.));
#4484=DIRECTION('',(0.,0.,-1.));
#4485=DIRECTION('',(0.,0.,1.));
#4486=DIRECTION('center_axis',(0.,-1.,0.));
#4487=DIRECTION('ref_axis',(1.,0.,0.));
#4488=DIRECTION('center_axis',(0.,-1.,0.));
#4489=DIRECTION('ref_axis',(1.,0.,0.));
#4490=DIRECTION('',(0.,-1.,0.));
#4491=DIRECTION('center_axis',(0.,-1.,0.));
#4492=DIRECTION('ref_axis',(1.,0.,0.));
#4493=DIRECTION('center_axis',(0.,-1.,0.));
#4494=DIRECTION('ref_axis',(1.,0.,0.));
#4495=DIRECTION('',(0.,-1.,0.));
#4496=DIRECTION('center_axis',(0.,-1.,0.));
#4497=DIRECTION('ref_axis',(1.,0.,0.));
#4498=DIRECTION('center_axis',(0.,-1.,0.));
#4499=DIRECTION('ref_axis',(1.,0.,0.));
#4500=DIRECTION('',(0.,-1.,0.));
#4501=DIRECTION('center_axis',(0.,-1.,0.));
#4502=DIRECTION('ref_axis',(1.,0.,0.));
#4503=DIRECTION('center_axis',(0.,-1.,0.));
#4504=DIRECTION('ref_axis',(1.,0.,0.));
#4505=DIRECTION('',(0.,-1.,0.));
#4506=DIRECTION('center_axis',(0.,-1.,0.));
#4507=DIRECTION('ref_axis',(1.,0.,0.));
#4508=DIRECTION('center_axis',(0.,-1.,0.));
#4509=DIRECTION('ref_axis',(1.,0.,0.));
#4510=DIRECTION('',(0.,-1.,0.));
#4511=DIRECTION('center_axis',(0.,-1.,0.));
#4512=DIRECTION('ref_axis',(1.,0.,0.));
#4513=DIRECTION('center_axis',(0.,-1.,0.));
#4514=DIRECTION('ref_axis',(1.,0.,0.));
#4515=DIRECTION('',(0.,-1.,0.));
#4516=DIRECTION('center_axis',(0.,-1.,0.));
#4517=DIRECTION('ref_axis',(1.,0.,0.));
#4518=DIRECTION('center_axis',(0.,-1.,0.));
#4519=DIRECTION('ref_axis',(1.,0.,0.));
#4520=DIRECTION('',(0.,-1.,0.));
#4521=DIRECTION('center_axis',(0.,-1.,0.));
#4522=DIRECTION('ref_axis',(1.,0.,0.));
#4523=DIRECTION('center_axis',(0.,-1.,0.));
#4524=DIRECTION('ref_axis',(1.,0.,0.));
#4525=DIRECTION('',(0.,-1.,0.));
#4526=DIRECTION('center_axis',(0.,-1.,0.));
#4527=DIRECTION('ref_axis',(1.,0.,0.));
#4528=DIRECTION('center_axis',(0.,-1.,0.));
#4529=DIRECTION('ref_axis',(1.,0.,0.));
#4530=DIRECTION('',(0.,-1.,0.));
#4531=DIRECTION('center_axis',(0.,-1.,0.));
#4532=DIRECTION('ref_axis',(1.,0.,0.));
#4533=DIRECTION('center_axis',(0.,-1.,0.));
#4534=DIRECTION('ref_axis',(1.,0.,0.));
#4535=DIRECTION('',(0.,-1.,0.));
#4536=DIRECTION('center_axis',(0.,0.,1.));
#4537=DIRECTION('ref_axis',(1.,0.,0.));
#4538=DIRECTION('center_axis',(0.,0.,1.));
#4539=DIRECTION('ref_axis',(0.,1.,0.));
#4540=DIRECTION('center_axis',(0.,-1.,0.));
#4541=DIRECTION('ref_axis',(-1.,0.,0.));
#4542=DIRECTION('center_axis',(0.,0.,-1.));
#4543=DIRECTION('ref_axis',(0.,1.,0.));
#4544=DIRECTION('center_axis',(0.,0.,1.));
#4545=DIRECTION('ref_axis',(0.,1.,0.));
#4546=DIRECTION('center_axis',(0.,0.,1.));
#4547=DIRECTION('ref_axis',(0.,1.,0.));
#4548=DIRECTION('',(-4.27395569285714E-18,0.034899496702501,-0.999390827019096));
#4549=DIRECTION('center_axis',(0.,0.,1.));
#4550=DIRECTION('ref_axis',(0.,1.,0.));
#4551=DIRECTION('center_axis',(0.,0.,1.));
#4552=DIRECTION('ref_axis',(1.,0.,0.));
#4553=DIRECTION('',(1.,0.,0.));
#4554=DIRECTION('',(0.,-1.,0.));
#4555=DIRECTION('',(-1.,0.,0.));
#4556=DIRECTION('',(0.,1.,0.));
#4557=DIRECTION('center_axis',(0.,0.,-1.));
#4558=DIRECTION('ref_axis',(0.,1.,0.));
#4559=DIRECTION('center_axis',(0.,0.,-1.));
#4560=DIRECTION('ref_axis',(0.,1.,0.));
#4561=DIRECTION('center_axis',(0.,0.,-1.));
#4562=DIRECTION('ref_axis',(0.,1.,0.));
#4563=DIRECTION('center_axis',(0.,0.,-1.));
#4564=DIRECTION('ref_axis',(0.,1.,0.));
#4565=DIRECTION('center_axis',(0.,0.,-1.));
#4566=DIRECTION('ref_axis',(0.,1.,0.));
#4567=DIRECTION('center_axis',(0.,0.,-1.));
#4568=DIRECTION('ref_axis',(0.,1.,0.));
#4569=DIRECTION('center_axis',(0.,0.,-1.));
#4570=DIRECTION('ref_axis',(0.,1.,0.));
#4571=DIRECTION('center_axis',(0.,0.,-1.));
#4572=DIRECTION('ref_axis',(0.,1.,0.));
#4573=DIRECTION('center_axis',(0.,0.,-1.));
#4574=DIRECTION('ref_axis',(0.,1.,0.));
#4575=DIRECTION('center_axis',(0.,0.,-1.));
#4576=DIRECTION('ref_axis',(0.,1.,0.));
#4577=DIRECTION('center_axis',(0.,0.,-1.));
#4578=DIRECTION('ref_axis',(0.,1.,0.));
#4579=DIRECTION('center_axis',(0.,0.,-1.));
#4580=DIRECTION('ref_axis',(0.,1.,0.));
#4581=DIRECTION('center_axis',(0.,0.,-1.));
#4582=DIRECTION('ref_axis',(0.,1.,0.));
#4583=DIRECTION('center_axis',(0.,0.,-1.));
#4584=DIRECTION('ref_axis',(0.,1.,0.));
#4585=DIRECTION('center_axis',(0.,0.,-1.));
#4586=DIRECTION('ref_axis',(0.,1.,0.));
#4587=DIRECTION('center_axis',(0.,0.,-1.));
#4588=DIRECTION('ref_axis',(0.,1.,0.));
#4589=DIRECTION('center_axis',(0.,0.,-1.));
#4590=DIRECTION('ref_axis',(0.,1.,0.));
#4591=DIRECTION('center_axis',(0.,0.,-1.));
#4592=DIRECTION('ref_axis',(0.,1.,0.));
#4593=DIRECTION('center_axis',(0.,0.,-1.));
#4594=DIRECTION('ref_axis',(0.,1.,0.));
#4595=DIRECTION('center_axis',(0.,0.,-1.));
#4596=DIRECTION('ref_axis',(0.,1.,0.));
#4597=DIRECTION('center_axis',(0.,0.,-1.));
#4598=DIRECTION('ref_axis',(0.,1.,0.));
#4599=DIRECTION('center_axis',(0.,0.,-1.));
#4600=DIRECTION('ref_axis',(0.,1.,0.));
#4601=DIRECTION('center_axis',(0.,0.,-1.));
#4602=DIRECTION('ref_axis',(0.,1.,0.));
#4603=DIRECTION('center_axis',(0.,0.,-1.));
#4604=DIRECTION('ref_axis',(0.,1.,0.));
#4605=DIRECTION('center_axis',(0.,0.,-1.));
#4606=DIRECTION('ref_axis',(0.,1.,0.));
#4607=DIRECTION('center_axis',(0.,0.,-1.));
#4608=DIRECTION('ref_axis',(0.,1.,0.));
#4609=DIRECTION('center_axis',(0.,0.,1.));
#4610=DIRECTION('ref_axis',(1.,0.,0.));
#4611=DIRECTION('center_axis',(0.,0.,-1.));
#4612=DIRECTION('ref_axis',(0.,1.,0.));
#4613=DIRECTION('center_axis',(0.,0.,-1.));
#4614=DIRECTION('ref_axis',(0.,1.,0.));
#4615=DIRECTION('center_axis',(0.,0.,1.));
#4616=DIRECTION('ref_axis',(0.,1.,0.));
#4617=DIRECTION('',(-2.13730336808379E-18,0.0174524064372835,0.999847695156391));
#4618=DIRECTION('center_axis',(0.,0.,-1.));
#4619=DIRECTION('ref_axis',(0.,-1.,0.));
#4620=DIRECTION('center_axis',(0.,0.,1.));
#4621=DIRECTION('ref_axis',(1.,0.,0.));
#4622=DIRECTION('center_axis',(-1.6742891496321E-16,0.,1.));
#4623=DIRECTION('ref_axis',(0.,1.,0.));
#4624=DIRECTION('center_axis',(0.,-1.,0.));
#4625=DIRECTION('ref_axis',(-1.,0.,0.));
#4626=DIRECTION('center_axis',(-1.6742891496321E-16,0.,1.));
#4627=DIRECTION('ref_axis',(0.,1.,0.));
#4628=DIRECTION('center_axis',(0.,0.,1.));
#4629=DIRECTION('ref_axis',(0.,1.,0.));
#4630=DIRECTION('',(-4.27395569285714E-18,0.034899496702501,-0.999390827019096));
#4631=DIRECTION('center_axis',(0.,0.,1.));
#4632=DIRECTION('ref_axis',(0.,1.,0.));
#4633=DIRECTION('center_axis',(0.,0.,1.));
#4634=DIRECTION('ref_axis',(1.,0.,0.));
#4635=DIRECTION('center_axis',(0.,0.,-1.));
#4636=DIRECTION('ref_axis',(0.,1.,0.));
#4637=DIRECTION('center_axis',(0.,0.,-1.));
#4638=DIRECTION('ref_axis',(0.,1.,0.));
#4639=DIRECTION('center_axis',(0.,0.,1.));
#4640=DIRECTION('ref_axis',(0.,1.,0.));
#4641=DIRECTION('',(-2.13730336808379E-18,0.0174524064372835,0.999847695156391));
#4642=DIRECTION('center_axis',(0.,0.,-1.));
#4643=DIRECTION('ref_axis',(0.,-1.,0.));
#4644=DIRECTION('center_axis',(0.,0.,1.));
#4645=DIRECTION('ref_axis',(1.,0.,0.));
#4646=DIRECTION('center_axis',(0.,0.,1.));
#4647=DIRECTION('ref_axis',(0.,1.,0.));
#4648=DIRECTION('center_axis',(0.,-1.,0.));
#4649=DIRECTION('ref_axis',(-1.,0.,0.));
#4650=DIRECTION('center_axis',(0.,0.,1.));
#4651=DIRECTION('ref_axis',(0.,1.,0.));
#4652=DIRECTION('center_axis',(0.,0.,1.));
#4653=DIRECTION('ref_axis',(0.,1.,0.));
#4654=DIRECTION('',(-4.27395569285714E-18,0.034899496702501,-0.999390827019096));
#4655=DIRECTION('center_axis',(0.,0.,1.));
#4656=DIRECTION('ref_axis',(0.,1.,0.));
#4657=DIRECTION('center_axis',(0.,0.,1.));
#4658=DIRECTION('ref_axis',(1.,0.,0.));
#4659=DIRECTION('center_axis',(0.,0.,-1.));
#4660=DIRECTION('ref_axis',(0.,1.,0.));
#4661=DIRECTION('center_axis',(0.,0.,-1.));
#4662=DIRECTION('ref_axis',(0.,1.,0.));
#4663=DIRECTION('center_axis',(0.,0.,1.));
#4664=DIRECTION('ref_axis',(0.,1.,0.));
#4665=DIRECTION('',(-2.13730336808379E-18,0.0174524064372835,0.999847695156391));
#4666=DIRECTION('center_axis',(0.,0.,-1.));
#4667=DIRECTION('ref_axis',(0.,-1.,0.));
#4668=DIRECTION('center_axis',(0.,0.,1.));
#4669=DIRECTION('ref_axis',(1.,0.,0.));
#4670=DIRECTION('center_axis',(0.,0.,1.));
#4671=DIRECTION('ref_axis',(0.,1.,0.));
#4672=DIRECTION('center_axis',(0.,-1.,0.));
#4673=DIRECTION('ref_axis',(-1.,0.,0.));
#4674=DIRECTION('center_axis',(0.,0.,1.));
#4675=DIRECTION('ref_axis',(0.,1.,0.));
#4676=DIRECTION('center_axis',(0.,0.,1.));
#4677=DIRECTION('ref_axis',(0.,1.,0.));
#4678=DIRECTION('',(-4.27395569285714E-18,0.034899496702501,-0.999390827019096));
#4679=DIRECTION('center_axis',(0.,0.,1.));
#4680=DIRECTION('ref_axis',(0.,1.,0.));
#4681=DIRECTION('center_axis',(0.,0.,1.));
#4682=DIRECTION('ref_axis',(1.,0.,0.));
#4683=DIRECTION('center_axis',(0.,0.,-1.));
#4684=DIRECTION('ref_axis',(0.,1.,0.));
#4685=DIRECTION('center_axis',(0.,0.,-1.));
#4686=DIRECTION('ref_axis',(0.,1.,0.));
#4687=DIRECTION('center_axis',(0.,0.,1.));
#4688=DIRECTION('ref_axis',(0.,1.,0.));
#4689=DIRECTION('',(-2.13730336808379E-18,0.0174524064372835,0.999847695156391));
#4690=DIRECTION('center_axis',(0.,0.,-1.));
#4691=DIRECTION('ref_axis',(0.,-1.,0.));
#4692=DIRECTION('center_axis',(0.,0.,1.));
#4693=DIRECTION('ref_axis',(1.,0.,0.));
#4694=DIRECTION('center_axis',(0.,0.,1.));
#4695=DIRECTION('ref_axis',(0.,1.,0.));
#4696=DIRECTION('center_axis',(0.,-1.,0.));
#4697=DIRECTION('ref_axis',(-1.,0.,0.));
#4698=DIRECTION('center_axis',(0.,0.,1.));
#4699=DIRECTION('ref_axis',(0.,1.,0.));
#4700=DIRECTION('center_axis',(0.,0.,1.));
#4701=DIRECTION('ref_axis',(0.,1.,0.));
#4702=DIRECTION('',(-4.27395569285714E-18,0.034899496702501,-0.999390827019096));
#4703=DIRECTION('center_axis',(0.,0.,1.));
#4704=DIRECTION('ref_axis',(0.,1.,0.));
#4705=DIRECTION('center_axis',(0.,0.,1.));
#4706=DIRECTION('ref_axis',(1.,0.,0.));
#4707=DIRECTION('center_axis',(0.,0.,-1.));
#4708=DIRECTION('ref_axis',(0.,1.,0.));
#4709=DIRECTION('center_axis',(0.,0.,-1.));
#4710=DIRECTION('ref_axis',(0.,1.,0.));
#4711=DIRECTION('center_axis',(0.,0.,1.));
#4712=DIRECTION('ref_axis',(0.,1.,0.));
#4713=DIRECTION('',(-2.13730336808379E-18,0.0174524064372835,0.999847695156391));
#4714=DIRECTION('center_axis',(0.,0.,-1.));
#4715=DIRECTION('ref_axis',(0.,-1.,0.));
#4716=DIRECTION('center_axis',(0.,0.,1.));
#4717=DIRECTION('ref_axis',(1.,0.,0.));
#4718=DIRECTION('center_axis',(0.,0.,1.));
#4719=DIRECTION('ref_axis',(0.,1.,0.));
#4720=DIRECTION('center_axis',(0.,-1.,0.));
#4721=DIRECTION('ref_axis',(-1.,0.,0.));
#4722=DIRECTION('center_axis',(0.,0.,1.));
#4723=DIRECTION('ref_axis',(0.,1.,0.));
#4724=DIRECTION('center_axis',(0.,0.,1.));
#4725=DIRECTION('ref_axis',(0.,1.,0.));
#4726=DIRECTION('',(-4.27395569285714E-18,0.034899496702501,-0.999390827019096));
#4727=DIRECTION('center_axis',(0.,0.,1.));
#4728=DIRECTION('ref_axis',(0.,1.,0.));
#4729=DIRECTION('center_axis',(0.,0.,1.));
#4730=DIRECTION('ref_axis',(1.,0.,0.));
#4731=DIRECTION('center_axis',(0.,0.,-1.));
#4732=DIRECTION('ref_axis',(0.,1.,0.));
#4733=DIRECTION('center_axis',(0.,0.,-1.));
#4734=DIRECTION('ref_axis',(0.,1.,0.));
#4735=DIRECTION('center_axis',(0.,0.,1.));
#4736=DIRECTION('ref_axis',(0.,1.,0.));
#4737=DIRECTION('',(-2.13730336808379E-18,0.0174524064372835,0.999847695156391));
#4738=DIRECTION('center_axis',(0.,0.,-1.));
#4739=DIRECTION('ref_axis',(0.,-1.,0.));
#4740=DIRECTION('center_axis',(0.,0.,1.));
#4741=DIRECTION('ref_axis',(1.,0.,0.));
#4742=DIRECTION('center_axis',(1.28631858760489E-16,0.,1.));
#4743=DIRECTION('ref_axis',(0.,1.,0.));
#4744=DIRECTION('center_axis',(0.,-1.,0.));
#4745=DIRECTION('ref_axis',(-1.,0.,0.));
#4746=DIRECTION('center_axis',(1.28631858760489E-16,0.,1.));
#4747=DIRECTION('ref_axis',(0.,1.,0.));
#4748=DIRECTION('center_axis',(0.,0.,1.));
#4749=DIRECTION('ref_axis',(0.,1.,0.));
#4750=DIRECTION('',(-4.27395569285714E-18,0.034899496702501,-0.999390827019096));
#4751=DIRECTION('center_axis',(0.,0.,1.));
#4752=DIRECTION('ref_axis',(0.,1.,0.));
#4753=DIRECTION('center_axis',(0.,0.,1.));
#4754=DIRECTION('ref_axis',(1.,0.,0.));
#4755=DIRECTION('center_axis',(0.,0.,-1.));
#4756=DIRECTION('ref_axis',(0.,1.,0.));
#4757=DIRECTION('center_axis',(0.,0.,-1.));
#4758=DIRECTION('ref_axis',(0.,1.,0.));
#4759=DIRECTION('center_axis',(0.,0.,1.));
#4760=DIRECTION('ref_axis',(0.,1.,0.));
#4761=DIRECTION('',(-2.13730336808379E-18,0.0174524064372835,0.999847695156391));
#4762=DIRECTION('center_axis',(0.,0.,-1.));
#4763=DIRECTION('ref_axis',(0.,-1.,0.));
#4764=DIRECTION('center_axis',(0.,0.,1.));
#4765=DIRECTION('ref_axis',(1.,0.,0.));
#4766=DIRECTION('center_axis',(0.,0.,1.));
#4767=DIRECTION('ref_axis',(0.,1.,0.));
#4768=DIRECTION('center_axis',(0.,-1.,0.));
#4769=DIRECTION('ref_axis',(-1.,0.,0.));
#4770=DIRECTION('center_axis',(0.,0.,1.));
#4771=DIRECTION('ref_axis',(0.,1.,0.));
#4772=DIRECTION('center_axis',(0.,0.,1.));
#4773=DIRECTION('ref_axis',(0.,1.,0.));
#4774=DIRECTION('',(-4.27395569285714E-18,0.034899496702501,-0.999390827019096));
#4775=DIRECTION('center_axis',(0.,0.,1.));
#4776=DIRECTION('ref_axis',(0.,1.,0.));
#4777=DIRECTION('center_axis',(0.,0.,1.));
#4778=DIRECTION('ref_axis',(1.,0.,0.));
#4779=DIRECTION('center_axis',(0.,0.,-1.));
#4780=DIRECTION('ref_axis',(0.,1.,0.));
#4781=DIRECTION('center_axis',(0.,0.,-1.));
#4782=DIRECTION('ref_axis',(0.,1.,0.));
#4783=DIRECTION('center_axis',(0.,0.,1.));
#4784=DIRECTION('ref_axis',(0.,1.,0.));
#4785=DIRECTION('',(-2.13730336808379E-18,0.0174524064372835,0.999847695156391));
#4786=DIRECTION('center_axis',(0.,0.,-1.));
#4787=DIRECTION('ref_axis',(0.,-1.,0.));
#4788=DIRECTION('center_axis',(0.,0.,1.));
#4789=DIRECTION('ref_axis',(1.,0.,0.));
#4790=DIRECTION('center_axis',(0.,0.,1.));
#4791=DIRECTION('ref_axis',(0.,1.,0.));
#4792=DIRECTION('center_axis',(0.,-1.,0.));
#4793=DIRECTION('ref_axis',(-1.,0.,0.));
#4794=DIRECTION('center_axis',(0.,0.,1.));
#4795=DIRECTION('ref_axis',(0.,1.,0.));
#4796=DIRECTION('center_axis',(0.,0.,1.));
#4797=DIRECTION('ref_axis',(0.,1.,0.));
#4798=DIRECTION('',(-4.27395569285714E-18,0.034899496702501,-0.999390827019096));
#4799=DIRECTION('center_axis',(0.,0.,1.));
#4800=DIRECTION('ref_axis',(0.,1.,0.));
#4801=DIRECTION('center_axis',(0.,0.,1.));
#4802=DIRECTION('ref_axis',(1.,0.,0.));
#4803=DIRECTION('center_axis',(0.,0.,-1.));
#4804=DIRECTION('ref_axis',(0.,1.,0.));
#4805=DIRECTION('center_axis',(0.,0.,-1.));
#4806=DIRECTION('ref_axis',(0.,1.,0.));
#4807=DIRECTION('center_axis',(0.,0.,1.));
#4808=DIRECTION('ref_axis',(0.,1.,0.));
#4809=DIRECTION('',(-2.13730336808379E-18,0.0174524064372835,0.999847695156391));
#4810=DIRECTION('center_axis',(0.,0.,-1.));
#4811=DIRECTION('ref_axis',(0.,-1.,0.));
#4812=DIRECTION('center_axis',(0.,0.,1.));
#4813=DIRECTION('ref_axis',(1.,0.,0.));
#4814=DIRECTION('center_axis',(2.57263717520977E-16,0.,1.));
#4815=DIRECTION('ref_axis',(0.,1.,0.));
#4816=DIRECTION('center_axis',(0.,-1.,0.));
#4817=DIRECTION('ref_axis',(-1.,0.,0.));
#4818=DIRECTION('center_axis',(2.57263717520977E-16,0.,1.));
#4819=DIRECTION('ref_axis',(0.,1.,0.));
#4820=DIRECTION('center_axis',(0.,0.,1.));
#4821=DIRECTION('ref_axis',(0.,1.,0.));
#4822=DIRECTION('',(-4.27395569285714E-18,0.034899496702501,-0.999390827019096));
#4823=DIRECTION('center_axis',(0.,0.,1.));
#4824=DIRECTION('ref_axis',(0.,1.,0.));
#4825=DIRECTION('center_axis',(0.,0.,1.));
#4826=DIRECTION('ref_axis',(1.,0.,0.));
#4827=DIRECTION('center_axis',(0.,0.,-1.));
#4828=DIRECTION('ref_axis',(0.,1.,0.));
#4829=DIRECTION('center_axis',(0.,0.,-1.));
#4830=DIRECTION('ref_axis',(0.,1.,0.));
#4831=DIRECTION('center_axis',(0.,0.,1.));
#4832=DIRECTION('ref_axis',(0.,1.,0.));
#4833=DIRECTION('',(-2.13730336808379E-18,0.0174524064372835,0.999847695156391));
#4834=DIRECTION('center_axis',(0.,0.,-1.));
#4835=DIRECTION('ref_axis',(0.,-1.,0.));
#4836=DIRECTION('center_axis',(0.,0.,1.));
#4837=DIRECTION('ref_axis',(1.,0.,0.));
#4838=DIRECTION('center_axis',(1.28631858760489E-16,0.,1.));
#4839=DIRECTION('ref_axis',(0.,1.,0.));
#4840=DIRECTION('center_axis',(0.,-1.,0.));
#4841=DIRECTION('ref_axis',(-1.,0.,0.));
#4842=DIRECTION('center_axis',(1.28631858760489E-16,0.,1.));
#4843=DIRECTION('ref_axis',(0.,1.,0.));
#4844=DIRECTION('center_axis',(0.,0.,1.));
#4845=DIRECTION('ref_axis',(0.,1.,0.));
#4846=DIRECTION('',(-4.27395569285714E-18,0.034899496702501,-0.999390827019096));
#4847=DIRECTION('center_axis',(0.,0.,1.));
#4848=DIRECTION('ref_axis',(0.,1.,0.));
#4849=DIRECTION('center_axis',(0.,0.,1.));
#4850=DIRECTION('ref_axis',(1.,0.,0.));
#4851=DIRECTION('center_axis',(0.,0.,-1.));
#4852=DIRECTION('ref_axis',(0.,1.,0.));
#4853=DIRECTION('center_axis',(0.,0.,-1.));
#4854=DIRECTION('ref_axis',(0.,1.,0.));
#4855=DIRECTION('center_axis',(0.,0.,1.));
#4856=DIRECTION('ref_axis',(0.,1.,0.));
#4857=DIRECTION('',(-2.13730336808379E-18,0.0174524064372835,0.999847695156391));
#4858=DIRECTION('center_axis',(0.,0.,-1.));
#4859=DIRECTION('ref_axis',(0.,-1.,0.));
#4860=DIRECTION('center_axis',(0.,0.,1.));
#4861=DIRECTION('ref_axis',(1.,0.,0.));
#4862=DIRECTION('center_axis',(-1.28631858760489E-16,0.,1.));
#4863=DIRECTION('ref_axis',(0.,1.,0.));
#4864=DIRECTION('center_axis',(0.,-1.,0.));
#4865=DIRECTION('ref_axis',(-1.,0.,0.));
#4866=DIRECTION('center_axis',(-1.28631858760489E-16,0.,1.));
#4867=DIRECTION('ref_axis',(0.,1.,0.));
#4868=DIRECTION('center_axis',(0.,0.,1.));
#4869=DIRECTION('ref_axis',(0.,1.,0.));
#4870=DIRECTION('',(-4.27395569285714E-18,0.034899496702501,-0.999390827019096));
#4871=DIRECTION('center_axis',(0.,0.,1.));
#4872=DIRECTION('ref_axis',(0.,1.,0.));
#4873=DIRECTION('center_axis',(0.,0.,1.));
#4874=DIRECTION('ref_axis',(1.,0.,0.));
#4875=DIRECTION('center_axis',(0.,0.,-1.));
#4876=DIRECTION('ref_axis',(0.,1.,0.));
#4877=DIRECTION('center_axis',(0.,0.,-1.));
#4878=DIRECTION('ref_axis',(0.,1.,0.));
#4879=DIRECTION('center_axis',(0.,0.,1.));
#4880=DIRECTION('ref_axis',(0.,1.,0.));
#4881=DIRECTION('',(-2.13730336808379E-18,0.0174524064372835,0.999847695156391));
#4882=DIRECTION('center_axis',(0.,0.,-1.));
#4883=DIRECTION('ref_axis',(0.,-1.,0.));
#4884=DIRECTION('center_axis',(0.,0.,1.));
#4885=DIRECTION('ref_axis',(1.,0.,0.));
#4886=DIRECTION('center_axis',(-1.28631858760488E-16,0.,1.));
#4887=DIRECTION('ref_axis',(0.,1.,0.));
#4888=DIRECTION('center_axis',(0.,-1.,0.));
#4889=DIRECTION('ref_axis',(-1.,0.,0.));
#4890=DIRECTION('center_axis',(-1.28631858760488E-16,0.,1.));
#4891=DIRECTION('ref_axis',(0.,1.,0.));
#4892=DIRECTION('center_axis',(0.,0.,1.));
#4893=DIRECTION('ref_axis',(0.,1.,0.));
#4894=DIRECTION('',(-4.27395569285714E-18,0.034899496702501,-0.999390827019096));
#4895=DIRECTION('center_axis',(0.,0.,1.));
#4896=DIRECTION('ref_axis',(0.,1.,0.));
#4897=DIRECTION('center_axis',(0.,0.,1.));
#4898=DIRECTION('ref_axis',(1.,0.,0.));
#4899=DIRECTION('center_axis',(0.,0.,-1.));
#4900=DIRECTION('ref_axis',(0.,1.,0.));
#4901=DIRECTION('center_axis',(0.,0.,-1.));
#4902=DIRECTION('ref_axis',(0.,1.,0.));
#4903=DIRECTION('center_axis',(0.,0.,1.));
#4904=DIRECTION('ref_axis',(0.,1.,0.));
#4905=DIRECTION('',(-2.13730336808379E-18,0.0174524064372835,0.999847695156391));
#4906=DIRECTION('center_axis',(0.,0.,-1.));
#4907=DIRECTION('ref_axis',(0.,-1.,0.));
#4908=DIRECTION('center_axis',(0.,0.,1.));
#4909=DIRECTION('ref_axis',(1.,0.,0.));
#4910=DIRECTION('center_axis',(-6.43159293802441E-17,6.43159293802443E-17,
1.));
#4911=DIRECTION('ref_axis',(0.,1.,-6.43159293802443E-17));
#4912=DIRECTION('center_axis',(0.,-1.,0.));
#4913=DIRECTION('ref_axis',(-1.,0.,0.));
#4914=DIRECTION('center_axis',(-6.43159293802441E-17,6.43159293802443E-17,
1.));
#4915=DIRECTION('ref_axis',(0.,1.,-6.43159293802443E-17));
#4916=DIRECTION('center_axis',(0.,0.,1.));
#4917=DIRECTION('ref_axis',(0.,1.,0.));
#4918=DIRECTION('',(-4.27395569285714E-18,0.034899496702501,-0.999390827019096));
#4919=DIRECTION('center_axis',(0.,0.,1.));
#4920=DIRECTION('ref_axis',(0.,1.,0.));
#4921=DIRECTION('center_axis',(0.,0.,1.));
#4922=DIRECTION('ref_axis',(1.,0.,0.));
#4923=DIRECTION('center_axis',(0.,0.,-1.));
#4924=DIRECTION('ref_axis',(0.,1.,0.));
#4925=DIRECTION('center_axis',(0.,0.,-1.));
#4926=DIRECTION('ref_axis',(0.,1.,0.));
#4927=DIRECTION('center_axis',(0.,0.,1.));
#4928=DIRECTION('ref_axis',(0.,1.,0.));
#4929=DIRECTION('',(-2.13730336808379E-18,0.0174524064372835,0.999847695156391));
#4930=DIRECTION('center_axis',(0.,0.,-1.));
#4931=DIRECTION('ref_axis',(0.,-1.,0.));
#4932=DIRECTION('center_axis',(0.,0.,1.));
#4933=DIRECTION('ref_axis',(1.,0.,0.));
#4934=DIRECTION('center_axis',(-2.57263717520977E-16,0.,1.));
#4935=DIRECTION('ref_axis',(0.,1.,0.));
#4936=DIRECTION('center_axis',(0.,-1.,0.));
#4937=DIRECTION('ref_axis',(-1.,0.,0.));
#4938=DIRECTION('center_axis',(-2.57263717520977E-16,0.,1.));
#4939=DIRECTION('ref_axis',(0.,1.,0.));
#4940=DIRECTION('center_axis',(0.,0.,1.));
#4941=DIRECTION('ref_axis',(0.,1.,0.));
#4942=DIRECTION('',(-4.27395569285714E-18,0.034899496702501,-0.999390827019096));
#4943=DIRECTION('center_axis',(0.,0.,1.));
#4944=DIRECTION('ref_axis',(0.,1.,0.));
#4945=DIRECTION('center_axis',(0.,0.,1.));
#4946=DIRECTION('ref_axis',(1.,0.,0.));
#4947=DIRECTION('center_axis',(0.,0.,-1.));
#4948=DIRECTION('ref_axis',(0.,1.,0.));
#4949=DIRECTION('center_axis',(0.,0.,-1.));
#4950=DIRECTION('ref_axis',(0.,1.,0.));
#4951=DIRECTION('center_axis',(0.,0.,1.));
#4952=DIRECTION('ref_axis',(0.,1.,0.));
#4953=DIRECTION('',(-2.13730336808379E-18,0.0174524064372835,0.999847695156391));
#4954=DIRECTION('center_axis',(0.,0.,-1.));
#4955=DIRECTION('ref_axis',(0.,-1.,0.));
#4956=DIRECTION('center_axis',(0.,0.,1.));
#4957=DIRECTION('ref_axis',(1.,0.,0.));
#4958=DIRECTION('center_axis',(0.,0.,1.));
#4959=DIRECTION('ref_axis',(0.,1.,0.));
#4960=DIRECTION('center_axis',(0.,-1.,0.));
#4961=DIRECTION('ref_axis',(-1.,0.,0.));
#4962=DIRECTION('center_axis',(0.,0.,1.));
#4963=DIRECTION('ref_axis',(0.,1.,0.));
#4964=DIRECTION('center_axis',(0.,0.,1.));
#4965=DIRECTION('ref_axis',(0.,1.,0.));
#4966=DIRECTION('',(-4.27395569285714E-18,0.034899496702501,-0.999390827019096));
#4967=DIRECTION('center_axis',(0.,0.,1.));
#4968=DIRECTION('ref_axis',(0.,1.,0.));
#4969=DIRECTION('center_axis',(0.,0.,1.));
#4970=DIRECTION('ref_axis',(1.,0.,0.));
#4971=DIRECTION('center_axis',(0.,0.,-1.));
#4972=DIRECTION('ref_axis',(0.,1.,0.));
#4973=DIRECTION('center_axis',(0.,0.,-1.));
#4974=DIRECTION('ref_axis',(0.,1.,0.));
#4975=DIRECTION('center_axis',(0.,0.,1.));
#4976=DIRECTION('ref_axis',(0.,1.,0.));
#4977=DIRECTION('',(-2.13730336808379E-18,0.0174524064372835,0.999847695156391));
#4978=DIRECTION('center_axis',(0.,0.,-1.));
#4979=DIRECTION('ref_axis',(0.,-1.,0.));
#4980=DIRECTION('center_axis',(0.,0.,1.));
#4981=DIRECTION('ref_axis',(1.,0.,0.));
#4982=DIRECTION('center_axis',(0.,0.,1.));
#4983=DIRECTION('ref_axis',(0.,1.,0.));
#4984=DIRECTION('center_axis',(0.,-1.,0.));
#4985=DIRECTION('ref_axis',(-1.,0.,0.));
#4986=DIRECTION('center_axis',(0.,0.,1.));
#4987=DIRECTION('ref_axis',(0.,1.,0.));
#4988=DIRECTION('center_axis',(0.,0.,1.));
#4989=DIRECTION('ref_axis',(0.,1.,0.));
#4990=DIRECTION('',(-4.27395569285714E-18,0.034899496702501,-0.999390827019096));
#4991=DIRECTION('center_axis',(0.,0.,1.));
#4992=DIRECTION('ref_axis',(0.,1.,0.));
#4993=DIRECTION('center_axis',(0.,0.,1.));
#4994=DIRECTION('ref_axis',(1.,0.,0.));
#4995=DIRECTION('center_axis',(0.,0.,-1.));
#4996=DIRECTION('ref_axis',(0.,1.,0.));
#4997=DIRECTION('center_axis',(0.,0.,-1.));
#4998=DIRECTION('ref_axis',(0.,1.,0.));
#4999=DIRECTION('center_axis',(0.,0.,1.));
#5000=DIRECTION('ref_axis',(0.,1.,0.));
#5001=DIRECTION('',(-2.13730336808379E-18,0.0174524064372835,0.999847695156391));
#5002=DIRECTION('center_axis',(0.,0.,-1.));
#5003=DIRECTION('ref_axis',(0.,-1.,0.));
#5004=DIRECTION('center_axis',(0.,0.,1.));
#5005=DIRECTION('ref_axis',(1.,0.,0.));
#5006=DIRECTION('center_axis',(-1.28631858760488E-16,0.,1.));
#5007=DIRECTION('ref_axis',(0.,1.,0.));
#5008=DIRECTION('center_axis',(0.,-1.,0.));
#5009=DIRECTION('ref_axis',(-1.,0.,0.));
#5010=DIRECTION('center_axis',(-1.28631858760488E-16,0.,1.));
#5011=DIRECTION('ref_axis',(0.,1.,0.));
#5012=DIRECTION('center_axis',(0.,0.,1.));
#5013=DIRECTION('ref_axis',(0.,1.,0.));
#5014=DIRECTION('',(-4.27395569285714E-18,0.034899496702501,-0.999390827019096));
#5015=DIRECTION('center_axis',(0.,0.,1.));
#5016=DIRECTION('ref_axis',(0.,1.,0.));
#5017=DIRECTION('center_axis',(0.,0.,1.));
#5018=DIRECTION('ref_axis',(1.,0.,0.));
#5019=DIRECTION('center_axis',(0.,0.,-1.));
#5020=DIRECTION('ref_axis',(0.,1.,0.));
#5021=DIRECTION('center_axis',(0.,0.,-1.));
#5022=DIRECTION('ref_axis',(0.,1.,0.));
#5023=DIRECTION('center_axis',(0.,0.,1.));
#5024=DIRECTION('ref_axis',(0.,1.,0.));
#5025=DIRECTION('',(-2.13730336808379E-18,0.0174524064372835,0.999847695156391));
#5026=DIRECTION('center_axis',(0.,0.,-1.));
#5027=DIRECTION('ref_axis',(0.,-1.,0.));
#5028=DIRECTION('center_axis',(0.,0.,1.));
#5029=DIRECTION('ref_axis',(1.,0.,0.));
#5030=DIRECTION('center_axis',(-1.28631858760488E-16,0.,1.));
#5031=DIRECTION('ref_axis',(0.,1.,0.));
#5032=DIRECTION('center_axis',(0.,-1.,0.));
#5033=DIRECTION('ref_axis',(-1.,0.,0.));
#5034=DIRECTION('center_axis',(-1.28631858760488E-16,0.,1.));
#5035=DIRECTION('ref_axis',(0.,1.,0.));
#5036=DIRECTION('center_axis',(0.,0.,1.));
#5037=DIRECTION('ref_axis',(0.,1.,0.));
#5038=DIRECTION('',(-4.27395569285714E-18,0.034899496702501,-0.999390827019096));
#5039=DIRECTION('center_axis',(0.,0.,1.));
#5040=DIRECTION('ref_axis',(0.,1.,0.));
#5041=DIRECTION('center_axis',(0.,0.,1.));
#5042=DIRECTION('ref_axis',(1.,0.,0.));
#5043=DIRECTION('center_axis',(0.,0.,-1.));
#5044=DIRECTION('ref_axis',(0.,1.,0.));
#5045=DIRECTION('center_axis',(0.,0.,-1.));
#5046=DIRECTION('ref_axis',(0.,1.,0.));
#5047=DIRECTION('center_axis',(0.,0.,1.));
#5048=DIRECTION('ref_axis',(0.,1.,0.));
#5049=DIRECTION('',(-2.13730336808379E-18,0.0174524064372835,0.999847695156391));
#5050=DIRECTION('center_axis',(0.,0.,-1.));
#5051=DIRECTION('ref_axis',(0.,-1.,0.));
#5052=DIRECTION('center_axis',(0.,0.,1.));
#5053=DIRECTION('ref_axis',(1.,0.,0.));
#5054=DIRECTION('center_axis',(0.,0.,1.));
#5055=DIRECTION('ref_axis',(0.,1.,0.));
#5056=DIRECTION('center_axis',(0.,-1.,0.));
#5057=DIRECTION('ref_axis',(-1.,0.,0.));
#5058=DIRECTION('center_axis',(0.,0.,1.));
#5059=DIRECTION('ref_axis',(0.,1.,0.));
#5060=DIRECTION('center_axis',(0.,0.,1.));
#5061=DIRECTION('ref_axis',(0.,1.,0.));
#5062=DIRECTION('',(-4.27395569285714E-18,0.034899496702501,-0.999390827019096));
#5063=DIRECTION('center_axis',(0.,0.,1.));
#5064=DIRECTION('ref_axis',(0.,1.,0.));
#5065=DIRECTION('center_axis',(0.,0.,1.));
#5066=DIRECTION('ref_axis',(1.,0.,0.));
#5067=DIRECTION('center_axis',(0.,0.,-1.));
#5068=DIRECTION('ref_axis',(0.,1.,0.));
#5069=DIRECTION('center_axis',(0.,0.,-1.));
#5070=DIRECTION('ref_axis',(0.,1.,0.));
#5071=DIRECTION('center_axis',(0.,0.,1.));
#5072=DIRECTION('ref_axis',(0.,1.,0.));
#5073=DIRECTION('',(-2.13730336808379E-18,0.0174524064372835,0.999847695156391));
#5074=DIRECTION('center_axis',(0.,0.,-1.));
#5075=DIRECTION('ref_axis',(0.,-1.,0.));
#5076=DIRECTION('center_axis',(0.,0.,1.));
#5077=DIRECTION('ref_axis',(1.,0.,0.));
#5078=DIRECTION('center_axis',(-1.28631858760488E-16,0.,1.));
#5079=DIRECTION('ref_axis',(0.,1.,0.));
#5080=DIRECTION('center_axis',(0.,-1.,0.));
#5081=DIRECTION('ref_axis',(-1.,0.,0.));
#5082=DIRECTION('center_axis',(-1.28631858760488E-16,0.,1.));
#5083=DIRECTION('ref_axis',(0.,1.,0.));
#5084=DIRECTION('center_axis',(0.,0.,1.));
#5085=DIRECTION('ref_axis',(0.,1.,0.));
#5086=DIRECTION('',(-4.27395569285714E-18,0.034899496702501,-0.999390827019096));
#5087=DIRECTION('center_axis',(0.,0.,1.));
#5088=DIRECTION('ref_axis',(0.,1.,0.));
#5089=DIRECTION('center_axis',(0.,0.,1.));
#5090=DIRECTION('ref_axis',(1.,0.,0.));
#5091=DIRECTION('center_axis',(0.,0.,-1.));
#5092=DIRECTION('ref_axis',(0.,1.,0.));
#5093=DIRECTION('center_axis',(0.,0.,-1.));
#5094=DIRECTION('ref_axis',(0.,1.,0.));
#5095=DIRECTION('center_axis',(0.,0.,1.));
#5096=DIRECTION('ref_axis',(0.,1.,0.));
#5097=DIRECTION('',(-2.13730336808379E-18,0.0174524064372835,0.999847695156391));
#5098=DIRECTION('center_axis',(0.,0.,-1.));
#5099=DIRECTION('ref_axis',(0.,-1.,0.));
#5100=DIRECTION('center_axis',(0.,0.,1.));
#5101=DIRECTION('ref_axis',(1.,0.,0.));
#5102=DIRECTION('center_axis',(0.,0.,1.));
#5103=DIRECTION('ref_axis',(0.,1.,0.));
#5104=DIRECTION('center_axis',(0.,-1.,0.));
#5105=DIRECTION('ref_axis',(-1.,0.,0.));
#5106=DIRECTION('center_axis',(0.,0.,1.));
#5107=DIRECTION('ref_axis',(0.,1.,0.));
#5108=DIRECTION('center_axis',(0.,0.,1.));
#5109=DIRECTION('ref_axis',(0.,1.,0.));
#5110=DIRECTION('',(-4.27395569285714E-18,0.034899496702501,-0.999390827019096));
#5111=DIRECTION('center_axis',(0.,0.,1.));
#5112=DIRECTION('ref_axis',(0.,1.,0.));
#5113=DIRECTION('center_axis',(0.,0.,1.));
#5114=DIRECTION('ref_axis',(1.,0.,0.));
#5115=DIRECTION('center_axis',(0.,0.,-1.));
#5116=DIRECTION('ref_axis',(0.,1.,0.));
#5117=DIRECTION('center_axis',(0.,0.,-1.));
#5118=DIRECTION('ref_axis',(0.,1.,0.));
#5119=DIRECTION('center_axis',(0.,0.,1.));
#5120=DIRECTION('ref_axis',(0.,1.,0.));
#5121=DIRECTION('',(-2.13730336808379E-18,0.0174524064372835,0.999847695156391));
#5122=DIRECTION('center_axis',(0.,0.,-1.));
#5123=DIRECTION('ref_axis',(0.,-1.,0.));
#5124=DIRECTION('center_axis',(0.,0.,1.));
#5125=DIRECTION('ref_axis',(1.,0.,0.));
#5126=DIRECTION('center_axis',(1.28631858760489E-16,0.,1.));
#5127=DIRECTION('ref_axis',(0.,1.,0.));
#5128=DIRECTION('center_axis',(0.,-1.,0.));
#5129=DIRECTION('ref_axis',(-1.,0.,0.));
#5130=DIRECTION('center_axis',(1.28631858760489E-16,0.,1.));
#5131=DIRECTION('ref_axis',(0.,1.,0.));
#5132=DIRECTION('center_axis',(0.,0.,1.));
#5133=DIRECTION('ref_axis',(0.,1.,0.));
#5134=DIRECTION('',(-4.27395569285714E-18,0.034899496702501,-0.999390827019096));
#5135=DIRECTION('center_axis',(0.,0.,1.));
#5136=DIRECTION('ref_axis',(0.,1.,0.));
#5137=DIRECTION('center_axis',(0.,0.,1.));
#5138=DIRECTION('ref_axis',(1.,0.,0.));
#5139=DIRECTION('center_axis',(0.,0.,-1.));
#5140=DIRECTION('ref_axis',(0.,1.,0.));
#5141=DIRECTION('center_axis',(0.,0.,-1.));
#5142=DIRECTION('ref_axis',(0.,1.,0.));
#5143=DIRECTION('center_axis',(0.,0.,1.));
#5144=DIRECTION('ref_axis',(0.,1.,0.));
#5145=DIRECTION('',(-2.13730336808379E-18,0.0174524064372835,0.999847695156391));
#5146=DIRECTION('center_axis',(0.,0.,-1.));
#5147=DIRECTION('ref_axis',(0.,-1.,0.));
#5148=DIRECTION('center_axis',(0.,0.,1.));
#5149=DIRECTION('ref_axis',(1.,0.,0.));
#5150=DIRECTION('center_axis',(0.,0.,1.));
#5151=DIRECTION('ref_axis',(0.,1.,0.));
#5152=DIRECTION('center_axis',(0.,-1.,0.));
#5153=DIRECTION('ref_axis',(-1.,0.,0.));
#5154=DIRECTION('center_axis',(0.,0.,1.));
#5155=DIRECTION('ref_axis',(0.,1.,0.));
#5156=DIRECTION('center_axis',(0.,0.,1.));
#5157=DIRECTION('ref_axis',(0.,1.,0.));
#5158=DIRECTION('',(-4.27395569285714E-18,0.034899496702501,-0.999390827019096));
#5159=DIRECTION('center_axis',(0.,0.,1.));
#5160=DIRECTION('ref_axis',(0.,1.,0.));
#5161=DIRECTION('center_axis',(0.,0.,1.));
#5162=DIRECTION('ref_axis',(1.,0.,0.));
#5163=DIRECTION('center_axis',(0.,0.,-1.));
#5164=DIRECTION('ref_axis',(0.,1.,0.));
#5165=DIRECTION('center_axis',(0.,0.,-1.));
#5166=DIRECTION('ref_axis',(0.,1.,0.));
#5167=DIRECTION('center_axis',(0.,0.,1.));
#5168=DIRECTION('ref_axis',(0.,1.,0.));
#5169=DIRECTION('',(-2.13730336808379E-18,0.0174524064372835,0.999847695156391));
#5170=DIRECTION('center_axis',(0.,0.,-1.));
#5171=DIRECTION('ref_axis',(0.,-1.,0.));
#5172=DIRECTION('center_axis',(0.,0.,1.));
#5173=DIRECTION('ref_axis',(1.,0.,0.));
#5174=DIRECTION('center_axis',(-1.28631858760488E-16,0.,1.));
#5175=DIRECTION('ref_axis',(0.,1.,0.));
#5176=DIRECTION('center_axis',(0.,-1.,0.));
#5177=DIRECTION('ref_axis',(-1.,0.,0.));
#5178=DIRECTION('center_axis',(-1.28631858760488E-16,0.,1.));
#5179=DIRECTION('ref_axis',(0.,1.,0.));
#5180=DIRECTION('center_axis',(0.,0.,1.));
#5181=DIRECTION('ref_axis',(0.,1.,0.));
#5182=DIRECTION('',(-4.27395569285714E-18,0.034899496702501,-0.999390827019096));
#5183=DIRECTION('center_axis',(0.,0.,1.));
#5184=DIRECTION('ref_axis',(0.,1.,0.));
#5185=DIRECTION('center_axis',(0.,0.,1.));
#5186=DIRECTION('ref_axis',(1.,0.,0.));
#5187=DIRECTION('center_axis',(0.,0.,-1.));
#5188=DIRECTION('ref_axis',(0.,1.,0.));
#5189=DIRECTION('center_axis',(0.,0.,-1.));
#5190=DIRECTION('ref_axis',(0.,1.,0.));
#5191=DIRECTION('center_axis',(0.,0.,1.));
#5192=DIRECTION('ref_axis',(0.,1.,0.));
#5193=DIRECTION('',(-2.13730336808379E-18,0.0174524064372835,0.999847695156391));
#5194=DIRECTION('center_axis',(0.,0.,-1.));
#5195=DIRECTION('ref_axis',(0.,-1.,0.));
#5196=DIRECTION('center_axis',(0.,0.,1.));
#5197=DIRECTION('ref_axis',(1.,0.,0.));
#5198=DIRECTION('center_axis',(-1.28631858760488E-16,0.,1.));
#5199=DIRECTION('ref_axis',(0.,1.,0.));
#5200=DIRECTION('center_axis',(1.20869492174444E-16,-1.,0.));
#5201=DIRECTION('ref_axis',(-1.,-1.20869492174444E-16,0.));
#5202=DIRECTION('center_axis',(-1.28631858760488E-16,0.,1.));
#5203=DIRECTION('ref_axis',(0.,1.,0.));
#5204=DIRECTION('center_axis',(0.,0.,1.));
#5205=DIRECTION('ref_axis',(0.,1.,0.));
#5206=DIRECTION('',(-4.27395569285714E-18,0.034899496702501,-0.999390827019096));
#5207=DIRECTION('center_axis',(0.,0.,1.));
#5208=DIRECTION('ref_axis',(0.,1.,0.));
#5209=DIRECTION('center_axis',(0.,0.,1.));
#5210=DIRECTION('ref_axis',(1.,0.,0.));
#5211=DIRECTION('center_axis',(0.,0.,-1.));
#5212=DIRECTION('ref_axis',(0.,1.,0.));
#5213=DIRECTION('center_axis',(0.,0.,-1.));
#5214=DIRECTION('ref_axis',(0.,1.,0.));
#5215=DIRECTION('center_axis',(0.,0.,1.));
#5216=DIRECTION('ref_axis',(0.,1.,0.));
#5217=DIRECTION('',(-2.13730336808379E-18,0.0174524064372835,0.999847695156391));
#5218=DIRECTION('center_axis',(0.,0.,-1.));
#5219=DIRECTION('ref_axis',(0.,-1.,0.));
#5220=DIRECTION('center_axis',(0.,0.,1.));
#5221=DIRECTION('ref_axis',(1.,0.,0.));
#5222=DIRECTION('center_axis',(0.,0.,1.));
#5223=DIRECTION('ref_axis',(0.,1.,0.));
#5224=DIRECTION('center_axis',(1.20869492174444E-16,-1.,0.));
#5225=DIRECTION('ref_axis',(-1.,-1.20869492174444E-16,0.));
#5226=DIRECTION('center_axis',(0.,0.,1.));
#5227=DIRECTION('ref_axis',(0.,1.,0.));
#5228=DIRECTION('center_axis',(0.,0.,1.));
#5229=DIRECTION('ref_axis',(0.,1.,0.));
#5230=DIRECTION('',(-4.27395569285714E-18,0.034899496702501,-0.999390827019096));
#5231=DIRECTION('center_axis',(0.,0.,1.));
#5232=DIRECTION('ref_axis',(0.,1.,0.));
#5233=DIRECTION('center_axis',(0.,0.,1.));
#5234=DIRECTION('ref_axis',(1.,0.,0.));
#5235=DIRECTION('center_axis',(0.,0.,-1.));
#5236=DIRECTION('ref_axis',(0.,1.,0.));
#5237=DIRECTION('center_axis',(0.,0.,-1.));
#5238=DIRECTION('ref_axis',(0.,1.,0.));
#5239=DIRECTION('center_axis',(0.,0.,1.));
#5240=DIRECTION('ref_axis',(0.,1.,0.));
#5241=DIRECTION('',(-2.13730336808379E-18,0.0174524064372835,0.999847695156391));
#5242=DIRECTION('center_axis',(0.,0.,-1.));
#5243=DIRECTION('ref_axis',(0.,-1.,0.));
#5244=DIRECTION('center_axis',(1.,0.,0.));
#5245=DIRECTION('ref_axis',(0.,0.,1.));
#5246=DIRECTION('center_axis',(1.,0.,0.));
#5247=DIRECTION('ref_axis',(0.,0.,1.));
#5248=DIRECTION('',(1.,0.,0.));
#5249=DIRECTION('center_axis',(-1.,0.,0.));
#5250=DIRECTION('ref_axis',(0.,0.,1.));
#5251=DIRECTION('center_axis',(1.,0.,0.));
#5252=DIRECTION('ref_axis',(0.,0.,1.));
#5253=DIRECTION('center_axis',(1.,0.,0.));
#5254=DIRECTION('ref_axis',(0.,0.,1.));
#5255=DIRECTION('',(1.,0.,0.));
#5256=DIRECTION('center_axis',(-1.,0.,0.));
#5257=DIRECTION('ref_axis',(0.,0.,1.));
#5258=DIRECTION('center_axis',(0.,4.44089209850063E-16,-1.));
#5259=DIRECTION('ref_axis',(0.,1.,4.44089209850063E-16));
#5260=DIRECTION('',(0.,-1.,-4.44089209850063E-16));
#5261=DIRECTION('',(1.,0.,0.));
#5262=DIRECTION('',(0.,1.,4.44089209850063E-16));
#5263=DIRECTION('',(1.,0.,0.));
#5264=DIRECTION('center_axis',(0.,-1.,1.85037170770859E-16));
#5265=DIRECTION('ref_axis',(0.,-1.85037170770859E-16,-1.));
#5266=DIRECTION('',(0.,-1.85037170770859E-16,-1.));
#5267=DIRECTION('',(1.,0.,0.));
#5268=DIRECTION('',(0.,1.85037170770859E-16,1.));
#5269=DIRECTION('center_axis',(0.,0.,1.));
#5270=DIRECTION('ref_axis',(0.,-1.,0.));
#5271=DIRECTION('',(0.,1.,0.));
#5272=DIRECTION('',(0.,-1.,0.));
#5273=DIRECTION('',(1.,0.,0.));
#5274=DIRECTION('center_axis',(0.,1.,-7.40148683083438E-17));
#5275=DIRECTION('ref_axis',(0.,7.40148683083438E-17,1.));
#5276=DIRECTION('',(0.,-7.40148683083438E-17,-1.));
#5277=DIRECTION('',(0.,7.40148683083438E-17,1.));
#5278=DIRECTION('center_axis',(1.,0.,0.));
#5279=DIRECTION('ref_axis',(0.,0.,1.));
#5280=DIRECTION('center_axis',(1.,0.,0.));
#5281=DIRECTION('ref_axis',(0.,0.,1.));
#5282=DIRECTION('',(1.,0.,0.));
#5283=DIRECTION('center_axis',(-1.,0.,0.));
#5284=DIRECTION('ref_axis',(0.,0.,1.));
#5285=DIRECTION('center_axis',(0.,-1.77635683940025E-16,-1.));
#5286=DIRECTION('ref_axis',(0.,1.,-1.77635683940025E-16));
#5287=DIRECTION('',(0.,-1.,1.77635683940025E-16));
#5288=DIRECTION('',(1.,0.,0.));
#5289=DIRECTION('',(0.,1.,-1.77635683940025E-16));
#5290=DIRECTION('',(1.,0.,0.));
#5291=DIRECTION('center_axis',(0.,-1.,0.));
#5292=DIRECTION('ref_axis',(0.,0.,-1.));
#5293=DIRECTION('',(0.,0.,1.));
#5294=DIRECTION('',(0.,0.,-1.));
#5295=DIRECTION('',(1.,0.,0.));
#5296=DIRECTION('center_axis',(0.,4.44089209850063E-17,1.));
#5297=DIRECTION('ref_axis',(0.,-1.,4.44089209850063E-17));
#5298=DIRECTION('',(0.,1.,-4.44089209850063E-17));
#5299=DIRECTION('',(0.,-1.,4.44089209850063E-17));
#5300=DIRECTION('',(1.,0.,0.));
#5301=DIRECTION('center_axis',(0.,1.,0.));
#5302=DIRECTION('ref_axis',(0.,0.,1.));
#5303=DIRECTION('',(0.,0.,-1.));
#5304=DIRECTION('',(0.,0.,1.));
#5305=DIRECTION('center_axis',(0.,-2.96059473233375E-16,-1.));
#5306=DIRECTION('ref_axis',(0.,1.,-2.96059473233375E-16));
#5307=DIRECTION('',(0.,-1.,2.96059473233375E-16));
#5308=DIRECTION('',(1.,0.,0.));
#5309=DIRECTION('',(0.,1.,-2.96059473233375E-16));
#5310=DIRECTION('',(1.,0.,0.));
#5311=DIRECTION('center_axis',(0.,-1.,0.));
#5312=DIRECTION('ref_axis',(0.,0.,-1.));
#5313=DIRECTION('',(0.,0.,1.));
#5314=DIRECTION('',(0.,0.,-1.));
#5315=DIRECTION('',(1.,0.,0.));
#5316=DIRECTION('center_axis',(0.,-1.48029736616688E-16,1.));
#5317=DIRECTION('ref_axis',(0.,-1.,-1.48029736616688E-16));
#5318=DIRECTION('',(0.,1.,1.48029736616688E-16));
#5319=DIRECTION('',(0.,-1.,-1.48029736616688E-16));
#5320=DIRECTION('',(1.,0.,0.));
#5321=DIRECTION('center_axis',(0.,1.,0.));
#5322=DIRECTION('ref_axis',(0.,0.,1.));
#5323=DIRECTION('',(0.,0.,-1.));
#5324=DIRECTION('',(0.,0.,1.));
#5325=DIRECTION('center_axis',(1.,0.,0.));
#5326=DIRECTION('ref_axis',(0.,0.,1.));
#5327=DIRECTION('center_axis',(1.,0.,0.));
#5328=DIRECTION('ref_axis',(0.,0.,1.));
#5329=DIRECTION('',(1.,0.,0.));
#5330=DIRECTION('center_axis',(-1.,0.,0.));
#5331=DIRECTION('ref_axis',(0.,0.,1.));
#5332=DIRECTION('center_axis',(6.254777603522E-16,0.,1.));
#5333=DIRECTION('ref_axis',(-1.,0.,6.254777603522E-16));
#5334=DIRECTION('',(1.,0.,-6.254777603522E-16));
#5335=DIRECTION('',(0.,-1.,0.));
#5336=DIRECTION('',(0.,-1.,0.));
#5337=DIRECTION('center_axis',(1.,0.,0.));
#5338=DIRECTION('ref_axis',(0.,0.,1.));
#5339=DIRECTION('',(0.,0.,-1.));
#5340=DIRECTION('',(0.,-1.,0.));
#5341=DIRECTION('center_axis',(0.,0.,-1.));
#5342=DIRECTION('ref_axis',(1.,0.,0.));
#5343=DIRECTION('',(-1.,0.,0.));
#5344=DIRECTION('',(0.,-1.,0.));
#5345=DIRECTION('center_axis',(-1.,0.,0.));
#5346=DIRECTION('ref_axis',(0.,0.,-1.));
#5347=DIRECTION('',(0.,0.,1.));
#5348=DIRECTION('center_axis',(0.,-1.,0.));
#5349=DIRECTION('ref_axis',(1.,0.,0.));
#5350=DIRECTION('',(0.,-1.,0.));
#5351=DIRECTION('center_axis',(0.,1.,0.));
#5352=DIRECTION('ref_axis',(1.,0.,0.));
#5353=DIRECTION('center_axis',(0.,-1.,0.));
#5354=DIRECTION('ref_axis',(1.,0.,0.));
#5355=DIRECTION('',(0.,-1.,0.));
#5356=DIRECTION('center_axis',(0.,1.,0.));
#5357=DIRECTION('ref_axis',(1.,0.,0.));
#5358=DIRECTION('center_axis',(0.,-1.,0.));
#5359=DIRECTION('ref_axis',(1.,0.,0.));
#5360=DIRECTION('',(0.,-1.,0.));
#5361=DIRECTION('center_axis',(0.,1.,0.));
#5362=DIRECTION('ref_axis',(1.,0.,0.));
#5363=DIRECTION('center_axis',(0.,-1.,0.));
#5364=DIRECTION('ref_axis',(1.,0.,0.));
#5365=DIRECTION('',(0.,-1.,0.));
#5366=DIRECTION('center_axis',(0.,1.,0.));
#5367=DIRECTION('ref_axis',(1.,0.,0.));
#5368=DIRECTION('center_axis',(0.,-1.,0.));
#5369=DIRECTION('ref_axis',(1.,0.,0.));
#5370=DIRECTION('',(0.,-1.,0.));
#5371=DIRECTION('center_axis',(0.,1.,0.));
#5372=DIRECTION('ref_axis',(1.,0.,0.));
#5373=DIRECTION('center_axis',(0.,0.,1.));
#5374=DIRECTION('ref_axis',(-1.,0.,0.));
#5375=DIRECTION('',(1.,0.,0.));
#5376=DIRECTION('',(0.,-1.,0.));
#5377=DIRECTION('',(0.,-1.,0.));
#5378=DIRECTION('center_axis',(1.,0.,0.));
#5379=DIRECTION('ref_axis',(0.,0.,1.));
#5380=DIRECTION('',(0.,0.,-1.));
#5381=DIRECTION('',(0.,-1.,0.));
#5382=DIRECTION('center_axis',(0.,0.,-1.));
#5383=DIRECTION('ref_axis',(1.,0.,0.));
#5384=DIRECTION('',(-1.,0.,0.));
#5385=DIRECTION('',(0.,-1.,0.));
#5386=DIRECTION('center_axis',(-1.,0.,0.));
#5387=DIRECTION('ref_axis',(0.,0.,-1.));
#5388=DIRECTION('',(0.,0.,1.));
#5389=DIRECTION('center_axis',(0.,-1.,0.));
#5390=DIRECTION('ref_axis',(1.,0.,0.));
#5391=DIRECTION('',(0.,-1.,0.));
#5392=DIRECTION('center_axis',(0.,1.,0.));
#5393=DIRECTION('ref_axis',(1.,0.,0.));
#5394=DIRECTION('center_axis',(-1.,0.,0.));
#5395=DIRECTION('ref_axis',(0.,0.,-1.));
#5396=DIRECTION('',(0.,0.,1.));
#5397=DIRECTION('',(0.,-1.,0.));
#5398=DIRECTION('',(0.,-1.,0.));
#5399=DIRECTION('center_axis',(0.,0.,1.));
#5400=DIRECTION('ref_axis',(-1.,0.,0.));
#5401=DIRECTION('',(1.,0.,0.));
#5402=DIRECTION('',(0.,-1.,0.));
#5403=DIRECTION('center_axis',(1.,0.,0.));
#5404=DIRECTION('ref_axis',(0.,0.,1.));
#5405=DIRECTION('',(0.,0.,-1.));
#5406=DIRECTION('',(0.,-1.,0.));
#5407=DIRECTION('center_axis',(0.,0.,-1.));
#5408=DIRECTION('ref_axis',(1.,0.,0.));
#5409=DIRECTION('',(-1.,0.,0.));
#5410=DIRECTION('center_axis',(0.,-1.,0.));
#5411=DIRECTION('ref_axis',(1.,0.,0.));
#5412=DIRECTION('',(0.,-1.,0.));
#5413=DIRECTION('center_axis',(0.,1.,0.));
#5414=DIRECTION('ref_axis',(1.,0.,0.));
#5415=DIRECTION('center_axis',(0.,-1.,0.));
#5416=DIRECTION('ref_axis',(1.,0.,0.));
#5417=DIRECTION('',(0.,-1.,0.));
#5418=DIRECTION('center_axis',(0.,1.,0.));
#5419=DIRECTION('ref_axis',(1.,0.,0.));
#5420=DIRECTION('center_axis',(-1.,0.,0.));
#5421=DIRECTION('ref_axis',(0.,0.,-1.));
#5422=DIRECTION('center_axis',(-1.,0.,0.));
#5423=DIRECTION('ref_axis',(0.,0.,-1.));
#5424=DIRECTION('',(-1.,0.,0.));
#5425=DIRECTION('center_axis',(1.,0.,0.));
#5426=DIRECTION('ref_axis',(0.,0.,-1.));
#5427=DIRECTION('center_axis',(0.,1.62471662140267E-15,1.));
#5428=DIRECTION('ref_axis',(0.,1.,-1.62471662140267E-15));
#5429=DIRECTION('',(0.,-1.,1.62471662140267E-15));
#5430=DIRECTION('',(-1.,0.,0.));
#5431=DIRECTION('',(0.,1.,-1.62471662140267E-15));
#5432=DIRECTION('',(-1.,0.,0.));
#5433=DIRECTION('center_axis',(0.,-1.,0.));
#5434=DIRECTION('ref_axis',(0.,0.,1.));
#5435=DIRECTION('',(0.,0.,-1.));
#5436=DIRECTION('',(0.,0.,1.));
#5437=DIRECTION('',(-1.,0.,0.));
#5438=DIRECTION('center_axis',(0.,1.62471662140267E-15,-1.));
#5439=DIRECTION('ref_axis',(0.,-1.,-1.62471662140267E-15));
#5440=DIRECTION('',(0.,1.,1.62471662140267E-15));
#5441=DIRECTION('',(0.,-1.,-1.62471662140267E-15));
#5442=DIRECTION('',(-1.,0.,0.));
#5443=DIRECTION('center_axis',(0.,1.,0.));
#5444=DIRECTION('ref_axis',(0.,0.,-1.));
#5445=DIRECTION('',(0.,0.,1.));
#5446=DIRECTION('',(0.,0.,-1.));
#5447=DIRECTION('center_axis',(-1.,0.,0.));
#5448=DIRECTION('ref_axis',(0.,0.,-1.));
#5449=DIRECTION('center_axis',(-1.,0.,0.));
#5450=DIRECTION('ref_axis',(0.,0.,-1.));
#5451=DIRECTION('',(-1.,0.,0.));
#5452=DIRECTION('center_axis',(1.,0.,0.));
#5453=DIRECTION('ref_axis',(0.,0.,-1.));
#5454=DIRECTION('center_axis',(-1.,0.,0.));
#5455=DIRECTION('ref_axis',(0.,0.,-1.));
#5456=DIRECTION('center_axis',(-1.,0.,0.));
#5457=DIRECTION('ref_axis',(0.,0.,-1.));
#5458=DIRECTION('',(-1.,0.,0.));
#5459=DIRECTION('center_axis',(1.,0.,0.));
#5460=DIRECTION('ref_axis',(0.,0.,-1.));
#5461=DIRECTION('center_axis',(-1.,0.,0.));
#5462=DIRECTION('ref_axis',(0.,0.,-1.));
#5463=DIRECTION('center_axis',(-1.,0.,0.));
#5464=DIRECTION('ref_axis',(0.,0.,-1.));
#5465=DIRECTION('',(-1.,0.,0.));
#5466=DIRECTION('center_axis',(1.,0.,0.));
#5467=DIRECTION('ref_axis',(0.,0.,-1.));
#5468=DIRECTION('center_axis',(0.,-8.88178419700125E-17,1.));
#5469=DIRECTION('ref_axis',(0.,1.,8.88178419700125E-17));
#5470=DIRECTION('',(0.,-1.,-8.88178419700125E-17));
#5471=DIRECTION('',(-1.,0.,0.));
#5472=DIRECTION('',(0.,1.,8.88178419700125E-17));
#5473=DIRECTION('',(-1.,0.,0.));
#5474=DIRECTION('center_axis',(0.,-1.,0.));
#5475=DIRECTION('ref_axis',(0.,0.,1.));
#5476=DIRECTION('',(0.,0.,-1.));
#5477=DIRECTION('',(0.,0.,1.));
#5478=DIRECTION('',(-1.,0.,0.));
#5479=DIRECTION('center_axis',(0.,-8.88178419700125E-17,-1.));
#5480=DIRECTION('ref_axis',(0.,-1.,8.88178419700125E-17));
#5481=DIRECTION('',(0.,1.,-8.88178419700125E-17));
#5482=DIRECTION('',(0.,-1.,8.88178419700125E-17));
#5483=DIRECTION('',(-1.,0.,0.));
#5484=DIRECTION('center_axis',(0.,1.,0.));
#5485=DIRECTION('ref_axis',(0.,0.,-1.));
#5486=DIRECTION('',(0.,0.,1.));
#5487=DIRECTION('',(0.,0.,-1.));
#5488=DIRECTION('center_axis',(0.,-1.,0.));
#5489=DIRECTION('ref_axis',(-1.,0.,0.));
#5490=DIRECTION('',(0.,0.,-1.));
#5491=DIRECTION('',(0.,0.,-1.));
#5492=DIRECTION('center_axis',(-1.,0.,0.));
#5493=DIRECTION('ref_axis',(0.,1.,0.));
#5494=DIRECTION('',(0.,0.,-1.));
#5495=DIRECTION('center_axis',(0.,1.,0.));
#5496=DIRECTION('ref_axis',(1.,0.,0.));
#5497=DIRECTION('',(0.,0.,-1.));
#5498=DIRECTION('center_axis',(1.,0.,0.));
#5499=DIRECTION('ref_axis',(0.,-1.,0.));
#5500=DIRECTION('center_axis',(-1.,0.,0.));
#5501=DIRECTION('ref_axis',(0.,-1.,0.));
#5502=DIRECTION('',(0.,-1.,0.));
#5503=DIRECTION('center_axis',(1.,0.,0.));
#5504=DIRECTION('ref_axis',(0.,1.,0.));
#5505=DIRECTION('',(0.,1.,0.));
#5506=DIRECTION('center_axis',(0.,0.,1.));
#5507=DIRECTION('ref_axis',(1.,0.,0.));
#5508=CARTESIAN_POINT('',(0.,0.,0.));
#5509=CARTESIAN_POINT('Origin',(23.5401475912845,-23.6251630954902,0.));
#5510=CARTESIAN_POINT('',(24.0401475912845,-23.6251630954902,0.3));
#5511=CARTESIAN_POINT('',(23.5401475912845,-24.1251630954902,0.3));
#5512=CARTESIAN_POINT('Origin',(23.5401475912845,-23.6251630954902,0.3));
#5513=CARTESIAN_POINT('',(23.5401475912845,-24.1251630954902,-4.));
#5514=CARTESIAN_POINT('',(23.5401475912845,-24.1251630954902,0.));
#5515=CARTESIAN_POINT('',(24.0401475912845,-23.6251630954902,-4.));
#5516=CARTESIAN_POINT('Origin',(23.5401475912845,-23.6251630954902,-4.));
#5517=CARTESIAN_POINT('',(24.0401475912845,-23.6251630954902,0.));
#5518=CARTESIAN_POINT('Origin',(11.5401475912845,-11.6251630954902,-4.));
#5519=CARTESIAN_POINT('',(-0.459852408715513,-24.1251630954902,-4.));
#5520=CARTESIAN_POINT('',(24.0401475912845,-24.1251630954902,-4.));
#5521=CARTESIAN_POINT('',(-0.959852408715514,-23.6251630954902,-4.));
#5522=CARTESIAN_POINT('Origin',(-0.459852408715514,-23.6251630954902,-4.));
#5523=CARTESIAN_POINT('',(-0.959852408715514,0.374836904509763,-4.));
#5524=CARTESIAN_POINT('',(-0.959852408715514,-24.1251630954902,-4.));
#5525=CARTESIAN_POINT('',(-0.459852408715514,0.874836904509765,-4.));
#5526=CARTESIAN_POINT('Origin',(-0.459852408715514,0.374836904509765,-4.));
#5527=CARTESIAN_POINT('',(23.5401475912845,0.874836904509765,-4.));
#5528=CARTESIAN_POINT('',(-0.959852408715513,0.874836904509765,-4.));
#5529=CARTESIAN_POINT('',(24.0401475912845,0.374836904509765,-4.));
#5530=CARTESIAN_POINT('Origin',(23.5401475912845,0.374836904509765,-4.));
#5531=CARTESIAN_POINT('',(24.0401475912845,0.874836904509763,-4.));
#5532=CARTESIAN_POINT('',(23.7401475912845,-23.6251630954902,-4.));
#5533=CARTESIAN_POINT('Origin',(23.5401475912845,-23.6251630954902,-4.));
#5534=CARTESIAN_POINT('',(-0.259852408715514,-23.6251630954902,-4.));
#5535=CARTESIAN_POINT('Origin',(-0.459852408715514,-23.6251630954902,-4.));
#5536=CARTESIAN_POINT('',(23.7401475912845,0.374836904509763,-4.));
#5537=CARTESIAN_POINT('Origin',(23.5401475912845,0.374836904509763,-4.));
#5538=CARTESIAN_POINT('',(-0.259852408715514,0.374836904509763,-4.));
#5539=CARTESIAN_POINT('Origin',(-0.459852408715514,0.374836904509763,-4.));
#5540=CARTESIAN_POINT('',(-0.659852408716101,-0.425163095493531,-4.));
#5541=CARTESIAN_POINT('',(-0.659852408716102,-22.8251630954906,-4.));
#5542=CARTESIAN_POINT('',(-0.659852408716101,0.574836904506469,-4.));
#5543=CARTESIAN_POINT('',(0.340147591283899,-23.8251630954906,-4.));
#5544=CARTESIAN_POINT('Origin',(-0.659852408716101,-23.8251630954906,-4.));
#5545=CARTESIAN_POINT('',(22.740147591281,-23.8251630954906,-4.));
#5546=CARTESIAN_POINT('',(-0.659852408716101,-23.8251630954906,-4.));
#5547=CARTESIAN_POINT('',(23.740147591281,-22.8251630954906,-4.));
#5548=CARTESIAN_POINT('Origin',(23.740147591281,-23.8251630954906,-4.));
#5549=CARTESIAN_POINT('',(23.740147591281,-0.425163095493531,-4.));
#5550=CARTESIAN_POINT('',(23.740147591281,-23.8251630954906,-4.));
#5551=CARTESIAN_POINT('',(22.740147591281,0.574836904506468,-4.));
#5552=CARTESIAN_POINT('Origin',(23.740147591281,0.574836904506469,-4.));
#5553=CARTESIAN_POINT('',(0.340147591283898,0.574836904506469,-4.));
#5554=CARTESIAN_POINT('',(23.740147591281,0.574836904506469,-4.));
#5555=CARTESIAN_POINT('Origin',(-0.659852408716102,0.574836904506469,-4.));
#5556=CARTESIAN_POINT('Origin',(-0.959852408715514,-24.1251630954902,0.));
#5557=CARTESIAN_POINT('',(-0.459852408715514,-24.1251630954902,0.3));
#5558=CARTESIAN_POINT('',(-0.959852408715513,-24.1251630954902,0.3));
#5559=CARTESIAN_POINT('',(-0.459852408715514,-24.1251630954902,0.));
#5560=CARTESIAN_POINT('',(6.44014759128099,-24.1251630954902,-1.3));
#5561=CARTESIAN_POINT('Origin',(6.74014759128099,-24.1251630954902,-1.3));
#5562=CARTESIAN_POINT('',(21.440147591281,-24.1251630954902,-3.3));
#5563=CARTESIAN_POINT('Origin',(21.740147591281,-24.1251630954902,-3.3));
#5564=CARTESIAN_POINT('',(16.440147591281,-24.1251630954902,-3.3));
#5565=CARTESIAN_POINT('Origin',(16.740147591281,-24.1251630954902,-3.3));
#5566=CARTESIAN_POINT('',(1.44014759128099,-24.1251630954902,-1.3));
#5567=CARTESIAN_POINT('Origin',(1.74014759128099,-24.1251630954902,-1.3));
#5568=CARTESIAN_POINT('',(11.440147591281,-24.1251630954902,-1.3));
#5569=CARTESIAN_POINT('Origin',(11.740147591281,-24.1251630954902,-1.3));
#5570=CARTESIAN_POINT('',(6.44014759128099,-24.1251630954902,-3.3));
#5571=CARTESIAN_POINT('Origin',(6.74014759128099,-24.1251630954902,-3.3));
#5572=CARTESIAN_POINT('',(21.440147591281,-24.1251630954902,-1.3));
#5573=CARTESIAN_POINT('Origin',(21.740147591281,-24.1251630954902,-1.3));
#5574=CARTESIAN_POINT('',(16.440147591281,-24.1251630954902,-1.3));
#5575=CARTESIAN_POINT('Origin',(16.740147591281,-24.1251630954902,-1.3));
#5576=CARTESIAN_POINT('',(1.44014759128099,-24.1251630954902,-3.3));
#5577=CARTESIAN_POINT('Origin',(1.74014759128099,-24.1251630954902,-3.3));
#5578=CARTESIAN_POINT('',(11.440147591281,-24.1251630954902,-3.3));
#5579=CARTESIAN_POINT('Origin',(11.740147591281,-24.1251630954902,-3.3));
#5580=CARTESIAN_POINT('Origin',(-0.459852408715514,-23.6251630954902,0.));
#5581=CARTESIAN_POINT('',(-0.959852408715514,-23.6251630954902,0.3));
#5582=CARTESIAN_POINT('Origin',(-0.459852408715514,-23.6251630954902,0.3));
#5583=CARTESIAN_POINT('',(-0.959852408715514,-23.6251630954902,0.));
#5584=CARTESIAN_POINT('Origin',(-0.459852408715514,0.374836904509765,0.));
#5585=CARTESIAN_POINT('',(-0.959852408715514,0.374836904509765,0.3));
#5586=CARTESIAN_POINT('',(-0.459852408715513,0.874836904509765,0.3));
#5587=CARTESIAN_POINT('Origin',(-0.459852408715514,0.374836904509765,0.3));
#5588=CARTESIAN_POINT('',(-0.459852408715514,0.874836904509765,0.));
#5589=CARTESIAN_POINT('',(-0.959852408715514,0.374836904509765,0.));
#5590=CARTESIAN_POINT('Origin',(24.0401475912845,0.874836904509765,0.));
#5591=CARTESIAN_POINT('',(23.5401475912845,0.874836904509765,0.3));
#5592=CARTESIAN_POINT('',(24.0401475912845,0.874836904509765,0.3));
#5593=CARTESIAN_POINT('',(23.5401475912845,0.874836904509765,0.));
#5594=CARTESIAN_POINT('',(20.6201475912845,0.874836904509765,-3.15));
#5595=CARTESIAN_POINT('',(22.0401475912845,0.874836904509765,-3.15));
#5596=CARTESIAN_POINT('',(22.3301475912845,0.874836904509765,-3.15));
#5597=CARTESIAN_POINT('',(22.0401475912845,0.874836904509765,-0.85));
#5598=CARTESIAN_POINT('',(22.0401475912845,0.874836904509765,-1.575));
#5599=CARTESIAN_POINT('',(20.6201475912845,0.874836904509765,-0.849999999999999));
#5600=CARTESIAN_POINT('',(23.0401475912845,0.874836904509765,-0.850000000000001));
#5601=CARTESIAN_POINT('',(20.6201475912845,0.874836904509765,-0.425));
#5602=CARTESIAN_POINT('',(5.18014759128449,0.874836904509765,-0.68));
#5603=CARTESIAN_POINT('Origin',(5.33014759128448,0.874836904509765,-0.68));
#5604=CARTESIAN_POINT('',(3.18014759128448,0.874836904509765,-3.32));
#5605=CARTESIAN_POINT('Origin',(3.33014759128448,0.874836904509765,-3.32));
#5606=CARTESIAN_POINT('',(5.18014759128448,0.874836904509765,-3.32));
#5607=CARTESIAN_POINT('Origin',(5.33014759128448,0.874836904509765,-3.32));
#5608=CARTESIAN_POINT('',(21.1801475912845,0.874836904509765,-0.68));
#5609=CARTESIAN_POINT('Origin',(21.3301475912845,0.874836904509765,-0.68));
#5610=CARTESIAN_POINT('',(17.2301475912845,0.874836904509765,-2.));
#5611=CARTESIAN_POINT('Origin',(18.0401475912845,0.874836904509765,-2.));
#5612=CARTESIAN_POINT('',(4.62014759128448,0.874836904509765,-3.15));
#5613=CARTESIAN_POINT('',(6.04014759128449,0.874836904509765,-3.15));
#5614=CARTESIAN_POINT('',(14.3301475912845,0.874836904509765,-3.15));
#5615=CARTESIAN_POINT('',(6.04014759128449,0.874836904509765,-0.85));
#5616=CARTESIAN_POINT('',(6.04014759128449,0.874836904509765,-1.575));
#5617=CARTESIAN_POINT('',(4.62014759128448,0.874836904509765,-0.85));
#5618=CARTESIAN_POINT('',(15.0401475912845,0.874836904509765,-0.85));
#5619=CARTESIAN_POINT('',(4.62014759128449,0.874836904509765,-0.425));
#5620=CARTESIAN_POINT('',(3.18014759128449,0.874836904509765,-0.68));
#5621=CARTESIAN_POINT('Origin',(3.33014759128448,0.874836904509765,-0.68));
#5622=CARTESIAN_POINT('',(4.04014759128449,0.874836904509765,-3.15));
#5623=CARTESIAN_POINT('',(4.04014759128449,0.874836904509765,-0.85));
#5624=CARTESIAN_POINT('',(4.04014759128449,0.874836904509765,-1.575));
#5625=CARTESIAN_POINT('',(2.62014759128448,0.874836904509765,-0.85));
#5626=CARTESIAN_POINT('',(14.0401475912845,0.874836904509765,-0.85));
#5627=CARTESIAN_POINT('',(2.62014759128448,0.874836904509765,-3.15));
#5628=CARTESIAN_POINT('',(2.62014759128449,0.874836904509765,-0.425));
#5629=CARTESIAN_POINT('',(13.3301475912845,0.874836904509765,-3.15));
#5630=CARTESIAN_POINT('',(21.1801475912845,0.874836904509765,-3.32));
#5631=CARTESIAN_POINT('Origin',(21.3301475912845,0.874836904509765,-3.32));
#5632=CARTESIAN_POINT('',(11.0751475912845,0.874836904509765,-1.79));
#5633=CARTESIAN_POINT('Origin',(11.4751475912845,0.874836904509765,-1.79));
#5634=CARTESIAN_POINT('Origin',(23.5401475912845,0.374836904509765,0.));
#5635=CARTESIAN_POINT('',(24.0401475912845,0.374836904509763,0.3));
#5636=CARTESIAN_POINT('Origin',(23.5401475912845,0.374836904509765,0.3));
#5637=CARTESIAN_POINT('',(24.0401475912845,0.374836904509765,0.));
#5638=CARTESIAN_POINT('Origin',(23.5401475912845,-23.6251630954902,-4.));
#5639=CARTESIAN_POINT('',(23.740147591281,-23.6251630954902,-3.));
#5640=CARTESIAN_POINT('',(23.7401475912845,-23.6251630954902,-4.));
#5641=CARTESIAN_POINT('',(23.5401475912845,-23.8251630954906,-3.));
#5642=CARTESIAN_POINT('Origin',(23.5401475912845,-23.6251630954902,-3.));
#5643=CARTESIAN_POINT('Origin',(23.5401475912845,-23.6251630954902,-3.));
#5644=CARTESIAN_POINT('Origin',(-0.459852408715514,-23.6251630954902,-4.));
#5645=CARTESIAN_POINT('',(-0.259852408715514,-23.6251630954902,-3.));
#5646=CARTESIAN_POINT('',(-0.259852408715514,-23.6251630954902,-4.));
#5647=CARTESIAN_POINT('',(-0.659852408715514,-23.6251630954902,-3.));
#5648=CARTESIAN_POINT('Origin',(-0.459852408715514,-23.6251630954902,-3.));
#5649=CARTESIAN_POINT('',(-0.459852408715514,-23.8251630954906,-3.));
#5650=CARTESIAN_POINT('Origin',(-0.459852408715514,-23.6251630954902,-3.));
#5651=CARTESIAN_POINT('Origin',(-0.459852408715514,-23.6251630954902,-3.));
#5652=CARTESIAN_POINT('Origin',(23.5401475912845,0.374836904509763,-4.));
#5653=CARTESIAN_POINT('',(23.740147591281,0.374836904509763,-3.));
#5654=CARTESIAN_POINT('',(23.7401475912845,0.374836904509763,-4.));
#5655=CARTESIAN_POINT('',(23.5401475912845,0.574836904506469,-3.));
#5656=CARTESIAN_POINT('Origin',(23.5401475912845,0.374836904509763,-3.));
#5657=CARTESIAN_POINT('Origin',(23.5401475912845,0.374836904509763,-3.));
#5658=CARTESIAN_POINT('Origin',(-0.459852408715514,0.374836904509763,-4.));
#5659=CARTESIAN_POINT('',(-0.259852408715514,0.374836904509763,-3.));
#5660=CARTESIAN_POINT('',(-0.259852408715514,0.374836904509763,-4.));
#5661=CARTESIAN_POINT('',(-0.459852408715514,0.574836904506469,-3.));
#5662=CARTESIAN_POINT('Origin',(-0.459852408715514,0.374836904509763,-3.));
#5663=CARTESIAN_POINT('',(-0.659852408715514,0.374836904509763,-3.));
#5664=CARTESIAN_POINT('Origin',(-0.459852408715514,0.374836904509763,-3.));
#5665=CARTESIAN_POINT('Origin',(-0.459852408715514,0.374836904509763,-3.));
#5666=CARTESIAN_POINT('Origin',(23.240147591281,-23.3251630954906,-3.));
#5667=CARTESIAN_POINT('',(23.740147591281,-23.8251630954906,-3.));
#5668=CARTESIAN_POINT('',(11.2901475912824,-23.8251630954906,-3.));
#5669=CARTESIAN_POINT('',(23.740147591281,-23.5751630954906,-3.));
#5670=CARTESIAN_POINT('Origin',(23.240147591281,-23.3251630954906,-3.));
#5671=CARTESIAN_POINT('',(23.740147591281,-22.8251630954906,-3.));
#5672=CARTESIAN_POINT('',(23.740147591281,-23.5751630954906,-3.));
#5673=CARTESIAN_POINT('',(22.740147591281,-23.8251630954906,-3.));
#5674=CARTESIAN_POINT('Origin',(23.740147591281,-23.8251630954906,-3.));
#5675=CARTESIAN_POINT('',(11.2901475912824,-23.8251630954906,-3.));
#5676=CARTESIAN_POINT('Origin',(-0.159852408716101,-23.3251630954906,-3.));
#5677=CARTESIAN_POINT('',(-0.659852408716101,-23.8251630954906,-3.));
#5678=CARTESIAN_POINT('',(-0.659852408716101,-11.3751630954921,-3.));
#5679=CARTESIAN_POINT('',(-0.409852408716101,-23.8251630954906,-3.));
#5680=CARTESIAN_POINT('Origin',(-0.159852408716101,-23.3251630954906,-3.));
#5681=CARTESIAN_POINT('',(0.340147591283899,-23.8251630954906,-3.));
#5682=CARTESIAN_POINT('',(-0.409852408716101,-23.8251630954906,-3.));
#5683=CARTESIAN_POINT('',(-0.659852408716101,-22.8251630954906,-3.));
#5684=CARTESIAN_POINT('Origin',(-0.659852408716101,-23.8251630954906,-3.));
#5685=CARTESIAN_POINT('',(-0.659852408716101,-23.1251630954902,-3.));
#5686=CARTESIAN_POINT('',(-0.659852408716101,-23.8251630954906,-3.));
#5687=CARTESIAN_POINT('',(-0.659852408716101,-11.3751630954921,-3.));
#5688=CARTESIAN_POINT('Origin',(23.240147591281,0.0748369045064685,-3.));
#5689=CARTESIAN_POINT('',(22.740147591281,0.574836904506468,-3.));
#5690=CARTESIAN_POINT('',(23.490147591281,0.574836904506469,-3.));
#5691=CARTESIAN_POINT('',(23.740147591281,-0.425163095493531,-3.));
#5692=CARTESIAN_POINT('Origin',(23.740147591281,0.574836904506469,-3.));
#5693=CARTESIAN_POINT('',(23.740147591281,-11.8751630954921,-3.));
#5694=CARTESIAN_POINT('Origin',(23.240147591281,0.0748369045064685,-3.));
#5695=CARTESIAN_POINT('',(23.740147591281,0.574836904506469,-3.));
#5696=CARTESIAN_POINT('',(23.740147591281,-11.8751630954921,-3.));
#5697=CARTESIAN_POINT('',(23.490147591281,0.574836904506469,-3.));
#5698=CARTESIAN_POINT('Origin',(-0.159852408716101,0.0748369045064688,-3.));
#5699=CARTESIAN_POINT('',(-0.659852408716101,0.574836904506469,-3.));
#5700=CARTESIAN_POINT('',(11.7901475912824,0.574836904506469,-3.));
#5701=CARTESIAN_POINT('',(-0.659852408716101,0.324836904506469,-3.));
#5702=CARTESIAN_POINT('Origin',(-0.159852408716101,0.0748369045064688,-3.));
#5703=CARTESIAN_POINT('',(-0.659852408716101,-0.425163095493531,-3.));
#5704=CARTESIAN_POINT('',(-0.659852408716101,0.324836904506469,-3.));
#5705=CARTESIAN_POINT('',(0.340147591283898,0.574836904506469,-3.));
#5706=CARTESIAN_POINT('Origin',(-0.659852408716102,0.574836904506469,-3.));
#5707=CARTESIAN_POINT('',(11.7901475912824,0.574836904506469,-3.));
#5708=CARTESIAN_POINT('Origin',(-0.659852408716102,0.574836904506469,-4.));
#5709=CARTESIAN_POINT('',(0.340147591283898,0.574836904506469,-4.));
#5710=CARTESIAN_POINT('',(-0.659852408716101,-0.425163095493531,-4.));
#5711=CARTESIAN_POINT('Origin',(23.740147591281,0.574836904506469,-4.));
#5712=CARTESIAN_POINT('',(23.740147591281,-0.425163095493531,-4.));
#5713=CARTESIAN_POINT('',(22.740147591281,0.574836904506469,-4.));
#5714=CARTESIAN_POINT('Origin',(-0.659852408716101,-22.8251630954906,-4.));
#5715=CARTESIAN_POINT('',(-0.659852408716102,-22.8251630954906,-3.2));
#5716=CARTESIAN_POINT('',(-0.659852408716101,-23.1251630954902,-3.2));
#5717=CARTESIAN_POINT('',(-0.659852408716101,-11.2751630954919,-3.19999999999999));
#5718=CARTESIAN_POINT('',(-0.659852408716101,-23.1251630954902,-0.0999999999999979));
#5719=CARTESIAN_POINT('',(-0.659852408716102,-22.8251630954906,-4.));
#5720=CARTESIAN_POINT('Origin',(-0.659852408716101,-23.8251630954906,-4.));
#5721=CARTESIAN_POINT('',(-0.659852408716101,-22.8251630954906,-4.));
#5722=CARTESIAN_POINT('',(0.340147591283899,-23.8251630954906,-4.));
#5723=CARTESIAN_POINT('Origin',(23.740147591281,-23.8251630954906,-4.));
#5724=CARTESIAN_POINT('',(22.740147591281,-23.8251630954906,-4.));
#5725=CARTESIAN_POINT('',(23.740147591281,-22.8251630954906,-4.));
#5726=CARTESIAN_POINT('Origin',(6.74014759128099,-23.8251630954906,-1.3));
#5727=CARTESIAN_POINT('',(6.44014759128099,-23.8251630954906,-1.3));
#5728=CARTESIAN_POINT('Origin',(6.74014759128099,-23.8251630954906,-1.3));
#5729=CARTESIAN_POINT('',(6.44014759128099,-23.8251630954906,-1.3));
#5730=CARTESIAN_POINT('Origin',(21.740147591281,-23.8251630954906,-3.3));
#5731=CARTESIAN_POINT('',(21.440147591281,-23.8251630954906,-3.3));
#5732=CARTESIAN_POINT('Origin',(21.740147591281,-23.8251630954906,-3.3));
#5733=CARTESIAN_POINT('',(21.440147591281,-23.8251630954906,-3.3));
#5734=CARTESIAN_POINT('Origin',(16.740147591281,-23.8251630954906,-3.3));
#5735=CARTESIAN_POINT('',(16.440147591281,-23.8251630954906,-3.3));
#5736=CARTESIAN_POINT('Origin',(16.740147591281,-23.8251630954906,-3.3));
#5737=CARTESIAN_POINT('',(16.440147591281,-23.8251630954906,-3.3));
#5738=CARTESIAN_POINT('Origin',(1.74014759128099,-23.8251630954906,-1.3));
#5739=CARTESIAN_POINT('',(1.44014759128099,-23.8251630954906,-1.3));
#5740=CARTESIAN_POINT('Origin',(1.74014759128099,-23.8251630954906,-1.3));
#5741=CARTESIAN_POINT('',(1.44014759128099,-23.8251630954906,-1.3));
#5742=CARTESIAN_POINT('Origin',(11.740147591281,-23.8251630954906,-1.3));
#5743=CARTESIAN_POINT('',(11.440147591281,-23.8251630954906,-1.3));
#5744=CARTESIAN_POINT('Origin',(11.740147591281,-23.8251630954906,-1.3));
#5745=CARTESIAN_POINT('',(11.440147591281,-23.8251630954906,-1.3));
#5746=CARTESIAN_POINT('Origin',(6.74014759128099,-23.8251630954906,-3.3));
#5747=CARTESIAN_POINT('',(6.44014759128099,-23.8251630954906,-3.3));
#5748=CARTESIAN_POINT('Origin',(6.74014759128099,-23.8251630954906,-3.3));
#5749=CARTESIAN_POINT('',(6.44014759128099,-23.8251630954906,-3.3));
#5750=CARTESIAN_POINT('Origin',(21.740147591281,-23.8251630954906,-1.3));
#5751=CARTESIAN_POINT('',(21.440147591281,-23.8251630954906,-1.3));
#5752=CARTESIAN_POINT('Origin',(21.740147591281,-23.8251630954906,-1.3));
#5753=CARTESIAN_POINT('',(21.440147591281,-23.8251630954906,-1.3));
#5754=CARTESIAN_POINT('Origin',(16.740147591281,-23.8251630954906,-1.3));
#5755=CARTESIAN_POINT('',(16.440147591281,-23.8251630954906,-1.3));
#5756=CARTESIAN_POINT('Origin',(16.740147591281,-23.8251630954906,-1.3));
#5757=CARTESIAN_POINT('',(16.440147591281,-23.8251630954906,-1.3));
#5758=CARTESIAN_POINT('Origin',(1.74014759128099,-23.8251630954906,-3.3));
#5759=CARTESIAN_POINT('',(1.44014759128099,-23.8251630954906,-3.3));
#5760=CARTESIAN_POINT('Origin',(1.74014759128099,-23.8251630954906,-3.3));
#5761=CARTESIAN_POINT('',(1.44014759128099,-23.8251630954906,-3.3));
#5762=CARTESIAN_POINT('Origin',(11.740147591281,-23.8251630954906,-3.3));
#5763=CARTESIAN_POINT('',(11.440147591281,-23.8251630954906,-3.3));
#5764=CARTESIAN_POINT('Origin',(11.740147591281,-23.8251630954906,-3.3));
#5765=CARTESIAN_POINT('',(11.440147591281,-23.8251630954906,-3.3));
#5766=CARTESIAN_POINT('Origin',(19.240147591281,-17.3251630954906,-0.1));
#5767=CARTESIAN_POINT('',(19.240147591281,-17.6567136597612,-0.09651005032975));
#5768=CARTESIAN_POINT('',(18.9085970270104,-17.3251630954906,-0.09651005032975));
#5769=CARTESIAN_POINT('Origin',(19.240147591281,-17.3251630954906,-0.09651005032975));
#5770=CARTESIAN_POINT('',(18.8086579443085,-17.3251630954906,0.));
#5771=CARTESIAN_POINT('Origin',(18.8086579443085,-17.3251630954906,-0.1));
#5772=CARTESIAN_POINT('Origin',(19.240147591281,-17.3251630954906,0.));
#5773=CARTESIAN_POINT('Origin',(19.240147591281,-17.3251630954906,-0.09651005032975));
#5774=CARTESIAN_POINT('Origin',(19.240147591281,-17.3251630954906,0.25));
#5775=CARTESIAN_POINT('',(19.240147591281,-17.6251630954906,-1.));
#5776=CARTESIAN_POINT('',(19.240147591281,-17.6688140573553,0.25));
#5777=CARTESIAN_POINT('Origin',(19.240147591281,-17.3251630954906,-1.));
#5778=CARTESIAN_POINT('Origin',(11.5401475912845,-11.6251630954902,0.));
#5779=CARTESIAN_POINT('',(-0.659852408716101,0.574836904506469,0.));
#5780=CARTESIAN_POINT('',(23.740147591281,0.574836904506469,0.));
#5781=CARTESIAN_POINT('',(17.6401475912827,0.574836904506469,0.));
#5782=CARTESIAN_POINT('',(23.740147591281,-23.8251630954906,0.));
#5783=CARTESIAN_POINT('',(23.740147591281,-17.7251630954904,0.));
#5784=CARTESIAN_POINT('',(-0.659852408716101,-23.8251630954906,0.));
#5785=CARTESIAN_POINT('',(5.44014759128419,-23.8251630954906,0.));
#5786=CARTESIAN_POINT('',(-0.659852408716102,-5.52516309549188,0.));
#5787=CARTESIAN_POINT('',(19.8086579443085,-14.3251630954906,0.));
#5788=CARTESIAN_POINT('Origin',(20.240147591281,-14.3251630954906,0.));
#5789=CARTESIAN_POINT('',(19.8086579443085,-19.3251630954906,0.));
#5790=CARTESIAN_POINT('Origin',(20.240147591281,-19.3251630954906,0.));
#5791=CARTESIAN_POINT('',(20.8086579443085,-22.3251630954906,0.));
#5792=CARTESIAN_POINT('Origin',(21.240147591281,-22.3251630954906,0.));
#5793=CARTESIAN_POINT('',(14.2086579443085,-11.6251630954906,0.));
#5794=CARTESIAN_POINT('Origin',(14.740147591281,-11.6251630954906,0.));
#5795=CARTESIAN_POINT('',(16.1696579443114,-14.6431630954906,0.));
#5796=CARTESIAN_POINT('Origin',(16.7011475912839,-14.6431630954906,0.));
#5797=CARTESIAN_POINT('',(8.80865794431144,-23.0251630954906,0.));
#5798=CARTESIAN_POINT('Origin',(9.3401475912839,-23.0251630954906,0.));
#5799=CARTESIAN_POINT('',(1.80165794431144,-15.5231630954906,0.));
#5800=CARTESIAN_POINT('Origin',(2.3331475912839,-15.5231630954906,0.));
#5801=CARTESIAN_POINT('',(0.668657944311443,-11.0251630954935,0.));
#5802=CARTESIAN_POINT('Origin',(1.2001475912839,-11.0251630954935,0.));
#5803=CARTESIAN_POINT('',(6.46865794431144,-11.0251630954935,0.));
#5804=CARTESIAN_POINT('Origin',(7.0001475912839,-11.0251630954935,0.));
#5805=CARTESIAN_POINT('',(14.4086579443085,-9.46016309549353,0.));
#5806=CARTESIAN_POINT('Origin',(14.940147591281,-9.46016309549353,0.));
#5807=CARTESIAN_POINT('',(8.91865794430853,-6.02516309549353,0.));
#5808=CARTESIAN_POINT('Origin',(9.45014759128099,-6.02516309549353,0.));
#5809=CARTESIAN_POINT('',(14.4086579443085,-3.46016309549353,0.));
#5810=CARTESIAN_POINT('Origin',(14.940147591281,-3.46016309549353,0.));
#5811=CARTESIAN_POINT('',(8.91865794430853,-0.0251630954935315,0.));
#5812=CARTESIAN_POINT('Origin',(9.45014759128099,-0.0251630954935315,0.));
#5813=CARTESIAN_POINT('',(14.4086579443085,-0.0251630954935315,0.));
#5814=CARTESIAN_POINT('Origin',(14.940147591281,-0.0251630954935315,0.));
#5815=CARTESIAN_POINT('',(8.91865794430853,-3.46016309549353,0.));
#5816=CARTESIAN_POINT('Origin',(9.45014759128099,-3.46016309549353,0.));
#5817=CARTESIAN_POINT('',(14.4086579443085,-6.02516309549353,0.));
#5818=CARTESIAN_POINT('Origin',(14.940147591281,-6.02516309549353,0.));
#5819=CARTESIAN_POINT('',(8.91865794430853,-9.46016309549353,0.));
#5820=CARTESIAN_POINT('Origin',(9.45014759128099,-9.46016309549353,0.));
#5821=CARTESIAN_POINT('',(6.46865794431144,-2.42516309549353,0.));
#5822=CARTESIAN_POINT('Origin',(7.0001475912839,-2.42516309549353,0.));
#5823=CARTESIAN_POINT('',(0.668657944311443,-2.42516309549353,0.));
#5824=CARTESIAN_POINT('Origin',(1.2001475912839,-2.42516309549353,0.));
#5825=CARTESIAN_POINT('',(7.00865794431144,-18.8251630954906,0.));
#5826=CARTESIAN_POINT('Origin',(7.5401475912839,-18.8251630954906,0.));
#5827=CARTESIAN_POINT('',(1.92865794431144,-20.3491630954906,0.));
#5828=CARTESIAN_POINT('Origin',(2.4601475912839,-20.3491630954906,0.));
#5829=CARTESIAN_POINT('',(8.80865794431144,-14.6431630954906,0.));
#5830=CARTESIAN_POINT('Origin',(9.3401475912839,-14.6431630954906,0.));
#5831=CARTESIAN_POINT('',(16.1696579443114,-23.0251630954906,0.));
#5832=CARTESIAN_POINT('Origin',(16.7011475912839,-23.0251630954906,0.));
#5833=CARTESIAN_POINT('',(11.2086579443085,-13.2251630954906,0.));
#5834=CARTESIAN_POINT('Origin',(11.740147591281,-13.2251630954906,0.));
#5835=CARTESIAN_POINT('',(18.8086579443085,-22.3251630954906,0.));
#5836=CARTESIAN_POINT('Origin',(19.240147591281,-22.3251630954906,0.));
#5837=CARTESIAN_POINT('',(20.8086579443085,-17.3251630954906,0.));
#5838=CARTESIAN_POINT('Origin',(21.240147591281,-17.3251630954906,0.));
#5839=CARTESIAN_POINT('Origin',(11.5401475912845,-11.6251630954902,0.));
#5840=CARTESIAN_POINT('',(19.240147591281,-17.4577080305624,0.));
#5841=CARTESIAN_POINT('Origin',(19.240147591281,-17.3251630954906,0.));
#5842=CARTESIAN_POINT('Origin',(19.240147591281,-17.3251630954906,0.25));
#5843=CARTESIAN_POINT('',(19.240147591281,-17.4751630954906,-1.));
#5844=CARTESIAN_POINT('Origin',(19.240147591281,-17.3251630954906,-1.));
#5845=CARTESIAN_POINT('',(19.240147591281,-17.4533442643304,0.25));
#5846=CARTESIAN_POINT('Origin',(19.240147591281,-17.1751630954906,-1.));
#5847=CARTESIAN_POINT('Origin',(20.240147591281,-14.3251630954906,-0.1));
#5848=CARTESIAN_POINT('',(20.240147591281,-14.6567136597612,-0.0965100503297499));
#5849=CARTESIAN_POINT('',(19.9085970270104,-14.3251630954906,-0.09651005032975));
#5850=CARTESIAN_POINT('Origin',(20.240147591281,-14.3251630954906,-0.0965100503297499));
#5851=CARTESIAN_POINT('Origin',(19.8086579443085,-14.3251630954906,-0.1));
#5852=CARTESIAN_POINT('Origin',(20.240147591281,-14.3251630954906,-0.0965100503297499));
#5853=CARTESIAN_POINT('Origin',(20.240147591281,-14.3251630954906,0.25));
#5854=CARTESIAN_POINT('',(20.240147591281,-14.6251630954906,-1.));
#5855=CARTESIAN_POINT('',(20.240147591281,-14.6688140573553,0.25));
#5856=CARTESIAN_POINT('Origin',(20.240147591281,-14.3251630954906,-1.));
#5857=CARTESIAN_POINT('Origin',(11.5401475912845,-11.6251630954902,0.));
#5858=CARTESIAN_POINT('',(20.240147591281,-14.4577080305624,0.));
#5859=CARTESIAN_POINT('Origin',(20.240147591281,-14.3251630954906,0.));
#5860=CARTESIAN_POINT('Origin',(20.240147591281,-14.3251630954906,0.25));
#5861=CARTESIAN_POINT('',(20.240147591281,-14.4751630954906,-1.));
#5862=CARTESIAN_POINT('Origin',(20.240147591281,-14.3251630954906,-1.));
#5863=CARTESIAN_POINT('',(20.240147591281,-14.4533442643304,0.25));
#5864=CARTESIAN_POINT('Origin',(20.240147591281,-14.1751630954906,-1.));
#5865=CARTESIAN_POINT('Origin',(21.240147591281,-17.3251630954906,-0.1));
#5866=CARTESIAN_POINT('',(21.240147591281,-17.6567136597612,-0.09651005032975));
#5867=CARTESIAN_POINT('',(20.9085970270104,-17.3251630954906,-0.09651005032975));
#5868=CARTESIAN_POINT('Origin',(21.240147591281,-17.3251630954906,-0.09651005032975));
#5869=CARTESIAN_POINT('Origin',(20.8086579443085,-17.3251630954906,-0.1));
#5870=CARTESIAN_POINT('Origin',(21.240147591281,-17.3251630954906,-0.09651005032975));
#5871=CARTESIAN_POINT('Origin',(21.240147591281,-17.3251630954906,0.25));
#5872=CARTESIAN_POINT('',(21.240147591281,-17.6251630954906,-1.));
#5873=CARTESIAN_POINT('',(21.240147591281,-17.6688140573553,0.25));
#5874=CARTESIAN_POINT('Origin',(21.240147591281,-17.3251630954906,-1.));
#5875=CARTESIAN_POINT('Origin',(11.5401475912845,-11.6251630954902,0.));
#5876=CARTESIAN_POINT('',(21.240147591281,-17.4577080305624,0.));
#5877=CARTESIAN_POINT('Origin',(21.240147591281,-17.3251630954906,0.));
#5878=CARTESIAN_POINT('Origin',(21.240147591281,-17.3251630954906,0.25));
#5879=CARTESIAN_POINT('',(21.240147591281,-17.4751630954906,-1.));
#5880=CARTESIAN_POINT('Origin',(21.240147591281,-17.3251630954906,-1.));
#5881=CARTESIAN_POINT('',(21.240147591281,-17.4533442643304,0.25));
#5882=CARTESIAN_POINT('Origin',(21.240147591281,-17.1751630954906,-1.));
#5883=CARTESIAN_POINT('Origin',(20.240147591281,-19.3251630954906,-0.1));
#5884=CARTESIAN_POINT('',(20.240147591281,-19.6567136597612,-0.09651005032975));
#5885=CARTESIAN_POINT('',(19.9085970270104,-19.3251630954906,-0.09651005032975));
#5886=CARTESIAN_POINT('Origin',(20.240147591281,-19.3251630954906,-0.09651005032975));
#5887=CARTESIAN_POINT('Origin',(19.8086579443085,-19.3251630954906,-0.1));
#5888=CARTESIAN_POINT('Origin',(20.240147591281,-19.3251630954906,-0.09651005032975));
#5889=CARTESIAN_POINT('Origin',(20.240147591281,-19.3251630954906,0.25));
#5890=CARTESIAN_POINT('',(20.240147591281,-19.6251630954906,-1.));
#5891=CARTESIAN_POINT('',(20.240147591281,-19.6688140573553,0.25));
#5892=CARTESIAN_POINT('Origin',(20.240147591281,-19.3251630954906,-1.));
#5893=CARTESIAN_POINT('Origin',(11.5401475912845,-11.6251630954902,0.));
#5894=CARTESIAN_POINT('',(20.240147591281,-19.4577080305624,0.));
#5895=CARTESIAN_POINT('Origin',(20.240147591281,-19.3251630954906,0.));
#5896=CARTESIAN_POINT('Origin',(20.240147591281,-19.3251630954906,0.25));
#5897=CARTESIAN_POINT('',(20.240147591281,-19.4751630954906,-1.));
#5898=CARTESIAN_POINT('Origin',(20.240147591281,-19.3251630954906,-1.));
#5899=CARTESIAN_POINT('',(20.240147591281,-19.4533442643304,0.25));
#5900=CARTESIAN_POINT('Origin',(20.240147591281,-19.1751630954906,-1.));
#5901=CARTESIAN_POINT('Origin',(19.240147591281,-22.3251630954906,-0.1));
#5902=CARTESIAN_POINT('',(19.240147591281,-22.6567136597612,-0.09651005032975));
#5903=CARTESIAN_POINT('',(18.9085970270104,-22.3251630954906,-0.09651005032975));
#5904=CARTESIAN_POINT('Origin',(19.240147591281,-22.3251630954906,-0.09651005032975));
#5905=CARTESIAN_POINT('Origin',(18.8086579443085,-22.3251630954906,-0.1));
#5906=CARTESIAN_POINT('Origin',(19.240147591281,-22.3251630954906,-0.09651005032975));
#5907=CARTESIAN_POINT('Origin',(19.240147591281,-22.3251630954906,0.25));
#5908=CARTESIAN_POINT('',(19.240147591281,-22.6251630954906,-1.));
#5909=CARTESIAN_POINT('',(19.240147591281,-22.6688140573553,0.25));
#5910=CARTESIAN_POINT('Origin',(19.240147591281,-22.3251630954906,-1.));
#5911=CARTESIAN_POINT('Origin',(11.5401475912845,-11.6251630954902,0.));
#5912=CARTESIAN_POINT('',(19.240147591281,-22.4577080305624,0.));
#5913=CARTESIAN_POINT('Origin',(19.240147591281,-22.3251630954906,0.));
#5914=CARTESIAN_POINT('Origin',(19.240147591281,-22.3251630954906,0.25));
#5915=CARTESIAN_POINT('',(19.240147591281,-22.4751630954906,-1.));
#5916=CARTESIAN_POINT('Origin',(19.240147591281,-22.3251630954906,-1.));
#5917=CARTESIAN_POINT('',(19.240147591281,-22.4533442643304,0.25));
#5918=CARTESIAN_POINT('Origin',(19.240147591281,-22.1751630954906,-1.));
#5919=CARTESIAN_POINT('Origin',(21.240147591281,-22.3251630954906,-0.1));
#5920=CARTESIAN_POINT('',(21.240147591281,-22.6567136597612,-0.09651005032975));
#5921=CARTESIAN_POINT('',(20.9085970270104,-22.3251630954906,-0.09651005032975));
#5922=CARTESIAN_POINT('Origin',(21.240147591281,-22.3251630954906,-0.09651005032975));
#5923=CARTESIAN_POINT('Origin',(20.8086579443085,-22.3251630954906,-0.1));
#5924=CARTESIAN_POINT('Origin',(21.240147591281,-22.3251630954906,-0.09651005032975));
#5925=CARTESIAN_POINT('Origin',(21.240147591281,-22.3251630954906,0.25));
#5926=CARTESIAN_POINT('',(21.240147591281,-22.6251630954906,-1.));
#5927=CARTESIAN_POINT('',(21.240147591281,-22.6688140573553,0.25));
#5928=CARTESIAN_POINT('Origin',(21.240147591281,-22.3251630954906,-1.));
#5929=CARTESIAN_POINT('Origin',(11.5401475912845,-11.6251630954902,0.));
#5930=CARTESIAN_POINT('',(21.240147591281,-22.4577080305624,0.));
#5931=CARTESIAN_POINT('Origin',(21.240147591281,-22.3251630954906,0.));
#5932=CARTESIAN_POINT('Origin',(21.240147591281,-22.3251630954906,0.25));
#5933=CARTESIAN_POINT('',(21.240147591281,-22.4751630954906,-1.));
#5934=CARTESIAN_POINT('Origin',(21.240147591281,-22.3251630954906,-1.));
#5935=CARTESIAN_POINT('',(21.240147591281,-22.4533442643304,0.25));
#5936=CARTESIAN_POINT('Origin',(21.240147591281,-22.1751630954906,-1.));
#5937=CARTESIAN_POINT('Origin',(11.740147591281,-13.2251630954906,-0.1));
#5938=CARTESIAN_POINT('',(11.740147591281,-13.6567136597612,-0.0965100503297499));
#5939=CARTESIAN_POINT('',(11.3085970270104,-13.2251630954906,-0.0965100503297498));
#5940=CARTESIAN_POINT('Origin',(11.740147591281,-13.2251630954906,-0.0965100503297499));
#5941=CARTESIAN_POINT('Origin',(11.2086579443085,-13.2251630954906,-0.1));
#5942=CARTESIAN_POINT('Origin',(11.740147591281,-13.2251630954906,-0.0965100503297499));
#5943=CARTESIAN_POINT('Origin',(11.740147591281,-13.2251630954906,0.25));
#5944=CARTESIAN_POINT('',(11.740147591281,-13.6251630954906,-1.));
#5945=CARTESIAN_POINT('',(11.740147591281,-13.6688140573553,0.25));
#5946=CARTESIAN_POINT('Origin',(11.740147591281,-13.2251630954906,-1.));
#5947=CARTESIAN_POINT('Origin',(11.5401475912845,-11.6251630954902,0.));
#5948=CARTESIAN_POINT('',(11.740147591281,-13.4077080305624,0.));
#5949=CARTESIAN_POINT('Origin',(11.740147591281,-13.2251630954906,0.));
#5950=CARTESIAN_POINT('Origin',(11.740147591281,-13.2251630954906,0.25));
#5951=CARTESIAN_POINT('',(11.740147591281,-13.4251630954906,-1.));
#5952=CARTESIAN_POINT('Origin',(11.740147591281,-13.2251630954906,-1.));
#5953=CARTESIAN_POINT('',(11.740147591281,-13.4033442643304,0.25));
#5954=CARTESIAN_POINT('Origin',(11.740147591281,-13.0251630954906,-1.));
#5955=CARTESIAN_POINT('Origin',(14.740147591281,-11.6251630954906,-0.1));
#5956=CARTESIAN_POINT('',(14.740147591281,-12.0567136597612,-0.0965100503297498));
#5957=CARTESIAN_POINT('',(14.3085970270104,-11.6251630954906,-0.0965100503297498));
#5958=CARTESIAN_POINT('Origin',(14.740147591281,-11.6251630954906,-0.0965100503297498));
#5959=CARTESIAN_POINT('Origin',(14.2086579443085,-11.6251630954906,-0.1));
#5960=CARTESIAN_POINT('Origin',(14.740147591281,-11.6251630954906,-0.0965100503297498));
#5961=CARTESIAN_POINT('Origin',(14.740147591281,-11.6251630954906,0.25));
#5962=CARTESIAN_POINT('',(14.740147591281,-12.0251630954906,-1.));
#5963=CARTESIAN_POINT('',(14.740147591281,-12.0688140573553,0.25));
#5964=CARTESIAN_POINT('Origin',(14.740147591281,-11.6251630954906,-1.));
#5965=CARTESIAN_POINT('Origin',(11.5401475912845,-11.6251630954902,0.));
#5966=CARTESIAN_POINT('',(14.740147591281,-11.8077080305624,0.));
#5967=CARTESIAN_POINT('Origin',(14.740147591281,-11.6251630954906,0.));
#5968=CARTESIAN_POINT('Origin',(14.740147591281,-11.6251630954906,0.25));
#5969=CARTESIAN_POINT('',(14.740147591281,-11.8251630954906,-1.));
#5970=CARTESIAN_POINT('Origin',(14.740147591281,-11.6251630954906,-1.));
#5971=CARTESIAN_POINT('',(14.740147591281,-11.8033442643304,0.25));
#5972=CARTESIAN_POINT('Origin',(14.740147591281,-11.4251630954906,-1.));
#5973=CARTESIAN_POINT('Origin',(16.7011475912839,-23.0251630954906,-0.1));
#5974=CARTESIAN_POINT('',(16.7011475912839,-23.4567136597612,-0.0965100503297497));
#5975=CARTESIAN_POINT('',(16.2695970270134,-23.0251630954906,-0.0965100503297497));
#5976=CARTESIAN_POINT('Origin',(16.7011475912839,-23.0251630954906,-0.0965100503297497));
#5977=CARTESIAN_POINT('Origin',(16.1696579443114,-23.0251630954906,-0.1));
#5978=CARTESIAN_POINT('Origin',(16.7011475912839,-23.0251630954906,-0.0965100503297497));
#5979=CARTESIAN_POINT('Origin',(16.7011475912839,-23.0251630954906,0.25));
#5980=CARTESIAN_POINT('',(16.7011475912839,-23.4251630954906,-1.));
#5981=CARTESIAN_POINT('',(16.7011475912839,-23.4688140573553,0.25));
#5982=CARTESIAN_POINT('Origin',(16.7011475912839,-23.0251630954906,-1.));
#5983=CARTESIAN_POINT('Origin',(11.5401475912845,-11.6251630954902,0.));
#5984=CARTESIAN_POINT('',(16.7011475912839,-23.2077080305624,0.));
#5985=CARTESIAN_POINT('Origin',(16.7011475912839,-23.0251630954906,0.));
#5986=CARTESIAN_POINT('Origin',(16.7011475912839,-23.0251630954906,0.25));
#5987=CARTESIAN_POINT('',(16.7011475912839,-23.2251630954906,-1.));
#5988=CARTESIAN_POINT('Origin',(16.7011475912839,-23.0251630954906,-1.));
#5989=CARTESIAN_POINT('',(16.7011475912839,-23.2033442643304,0.25));
#5990=CARTESIAN_POINT('Origin',(16.7011475912839,-22.8251630954906,-1.));
#5991=CARTESIAN_POINT('Origin',(16.7011475912839,-14.6431630954906,-0.1));
#5992=CARTESIAN_POINT('',(16.7011475912839,-15.0747136597612,-0.0965100503297499));
#5993=CARTESIAN_POINT('',(16.2695970270134,-14.6431630954906,-0.0965100503297497));
#5994=CARTESIAN_POINT('Origin',(16.7011475912839,-14.6431630954906,-0.0965100503297499));
#5995=CARTESIAN_POINT('Origin',(16.1696579443114,-14.6431630954906,-0.1));
#5996=CARTESIAN_POINT('Origin',(16.7011475912839,-14.6431630954906,-0.0965100503297499));
#5997=CARTESIAN_POINT('Origin',(16.7011475912839,-14.6431630954906,0.25));
#5998=CARTESIAN_POINT('',(16.7011475912839,-15.0431630954906,-1.));
#5999=CARTESIAN_POINT('',(16.7011475912839,-15.0868140573553,0.25));
#6000=CARTESIAN_POINT('Origin',(16.7011475912839,-14.6431630954906,-1.));
#6001=CARTESIAN_POINT('Origin',(11.5401475912845,-11.6251630954902,0.));
#6002=CARTESIAN_POINT('',(16.7011475912839,-14.8257080305624,0.));
#6003=CARTESIAN_POINT('Origin',(16.7011475912839,-14.6431630954906,0.));
#6004=CARTESIAN_POINT('Origin',(16.7011475912839,-14.6431630954906,0.25));
#6005=CARTESIAN_POINT('',(16.7011475912839,-14.8431630954906,-1.));
#6006=CARTESIAN_POINT('Origin',(16.7011475912839,-14.6431630954906,-1.));
#6007=CARTESIAN_POINT('',(16.7011475912839,-14.8213442643304,0.25));
#6008=CARTESIAN_POINT('Origin',(16.7011475912839,-14.4431630954906,-1.));
#6009=CARTESIAN_POINT('Origin',(9.3401475912839,-14.6431630954906,-0.1));
#6010=CARTESIAN_POINT('',(9.3401475912839,-15.0747136597612,-0.0965100503297499));
#6011=CARTESIAN_POINT('',(8.90859702701335,-14.6431630954906,-0.0965100503297498));
#6012=CARTESIAN_POINT('Origin',(9.3401475912839,-14.6431630954906,-0.0965100503297499));
#6013=CARTESIAN_POINT('Origin',(8.80865794431144,-14.6431630954906,-0.1));
#6014=CARTESIAN_POINT('Origin',(9.3401475912839,-14.6431630954906,-0.0965100503297499));
#6015=CARTESIAN_POINT('Origin',(9.3401475912839,-14.6431630954906,0.25));
#6016=CARTESIAN_POINT('',(9.3401475912839,-15.0431630954906,-1.));
#6017=CARTESIAN_POINT('',(9.3401475912839,-15.0868140573553,0.25));
#6018=CARTESIAN_POINT('Origin',(9.3401475912839,-14.6431630954906,-1.));
#6019=CARTESIAN_POINT('Origin',(11.5401475912845,-11.6251630954902,0.));
#6020=CARTESIAN_POINT('',(9.3401475912839,-14.8257080305624,0.));
#6021=CARTESIAN_POINT('Origin',(9.3401475912839,-14.6431630954906,0.));
#6022=CARTESIAN_POINT('Origin',(9.3401475912839,-14.6431630954906,0.25));
#6023=CARTESIAN_POINT('',(9.3401475912839,-14.8431630954906,-1.));
#6024=CARTESIAN_POINT('Origin',(9.3401475912839,-14.6431630954906,-1.));
#6025=CARTESIAN_POINT('',(9.3401475912839,-14.8213442643304,0.25));
#6026=CARTESIAN_POINT('Origin',(9.3401475912839,-14.4431630954906,-1.));
#6027=CARTESIAN_POINT('Origin',(9.3401475912839,-23.0251630954906,-0.1));
#6028=CARTESIAN_POINT('',(9.3401475912839,-23.4567136597612,-0.0965100503297497));
#6029=CARTESIAN_POINT('',(8.90859702701335,-23.0251630954906,-0.0965100503297498));
#6030=CARTESIAN_POINT('Origin',(9.3401475912839,-23.0251630954906,-0.0965100503297497));
#6031=CARTESIAN_POINT('Origin',(8.80865794431144,-23.0251630954906,-0.1));
#6032=CARTESIAN_POINT('Origin',(9.3401475912839,-23.0251630954906,-0.0965100503297497));
#6033=CARTESIAN_POINT('Origin',(9.3401475912839,-23.0251630954906,0.25));
#6034=CARTESIAN_POINT('',(9.3401475912839,-23.4251630954906,-1.));
#6035=CARTESIAN_POINT('',(9.3401475912839,-23.4688140573553,0.25));
#6036=CARTESIAN_POINT('Origin',(9.3401475912839,-23.0251630954906,-1.));
#6037=CARTESIAN_POINT('Origin',(11.5401475912845,-11.6251630954902,0.));
#6038=CARTESIAN_POINT('',(9.3401475912839,-23.2077080305624,0.));
#6039=CARTESIAN_POINT('Origin',(9.3401475912839,-23.0251630954906,0.));
#6040=CARTESIAN_POINT('Origin',(9.3401475912839,-23.0251630954906,0.25));
#6041=CARTESIAN_POINT('',(9.3401475912839,-23.2251630954906,-1.));
#6042=CARTESIAN_POINT('Origin',(9.3401475912839,-23.0251630954906,-1.));
#6043=CARTESIAN_POINT('',(9.3401475912839,-23.2033442643304,0.25));
#6044=CARTESIAN_POINT('Origin',(9.3401475912839,-22.8251630954906,-1.));
#6045=CARTESIAN_POINT('Origin',(2.4601475912839,-20.3491630954906,-0.1));
#6046=CARTESIAN_POINT('',(2.4601475912839,-20.7807136597612,-0.0965100503297497));
#6047=CARTESIAN_POINT('',(2.02859702701335,-20.3491630954906,-0.0965100503297498));
#6048=CARTESIAN_POINT('Origin',(2.4601475912839,-20.3491630954906,-0.0965100503297497));
#6049=CARTESIAN_POINT('Origin',(1.92865794431144,-20.3491630954906,-0.1));
#6050=CARTESIAN_POINT('Origin',(2.4601475912839,-20.3491630954906,-0.0965100503297497));
#6051=CARTESIAN_POINT('Origin',(2.4601475912839,-20.3491630954906,0.25));
#6052=CARTESIAN_POINT('',(2.4601475912839,-20.7491630954906,-1.));
#6053=CARTESIAN_POINT('',(2.4601475912839,-20.7928140573553,0.25));
#6054=CARTESIAN_POINT('Origin',(2.4601475912839,-20.3491630954906,-1.));
#6055=CARTESIAN_POINT('Origin',(11.5401475912845,-11.6251630954902,0.));
#6056=CARTESIAN_POINT('',(2.4601475912839,-20.5317080305624,0.));
#6057=CARTESIAN_POINT('Origin',(2.4601475912839,-20.3491630954906,0.));
#6058=CARTESIAN_POINT('Origin',(2.4601475912839,-20.3491630954906,0.25));
#6059=CARTESIAN_POINT('',(2.4601475912839,-20.5491630954906,-1.));
#6060=CARTESIAN_POINT('Origin',(2.4601475912839,-20.3491630954906,-1.));
#6061=CARTESIAN_POINT('',(2.4601475912839,-20.5273442643304,0.25));
#6062=CARTESIAN_POINT('Origin',(2.4601475912839,-20.1491630954906,-1.));
#6063=CARTESIAN_POINT('Origin',(2.3331475912839,-15.5231630954906,-0.1));
#6064=CARTESIAN_POINT('',(2.3331475912839,-15.9547136597612,-0.0965100503297497));
#6065=CARTESIAN_POINT('',(1.90159702701335,-15.5231630954906,-0.0965100503297498));
#6066=CARTESIAN_POINT('Origin',(2.3331475912839,-15.5231630954906,-0.0965100503297498));
#6067=CARTESIAN_POINT('Origin',(1.80165794431144,-15.5231630954906,-0.1));
#6068=CARTESIAN_POINT('Origin',(2.3331475912839,-15.5231630954906,-0.0965100503297498));
#6069=CARTESIAN_POINT('Origin',(2.3331475912839,-15.5231630954906,0.25));
#6070=CARTESIAN_POINT('',(2.3331475912839,-15.9231630954906,-1.));
#6071=CARTESIAN_POINT('',(2.3331475912839,-15.9668140573553,0.25));
#6072=CARTESIAN_POINT('Origin',(2.3331475912839,-15.5231630954906,-1.));
#6073=CARTESIAN_POINT('Origin',(11.5401475912845,-11.6251630954902,0.));
#6074=CARTESIAN_POINT('',(2.3331475912839,-15.7057080305624,0.));
#6075=CARTESIAN_POINT('Origin',(2.3331475912839,-15.5231630954906,0.));
#6076=CARTESIAN_POINT('Origin',(2.3331475912839,-15.5231630954906,0.25));
#6077=CARTESIAN_POINT('',(2.3331475912839,-15.7231630954906,-1.));
#6078=CARTESIAN_POINT('Origin',(2.3331475912839,-15.5231630954906,-1.));
#6079=CARTESIAN_POINT('',(2.3331475912839,-15.7013442643304,0.25));
#6080=CARTESIAN_POINT('Origin',(2.3331475912839,-15.3231630954906,-1.));
#6081=CARTESIAN_POINT('Origin',(7.5401475912839,-18.8251630954906,-0.1));
#6082=CARTESIAN_POINT('',(7.5401475912839,-19.2567136597612,-0.0965100503297497));
#6083=CARTESIAN_POINT('',(7.10859702701335,-18.8251630954906,-0.0965100503297499));
#6084=CARTESIAN_POINT('Origin',(7.5401475912839,-18.8251630954906,-0.0965100503297497));
#6085=CARTESIAN_POINT('Origin',(7.00865794431144,-18.8251630954906,-0.1));
#6086=CARTESIAN_POINT('Origin',(7.5401475912839,-18.8251630954906,-0.0965100503297497));
#6087=CARTESIAN_POINT('Origin',(7.5401475912839,-18.8251630954906,0.25));
#6088=CARTESIAN_POINT('',(7.5401475912839,-19.2251630954906,-1.));
#6089=CARTESIAN_POINT('',(7.5401475912839,-19.2688140573553,0.25));
#6090=CARTESIAN_POINT('Origin',(7.5401475912839,-18.8251630954906,-1.));
#6091=CARTESIAN_POINT('Origin',(11.5401475912845,-11.6251630954902,0.));
#6092=CARTESIAN_POINT('',(7.5401475912839,-19.0077080305624,0.));
#6093=CARTESIAN_POINT('Origin',(7.5401475912839,-18.8251630954906,0.));
#6094=CARTESIAN_POINT('Origin',(7.5401475912839,-18.8251630954906,0.25));
#6095=CARTESIAN_POINT('',(7.5401475912839,-19.0251630954906,-1.));
#6096=CARTESIAN_POINT('Origin',(7.5401475912839,-18.8251630954906,-1.));
#6097=CARTESIAN_POINT('',(7.5401475912839,-19.0033442643304,0.25));
#6098=CARTESIAN_POINT('Origin',(7.5401475912839,-18.6251630954906,-1.));
#6099=CARTESIAN_POINT('Origin',(1.2001475912839,-11.0251630954935,-0.1));
#6100=CARTESIAN_POINT('',(1.2001475912839,-11.4567136597641,-0.0965100503297498));
#6101=CARTESIAN_POINT('',(0.768597027013354,-11.0251630954935,-0.0965100503297498));
#6102=CARTESIAN_POINT('Origin',(1.2001475912839,-11.0251630954935,-0.0965100503297498));
#6103=CARTESIAN_POINT('Origin',(0.668657944311443,-11.0251630954935,-0.1));
#6104=CARTESIAN_POINT('Origin',(1.2001475912839,-11.0251630954935,-0.0965100503297498));
#6105=CARTESIAN_POINT('Origin',(1.2001475912839,-11.0251630954935,0.25));
#6106=CARTESIAN_POINT('',(1.2001475912839,-11.4251630954935,-1.));
#6107=CARTESIAN_POINT('',(1.2001475912839,-11.4688140573582,0.25));
#6108=CARTESIAN_POINT('Origin',(1.2001475912839,-11.0251630954935,-1.));
#6109=CARTESIAN_POINT('Origin',(11.5401475912845,-11.6251630954902,0.));
#6110=CARTESIAN_POINT('',(1.2001475912839,-11.2077080305653,0.));
#6111=CARTESIAN_POINT('Origin',(1.2001475912839,-11.0251630954935,0.));
#6112=CARTESIAN_POINT('Origin',(1.2001475912839,-11.0251630954935,0.25));
#6113=CARTESIAN_POINT('',(1.2001475912839,-11.2251630954935,-1.));
#6114=CARTESIAN_POINT('Origin',(1.2001475912839,-11.0251630954935,-1.));
#6115=CARTESIAN_POINT('',(1.2001475912839,-11.2033442643333,0.25));
#6116=CARTESIAN_POINT('Origin',(1.2001475912839,-10.8251630954935,-1.));
#6117=CARTESIAN_POINT('Origin',(1.2001475912839,-2.42516309549353,-0.1));
#6118=CARTESIAN_POINT('',(1.2001475912839,-2.85671365976408,-0.0965100503297498));
#6119=CARTESIAN_POINT('',(0.768597027013353,-2.42516309549353,-0.0965100503297498));
#6120=CARTESIAN_POINT('Origin',(1.2001475912839,-2.42516309549353,-0.0965100503297498));
#6121=CARTESIAN_POINT('Origin',(0.668657944311443,-2.42516309549353,-0.1));
#6122=CARTESIAN_POINT('Origin',(1.2001475912839,-2.42516309549353,-0.0965100503297498));
#6123=CARTESIAN_POINT('Origin',(1.2001475912839,-2.42516309549353,0.25));
#6124=CARTESIAN_POINT('',(1.2001475912839,-2.82516309549353,-1.));
#6125=CARTESIAN_POINT('',(1.2001475912839,-2.86881405735822,0.25));
#6126=CARTESIAN_POINT('Origin',(1.2001475912839,-2.42516309549353,-1.));
#6127=CARTESIAN_POINT('Origin',(11.5401475912845,-11.6251630954902,0.));
#6128=CARTESIAN_POINT('',(1.2001475912839,-2.60770803056531,0.));
#6129=CARTESIAN_POINT('Origin',(1.2001475912839,-2.42516309549353,0.));
#6130=CARTESIAN_POINT('Origin',(1.2001475912839,-2.42516309549353,0.25));
#6131=CARTESIAN_POINT('',(1.2001475912839,-2.62516309549353,-1.));
#6132=CARTESIAN_POINT('Origin',(1.2001475912839,-2.42516309549353,-1.));
#6133=CARTESIAN_POINT('',(1.2001475912839,-2.60334426433326,0.25));
#6134=CARTESIAN_POINT('Origin',(1.2001475912839,-2.22516309549353,-1.));
#6135=CARTESIAN_POINT('Origin',(7.0001475912839,-11.0251630954935,-0.1));
#6136=CARTESIAN_POINT('',(7.0001475912839,-11.4567136597641,-0.0965100503297498));
#6137=CARTESIAN_POINT('',(6.56859702701335,-11.0251630954935,-0.0965100503297499));
#6138=CARTESIAN_POINT('Origin',(7.0001475912839,-11.0251630954935,-0.0965100503297498));
#6139=CARTESIAN_POINT('Origin',(6.46865794431144,-11.0251630954935,-0.1));
#6140=CARTESIAN_POINT('Origin',(7.0001475912839,-11.0251630954935,-0.0965100503297498));
#6141=CARTESIAN_POINT('Origin',(7.0001475912839,-11.0251630954935,0.25));
#6142=CARTESIAN_POINT('',(7.0001475912839,-11.4251630954935,-1.));
#6143=CARTESIAN_POINT('',(7.0001475912839,-11.4688140573582,0.25));
#6144=CARTESIAN_POINT('Origin',(7.0001475912839,-11.0251630954935,-1.));
#6145=CARTESIAN_POINT('Origin',(11.5401475912845,-11.6251630954902,0.));
#6146=CARTESIAN_POINT('',(7.0001475912839,-11.2077080305653,0.));
#6147=CARTESIAN_POINT('Origin',(7.0001475912839,-11.0251630954935,0.));
#6148=CARTESIAN_POINT('Origin',(7.0001475912839,-11.0251630954935,0.25));
#6149=CARTESIAN_POINT('',(7.0001475912839,-11.2251630954935,-1.));
#6150=CARTESIAN_POINT('Origin',(7.0001475912839,-11.0251630954935,-1.));
#6151=CARTESIAN_POINT('',(7.0001475912839,-11.2033442643333,0.25));
#6152=CARTESIAN_POINT('Origin',(7.0001475912839,-10.8251630954935,-1.));
#6153=CARTESIAN_POINT('Origin',(7.0001475912839,-2.42516309549353,-0.1));
#6154=CARTESIAN_POINT('',(7.0001475912839,-2.85671365976408,-0.0965100503297498));
#6155=CARTESIAN_POINT('',(6.56859702701335,-2.42516309549353,-0.0965100503297499));
#6156=CARTESIAN_POINT('Origin',(7.0001475912839,-2.42516309549353,-0.0965100503297498));
#6157=CARTESIAN_POINT('Origin',(6.46865794431144,-2.42516309549353,-0.1));
#6158=CARTESIAN_POINT('Origin',(7.0001475912839,-2.42516309549353,-0.0965100503297498));
#6159=CARTESIAN_POINT('Origin',(7.0001475912839,-2.42516309549353,0.25));
#6160=CARTESIAN_POINT('',(7.0001475912839,-2.82516309549353,-1.));
#6161=CARTESIAN_POINT('',(7.0001475912839,-2.86881405735822,0.25));
#6162=CARTESIAN_POINT('Origin',(7.0001475912839,-2.42516309549353,-1.));
#6163=CARTESIAN_POINT('Origin',(11.5401475912845,-11.6251630954902,0.));
#6164=CARTESIAN_POINT('',(7.0001475912839,-2.60770803056531,0.));
#6165=CARTESIAN_POINT('Origin',(7.0001475912839,-2.42516309549353,0.));
#6166=CARTESIAN_POINT('Origin',(7.0001475912839,-2.42516309549353,0.25));
#6167=CARTESIAN_POINT('',(7.0001475912839,-2.62516309549353,-1.));
#6168=CARTESIAN_POINT('Origin',(7.0001475912839,-2.42516309549353,-1.));
#6169=CARTESIAN_POINT('',(7.0001475912839,-2.60334426433326,0.25));
#6170=CARTESIAN_POINT('Origin',(7.0001475912839,-2.22516309549353,-1.));
#6171=CARTESIAN_POINT('Origin',(14.940147591281,-9.46016309549353,-0.1));
#6172=CARTESIAN_POINT('',(14.940147591281,-9.89171365976408,-0.0965100503297498));
#6173=CARTESIAN_POINT('',(14.5085970270104,-9.46016309549353,-0.0965100503297498));
#6174=CARTESIAN_POINT('Origin',(14.940147591281,-9.46016309549353,-0.0965100503297498));
#6175=CARTESIAN_POINT('Origin',(14.4086579443085,-9.46016309549353,-0.1));
#6176=CARTESIAN_POINT('Origin',(14.940147591281,-9.46016309549353,-0.0965100503297498));
#6177=CARTESIAN_POINT('Origin',(14.940147591281,-9.46016309549353,0.25));
#6178=CARTESIAN_POINT('',(14.940147591281,-9.86016309549353,-1.));
#6179=CARTESIAN_POINT('',(14.940147591281,-9.90381405735821,0.25));
#6180=CARTESIAN_POINT('Origin',(14.940147591281,-9.46016309549353,-1.));
#6181=CARTESIAN_POINT('Origin',(11.5401475912845,-11.6251630954902,0.));
#6182=CARTESIAN_POINT('',(14.940147591281,-9.64270803056531,0.));
#6183=CARTESIAN_POINT('Origin',(14.940147591281,-9.46016309549353,0.));
#6184=CARTESIAN_POINT('Origin',(14.940147591281,-9.46016309549353,0.25));
#6185=CARTESIAN_POINT('',(14.940147591281,-9.66016309549353,-1.));
#6186=CARTESIAN_POINT('Origin',(14.940147591281,-9.46016309549353,-1.));
#6187=CARTESIAN_POINT('',(14.940147591281,-9.63834426433326,0.25));
#6188=CARTESIAN_POINT('Origin',(14.940147591281,-9.26016309549353,-1.));
#6189=CARTESIAN_POINT('Origin',(9.45014759128099,-9.46016309549353,-0.1));
#6190=CARTESIAN_POINT('',(9.45014759128099,-9.89171365976408,-0.0965100503297498));
#6191=CARTESIAN_POINT('',(9.01859702701044,-9.46016309549353,-0.0965100503297499));
#6192=CARTESIAN_POINT('Origin',(9.45014759128099,-9.46016309549353,-0.0965100503297498));
#6193=CARTESIAN_POINT('Origin',(8.91865794430853,-9.46016309549353,-0.1));
#6194=CARTESIAN_POINT('Origin',(9.45014759128099,-9.46016309549353,-0.0965100503297498));
#6195=CARTESIAN_POINT('Origin',(9.45014759128099,-9.46016309549353,0.25));
#6196=CARTESIAN_POINT('',(9.45014759128099,-9.86016309549353,-1.));
#6197=CARTESIAN_POINT('',(9.45014759128099,-9.90381405735821,0.25));
#6198=CARTESIAN_POINT('Origin',(9.45014759128099,-9.46016309549353,-1.));
#6199=CARTESIAN_POINT('Origin',(11.5401475912845,-11.6251630954902,0.));
#6200=CARTESIAN_POINT('',(9.45014759128099,-9.64270803056531,0.));
#6201=CARTESIAN_POINT('Origin',(9.45014759128099,-9.46016309549353,0.));
#6202=CARTESIAN_POINT('Origin',(9.45014759128099,-9.46016309549353,0.25));
#6203=CARTESIAN_POINT('',(9.45014759128099,-9.66016309549353,-1.));
#6204=CARTESIAN_POINT('Origin',(9.45014759128099,-9.46016309549353,-1.));
#6205=CARTESIAN_POINT('',(9.45014759128099,-9.63834426433326,0.25));
#6206=CARTESIAN_POINT('Origin',(9.45014759128099,-9.26016309549353,-1.));
#6207=CARTESIAN_POINT('Origin',(9.45014759128099,-6.02516309549353,-0.1));
#6208=CARTESIAN_POINT('',(9.45014759128099,-6.45671365976408,-0.0965100503297499));
#6209=CARTESIAN_POINT('',(9.01859702701044,-6.02516309549353,-0.0965100503297499));
#6210=CARTESIAN_POINT('Origin',(9.45014759128099,-6.02516309549353,-0.0965100503297499));
#6211=CARTESIAN_POINT('Origin',(8.91865794430853,-6.02516309549353,-0.1));
#6212=CARTESIAN_POINT('Origin',(9.45014759128099,-6.02516309549353,-0.0965100503297499));
#6213=CARTESIAN_POINT('Origin',(9.45014759128099,-6.02516309549353,0.25));
#6214=CARTESIAN_POINT('',(9.45014759128099,-6.42516309549353,-1.));
#6215=CARTESIAN_POINT('',(9.45014759128099,-6.46881405735822,0.25));
#6216=CARTESIAN_POINT('Origin',(9.45014759128099,-6.02516309549353,-1.));
#6217=CARTESIAN_POINT('Origin',(11.5401475912845,-11.6251630954902,0.));
#6218=CARTESIAN_POINT('',(9.45014759128099,-6.20770803056531,0.));
#6219=CARTESIAN_POINT('Origin',(9.45014759128099,-6.02516309549353,0.));
#6220=CARTESIAN_POINT('Origin',(9.45014759128099,-6.02516309549353,0.25));
#6221=CARTESIAN_POINT('',(9.45014759128099,-6.22516309549353,-1.));
#6222=CARTESIAN_POINT('Origin',(9.45014759128099,-6.02516309549353,-1.));
#6223=CARTESIAN_POINT('',(9.45014759128099,-6.20334426433326,0.25));
#6224=CARTESIAN_POINT('Origin',(9.45014759128099,-5.82516309549353,-1.));
#6225=CARTESIAN_POINT('Origin',(14.940147591281,-6.02516309549353,-0.1));
#6226=CARTESIAN_POINT('',(14.940147591281,-6.45671365976408,-0.0965100503297499));
#6227=CARTESIAN_POINT('',(14.5085970270104,-6.02516309549353,-0.0965100503297498));
#6228=CARTESIAN_POINT('Origin',(14.940147591281,-6.02516309549353,-0.0965100503297499));
#6229=CARTESIAN_POINT('Origin',(14.4086579443085,-6.02516309549353,-0.1));
#6230=CARTESIAN_POINT('Origin',(14.940147591281,-6.02516309549353,-0.0965100503297499));
#6231=CARTESIAN_POINT('Origin',(14.940147591281,-6.02516309549353,0.25));
#6232=CARTESIAN_POINT('',(14.940147591281,-6.42516309549353,-1.));
#6233=CARTESIAN_POINT('',(14.940147591281,-6.46881405735822,0.25));
#6234=CARTESIAN_POINT('Origin',(14.940147591281,-6.02516309549353,-1.));
#6235=CARTESIAN_POINT('Origin',(11.5401475912845,-11.6251630954902,0.));
#6236=CARTESIAN_POINT('',(14.940147591281,-6.20770803056531,0.));
#6237=CARTESIAN_POINT('Origin',(14.940147591281,-6.02516309549353,0.));
#6238=CARTESIAN_POINT('Origin',(14.940147591281,-6.02516309549353,0.25));
#6239=CARTESIAN_POINT('',(14.940147591281,-6.22516309549353,-1.));
#6240=CARTESIAN_POINT('Origin',(14.940147591281,-6.02516309549353,-1.));
#6241=CARTESIAN_POINT('',(14.940147591281,-6.20334426433326,0.25));
#6242=CARTESIAN_POINT('Origin',(14.940147591281,-5.82516309549353,-1.));
#6243=CARTESIAN_POINT('Origin',(14.940147591281,-3.46016309549353,-0.1));
#6244=CARTESIAN_POINT('',(14.940147591281,-3.89171365976408,-0.0965100503297498));
#6245=CARTESIAN_POINT('',(14.5085970270104,-3.46016309549353,-0.0965100503297498));
#6246=CARTESIAN_POINT('Origin',(14.940147591281,-3.46016309549353,-0.0965100503297498));
#6247=CARTESIAN_POINT('Origin',(14.4086579443085,-3.46016309549353,-0.1));
#6248=CARTESIAN_POINT('Origin',(14.940147591281,-3.46016309549353,-0.0965100503297498));
#6249=CARTESIAN_POINT('Origin',(14.940147591281,-3.46016309549353,0.25));
#6250=CARTESIAN_POINT('',(14.940147591281,-3.86016309549353,-1.));
#6251=CARTESIAN_POINT('',(14.940147591281,-3.90381405735822,0.25));
#6252=CARTESIAN_POINT('Origin',(14.940147591281,-3.46016309549353,-1.));
#6253=CARTESIAN_POINT('Origin',(11.5401475912845,-11.6251630954902,0.));
#6254=CARTESIAN_POINT('',(14.940147591281,-3.64270803056531,0.));
#6255=CARTESIAN_POINT('Origin',(14.940147591281,-3.46016309549353,0.));
#6256=CARTESIAN_POINT('Origin',(14.940147591281,-3.46016309549353,0.25));
#6257=CARTESIAN_POINT('',(14.940147591281,-3.66016309549353,-1.));
#6258=CARTESIAN_POINT('Origin',(14.940147591281,-3.46016309549353,-1.));
#6259=CARTESIAN_POINT('',(14.940147591281,-3.63834426433326,0.25));
#6260=CARTESIAN_POINT('Origin',(14.940147591281,-3.26016309549353,-1.));
#6261=CARTESIAN_POINT('Origin',(9.45014759128099,-3.46016309549353,-0.1));
#6262=CARTESIAN_POINT('',(9.45014759128099,-3.89171365976408,-0.0965100503297498));
#6263=CARTESIAN_POINT('',(9.01859702701044,-3.46016309549353,-0.0965100503297499));
#6264=CARTESIAN_POINT('Origin',(9.45014759128099,-3.46016309549353,-0.0965100503297498));
#6265=CARTESIAN_POINT('Origin',(8.91865794430853,-3.46016309549353,-0.1));
#6266=CARTESIAN_POINT('Origin',(9.45014759128099,-3.46016309549353,-0.0965100503297498));
#6267=CARTESIAN_POINT('Origin',(9.45014759128099,-3.46016309549353,0.25));
#6268=CARTESIAN_POINT('',(9.45014759128099,-3.86016309549353,-1.));
#6269=CARTESIAN_POINT('',(9.45014759128099,-3.90381405735822,0.25));
#6270=CARTESIAN_POINT('Origin',(9.45014759128099,-3.46016309549353,-1.));
#6271=CARTESIAN_POINT('Origin',(11.5401475912845,-11.6251630954902,0.));
#6272=CARTESIAN_POINT('',(9.45014759128099,-3.64270803056531,0.));
#6273=CARTESIAN_POINT('Origin',(9.45014759128099,-3.46016309549353,0.));
#6274=CARTESIAN_POINT('Origin',(9.45014759128099,-3.46016309549353,0.25));
#6275=CARTESIAN_POINT('',(9.45014759128099,-3.66016309549353,-1.));
#6276=CARTESIAN_POINT('Origin',(9.45014759128099,-3.46016309549353,-1.));
#6277=CARTESIAN_POINT('',(9.45014759128099,-3.63834426433326,0.25));
#6278=CARTESIAN_POINT('Origin',(9.45014759128099,-3.26016309549353,-1.));
#6279=CARTESIAN_POINT('Origin',(9.45014759128099,-0.0251630954935315,-0.1));
#6280=CARTESIAN_POINT('',(9.45014759128099,-0.456713659764077,-0.0965100503297498));
#6281=CARTESIAN_POINT('',(9.01859702701044,-0.0251630954935315,-0.0965100503297499));
#6282=CARTESIAN_POINT('Origin',(9.45014759128099,-0.0251630954935315,-0.0965100503297498));
#6283=CARTESIAN_POINT('Origin',(8.91865794430853,-0.0251630954935315,-0.1));
#6284=CARTESIAN_POINT('Origin',(9.45014759128099,-0.0251630954935315,-0.0965100503297498));
#6285=CARTESIAN_POINT('Origin',(9.45014759128099,-0.0251630954935315,0.25));
#6286=CARTESIAN_POINT('',(9.45014759128099,-0.425163095493531,-1.));
#6287=CARTESIAN_POINT('',(9.45014759128099,-0.468814057358216,0.25));
#6288=CARTESIAN_POINT('Origin',(9.45014759128099,-0.0251630954935315,-1.));
#6289=CARTESIAN_POINT('Origin',(11.5401475912845,-11.6251630954902,0.));
#6290=CARTESIAN_POINT('',(9.45014759128099,-0.207708030565314,0.));
#6291=CARTESIAN_POINT('Origin',(9.45014759128099,-0.0251630954935315,0.));
#6292=CARTESIAN_POINT('Origin',(9.45014759128099,-0.0251630954935315,0.25));
#6293=CARTESIAN_POINT('',(9.45014759128099,-0.225163095493531,-1.));
#6294=CARTESIAN_POINT('Origin',(9.45014759128099,-0.0251630954935315,-1.));
#6295=CARTESIAN_POINT('',(9.45014759128099,-0.20334426433326,0.25));
#6296=CARTESIAN_POINT('Origin',(9.45014759128099,0.174836904506469,-1.));
#6297=CARTESIAN_POINT('Origin',(14.940147591281,-0.0251630954935315,-0.1));
#6298=CARTESIAN_POINT('',(14.940147591281,-0.456713659764077,-0.0965100503297498));
#6299=CARTESIAN_POINT('',(14.5085970270104,-0.0251630954935315,-0.0965100503297498));
#6300=CARTESIAN_POINT('Origin',(14.940147591281,-0.0251630954935315,-0.0965100503297498));
#6301=CARTESIAN_POINT('Origin',(14.4086579443085,-0.0251630954935315,-0.1));
#6302=CARTESIAN_POINT('Origin',(14.940147591281,-0.0251630954935315,-0.0965100503297498));
#6303=CARTESIAN_POINT('Origin',(14.940147591281,-0.0251630954935315,0.25));
#6304=CARTESIAN_POINT('',(14.940147591281,-0.425163095493531,-1.));
#6305=CARTESIAN_POINT('',(14.940147591281,-0.468814057358216,0.25));
#6306=CARTESIAN_POINT('Origin',(14.940147591281,-0.0251630954935315,-1.));
#6307=CARTESIAN_POINT('Origin',(11.5401475912845,-11.6251630954902,0.));
#6308=CARTESIAN_POINT('',(14.940147591281,-0.207708030565314,0.));
#6309=CARTESIAN_POINT('Origin',(14.940147591281,-0.0251630954935315,0.));
#6310=CARTESIAN_POINT('Origin',(14.940147591281,-0.0251630954935315,0.25));
#6311=CARTESIAN_POINT('',(14.940147591281,-0.225163095493531,-1.));
#6312=CARTESIAN_POINT('Origin',(14.940147591281,-0.0251630954935315,-1.));
#6313=CARTESIAN_POINT('',(14.940147591281,-0.20334426433326,0.25));
#6314=CARTESIAN_POINT('Origin',(14.940147591281,0.174836904506469,-1.));
#6315=CARTESIAN_POINT('Origin',(-0.959852408715514,-12.6251630954902,-3.));
#6316=CARTESIAN_POINT('',(-0.959852408715514,-12.6251630954902,-3.4));
#6317=CARTESIAN_POINT('Origin',(-0.959852408715514,-12.6251630954902,-3.));
#6318=CARTESIAN_POINT('',(-0.659852408716101,-12.6251630954902,-3.4));
#6319=CARTESIAN_POINT('',(-0.959852408715514,-12.6251630954902,-3.4));
#6320=CARTESIAN_POINT('Origin',(-0.659852408716101,-12.6251630954902,-3.));
#6321=CARTESIAN_POINT('Origin',(-0.959852408715514,-0.125163095490237,-1.2));
#6322=CARTESIAN_POINT('',(-0.959852408715514,-0.125163095490237,-1.5));
#6323=CARTESIAN_POINT('Origin',(-0.959852408715514,-0.125163095490237,-1.2));
#6324=CARTESIAN_POINT('',(-0.659852408716101,-0.125163095490237,-1.5));
#6325=CARTESIAN_POINT('',(-0.959852408715514,-0.125163095490237,-1.5));
#6326=CARTESIAN_POINT('Origin',(-0.659852408716101,-0.125163095490237,-1.2));
#6327=CARTESIAN_POINT('Origin',(-0.959852408715514,-23.1251630954902,-3.2));
#6328=CARTESIAN_POINT('',(-0.659852408716101,-22.1251630954902,-3.2));
#6329=CARTESIAN_POINT('',(-0.659852408716101,-11.2751630954919,-3.19999999999999));
#6330=CARTESIAN_POINT('',(-0.959852408715514,-22.1251630954902,-3.2));
#6331=CARTESIAN_POINT('',(-0.959852408715514,-22.1251630954902,-3.2));
#6332=CARTESIAN_POINT('',(-0.959852408715514,-23.1251630954902,-3.2));
#6333=CARTESIAN_POINT('',(-0.959852408715514,-11.1251630954902,-3.19999999999999));
#6334=CARTESIAN_POINT('',(-0.959852408715514,-23.1251630954902,-3.2));
#6335=CARTESIAN_POINT('Origin',(-0.959852408715514,-23.1251630954902,-0.2));
#6336=CARTESIAN_POINT('',(-0.959852408715514,-23.1251630954902,-0.2));
#6337=CARTESIAN_POINT('',(-0.959852408715514,-23.1251630954902,-0.0999999999999979));
#6338=CARTESIAN_POINT('',(-0.659852408716101,-23.1251630954902,-0.2));
#6339=CARTESIAN_POINT('',(-0.959852408715514,-23.1251630954902,-0.2));
#6340=CARTESIAN_POINT('',(-0.659852408716101,-23.1251630954902,-0.0999999999999979));
#6341=CARTESIAN_POINT('Origin',(-0.959852408715514,-22.1251630954902,-0.2));
#6342=CARTESIAN_POINT('',(-0.659852408716101,-22.1251630954902,-0.2));
#6343=CARTESIAN_POINT('',(-0.659852408716101,-10.7751630954919,-0.2));
#6344=CARTESIAN_POINT('',(-0.959852408715514,-22.1251630954902,-0.2));
#6345=CARTESIAN_POINT('',(-0.959852408715514,-10.6251630954902,-0.2));
#6346=CARTESIAN_POINT('',(-0.959852408715514,-22.1251630954902,-0.2));
#6347=CARTESIAN_POINT('Origin',(-0.959852408715514,-22.1251630954902,-3.2));
#6348=CARTESIAN_POINT('',(-0.659852408716101,-22.1251630954902,-1.6));
#6349=CARTESIAN_POINT('',(-0.959852408715514,-22.1251630954902,-1.6));
#6350=CARTESIAN_POINT('Origin',(-0.959852408715514,-12.6251630954902,-1.2));
#6351=CARTESIAN_POINT('',(-0.959852408715514,-12.6251630954902,-1.75));
#6352=CARTESIAN_POINT('Origin',(-0.959852408715514,-12.6251630954902,-1.2));
#6353=CARTESIAN_POINT('',(-0.659852408716101,-12.6251630954902,-1.75));
#6354=CARTESIAN_POINT('',(-0.959852408715514,-12.6251630954902,-1.75));
#6355=CARTESIAN_POINT('Origin',(-0.659852408716101,-12.6251630954902,-1.2));
#6356=CARTESIAN_POINT('Origin',(-0.959852408715514,-11.3901630954902,-3.1));
#6357=CARTESIAN_POINT('',(-0.659852408716101,-1.39016309549024,-3.1));
#6358=CARTESIAN_POINT('',(-0.659852408716101,-11.3901630954902,-3.1));
#6359=CARTESIAN_POINT('',(-0.659852408716101,-5.40766309549188,-3.1));
#6360=CARTESIAN_POINT('',(-0.959852408715514,-1.39016309549024,-3.1));
#6361=CARTESIAN_POINT('',(-0.959852408715514,-1.39016309549024,-3.1));
#6362=CARTESIAN_POINT('',(-0.959852408715514,-11.3901630954902,-3.1));
#6363=CARTESIAN_POINT('',(-0.959852408715514,-5.25766309549024,-3.1));
#6364=CARTESIAN_POINT('',(-0.959852408715514,-11.3901630954902,-3.1));
#6365=CARTESIAN_POINT('Origin',(-0.959852408715514,-11.3901630954902,-1.));
#6366=CARTESIAN_POINT('',(-0.659852408716101,-11.3901630954902,-1.));
#6367=CARTESIAN_POINT('',(-0.659852408716101,-11.3901630954902,-0.5));
#6368=CARTESIAN_POINT('',(-0.959852408715514,-11.3901630954902,-1.));
#6369=CARTESIAN_POINT('',(-0.959852408715514,-11.3901630954902,-0.5));
#6370=CARTESIAN_POINT('',(-0.959852408715514,-11.3901630954902,-1.));
#6371=CARTESIAN_POINT('Origin',(-0.959852408715514,-1.39016309549024,-1.));
#6372=CARTESIAN_POINT('',(-0.659852408716101,-1.39016309549024,-1.));
#6373=CARTESIAN_POINT('',(-0.659852408716101,-0.407663095491884,-1.));
#6374=CARTESIAN_POINT('',(-0.959852408715514,-1.39016309549024,-1.));
#6375=CARTESIAN_POINT('',(-0.959852408715514,-0.257663095490236,-1.));
#6376=CARTESIAN_POINT('',(-0.959852408715514,-1.39016309549024,-1.));
#6377=CARTESIAN_POINT('Origin',(-0.959852408715514,-1.39016309549024,-3.1));
#6378=CARTESIAN_POINT('',(-0.659852408716101,-1.39016309549024,-1.55));
#6379=CARTESIAN_POINT('',(-0.959852408715514,-1.39016309549024,-1.55));
#6380=CARTESIAN_POINT('Origin',(-0.959852408715514,-19.8951630954902,-1.96));
#6381=CARTESIAN_POINT('',(-0.659852408716101,-18.3951630954902,-1.96));
#6382=CARTESIAN_POINT('',(-0.659852408716101,-19.8951630954902,-1.96));
#6383=CARTESIAN_POINT('',(-0.659852408716101,-9.66016309549188,-1.96));
#6384=CARTESIAN_POINT('',(-0.959852408715514,-18.3951630954902,-1.96));
#6385=CARTESIAN_POINT('',(-0.959852408715514,-18.3951630954902,-1.96));
#6386=CARTESIAN_POINT('',(-0.959852408715514,-19.8951630954902,-1.96));
#6387=CARTESIAN_POINT('',(-0.959852408715514,-9.51016309549024,-1.96));
#6388=CARTESIAN_POINT('',(-0.959852408715514,-19.8951630954902,-1.96));
#6389=CARTESIAN_POINT('Origin',(-0.959852408715514,-19.8951630954902,-0.86));
#6390=CARTESIAN_POINT('',(-0.659852408716101,-19.8951630954902,-0.86));
#6391=CARTESIAN_POINT('',(-0.659852408716101,-19.8951630954902,-0.43));
#6392=CARTESIAN_POINT('',(-0.959852408715514,-19.8951630954902,-0.86));
#6393=CARTESIAN_POINT('',(-0.959852408715514,-19.8951630954902,-0.43));
#6394=CARTESIAN_POINT('',(-0.959852408715514,-19.8951630954902,-0.86));
#6395=CARTESIAN_POINT('Origin',(-0.959852408715514,-18.3951630954902,-0.859999999999999));
#6396=CARTESIAN_POINT('',(-0.659852408716101,-18.3951630954902,-0.859999999999999));
#6397=CARTESIAN_POINT('',(-0.659852408716101,-8.91016309549188,-0.859999999999998));
#6398=CARTESIAN_POINT('',(-0.959852408715514,-18.3951630954902,-0.859999999999999));
#6399=CARTESIAN_POINT('',(-0.959852408715514,-8.76016309549024,-0.859999999999998));
#6400=CARTESIAN_POINT('',(-0.959852408715514,-18.3951630954902,-0.859999999999999));
#6401=CARTESIAN_POINT('Origin',(-0.959852408715514,-18.3951630954902,-1.96));
#6402=CARTESIAN_POINT('',(-0.659852408716101,-18.3951630954902,-0.98));
#6403=CARTESIAN_POINT('',(-0.959852408715514,-18.3951630954902,-0.98));
#6404=CARTESIAN_POINT('Origin',(-0.959852408715514,-0.125163095490237,-2.5));
#6405=CARTESIAN_POINT('',(-0.959852408715514,-0.125163095490237,-2.8));
#6406=CARTESIAN_POINT('Origin',(-0.959852408715514,-0.125163095490237,-2.5));
#6407=CARTESIAN_POINT('',(-0.659852408716101,-0.125163095490237,-2.8));
#6408=CARTESIAN_POINT('',(-0.959852408715514,-0.125163095490237,-2.8));
#6409=CARTESIAN_POINT('Origin',(-0.659852408716101,-0.125163095490237,-2.5));
#6410=CARTESIAN_POINT('Origin',(22.0401475912845,0.874836904509765,-0.85));
#6411=CARTESIAN_POINT('',(20.6201475912845,0.574836904506469,-0.849999999999999));
#6412=CARTESIAN_POINT('',(22.0401475912845,0.574836904506469,-0.85));
#6413=CARTESIAN_POINT('',(22.8901475912827,0.574836904506469,-0.85));
#6414=CARTESIAN_POINT('',(20.6201475912845,0.874836904509765,-0.849999999999999));
#6415=CARTESIAN_POINT('',(22.0401475912845,0.874836904509765,-0.85));
#6416=CARTESIAN_POINT('Origin',(22.0401475912845,0.874836904509765,-3.15));
#6417=CARTESIAN_POINT('',(22.0401475912845,0.574836904506469,-3.15));
#6418=CARTESIAN_POINT('',(22.0401475912845,0.574836904506469,-1.575));
#6419=CARTESIAN_POINT('',(22.0401475912845,0.874836904509765,-3.15));
#6420=CARTESIAN_POINT('Origin',(20.6201475912845,0.874836904509765,-3.15));
#6421=CARTESIAN_POINT('',(20.6201475912845,0.574836904506469,-3.15));
#6422=CARTESIAN_POINT('',(22.1801475912827,0.574836904506469,-3.15));
#6423=CARTESIAN_POINT('',(20.6201475912845,0.874836904509765,-3.15));
#6424=CARTESIAN_POINT('Origin',(20.6201475912845,0.874836904509765,-0.849999999999999));
#6425=CARTESIAN_POINT('',(20.6201475912845,0.574836904506469,-0.425));
#6426=CARTESIAN_POINT('Origin',(5.33014759128448,0.874836904509765,-0.68));
#6427=CARTESIAN_POINT('',(5.18014759128449,0.574836904506469,-0.68));
#6428=CARTESIAN_POINT('',(5.18014759128449,0.874836904509765,-0.68));
#6429=CARTESIAN_POINT('Origin',(5.33014759128448,0.574836904506469,-0.68));
#6430=CARTESIAN_POINT('Origin',(3.33014759128448,0.874836904509765,-3.32));
#6431=CARTESIAN_POINT('',(3.18014759128448,0.574836904506469,-3.32));
#6432=CARTESIAN_POINT('',(3.18014759128448,0.874836904509765,-3.32));
#6433=CARTESIAN_POINT('Origin',(3.33014759128448,0.574836904506469,-3.32));
#6434=CARTESIAN_POINT('Origin',(5.33014759128448,0.874836904509765,-3.32));
#6435=CARTESIAN_POINT('',(5.18014759128448,0.574836904506469,-3.32));
#6436=CARTESIAN_POINT('',(5.18014759128448,0.874836904509765,-3.32));
#6437=CARTESIAN_POINT('Origin',(5.33014759128448,0.574836904506469,-3.32));
#6438=CARTESIAN_POINT('Origin',(21.3301475912845,0.874836904509765,-0.68));
#6439=CARTESIAN_POINT('',(21.1801475912845,0.574836904506469,-0.68));
#6440=CARTESIAN_POINT('',(21.1801475912845,0.874836904509765,-0.68));
#6441=CARTESIAN_POINT('Origin',(21.3301475912845,0.574836904506469,-0.68));
#6442=CARTESIAN_POINT('Origin',(18.0401475912845,0.874836904509765,-2.));
#6443=CARTESIAN_POINT('',(17.2301475912845,0.574836904506469,-2.));
#6444=CARTESIAN_POINT('',(17.2301475912845,0.874836904509765,-2.));
#6445=CARTESIAN_POINT('Origin',(18.0401475912845,0.574836904506469,-2.));
#6446=CARTESIAN_POINT('Origin',(6.04014759128449,0.874836904509765,-0.85));
#6447=CARTESIAN_POINT('',(4.62014759128448,0.574836904506469,-0.85));
#6448=CARTESIAN_POINT('',(6.04014759128449,0.574836904506469,-0.85));
#6449=CARTESIAN_POINT('',(14.8901475912827,0.574836904506469,-0.85));
#6450=CARTESIAN_POINT('',(4.62014759128448,0.874836904509765,-0.85));
#6451=CARTESIAN_POINT('',(6.04014759128449,0.874836904509765,-0.85));
#6452=CARTESIAN_POINT('Origin',(6.04014759128449,0.874836904509765,-3.15));
#6453=CARTESIAN_POINT('',(6.04014759128449,0.574836904506469,-3.15));
#6454=CARTESIAN_POINT('',(6.04014759128449,0.574836904506469,-1.575));
#6455=CARTESIAN_POINT('',(6.04014759128449,0.874836904509765,-3.15));
#6456=CARTESIAN_POINT('Origin',(4.62014759128448,0.874836904509765,-3.15));
#6457=CARTESIAN_POINT('',(4.62014759128448,0.574836904506469,-3.15));
#6458=CARTESIAN_POINT('',(14.1801475912827,0.574836904506469,-3.15));
#6459=CARTESIAN_POINT('',(4.62014759128448,0.874836904509765,-3.15));
#6460=CARTESIAN_POINT('Origin',(4.62014759128448,0.874836904509765,-0.85));
#6461=CARTESIAN_POINT('',(4.62014759128449,0.574836904506469,-0.425));
#6462=CARTESIAN_POINT('Origin',(3.33014759128448,0.874836904509765,-0.68));
#6463=CARTESIAN_POINT('',(3.18014759128449,0.574836904506469,-0.68));
#6464=CARTESIAN_POINT('',(3.18014759128449,0.874836904509765,-0.68));
#6465=CARTESIAN_POINT('Origin',(3.33014759128448,0.574836904506469,-0.68));
#6466=CARTESIAN_POINT('Origin',(2.62014759128448,0.874836904509765,-0.85));
#6467=CARTESIAN_POINT('',(2.62014759128448,0.574836904506469,-3.15));
#6468=CARTESIAN_POINT('',(2.62014759128448,0.574836904506469,-0.85));
#6469=CARTESIAN_POINT('',(2.62014759128449,0.574836904506469,-0.425));
#6470=CARTESIAN_POINT('',(2.62014759128448,0.874836904509765,-3.15));
#6471=CARTESIAN_POINT('',(2.62014759128448,0.874836904509765,-0.85));
#6472=CARTESIAN_POINT('Origin',(4.04014759128449,0.874836904509765,-0.85));
#6473=CARTESIAN_POINT('',(4.04014759128449,0.574836904506469,-0.85));
#6474=CARTESIAN_POINT('',(13.8901475912827,0.574836904506469,-0.85));
#6475=CARTESIAN_POINT('',(4.04014759128449,0.874836904509765,-0.85));
#6476=CARTESIAN_POINT('Origin',(4.04014759128449,0.874836904509765,-3.15));
#6477=CARTESIAN_POINT('',(4.04014759128449,0.574836904506469,-3.15));
#6478=CARTESIAN_POINT('',(4.04014759128449,0.574836904506469,-1.575));
#6479=CARTESIAN_POINT('',(4.04014759128449,0.874836904509765,-3.15));
#6480=CARTESIAN_POINT('Origin',(2.62014759128448,0.874836904509765,-3.15));
#6481=CARTESIAN_POINT('',(13.1801475912827,0.574836904506469,-3.15));
#6482=CARTESIAN_POINT('Origin',(21.3301475912845,0.874836904509765,-3.32));
#6483=CARTESIAN_POINT('',(21.1801475912845,0.574836904506469,-3.32));
#6484=CARTESIAN_POINT('',(21.1801475912845,0.874836904509765,-3.32));
#6485=CARTESIAN_POINT('Origin',(21.3301475912845,0.574836904506469,-3.32));
#6486=CARTESIAN_POINT('Origin',(11.4751475912845,0.874836904509765,-1.79));
#6487=CARTESIAN_POINT('',(11.0751475912845,0.574836904506469,-1.79));
#6488=CARTESIAN_POINT('',(11.0751475912845,0.874836904509765,-1.79));
#6489=CARTESIAN_POINT('Origin',(11.4751475912845,0.574836904506469,-1.79));
#6490=CARTESIAN_POINT('Origin',(24.0401475912845,-9.12516309549024,-2.36666666666667));
#6491=CARTESIAN_POINT('',(24.0401475912845,-9.12516309549024,-1.40666666666667));
#6492=CARTESIAN_POINT('Origin',(24.0401475912845,-9.12516309549024,-2.36666666666667));
#6493=CARTESIAN_POINT('',(23.740147591281,-9.12516309549024,-1.40666666666667));
#6494=CARTESIAN_POINT('',(24.0401475912845,-9.12516309549024,-1.40666666666667));
#6495=CARTESIAN_POINT('Origin',(23.740147591281,-9.12516309549024,-2.36666666666667));
#6496=CARTESIAN_POINT('Origin',(24.0401475912845,-12.9451630954902,-1.58166666666667));
#6497=CARTESIAN_POINT('',(23.740147591281,-12.1251630954902,-1.58166666666667));
#6498=CARTESIAN_POINT('',(23.740147591281,-12.9451630954902,-1.58166666666667));
#6499=CARTESIAN_POINT('',(23.740147591281,-18.3851630954904,-1.58166666666666));
#6500=CARTESIAN_POINT('',(24.0401475912845,-12.1251630954902,-1.58166666666667));
#6501=CARTESIAN_POINT('',(24.0401475912845,-12.1251630954902,-1.58166666666667));
#6502=CARTESIAN_POINT('',(24.0401475912845,-12.9451630954902,-1.58166666666667));
#6503=CARTESIAN_POINT('',(24.0401475912845,-18.5351630954902,-1.58166666666666));
#6504=CARTESIAN_POINT('',(24.0401475912845,-12.9451630954902,-1.58166666666667));
#6505=CARTESIAN_POINT('Origin',(24.0401475912845,-12.9451630954902,-3.15166666666667));
#6506=CARTESIAN_POINT('',(23.740147591281,-12.9451630954902,-3.15166666666667));
#6507=CARTESIAN_POINT('',(23.740147591281,-12.9451630954902,-1.57583333333333));
#6508=CARTESIAN_POINT('',(24.0401475912845,-12.9451630954902,-3.15166666666667));
#6509=CARTESIAN_POINT('',(24.0401475912845,-12.9451630954902,-1.57583333333333));
#6510=CARTESIAN_POINT('',(24.0401475912845,-12.9451630954902,-3.15166666666667));
#6511=CARTESIAN_POINT('Origin',(24.0401475912845,-12.1251630954902,-3.15166666666667));
#6512=CARTESIAN_POINT('',(23.740147591281,-12.1251630954902,-3.15166666666667));
#6513=CARTESIAN_POINT('',(23.740147591281,-17.9751630954904,-3.15166666666668));
#6514=CARTESIAN_POINT('',(24.0401475912845,-12.1251630954902,-3.15166666666667));
#6515=CARTESIAN_POINT('',(24.0401475912845,-18.1251630954902,-3.15166666666668));
#6516=CARTESIAN_POINT('',(24.0401475912845,-12.1251630954902,-3.15166666666667));
#6517=CARTESIAN_POINT('Origin',(24.0401475912845,-12.1251630954902,-1.58166666666667));
#6518=CARTESIAN_POINT('',(23.740147591281,-12.1251630954902,-0.790833333333334));
#6519=CARTESIAN_POINT('',(24.0401475912845,-12.1251630954902,-0.790833333333334));
#6520=CARTESIAN_POINT('Origin',(24.0401475912845,-3.95516309549024,-2.36666666666667));
#6521=CARTESIAN_POINT('',(24.0401475912845,-3.95516309549024,-2.15666666666667));
#6522=CARTESIAN_POINT('Origin',(24.0401475912845,-3.95516309549024,-2.36666666666667));
#6523=CARTESIAN_POINT('',(23.740147591281,-3.95516309549024,-2.15666666666667));
#6524=CARTESIAN_POINT('',(24.0401475912845,-3.95516309549024,-2.15666666666667));
#6525=CARTESIAN_POINT('Origin',(23.740147591281,-3.95516309549024,-2.36666666666667));
#6526=CARTESIAN_POINT('Origin',(24.0401475912845,-12.5351630954902,-3.39166666666667));
#6527=CARTESIAN_POINT('',(24.0401475912845,-12.5351630954902,-3.24166666666667));
#6528=CARTESIAN_POINT('Origin',(24.0401475912845,-12.5351630954902,-3.39166666666667));
#6529=CARTESIAN_POINT('',(23.740147591281,-12.5351630954902,-3.24166666666667));
#6530=CARTESIAN_POINT('',(24.0401475912845,-12.5351630954902,-3.24166666666667));
#6531=CARTESIAN_POINT('Origin',(23.740147591281,-12.5351630954902,-3.39166666666667));
#6532=CARTESIAN_POINT('Origin',(24.0401475912845,-12.5351630954902,-1.34166666666667));
#6533=CARTESIAN_POINT('',(24.0401475912845,-12.5351630954902,-1.19166666666667));
#6534=CARTESIAN_POINT('Origin',(24.0401475912845,-12.5351630954902,-1.34166666666667));
#6535=CARTESIAN_POINT('',(23.740147591281,-12.5351630954902,-1.19166666666667));
#6536=CARTESIAN_POINT('',(24.0401475912845,-12.5351630954902,-1.19166666666667));
#6537=CARTESIAN_POINT('Origin',(23.740147591281,-12.5351630954902,-1.34166666666667));
#6538=CARTESIAN_POINT('Origin',(24.0401475912845,-21.6251630954902,-1.35));
#6539=CARTESIAN_POINT('',(23.740147591281,-16.6251630954902,-1.35));
#6540=CARTESIAN_POINT('',(23.740147591281,-21.6251630954902,-1.35));
#6541=CARTESIAN_POINT('',(23.740147591281,-22.7251630954904,-1.35));
#6542=CARTESIAN_POINT('',(24.0401475912845,-16.6251630954902,-1.35));
#6543=CARTESIAN_POINT('',(24.0401475912845,-16.6251630954902,-1.35));
#6544=CARTESIAN_POINT('',(24.0401475912845,-21.6251630954902,-1.35));
#6545=CARTESIAN_POINT('',(24.0401475912845,-22.8751630954902,-1.35));
#6546=CARTESIAN_POINT('',(24.0401475912845,-21.6251630954902,-1.35));
#6547=CARTESIAN_POINT('Origin',(24.0401475912845,-21.6251630954902,-2.35));
#6548=CARTESIAN_POINT('',(23.740147591281,-21.6251630954902,-2.35));
#6549=CARTESIAN_POINT('',(23.740147591281,-21.6251630954902,-1.175));
#6550=CARTESIAN_POINT('',(24.0401475912845,-21.6251630954902,-2.35));
#6551=CARTESIAN_POINT('',(24.0401475912845,-21.6251630954902,-1.175));
#6552=CARTESIAN_POINT('',(24.0401475912845,-21.6251630954902,-2.35));
#6553=CARTESIAN_POINT('Origin',(24.0401475912845,-16.6251630954902,-2.35));
#6554=CARTESIAN_POINT('',(23.740147591281,-16.6251630954902,-2.35));
#6555=CARTESIAN_POINT('',(23.740147591281,-20.2251630954904,-2.35));
#6556=CARTESIAN_POINT('',(24.0401475912845,-16.6251630954902,-2.35));
#6557=CARTESIAN_POINT('',(24.0401475912845,-20.3751630954902,-2.35));
#6558=CARTESIAN_POINT('',(24.0401475912845,-16.6251630954902,-2.35));
#6559=CARTESIAN_POINT('Origin',(24.0401475912845,-16.6251630954902,-1.35));
#6560=CARTESIAN_POINT('',(23.740147591281,-16.6251630954902,-0.675));
#6561=CARTESIAN_POINT('',(24.0401475912845,-16.6251630954902,-0.675));
#6562=CARTESIAN_POINT('Origin',(23.740147591281,0.574836904506469,0.));
#6563=CARTESIAN_POINT('',(23.740147591281,0.574836904506469,0.));
#6564=CARTESIAN_POINT('',(-0.659852408716101,0.574836904506469,0.));
#6565=CARTESIAN_POINT('Origin',(23.740147591281,-23.8251630954906,0.));
#6566=CARTESIAN_POINT('',(23.740147591281,-23.8251630954906,0.));
#6567=CARTESIAN_POINT('Origin',(-0.659852408716101,-23.8251630954906,0.));
#6568=CARTESIAN_POINT('',(-0.659852408716101,-23.8251630954906,0.));
#6569=CARTESIAN_POINT('Origin',(-0.659852408716101,0.574836904506469,0.));
#6570=CARTESIAN_POINT('Origin',(-0.959852408715514,0.874836904509765,0.));
#6571=CARTESIAN_POINT('',(-0.959852408715514,0.874836904509763,0.3));
#6572=CARTESIAN_POINT('Origin',(24.0401475912845,-24.1251630954902,0.));
#6573=CARTESIAN_POINT('',(24.0401475912845,-24.1251630954902,0.3));
#6574=CARTESIAN_POINT('Origin',(11.5401475912845,-11.6251630954902,0.3));
#6575=UNCERTAINTY_MEASURE_WITH_UNIT(LENGTH_MEASURE(0.001),#6579,
'DISTANCE_ACCURACY_VALUE',
'Maximum model space distance between geometric entities at asserted c
onnectivities');
#6576=UNCERTAINTY_MEASURE_WITH_UNIT(LENGTH_MEASURE(0.001),#6579,
'DISTANCE_ACCURACY_VALUE',
'Maximum model space distance between geometric entities at asserted c
onnectivities');
#6577=(
GEOMETRIC_REPRESENTATION_CONTEXT(3)
GLOBAL_UNCERTAINTY_ASSIGNED_CONTEXT((#6575))
GLOBAL_UNIT_ASSIGNED_CONTEXT((#6579,#6580,#6581))
REPRESENTATION_CONTEXT('','3D')
);
#6578=(
GEOMETRIC_REPRESENTATION_CONTEXT(3)
GLOBAL_UNCERTAINTY_ASSIGNED_CONTEXT((#6576))
GLOBAL_UNIT_ASSIGNED_CONTEXT((#6579,#6580,#6581))
REPRESENTATION_CONTEXT('','3D')
);
#6579=(
LENGTH_UNIT()
NAMED_UNIT(*)
SI_UNIT(.CENTI.,.METRE.)
);
#6580=(
NAMED_UNIT(*)
PLANE_ANGLE_UNIT()
SI_UNIT($,.RADIAN.)
);
#6581=(
NAMED_UNIT(*)
SI_UNIT($,.STERADIAN.)
SOLID_ANGLE_UNIT()
);
#6582=SHAPE_DEFINITION_REPRESENTATION(#6583,#6584);
#6583=PRODUCT_DEFINITION_SHAPE('',$,#6586);
#6584=SHAPE_REPRESENTATION('',(#3781),#6577);
#6585=PRODUCT_DEFINITION_CONTEXT('part definition',#6590,'design');
#6586=PRODUCT_DEFINITION('Enclosure_Plate','Enclosure_Plate',#6587,#6585);
#6587=PRODUCT_DEFINITION_FORMATION('',$,#6592);
#6588=PRODUCT_RELATED_PRODUCT_CATEGORY('Enclosure_Plate',
'Enclosure_Plate',(#6592));
#6589=APPLICATION_PROTOCOL_DEFINITION('international standard',
'automotive_design',2009,#6590);
#6590=APPLICATION_CONTEXT(
'Core Data for Automotive Mechanical Design Process');
#6591=PRODUCT_CONTEXT('part definition',#6590,'mechanical');
#6592=PRODUCT('Enclosure_Plate','Enclosure_Plate',$,(#6591));
#6593=PRESENTATION_STYLE_ASSIGNMENT((#6594));
#6594=SURFACE_STYLE_USAGE(.BOTH.,#6597);
#6595=SURFACE_STYLE_RENDERING_WITH_PROPERTIES($,#6601,(#6596));
#6596=SURFACE_STYLE_TRANSPARENT(0.);
#6597=SURFACE_SIDE_STYLE('',(#6598,#6595));
#6598=SURFACE_STYLE_FILL_AREA(#6599);
#6599=FILL_AREA_STYLE('',(#6600));
#6600=FILL_AREA_STYLE_COLOUR('',#6601);
#6601=COLOUR_RGB('',0.749019607843137,0.749019607843137,0.749019607843137);
ENDSEC;
END-ISO-10303-21;
