ISO-10303-21;
HEADER;
/* Generated by software containing ST-Developer
 * from STEP Tools, Inc. (www.steptools.com) 
 */

FILE_DESCRIPTION(
/* description */ (''),
/* implementation_level */ '2;1');

FILE_NAME(
/* name */ 'Enclosure_2.stp',
/* time_stamp */ '2025-12-16T01:19:45+05:30',
/* author */ ('Kartik'),
/* organization */ (''),
/* preprocessor_version */ 'ST-DEVELOPER v20.1',
/* originating_system */ 'Autodesk Inventor 2026',
/* authorisation */ '');

FILE_SCHEMA (('AUTOMOTIVE_DESIGN { 1 0 10303 214 3 1 1 }'));
ENDSEC;

DATA;
#10=MECHANICAL_DESIGN_GEOMETRIC_PRESENTATION_REPRESENTATION('',(#13),#2346);
#11=SHAPE_REPRESENTATION_RELATIONSHIP('SRR','None',#2352,#12);
#12=ADVANCED_BREP_SHAPE_REPRESENTATION('',(#14),#2345);
#13=STYLED_ITEM('',(#2361),#14);
#14=MANIFOLD_SOLID_BREP('Solid1',#1451);
#15=FACE_BOUND('',#224,.T.);
#16=FACE_BOUND('',#225,.T.);
#17=FACE_BOUND('',#226,.T.);
#18=FACE_BOUND('',#227,.T.);
#19=FACE_BOUND('',#228,.T.);
#20=FACE_BOUND('',#229,.T.);
#21=FACE_BOUND('',#231,.T.);
#22=FACE_BOUND('',#232,.T.);
#23=FACE_BOUND('',#233,.T.);
#24=FACE_BOUND('',#234,.T.);
#25=FACE_BOUND('',#235,.T.);
#26=FACE_BOUND('',#236,.T.);
#27=PLANE('',#1471);
#28=PLANE('',#1472);
#29=PLANE('',#1479);
#30=PLANE('',#1480);
#31=PLANE('',#1484);
#32=PLANE('',#1488);
#33=PLANE('',#1495);
#34=PLANE('',#1496);
#35=PLANE('',#1503);
#36=PLANE('',#1504);
#37=PLANE('',#1508);
#38=PLANE('',#1512);
#39=PLANE('',#1516);
#40=PLANE('',#1517);
#41=PLANE('',#1518);
#42=PLANE('',#1519);
#43=PLANE('',#1520);
#44=PLANE('',#1521);
#45=PLANE('',#1522);
#46=PLANE('',#1523);
#47=PLANE('',#1524);
#48=PLANE('',#1525);
#49=PLANE('',#1526);
#50=PLANE('',#1527);
#51=PLANE('',#1528);
#52=PLANE('',#1529);
#53=PLANE('',#1530);
#54=PLANE('',#1531);
#55=PLANE('',#1532);
#56=PLANE('',#1533);
#57=PLANE('',#1534);
#58=PLANE('',#1535);
#59=PLANE('',#1536);
#60=PLANE('',#1537);
#61=PLANE('',#1538);
#62=PLANE('',#1539);
#63=PLANE('',#1540);
#64=PLANE('',#1541);
#65=PLANE('',#1542);
#66=PLANE('',#1543);
#67=PLANE('',#1544);
#68=PLANE('',#1545);
#69=PLANE('',#1546);
#70=PLANE('',#1547);
#71=PLANE('',#1548);
#72=PLANE('',#1549);
#73=PLANE('',#1550);
#74=PLANE('',#1551);
#75=PLANE('',#1552);
#76=PLANE('',#1553);
#77=PLANE('',#1554);
#78=PLANE('',#1555);
#79=PLANE('',#1556);
#80=PLANE('',#1557);
#81=PLANE('',#1558);
#82=PLANE('',#1559);
#83=PLANE('',#1560);
#84=PLANE('',#1561);
#85=FACE_OUTER_BOUND('',#155,.T.);
#86=FACE_OUTER_BOUND('',#156,.T.);
#87=FACE_OUTER_BOUND('',#157,.T.);
#88=FACE_OUTER_BOUND('',#158,.T.);
#89=FACE_OUTER_BOUND('',#159,.T.);
#90=FACE_OUTER_BOUND('',#160,.T.);
#91=FACE_OUTER_BOUND('',#161,.T.);
#92=FACE_OUTER_BOUND('',#162,.T.);
#93=FACE_OUTER_BOUND('',#163,.T.);
#94=FACE_OUTER_BOUND('',#164,.T.);
#95=FACE_OUTER_BOUND('',#165,.T.);
#96=FACE_OUTER_BOUND('',#166,.T.);
#97=FACE_OUTER_BOUND('',#167,.T.);
#98=FACE_OUTER_BOUND('',#168,.T.);
#99=FACE_OUTER_BOUND('',#169,.T.);
#100=FACE_OUTER_BOUND('',#170,.T.);
#101=FACE_OUTER_BOUND('',#171,.T.);
#102=FACE_OUTER_BOUND('',#172,.T.);
#103=FACE_OUTER_BOUND('',#173,.T.);
#104=FACE_OUTER_BOUND('',#174,.T.);
#105=FACE_OUTER_BOUND('',#175,.T.);
#106=FACE_OUTER_BOUND('',#176,.T.);
#107=FACE_OUTER_BOUND('',#177,.T.);
#108=FACE_OUTER_BOUND('',#178,.T.);
#109=FACE_OUTER_BOUND('',#179,.T.);
#110=FACE_OUTER_BOUND('',#180,.T.);
#111=FACE_OUTER_BOUND('',#181,.T.);
#112=FACE_OUTER_BOUND('',#182,.T.);
#113=FACE_OUTER_BOUND('',#183,.T.);
#114=FACE_OUTER_BOUND('',#184,.T.);
#115=FACE_OUTER_BOUND('',#185,.T.);
#116=FACE_OUTER_BOUND('',#186,.T.);
#117=FACE_OUTER_BOUND('',#187,.T.);
#118=FACE_OUTER_BOUND('',#188,.T.);
#119=FACE_OUTER_BOUND('',#189,.T.);
#120=FACE_OUTER_BOUND('',#190,.T.);
#121=FACE_OUTER_BOUND('',#191,.T.);
#122=FACE_OUTER_BOUND('',#192,.T.);
#123=FACE_OUTER_BOUND('',#193,.T.);
#124=FACE_OUTER_BOUND('',#194,.T.);
#125=FACE_OUTER_BOUND('',#195,.T.);
#126=FACE_OUTER_BOUND('',#196,.T.);
#127=FACE_OUTER_BOUND('',#197,.T.);
#128=FACE_OUTER_BOUND('',#198,.T.);
#129=FACE_OUTER_BOUND('',#199,.T.);
#130=FACE_OUTER_BOUND('',#200,.T.);
#131=FACE_OUTER_BOUND('',#201,.T.);
#132=FACE_OUTER_BOUND('',#202,.T.);
#133=FACE_OUTER_BOUND('',#203,.T.);
#134=FACE_OUTER_BOUND('',#204,.T.);
#135=FACE_OUTER_BOUND('',#205,.T.);
#136=FACE_OUTER_BOUND('',#206,.T.);
#137=FACE_OUTER_BOUND('',#207,.T.);
#138=FACE_OUTER_BOUND('',#208,.T.);
#139=FACE_OUTER_BOUND('',#209,.T.);
#140=FACE_OUTER_BOUND('',#210,.T.);
#141=FACE_OUTER_BOUND('',#211,.T.);
#142=FACE_OUTER_BOUND('',#212,.T.);
#143=FACE_OUTER_BOUND('',#213,.T.);
#144=FACE_OUTER_BOUND('',#214,.T.);
#145=FACE_OUTER_BOUND('',#215,.T.);
#146=FACE_OUTER_BOUND('',#216,.T.);
#147=FACE_OUTER_BOUND('',#217,.T.);
#148=FACE_OUTER_BOUND('',#218,.T.);
#149=FACE_OUTER_BOUND('',#219,.T.);
#150=FACE_OUTER_BOUND('',#220,.T.);
#151=FACE_OUTER_BOUND('',#221,.T.);
#152=FACE_OUTER_BOUND('',#222,.T.);
#153=FACE_OUTER_BOUND('',#223,.T.);
#154=FACE_OUTER_BOUND('',#230,.T.);
#155=EDGE_LOOP('',(#961,#962,#963,#964));
#156=EDGE_LOOP('',(#965,#966,#967,#968));
#157=EDGE_LOOP('',(#969,#970,#971,#972));
#158=EDGE_LOOP('',(#973,#974,#975,#976));
#159=EDGE_LOOP('',(#977,#978,#979,#980));
#160=EDGE_LOOP('',(#981,#982,#983,#984));
#161=EDGE_LOOP('',(#985,#986,#987,#988));
#162=EDGE_LOOP('',(#989,#990,#991,#992));
#163=EDGE_LOOP('',(#993,#994,#995,#996));
#164=EDGE_LOOP('',(#997,#998,#999,#1000));
#165=EDGE_LOOP('',(#1001,#1002,#1003,#1004));
#166=EDGE_LOOP('',(#1005,#1006,#1007,#1008));
#167=EDGE_LOOP('',(#1009,#1010,#1011,#1012));
#168=EDGE_LOOP('',(#1013,#1014,#1015,#1016));
#169=EDGE_LOOP('',(#1017,#1018,#1019,#1020));
#170=EDGE_LOOP('',(#1021,#1022,#1023,#1024));
#171=EDGE_LOOP('',(#1025,#1026,#1027,#1028));
#172=EDGE_LOOP('',(#1029,#1030,#1031,#1032));
#173=EDGE_LOOP('',(#1033,#1034,#1035,#1036));
#174=EDGE_LOOP('',(#1037,#1038,#1039,#1040));
#175=EDGE_LOOP('',(#1041,#1042,#1043,#1044));
#176=EDGE_LOOP('',(#1045,#1046,#1047,#1048));
#177=EDGE_LOOP('',(#1049,#1050,#1051,#1052));
#178=EDGE_LOOP('',(#1053,#1054,#1055,#1056));
#179=EDGE_LOOP('',(#1057,#1058,#1059,#1060));
#180=EDGE_LOOP('',(#1061,#1062,#1063,#1064));
#181=EDGE_LOOP('',(#1065,#1066,#1067,#1068));
#182=EDGE_LOOP('',(#1069,#1070,#1071,#1072));
#183=EDGE_LOOP('',(#1073,#1074,#1075,#1076));
#184=EDGE_LOOP('',(#1077,#1078,#1079,#1080));
#185=EDGE_LOOP('',(#1081,#1082,#1083,#1084));
#186=EDGE_LOOP('',(#1085,#1086,#1087,#1088));
#187=EDGE_LOOP('',(#1089,#1090,#1091,#1092));
#188=EDGE_LOOP('',(#1093,#1094,#1095,#1096));
#189=EDGE_LOOP('',(#1097,#1098,#1099,#1100));
#190=EDGE_LOOP('',(#1101,#1102,#1103,#1104));
#191=EDGE_LOOP('',(#1105,#1106,#1107,#1108));
#192=EDGE_LOOP('',(#1109,#1110,#1111,#1112));
#193=EDGE_LOOP('',(#1113,#1114,#1115,#1116));
#194=EDGE_LOOP('',(#1117,#1118,#1119,#1120));
#195=EDGE_LOOP('',(#1121,#1122,#1123,#1124));
#196=EDGE_LOOP('',(#1125,#1126,#1127,#1128));
#197=EDGE_LOOP('',(#1129,#1130,#1131,#1132));
#198=EDGE_LOOP('',(#1133,#1134,#1135,#1136));
#199=EDGE_LOOP('',(#1137,#1138,#1139,#1140));
#200=EDGE_LOOP('',(#1141,#1142,#1143,#1144));
#201=EDGE_LOOP('',(#1145,#1146,#1147,#1148));
#202=EDGE_LOOP('',(#1149,#1150,#1151,#1152));
#203=EDGE_LOOP('',(#1153,#1154,#1155,#1156));
#204=EDGE_LOOP('',(#1157,#1158,#1159,#1160));
#205=EDGE_LOOP('',(#1161,#1162,#1163,#1164));
#206=EDGE_LOOP('',(#1165,#1166,#1167,#1168));
#207=EDGE_LOOP('',(#1169,#1170,#1171,#1172));
#208=EDGE_LOOP('',(#1173,#1174,#1175,#1176));
#209=EDGE_LOOP('',(#1177,#1178,#1179,#1180));
#210=EDGE_LOOP('',(#1181,#1182,#1183,#1184));
#211=EDGE_LOOP('',(#1185,#1186,#1187,#1188));
#212=EDGE_LOOP('',(#1189,#1190,#1191,#1192));
#213=EDGE_LOOP('',(#1193,#1194,#1195,#1196));
#214=EDGE_LOOP('',(#1197,#1198,#1199,#1200));
#215=EDGE_LOOP('',(#1201,#1202,#1203,#1204));
#216=EDGE_LOOP('',(#1205,#1206,#1207,#1208));
#217=EDGE_LOOP('',(#1209,#1210,#1211,#1212));
#218=EDGE_LOOP('',(#1213,#1214,#1215,#1216));
#219=EDGE_LOOP('',(#1217,#1218,#1219,#1220));
#220=EDGE_LOOP('',(#1221,#1222,#1223,#1224,#1225,#1226,#1227,#1228,#1229,
#1230,#1231,#1232,#1233,#1234,#1235,#1236,#1237,#1238,#1239,#1240,#1241,
#1242,#1243,#1244));
#221=EDGE_LOOP('',(#1245,#1246,#1247,#1248));
#222=EDGE_LOOP('',(#1249,#1250,#1251,#1252,#1253,#1254,#1255,#1256,#1257,
#1258,#1259,#1260,#1261,#1262,#1263,#1264,#1265,#1266,#1267,#1268,#1269,
#1270,#1271,#1272));
#223=EDGE_LOOP('',(#1273,#1274,#1275,#1276));
#224=EDGE_LOOP('',(#1277,#1278,#1279,#1280));
#225=EDGE_LOOP('',(#1281,#1282,#1283,#1284));
#226=EDGE_LOOP('',(#1285,#1286,#1287,#1288));
#227=EDGE_LOOP('',(#1289,#1290,#1291,#1292));
#228=EDGE_LOOP('',(#1293,#1294,#1295,#1296));
#229=EDGE_LOOP('',(#1297,#1298,#1299,#1300));
#230=EDGE_LOOP('',(#1301,#1302,#1303,#1304,#1305,#1306,#1307,#1308,#1309,
#1310,#1311,#1312,#1313,#1314,#1315,#1316,#1317,#1318,#1319,#1320,#1321,
#1322,#1323,#1324,#1325,#1326,#1327,#1328,#1329,#1330,#1331,#1332,#1333,
#1334,#1335,#1336,#1337,#1338,#1339,#1340,#1341,#1342,#1343,#1344));
#231=EDGE_LOOP('',(#1345,#1346,#1347,#1348));
#232=EDGE_LOOP('',(#1349,#1350,#1351,#1352));
#233=EDGE_LOOP('',(#1353,#1354,#1355,#1356));
#234=EDGE_LOOP('',(#1357,#1358,#1359,#1360));
#235=EDGE_LOOP('',(#1361,#1362,#1363,#1364));
#236=EDGE_LOOP('',(#1365,#1366,#1367,#1368));
#237=LINE('',#1938,#417);
#238=LINE('',#1941,#418);
#239=LINE('',#1944,#419);
#240=LINE('',#1946,#420);
#241=LINE('',#1947,#421);
#242=LINE('',#1950,#422);
#243=LINE('',#1952,#423);
#244=LINE('',#1953,#424);
#245=LINE('',#1962,#425);
#246=LINE('',#1965,#426);
#247=LINE('',#1968,#427);
#248=LINE('',#1970,#428);
#249=LINE('',#1971,#429);
#250=LINE('',#1974,#430);
#251=LINE('',#1976,#431);
#252=LINE('',#1977,#432);
#253=LINE('',#1984,#433);
#254=LINE('',#1986,#434);
#255=LINE('',#1988,#435);
#256=LINE('',#1989,#436);
#257=LINE('',#1995,#437);
#258=LINE('',#1998,#438);
#259=LINE('',#2000,#439);
#260=LINE('',#2001,#440);
#261=LINE('',#2010,#441);
#262=LINE('',#2013,#442);
#263=LINE('',#2016,#443);
#264=LINE('',#2018,#444);
#265=LINE('',#2019,#445);
#266=LINE('',#2022,#446);
#267=LINE('',#2024,#447);
#268=LINE('',#2025,#448);
#269=LINE('',#2034,#449);
#270=LINE('',#2037,#450);
#271=LINE('',#2040,#451);
#272=LINE('',#2042,#452);
#273=LINE('',#2043,#453);
#274=LINE('',#2046,#454);
#275=LINE('',#2048,#455);
#276=LINE('',#2049,#456);
#277=LINE('',#2056,#457);
#278=LINE('',#2058,#458);
#279=LINE('',#2060,#459);
#280=LINE('',#2061,#460);
#281=LINE('',#2067,#461);
#282=LINE('',#2070,#462);
#283=LINE('',#2072,#463);
#284=LINE('',#2073,#464);
#285=LINE('',#2080,#465);
#286=LINE('',#2082,#466);
#287=LINE('',#2084,#467);
#288=LINE('',#2085,#468);
#289=LINE('',#2088,#469);
#290=LINE('',#2090,#470);
#291=LINE('',#2091,#471);
#292=LINE('',#2094,#472);
#293=LINE('',#2096,#473);
#294=LINE('',#2097,#474);
#295=LINE('',#2099,#475);
#296=LINE('',#2103,#476);
#297=LINE('',#2105,#477);
#298=LINE('',#2107,#478);
#299=LINE('',#2108,#479);
#300=LINE('',#2111,#480);
#301=LINE('',#2113,#481);
#302=LINE('',#2114,#482);
#303=LINE('',#2117,#483);
#304=LINE('',#2119,#484);
#305=LINE('',#2120,#485);
#306=LINE('',#2122,#486);
#307=LINE('',#2126,#487);
#308=LINE('',#2128,#488);
#309=LINE('',#2130,#489);
#310=LINE('',#2131,#490);
#311=LINE('',#2134,#491);
#312=LINE('',#2136,#492);
#313=LINE('',#2137,#493);
#314=LINE('',#2140,#494);
#315=LINE('',#2142,#495);
#316=LINE('',#2143,#496);
#317=LINE('',#2145,#497);
#318=LINE('',#2149,#498);
#319=LINE('',#2151,#499);
#320=LINE('',#2153,#500);
#321=LINE('',#2154,#501);
#322=LINE('',#2157,#502);
#323=LINE('',#2159,#503);
#324=LINE('',#2160,#504);
#325=LINE('',#2163,#505);
#326=LINE('',#2165,#506);
#327=LINE('',#2166,#507);
#328=LINE('',#2168,#508);
#329=LINE('',#2172,#509);
#330=LINE('',#2174,#510);
#331=LINE('',#2176,#511);
#332=LINE('',#2177,#512);
#333=LINE('',#2180,#513);
#334=LINE('',#2182,#514);
#335=LINE('',#2183,#515);
#336=LINE('',#2186,#516);
#337=LINE('',#2188,#517);
#338=LINE('',#2189,#518);
#339=LINE('',#2191,#519);
#340=LINE('',#2195,#520);
#341=LINE('',#2197,#521);
#342=LINE('',#2199,#522);
#343=LINE('',#2200,#523);
#344=LINE('',#2203,#524);
#345=LINE('',#2205,#525);
#346=LINE('',#2206,#526);
#347=LINE('',#2209,#527);
#348=LINE('',#2211,#528);
#349=LINE('',#2212,#529);
#350=LINE('',#2214,#530);
#351=LINE('',#2218,#531);
#352=LINE('',#2220,#532);
#353=LINE('',#2222,#533);
#354=LINE('',#2223,#534);
#355=LINE('',#2226,#535);
#356=LINE('',#2228,#536);
#357=LINE('',#2229,#537);
#358=LINE('',#2232,#538);
#359=LINE('',#2234,#539);
#360=LINE('',#2235,#540);
#361=LINE('',#2237,#541);
#362=LINE('',#2241,#542);
#363=LINE('',#2243,#543);
#364=LINE('',#2245,#544);
#365=LINE('',#2246,#545);
#366=LINE('',#2249,#546);
#367=LINE('',#2251,#547);
#368=LINE('',#2252,#548);
#369=LINE('',#2255,#549);
#370=LINE('',#2257,#550);
#371=LINE('',#2258,#551);
#372=LINE('',#2260,#552);
#373=LINE('',#2264,#553);
#374=LINE('',#2266,#554);
#375=LINE('',#2268,#555);
#376=LINE('',#2269,#556);
#377=LINE('',#2272,#557);
#378=LINE('',#2274,#558);
#379=LINE('',#2275,#559);
#380=LINE('',#2278,#560);
#381=LINE('',#2280,#561);
#382=LINE('',#2281,#562);
#383=LINE('',#2283,#563);
#384=LINE('',#2287,#564);
#385=LINE('',#2289,#565);
#386=LINE('',#2291,#566);
#387=LINE('',#2292,#567);
#388=LINE('',#2295,#568);
#389=LINE('',#2297,#569);
#390=LINE('',#2298,#570);
#391=LINE('',#2301,#571);
#392=LINE('',#2303,#572);
#393=LINE('',#2304,#573);
#394=LINE('',#2306,#574);
#395=LINE('',#2310,#575);
#396=LINE('',#2312,#576);
#397=LINE('',#2314,#577);
#398=LINE('',#2315,#578);
#399=LINE('',#2317,#579);
#400=LINE('',#2318,#580);
#401=LINE('',#2319,#581);
#402=LINE('',#2320,#582);
#403=LINE('',#2321,#583);
#404=LINE('',#2323,#584);
#405=LINE('',#2325,#585);
#406=LINE('',#2326,#586);
#407=LINE('',#2329,#587);
#408=LINE('',#2331,#588);
#409=LINE('',#2332,#589);
#410=LINE('',#2334,#590);
#411=LINE('',#2335,#591);
#412=LINE('',#2336,#592);
#413=LINE('',#2337,#593);
#414=LINE('',#2338,#594);
#415=LINE('',#2339,#595);
#416=LINE('',#2340,#596);
#417=VECTOR('',#1568,1.);
#418=VECTOR('',#1571,1.);
#419=VECTOR('',#1574,1.);
#420=VECTOR('',#1575,1.);
#421=VECTOR('',#1576,1.);
#422=VECTOR('',#1579,1.);
#423=VECTOR('',#1580,1.);
#424=VECTOR('',#1581,1.);
#425=VECTOR('',#1592,1.);
#426=VECTOR('',#1595,1.);
#427=VECTOR('',#1598,1.);
#428=VECTOR('',#1599,1.);
#429=VECTOR('',#1600,1.);
#430=VECTOR('',#1603,1.);
#431=VECTOR('',#1604,1.);
#432=VECTOR('',#1605,1.);
#433=VECTOR('',#1614,1.);
#434=VECTOR('',#1615,1.);
#435=VECTOR('',#1616,1.);
#436=VECTOR('',#1617,1.);
#437=VECTOR('',#1624,1.);
#438=VECTOR('',#1627,1.);
#439=VECTOR('',#1628,1.);
#440=VECTOR('',#1629,1.);
#441=VECTOR('',#1640,1.);
#442=VECTOR('',#1643,1.);
#443=VECTOR('',#1646,1.);
#444=VECTOR('',#1647,1.);
#445=VECTOR('',#1648,1.);
#446=VECTOR('',#1651,1.);
#447=VECTOR('',#1652,1.);
#448=VECTOR('',#1653,1.);
#449=VECTOR('',#1664,1.);
#450=VECTOR('',#1667,1.);
#451=VECTOR('',#1670,1.);
#452=VECTOR('',#1671,1.);
#453=VECTOR('',#1672,1.);
#454=VECTOR('',#1675,1.);
#455=VECTOR('',#1676,1.);
#456=VECTOR('',#1677,1.);
#457=VECTOR('',#1686,1.);
#458=VECTOR('',#1687,1.);
#459=VECTOR('',#1688,1.);
#460=VECTOR('',#1689,1.);
#461=VECTOR('',#1696,1.);
#462=VECTOR('',#1699,1.);
#463=VECTOR('',#1700,1.);
#464=VECTOR('',#1701,1.);
#465=VECTOR('',#1710,1.);
#466=VECTOR('',#1711,1.);
#467=VECTOR('',#1712,1.);
#468=VECTOR('',#1713,1.);
#469=VECTOR('',#1716,1.);
#470=VECTOR('',#1717,1.);
#471=VECTOR('',#1718,1.);
#472=VECTOR('',#1721,1.);
#473=VECTOR('',#1722,1.);
#474=VECTOR('',#1723,1.);
#475=VECTOR('',#1726,1.);
#476=VECTOR('',#1729,1.);
#477=VECTOR('',#1730,1.);
#478=VECTOR('',#1731,1.);
#479=VECTOR('',#1732,1.);
#480=VECTOR('',#1735,1.);
#481=VECTOR('',#1736,1.);
#482=VECTOR('',#1737,1.);
#483=VECTOR('',#1740,1.);
#484=VECTOR('',#1741,1.);
#485=VECTOR('',#1742,1.);
#486=VECTOR('',#1745,1.);
#487=VECTOR('',#1748,1.);
#488=VECTOR('',#1749,1.);
#489=VECTOR('',#1750,1.);
#490=VECTOR('',#1751,1.);
#491=VECTOR('',#1754,1.);
#492=VECTOR('',#1755,1.);
#493=VECTOR('',#1756,1.);
#494=VECTOR('',#1759,1.);
#495=VECTOR('',#1760,1.);
#496=VECTOR('',#1761,1.);
#497=VECTOR('',#1764,1.);
#498=VECTOR('',#1767,1.);
#499=VECTOR('',#1768,1.);
#500=VECTOR('',#1769,1.);
#501=VECTOR('',#1770,1.);
#502=VECTOR('',#1773,1.);
#503=VECTOR('',#1774,1.);
#504=VECTOR('',#1775,1.);
#505=VECTOR('',#1778,1.);
#506=VECTOR('',#1779,1.);
#507=VECTOR('',#1780,1.);
#508=VECTOR('',#1783,1.);
#509=VECTOR('',#1786,1.);
#510=VECTOR('',#1787,1.);
#511=VECTOR('',#1788,1.);
#512=VECTOR('',#1789,1.);
#513=VECTOR('',#1792,1.);
#514=VECTOR('',#1793,1.);
#515=VECTOR('',#1794,1.);
#516=VECTOR('',#1797,1.);
#517=VECTOR('',#1798,1.);
#518=VECTOR('',#1799,1.);
#519=VECTOR('',#1802,1.);
#520=VECTOR('',#1805,1.);
#521=VECTOR('',#1806,1.);
#522=VECTOR('',#1807,1.);
#523=VECTOR('',#1808,1.);
#524=VECTOR('',#1811,1.);
#525=VECTOR('',#1812,1.);
#526=VECTOR('',#1813,1.);
#527=VECTOR('',#1816,1.);
#528=VECTOR('',#1817,1.);
#529=VECTOR('',#1818,1.);
#530=VECTOR('',#1821,1.);
#531=VECTOR('',#1824,1.);
#532=VECTOR('',#1825,1.);
#533=VECTOR('',#1826,1.);
#534=VECTOR('',#1827,1.);
#535=VECTOR('',#1830,1.);
#536=VECTOR('',#1831,1.);
#537=VECTOR('',#1832,1.);
#538=VECTOR('',#1835,1.);
#539=VECTOR('',#1836,1.);
#540=VECTOR('',#1837,1.);
#541=VECTOR('',#1840,1.);
#542=VECTOR('',#1843,1.);
#543=VECTOR('',#1844,1.);
#544=VECTOR('',#1845,1.);
#545=VECTOR('',#1846,1.);
#546=VECTOR('',#1849,1.);
#547=VECTOR('',#1850,1.);
#548=VECTOR('',#1851,1.);
#549=VECTOR('',#1854,1.);
#550=VECTOR('',#1855,1.);
#551=VECTOR('',#1856,1.);
#552=VECTOR('',#1859,1.);
#553=VECTOR('',#1862,1.);
#554=VECTOR('',#1863,1.);
#555=VECTOR('',#1864,1.);
#556=VECTOR('',#1865,1.);
#557=VECTOR('',#1868,1.);
#558=VECTOR('',#1869,1.);
#559=VECTOR('',#1870,1.);
#560=VECTOR('',#1873,1.);
#561=VECTOR('',#1874,1.);
#562=VECTOR('',#1875,1.);
#563=VECTOR('',#1878,1.);
#564=VECTOR('',#1881,1.);
#565=VECTOR('',#1882,1.);
#566=VECTOR('',#1883,1.);
#567=VECTOR('',#1884,1.);
#568=VECTOR('',#1887,1.);
#569=VECTOR('',#1888,1.);
#570=VECTOR('',#1889,1.);
#571=VECTOR('',#1892,1.);
#572=VECTOR('',#1893,1.);
#573=VECTOR('',#1894,1.);
#574=VECTOR('',#1897,1.);
#575=VECTOR('',#1900,1.);
#576=VECTOR('',#1901,1.);
#577=VECTOR('',#1902,1.);
#578=VECTOR('',#1903,1.);
#579=VECTOR('',#1906,1.);
#580=VECTOR('',#1907,1.);
#581=VECTOR('',#1908,1.);
#582=VECTOR('',#1909,1.);
#583=VECTOR('',#1910,1.);
#584=VECTOR('',#1911,1.);
#585=VECTOR('',#1912,1.);
#586=VECTOR('',#1913,1.);
#587=VECTOR('',#1916,1.);
#588=VECTOR('',#1917,1.);
#589=VECTOR('',#1918,1.);
#590=VECTOR('',#1921,1.);
#591=VECTOR('',#1922,1.);
#592=VECTOR('',#1923,1.);
#593=VECTOR('',#1924,1.);
#594=VECTOR('',#1925,1.);
#595=VECTOR('',#1926,1.);
#596=VECTOR('',#1927,1.);
#597=CIRCLE('',#1469,0.5);
#598=CIRCLE('',#1470,0.5);
#599=CIRCLE('',#1474,0.5);
#600=CIRCLE('',#1475,0.5);
#601=CIRCLE('',#1477,0.5);
#602=CIRCLE('',#1478,0.5);
#603=CIRCLE('',#1482,0.5);
#604=CIRCLE('',#1483,0.5);
#605=CIRCLE('',#1486,0.5);
#606=CIRCLE('',#1487,0.5);
#607=CIRCLE('',#1490,0.5);
#608=CIRCLE('',#1491,0.5);
#609=CIRCLE('',#1493,0.5);
#610=CIRCLE('',#1494,0.5);
#611=CIRCLE('',#1498,0.5);
#612=CIRCLE('',#1499,0.5);
#613=CIRCLE('',#1501,0.5);
#614=CIRCLE('',#1502,0.5);
#615=CIRCLE('',#1506,0.5);
#616=CIRCLE('',#1507,0.5);
#617=CIRCLE('',#1510,0.5);
#618=CIRCLE('',#1511,0.5);
#619=CIRCLE('',#1514,0.5);
#620=CIRCLE('',#1515,0.5);
#621=VERTEX_POINT('',#1934);
#622=VERTEX_POINT('',#1935);
#623=VERTEX_POINT('',#1937);
#624=VERTEX_POINT('',#1939);
#625=VERTEX_POINT('',#1943);
#626=VERTEX_POINT('',#1945);
#627=VERTEX_POINT('',#1949);
#628=VERTEX_POINT('',#1951);
#629=VERTEX_POINT('',#1958);
#630=VERTEX_POINT('',#1959);
#631=VERTEX_POINT('',#1961);
#632=VERTEX_POINT('',#1963);
#633=VERTEX_POINT('',#1967);
#634=VERTEX_POINT('',#1969);
#635=VERTEX_POINT('',#1973);
#636=VERTEX_POINT('',#1975);
#637=VERTEX_POINT('',#1982);
#638=VERTEX_POINT('',#1983);
#639=VERTEX_POINT('',#1985);
#640=VERTEX_POINT('',#1987);
#641=VERTEX_POINT('',#1991);
#642=VERTEX_POINT('',#1993);
#643=VERTEX_POINT('',#1997);
#644=VERTEX_POINT('',#1999);
#645=VERTEX_POINT('',#2006);
#646=VERTEX_POINT('',#2007);
#647=VERTEX_POINT('',#2009);
#648=VERTEX_POINT('',#2011);
#649=VERTEX_POINT('',#2015);
#650=VERTEX_POINT('',#2017);
#651=VERTEX_POINT('',#2021);
#652=VERTEX_POINT('',#2023);
#653=VERTEX_POINT('',#2030);
#654=VERTEX_POINT('',#2031);
#655=VERTEX_POINT('',#2033);
#656=VERTEX_POINT('',#2035);
#657=VERTEX_POINT('',#2039);
#658=VERTEX_POINT('',#2041);
#659=VERTEX_POINT('',#2045);
#660=VERTEX_POINT('',#2047);
#661=VERTEX_POINT('',#2054);
#662=VERTEX_POINT('',#2055);
#663=VERTEX_POINT('',#2057);
#664=VERTEX_POINT('',#2059);
#665=VERTEX_POINT('',#2063);
#666=VERTEX_POINT('',#2065);
#667=VERTEX_POINT('',#2069);
#668=VERTEX_POINT('',#2071);
#669=VERTEX_POINT('',#2078);
#670=VERTEX_POINT('',#2079);
#671=VERTEX_POINT('',#2081);
#672=VERTEX_POINT('',#2083);
#673=VERTEX_POINT('',#2087);
#674=VERTEX_POINT('',#2089);
#675=VERTEX_POINT('',#2093);
#676=VERTEX_POINT('',#2095);
#677=VERTEX_POINT('',#2101);
#678=VERTEX_POINT('',#2102);
#679=VERTEX_POINT('',#2104);
#680=VERTEX_POINT('',#2106);
#681=VERTEX_POINT('',#2110);
#682=VERTEX_POINT('',#2112);
#683=VERTEX_POINT('',#2116);
#684=VERTEX_POINT('',#2118);
#685=VERTEX_POINT('',#2124);
#686=VERTEX_POINT('',#2125);
#687=VERTEX_POINT('',#2127);
#688=VERTEX_POINT('',#2129);
#689=VERTEX_POINT('',#2133);
#690=VERTEX_POINT('',#2135);
#691=VERTEX_POINT('',#2139);
#692=VERTEX_POINT('',#2141);
#693=VERTEX_POINT('',#2147);
#694=VERTEX_POINT('',#2148);
#695=VERTEX_POINT('',#2150);
#696=VERTEX_POINT('',#2152);
#697=VERTEX_POINT('',#2156);
#698=VERTEX_POINT('',#2158);
#699=VERTEX_POINT('',#2162);
#700=VERTEX_POINT('',#2164);
#701=VERTEX_POINT('',#2170);
#702=VERTEX_POINT('',#2171);
#703=VERTEX_POINT('',#2173);
#704=VERTEX_POINT('',#2175);
#705=VERTEX_POINT('',#2179);
#706=VERTEX_POINT('',#2181);
#707=VERTEX_POINT('',#2185);
#708=VERTEX_POINT('',#2187);
#709=VERTEX_POINT('',#2193);
#710=VERTEX_POINT('',#2194);
#711=VERTEX_POINT('',#2196);
#712=VERTEX_POINT('',#2198);
#713=VERTEX_POINT('',#2202);
#714=VERTEX_POINT('',#2204);
#715=VERTEX_POINT('',#2208);
#716=VERTEX_POINT('',#2210);
#717=VERTEX_POINT('',#2216);
#718=VERTEX_POINT('',#2217);
#719=VERTEX_POINT('',#2219);
#720=VERTEX_POINT('',#2221);
#721=VERTEX_POINT('',#2225);
#722=VERTEX_POINT('',#2227);
#723=VERTEX_POINT('',#2231);
#724=VERTEX_POINT('',#2233);
#725=VERTEX_POINT('',#2239);
#726=VERTEX_POINT('',#2240);
#727=VERTEX_POINT('',#2242);
#728=VERTEX_POINT('',#2244);
#729=VERTEX_POINT('',#2248);
#730=VERTEX_POINT('',#2250);
#731=VERTEX_POINT('',#2254);
#732=VERTEX_POINT('',#2256);
#733=VERTEX_POINT('',#2262);
#734=VERTEX_POINT('',#2263);
#735=VERTEX_POINT('',#2265);
#736=VERTEX_POINT('',#2267);
#737=VERTEX_POINT('',#2271);
#738=VERTEX_POINT('',#2273);
#739=VERTEX_POINT('',#2277);
#740=VERTEX_POINT('',#2279);
#741=VERTEX_POINT('',#2285);
#742=VERTEX_POINT('',#2286);
#743=VERTEX_POINT('',#2288);
#744=VERTEX_POINT('',#2290);
#745=VERTEX_POINT('',#2294);
#746=VERTEX_POINT('',#2296);
#747=VERTEX_POINT('',#2300);
#748=VERTEX_POINT('',#2302);
#749=VERTEX_POINT('',#2308);
#750=VERTEX_POINT('',#2309);
#751=VERTEX_POINT('',#2311);
#752=VERTEX_POINT('',#2313);
#753=VERTEX_POINT('',#2322);
#754=VERTEX_POINT('',#2324);
#755=VERTEX_POINT('',#2328);
#756=VERTEX_POINT('',#2330);
#757=EDGE_CURVE('',#621,#622,#597,.T.);
#758=EDGE_CURVE('',#622,#623,#237,.T.);
#759=EDGE_CURVE('',#623,#624,#598,.T.);
#760=EDGE_CURVE('',#624,#621,#238,.T.);
#761=EDGE_CURVE('',#625,#622,#239,.T.);
#762=EDGE_CURVE('',#626,#625,#240,.T.);
#763=EDGE_CURVE('',#623,#626,#241,.T.);
#764=EDGE_CURVE('',#627,#624,#242,.T.);
#765=EDGE_CURVE('',#628,#627,#243,.T.);
#766=EDGE_CURVE('',#621,#628,#244,.T.);
#767=EDGE_CURVE('',#625,#628,#599,.T.);
#768=EDGE_CURVE('',#627,#626,#600,.T.);
#769=EDGE_CURVE('',#629,#630,#601,.T.);
#770=EDGE_CURVE('',#630,#631,#245,.T.);
#771=EDGE_CURVE('',#631,#632,#602,.T.);
#772=EDGE_CURVE('',#632,#629,#246,.T.);
#773=EDGE_CURVE('',#633,#630,#247,.T.);
#774=EDGE_CURVE('',#634,#633,#248,.T.);
#775=EDGE_CURVE('',#631,#634,#249,.T.);
#776=EDGE_CURVE('',#635,#632,#250,.T.);
#777=EDGE_CURVE('',#636,#635,#251,.T.);
#778=EDGE_CURVE('',#629,#636,#252,.T.);
#779=EDGE_CURVE('',#633,#636,#603,.T.);
#780=EDGE_CURVE('',#635,#634,#604,.T.);
#781=EDGE_CURVE('',#637,#638,#253,.T.);
#782=EDGE_CURVE('',#639,#637,#254,.T.);
#783=EDGE_CURVE('',#640,#639,#255,.T.);
#784=EDGE_CURVE('',#638,#640,#256,.T.);
#785=EDGE_CURVE('',#641,#637,#605,.T.);
#786=EDGE_CURVE('',#638,#642,#606,.T.);
#787=EDGE_CURVE('',#642,#641,#257,.T.);
#788=EDGE_CURVE('',#643,#642,#258,.T.);
#789=EDGE_CURVE('',#644,#643,#259,.T.);
#790=EDGE_CURVE('',#641,#644,#260,.T.);
#791=EDGE_CURVE('',#639,#644,#607,.T.);
#792=EDGE_CURVE('',#643,#640,#608,.T.);
#793=EDGE_CURVE('',#645,#646,#609,.T.);
#794=EDGE_CURVE('',#646,#647,#261,.T.);
#795=EDGE_CURVE('',#647,#648,#610,.T.);
#796=EDGE_CURVE('',#648,#645,#262,.T.);
#797=EDGE_CURVE('',#649,#646,#263,.T.);
#798=EDGE_CURVE('',#650,#649,#264,.T.);
#799=EDGE_CURVE('',#647,#650,#265,.T.);
#800=EDGE_CURVE('',#651,#648,#266,.T.);
#801=EDGE_CURVE('',#652,#651,#267,.T.);
#802=EDGE_CURVE('',#645,#652,#268,.T.);
#803=EDGE_CURVE('',#649,#652,#611,.T.);
#804=EDGE_CURVE('',#651,#650,#612,.T.);
#805=EDGE_CURVE('',#653,#654,#613,.T.);
#806=EDGE_CURVE('',#654,#655,#269,.T.);
#807=EDGE_CURVE('',#655,#656,#614,.T.);
#808=EDGE_CURVE('',#656,#653,#270,.T.);
#809=EDGE_CURVE('',#657,#654,#271,.T.);
#810=EDGE_CURVE('',#658,#657,#272,.T.);
#811=EDGE_CURVE('',#655,#658,#273,.T.);
#812=EDGE_CURVE('',#659,#656,#274,.T.);
#813=EDGE_CURVE('',#660,#659,#275,.T.);
#814=EDGE_CURVE('',#653,#660,#276,.T.);
#815=EDGE_CURVE('',#657,#660,#615,.T.);
#816=EDGE_CURVE('',#659,#658,#616,.T.);
#817=EDGE_CURVE('',#661,#662,#277,.T.);
#818=EDGE_CURVE('',#663,#661,#278,.T.);
#819=EDGE_CURVE('',#664,#663,#279,.T.);
#820=EDGE_CURVE('',#662,#664,#280,.T.);
#821=EDGE_CURVE('',#665,#661,#617,.T.);
#822=EDGE_CURVE('',#662,#666,#618,.T.);
#823=EDGE_CURVE('',#666,#665,#281,.T.);
#824=EDGE_CURVE('',#667,#666,#282,.T.);
#825=EDGE_CURVE('',#668,#667,#283,.T.);
#826=EDGE_CURVE('',#665,#668,#284,.T.);
#827=EDGE_CURVE('',#663,#668,#619,.T.);
#828=EDGE_CURVE('',#667,#664,#620,.T.);
#829=EDGE_CURVE('',#669,#670,#285,.T.);
#830=EDGE_CURVE('',#670,#671,#286,.T.);
#831=EDGE_CURVE('',#672,#671,#287,.T.);
#832=EDGE_CURVE('',#669,#672,#288,.T.);
#833=EDGE_CURVE('',#673,#669,#289,.T.);
#834=EDGE_CURVE('',#674,#672,#290,.T.);
#835=EDGE_CURVE('',#673,#674,#291,.T.);
#836=EDGE_CURVE('',#670,#675,#292,.T.);
#837=EDGE_CURVE('',#675,#676,#293,.T.);
#838=EDGE_CURVE('',#671,#676,#294,.T.);
#839=EDGE_CURVE('',#675,#673,#295,.T.);
#840=EDGE_CURVE('',#677,#678,#296,.T.);
#841=EDGE_CURVE('',#678,#679,#297,.T.);
#842=EDGE_CURVE('',#680,#679,#298,.T.);
#843=EDGE_CURVE('',#677,#680,#299,.T.);
#844=EDGE_CURVE('',#681,#677,#300,.T.);
#845=EDGE_CURVE('',#682,#680,#301,.T.);
#846=EDGE_CURVE('',#681,#682,#302,.T.);
#847=EDGE_CURVE('',#678,#683,#303,.T.);
#848=EDGE_CURVE('',#683,#684,#304,.T.);
#849=EDGE_CURVE('',#679,#684,#305,.T.);
#850=EDGE_CURVE('',#683,#681,#306,.T.);
#851=EDGE_CURVE('',#685,#686,#307,.T.);
#852=EDGE_CURVE('',#686,#687,#308,.T.);
#853=EDGE_CURVE('',#688,#687,#309,.T.);
#854=EDGE_CURVE('',#685,#688,#310,.T.);
#855=EDGE_CURVE('',#689,#685,#311,.T.);
#856=EDGE_CURVE('',#690,#688,#312,.T.);
#857=EDGE_CURVE('',#689,#690,#313,.T.);
#858=EDGE_CURVE('',#686,#691,#314,.T.);
#859=EDGE_CURVE('',#691,#692,#315,.T.);
#860=EDGE_CURVE('',#687,#692,#316,.T.);
#861=EDGE_CURVE('',#691,#689,#317,.T.);
#862=EDGE_CURVE('',#693,#694,#318,.T.);
#863=EDGE_CURVE('',#694,#695,#319,.T.);
#864=EDGE_CURVE('',#696,#695,#320,.T.);
#865=EDGE_CURVE('',#693,#696,#321,.T.);
#866=EDGE_CURVE('',#697,#693,#322,.T.);
#867=EDGE_CURVE('',#698,#696,#323,.T.);
#868=EDGE_CURVE('',#697,#698,#324,.T.);
#869=EDGE_CURVE('',#694,#699,#325,.T.);
#870=EDGE_CURVE('',#699,#700,#326,.T.);
#871=EDGE_CURVE('',#695,#700,#327,.T.);
#872=EDGE_CURVE('',#699,#697,#328,.T.);
#873=EDGE_CURVE('',#701,#702,#329,.T.);
#874=EDGE_CURVE('',#702,#703,#330,.T.);
#875=EDGE_CURVE('',#704,#703,#331,.T.);
#876=EDGE_CURVE('',#701,#704,#332,.T.);
#877=EDGE_CURVE('',#705,#701,#333,.T.);
#878=EDGE_CURVE('',#706,#704,#334,.T.);
#879=EDGE_CURVE('',#705,#706,#335,.T.);
#880=EDGE_CURVE('',#702,#707,#336,.T.);
#881=EDGE_CURVE('',#707,#708,#337,.T.);
#882=EDGE_CURVE('',#703,#708,#338,.T.);
#883=EDGE_CURVE('',#707,#705,#339,.T.);
#884=EDGE_CURVE('',#709,#710,#340,.T.);
#885=EDGE_CURVE('',#709,#711,#341,.T.);
#886=EDGE_CURVE('',#712,#711,#342,.T.);
#887=EDGE_CURVE('',#710,#712,#343,.T.);
#888=EDGE_CURVE('',#710,#713,#344,.T.);
#889=EDGE_CURVE('',#714,#712,#345,.T.);
#890=EDGE_CURVE('',#713,#714,#346,.T.);
#891=EDGE_CURVE('',#715,#709,#347,.T.);
#892=EDGE_CURVE('',#715,#716,#348,.T.);
#893=EDGE_CURVE('',#711,#716,#349,.T.);
#894=EDGE_CURVE('',#716,#714,#350,.T.);
#895=EDGE_CURVE('',#717,#718,#351,.T.);
#896=EDGE_CURVE('',#717,#719,#352,.T.);
#897=EDGE_CURVE('',#720,#719,#353,.T.);
#898=EDGE_CURVE('',#718,#720,#354,.T.);
#899=EDGE_CURVE('',#718,#721,#355,.T.);
#900=EDGE_CURVE('',#722,#720,#356,.T.);
#901=EDGE_CURVE('',#721,#722,#357,.T.);
#902=EDGE_CURVE('',#723,#717,#358,.T.);
#903=EDGE_CURVE('',#723,#724,#359,.T.);
#904=EDGE_CURVE('',#719,#724,#360,.T.);
#905=EDGE_CURVE('',#724,#722,#361,.T.);
#906=EDGE_CURVE('',#725,#726,#362,.T.);
#907=EDGE_CURVE('',#725,#727,#363,.T.);
#908=EDGE_CURVE('',#728,#727,#364,.T.);
#909=EDGE_CURVE('',#726,#728,#365,.T.);
#910=EDGE_CURVE('',#726,#729,#366,.T.);
#911=EDGE_CURVE('',#730,#728,#367,.T.);
#912=EDGE_CURVE('',#729,#730,#368,.T.);
#913=EDGE_CURVE('',#731,#725,#369,.T.);
#914=EDGE_CURVE('',#731,#732,#370,.T.);
#915=EDGE_CURVE('',#727,#732,#371,.T.);
#916=EDGE_CURVE('',#732,#730,#372,.T.);
#917=EDGE_CURVE('',#733,#734,#373,.T.);
#918=EDGE_CURVE('',#733,#735,#374,.T.);
#919=EDGE_CURVE('',#736,#735,#375,.T.);
#920=EDGE_CURVE('',#734,#736,#376,.T.);
#921=EDGE_CURVE('',#734,#737,#377,.T.);
#922=EDGE_CURVE('',#738,#736,#378,.T.);
#923=EDGE_CURVE('',#737,#738,#379,.T.);
#924=EDGE_CURVE('',#739,#733,#380,.T.);
#925=EDGE_CURVE('',#739,#740,#381,.T.);
#926=EDGE_CURVE('',#735,#740,#382,.T.);
#927=EDGE_CURVE('',#740,#738,#383,.T.);
#928=EDGE_CURVE('',#741,#742,#384,.T.);
#929=EDGE_CURVE('',#741,#743,#385,.T.);
#930=EDGE_CURVE('',#744,#743,#386,.T.);
#931=EDGE_CURVE('',#742,#744,#387,.T.);
#932=EDGE_CURVE('',#742,#745,#388,.T.);
#933=EDGE_CURVE('',#746,#744,#389,.T.);
#934=EDGE_CURVE('',#745,#746,#390,.T.);
#935=EDGE_CURVE('',#747,#741,#391,.T.);
#936=EDGE_CURVE('',#747,#748,#392,.T.);
#937=EDGE_CURVE('',#743,#748,#393,.T.);
#938=EDGE_CURVE('',#748,#746,#394,.T.);
#939=EDGE_CURVE('',#749,#750,#395,.T.);
#940=EDGE_CURVE('',#750,#751,#396,.T.);
#941=EDGE_CURVE('',#752,#751,#397,.T.);
#942=EDGE_CURVE('',#749,#752,#398,.T.);
#943=EDGE_CURVE('',#676,#682,#399,.T.);
#944=EDGE_CURVE('',#684,#690,#400,.T.);
#945=EDGE_CURVE('',#692,#698,#401,.T.);
#946=EDGE_CURVE('',#700,#706,#402,.T.);
#947=EDGE_CURVE('',#708,#749,#403,.T.);
#948=EDGE_CURVE('',#753,#752,#404,.T.);
#949=EDGE_CURVE('',#754,#753,#405,.T.);
#950=EDGE_CURVE('',#754,#674,#406,.T.);
#951=EDGE_CURVE('',#755,#754,#407,.T.);
#952=EDGE_CURVE('',#756,#753,#408,.T.);
#953=EDGE_CURVE('',#755,#756,#409,.T.);
#954=EDGE_CURVE('',#713,#755,#410,.T.);
#955=EDGE_CURVE('',#751,#756,#411,.T.);
#956=EDGE_CURVE('',#750,#747,#412,.T.);
#957=EDGE_CURVE('',#745,#739,#413,.T.);
#958=EDGE_CURVE('',#737,#731,#414,.T.);
#959=EDGE_CURVE('',#729,#723,#415,.T.);
#960=EDGE_CURVE('',#721,#715,#416,.T.);
#961=ORIENTED_EDGE('',*,*,#757,.T.);
#962=ORIENTED_EDGE('',*,*,#758,.T.);
#963=ORIENTED_EDGE('',*,*,#759,.T.);
#964=ORIENTED_EDGE('',*,*,#760,.T.);
#965=ORIENTED_EDGE('',*,*,#758,.F.);
#966=ORIENTED_EDGE('',*,*,#761,.F.);
#967=ORIENTED_EDGE('',*,*,#762,.F.);
#968=ORIENTED_EDGE('',*,*,#763,.F.);
#969=ORIENTED_EDGE('',*,*,#760,.F.);
#970=ORIENTED_EDGE('',*,*,#764,.F.);
#971=ORIENTED_EDGE('',*,*,#765,.F.);
#972=ORIENTED_EDGE('',*,*,#766,.F.);
#973=ORIENTED_EDGE('',*,*,#767,.T.);
#974=ORIENTED_EDGE('',*,*,#765,.T.);
#975=ORIENTED_EDGE('',*,*,#768,.T.);
#976=ORIENTED_EDGE('',*,*,#762,.T.);
#977=ORIENTED_EDGE('',*,*,#769,.T.);
#978=ORIENTED_EDGE('',*,*,#770,.T.);
#979=ORIENTED_EDGE('',*,*,#771,.T.);
#980=ORIENTED_EDGE('',*,*,#772,.T.);
#981=ORIENTED_EDGE('',*,*,#770,.F.);
#982=ORIENTED_EDGE('',*,*,#773,.F.);
#983=ORIENTED_EDGE('',*,*,#774,.F.);
#984=ORIENTED_EDGE('',*,*,#775,.F.);
#985=ORIENTED_EDGE('',*,*,#772,.F.);
#986=ORIENTED_EDGE('',*,*,#776,.F.);
#987=ORIENTED_EDGE('',*,*,#777,.F.);
#988=ORIENTED_EDGE('',*,*,#778,.F.);
#989=ORIENTED_EDGE('',*,*,#779,.T.);
#990=ORIENTED_EDGE('',*,*,#777,.T.);
#991=ORIENTED_EDGE('',*,*,#780,.T.);
#992=ORIENTED_EDGE('',*,*,#774,.T.);
#993=ORIENTED_EDGE('',*,*,#781,.F.);
#994=ORIENTED_EDGE('',*,*,#782,.F.);
#995=ORIENTED_EDGE('',*,*,#783,.F.);
#996=ORIENTED_EDGE('',*,*,#784,.F.);
#997=ORIENTED_EDGE('',*,*,#785,.T.);
#998=ORIENTED_EDGE('',*,*,#781,.T.);
#999=ORIENTED_EDGE('',*,*,#786,.T.);
#1000=ORIENTED_EDGE('',*,*,#787,.T.);
#1001=ORIENTED_EDGE('',*,*,#787,.F.);
#1002=ORIENTED_EDGE('',*,*,#788,.F.);
#1003=ORIENTED_EDGE('',*,*,#789,.F.);
#1004=ORIENTED_EDGE('',*,*,#790,.F.);
#1005=ORIENTED_EDGE('',*,*,#791,.T.);
#1006=ORIENTED_EDGE('',*,*,#789,.T.);
#1007=ORIENTED_EDGE('',*,*,#792,.T.);
#1008=ORIENTED_EDGE('',*,*,#783,.T.);
#1009=ORIENTED_EDGE('',*,*,#793,.T.);
#1010=ORIENTED_EDGE('',*,*,#794,.T.);
#1011=ORIENTED_EDGE('',*,*,#795,.T.);
#1012=ORIENTED_EDGE('',*,*,#796,.T.);
#1013=ORIENTED_EDGE('',*,*,#794,.F.);
#1014=ORIENTED_EDGE('',*,*,#797,.F.);
#1015=ORIENTED_EDGE('',*,*,#798,.F.);
#1016=ORIENTED_EDGE('',*,*,#799,.F.);
#1017=ORIENTED_EDGE('',*,*,#796,.F.);
#1018=ORIENTED_EDGE('',*,*,#800,.F.);
#1019=ORIENTED_EDGE('',*,*,#801,.F.);
#1020=ORIENTED_EDGE('',*,*,#802,.F.);
#1021=ORIENTED_EDGE('',*,*,#803,.T.);
#1022=ORIENTED_EDGE('',*,*,#801,.T.);
#1023=ORIENTED_EDGE('',*,*,#804,.T.);
#1024=ORIENTED_EDGE('',*,*,#798,.T.);
#1025=ORIENTED_EDGE('',*,*,#805,.T.);
#1026=ORIENTED_EDGE('',*,*,#806,.T.);
#1027=ORIENTED_EDGE('',*,*,#807,.T.);
#1028=ORIENTED_EDGE('',*,*,#808,.T.);
#1029=ORIENTED_EDGE('',*,*,#806,.F.);
#1030=ORIENTED_EDGE('',*,*,#809,.F.);
#1031=ORIENTED_EDGE('',*,*,#810,.F.);
#1032=ORIENTED_EDGE('',*,*,#811,.F.);
#1033=ORIENTED_EDGE('',*,*,#808,.F.);
#1034=ORIENTED_EDGE('',*,*,#812,.F.);
#1035=ORIENTED_EDGE('',*,*,#813,.F.);
#1036=ORIENTED_EDGE('',*,*,#814,.F.);
#1037=ORIENTED_EDGE('',*,*,#815,.T.);
#1038=ORIENTED_EDGE('',*,*,#813,.T.);
#1039=ORIENTED_EDGE('',*,*,#816,.T.);
#1040=ORIENTED_EDGE('',*,*,#810,.T.);
#1041=ORIENTED_EDGE('',*,*,#817,.F.);
#1042=ORIENTED_EDGE('',*,*,#818,.F.);
#1043=ORIENTED_EDGE('',*,*,#819,.F.);
#1044=ORIENTED_EDGE('',*,*,#820,.F.);
#1045=ORIENTED_EDGE('',*,*,#821,.T.);
#1046=ORIENTED_EDGE('',*,*,#817,.T.);
#1047=ORIENTED_EDGE('',*,*,#822,.T.);
#1048=ORIENTED_EDGE('',*,*,#823,.T.);
#1049=ORIENTED_EDGE('',*,*,#823,.F.);
#1050=ORIENTED_EDGE('',*,*,#824,.F.);
#1051=ORIENTED_EDGE('',*,*,#825,.F.);
#1052=ORIENTED_EDGE('',*,*,#826,.F.);
#1053=ORIENTED_EDGE('',*,*,#827,.T.);
#1054=ORIENTED_EDGE('',*,*,#825,.T.);
#1055=ORIENTED_EDGE('',*,*,#828,.T.);
#1056=ORIENTED_EDGE('',*,*,#819,.T.);
#1057=ORIENTED_EDGE('',*,*,#829,.T.);
#1058=ORIENTED_EDGE('',*,*,#830,.T.);
#1059=ORIENTED_EDGE('',*,*,#831,.F.);
#1060=ORIENTED_EDGE('',*,*,#832,.F.);
#1061=ORIENTED_EDGE('',*,*,#833,.T.);
#1062=ORIENTED_EDGE('',*,*,#832,.T.);
#1063=ORIENTED_EDGE('',*,*,#834,.F.);
#1064=ORIENTED_EDGE('',*,*,#835,.F.);
#1065=ORIENTED_EDGE('',*,*,#836,.T.);
#1066=ORIENTED_EDGE('',*,*,#837,.T.);
#1067=ORIENTED_EDGE('',*,*,#838,.F.);
#1068=ORIENTED_EDGE('',*,*,#830,.F.);
#1069=ORIENTED_EDGE('',*,*,#836,.F.);
#1070=ORIENTED_EDGE('',*,*,#829,.F.);
#1071=ORIENTED_EDGE('',*,*,#833,.F.);
#1072=ORIENTED_EDGE('',*,*,#839,.F.);
#1073=ORIENTED_EDGE('',*,*,#840,.T.);
#1074=ORIENTED_EDGE('',*,*,#841,.T.);
#1075=ORIENTED_EDGE('',*,*,#842,.F.);
#1076=ORIENTED_EDGE('',*,*,#843,.F.);
#1077=ORIENTED_EDGE('',*,*,#844,.T.);
#1078=ORIENTED_EDGE('',*,*,#843,.T.);
#1079=ORIENTED_EDGE('',*,*,#845,.F.);
#1080=ORIENTED_EDGE('',*,*,#846,.F.);
#1081=ORIENTED_EDGE('',*,*,#847,.T.);
#1082=ORIENTED_EDGE('',*,*,#848,.T.);
#1083=ORIENTED_EDGE('',*,*,#849,.F.);
#1084=ORIENTED_EDGE('',*,*,#841,.F.);
#1085=ORIENTED_EDGE('',*,*,#847,.F.);
#1086=ORIENTED_EDGE('',*,*,#840,.F.);
#1087=ORIENTED_EDGE('',*,*,#844,.F.);
#1088=ORIENTED_EDGE('',*,*,#850,.F.);
#1089=ORIENTED_EDGE('',*,*,#851,.T.);
#1090=ORIENTED_EDGE('',*,*,#852,.T.);
#1091=ORIENTED_EDGE('',*,*,#853,.F.);
#1092=ORIENTED_EDGE('',*,*,#854,.F.);
#1093=ORIENTED_EDGE('',*,*,#855,.T.);
#1094=ORIENTED_EDGE('',*,*,#854,.T.);
#1095=ORIENTED_EDGE('',*,*,#856,.F.);
#1096=ORIENTED_EDGE('',*,*,#857,.F.);
#1097=ORIENTED_EDGE('',*,*,#858,.T.);
#1098=ORIENTED_EDGE('',*,*,#859,.T.);
#1099=ORIENTED_EDGE('',*,*,#860,.F.);
#1100=ORIENTED_EDGE('',*,*,#852,.F.);
#1101=ORIENTED_EDGE('',*,*,#858,.F.);
#1102=ORIENTED_EDGE('',*,*,#851,.F.);
#1103=ORIENTED_EDGE('',*,*,#855,.F.);
#1104=ORIENTED_EDGE('',*,*,#861,.F.);
#1105=ORIENTED_EDGE('',*,*,#862,.T.);
#1106=ORIENTED_EDGE('',*,*,#863,.T.);
#1107=ORIENTED_EDGE('',*,*,#864,.F.);
#1108=ORIENTED_EDGE('',*,*,#865,.F.);
#1109=ORIENTED_EDGE('',*,*,#866,.T.);
#1110=ORIENTED_EDGE('',*,*,#865,.T.);
#1111=ORIENTED_EDGE('',*,*,#867,.F.);
#1112=ORIENTED_EDGE('',*,*,#868,.F.);
#1113=ORIENTED_EDGE('',*,*,#869,.T.);
#1114=ORIENTED_EDGE('',*,*,#870,.T.);
#1115=ORIENTED_EDGE('',*,*,#871,.F.);
#1116=ORIENTED_EDGE('',*,*,#863,.F.);
#1117=ORIENTED_EDGE('',*,*,#869,.F.);
#1118=ORIENTED_EDGE('',*,*,#862,.F.);
#1119=ORIENTED_EDGE('',*,*,#866,.F.);
#1120=ORIENTED_EDGE('',*,*,#872,.F.);
#1121=ORIENTED_EDGE('',*,*,#873,.T.);
#1122=ORIENTED_EDGE('',*,*,#874,.T.);
#1123=ORIENTED_EDGE('',*,*,#875,.F.);
#1124=ORIENTED_EDGE('',*,*,#876,.F.);
#1125=ORIENTED_EDGE('',*,*,#877,.T.);
#1126=ORIENTED_EDGE('',*,*,#876,.T.);
#1127=ORIENTED_EDGE('',*,*,#878,.F.);
#1128=ORIENTED_EDGE('',*,*,#879,.F.);
#1129=ORIENTED_EDGE('',*,*,#880,.T.);
#1130=ORIENTED_EDGE('',*,*,#881,.T.);
#1131=ORIENTED_EDGE('',*,*,#882,.F.);
#1132=ORIENTED_EDGE('',*,*,#874,.F.);
#1133=ORIENTED_EDGE('',*,*,#880,.F.);
#1134=ORIENTED_EDGE('',*,*,#873,.F.);
#1135=ORIENTED_EDGE('',*,*,#877,.F.);
#1136=ORIENTED_EDGE('',*,*,#883,.F.);
#1137=ORIENTED_EDGE('',*,*,#884,.F.);
#1138=ORIENTED_EDGE('',*,*,#885,.T.);
#1139=ORIENTED_EDGE('',*,*,#886,.F.);
#1140=ORIENTED_EDGE('',*,*,#887,.F.);
#1141=ORIENTED_EDGE('',*,*,#888,.F.);
#1142=ORIENTED_EDGE('',*,*,#887,.T.);
#1143=ORIENTED_EDGE('',*,*,#889,.F.);
#1144=ORIENTED_EDGE('',*,*,#890,.F.);
#1145=ORIENTED_EDGE('',*,*,#891,.F.);
#1146=ORIENTED_EDGE('',*,*,#892,.T.);
#1147=ORIENTED_EDGE('',*,*,#893,.F.);
#1148=ORIENTED_EDGE('',*,*,#885,.F.);
#1149=ORIENTED_EDGE('',*,*,#893,.T.);
#1150=ORIENTED_EDGE('',*,*,#894,.T.);
#1151=ORIENTED_EDGE('',*,*,#889,.T.);
#1152=ORIENTED_EDGE('',*,*,#886,.T.);
#1153=ORIENTED_EDGE('',*,*,#895,.F.);
#1154=ORIENTED_EDGE('',*,*,#896,.T.);
#1155=ORIENTED_EDGE('',*,*,#897,.F.);
#1156=ORIENTED_EDGE('',*,*,#898,.F.);
#1157=ORIENTED_EDGE('',*,*,#899,.F.);
#1158=ORIENTED_EDGE('',*,*,#898,.T.);
#1159=ORIENTED_EDGE('',*,*,#900,.F.);
#1160=ORIENTED_EDGE('',*,*,#901,.F.);
#1161=ORIENTED_EDGE('',*,*,#902,.F.);
#1162=ORIENTED_EDGE('',*,*,#903,.T.);
#1163=ORIENTED_EDGE('',*,*,#904,.F.);
#1164=ORIENTED_EDGE('',*,*,#896,.F.);
#1165=ORIENTED_EDGE('',*,*,#904,.T.);
#1166=ORIENTED_EDGE('',*,*,#905,.T.);
#1167=ORIENTED_EDGE('',*,*,#900,.T.);
#1168=ORIENTED_EDGE('',*,*,#897,.T.);
#1169=ORIENTED_EDGE('',*,*,#906,.F.);
#1170=ORIENTED_EDGE('',*,*,#907,.T.);
#1171=ORIENTED_EDGE('',*,*,#908,.F.);
#1172=ORIENTED_EDGE('',*,*,#909,.F.);
#1173=ORIENTED_EDGE('',*,*,#910,.F.);
#1174=ORIENTED_EDGE('',*,*,#909,.T.);
#1175=ORIENTED_EDGE('',*,*,#911,.F.);
#1176=ORIENTED_EDGE('',*,*,#912,.F.);
#1177=ORIENTED_EDGE('',*,*,#913,.F.);
#1178=ORIENTED_EDGE('',*,*,#914,.T.);
#1179=ORIENTED_EDGE('',*,*,#915,.F.);
#1180=ORIENTED_EDGE('',*,*,#907,.F.);
#1181=ORIENTED_EDGE('',*,*,#915,.T.);
#1182=ORIENTED_EDGE('',*,*,#916,.T.);
#1183=ORIENTED_EDGE('',*,*,#911,.T.);
#1184=ORIENTED_EDGE('',*,*,#908,.T.);
#1185=ORIENTED_EDGE('',*,*,#917,.F.);
#1186=ORIENTED_EDGE('',*,*,#918,.T.);
#1187=ORIENTED_EDGE('',*,*,#919,.F.);
#1188=ORIENTED_EDGE('',*,*,#920,.F.);
#1189=ORIENTED_EDGE('',*,*,#921,.F.);
#1190=ORIENTED_EDGE('',*,*,#920,.T.);
#1191=ORIENTED_EDGE('',*,*,#922,.F.);
#1192=ORIENTED_EDGE('',*,*,#923,.F.);
#1193=ORIENTED_EDGE('',*,*,#924,.F.);
#1194=ORIENTED_EDGE('',*,*,#925,.T.);
#1195=ORIENTED_EDGE('',*,*,#926,.F.);
#1196=ORIENTED_EDGE('',*,*,#918,.F.);
#1197=ORIENTED_EDGE('',*,*,#926,.T.);
#1198=ORIENTED_EDGE('',*,*,#927,.T.);
#1199=ORIENTED_EDGE('',*,*,#922,.T.);
#1200=ORIENTED_EDGE('',*,*,#919,.T.);
#1201=ORIENTED_EDGE('',*,*,#928,.F.);
#1202=ORIENTED_EDGE('',*,*,#929,.T.);
#1203=ORIENTED_EDGE('',*,*,#930,.F.);
#1204=ORIENTED_EDGE('',*,*,#931,.F.);
#1205=ORIENTED_EDGE('',*,*,#932,.F.);
#1206=ORIENTED_EDGE('',*,*,#931,.T.);
#1207=ORIENTED_EDGE('',*,*,#933,.F.);
#1208=ORIENTED_EDGE('',*,*,#934,.F.);
#1209=ORIENTED_EDGE('',*,*,#935,.F.);
#1210=ORIENTED_EDGE('',*,*,#936,.T.);
#1211=ORIENTED_EDGE('',*,*,#937,.F.);
#1212=ORIENTED_EDGE('',*,*,#929,.F.);
#1213=ORIENTED_EDGE('',*,*,#937,.T.);
#1214=ORIENTED_EDGE('',*,*,#938,.T.);
#1215=ORIENTED_EDGE('',*,*,#933,.T.);
#1216=ORIENTED_EDGE('',*,*,#930,.T.);
#1217=ORIENTED_EDGE('',*,*,#939,.T.);
#1218=ORIENTED_EDGE('',*,*,#940,.T.);
#1219=ORIENTED_EDGE('',*,*,#941,.F.);
#1220=ORIENTED_EDGE('',*,*,#942,.F.);
#1221=ORIENTED_EDGE('',*,*,#838,.T.);
#1222=ORIENTED_EDGE('',*,*,#943,.T.);
#1223=ORIENTED_EDGE('',*,*,#845,.T.);
#1224=ORIENTED_EDGE('',*,*,#842,.T.);
#1225=ORIENTED_EDGE('',*,*,#849,.T.);
#1226=ORIENTED_EDGE('',*,*,#944,.T.);
#1227=ORIENTED_EDGE('',*,*,#856,.T.);
#1228=ORIENTED_EDGE('',*,*,#853,.T.);
#1229=ORIENTED_EDGE('',*,*,#860,.T.);
#1230=ORIENTED_EDGE('',*,*,#945,.T.);
#1231=ORIENTED_EDGE('',*,*,#867,.T.);
#1232=ORIENTED_EDGE('',*,*,#864,.T.);
#1233=ORIENTED_EDGE('',*,*,#871,.T.);
#1234=ORIENTED_EDGE('',*,*,#946,.T.);
#1235=ORIENTED_EDGE('',*,*,#878,.T.);
#1236=ORIENTED_EDGE('',*,*,#875,.T.);
#1237=ORIENTED_EDGE('',*,*,#882,.T.);
#1238=ORIENTED_EDGE('',*,*,#947,.T.);
#1239=ORIENTED_EDGE('',*,*,#942,.T.);
#1240=ORIENTED_EDGE('',*,*,#948,.F.);
#1241=ORIENTED_EDGE('',*,*,#949,.F.);
#1242=ORIENTED_EDGE('',*,*,#950,.T.);
#1243=ORIENTED_EDGE('',*,*,#834,.T.);
#1244=ORIENTED_EDGE('',*,*,#831,.T.);
#1245=ORIENTED_EDGE('',*,*,#951,.T.);
#1246=ORIENTED_EDGE('',*,*,#949,.T.);
#1247=ORIENTED_EDGE('',*,*,#952,.F.);
#1248=ORIENTED_EDGE('',*,*,#953,.F.);
#1249=ORIENTED_EDGE('',*,*,#888,.T.);
#1250=ORIENTED_EDGE('',*,*,#954,.T.);
#1251=ORIENTED_EDGE('',*,*,#953,.T.);
#1252=ORIENTED_EDGE('',*,*,#955,.F.);
#1253=ORIENTED_EDGE('',*,*,#940,.F.);
#1254=ORIENTED_EDGE('',*,*,#956,.T.);
#1255=ORIENTED_EDGE('',*,*,#935,.T.);
#1256=ORIENTED_EDGE('',*,*,#928,.T.);
#1257=ORIENTED_EDGE('',*,*,#932,.T.);
#1258=ORIENTED_EDGE('',*,*,#957,.T.);
#1259=ORIENTED_EDGE('',*,*,#924,.T.);
#1260=ORIENTED_EDGE('',*,*,#917,.T.);
#1261=ORIENTED_EDGE('',*,*,#921,.T.);
#1262=ORIENTED_EDGE('',*,*,#958,.T.);
#1263=ORIENTED_EDGE('',*,*,#913,.T.);
#1264=ORIENTED_EDGE('',*,*,#906,.T.);
#1265=ORIENTED_EDGE('',*,*,#910,.T.);
#1266=ORIENTED_EDGE('',*,*,#959,.T.);
#1267=ORIENTED_EDGE('',*,*,#902,.T.);
#1268=ORIENTED_EDGE('',*,*,#895,.T.);
#1269=ORIENTED_EDGE('',*,*,#899,.T.);
#1270=ORIENTED_EDGE('',*,*,#960,.T.);
#1271=ORIENTED_EDGE('',*,*,#891,.T.);
#1272=ORIENTED_EDGE('',*,*,#884,.T.);
#1273=ORIENTED_EDGE('',*,*,#955,.T.);
#1274=ORIENTED_EDGE('',*,*,#952,.T.);
#1275=ORIENTED_EDGE('',*,*,#948,.T.);
#1276=ORIENTED_EDGE('',*,*,#941,.T.);
#1277=ORIENTED_EDGE('',*,*,#757,.F.);
#1278=ORIENTED_EDGE('',*,*,#766,.T.);
#1279=ORIENTED_EDGE('',*,*,#767,.F.);
#1280=ORIENTED_EDGE('',*,*,#761,.T.);
#1281=ORIENTED_EDGE('',*,*,#769,.F.);
#1282=ORIENTED_EDGE('',*,*,#778,.T.);
#1283=ORIENTED_EDGE('',*,*,#779,.F.);
#1284=ORIENTED_EDGE('',*,*,#773,.T.);
#1285=ORIENTED_EDGE('',*,*,#785,.F.);
#1286=ORIENTED_EDGE('',*,*,#790,.T.);
#1287=ORIENTED_EDGE('',*,*,#791,.F.);
#1288=ORIENTED_EDGE('',*,*,#782,.T.);
#1289=ORIENTED_EDGE('',*,*,#793,.F.);
#1290=ORIENTED_EDGE('',*,*,#802,.T.);
#1291=ORIENTED_EDGE('',*,*,#803,.F.);
#1292=ORIENTED_EDGE('',*,*,#797,.T.);
#1293=ORIENTED_EDGE('',*,*,#805,.F.);
#1294=ORIENTED_EDGE('',*,*,#814,.T.);
#1295=ORIENTED_EDGE('',*,*,#815,.F.);
#1296=ORIENTED_EDGE('',*,*,#809,.T.);
#1297=ORIENTED_EDGE('',*,*,#821,.F.);
#1298=ORIENTED_EDGE('',*,*,#826,.T.);
#1299=ORIENTED_EDGE('',*,*,#827,.F.);
#1300=ORIENTED_EDGE('',*,*,#818,.T.);
#1301=ORIENTED_EDGE('',*,*,#956,.F.);
#1302=ORIENTED_EDGE('',*,*,#939,.F.);
#1303=ORIENTED_EDGE('',*,*,#947,.F.);
#1304=ORIENTED_EDGE('',*,*,#881,.F.);
#1305=ORIENTED_EDGE('',*,*,#883,.T.);
#1306=ORIENTED_EDGE('',*,*,#879,.T.);
#1307=ORIENTED_EDGE('',*,*,#946,.F.);
#1308=ORIENTED_EDGE('',*,*,#870,.F.);
#1309=ORIENTED_EDGE('',*,*,#872,.T.);
#1310=ORIENTED_EDGE('',*,*,#868,.T.);
#1311=ORIENTED_EDGE('',*,*,#945,.F.);
#1312=ORIENTED_EDGE('',*,*,#859,.F.);
#1313=ORIENTED_EDGE('',*,*,#861,.T.);
#1314=ORIENTED_EDGE('',*,*,#857,.T.);
#1315=ORIENTED_EDGE('',*,*,#944,.F.);
#1316=ORIENTED_EDGE('',*,*,#848,.F.);
#1317=ORIENTED_EDGE('',*,*,#850,.T.);
#1318=ORIENTED_EDGE('',*,*,#846,.T.);
#1319=ORIENTED_EDGE('',*,*,#943,.F.);
#1320=ORIENTED_EDGE('',*,*,#837,.F.);
#1321=ORIENTED_EDGE('',*,*,#839,.T.);
#1322=ORIENTED_EDGE('',*,*,#835,.T.);
#1323=ORIENTED_EDGE('',*,*,#950,.F.);
#1324=ORIENTED_EDGE('',*,*,#951,.F.);
#1325=ORIENTED_EDGE('',*,*,#954,.F.);
#1326=ORIENTED_EDGE('',*,*,#890,.T.);
#1327=ORIENTED_EDGE('',*,*,#894,.F.);
#1328=ORIENTED_EDGE('',*,*,#892,.F.);
#1329=ORIENTED_EDGE('',*,*,#960,.F.);
#1330=ORIENTED_EDGE('',*,*,#901,.T.);
#1331=ORIENTED_EDGE('',*,*,#905,.F.);
#1332=ORIENTED_EDGE('',*,*,#903,.F.);
#1333=ORIENTED_EDGE('',*,*,#959,.F.);
#1334=ORIENTED_EDGE('',*,*,#912,.T.);
#1335=ORIENTED_EDGE('',*,*,#916,.F.);
#1336=ORIENTED_EDGE('',*,*,#914,.F.);
#1337=ORIENTED_EDGE('',*,*,#958,.F.);
#1338=ORIENTED_EDGE('',*,*,#923,.T.);
#1339=ORIENTED_EDGE('',*,*,#927,.F.);
#1340=ORIENTED_EDGE('',*,*,#925,.F.);
#1341=ORIENTED_EDGE('',*,*,#957,.F.);
#1342=ORIENTED_EDGE('',*,*,#934,.T.);
#1343=ORIENTED_EDGE('',*,*,#938,.F.);
#1344=ORIENTED_EDGE('',*,*,#936,.F.);
#1345=ORIENTED_EDGE('',*,*,#759,.F.);
#1346=ORIENTED_EDGE('',*,*,#763,.T.);
#1347=ORIENTED_EDGE('',*,*,#768,.F.);
#1348=ORIENTED_EDGE('',*,*,#764,.T.);
#1349=ORIENTED_EDGE('',*,*,#771,.F.);
#1350=ORIENTED_EDGE('',*,*,#775,.T.);
#1351=ORIENTED_EDGE('',*,*,#780,.F.);
#1352=ORIENTED_EDGE('',*,*,#776,.T.);
#1353=ORIENTED_EDGE('',*,*,#784,.T.);
#1354=ORIENTED_EDGE('',*,*,#792,.F.);
#1355=ORIENTED_EDGE('',*,*,#788,.T.);
#1356=ORIENTED_EDGE('',*,*,#786,.F.);
#1357=ORIENTED_EDGE('',*,*,#795,.F.);
#1358=ORIENTED_EDGE('',*,*,#799,.T.);
#1359=ORIENTED_EDGE('',*,*,#804,.F.);
#1360=ORIENTED_EDGE('',*,*,#800,.T.);
#1361=ORIENTED_EDGE('',*,*,#807,.F.);
#1362=ORIENTED_EDGE('',*,*,#811,.T.);
#1363=ORIENTED_EDGE('',*,*,#816,.F.);
#1364=ORIENTED_EDGE('',*,*,#812,.T.);
#1365=ORIENTED_EDGE('',*,*,#820,.T.);
#1366=ORIENTED_EDGE('',*,*,#828,.F.);
#1367=ORIENTED_EDGE('',*,*,#824,.T.);
#1368=ORIENTED_EDGE('',*,*,#822,.F.);
#1369=CYLINDRICAL_SURFACE('',#1468,0.5);
#1370=CYLINDRICAL_SURFACE('',#1473,0.5);
#1371=CYLINDRICAL_SURFACE('',#1476,0.5);
#1372=CYLINDRICAL_SURFACE('',#1481,0.5);
#1373=CYLINDRICAL_SURFACE('',#1485,0.5);
#1374=CYLINDRICAL_SURFACE('',#1489,0.5);
#1375=CYLINDRICAL_SURFACE('',#1492,0.5);
#1376=CYLINDRICAL_SURFACE('',#1497,0.5);
#1377=CYLINDRICAL_SURFACE('',#1500,0.5);
#1378=CYLINDRICAL_SURFACE('',#1505,0.5);
#1379=CYLINDRICAL_SURFACE('',#1509,0.5);
#1380=CYLINDRICAL_SURFACE('',#1513,0.5);
#1381=ADVANCED_FACE('',(#85),#1369,.F.);
#1382=ADVANCED_FACE('',(#86),#27,.F.);
#1383=ADVANCED_FACE('',(#87),#28,.F.);
#1384=ADVANCED_FACE('',(#88),#1370,.F.);
#1385=ADVANCED_FACE('',(#89),#1371,.F.);
#1386=ADVANCED_FACE('',(#90),#29,.F.);
#1387=ADVANCED_FACE('',(#91),#30,.F.);
#1388=ADVANCED_FACE('',(#92),#1372,.F.);
#1389=ADVANCED_FACE('',(#93),#31,.F.);
#1390=ADVANCED_FACE('',(#94),#1373,.F.);
#1391=ADVANCED_FACE('',(#95),#32,.F.);
#1392=ADVANCED_FACE('',(#96),#1374,.F.);
#1393=ADVANCED_FACE('',(#97),#1375,.F.);
#1394=ADVANCED_FACE('',(#98),#33,.F.);
#1395=ADVANCED_FACE('',(#99),#34,.F.);
#1396=ADVANCED_FACE('',(#100),#1376,.F.);
#1397=ADVANCED_FACE('',(#101),#1377,.F.);
#1398=ADVANCED_FACE('',(#102),#35,.F.);
#1399=ADVANCED_FACE('',(#103),#36,.F.);
#1400=ADVANCED_FACE('',(#104),#1378,.F.);
#1401=ADVANCED_FACE('',(#105),#37,.F.);
#1402=ADVANCED_FACE('',(#106),#1379,.F.);
#1403=ADVANCED_FACE('',(#107),#38,.F.);
#1404=ADVANCED_FACE('',(#108),#1380,.F.);
#1405=ADVANCED_FACE('',(#109),#39,.T.);
#1406=ADVANCED_FACE('',(#110),#40,.T.);
#1407=ADVANCED_FACE('',(#111),#41,.T.);
#1408=ADVANCED_FACE('',(#112),#42,.F.);
#1409=ADVANCED_FACE('',(#113),#43,.T.);
#1410=ADVANCED_FACE('',(#114),#44,.T.);
#1411=ADVANCED_FACE('',(#115),#45,.T.);
#1412=ADVANCED_FACE('',(#116),#46,.F.);
#1413=ADVANCED_FACE('',(#117),#47,.T.);
#1414=ADVANCED_FACE('',(#118),#48,.T.);
#1415=ADVANCED_FACE('',(#119),#49,.T.);
#1416=ADVANCED_FACE('',(#120),#50,.F.);
#1417=ADVANCED_FACE('',(#121),#51,.T.);
#1418=ADVANCED_FACE('',(#122),#52,.T.);
#1419=ADVANCED_FACE('',(#123),#53,.T.);
#1420=ADVANCED_FACE('',(#124),#54,.F.);
#1421=ADVANCED_FACE('',(#125),#55,.T.);
#1422=ADVANCED_FACE('',(#126),#56,.T.);
#1423=ADVANCED_FACE('',(#127),#57,.T.);
#1424=ADVANCED_FACE('',(#128),#58,.F.);
#1425=ADVANCED_FACE('',(#129),#59,.T.);
#1426=ADVANCED_FACE('',(#130),#60,.T.);
#1427=ADVANCED_FACE('',(#131),#61,.T.);
#1428=ADVANCED_FACE('',(#132),#62,.T.);
#1429=ADVANCED_FACE('',(#133),#63,.T.);
#1430=ADVANCED_FACE('',(#134),#64,.T.);
#1431=ADVANCED_FACE('',(#135),#65,.T.);
#1432=ADVANCED_FACE('',(#136),#66,.T.);
#1433=ADVANCED_FACE('',(#137),#67,.T.);
#1434=ADVANCED_FACE('',(#138),#68,.T.);
#1435=ADVANCED_FACE('',(#139),#69,.T.);
#1436=ADVANCED_FACE('',(#140),#70,.T.);
#1437=ADVANCED_FACE('',(#141),#71,.T.);
#1438=ADVANCED_FACE('',(#142),#72,.T.);
#1439=ADVANCED_FACE('',(#143),#73,.T.);
#1440=ADVANCED_FACE('',(#144),#74,.T.);
#1441=ADVANCED_FACE('',(#145),#75,.T.);
#1442=ADVANCED_FACE('',(#146),#76,.T.);
#1443=ADVANCED_FACE('',(#147),#77,.T.);
#1444=ADVANCED_FACE('',(#148),#78,.T.);
#1445=ADVANCED_FACE('',(#149),#79,.T.);
#1446=ADVANCED_FACE('',(#150),#80,.T.);
#1447=ADVANCED_FACE('',(#151),#81,.T.);
#1448=ADVANCED_FACE('',(#152),#82,.T.);
#1449=ADVANCED_FACE('',(#153,#15,#16,#17,#18,#19,#20),#83,.T.);
#1450=ADVANCED_FACE('',(#154,#21,#22,#23,#24,#25,#26),#84,.F.);
#1451=CLOSED_SHELL('',(#1381,#1382,#1383,#1384,#1385,#1386,#1387,#1388,
#1389,#1390,#1391,#1392,#1393,#1394,#1395,#1396,#1397,#1398,#1399,#1400,
#1401,#1402,#1403,#1404,#1405,#1406,#1407,#1408,#1409,#1410,#1411,#1412,
#1413,#1414,#1415,#1416,#1417,#1418,#1419,#1420,#1421,#1422,#1423,#1424,
#1425,#1426,#1427,#1428,#1429,#1430,#1431,#1432,#1433,#1434,#1435,#1436,
#1437,#1438,#1439,#1440,#1441,#1442,#1443,#1444,#1445,#1446,#1447,#1448,
#1449,#1450));
#1452=DERIVED_UNIT_ELEMENT(#1455,1.);
#1453=DERIVED_UNIT_ELEMENT(#2347,-3.);
#1454=DIMENSIONAL_EXPONENTS(0.,1.,0.,0.,0.,0.,0.);
#1455=(
CONVERSION_BASED_UNIT('gram',#1457)
MASS_UNIT()
NAMED_UNIT(#1454)
);
#1456=(
MASS_UNIT()
NAMED_UNIT(*)
SI_UNIT(.KILO.,.GRAM.)
);
#1457=MASS_MEASURE_WITH_UNIT(MASS_MEASURE(0.001),#1456);
#1458=DERIVED_UNIT((#1452,#1453));
#1459=MEASURE_REPRESENTATION_ITEM('density measure',
POSITIVE_RATIO_MEASURE(1.),#1458);
#1460=PROPERTY_DEFINITION_REPRESENTATION(#1465,#1462);
#1461=PROPERTY_DEFINITION_REPRESENTATION(#1466,#1463);
#1462=REPRESENTATION('material name',(#1464),#2345);
#1463=REPRESENTATION('density',(#1459),#2345);
#1464=DESCRIPTIVE_REPRESENTATION_ITEM('Generic','Generic');
#1465=PROPERTY_DEFINITION('material property','material name',#2354);
#1466=PROPERTY_DEFINITION('material property','density of part',#2354);
#1467=AXIS2_PLACEMENT_3D('',#1932,#1562,#1563);
#1468=AXIS2_PLACEMENT_3D('',#1933,#1564,#1565);
#1469=AXIS2_PLACEMENT_3D('',#1936,#1566,#1567);
#1470=AXIS2_PLACEMENT_3D('',#1940,#1569,#1570);
#1471=AXIS2_PLACEMENT_3D('',#1942,#1572,#1573);
#1472=AXIS2_PLACEMENT_3D('',#1948,#1577,#1578);
#1473=AXIS2_PLACEMENT_3D('',#1954,#1582,#1583);
#1474=AXIS2_PLACEMENT_3D('',#1955,#1584,#1585);
#1475=AXIS2_PLACEMENT_3D('',#1956,#1586,#1587);
#1476=AXIS2_PLACEMENT_3D('',#1957,#1588,#1589);
#1477=AXIS2_PLACEMENT_3D('',#1960,#1590,#1591);
#1478=AXIS2_PLACEMENT_3D('',#1964,#1593,#1594);
#1479=AXIS2_PLACEMENT_3D('',#1966,#1596,#1597);
#1480=AXIS2_PLACEMENT_3D('',#1972,#1601,#1602);
#1481=AXIS2_PLACEMENT_3D('',#1978,#1606,#1607);
#1482=AXIS2_PLACEMENT_3D('',#1979,#1608,#1609);
#1483=AXIS2_PLACEMENT_3D('',#1980,#1610,#1611);
#1484=AXIS2_PLACEMENT_3D('',#1981,#1612,#1613);
#1485=AXIS2_PLACEMENT_3D('',#1990,#1618,#1619);
#1486=AXIS2_PLACEMENT_3D('',#1992,#1620,#1621);
#1487=AXIS2_PLACEMENT_3D('',#1994,#1622,#1623);
#1488=AXIS2_PLACEMENT_3D('',#1996,#1625,#1626);
#1489=AXIS2_PLACEMENT_3D('',#2002,#1630,#1631);
#1490=AXIS2_PLACEMENT_3D('',#2003,#1632,#1633);
#1491=AXIS2_PLACEMENT_3D('',#2004,#1634,#1635);
#1492=AXIS2_PLACEMENT_3D('',#2005,#1636,#1637);
#1493=AXIS2_PLACEMENT_3D('',#2008,#1638,#1639);
#1494=AXIS2_PLACEMENT_3D('',#2012,#1641,#1642);
#1495=AXIS2_PLACEMENT_3D('',#2014,#1644,#1645);
#1496=AXIS2_PLACEMENT_3D('',#2020,#1649,#1650);
#1497=AXIS2_PLACEMENT_3D('',#2026,#1654,#1655);
#1498=AXIS2_PLACEMENT_3D('',#2027,#1656,#1657);
#1499=AXIS2_PLACEMENT_3D('',#2028,#1658,#1659);
#1500=AXIS2_PLACEMENT_3D('',#2029,#1660,#1661);
#1501=AXIS2_PLACEMENT_3D('',#2032,#1662,#1663);
#1502=AXIS2_PLACEMENT_3D('',#2036,#1665,#1666);
#1503=AXIS2_PLACEMENT_3D('',#2038,#1668,#1669);
#1504=AXIS2_PLACEMENT_3D('',#2044,#1673,#1674);
#1505=AXIS2_PLACEMENT_3D('',#2050,#1678,#1679);
#1506=AXIS2_PLACEMENT_3D('',#2051,#1680,#1681);
#1507=AXIS2_PLACEMENT_3D('',#2052,#1682,#1683);
#1508=AXIS2_PLACEMENT_3D('',#2053,#1684,#1685);
#1509=AXIS2_PLACEMENT_3D('',#2062,#1690,#1691);
#1510=AXIS2_PLACEMENT_3D('',#2064,#1692,#1693);
#1511=AXIS2_PLACEMENT_3D('',#2066,#1694,#1695);
#1512=AXIS2_PLACEMENT_3D('',#2068,#1697,#1698);
#1513=AXIS2_PLACEMENT_3D('',#2074,#1702,#1703);
#1514=AXIS2_PLACEMENT_3D('',#2075,#1704,#1705);
#1515=AXIS2_PLACEMENT_3D('',#2076,#1706,#1707);
#1516=AXIS2_PLACEMENT_3D('',#2077,#1708,#1709);
#1517=AXIS2_PLACEMENT_3D('',#2086,#1714,#1715);
#1518=AXIS2_PLACEMENT_3D('',#2092,#1719,#1720);
#1519=AXIS2_PLACEMENT_3D('',#2098,#1724,#1725);
#1520=AXIS2_PLACEMENT_3D('',#2100,#1727,#1728);
#1521=AXIS2_PLACEMENT_3D('',#2109,#1733,#1734);
#1522=AXIS2_PLACEMENT_3D('',#2115,#1738,#1739);
#1523=AXIS2_PLACEMENT_3D('',#2121,#1743,#1744);
#1524=AXIS2_PLACEMENT_3D('',#2123,#1746,#1747);
#1525=AXIS2_PLACEMENT_3D('',#2132,#1752,#1753);
#1526=AXIS2_PLACEMENT_3D('',#2138,#1757,#1758);
#1527=AXIS2_PLACEMENT_3D('',#2144,#1762,#1763);
#1528=AXIS2_PLACEMENT_3D('',#2146,#1765,#1766);
#1529=AXIS2_PLACEMENT_3D('',#2155,#1771,#1772);
#1530=AXIS2_PLACEMENT_3D('',#2161,#1776,#1777);
#1531=AXIS2_PLACEMENT_3D('',#2167,#1781,#1782);
#1532=AXIS2_PLACEMENT_3D('',#2169,#1784,#1785);
#1533=AXIS2_PLACEMENT_3D('',#2178,#1790,#1791);
#1534=AXIS2_PLACEMENT_3D('',#2184,#1795,#1796);
#1535=AXIS2_PLACEMENT_3D('',#2190,#1800,#1801);
#1536=AXIS2_PLACEMENT_3D('',#2192,#1803,#1804);
#1537=AXIS2_PLACEMENT_3D('',#2201,#1809,#1810);
#1538=AXIS2_PLACEMENT_3D('',#2207,#1814,#1815);
#1539=AXIS2_PLACEMENT_3D('',#2213,#1819,#1820);
#1540=AXIS2_PLACEMENT_3D('',#2215,#1822,#1823);
#1541=AXIS2_PLACEMENT_3D('',#2224,#1828,#1829);
#1542=AXIS2_PLACEMENT_3D('',#2230,#1833,#1834);
#1543=AXIS2_PLACEMENT_3D('',#2236,#1838,#1839);
#1544=AXIS2_PLACEMENT_3D('',#2238,#1841,#1842);
#1545=AXIS2_PLACEMENT_3D('',#2247,#1847,#1848);
#1546=AXIS2_PLACEMENT_3D('',#2253,#1852,#1853);
#1547=AXIS2_PLACEMENT_3D('',#2259,#1857,#1858);
#1548=AXIS2_PLACEMENT_3D('',#2261,#1860,#1861);
#1549=AXIS2_PLACEMENT_3D('',#2270,#1866,#1867);
#1550=AXIS2_PLACEMENT_3D('',#2276,#1871,#1872);
#1551=AXIS2_PLACEMENT_3D('',#2282,#1876,#1877);
#1552=AXIS2_PLACEMENT_3D('',#2284,#1879,#1880);
#1553=AXIS2_PLACEMENT_3D('',#2293,#1885,#1886);
#1554=AXIS2_PLACEMENT_3D('',#2299,#1890,#1891);
#1555=AXIS2_PLACEMENT_3D('',#2305,#1895,#1896);
#1556=AXIS2_PLACEMENT_3D('',#2307,#1898,#1899);
#1557=AXIS2_PLACEMENT_3D('',#2316,#1904,#1905);
#1558=AXIS2_PLACEMENT_3D('',#2327,#1914,#1915);
#1559=AXIS2_PLACEMENT_3D('',#2333,#1919,#1920);
#1560=AXIS2_PLACEMENT_3D('',#2341,#1928,#1929);
#1561=AXIS2_PLACEMENT_3D('',#2342,#1930,#1931);
#1562=DIRECTION('axis',(0.,0.,1.));
#1563=DIRECTION('refdir',(1.,0.,0.));
#1564=DIRECTION('center_axis',(0.,0.,-1.));
#1565=DIRECTION('ref_axis',(0.707106781186548,0.707106781186547,0.));
#1566=DIRECTION('center_axis',(0.,0.,1.));
#1567=DIRECTION('ref_axis',(0.707106781186548,-0.707106781186547,0.));
#1568=DIRECTION('',(0.,0.,-1.));
#1569=DIRECTION('center_axis',(0.,0.,-1.));
#1570=DIRECTION('ref_axis',(0.707106781186548,0.707106781186547,0.));
#1571=DIRECTION('',(0.,0.,1.));
#1572=DIRECTION('center_axis',(3.33066907387547E-16,1.,0.));
#1573=DIRECTION('ref_axis',(1.,-3.33066907387547E-16,0.));
#1574=DIRECTION('',(1.,-3.33066907387547E-16,0.));
#1575=DIRECTION('',(0.,0.,1.));
#1576=DIRECTION('',(-1.,3.33066907387547E-16,0.));
#1577=DIRECTION('center_axis',(2.22044604925031E-16,-1.,0.));
#1578=DIRECTION('ref_axis',(-1.,-2.22044604925031E-16,0.));
#1579=DIRECTION('',(1.,2.22044604925031E-16,0.));
#1580=DIRECTION('',(0.,0.,-1.));
#1581=DIRECTION('',(-1.,-2.22044604925031E-16,0.));
#1582=DIRECTION('center_axis',(0.,0.,-1.));
#1583=DIRECTION('ref_axis',(-0.707106781186548,0.707106781186548,0.));
#1584=DIRECTION('center_axis',(0.,0.,1.));
#1585=DIRECTION('ref_axis',(-0.707106781186548,0.707106781186548,0.));
#1586=DIRECTION('center_axis',(0.,0.,-1.));
#1587=DIRECTION('ref_axis',(-0.707106781186548,-0.707106781186548,0.));
#1588=DIRECTION('center_axis',(0.,0.,-1.));
#1589=DIRECTION('ref_axis',(0.707106781186547,0.707106781186548,0.));
#1590=DIRECTION('center_axis',(0.,0.,1.));
#1591=DIRECTION('ref_axis',(0.707106781186547,-0.707106781186548,0.));
#1592=DIRECTION('',(0.,0.,-1.));
#1593=DIRECTION('center_axis',(0.,0.,-1.));
#1594=DIRECTION('ref_axis',(0.707106781186547,0.707106781186548,0.));
#1595=DIRECTION('',(0.,0.,1.));
#1596=DIRECTION('center_axis',(6.66133814775094E-16,1.,0.));
#1597=DIRECTION('ref_axis',(1.,-6.66133814775094E-16,0.));
#1598=DIRECTION('',(1.,-6.66133814775094E-16,0.));
#1599=DIRECTION('',(0.,0.,1.));
#1600=DIRECTION('',(-1.,6.66133814775094E-16,0.));
#1601=DIRECTION('center_axis',(2.22044604925031E-16,-1.,0.));
#1602=DIRECTION('ref_axis',(-1.,-2.22044604925031E-16,0.));
#1603=DIRECTION('',(1.,2.22044604925031E-16,0.));
#1604=DIRECTION('',(0.,0.,-1.));
#1605=DIRECTION('',(-1.,-2.22044604925031E-16,0.));
#1606=DIRECTION('center_axis',(0.,0.,-1.));
#1607=DIRECTION('ref_axis',(-0.707106781186548,0.707106781186547,0.));
#1608=DIRECTION('center_axis',(0.,0.,1.));
#1609=DIRECTION('ref_axis',(-0.707106781186548,0.707106781186547,0.));
#1610=DIRECTION('center_axis',(0.,0.,-1.));
#1611=DIRECTION('ref_axis',(-0.707106781186548,-0.707106781186548,0.));
#1612=DIRECTION('center_axis',(6.66133814775094E-16,1.,0.));
#1613=DIRECTION('ref_axis',(1.,-6.66133814775094E-16,0.));
#1614=DIRECTION('',(0.,0.,-1.));
#1615=DIRECTION('',(1.,-6.66133814775094E-16,0.));
#1616=DIRECTION('',(0.,0.,1.));
#1617=DIRECTION('',(-1.,6.66133814775094E-16,0.));
#1618=DIRECTION('center_axis',(0.,0.,-1.));
#1619=DIRECTION('ref_axis',(0.707106781186548,-0.707106781186548,0.));
#1620=DIRECTION('center_axis',(0.,0.,1.));
#1621=DIRECTION('ref_axis',(0.707106781186548,-0.707106781186548,0.));
#1622=DIRECTION('center_axis',(0.,0.,-1.));
#1623=DIRECTION('ref_axis',(0.707106781186547,0.707106781186548,0.));
#1624=DIRECTION('',(0.,0.,1.));
#1625=DIRECTION('center_axis',(2.22044604925031E-16,-1.,0.));
#1626=DIRECTION('ref_axis',(-1.,-2.22044604925031E-16,0.));
#1627=DIRECTION('',(1.,2.22044604925031E-16,0.));
#1628=DIRECTION('',(0.,0.,-1.));
#1629=DIRECTION('',(-1.,-2.22044604925031E-16,0.));
#1630=DIRECTION('center_axis',(0.,0.,-1.));
#1631=DIRECTION('ref_axis',(-0.707106781186548,0.707106781186548,0.));
#1632=DIRECTION('center_axis',(0.,0.,1.));
#1633=DIRECTION('ref_axis',(-0.707106781186548,0.707106781186548,0.));
#1634=DIRECTION('center_axis',(0.,0.,-1.));
#1635=DIRECTION('ref_axis',(-0.707106781186548,-0.707106781186548,0.));
#1636=DIRECTION('center_axis',(0.,0.,-1.));
#1637=DIRECTION('ref_axis',(0.707106781186546,0.707106781186549,0.));
#1638=DIRECTION('center_axis',(0.,0.,1.));
#1639=DIRECTION('ref_axis',(0.707106781186546,-0.707106781186549,0.));
#1640=DIRECTION('',(0.,0.,-1.));
#1641=DIRECTION('center_axis',(0.,0.,-1.));
#1642=DIRECTION('ref_axis',(0.707106781186546,0.707106781186549,0.));
#1643=DIRECTION('',(0.,0.,1.));
#1644=DIRECTION('center_axis',(3.33066907387547E-16,1.,0.));
#1645=DIRECTION('ref_axis',(1.,-3.33066907387547E-16,0.));
#1646=DIRECTION('',(1.,-3.33066907387547E-16,0.));
#1647=DIRECTION('',(0.,0.,1.));
#1648=DIRECTION('',(-1.,3.33066907387547E-16,0.));
#1649=DIRECTION('center_axis',(2.22044604925031E-16,-1.,0.));
#1650=DIRECTION('ref_axis',(-1.,-2.22044604925031E-16,0.));
#1651=DIRECTION('',(1.,2.22044604925031E-16,0.));
#1652=DIRECTION('',(0.,0.,-1.));
#1653=DIRECTION('',(-1.,-2.22044604925031E-16,0.));
#1654=DIRECTION('center_axis',(0.,0.,-1.));
#1655=DIRECTION('ref_axis',(-0.707106781186548,0.707106781186548,0.));
#1656=DIRECTION('center_axis',(0.,0.,1.));
#1657=DIRECTION('ref_axis',(-0.707106781186548,0.707106781186548,0.));
#1658=DIRECTION('center_axis',(0.,0.,-1.));
#1659=DIRECTION('ref_axis',(-0.707106781186548,-0.707106781186548,0.));
#1660=DIRECTION('center_axis',(0.,0.,-1.));
#1661=DIRECTION('ref_axis',(0.707106781186548,0.707106781186547,0.));
#1662=DIRECTION('center_axis',(0.,0.,1.));
#1663=DIRECTION('ref_axis',(0.707106781186548,-0.707106781186547,0.));
#1664=DIRECTION('',(0.,0.,-1.));
#1665=DIRECTION('center_axis',(0.,0.,-1.));
#1666=DIRECTION('ref_axis',(0.707106781186548,0.707106781186547,0.));
#1667=DIRECTION('',(0.,0.,1.));
#1668=DIRECTION('center_axis',(6.66133814775094E-16,1.,0.));
#1669=DIRECTION('ref_axis',(1.,-6.66133814775094E-16,0.));
#1670=DIRECTION('',(1.,-6.66133814775094E-16,0.));
#1671=DIRECTION('',(0.,0.,1.));
#1672=DIRECTION('',(-1.,6.66133814775094E-16,0.));
#1673=DIRECTION('center_axis',(2.22044604925031E-16,-1.,0.));
#1674=DIRECTION('ref_axis',(-1.,-2.22044604925031E-16,0.));
#1675=DIRECTION('',(1.,2.22044604925031E-16,0.));
#1676=DIRECTION('',(0.,0.,-1.));
#1677=DIRECTION('',(-1.,-2.22044604925031E-16,0.));
#1678=DIRECTION('center_axis',(0.,0.,-1.));
#1679=DIRECTION('ref_axis',(-0.707106781186548,0.707106781186547,0.));
#1680=DIRECTION('center_axis',(0.,0.,1.));
#1681=DIRECTION('ref_axis',(-0.707106781186548,0.707106781186547,0.));
#1682=DIRECTION('center_axis',(0.,0.,-1.));
#1683=DIRECTION('ref_axis',(-0.707106781186548,-0.707106781186548,0.));
#1684=DIRECTION('center_axis',(6.66133814775094E-16,1.,0.));
#1685=DIRECTION('ref_axis',(1.,-6.66133814775094E-16,0.));
#1686=DIRECTION('',(0.,0.,-1.));
#1687=DIRECTION('',(1.,-6.66133814775094E-16,0.));
#1688=DIRECTION('',(0.,0.,1.));
#1689=DIRECTION('',(-1.,6.66133814775094E-16,0.));
#1690=DIRECTION('center_axis',(0.,0.,-1.));
#1691=DIRECTION('ref_axis',(0.707106781186548,-0.707106781186548,0.));
#1692=DIRECTION('center_axis',(0.,0.,1.));
#1693=DIRECTION('ref_axis',(0.707106781186548,-0.707106781186548,0.));
#1694=DIRECTION('center_axis',(0.,0.,-1.));
#1695=DIRECTION('ref_axis',(0.707106781186547,0.707106781186548,0.));
#1696=DIRECTION('',(0.,0.,1.));
#1697=DIRECTION('center_axis',(2.22044604925031E-16,-1.,0.));
#1698=DIRECTION('ref_axis',(-1.,-2.22044604925031E-16,0.));
#1699=DIRECTION('',(1.,2.22044604925031E-16,0.));
#1700=DIRECTION('',(0.,0.,-1.));
#1701=DIRECTION('',(-1.,-2.22044604925031E-16,0.));
#1702=DIRECTION('center_axis',(0.,0.,-1.));
#1703=DIRECTION('ref_axis',(-0.707106781186548,0.707106781186548,0.));
#1704=DIRECTION('center_axis',(0.,0.,1.));
#1705=DIRECTION('ref_axis',(-0.707106781186548,0.707106781186548,0.));
#1706=DIRECTION('center_axis',(0.,0.,-1.));
#1707=DIRECTION('ref_axis',(-0.707106781186548,-0.707106781186548,0.));
#1708=DIRECTION('center_axis',(1.13943942001003E-15,0.,1.));
#1709=DIRECTION('ref_axis',(-1.,-1.28102656687518E-16,1.13943942001003E-15));
#1710=DIRECTION('',(-1.,-1.28102656687518E-16,1.13943942001003E-15));
#1711=DIRECTION('',(0.,-1.,0.));
#1712=DIRECTION('',(-1.,0.,1.13943942001003E-15));
#1713=DIRECTION('',(0.,-1.,0.));
#1714=DIRECTION('center_axis',(1.,0.,2.3373116307898E-15));
#1715=DIRECTION('ref_axis',(-2.3373116307898E-15,-2.99415829410809E-31,
1.));
#1716=DIRECTION('',(-2.3373116307898E-15,-2.99415829410809E-31,1.));
#1717=DIRECTION('',(-2.3373116307898E-15,0.,1.));
#1718=DIRECTION('',(0.,-1.,0.));
#1719=DIRECTION('center_axis',(-1.,0.,2.33731163078976E-15));
#1720=DIRECTION('ref_axis',(-2.33731163078976E-15,-2.99415829410804E-31,
-1.));
#1721=DIRECTION('',(-2.33731163078976E-15,-2.99415829410804E-31,-1.));
#1722=DIRECTION('',(0.,-1.,0.));
#1723=DIRECTION('',(-2.33731163078976E-15,0.,-1.));
#1724=DIRECTION('center_axis',(1.28102656687518E-16,-1.,0.));
#1725=DIRECTION('ref_axis',(0.,0.,-1.));
#1726=DIRECTION('',(1.,1.28102656687518E-16,0.));
#1727=DIRECTION('center_axis',(1.13943942001003E-15,0.,1.));
#1728=DIRECTION('ref_axis',(-1.,-1.28102656687518E-16,1.13943942001003E-15));
#1729=DIRECTION('',(-1.,-1.28102656687518E-16,1.13943942001003E-15));
#1730=DIRECTION('',(0.,-1.,0.));
#1731=DIRECTION('',(-1.,0.,1.13943942001003E-15));
#1732=DIRECTION('',(0.,-1.,0.));
#1733=DIRECTION('center_axis',(1.,0.,2.3373116307898E-15));
#1734=DIRECTION('ref_axis',(-2.3373116307898E-15,-2.99415829410809E-31,
1.));
#1735=DIRECTION('',(-2.3373116307898E-15,-2.99415829410809E-31,1.));
#1736=DIRECTION('',(-2.3373116307898E-15,0.,1.));
#1737=DIRECTION('',(0.,-1.,0.));
#1738=DIRECTION('center_axis',(-1.,0.,2.33731163078976E-15));
#1739=DIRECTION('ref_axis',(-2.33731163078976E-15,-2.99415829410804E-31,
-1.));
#1740=DIRECTION('',(-2.33731163078976E-15,-2.99415829410804E-31,-1.));
#1741=DIRECTION('',(0.,-1.,0.));
#1742=DIRECTION('',(-2.33731163078976E-15,0.,-1.));
#1743=DIRECTION('center_axis',(1.28102656687518E-16,-1.,0.));
#1744=DIRECTION('ref_axis',(0.,0.,-1.));
#1745=DIRECTION('',(1.,1.28102656687518E-16,0.));
#1746=DIRECTION('center_axis',(1.13943942001003E-15,0.,1.));
#1747=DIRECTION('ref_axis',(-1.,-1.28102656687518E-16,1.13943942001003E-15));
#1748=DIRECTION('',(-1.,-1.28102656687518E-16,1.13943942001003E-15));
#1749=DIRECTION('',(0.,-1.,0.));
#1750=DIRECTION('',(-1.,0.,1.13943942001003E-15));
#1751=DIRECTION('',(0.,-1.,0.));
#1752=DIRECTION('center_axis',(1.,0.,2.3373116307898E-15));
#1753=DIRECTION('ref_axis',(-2.3373116307898E-15,-2.99415829410809E-31,
1.));
#1754=DIRECTION('',(-2.3373116307898E-15,-2.99415829410809E-31,1.));
#1755=DIRECTION('',(-2.3373116307898E-15,0.,1.));
#1756=DIRECTION('',(0.,-1.,0.));
#1757=DIRECTION('center_axis',(-1.,0.,2.33731163078976E-15));
#1758=DIRECTION('ref_axis',(-2.33731163078976E-15,-2.99415829410804E-31,
-1.));
#1759=DIRECTION('',(-2.33731163078976E-15,-2.99415829410804E-31,-1.));
#1760=DIRECTION('',(0.,-1.,0.));
#1761=DIRECTION('',(-2.33731163078976E-15,0.,-1.));
#1762=DIRECTION('center_axis',(1.28102656687518E-16,-1.,0.));
#1763=DIRECTION('ref_axis',(0.,0.,-1.));
#1764=DIRECTION('',(1.,1.28102656687518E-16,0.));
#1765=DIRECTION('center_axis',(1.13943942001003E-15,0.,1.));
#1766=DIRECTION('ref_axis',(-1.,-1.28102656687518E-16,1.13943942001003E-15));
#1767=DIRECTION('',(-1.,-1.28102656687518E-16,1.13943942001003E-15));
#1768=DIRECTION('',(0.,-1.,0.));
#1769=DIRECTION('',(-1.,0.,1.13943942001003E-15));
#1770=DIRECTION('',(0.,-1.,0.));
#1771=DIRECTION('center_axis',(1.,0.,2.3373116307898E-15));
#1772=DIRECTION('ref_axis',(-2.3373116307898E-15,-2.99415829410809E-31,
1.));
#1773=DIRECTION('',(-2.3373116307898E-15,-2.99415829410809E-31,1.));
#1774=DIRECTION('',(-2.3373116307898E-15,0.,1.));
#1775=DIRECTION('',(0.,-1.,0.));
#1776=DIRECTION('center_axis',(-1.,0.,2.33731163078976E-15));
#1777=DIRECTION('ref_axis',(-2.33731163078976E-15,-2.99415829410804E-31,
-1.));
#1778=DIRECTION('',(-2.33731163078976E-15,-2.99415829410804E-31,-1.));
#1779=DIRECTION('',(0.,-1.,0.));
#1780=DIRECTION('',(-2.33731163078976E-15,0.,-1.));
#1781=DIRECTION('center_axis',(1.28102656687518E-16,-1.,0.));
#1782=DIRECTION('ref_axis',(0.,0.,-1.));
#1783=DIRECTION('',(1.,1.28102656687518E-16,0.));
#1784=DIRECTION('center_axis',(1.13943942001003E-15,0.,1.));
#1785=DIRECTION('ref_axis',(-1.,-1.28102656687518E-16,1.13943942001003E-15));
#1786=DIRECTION('',(-1.,-1.28102656687518E-16,1.13943942001003E-15));
#1787=DIRECTION('',(0.,-1.,0.));
#1788=DIRECTION('',(-1.,0.,1.13943942001003E-15));
#1789=DIRECTION('',(0.,-1.,0.));
#1790=DIRECTION('center_axis',(1.,0.,2.3373116307898E-15));
#1791=DIRECTION('ref_axis',(-2.3373116307898E-15,-2.99415829410809E-31,
1.));
#1792=DIRECTION('',(-2.3373116307898E-15,-2.99415829410809E-31,1.));
#1793=DIRECTION('',(-2.3373116307898E-15,0.,1.));
#1794=DIRECTION('',(0.,-1.,0.));
#1795=DIRECTION('center_axis',(-1.,0.,2.33731163078976E-15));
#1796=DIRECTION('ref_axis',(-2.33731163078976E-15,-2.99415829410804E-31,
-1.));
#1797=DIRECTION('',(-2.33731163078976E-15,-2.99415829410804E-31,-1.));
#1798=DIRECTION('',(0.,-1.,0.));
#1799=DIRECTION('',(-2.33731163078976E-15,0.,-1.));
#1800=DIRECTION('center_axis',(1.28102656687518E-16,-1.,0.));
#1801=DIRECTION('ref_axis',(0.,0.,-1.));
#1802=DIRECTION('',(1.,1.28102656687518E-16,0.));
#1803=DIRECTION('center_axis',(1.13943942001003E-15,0.,1.));
#1804=DIRECTION('ref_axis',(-1.,-1.28102656687518E-16,1.13943942001003E-15));
#1805=DIRECTION('',(1.,1.28102656687518E-16,-1.13943942001003E-15));
#1806=DIRECTION('',(0.,-1.,0.));
#1807=DIRECTION('',(-1.,-1.28102656687518E-16,1.13943942001003E-15));
#1808=DIRECTION('',(0.,-1.,0.));
#1809=DIRECTION('center_axis',(1.,0.,2.3373116307898E-15));
#1810=DIRECTION('ref_axis',(-2.3373116307898E-15,-2.99415829410809E-31,
1.));
#1811=DIRECTION('',(2.3373116307898E-15,2.99415829410809E-31,-1.));
#1812=DIRECTION('',(-2.3373116307898E-15,-2.99415829410809E-31,1.));
#1813=DIRECTION('',(0.,-1.,0.));
#1814=DIRECTION('center_axis',(-1.,0.,2.33731163078976E-15));
#1815=DIRECTION('ref_axis',(-2.33731163078976E-15,-2.99415829410804E-31,
-1.));
#1816=DIRECTION('',(2.33731163078976E-15,2.99415829410804E-31,1.));
#1817=DIRECTION('',(0.,-1.,0.));
#1818=DIRECTION('',(-2.33731163078976E-15,-2.99415829410804E-31,-1.));
#1819=DIRECTION('center_axis',(0.,-1.,0.));
#1820=DIRECTION('ref_axis',(0.,0.,-1.));
#1821=DIRECTION('',(1.,1.28102656687518E-16,0.));
#1822=DIRECTION('center_axis',(1.13943942001003E-15,0.,1.));
#1823=DIRECTION('ref_axis',(-1.,-1.28102656687518E-16,1.13943942001003E-15));
#1824=DIRECTION('',(1.,1.28102656687518E-16,-1.13943942001003E-15));
#1825=DIRECTION('',(0.,-1.,0.));
#1826=DIRECTION('',(-1.,-1.28102656687518E-16,1.13943942001003E-15));
#1827=DIRECTION('',(0.,-1.,0.));
#1828=DIRECTION('center_axis',(1.,0.,2.3373116307898E-15));
#1829=DIRECTION('ref_axis',(-2.3373116307898E-15,-2.99415829410809E-31,
1.));
#1830=DIRECTION('',(2.3373116307898E-15,2.99415829410809E-31,-1.));
#1831=DIRECTION('',(-2.3373116307898E-15,-2.99415829410809E-31,1.));
#1832=DIRECTION('',(0.,-1.,0.));
#1833=DIRECTION('center_axis',(-1.,0.,2.33731163078976E-15));
#1834=DIRECTION('ref_axis',(-2.33731163078976E-15,-2.99415829410804E-31,
-1.));
#1835=DIRECTION('',(2.33731163078976E-15,2.99415829410804E-31,1.));
#1836=DIRECTION('',(0.,-1.,0.));
#1837=DIRECTION('',(-2.33731163078976E-15,-2.99415829410804E-31,-1.));
#1838=DIRECTION('center_axis',(0.,-1.,0.));
#1839=DIRECTION('ref_axis',(0.,0.,-1.));
#1840=DIRECTION('',(1.,1.28102656687518E-16,0.));
#1841=DIRECTION('center_axis',(1.13943942001003E-15,0.,1.));
#1842=DIRECTION('ref_axis',(-1.,-1.28102656687518E-16,1.13943942001003E-15));
#1843=DIRECTION('',(1.,1.28102656687518E-16,-1.13943942001003E-15));
#1844=DIRECTION('',(0.,-1.,0.));
#1845=DIRECTION('',(-1.,-1.28102656687518E-16,1.13943942001003E-15));
#1846=DIRECTION('',(0.,-1.,0.));
#1847=DIRECTION('center_axis',(1.,0.,2.3373116307898E-15));
#1848=DIRECTION('ref_axis',(-2.3373116307898E-15,-2.99415829410809E-31,
1.));
#1849=DIRECTION('',(2.3373116307898E-15,2.99415829410809E-31,-1.));
#1850=DIRECTION('',(-2.3373116307898E-15,-2.99415829410809E-31,1.));
#1851=DIRECTION('',(0.,-1.,0.));
#1852=DIRECTION('center_axis',(-1.,0.,2.33731163078976E-15));
#1853=DIRECTION('ref_axis',(-2.33731163078976E-15,-2.99415829410804E-31,
-1.));
#1854=DIRECTION('',(2.33731163078976E-15,2.99415829410804E-31,1.));
#1855=DIRECTION('',(0.,-1.,0.));
#1856=DIRECTION('',(-2.33731163078976E-15,-2.99415829410804E-31,-1.));
#1857=DIRECTION('center_axis',(0.,-1.,0.));
#1858=DIRECTION('ref_axis',(0.,0.,-1.));
#1859=DIRECTION('',(1.,1.28102656687518E-16,0.));
#1860=DIRECTION('center_axis',(1.13943942001003E-15,0.,1.));
#1861=DIRECTION('ref_axis',(-1.,-1.28102656687518E-16,1.13943942001003E-15));
#1862=DIRECTION('',(1.,1.28102656687518E-16,-1.13943942001003E-15));
#1863=DIRECTION('',(0.,-1.,0.));
#1864=DIRECTION('',(-1.,-1.28102656687518E-16,1.13943942001003E-15));
#1865=DIRECTION('',(0.,-1.,0.));
#1866=DIRECTION('center_axis',(1.,0.,2.3373116307898E-15));
#1867=DIRECTION('ref_axis',(-2.3373116307898E-15,-2.99415829410809E-31,
1.));
#1868=DIRECTION('',(2.3373116307898E-15,2.99415829410809E-31,-1.));
#1869=DIRECTION('',(-2.3373116307898E-15,-2.99415829410809E-31,1.));
#1870=DIRECTION('',(0.,-1.,0.));
#1871=DIRECTION('center_axis',(-1.,0.,2.33731163078976E-15));
#1872=DIRECTION('ref_axis',(-2.33731163078976E-15,-2.99415829410804E-31,
-1.));
#1873=DIRECTION('',(2.33731163078976E-15,2.99415829410804E-31,1.));
#1874=DIRECTION('',(0.,-1.,0.));
#1875=DIRECTION('',(-2.33731163078976E-15,-2.99415829410804E-31,-1.));
#1876=DIRECTION('center_axis',(0.,-1.,0.));
#1877=DIRECTION('ref_axis',(0.,0.,-1.));
#1878=DIRECTION('',(1.,1.28102656687518E-16,0.));
#1879=DIRECTION('center_axis',(1.13943942001003E-15,0.,1.));
#1880=DIRECTION('ref_axis',(-1.,-1.28102656687518E-16,1.13943942001003E-15));
#1881=DIRECTION('',(1.,1.28102656687518E-16,-1.13943942001003E-15));
#1882=DIRECTION('',(0.,-1.,0.));
#1883=DIRECTION('',(-1.,-1.28102656687518E-16,1.13943942001003E-15));
#1884=DIRECTION('',(0.,-1.,0.));
#1885=DIRECTION('center_axis',(1.,0.,2.3373116307898E-15));
#1886=DIRECTION('ref_axis',(-2.3373116307898E-15,-2.99415829410809E-31,
1.));
#1887=DIRECTION('',(2.3373116307898E-15,2.99415829410809E-31,-1.));
#1888=DIRECTION('',(-2.3373116307898E-15,-2.99415829410809E-31,1.));
#1889=DIRECTION('',(0.,-1.,0.));
#1890=DIRECTION('center_axis',(-1.,0.,2.33731163078976E-15));
#1891=DIRECTION('ref_axis',(-2.33731163078976E-15,-2.99415829410804E-31,
-1.));
#1892=DIRECTION('',(2.33731163078976E-15,2.99415829410804E-31,1.));
#1893=DIRECTION('',(0.,-1.,0.));
#1894=DIRECTION('',(-2.33731163078976E-15,-2.99415829410804E-31,-1.));
#1895=DIRECTION('center_axis',(0.,-1.,0.));
#1896=DIRECTION('ref_axis',(0.,0.,-1.));
#1897=DIRECTION('',(1.,1.28102656687518E-16,0.));
#1898=DIRECTION('center_axis',(-1.,-3.5527136788005E-16,0.));
#1899=DIRECTION('ref_axis',(3.5527136788005E-16,-1.,0.));
#1900=DIRECTION('',(3.5527136788005E-16,-1.,0.));
#1901=DIRECTION('',(0.,0.,1.));
#1902=DIRECTION('',(3.5527136788005E-16,-1.,0.));
#1903=DIRECTION('',(0.,0.,1.));
#1904=DIRECTION('center_axis',(0.,1.,0.));
#1905=DIRECTION('ref_axis',(-1.,0.,0.));
#1906=DIRECTION('',(-1.,0.,0.));
#1907=DIRECTION('',(-1.,0.,0.));
#1908=DIRECTION('',(-1.,0.,0.));
#1909=DIRECTION('',(-1.,0.,0.));
#1910=DIRECTION('',(-1.,0.,0.));
#1911=DIRECTION('',(-1.,0.,0.));
#1912=DIRECTION('',(0.,0.,1.));
#1913=DIRECTION('',(-1.,0.,0.));
#1914=DIRECTION('center_axis',(1.,0.,0.));
#1915=DIRECTION('ref_axis',(0.,1.,0.));
#1916=DIRECTION('',(0.,1.,0.));
#1917=DIRECTION('',(0.,1.,0.));
#1918=DIRECTION('',(0.,0.,1.));
#1919=DIRECTION('center_axis',(1.28102656687518E-16,-1.,0.));
#1920=DIRECTION('ref_axis',(1.,1.28102656687518E-16,0.));
#1921=DIRECTION('',(1.,1.28102656687518E-16,0.));
#1922=DIRECTION('',(1.,1.28102656687518E-16,0.));
#1923=DIRECTION('',(1.,1.28102656687518E-16,0.));
#1924=DIRECTION('',(1.,1.28102656687518E-16,0.));
#1925=DIRECTION('',(1.,1.28102656687518E-16,0.));
#1926=DIRECTION('',(1.,1.28102656687518E-16,0.));
#1927=DIRECTION('',(1.,1.28102656687518E-16,0.));
#1928=DIRECTION('center_axis',(0.,0.,1.));
#1929=DIRECTION('ref_axis',(1.,0.,0.));
#1930=DIRECTION('center_axis',(0.,0.,1.));
#1931=DIRECTION('ref_axis',(1.,0.,0.));
#1932=CARTESIAN_POINT('',(0.,0.,0.));
#1933=CARTESIAN_POINT('Origin',(7.99284294234592,-2.64493050999974,0.4));
#1934=CARTESIAN_POINT('',(7.99284294234592,-3.14493050999974,0.4));
#1935=CARTESIAN_POINT('',(7.99284294234592,-2.14493050999974,0.4));
#1936=CARTESIAN_POINT('Origin',(7.99284294234592,-2.64493050999974,0.4));
#1937=CARTESIAN_POINT('',(7.99284294234592,-2.14493050999974,0.));
#1938=CARTESIAN_POINT('',(7.99284294234592,-2.14493050999974,0.4));
#1939=CARTESIAN_POINT('',(7.99284294234592,-3.14493050999974,0.));
#1940=CARTESIAN_POINT('Origin',(7.99284294234592,-2.64493050999974,0.));
#1941=CARTESIAN_POINT('',(7.99284294234592,-3.14493050999974,0.4));
#1942=CARTESIAN_POINT('Origin',(4.49284294234592,-2.14493050999974,0.4));
#1943=CARTESIAN_POINT('',(4.99284294234592,-2.14493050999974,0.4));
#1944=CARTESIAN_POINT('',(2.44284294234592,-2.14493050999974,0.4));
#1945=CARTESIAN_POINT('',(4.99284294234592,-2.14493050999974,0.));
#1946=CARTESIAN_POINT('',(4.99284294234592,-2.14493050999974,0.4));
#1947=CARTESIAN_POINT('',(2.44284294234592,-2.14493050999974,0.));
#1948=CARTESIAN_POINT('Origin',(8.49284294234592,-3.14493050999974,0.4));
#1949=CARTESIAN_POINT('',(4.99284294234592,-3.14493050999974,0.));
#1950=CARTESIAN_POINT('',(4.44284294234592,-3.14493050999974,0.));
#1951=CARTESIAN_POINT('',(4.99284294234592,-3.14493050999974,0.4));
#1952=CARTESIAN_POINT('',(4.99284294234592,-3.14493050999974,0.4));
#1953=CARTESIAN_POINT('',(4.44284294234592,-3.14493050999974,0.4));
#1954=CARTESIAN_POINT('Origin',(4.99284294234592,-2.64493050999974,0.4));
#1955=CARTESIAN_POINT('Origin',(4.99284294234592,-2.64493050999974,0.4));
#1956=CARTESIAN_POINT('Origin',(4.99284294234592,-2.64493050999974,0.));
#1957=CARTESIAN_POINT('Origin',(1.99284294234592,-2.64493050999974,0.4));
#1958=CARTESIAN_POINT('',(1.99284294234592,-3.14493050999974,0.4));
#1959=CARTESIAN_POINT('',(1.99284294234592,-2.14493050999974,0.4));
#1960=CARTESIAN_POINT('Origin',(1.99284294234592,-2.64493050999974,0.4));
#1961=CARTESIAN_POINT('',(1.99284294234592,-2.14493050999974,0.));
#1962=CARTESIAN_POINT('',(1.99284294234592,-2.14493050999974,0.4));
#1963=CARTESIAN_POINT('',(1.99284294234592,-3.14493050999974,0.));
#1964=CARTESIAN_POINT('Origin',(1.99284294234592,-2.64493050999974,0.));
#1965=CARTESIAN_POINT('',(1.99284294234592,-3.14493050999974,0.4));
#1966=CARTESIAN_POINT('Origin',(-1.50715705765408,-2.14493050999973,0.4));
#1967=CARTESIAN_POINT('',(-1.00715705765407,-2.14493050999973,0.4));
#1968=CARTESIAN_POINT('',(-0.557157057654076,-2.14493050999974,0.4));
#1969=CARTESIAN_POINT('',(-1.00715705765407,-2.14493050999973,0.));
#1970=CARTESIAN_POINT('',(-1.00715705765407,-2.14493050999974,0.4));
#1971=CARTESIAN_POINT('',(-0.557157057654076,-2.14493050999974,0.));
#1972=CARTESIAN_POINT('Origin',(2.49284294234592,-3.14493050999974,0.4));
#1973=CARTESIAN_POINT('',(-1.00715705765407,-3.14493050999974,0.));
#1974=CARTESIAN_POINT('',(1.44284294234593,-3.14493050999974,0.));
#1975=CARTESIAN_POINT('',(-1.00715705765408,-3.14493050999974,0.4));
#1976=CARTESIAN_POINT('',(-1.00715705765408,-3.14493050999974,0.4));
#1977=CARTESIAN_POINT('',(1.44284294234593,-3.14493050999974,0.4));
#1978=CARTESIAN_POINT('Origin',(-1.00715705765408,-2.64493050999973,0.4));
#1979=CARTESIAN_POINT('Origin',(-1.00715705765408,-2.64493050999973,0.4));
#1980=CARTESIAN_POINT('Origin',(-1.00715705765408,-2.64493050999974,0.));
#1981=CARTESIAN_POINT('Origin',(-7.50715705765407,-2.14493050999973,0.4));
#1982=CARTESIAN_POINT('',(-4.00715705765407,-2.14493050999974,0.4));
#1983=CARTESIAN_POINT('',(-4.00715705765407,-2.14493050999974,0.));
#1984=CARTESIAN_POINT('',(-4.00715705765407,-2.14493050999974,0.4));
#1985=CARTESIAN_POINT('',(-7.00715705765407,-2.14493050999973,0.4));
#1986=CARTESIAN_POINT('',(-3.55715705765407,-2.14493050999974,0.4));
#1987=CARTESIAN_POINT('',(-7.00715705765407,-2.14493050999973,0.));
#1988=CARTESIAN_POINT('',(-7.00715705765407,-2.14493050999973,0.4));
#1989=CARTESIAN_POINT('',(-3.55715705765408,-2.14493050999974,0.));
#1990=CARTESIAN_POINT('Origin',(-4.00715705765407,-2.64493050999974,0.4));
#1991=CARTESIAN_POINT('',(-4.00715705765407,-3.14493050999974,0.4));
#1992=CARTESIAN_POINT('Origin',(-4.00715705765407,-2.64493050999974,0.4));
#1993=CARTESIAN_POINT('',(-4.00715705765407,-3.14493050999974,0.));
#1994=CARTESIAN_POINT('Origin',(-4.00715705765407,-2.64493050999974,0.));
#1995=CARTESIAN_POINT('',(-4.00715705765407,-3.14493050999974,0.4));
#1996=CARTESIAN_POINT('Origin',(-3.50715705765407,-3.14493050999974,0.4));
#1997=CARTESIAN_POINT('',(-7.00715705765407,-3.14493050999974,0.));
#1998=CARTESIAN_POINT('',(-1.55715705765407,-3.14493050999974,0.));
#1999=CARTESIAN_POINT('',(-7.00715705765407,-3.14493050999974,0.4));
#2000=CARTESIAN_POINT('',(-7.00715705765407,-3.14493050999974,0.4));
#2001=CARTESIAN_POINT('',(-1.55715705765407,-3.14493050999974,0.4));
#2002=CARTESIAN_POINT('Origin',(-7.00715705765407,-2.64493050999973,0.4));
#2003=CARTESIAN_POINT('Origin',(-7.00715705765407,-2.64493050999973,0.4));
#2004=CARTESIAN_POINT('Origin',(-7.00715705765407,-2.64493050999974,0.));
#2005=CARTESIAN_POINT('Origin',(7.99284294234592,3.35506949000026,0.4));
#2006=CARTESIAN_POINT('',(7.99284294234592,2.85506949000026,0.4));
#2007=CARTESIAN_POINT('',(7.99284294234592,3.85506949000026,0.4));
#2008=CARTESIAN_POINT('Origin',(7.99284294234592,3.35506949000026,0.4));
#2009=CARTESIAN_POINT('',(7.99284294234592,3.85506949000026,0.));
#2010=CARTESIAN_POINT('',(7.99284294234592,3.85506949000026,0.4));
#2011=CARTESIAN_POINT('',(7.99284294234592,2.85506949000026,0.));
#2012=CARTESIAN_POINT('Origin',(7.99284294234592,3.35506949000026,0.));
#2013=CARTESIAN_POINT('',(7.99284294234592,2.85506949000026,0.4));
#2014=CARTESIAN_POINT('Origin',(4.49284294234592,3.85506949000026,0.4));
#2015=CARTESIAN_POINT('',(4.99284294234592,3.85506949000026,0.4));
#2016=CARTESIAN_POINT('',(2.44284294234592,3.85506949000026,0.4));
#2017=CARTESIAN_POINT('',(4.99284294234592,3.85506949000026,0.));
#2018=CARTESIAN_POINT('',(4.99284294234592,3.85506949000026,0.4));
#2019=CARTESIAN_POINT('',(2.44284294234592,3.85506949000026,0.));
#2020=CARTESIAN_POINT('Origin',(8.49284294234592,2.85506949000026,0.4));
#2021=CARTESIAN_POINT('',(4.99284294234592,2.85506949000026,0.));
#2022=CARTESIAN_POINT('',(4.44284294234592,2.85506949000026,0.));
#2023=CARTESIAN_POINT('',(4.99284294234592,2.85506949000026,0.4));
#2024=CARTESIAN_POINT('',(4.99284294234592,2.85506949000026,0.4));
#2025=CARTESIAN_POINT('',(4.44284294234592,2.85506949000026,0.4));
#2026=CARTESIAN_POINT('Origin',(4.99284294234592,3.35506949000026,0.4));
#2027=CARTESIAN_POINT('Origin',(4.99284294234592,3.35506949000026,0.4));
#2028=CARTESIAN_POINT('Origin',(4.99284294234592,3.35506949000026,0.));
#2029=CARTESIAN_POINT('Origin',(1.99284294234592,3.35506949000026,0.4));
#2030=CARTESIAN_POINT('',(1.99284294234592,2.85506949000026,0.4));
#2031=CARTESIAN_POINT('',(1.99284294234592,3.85506949000026,0.4));
#2032=CARTESIAN_POINT('Origin',(1.99284294234592,3.35506949000026,0.4));
#2033=CARTESIAN_POINT('',(1.99284294234592,3.85506949000026,0.));
#2034=CARTESIAN_POINT('',(1.99284294234592,3.85506949000026,0.4));
#2035=CARTESIAN_POINT('',(1.99284294234592,2.85506949000026,0.));
#2036=CARTESIAN_POINT('Origin',(1.99284294234592,3.35506949000026,0.));
#2037=CARTESIAN_POINT('',(1.99284294234592,2.85506949000026,0.4));
#2038=CARTESIAN_POINT('Origin',(-1.50715705765408,3.85506949000027,0.4));
#2039=CARTESIAN_POINT('',(-1.00715705765408,3.85506949000027,0.4));
#2040=CARTESIAN_POINT('',(-0.557157057654075,3.85506949000026,0.4));
#2041=CARTESIAN_POINT('',(-1.00715705765408,3.85506949000027,0.));
#2042=CARTESIAN_POINT('',(-1.00715705765408,3.85506949000026,0.4));
#2043=CARTESIAN_POINT('',(-0.557157057654075,3.85506949000026,0.));
#2044=CARTESIAN_POINT('Origin',(2.49284294234592,2.85506949000026,0.4));
#2045=CARTESIAN_POINT('',(-1.00715705765408,2.85506949000026,0.));
#2046=CARTESIAN_POINT('',(1.44284294234592,2.85506949000026,0.));
#2047=CARTESIAN_POINT('',(-1.00715705765408,2.85506949000026,0.4));
#2048=CARTESIAN_POINT('',(-1.00715705765408,2.85506949000026,0.4));
#2049=CARTESIAN_POINT('',(1.44284294234592,2.85506949000026,0.4));
#2050=CARTESIAN_POINT('Origin',(-1.00715705765408,3.35506949000027,0.4));
#2051=CARTESIAN_POINT('Origin',(-1.00715705765408,3.35506949000027,0.4));
#2052=CARTESIAN_POINT('Origin',(-1.00715705765408,3.35506949000026,0.));
#2053=CARTESIAN_POINT('Origin',(-7.50715705765408,3.85506949000027,0.4));
#2054=CARTESIAN_POINT('',(-4.00715705765408,3.85506949000026,0.4));
#2055=CARTESIAN_POINT('',(-4.00715705765408,3.85506949000026,0.));
#2056=CARTESIAN_POINT('',(-4.00715705765408,3.85506949000026,0.4));
#2057=CARTESIAN_POINT('',(-7.00715705765408,3.85506949000027,0.4));
#2058=CARTESIAN_POINT('',(-3.55715705765407,3.85506949000026,0.4));
#2059=CARTESIAN_POINT('',(-7.00715705765408,3.85506949000027,0.));
#2060=CARTESIAN_POINT('',(-7.00715705765408,3.85506949000027,0.4));
#2061=CARTESIAN_POINT('',(-3.55715705765407,3.85506949000026,0.));
#2062=CARTESIAN_POINT('Origin',(-4.00715705765408,3.35506949000026,0.4));
#2063=CARTESIAN_POINT('',(-4.00715705765408,2.85506949000026,0.4));
#2064=CARTESIAN_POINT('Origin',(-4.00715705765408,3.35506949000026,0.4));
#2065=CARTESIAN_POINT('',(-4.00715705765408,2.85506949000026,0.));
#2066=CARTESIAN_POINT('Origin',(-4.00715705765408,3.35506949000026,0.));
#2067=CARTESIAN_POINT('',(-4.00715705765408,2.85506949000026,0.4));
#2068=CARTESIAN_POINT('Origin',(-3.50715705765408,2.85506949000026,0.4));
#2069=CARTESIAN_POINT('',(-7.00715705765407,2.85506949000026,0.));
#2070=CARTESIAN_POINT('',(-1.55715705765408,2.85506949000026,0.));
#2071=CARTESIAN_POINT('',(-7.00715705765408,2.85506949000026,0.4));
#2072=CARTESIAN_POINT('',(-7.00715705765408,2.85506949000026,0.4));
#2073=CARTESIAN_POINT('',(-1.55715705765408,2.85506949000026,0.4));
#2074=CARTESIAN_POINT('Origin',(-7.00715705765408,3.35506949000027,0.4));
#2075=CARTESIAN_POINT('Origin',(-7.00715705765408,3.35506949000027,0.4));
#2076=CARTESIAN_POINT('Origin',(-7.00715705765408,3.35506949000026,0.));
#2077=CARTESIAN_POINT('Origin',(8.84284294234592,5.75506949000026,0.19));
#2078=CARTESIAN_POINT('',(8.84284294234592,5.75506949000026,0.19));
#2079=CARTESIAN_POINT('',(6.94284294234592,5.75506949000026,0.190000000000002));
#2080=CARTESIAN_POINT('',(8.84284294234592,5.75506949000026,0.19));
#2081=CARTESIAN_POINT('',(6.94284294234592,5.35506949000026,0.190000000000002));
#2082=CARTESIAN_POINT('',(6.94284294234592,5.75506949000026,0.190000000000002));
#2083=CARTESIAN_POINT('',(8.84284294234592,5.35506949000026,0.19));
#2084=CARTESIAN_POINT('',(9.81784294234592,5.35506949000026,0.189999999999999));
#2085=CARTESIAN_POINT('',(8.84284294234592,5.75506949000026,0.19));
#2086=CARTESIAN_POINT('Origin',(8.84284294234592,5.75506949000026,0.));
#2087=CARTESIAN_POINT('',(8.84284294234592,5.75506949000026,0.));
#2088=CARTESIAN_POINT('',(8.84284294234592,5.75506949000026,0.));
#2089=CARTESIAN_POINT('',(8.84284294234592,5.35506949000026,0.));
#2090=CARTESIAN_POINT('',(8.84284294234592,5.35506949000026,-2.27887884002006E-15));
#2091=CARTESIAN_POINT('',(8.84284294234592,5.75506949000026,0.));
#2092=CARTESIAN_POINT('Origin',(6.94284294234592,5.75506949000026,0.190000000000002));
#2093=CARTESIAN_POINT('',(6.94284294234592,5.75506949000026,-1.2490009027033E-15));
#2094=CARTESIAN_POINT('',(6.94284294234592,5.75506949000026,0.190000000000002));
#2095=CARTESIAN_POINT('',(6.94284294234592,5.35506949000026,-1.2490009027033E-15));
#2096=CARTESIAN_POINT('',(6.94284294234592,5.75506949000026,-1.2490009027033E-15));
#2097=CARTESIAN_POINT('',(6.94284294234592,5.35506949000026,0.0950000000000056));
#2098=CARTESIAN_POINT('Origin',(7.89284294234592,5.75506949000026,0.0950000000000005));
#2099=CARTESIAN_POINT('',(4.99284294234592,5.75506949000026,0.));
#2100=CARTESIAN_POINT('Origin',(5.09284294234592,5.75506949000026,0.19));
#2101=CARTESIAN_POINT('',(5.09284294234592,5.75506949000026,0.19));
#2102=CARTESIAN_POINT('',(3.19284294234592,5.75506949000026,0.190000000000002));
#2103=CARTESIAN_POINT('',(5.09284294234592,5.75506949000026,0.19));
#2104=CARTESIAN_POINT('',(3.19284294234592,5.35506949000026,0.190000000000002));
#2105=CARTESIAN_POINT('',(3.19284294234592,5.75506949000026,0.190000000000002));
#2106=CARTESIAN_POINT('',(5.09284294234592,5.35506949000026,0.19));
#2107=CARTESIAN_POINT('',(7.94284294234592,5.35506949000026,0.189999999999997));
#2108=CARTESIAN_POINT('',(5.09284294234592,5.75506949000026,0.19));
#2109=CARTESIAN_POINT('Origin',(5.09284294234592,5.75506949000026,0.));
#2110=CARTESIAN_POINT('',(5.09284294234592,5.75506949000026,0.));
#2111=CARTESIAN_POINT('',(5.09284294234592,5.75506949000026,0.));
#2112=CARTESIAN_POINT('',(5.09284294234592,5.35506949000026,0.));
#2113=CARTESIAN_POINT('',(5.09284294234592,5.35506949000026,-6.66133814775094E-15));
#2114=CARTESIAN_POINT('',(5.09284294234592,5.75506949000026,0.));
#2115=CARTESIAN_POINT('Origin',(3.19284294234592,5.75506949000026,0.190000000000002));
#2116=CARTESIAN_POINT('',(3.19284294234592,5.75506949000026,-1.2490009027033E-15));
#2117=CARTESIAN_POINT('',(3.19284294234592,5.75506949000026,0.190000000000002));
#2118=CARTESIAN_POINT('',(3.19284294234592,5.35506949000026,-1.2490009027033E-15));
#2119=CARTESIAN_POINT('',(3.19284294234592,5.75506949000026,-1.2490009027033E-15));
#2120=CARTESIAN_POINT('',(3.19284294234592,5.35506949000026,0.09500000000001));
#2121=CARTESIAN_POINT('Origin',(4.14284294234592,5.75506949000026,0.0950000000000005));
#2122=CARTESIAN_POINT('',(1.24284294234592,5.75506949000026,0.));
#2123=CARTESIAN_POINT('Origin',(1.34284294234592,5.75506949000026,0.19));
#2124=CARTESIAN_POINT('',(1.34284294234592,5.75506949000026,0.19));
#2125=CARTESIAN_POINT('',(-0.557157057654076,5.75506949000026,0.190000000000002));
#2126=CARTESIAN_POINT('',(1.34284294234592,5.75506949000026,0.19));
#2127=CARTESIAN_POINT('',(-0.557157057654076,5.35506949000026,0.190000000000002));
#2128=CARTESIAN_POINT('',(-0.557157057654076,5.75506949000026,0.190000000000002));
#2129=CARTESIAN_POINT('',(1.34284294234592,5.35506949000026,0.19));
#2130=CARTESIAN_POINT('',(6.06784294234592,5.35506949000026,0.189999999999995));
#2131=CARTESIAN_POINT('',(1.34284294234592,5.75506949000026,0.19));
#2132=CARTESIAN_POINT('Origin',(1.34284294234592,5.75506949000026,0.));
#2133=CARTESIAN_POINT('',(1.34284294234592,5.75506949000026,0.));
#2134=CARTESIAN_POINT('',(1.34284294234592,5.75506949000026,0.));
#2135=CARTESIAN_POINT('',(1.34284294234592,5.35506949000026,0.));
#2136=CARTESIAN_POINT('',(1.34284294234592,5.35506949000026,-1.10437974554818E-14));
#2137=CARTESIAN_POINT('',(1.34284294234592,5.75506949000026,0.));
#2138=CARTESIAN_POINT('Origin',(-0.557157057654076,5.75506949000026,0.190000000000002));
#2139=CARTESIAN_POINT('',(-0.557157057654078,5.75506949000026,-1.2490009027033E-15));
#2140=CARTESIAN_POINT('',(-0.557157057654076,5.75506949000026,0.190000000000002));
#2141=CARTESIAN_POINT('',(-0.557157057654078,5.35506949000026,-1.2490009027033E-15));
#2142=CARTESIAN_POINT('',(-0.557157057654078,5.75506949000026,-1.2490009027033E-15));
#2143=CARTESIAN_POINT('',(-0.557157057654075,5.35506949000026,0.0950000000000144));
#2144=CARTESIAN_POINT('Origin',(0.392842942345922,5.75506949000026,0.0950000000000005));
#2145=CARTESIAN_POINT('',(-2.50715705765408,5.75506949000026,0.));
#2146=CARTESIAN_POINT('Origin',(-2.40715705765408,5.75506949000026,0.19));
#2147=CARTESIAN_POINT('',(-2.40715705765408,5.75506949000026,0.19));
#2148=CARTESIAN_POINT('',(-4.30715705765408,5.75506949000026,0.190000000000002));
#2149=CARTESIAN_POINT('',(-2.40715705765408,5.75506949000026,0.19));
#2150=CARTESIAN_POINT('',(-4.30715705765408,5.35506949000026,0.190000000000002));
#2151=CARTESIAN_POINT('',(-4.30715705765408,5.75506949000026,0.190000000000002));
#2152=CARTESIAN_POINT('',(-2.40715705765408,5.35506949000026,0.19));
#2153=CARTESIAN_POINT('',(4.19284294234592,5.35506949000026,0.189999999999993));
#2154=CARTESIAN_POINT('',(-2.40715705765408,5.75506949000026,0.19));
#2155=CARTESIAN_POINT('Origin',(-2.40715705765408,5.75506949000026,0.));
#2156=CARTESIAN_POINT('',(-2.40715705765408,5.75506949000026,0.));
#2157=CARTESIAN_POINT('',(-2.40715705765408,5.75506949000026,0.));
#2158=CARTESIAN_POINT('',(-2.40715705765408,5.35506949000026,0.));
#2159=CARTESIAN_POINT('',(-2.40715705765408,5.35506949000026,-1.54262567632127E-14));
#2160=CARTESIAN_POINT('',(-2.40715705765408,5.75506949000026,0.));
#2161=CARTESIAN_POINT('Origin',(-4.30715705765408,5.75506949000026,0.190000000000002));
#2162=CARTESIAN_POINT('',(-4.30715705765408,5.75506949000026,-1.2490009027033E-15));
#2163=CARTESIAN_POINT('',(-4.30715705765408,5.75506949000026,0.190000000000002));
#2164=CARTESIAN_POINT('',(-4.30715705765408,5.35506949000026,-1.2490009027033E-15));
#2165=CARTESIAN_POINT('',(-4.30715705765408,5.75506949000026,-1.2490009027033E-15));
#2166=CARTESIAN_POINT('',(-4.30715705765408,5.35506949000026,0.0950000000000188));
#2167=CARTESIAN_POINT('Origin',(-3.35715705765408,5.75506949000026,0.0950000000000005));
#2168=CARTESIAN_POINT('',(-6.25715705765408,5.75506949000026,0.));
#2169=CARTESIAN_POINT('Origin',(-6.15715705765408,5.75506949000026,0.19));
#2170=CARTESIAN_POINT('',(-6.15715705765408,5.75506949000026,0.19));
#2171=CARTESIAN_POINT('',(-8.05715705765408,5.75506949000026,0.190000000000002));
#2172=CARTESIAN_POINT('',(-6.15715705765408,5.75506949000026,0.19));
#2173=CARTESIAN_POINT('',(-8.05715705765408,5.35506949000026,0.190000000000002));
#2174=CARTESIAN_POINT('',(-8.05715705765408,5.75506949000026,0.190000000000002));
#2175=CARTESIAN_POINT('',(-6.15715705765408,5.35506949000026,0.19));
#2176=CARTESIAN_POINT('',(2.31784294234592,5.35506949000026,0.18999999999999));
#2177=CARTESIAN_POINT('',(-6.15715705765408,5.75506949000026,0.19));
#2178=CARTESIAN_POINT('Origin',(-6.15715705765408,5.75506949000026,0.));
#2179=CARTESIAN_POINT('',(-6.15715705765408,5.75506949000026,0.));
#2180=CARTESIAN_POINT('',(-6.15715705765408,5.75506949000026,0.));
#2181=CARTESIAN_POINT('',(-6.15715705765408,5.35506949000026,0.));
#2182=CARTESIAN_POINT('',(-6.15715705765408,5.35506949000026,-1.98087160709436E-14));
#2183=CARTESIAN_POINT('',(-6.15715705765408,5.75506949000026,0.));
#2184=CARTESIAN_POINT('Origin',(-8.05715705765408,5.75506949000026,0.190000000000002));
#2185=CARTESIAN_POINT('',(-8.05715705765408,5.75506949000026,-1.2490009027033E-15));
#2186=CARTESIAN_POINT('',(-8.05715705765408,5.75506949000026,0.190000000000002));
#2187=CARTESIAN_POINT('',(-8.05715705765408,5.35506949000026,-1.2490009027033E-15));
#2188=CARTESIAN_POINT('',(-8.05715705765408,5.75506949000026,-1.2490009027033E-15));
#2189=CARTESIAN_POINT('',(-8.05715705765408,5.35506949000026,0.0950000000000231));
#2190=CARTESIAN_POINT('Origin',(-7.10715705765408,5.75506949000026,0.0950000000000005));
#2191=CARTESIAN_POINT('',(-10.0071570576541,5.75506949000026,0.));
#2192=CARTESIAN_POINT('Origin',(8.84284294234592,-4.64493050999974,0.19));
#2193=CARTESIAN_POINT('',(6.94284294234593,-4.64493050999974,0.190000000000002));
#2194=CARTESIAN_POINT('',(8.84284294234592,-4.64493050999974,0.19));
#2195=CARTESIAN_POINT('',(-0.582157057654074,-4.64493050999974,0.190000000000011));
#2196=CARTESIAN_POINT('',(6.94284294234593,-5.04493050999974,0.190000000000002));
#2197=CARTESIAN_POINT('',(6.94284294234593,-4.64493050999974,0.190000000000002));
#2198=CARTESIAN_POINT('',(8.84284294234592,-5.04493050999974,0.19));
#2199=CARTESIAN_POINT('',(8.84284294234592,-5.04493050999974,0.19));
#2200=CARTESIAN_POINT('',(8.84284294234592,-4.64493050999974,0.19));
#2201=CARTESIAN_POINT('Origin',(8.84284294234592,-4.64493050999974,0.));
#2202=CARTESIAN_POINT('',(8.84284294234592,-4.64493050999974,0.));
#2203=CARTESIAN_POINT('',(8.84284294234592,-4.64493050999974,2.20291621201939E-14));
#2204=CARTESIAN_POINT('',(8.84284294234592,-5.04493050999974,0.));
#2205=CARTESIAN_POINT('',(8.84284294234592,-5.04493050999974,0.));
#2206=CARTESIAN_POINT('',(8.84284294234592,-4.64493050999974,0.));
#2207=CARTESIAN_POINT('Origin',(6.94284294234593,-4.64493050999974,0.190000000000002));
#2208=CARTESIAN_POINT('',(6.94284294234592,-4.64493050999974,-1.2490009027033E-15));
#2209=CARTESIAN_POINT('',(6.94284294234593,-4.64493050999974,0.0949999999999813));
#2210=CARTESIAN_POINT('',(6.94284294234592,-5.04493050999974,-1.2490009027033E-15));
#2211=CARTESIAN_POINT('',(6.94284294234592,-4.64493050999974,-1.2490009027033E-15));
#2212=CARTESIAN_POINT('',(6.94284294234593,-5.04493050999974,0.190000000000002));
#2213=CARTESIAN_POINT('Origin',(7.89284294234592,-5.04493050999974,0.0950000000000005));
#2214=CARTESIAN_POINT('',(4.99284294234593,-5.04493050999974,0.));
#2215=CARTESIAN_POINT('Origin',(5.09284294234592,-4.64493050999974,0.19));
#2216=CARTESIAN_POINT('',(3.19284294234593,-4.64493050999974,0.190000000000002));
#2217=CARTESIAN_POINT('',(5.09284294234592,-4.64493050999974,0.19));
#2218=CARTESIAN_POINT('',(-2.45715705765407,-4.64493050999974,0.190000000000009));
#2219=CARTESIAN_POINT('',(3.19284294234593,-5.04493050999974,0.190000000000002));
#2220=CARTESIAN_POINT('',(3.19284294234593,-4.64493050999974,0.190000000000002));
#2221=CARTESIAN_POINT('',(5.09284294234592,-5.04493050999974,0.19));
#2222=CARTESIAN_POINT('',(5.09284294234592,-5.04493050999974,0.19));
#2223=CARTESIAN_POINT('',(5.09284294234592,-4.64493050999974,0.19));
#2224=CARTESIAN_POINT('Origin',(5.09284294234592,-4.64493050999974,0.));
#2225=CARTESIAN_POINT('',(5.09284294234592,-4.64493050999974,0.));
#2226=CARTESIAN_POINT('',(5.09284294234592,-4.64493050999974,1.7646702812463E-14));
#2227=CARTESIAN_POINT('',(5.09284294234592,-5.04493050999974,0.));
#2228=CARTESIAN_POINT('',(5.09284294234592,-5.04493050999974,0.));
#2229=CARTESIAN_POINT('',(5.09284294234592,-4.64493050999974,0.));
#2230=CARTESIAN_POINT('Origin',(3.19284294234593,-4.64493050999974,0.190000000000002));
#2231=CARTESIAN_POINT('',(3.19284294234592,-4.64493050999974,-1.2490009027033E-15));
#2232=CARTESIAN_POINT('',(3.19284294234593,-4.64493050999974,0.0949999999999857));
#2233=CARTESIAN_POINT('',(3.19284294234592,-5.04493050999974,-1.2490009027033E-15));
#2234=CARTESIAN_POINT('',(3.19284294234592,-4.64493050999974,-1.2490009027033E-15));
#2235=CARTESIAN_POINT('',(3.19284294234593,-5.04493050999974,0.190000000000002));
#2236=CARTESIAN_POINT('Origin',(4.14284294234592,-5.04493050999974,0.0950000000000005));
#2237=CARTESIAN_POINT('',(1.24284294234592,-5.04493050999974,0.));
#2238=CARTESIAN_POINT('Origin',(1.34284294234593,-4.64493050999974,0.19));
#2239=CARTESIAN_POINT('',(-0.557157057654072,-4.64493050999974,0.190000000000002));
#2240=CARTESIAN_POINT('',(1.34284294234593,-4.64493050999974,0.19));
#2241=CARTESIAN_POINT('',(-4.33215705765407,-4.64493050999974,0.190000000000006));
#2242=CARTESIAN_POINT('',(-0.557157057654072,-5.04493050999974,0.190000000000002));
#2243=CARTESIAN_POINT('',(-0.557157057654072,-4.64493050999974,0.190000000000002));
#2244=CARTESIAN_POINT('',(1.34284294234593,-5.04493050999974,0.19));
#2245=CARTESIAN_POINT('',(1.34284294234593,-5.04493050999974,0.19));
#2246=CARTESIAN_POINT('',(1.34284294234593,-4.64493050999974,0.19));
#2247=CARTESIAN_POINT('Origin',(1.34284294234593,-4.64493050999974,0.));
#2248=CARTESIAN_POINT('',(1.34284294234593,-4.64493050999974,0.));
#2249=CARTESIAN_POINT('',(1.34284294234592,-4.64493050999974,1.32642435047321E-14));
#2250=CARTESIAN_POINT('',(1.34284294234593,-5.04493050999974,0.));
#2251=CARTESIAN_POINT('',(1.34284294234593,-5.04493050999974,0.));
#2252=CARTESIAN_POINT('',(1.34284294234593,-4.64493050999974,0.));
#2253=CARTESIAN_POINT('Origin',(-0.557157057654072,-4.64493050999974,0.190000000000002));
#2254=CARTESIAN_POINT('',(-0.557157057654074,-4.64493050999974,-1.2490009027033E-15));
#2255=CARTESIAN_POINT('',(-0.557157057654072,-4.64493050999974,0.0949999999999901));
#2256=CARTESIAN_POINT('',(-0.557157057654074,-5.04493050999974,-1.2490009027033E-15));
#2257=CARTESIAN_POINT('',(-0.557157057654074,-4.64493050999974,-1.2490009027033E-15));
#2258=CARTESIAN_POINT('',(-0.557157057654072,-5.04493050999974,0.190000000000002));
#2259=CARTESIAN_POINT('Origin',(0.392842942345926,-5.04493050999974,0.0950000000000005));
#2260=CARTESIAN_POINT('',(-2.50715705765407,-5.04493050999974,0.));
#2261=CARTESIAN_POINT('Origin',(-2.40715705765407,-4.64493050999974,0.19));
#2262=CARTESIAN_POINT('',(-4.30715705765407,-4.64493050999974,0.190000000000002));
#2263=CARTESIAN_POINT('',(-2.40715705765407,-4.64493050999974,0.19));
#2264=CARTESIAN_POINT('',(-6.20715705765407,-4.64493050999974,0.190000000000004));
#2265=CARTESIAN_POINT('',(-4.30715705765407,-5.04493050999974,0.190000000000002));
#2266=CARTESIAN_POINT('',(-4.30715705765407,-4.64493050999974,0.190000000000002));
#2267=CARTESIAN_POINT('',(-2.40715705765407,-5.04493050999974,0.19));
#2268=CARTESIAN_POINT('',(-2.40715705765407,-5.04493050999974,0.19));
#2269=CARTESIAN_POINT('',(-2.40715705765407,-4.64493050999974,0.19));
#2270=CARTESIAN_POINT('Origin',(-2.40715705765407,-4.64493050999974,0.));
#2271=CARTESIAN_POINT('',(-2.40715705765407,-4.64493050999974,0.));
#2272=CARTESIAN_POINT('',(-2.40715705765407,-4.64493050999974,8.88178419700125E-15));
#2273=CARTESIAN_POINT('',(-2.40715705765407,-5.04493050999974,0.));
#2274=CARTESIAN_POINT('',(-2.40715705765407,-5.04493050999974,0.));
#2275=CARTESIAN_POINT('',(-2.40715705765407,-4.64493050999974,0.));
#2276=CARTESIAN_POINT('Origin',(-4.30715705765407,-4.64493050999974,0.190000000000002));
#2277=CARTESIAN_POINT('',(-4.30715705765407,-4.64493050999974,-1.2490009027033E-15));
#2278=CARTESIAN_POINT('',(-4.30715705765407,-4.64493050999974,0.0949999999999944));
#2279=CARTESIAN_POINT('',(-4.30715705765407,-5.04493050999974,-1.2490009027033E-15));
#2280=CARTESIAN_POINT('',(-4.30715705765407,-4.64493050999974,-1.2490009027033E-15));
#2281=CARTESIAN_POINT('',(-4.30715705765407,-5.04493050999974,0.190000000000002));
#2282=CARTESIAN_POINT('Origin',(-3.35715705765407,-5.04493050999974,0.0950000000000005));
#2283=CARTESIAN_POINT('',(-6.25715705765407,-5.04493050999974,0.));
#2284=CARTESIAN_POINT('Origin',(-6.15715705765407,-4.64493050999974,0.19));
#2285=CARTESIAN_POINT('',(-8.05715705765407,-4.64493050999974,0.190000000000002));
#2286=CARTESIAN_POINT('',(-6.15715705765407,-4.64493050999974,0.19));
#2287=CARTESIAN_POINT('',(-8.08215705765407,-4.64493050999974,0.190000000000002));
#2288=CARTESIAN_POINT('',(-8.05715705765407,-5.04493050999974,0.190000000000002));
#2289=CARTESIAN_POINT('',(-8.05715705765407,-4.64493050999974,0.190000000000002));
#2290=CARTESIAN_POINT('',(-6.15715705765407,-5.04493050999974,0.19));
#2291=CARTESIAN_POINT('',(-6.15715705765407,-5.04493050999974,0.19));
#2292=CARTESIAN_POINT('',(-6.15715705765407,-4.64493050999974,0.19));
#2293=CARTESIAN_POINT('Origin',(-6.15715705765407,-4.64493050999974,0.));
#2294=CARTESIAN_POINT('',(-6.15715705765407,-4.64493050999974,0.));
#2295=CARTESIAN_POINT('',(-6.15715705765407,-4.64493050999974,4.49932488927037E-15));
#2296=CARTESIAN_POINT('',(-6.15715705765407,-5.04493050999974,0.));
#2297=CARTESIAN_POINT('',(-6.15715705765407,-5.04493050999974,0.));
#2298=CARTESIAN_POINT('',(-6.15715705765407,-4.64493050999974,0.));
#2299=CARTESIAN_POINT('Origin',(-8.05715705765407,-4.64493050999974,0.190000000000002));
#2300=CARTESIAN_POINT('',(-8.05715705765407,-4.64493050999974,-1.2490009027033E-15));
#2301=CARTESIAN_POINT('',(-8.05715705765407,-4.64493050999974,0.0949999999999988));
#2302=CARTESIAN_POINT('',(-8.05715705765407,-5.04493050999974,-1.2490009027033E-15));
#2303=CARTESIAN_POINT('',(-8.05715705765407,-4.64493050999974,-1.2490009027033E-15));
#2304=CARTESIAN_POINT('',(-8.05715705765407,-5.04493050999974,0.190000000000002));
#2305=CARTESIAN_POINT('Origin',(-7.10715705765407,-5.04493050999974,0.0950000000000005));
#2306=CARTESIAN_POINT('',(-10.0071570576541,-5.04493050999974,0.));
#2307=CARTESIAN_POINT('Origin',(-10.0071570576541,5.35506949000026,0.));
#2308=CARTESIAN_POINT('',(-10.0071570576541,5.35506949000026,0.));
#2309=CARTESIAN_POINT('',(-10.0071570576541,-4.64493050999974,0.));
#2310=CARTESIAN_POINT('',(-10.0071570576541,5.35506949000026,0.));
#2311=CARTESIAN_POINT('',(-10.0071570576541,-4.64493050999974,0.4));
#2312=CARTESIAN_POINT('',(-10.0071570576541,-4.64493050999974,0.));
#2313=CARTESIAN_POINT('',(-10.0071570576541,5.35506949000026,0.4));
#2314=CARTESIAN_POINT('',(-10.0071570576541,5.35506949000026,0.4));
#2315=CARTESIAN_POINT('',(-10.0071570576541,5.35506949000026,0.));
#2316=CARTESIAN_POINT('Origin',(10.7928429423459,5.35506949000026,0.));
#2317=CARTESIAN_POINT('',(10.7928429423459,5.35506949000026,0.));
#2318=CARTESIAN_POINT('',(10.7928429423459,5.35506949000026,0.));
#2319=CARTESIAN_POINT('',(10.7928429423459,5.35506949000026,0.));
#2320=CARTESIAN_POINT('',(10.7928429423459,5.35506949000026,0.));
#2321=CARTESIAN_POINT('',(10.7928429423459,5.35506949000026,0.));
#2322=CARTESIAN_POINT('',(10.7928429423459,5.35506949000026,0.4));
#2323=CARTESIAN_POINT('',(10.7928429423459,5.35506949000026,0.4));
#2324=CARTESIAN_POINT('',(10.7928429423459,5.35506949000026,0.));
#2325=CARTESIAN_POINT('',(10.7928429423459,5.35506949000026,0.));
#2326=CARTESIAN_POINT('',(10.7928429423459,5.35506949000026,0.));
#2327=CARTESIAN_POINT('Origin',(10.7928429423459,-4.64493050999974,0.));
#2328=CARTESIAN_POINT('',(10.7928429423459,-4.64493050999974,0.));
#2329=CARTESIAN_POINT('',(10.7928429423459,-4.64493050999974,0.));
#2330=CARTESIAN_POINT('',(10.7928429423459,-4.64493050999974,0.4));
#2331=CARTESIAN_POINT('',(10.7928429423459,-4.64493050999974,0.4));
#2332=CARTESIAN_POINT('',(10.7928429423459,-4.64493050999974,0.));
#2333=CARTESIAN_POINT('Origin',(-10.0071570576541,-4.64493050999974,0.));
#2334=CARTESIAN_POINT('',(-10.0071570576541,-4.64493050999974,0.));
#2335=CARTESIAN_POINT('',(-10.0071570576541,-4.64493050999974,0.4));
#2336=CARTESIAN_POINT('',(-10.0071570576541,-4.64493050999974,0.));
#2337=CARTESIAN_POINT('',(-10.0071570576541,-4.64493050999974,0.));
#2338=CARTESIAN_POINT('',(-10.0071570576541,-4.64493050999974,0.));
#2339=CARTESIAN_POINT('',(-10.0071570576541,-4.64493050999974,0.));
#2340=CARTESIAN_POINT('',(-10.0071570576541,-4.64493050999974,0.));
#2341=CARTESIAN_POINT('Origin',(0.392842942345926,0.355069490000262,0.4));
#2342=CARTESIAN_POINT('Origin',(0.392842942345925,0.355069490000262,0.));
#2343=UNCERTAINTY_MEASURE_WITH_UNIT(LENGTH_MEASURE(0.001),#2347,
'DISTANCE_ACCURACY_VALUE',
'Maximum model space distance between geometric entities at asserted c
onnectivities');
#2344=UNCERTAINTY_MEASURE_WITH_UNIT(LENGTH_MEASURE(0.001),#2347,
'DISTANCE_ACCURACY_VALUE',
'Maximum model space distance between geometric entities at asserted c
onnectivities');
#2345=(
GEOMETRIC_REPRESENTATION_CONTEXT(3)
GLOBAL_UNCERTAINTY_ASSIGNED_CONTEXT((#2343))
GLOBAL_UNIT_ASSIGNED_CONTEXT((#2347,#2348,#2349))
REPRESENTATION_CONTEXT('','3D')
);
#2346=(
GEOMETRIC_REPRESENTATION_CONTEXT(3)
GLOBAL_UNCERTAINTY_ASSIGNED_CONTEXT((#2344))
GLOBAL_UNIT_ASSIGNED_CONTEXT((#2347,#2348,#2349))
REPRESENTATION_CONTEXT('','3D')
);
#2347=(
LENGTH_UNIT()
NAMED_UNIT(*)
SI_UNIT(.CENTI.,.METRE.)
);
#2348=(
NAMED_UNIT(*)
PLANE_ANGLE_UNIT()
SI_UNIT($,.RADIAN.)
);
#2349=(
NAMED_UNIT(*)
SI_UNIT($,.STERADIAN.)
SOLID_ANGLE_UNIT()
);
#2350=SHAPE_DEFINITION_REPRESENTATION(#2351,#2352);
#2351=PRODUCT_DEFINITION_SHAPE('',$,#2354);
#2352=SHAPE_REPRESENTATION('',(#1467),#2345);
#2353=PRODUCT_DEFINITION_CONTEXT('part definition',#2358,'design');
#2354=PRODUCT_DEFINITION('Enclosure_2','Enclosure_2',#2355,#2353);
#2355=PRODUCT_DEFINITION_FORMATION('',$,#2360);
#2356=PRODUCT_RELATED_PRODUCT_CATEGORY('Enclosure_2','Enclosure_2',(#2360));
#2357=APPLICATION_PROTOCOL_DEFINITION('international standard',
'automotive_design',2009,#2358);
#2358=APPLICATION_CONTEXT(
'Core Data for Automotive Mechanical Design Process');
#2359=PRODUCT_CONTEXT('part definition',#2358,'mechanical');
#2360=PRODUCT('Enclosure_2','Enclosure_2',$,(#2359));
#2361=PRESENTATION_STYLE_ASSIGNMENT((#2362));
#2362=SURFACE_STYLE_USAGE(.BOTH.,#2365);
#2363=SURFACE_STYLE_RENDERING_WITH_PROPERTIES($,#2369,(#2364));
#2364=SURFACE_STYLE_TRANSPARENT(0.);
#2365=SURFACE_SIDE_STYLE('',(#2366,#2363));
#2366=SURFACE_STYLE_FILL_AREA(#2367);
#2367=FILL_AREA_STYLE('',(#2368));
#2368=FILL_AREA_STYLE_COLOUR('',#2369);
#2369=COLOUR_RGB('',0.749019607843137,0.749019607843137,0.749019607843137);
ENDSEC;
END-ISO-10303-21;
